model,model_window_position,base_count,mean_bpb
evo21,1,17,1.9620416304644417
evo21,2,17,1.7964388693080229
evo21,3,17,2.018419258734759
evo21,4,17,1.9571455015855677
evo21,5,17,1.9399347375420963
evo21,6,17,2.014508794335758
evo21,7,17,1.9583570466322058
evo21,8,17,1.9293098519830143
evo21,9,17,2.0901321593452904
evo21,10,17,1.9527998531565947
evo21,11,17,1.9615193254807417
evo21,12,17,2.109245826216305
evo21,13,17,2.1181776453466976
evo21,14,17,1.8655870942508472
evo21,15,17,1.7534790775355171
evo21,16,17,1.6592901550671633
evo21,17,17,1.7410740764702068
evo21,18,17,1.8943890999345219
evo21,19,17,1.8917350698919857
evo21,20,17,1.9708942876142614
evo21,21,17,1.7193253320806168
evo21,22,17,1.7999878455610836
evo21,23,17,1.8534803953679169
evo21,24,17,1.8304312689339413
evo21,25,17,1.8607846940867603
evo21,26,17,1.7209048128193791
evo21,27,17,1.7086235632133835
evo21,28,17,1.920502776389613
evo21,29,17,1.867994257440681
evo21,30,17,1.7216156254905988
evo21,31,17,1.8181870998266865
evo21,32,17,1.7276063776191544
evo21,33,17,1.9220809655483155
evo21,34,17,2.0426779377329
evo21,35,17,1.781153009601814
evo21,36,17,1.8423470335409922
evo21,37,17,1.8231645517379922
evo21,38,17,1.5661098748472904
evo21,39,17,1.6095824380103938
evo21,40,17,2.0090682747609474
evo21,41,17,1.805159527781036
evo21,42,17,1.6842515555155628
evo21,43,17,1.6325496378190376
evo21,44,17,1.8411077759502565
evo21,45,17,1.7181423979756587
evo21,46,17,1.6646275901619125
evo21,47,17,1.6191147503525238
evo21,48,17,1.676667951636345
evo21,49,17,1.7407741050975507
evo21,50,17,1.4187110072166167
evo21,51,17,1.444468990995494
evo21,52,17,1.7368762730620801
evo21,53,17,1.6716868520632167
evo21,54,17,1.9870697884984754
evo21,55,17,1.363911835319253
evo21,56,17,1.7853955236427925
evo21,57,17,1.5603585817358072
evo21,58,17,1.6987565069678514
evo21,59,17,1.4054268872474922
evo21,60,17,1.5660726494868011
evo21,61,17,1.7562532760202885
evo21,62,17,1.7183041449855356
evo21,63,17,1.8577450794332169
evo21,64,17,1.576387502691325
evo21,65,17,1.298747117028517
evo21,66,17,1.4971921917270212
evo21,67,17,1.7205762277316192
evo21,68,17,1.725882427643656
evo21,69,17,1.7320277761010563
evo21,70,17,1.680461799397188
evo21,71,17,1.673341907122556
evo21,72,17,1.665482478106723
evo21,73,17,1.5650532771559322
evo21,74,17,1.7340514151489033
evo21,75,17,1.6878903946455788
evo21,76,17,1.5106567424886368
evo21,77,17,1.4929292575620554
evo21,78,17,1.7773960323127753
evo21,79,17,1.8322492846671272
evo21,80,17,1.317799678647562
evo21,81,17,1.526483592686846
evo21,82,17,1.4444148358615005
evo21,83,17,1.6540273182532366
evo21,84,17,1.5057122663813918
evo21,85,17,1.8664552919730983
evo21,86,17,1.2458192091298235
evo21,87,17,1.840735996470732
evo21,88,17,1.7266930297893637
evo21,89,17,1.7015489820829208
evo21,90,17,1.6361974084695035
evo21,91,17,2.154121049652424
evo21,92,17,1.855286533725174
evo21,93,17,1.8378515162998263
evo21,94,17,1.8363571266835446
evo21,95,17,1.530270681997268
evo21,96,17,1.707257517339552
evo21,97,17,1.4475774185540264
evo21,98,17,2.185255015597624
evo21,99,17,1.5880098579561008
evo21,100,17,1.3447184230420082
evo21,101,17,1.7594791212502647
evo21,102,17,1.5348961184499785
evo21,103,17,1.4022819196038387
evo21,104,17,1.2389946803998422
evo21,105,17,1.6549175643800373
evo21,106,17,0.9904979482868358
evo21,107,17,1.5776847280246917
evo21,108,17,1.449595969827736
evo21,109,17,1.0664466452949188
evo21,110,17,1.6067967885995613
evo21,111,17,1.344133500365869
evo21,112,17,1.5423436258125174
evo21,113,17,1.0505708020851563
evo21,114,17,1.4931801633964128
evo21,115,17,1.405843069544062
evo21,116,17,1.1289754577720648
evo21,117,17,1.490682596231208
evo21,118,17,1.7904878765454186
evo21,119,17,1.7519921384313528
evo21,120,17,1.4926356492180597
evo21,121,17,1.3711715471650034
evo21,122,17,1.216747934847851
evo21,123,17,1.1463169778546538
evo21,124,17,1.3490527078050518
evo21,125,17,1.611996229737997
evo21,126,17,1.7305956248413115
evo21,127,17,1.7637364569065326
evo21,128,17,1.5253316066090894
evo21,129,17,1.3780026322312873
evo21,130,17,1.3941015720586567
evo21,131,17,1.1826386995380744
evo21,132,17,1.185800110154292
evo21,133,17,1.3916455307318008
evo21,134,17,1.4973318569690865
evo21,135,17,1.4682553627473467
evo21,136,17,1.1648852661635507
evo21,137,17,1.1694607074057464
evo21,138,17,1.3910295165636961
evo21,139,17,1.5470236152314636
evo21,140,17,1.3907924903186915
evo21,141,17,1.4643469181130915
evo21,142,17,1.2267246678033297
evo21,143,17,1.3626440178931636
evo21,144,17,1.5880607937407845
evo21,145,17,1.2216601588708513
evo21,146,17,1.3260552868767477
evo21,147,17,1.1329817307619925
evo21,148,17,1.7678615364300854
evo21,149,17,1.0551796152585131
evo21,150,17,1.4055668907513952
evo21,151,17,1.6152678693042082
evo21,152,17,1.8215900661889464
evo21,153,17,1.0801778226399192
evo21,154,17,1.5012711917378885
evo21,155,17,1.640194787780809
evo21,156,17,1.7063250088625972
evo21,157,17,1.3918643133605229
evo21,158,17,1.5208941838320564
evo21,159,17,1.6749704962267595
evo21,160,17,1.3510614256648457
evo21,161,17,1.8180351991288584
evo21,162,17,1.528342740062405
evo21,163,17,1.2614392809131567
evo21,164,17,1.225864023244118
evo21,165,17,1.2764425752136637
evo21,166,17,1.1632281424861182
evo21,167,17,1.5097186336403383
evo21,168,17,1.3130569270373706
evo21,169,17,1.8441547178457875
evo21,170,17,1.4124244659700815
evo21,171,17,1.529365777531091
evo21,172,17,1.6505500319797326
evo21,173,17,1.6736377477645874
evo21,174,17,1.45748677230714
evo21,175,17,1.106055511668434
evo21,176,17,1.6178516329211348
evo21,177,17,1.0695953664972502
evo21,178,17,1.7382444152060677
evo21,179,17,1.2847958299167015
evo21,180,17,1.8623284750570104
evo21,181,17,1.3487314314047314
evo21,182,17,1.5565448517308516
evo21,183,17,2.1648134063271915
evo21,184,17,1.5539982864523636
evo21,185,17,1.4091257516513853
evo21,186,17,1.4619520823745167
evo21,187,17,1.2325519375941332
evo21,188,17,1.1530553269035675
evo21,189,17,1.5143651366233826
evo21,190,17,1.2695544506697094
evo21,191,17,1.8504333924639094
evo21,192,17,1.1481913308311693
evo21,193,17,1.409043880946496
evo21,194,17,1.3180028757847406
evo21,195,17,1.6194107598241638
evo21,196,17,1.9152056682197487
evo21,197,17,1.5198373736758881
evo21,198,17,1.6890001204960488
evo21,199,17,1.8046150994213188
evo21,200,17,1.4069330964703113
evo21,201,17,1.2027345908915295
evo21,202,17,1.429035674623104
evo21,203,17,1.2236600187744069
evo21,204,17,1.1751774454160648
evo21,205,17,1.3314031973885208
evo21,206,17,1.65613021239337
evo21,207,17,1.2052595852052463
evo21,208,17,1.3853456811869846
evo21,209,17,1.5700261075707043
evo21,210,17,1.6034773702130598
evo21,211,17,1.6119592958951698
evo21,212,17,1.102793206433382
evo21,213,17,1.0692415429169642
evo21,214,17,1.1436164753018494
evo21,215,17,1.086040907580515
evo21,216,17,1.5117769766982425
evo21,217,17,1.44621765153373
evo21,218,17,1.3858519556986935
evo21,219,17,1.586926253457718
evo21,220,17,1.3481429333195967
evo21,221,17,0.9052233540124315
evo21,222,17,1.1234764931723475
evo21,223,17,1.1209332023692482
evo21,224,17,1.3648313893114818
evo21,225,17,1.4531384426004745
evo21,226,17,0.9582818387185826
evo21,227,17,0.9872295873458771
evo21,228,17,0.9217002904590439
evo21,229,17,1.4533306933145094
evo21,230,17,1.0047785814248902
evo21,231,17,1.2285624073051356
evo21,232,17,1.0284074238118004
evo21,233,17,1.1213556878159152
evo21,234,17,1.319887207711444
evo21,235,17,1.4147162660956383
evo21,236,17,1.7443784690078568
evo21,237,17,1.0160931235946276
evo21,238,17,1.6658306844970758
evo21,239,17,1.5939663717084949
evo21,240,17,1.4485682509839535
evo21,241,17,1.1734674091943924
evo21,242,17,1.0978523018386435
evo21,243,17,1.5402370541192152
evo21,244,17,1.179247780209955
evo21,245,17,1.2982198446441222
evo21,246,17,1.3964849975891411
evo21,247,17,1.4388528024394285
evo21,248,17,1.2992882523137856
evo21,249,17,1.255223219995113
evo21,250,17,1.870069180998732
evo21,251,17,1.846720709301093
evo21,252,17,1.6537347109372016
evo21,253,17,1.458892828100087
evo21,254,17,1.590756991364555
evo21,255,17,0.8951015026746866
evo21,256,17,0.8997436723781421
evo21,257,17,1.5777608680073172
evo21,258,17,1.6075371834175551
evo21,259,17,1.3137021332102663
evo21,260,17,1.2624909010003595
evo21,261,17,1.0850198797005064
evo21,262,17,1.0868952665341032
evo21,263,17,1.0436977627413238
evo21,264,17,1.48234125270563
evo21,265,17,1.2942384692895061
evo21,266,17,1.285567923955729
evo21,267,17,1.197036033605828
evo21,268,17,1.1488143852090134
evo21,269,17,1.0186935235910557
evo21,270,17,0.9384612610892338
evo21,271,17,1.3792903440292268
evo21,272,17,1.1438075411955224
evo21,273,17,1.4082414273939587
evo21,274,17,1.0238588020678008
evo21,275,17,1.6609694495358889
evo21,276,17,1.2314852016484912
evo21,277,17,1.2907667231252964
evo21,278,17,1.4930795829893801
evo21,279,17,1.0581266491002788
evo21,280,17,1.1561256297179223
evo21,281,17,1.0612075276782407
evo21,282,17,1.2284023866933935
evo21,283,17,1.2113309716257978
evo21,284,17,1.1483372138429653
evo21,285,17,1.1661505472045117
evo21,286,17,1.445115622561014
evo21,287,17,1.0266696651952396
evo21,288,17,1.2037535046966856
evo21,289,17,0.9408721641144332
evo21,290,17,1.043331715011257
evo21,291,17,1.9687069693840493
evo21,292,17,1.0912065959179444
evo21,293,17,1.1881873518817456
evo21,294,17,1.426993397584952
evo21,295,17,1.0596113190575338
evo21,296,17,1.3521277404335492
evo21,297,17,1.1698595745598568
evo21,298,17,0.8397153660976876
evo21,299,17,1.326074156738982
evo21,300,17,1.2317128322799415
evo21,301,17,1.4861720294951846
evo21,302,17,1.4330421933794724
evo21,303,17,1.2149148515480406
evo21,304,17,0.9639310684630319
evo21,305,17,1.0769390696111847
evo21,306,17,1.3782754674115603
evo21,307,17,1.146160681184162
evo21,308,17,1.0457240952767761
evo21,309,17,1.4353689901969011
evo21,310,17,1.1335710028515142
evo21,311,17,1.0397596282555777
evo21,312,17,1.9889842876616646
evo21,313,17,1.6027024332707858
evo21,314,17,1.0594767380492105
evo21,315,17,1.2347530293114044
evo21,316,17,0.9722078599528793
evo21,317,17,1.5111722439041306
evo21,318,17,1.1544439971227856
evo21,319,17,1.2762670240858023
evo21,320,17,0.7965665790663266
evo21,321,17,1.1816937042509807
evo21,322,17,1.4378920977332574
evo21,323,17,1.127278147292707
evo21,324,17,0.876480684389689
evo21,325,17,0.9751286961049225
evo21,326,17,1.1199209097882403
evo21,327,17,1.204592259169337
evo21,328,17,1.1061967146199416
evo21,329,17,1.1571199092740083
evo21,330,17,1.1935312570627394
evo21,331,17,1.1114519034043255
evo21,332,17,0.7243508333888125
evo21,333,17,1.2899872055825066
evo21,334,17,0.8817901227294522
evo21,335,17,1.0991341659032248
evo21,336,17,1.2842493925846237
evo21,337,17,1.3830396883080112
evo21,338,17,1.5451034104095442
evo21,339,17,1.41336682030712
evo21,340,17,1.1844593754092998
evo21,341,17,0.9513726942241192
evo21,342,17,0.9144537567215807
evo21,343,17,1.228198362623944
evo21,344,17,0.9977084588916862
evo21,345,17,1.5595371809459346
evo21,346,17,1.110279507113292
evo21,347,17,1.1743030714775051
evo21,348,17,0.9973194539985236
evo21,349,17,1.1605642856893075
evo21,350,17,1.5033485216554254
evo21,351,17,1.5692780799068071
evo21,352,17,1.342617285437882
evo21,353,17,0.922974218340481
evo21,354,17,1.3230284097440101
evo21,355,17,1.1502380857572836
evo21,356,17,1.1520854740040651
evo21,357,17,1.7691621045198511
evo21,358,17,1.739209515713703
evo21,359,17,1.2497673115336938
evo21,360,17,1.8557691772002727
evo21,361,17,1.5065016220871579
evo21,362,17,1.1202616863815553
evo21,363,17,1.2095212995293825
evo21,364,17,1.0755238317172318
evo21,365,17,0.8854162794099573
evo21,366,17,1.057007817661061
evo21,367,17,0.6703379856806029
evo21,368,17,1.021634173730169
evo21,369,17,1.0614514049033033
evo21,370,17,1.1706317504867911
evo21,371,17,0.7574142236125601
evo21,372,17,1.2191098683568484
evo21,373,17,0.9873931307194974
evo21,374,17,1.1705955170841396
evo21,375,17,1.3176980649723726
evo21,376,17,0.8910376352860647
evo21,377,17,1.2197464903652229
evo21,378,17,1.1327445018379128
evo21,379,17,1.4402145287569832
evo21,380,17,1.2295759498819654
evo21,381,17,1.2392348595757914
evo21,382,17,0.9967274763347471
evo21,383,17,1.185880548786372
evo21,384,17,1.5344572899424855
evo21,385,17,0.9776679348638829
evo21,386,17,1.6105757152442546
evo21,387,17,1.2655788186718435
evo21,388,17,1.2892242621849566
evo21,389,17,1.2310316231964595
evo21,390,17,1.5653779064031208
evo21,391,17,1.0151620889630388
evo21,392,17,1.4093687591101864
evo21,393,17,1.409209198811475
evo21,394,17,0.6928095426958274
evo21,395,17,1.2795940124813248
evo21,396,17,1.183056276072474
evo21,397,17,1.3583455388160313
evo21,398,17,1.8638944978661396
evo21,399,17,1.1809737817110384
evo21,400,17,1.165702589397209
evo21,401,17,1.0271799828316195
evo21,402,17,1.3942646918927921
evo21,403,17,1.2677292581784594
evo21,404,17,1.1422573524691604
evo21,405,17,1.2737741527311943
evo21,406,17,1.388038245810415
evo21,407,17,1.1757411471472177
evo21,408,17,1.1822461174691425
evo21,409,17,0.8712873890694669
evo21,410,17,1.1164202296469525
evo21,411,17,1.4325836309615303
evo21,412,17,1.527905520181829
evo21,413,17,1.2056733879315502
evo21,414,17,1.411077595589792
evo21,415,17,1.1196932559285093
evo21,416,17,0.9630435526590136
evo21,417,17,1.4267506340847296
evo21,418,17,1.1493082964272403
evo21,419,17,1.3896209707976703
evo21,420,17,1.3078450288568788
evo21,421,17,1.1649291260606225
evo21,422,17,1.0444034466876047
evo21,423,17,1.6249417209011667
evo21,424,17,1.299936050275231
evo21,425,17,1.3832217990694677
evo21,426,17,1.5561818908352185
evo21,427,17,1.0730775895062834
evo21,428,17,1.3161265087067424
evo21,429,17,1.1666482163812308
evo21,430,17,1.0950385199531036
evo21,431,17,1.2974737726480645
evo21,432,17,1.3416216171839659
evo21,433,17,1.1338079020052272
evo21,434,17,1.447408788549878
evo21,435,17,1.504935213693363
evo21,436,17,0.7475472699494704
evo21,437,17,1.0162002667305334
evo21,438,17,1.2849687694928007
evo21,439,17,1.0977578835890573
evo21,440,17,1.0499675984439605
evo21,441,17,1.0518758511718582
evo21,442,17,1.1839552527047037
evo21,443,17,1.1374378732186468
evo21,444,17,1.392646365744226
evo21,445,17,1.2230604155646527
evo21,446,17,1.3278001612052321
evo21,447,17,1.215544415966553
evo21,448,17,1.427538576440009
evo21,449,17,1.9231371493900524
evo21,450,17,1.2614810379112469
evo21,451,17,1.2279817928176593
evo21,452,17,1.0274266574312658
evo21,453,17,1.1758246634374647
evo21,454,17,1.0107169811860384
evo21,455,17,0.9646443271845141
evo21,456,17,1.2877028878257775
evo21,457,17,1.0622326037435628
evo21,458,17,1.1303024684243344
evo21,459,17,1.6891405389589422
evo21,460,17,0.861504174714141
evo21,461,17,1.457836674663293
evo21,462,17,1.3474336594671887
evo21,463,17,0.8208221759071902
evo21,464,17,1.2865474810721078
evo21,465,17,1.3817746172494747
evo21,466,17,1.171128872781992
evo21,467,17,1.157598399940659
evo21,468,17,1.1060090450679554
evo21,469,17,1.1492343334590687
evo21,470,17,1.2532029857769993
evo21,471,17,1.3692274515599232
evo21,472,17,0.9690175126580631
evo21,473,17,1.2320568748914145
evo21,474,17,1.0388603578595554
evo21,475,17,1.0779538641902893
evo21,476,17,0.9786950058358557
evo21,477,17,0.9700614861555069
evo21,478,17,1.1399191036710845
evo21,479,17,0.8241036945734831
evo21,480,17,1.231805959771223
evo21,481,17,0.8822099490721217
evo21,482,17,0.8722025075899985
evo21,483,17,1.942824612645542
evo21,484,17,1.1727053365834497
evo21,485,17,0.857558791690013
evo21,486,17,1.302432020797449
evo21,487,17,1.4736618242938728
evo21,488,17,1.4514175272163223
evo21,489,17,1.1576500529532923
evo21,490,17,0.9909570445991395
evo21,491,17,0.9042415691210943
evo21,492,17,1.2528584196287043
evo21,493,17,1.0079450529506977
evo21,494,17,1.0153898694004644
evo21,495,17,1.2797545176067882
evo21,496,17,1.356872128213153
evo21,497,17,0.9620450738927021
evo21,498,17,1.3702536484856598
evo21,499,17,1.7066645466804724
evo21,500,17,1.326730769346742
evo21,501,17,1.297957646605723
evo21,502,17,1.457985220312634
evo21,503,17,1.1156961015042137
evo21,504,17,1.4179262396167307
evo21,505,17,1.3012196461615317
evo21,506,17,1.3807606120758198
evo21,507,17,1.6101979876265806
evo21,508,17,1.0863172900862992
evo21,509,17,1.2676056239973097
evo21,510,17,1.7677766590872233
evo21,511,17,1.3697409406989156
evo21,512,17,1.084031607133939
evo21,513,17,1.7481167294523294
evo21,514,17,0.9162350205690873
evo21,515,17,1.1806096458287143
evo21,516,17,1.0641692648915684
evo21,517,17,1.258033408454674
evo21,518,17,1.0886553505072645
evo21,519,17,1.3585588855751078
evo21,520,17,1.1264885981936994
evo21,521,17,0.8789613107424777
evo21,522,17,1.4405232745715801
evo21,523,17,1.378183088676237
evo21,524,17,1.3001763212823254
evo21,525,17,1.6745991511270404
evo21,526,17,1.154379222651615
evo21,527,17,1.432043434435721
evo21,528,17,1.4904240071910488
evo21,529,17,1.119146359981695
evo21,530,17,1.0445155821131158
evo21,531,17,1.4710006246767828
evo21,532,17,1.2444246904171237
evo21,533,17,1.2638571690904963
evo21,534,17,1.6676216100287788
evo21,535,17,1.6114315052297623
evo21,536,17,1.140558562515413
evo21,537,17,0.9871292861507219
evo21,538,17,0.8332387902636957
evo21,539,17,1.1083235583295499
evo21,540,17,1.2416373000425451
evo21,541,17,1.1141853859675501
evo21,542,17,1.1952982306726934
evo21,543,17,1.1413790868622635
evo21,544,17,1.192003392285722
evo21,545,17,1.0661952774697805
evo21,546,17,0.89748846493004
evo21,547,17,0.6949535422574948
evo21,548,17,1.0792819875607487
evo21,549,17,1.013971373644274
evo21,550,17,0.849072045112467
evo21,551,17,0.9137281852719539
evo21,552,17,0.9484826692873064
evo21,553,17,1.1060467857579865
evo21,554,17,0.9562772464637151
evo21,555,17,1.1973898082095034
evo21,556,17,1.287957494270385
evo21,557,17,1.1533693436752348
evo21,558,17,1.0495912301874555
evo21,559,17,1.4575816879514605
evo21,560,17,1.4010246195008649
evo21,561,17,1.5752729957594591
evo21,562,17,1.1788561564103208
evo21,563,17,1.3216440287822693
evo21,564,17,1.3015006110072136
evo21,565,17,1.223900218062815
evo21,566,17,1.4195349404643125
evo21,567,17,1.2108227619353462
evo21,568,17,1.1580542136216536
evo21,569,17,1.4401772384915281
evo21,570,17,1.6259306656087147
evo21,571,17,1.1474661960417185
evo21,572,17,0.9436564660761232
evo21,573,17,1.567538461291834
evo21,574,17,1.0920716375112534
evo21,575,17,0.763140606960994
evo21,576,17,1.4750056012588388
evo21,577,17,0.9850863476886469
evo21,578,17,1.3441404694253032
evo21,579,17,1.0353557270239382
evo21,580,17,1.6056654719800196
evo21,581,17,1.358558055588647
evo21,582,17,1.4422090851208742
evo21,583,17,1.3115535637582927
evo21,584,17,1.2719245151109884
evo21,585,17,1.2169417346252458
evo21,586,17,1.3847476443248417
evo21,587,17,1.1628496328587918
evo21,588,17,1.259796868352329
evo21,589,17,1.5710760615766048
evo21,590,17,1.6977629657177364
evo21,591,17,1.3706470191314377
evo21,592,17,1.2055345006040572
evo21,593,17,1.5989793021067538
evo21,594,17,1.2783259739003636
evo21,595,17,1.3835091479944395
evo21,596,17,1.0862032031256925
evo21,597,17,1.2602264290565954
evo21,598,17,1.0543498597381746
evo21,599,17,1.6289106833145899
evo21,600,17,1.6941208892008837
evo21,601,17,1.1958104207399576
evo21,602,17,1.2401071304784101
evo21,603,17,1.1409443067660665
evo21,604,17,1.259279657908551
evo21,605,17,0.9751753956284922
evo21,606,17,1.0848674893324428
evo21,607,17,0.8290947039392503
evo21,608,17,0.9690108206397032
evo21,609,17,0.7278052729499691
evo21,610,17,0.8090506305794835
evo21,611,17,0.8507573482142213
evo21,612,17,1.2618553636027225
evo21,613,17,1.471739913939553
evo21,614,17,1.6827024843762903
evo21,615,17,1.731016175239347
evo21,616,17,0.9585922617800807
evo21,617,17,1.1988623474231537
evo21,618,17,1.2777989246499013
evo21,619,17,1.2432344268240474
evo21,620,17,1.102610496475416
evo21,621,17,1.210009605418343
evo21,622,17,1.1582038949572426
evo21,623,17,1.1781095598331268
evo21,624,17,1.379029547508039
evo21,625,17,1.2853754105436725
evo21,626,17,1.2600095115930718
evo21,627,17,1.2567037037327229
evo21,628,17,1.003287525710595
evo21,629,17,1.3162049785365952
evo21,630,17,1.4690880496363046
evo21,631,17,0.9508106273783864
evo21,632,17,0.7760806409025784
evo21,633,17,1.1959068178582717
evo21,634,17,1.0211131782544887
evo21,635,17,1.1236413684399689
evo21,636,17,1.1341253280817696
evo21,637,17,1.043757689788061
evo21,638,17,1.3371416247477208
evo21,639,17,1.704862352077137
evo21,640,17,1.0277288719833664
evo21,641,17,1.0254205427516032
evo21,642,17,0.9626965088879361
evo21,643,17,1.1244513248778223
evo21,644,17,0.9914621204096714
evo21,645,17,1.3997353405472548
evo21,646,17,1.005048838300247
evo21,647,17,1.0174295479459141
evo21,648,17,1.1973837662234847
evo21,649,17,1.1327184706563405
evo21,650,17,0.7252272744354902
evo21,651,17,1.251601079807562
evo21,652,17,0.8740397561478483
evo21,653,17,1.045012630686602
evo21,654,17,1.152756548500346
evo21,655,17,1.3299077755073085
evo21,656,17,0.8954047967186746
evo21,657,17,1.4023425473886377
evo21,658,17,1.1321368060786934
evo21,659,17,1.1721098645015018
evo21,660,17,1.2649253527907764
evo21,661,17,0.9006099149803904
evo21,662,17,1.1499395115739282
evo21,663,17,1.4078017753713272
evo21,664,17,0.8088633635505924
evo21,665,17,1.3440273042686064
evo21,666,17,1.0924546695862185
evo21,667,17,1.087220225483179
evo21,668,17,0.9069618751459262
evo21,669,17,1.3591699287678827
evo21,670,17,0.9681130207883304
evo21,671,17,1.052946281961768
evo21,672,17,1.235789596596185
evo21,673,17,1.1037337927914717
evo21,674,17,0.8330249027622973
evo21,675,17,1.0871984984191574
evo21,676,17,1.3051003539825188
evo21,677,17,1.9400246719939305
evo21,678,17,1.3279449266436345
evo21,679,17,0.7380884197088616
evo21,680,17,1.155165781849064
evo21,681,17,2.1637582112761105
evo21,682,17,1.1102019695236403
evo21,683,17,1.5933334981913077
evo21,684,17,1.2145073328386335
evo21,685,17,1.0385334275676594
evo21,686,17,1.3005947347949534
evo21,687,17,1.6205735294257892
evo21,688,17,1.1698127603706192
evo21,689,17,1.1352538030375452
evo21,690,17,1.2901545920792747
evo21,691,17,1.3332956550396322
evo21,692,17,1.3851213928805117
evo21,693,17,1.4264319565366297
evo21,694,17,1.368754586095319
evo21,695,17,1.2451305097955114
evo21,696,17,1.1589808064129423
evo21,697,17,1.39484151344582
evo21,698,17,0.934686240123804
evo21,699,17,1.1754225316005484
evo21,700,17,0.7518802710863597
evo21,701,17,1.1691147637936998
evo21,702,17,1.4444218593485214
evo21,703,17,0.9729476344381349
evo21,704,17,1.2601431741872255
evo21,705,17,1.5244472776060267
evo21,706,17,1.3225720570703476
evo21,707,17,1.4614628662683946
evo21,708,17,1.13238884333302
evo21,709,17,0.8609217921381488
evo21,710,17,1.2576789625043816
evo21,711,17,1.3555966697030646
evo21,712,17,1.2585300636025802
evo21,713,17,0.8146675157374429
evo21,714,17,0.9845118807245266
evo21,715,17,1.1712924733052632
evo21,716,17,1.4111586994327165
evo21,717,17,1.0674969559425818
evo21,718,17,1.0836655852960093
evo21,719,17,1.3544699966989677
evo21,720,17,1.8407965565668694
evo21,721,17,0.9616934272446943
evo21,722,17,1.3666121657280361
evo21,723,17,1.1566129743450266
evo21,724,17,0.7724761041703031
evo21,725,17,1.3170729404835797
evo21,726,17,1.506979244576274
evo21,727,17,1.2527188998373116
evo21,728,17,1.0207852419116534
evo21,729,17,1.188001223237199
evo21,730,17,1.220113675137434
evo21,731,17,1.2687646985218368
evo21,732,17,1.1337119501412791
evo21,733,17,1.0970101569923025
evo21,734,17,1.1292885401943589
evo21,735,17,1.4743009571205168
evo21,736,17,0.9154231078025665
evo21,737,17,1.0987359180443865
evo21,738,17,1.2302801531383438
evo21,739,17,0.8290209278519101
evo21,740,17,1.6189898286007947
evo21,741,17,1.3181461553253673
evo21,742,17,1.3018249951864538
evo21,743,17,0.9488099414499148
evo21,744,17,1.6607228238272536
evo21,745,17,1.503842700512477
evo21,746,17,1.5706384146914762
evo21,747,17,0.992670444004676
evo21,748,17,1.530327179523952
evo21,749,17,1.312496358200031
evo21,750,17,1.5672658741857637
evo21,751,17,1.1328094900407664
evo21,752,17,1.2896230902714545
evo21,753,17,1.4088227564797682
evo21,754,17,1.4110140307970784
evo21,755,17,1.155726732165717
evo21,756,17,1.5439473348943626
evo21,757,17,1.3101770428748911
evo21,758,17,1.3780188058667324
evo21,759,17,1.6485580065671135
evo21,760,17,1.624853559605339
evo21,761,17,1.4712142661652143
evo21,762,17,1.6093411712962038
evo21,763,17,1.2711640643777655
evo21,764,17,1.2868457334663939
evo21,765,17,1.6405753927195774
evo21,766,17,1.1548244259594118
evo21,767,17,1.4076175792279708
evo21,768,17,1.029955385471968
evo21,769,17,1.148322059019633
evo21,770,17,1.5237848790917161
evo21,771,17,1.3745630508398308
evo21,772,17,0.9737927903804708
evo21,773,17,1.2126509454649161
evo21,774,17,1.2608492448925972
evo21,775,17,1.2467597067520462
evo21,776,17,1.1249408984885496
evo21,777,17,1.1190168034723575
evo21,778,17,0.8252349446308526
evo21,779,17,1.2796286608688259
evo21,780,17,1.1753954744952566
evo21,781,17,1.2080460569876081
evo21,782,17,1.1561117176623905
evo21,783,17,1.2738093505887425
evo21,784,17,1.031790607413688
evo21,785,17,1.330410545500105
evo21,786,17,1.7746608474237078
evo21,787,17,0.9238662894349545
evo21,788,17,1.180191570742275
evo21,789,17,1.4161080309491165
evo21,790,17,0.9622734075083452
evo21,791,17,1.1094729568918837
evo21,792,17,0.9577444020439597
evo21,793,17,0.8991845384349718
evo21,794,17,1.1727158493355518
evo21,795,17,1.0693592279053785
evo21,796,17,1.4174907069913496
evo21,797,17,1.1548690494245795
evo21,798,17,1.205310860867886
evo21,799,17,1.1458505637608194
evo21,800,17,1.0971375067396474
evo21,801,17,1.4141732149702662
evo21,802,17,0.94944369489916
evo21,803,17,1.0294643176363452
evo21,804,17,0.9700180245563388
evo21,805,17,1.1551264958962908
evo21,806,17,1.1696506703875083
evo21,807,17,0.9219904944458155
evo21,808,17,0.9479030125041712
evo21,809,17,1.4454490523305996
evo21,810,17,1.147147359473713
evo21,811,17,0.8337403249324244
evo21,812,17,1.3079545784960775
evo21,813,17,1.1496949304538944
evo21,814,17,0.955910059493309
evo21,815,17,1.1233668118776918
evo21,816,17,1.0948960779043024
evo21,817,17,1.0862790588563418
evo21,818,17,0.9395429403247202
evo21,819,17,1.1694232230451342
evo21,820,17,1.2076922976069482
evo21,821,17,1.3533206028172144
evo21,822,17,1.6275737477219938
evo21,823,17,1.3090454589554985
evo21,824,17,1.3689829008311363
evo21,825,17,1.713470730201259
evo21,826,17,0.9015049610204775
evo21,827,17,1.020524518673911
evo21,828,17,1.2593685319229468
evo21,829,17,1.62058417325812
evo21,830,17,1.24282912499107
evo21,831,17,1.3724615924498613
evo21,832,17,0.9235775186406339
evo21,833,17,1.6509774030898423
evo21,834,17,1.429320387158762
evo21,835,17,0.76505190625732
evo21,836,17,1.4321091421058072
evo21,837,17,1.630632457878057
evo21,838,17,1.4545572595465381
evo21,839,17,1.6190199852537583
evo21,840,17,0.8803446441340972
evo21,841,17,0.7039365890120868
evo21,842,17,1.181128938408459
evo21,843,17,1.9280570377321804
evo21,844,17,1.5993009222780956
evo21,845,17,1.4454837109455292
evo21,846,17,1.0144897509804542
evo21,847,17,1.303738260977244
evo21,848,16,1.0454061822310905
evo21,849,16,1.267425680969609
evo21,850,16,1.4376707210176392
evo21,851,16,1.1440928704105318
evo21,852,16,0.8570079821220133
evo21,853,16,0.9894159105897415
evo21,854,16,1.116387605899945
evo21,855,16,1.632462002336979
evo21,856,16,1.2544704312676913
evo21,857,16,1.5759314888928202
evo21,858,16,1.2742881230078638
evo21,859,16,0.6178270727396011
evo21,860,16,1.064480753193493
evo21,861,16,1.286866444745101
evo21,862,16,1.066161610709969
evo21,863,16,1.5859517799690366
evo21,864,16,1.2511410402075853
evo21,865,16,1.204481768727419
evo21,866,16,1.5474108356938814
evo21,867,16,1.0392665518447757
evo21,868,16,1.2163893484394066
evo21,869,16,0.9704891989240423
evo21,870,16,1.600265974237118
evo21,871,16,1.0353992052259855
evo21,872,16,1.1323142226756318
evo21,873,16,1.0476835407316685
evo21,874,16,1.3457403355059796
evo21,875,16,1.1639769040048122
evo21,876,16,1.6389898040797561
evo21,877,16,0.6628434286321863
evo21,878,16,1.056387842982076
evo21,879,16,1.0224597789056133
evo21,880,16,0.7569142565553193
evo21,881,16,1.2192698680300964
evo21,882,16,1.3109893202781677
evo21,883,16,0.8035452362310025
evo21,884,16,0.8631931144045666
evo21,885,16,1.2884181936497043
evo21,886,16,1.4928235129555105
evo21,887,16,1.208486565592466
evo21,888,16,1.3650878495973302
evo21,889,16,0.8664137291052612
evo21,890,16,1.1219663589436095
evo21,891,16,1.3019641714636236
evo21,892,16,0.9574104016610363
evo21,893,16,0.9778915595525177
evo21,894,16,1.0739251915365458
evo21,895,16,0.8353354538994608
evo21,896,16,1.1901109375758097
evo21,897,16,1.4628554575174348
evo21,898,16,0.8922691550760646
evo21,899,16,1.2632709232275374
evo21,900,16,1.422056689450983
evo21,901,16,1.2398268116667168
evo21,902,16,1.015170628670603
evo21,903,16,1.349754982860759
evo21,904,16,0.7368010335194413
evo21,905,16,1.1530730474623851
evo21,906,16,1.1968211808125488
evo21,907,16,0.6972298459295416
evo21,908,16,0.9406753077491885
evo21,909,16,0.6871708810358541
evo21,910,16,1.2051892344024964
evo21,911,16,0.9694152209558524
evo21,912,16,0.7819266850419808
evo21,913,16,1.117182941205101
evo21,914,16,1.0315240254276432
evo21,915,16,1.8288637632504106
evo21,916,16,1.6362008735595737
evo21,917,16,1.113824182888493
evo21,918,16,1.0821140689076856
evo21,919,16,1.0479313720134087
evo21,920,16,1.5915076217934256
evo21,921,16,0.9256457188748755
evo21,922,16,0.7869727718134527
evo21,923,16,1.2375370949557691
evo21,924,16,1.396966614513076
evo21,925,16,0.9906846915255301
evo21,926,16,1.233401044155471
evo21,927,16,1.025945967194275
evo21,928,16,1.2014348073571455
evo21,929,16,1.106951531037339
evo21,930,16,1.7836528341285884
evo21,931,16,1.1459836427966366
evo21,932,16,1.0481571160780732
evo21,933,16,1.5736658449895913
evo21,934,16,0.9626707996576442
evo21,935,16,1.1825047707279737
evo21,936,16,1.0481059728190303
evo21,937,16,1.4163520690926816
evo21,938,16,0.8826734335962101
evo21,939,16,1.7094644899043487
evo21,940,16,1.0817848998922273
evo21,941,16,1.1101463873419561
evo21,942,16,1.2285914649255574
evo21,943,16,1.0288077591976617
evo21,944,16,1.2567638514447026
evo21,945,16,1.2000923762097955
evo21,946,16,1.0989347444556188
evo21,947,16,0.757497867452912
evo21,948,16,1.342025856138207
evo21,949,16,0.9471373263804708
evo21,950,16,0.7390622046077624
evo21,951,16,1.1478593928477494
evo21,952,16,1.3183919923649228
evo21,953,16,1.4825445887145179
evo21,954,16,1.1435096295390395
evo21,955,16,1.3069999864310375
evo21,956,16,1.093114236704423
evo21,957,16,1.0012232306035003
evo21,958,16,0.7895042910095071
evo21,959,16,0.9633158007491147
evo21,960,16,1.2664115951629356
evo21,961,16,1.01868393561017
evo21,962,16,1.0690939092964982
evo21,963,16,0.8264504145772662
evo21,964,16,0.8444365426912555
evo21,965,16,0.70526171936217
evo21,966,16,1.3433451122691622
evo21,967,16,0.8624160682884394
evo21,968,16,1.5788201156792638
evo21,969,16,1.125893426109542
evo21,970,16,1.6218171540822368
evo21,971,16,1.2971501361462288
evo21,972,16,0.9468391032023646
evo21,973,16,1.3861235831172962
evo21,974,16,1.0421694436699909
evo21,975,16,0.9130764316323621
evo21,976,16,0.888873472908017
evo21,977,16,0.9809957222896628
evo21,978,16,1.2660954887905973
evo21,979,16,1.011530770942045
evo21,980,16,0.9326248661891441
evo21,981,16,0.9062904639868066
evo21,982,16,0.8398473527122405
evo21,983,16,1.088432845841453
evo21,984,16,0.938461790792644
evo21,985,16,0.9470866090778145
evo21,986,16,1.1613290030254575
evo21,987,16,1.1089613068616018
evo21,988,16,0.9525671333249193
evo21,989,16,1.184132390168088
evo21,990,16,1.770252357935533
evo21,991,16,1.1747479645891872
evo21,992,16,0.989933597331401
evo21,993,16,0.9809721875935793
evo21,994,16,0.8942963115405291
evo21,995,16,0.7964450262952596
evo21,996,16,1.257395761553198
evo21,997,16,0.845646324865811
evo21,998,16,0.8251207074099511
evo21,999,16,1.5805381760001183
evo21,1000,16,1.0656264230274246
evo21,1001,16,0.653144307230832
evo21,1002,16,0.7618794686859474
evo21,1003,16,0.7627310109965038
evo21,1004,16,1.2222362976026488
evo21,1005,16,1.4153716284781694
evo21,1006,16,0.9146752454216767
evo21,1007,16,1.1329700059977768
evo21,1008,16,1.054336384870112
evo21,1009,16,1.3057110456866212
evo21,1010,16,0.6862519292917568
evo21,1011,16,1.071477169462014
evo21,1012,16,0.9524397215718636
evo21,1013,16,1.0417789851489943
evo21,1014,16,1.2173103081004228
evo21,1015,16,0.8355756359160296
evo21,1016,16,1.0680193859006977
evo21,1017,16,1.1540189259685576
evo21,1018,16,0.9361500318955223
evo21,1019,16,1.0029876976332162
evo21,1020,16,1.001151664822828
evo21,1021,16,1.0474504850317317
evo21,1022,16,1.095779087572737
evo21,1023,16,1.18820622516796
evo21,1024,16,1.0092913926782785
evo21,1025,16,1.1390558739658445
evo21,1026,16,1.2388591282069683
evo21,1027,16,1.1793398274458013
evo21,1028,16,1.280212531099096
evo21,1029,16,0.9530413734028116
evo21,1030,16,1.161029621529451
evo21,1031,16,1.3639147424837574
evo21,1032,16,1.245877731256769
evo21,1033,16,1.024600477248896
evo21,1034,16,1.0895984832313843
evo21,1035,16,1.5398522985633463
evo21,1036,16,0.8885345134258387
evo21,1037,16,1.2419792661094107
evo21,1038,16,1.3862393378149136
evo21,1039,16,1.0545519446604885
evo21,1040,16,1.7168707648525015
evo21,1041,16,1.1159044736996293
evo21,1042,16,1.2353856845293194
evo21,1043,16,1.6063486185739748
evo21,1044,16,1.6597159618977457
evo21,1045,16,1.1072650430724025
evo21,1046,16,1.0434589650612907
evo21,1047,16,0.9942429011098284
evo21,1048,16,1.1888820861422573
evo21,1049,16,1.1448336796347576
evo21,1050,16,1.9348679932882078
evo21,1051,16,1.448820527177304
evo21,1052,16,1.3889891805592924
evo21,1053,16,1.3216968579217792
evo21,1054,16,1.3033620744245127
evo21,1055,16,1.4054358038119972
evo21,1056,16,0.9724433745723218
evo21,1057,16,1.2263987482292578
evo21,1058,16,1.1431233249204524
evo21,1059,16,1.1050697722530458
evo21,1060,16,1.0628263137768954
evo21,1061,16,1.2222419250756502
evo21,1062,16,1.3407267240108922
evo21,1063,16,0.8632283106926479
evo21,1064,16,0.9626795121148461
evo21,1065,16,1.1950831576250494
evo21,1066,16,1.1190622591529973
evo21,1067,16,1.286667620704975
evo21,1068,16,0.8225391562737059
evo21,1069,16,1.079672439780552
evo21,1070,16,0.963336248009
evo21,1071,16,1.4238322195305955
evo21,1072,16,1.0304776885313913
evo21,1073,16,1.0504388119807118
evo21,1074,16,1.141742154268286
evo21,1075,16,1.376192174386233
evo21,1076,16,1.7047001386526972
evo21,1077,16,1.167993838666007
evo21,1078,16,0.6833608692031703
evo21,1079,16,1.243733213726955
evo21,1080,16,0.6036023781562108
evo21,1081,16,1.5195318697224138
evo21,1082,16,0.8253494793025311
evo21,1083,16,1.0574460545758484
evo21,1084,16,0.8832692806317937
evo21,1085,16,1.070033046646131
evo21,1086,16,0.9036365756765008
evo21,1087,16,1.004134096288908
evo21,1088,16,0.9889841764525045
evo21,1089,16,1.3731618140955106
evo21,1090,16,1.1872137400787324
evo21,1091,16,1.4284817584702978
evo21,1092,16,0.845240333394031
evo21,1093,16,0.9709516382499714
evo21,1094,16,1.3926157940295525
evo21,1095,16,1.0103556390968151
evo21,1096,16,0.8887550997678773
evo21,1097,16,1.5880521747749299
evo21,1098,16,1.0723567915847525
evo21,1099,16,1.2624535234717769
evo21,1100,16,0.9503978431239375
evo21,1101,16,1.10258370032534
evo21,1102,16,1.0213280803873204
evo21,1103,16,1.0808038934264914
evo21,1104,16,0.811471416905988
evo21,1105,16,1.1266689739568392
evo21,1106,16,0.7317483713850379
evo21,1107,16,1.3958831736817956
evo21,1108,16,1.3541625551879406
evo21,1109,16,0.843753922265023
evo21,1110,16,1.13718028832227
evo21,1111,16,0.9612477149676124
evo21,1112,16,0.6905941825025366
evo21,1113,16,1.7451845487230457
evo21,1114,16,0.8274696956214029
evo21,1115,16,0.885691441144445
evo21,1116,16,1.016998351085931
evo21,1117,16,1.610146588885982
evo21,1118,16,1.1754001951776445
evo21,1119,16,1.1899602307239547
evo21,1120,16,0.7166084258351475
evo21,1121,16,1.0853679137144354
evo21,1122,16,1.2911359621211886
evo21,1123,16,0.7924324328341754
evo21,1124,16,1.2212511165707838
evo21,1125,16,1.200340564828366
evo21,1126,16,0.8972599768312648
evo21,1127,16,0.8328710809910262
evo21,1128,16,1.406009301659651
evo21,1129,16,1.0001133886689786
evo21,1130,16,0.8618488684878685
evo21,1131,16,1.4166104463220108
evo21,1132,16,0.915489393803
evo21,1133,16,1.5139386074297363
evo21,1134,16,1.0680549354292452
evo21,1135,16,1.4821249367814744
evo21,1136,16,0.8072007281298283
evo21,1137,16,1.3397183303459315
evo21,1138,16,0.8811473145033233
evo21,1139,16,1.1958032450638711
evo21,1140,16,1.0870141599007184
evo21,1141,16,1.0185379502363503
evo21,1142,16,0.9283353309729137
evo21,1143,16,1.206738926237449
evo21,1144,16,0.9907979243871523
evo21,1145,16,1.5270909182727337
evo21,1146,16,1.288677618766087
evo21,1147,16,0.9267075919779018
evo21,1148,16,1.2464643547718879
evo21,1149,16,1.389624822884798
evo21,1150,16,0.8104800646469812
evo21,1151,16,1.2132005577077507
evo21,1152,16,0.7246655581475352
evo21,1153,16,0.8212291589661618
evo21,1154,16,1.0587656468414934
evo21,1155,16,1.127407754516753
evo21,1156,16,1.1875220488473133
evo21,1157,16,1.5562685230761417
evo21,1158,16,0.9534322861436522
evo21,1159,16,1.5138453499239404
evo21,1160,16,1.2121947281848406
evo21,1161,16,0.8537119741522474
evo21,1162,16,1.1685095646826085
evo21,1163,16,1.7333741104812361
evo21,1164,16,0.812475203863869
evo21,1165,16,1.1849158075347077
evo21,1166,16,1.0272604828933254
evo21,1167,16,1.1910420180938672
evo21,1168,16,1.1054137766477652
evo21,1169,16,0.6780011660011951
evo21,1170,16,0.9200263643288054
evo21,1171,16,1.2207929359574337
evo21,1172,16,0.8610631162300706
evo21,1173,16,1.0021171503467485
evo21,1174,16,0.7849979666352738
evo21,1175,16,0.6449542497211951
evo21,1176,16,1.241879690438509
evo21,1177,16,1.06410154979676
evo21,1178,16,1.0201744567602873
evo21,1179,16,1.1420677164860535
evo21,1180,16,0.9704730327212019
evo21,1181,16,1.193307793000713
evo21,1182,16,1.211371848010458
evo21,1183,16,1.3673264337412547
evo21,1184,16,1.0387562773248646
evo21,1185,16,0.6989919046172872
evo21,1186,16,1.1899618172465125
evo21,1187,16,1.2766289930441417
evo21,1188,16,1.818788889911957
evo21,1189,16,1.5803835203114431
evo21,1190,16,1.1359361205250025
evo21,1191,16,1.8048522786994
evo21,1192,16,1.1624639704823494
evo21,1193,16,1.214783159954095
evo21,1194,16,1.3800411721458659
evo21,1195,16,1.6910128255476593
evo21,1196,16,1.0885355176178564
evo21,1197,16,2.0305519308894873
evo21,1198,16,0.7236354121414479
evo21,1199,16,1.3986652135499753
evo21,1200,16,1.306785878026858
evo21,1201,16,1.0810146348085254
evo21,1202,16,0.9818007064750418
evo21,1203,16,1.222804076736793
evo21,1204,16,0.8403320171637461
evo21,1205,16,1.289072852494428
evo21,1206,16,0.8707556790322997
evo21,1207,16,0.8166555986499588
evo21,1208,16,0.8034452269785106
evo21,1209,16,1.2051649526692927
evo21,1210,16,0.9398747117520543
evo21,1211,16,0.9836860584910028
evo21,1212,16,1.1425428063084837
evo21,1213,16,1.3207991338495049
evo21,1214,16,0.8943914324554498
evo21,1215,16,0.940681607593433
evo21,1216,16,1.123770798163605
evo21,1217,16,1.11251773564436
evo21,1218,16,1.033916456697625
evo21,1219,16,1.074211777689925
evo21,1220,16,1.021203870212048
evo21,1221,16,1.0125019160550437
evo21,1222,16,1.242011539019586
evo21,1223,16,0.7880398906418122
evo21,1224,16,1.1869754641084
evo21,1225,16,1.2088930523750605
evo21,1226,16,1.0901920021642582
evo21,1227,16,0.9366415971599054
evo21,1228,16,0.8460272724296374
evo21,1229,16,1.3510879332898185
evo21,1230,16,0.9054887077363674
evo21,1231,16,1.2538119016462588
evo21,1232,16,1.324983404672821
evo21,1233,16,1.0610411390662193
evo21,1234,16,1.2776560538477497
evo21,1235,16,0.9172994449509133
evo21,1236,16,1.3492158261069562
evo21,1237,16,0.975787466399197
evo21,1238,16,1.1249976325780153
evo21,1239,16,0.8588389951037243
evo21,1240,16,1.0376448797032936
evo21,1241,16,0.9547898893215461
evo21,1242,16,0.7362540485337377
evo21,1243,16,0.8785068138095085
evo21,1244,16,1.0875947427994106
evo21,1245,16,1.1814514663128648
evo21,1246,16,0.9949645859305747
evo21,1247,16,1.0456759347871412
evo21,1248,16,1.0130728756194003
evo21,1249,16,1.3717467715032399
evo21,1250,16,0.9095478164963424
evo21,1251,16,1.2351262270094594
evo21,1252,16,1.4467363576186472
evo21,1253,16,0.9119890071451664
evo21,1254,16,1.668721778318286
evo21,1255,16,0.6971758719882928
evo21,1256,16,0.720930217357818
evo21,1257,16,1.5803234338818584
evo21,1258,16,1.0826770295388997
evo21,1259,16,0.992043280712096
evo21,1260,16,0.8770362529539852
evo21,1261,16,1.7890919862766168
evo21,1262,16,1.25780921029218
evo21,1263,16,1.451293264515698
evo21,1264,16,0.921926636074204
evo21,1265,16,1.0322920077014714
evo21,1266,16,0.955259753856808
evo21,1267,16,1.1226813746325206
evo21,1268,16,0.990273199728108
evo21,1269,16,1.0001801428152248
evo21,1270,16,0.7692066952586174
evo21,1271,16,1.0894139091687975
evo21,1272,16,1.0648479945521103
evo21,1273,16,1.3631687204833725
evo21,1274,16,1.0310233096897718
evo21,1275,16,1.2304765076987678
evo21,1276,16,1.4464567296527093
evo21,1277,16,0.8651831722745555
evo21,1278,16,0.8881461825221777
evo21,1279,16,0.9310422652342822
evo21,1280,16,1.3184807390643982
evo21,1281,16,1.3088276657799724
evo21,1282,16,1.1725729759782553
evo21,1283,16,1.1299139606089739
evo21,1284,16,1.94740897947122
evo21,1285,16,1.3321644746683887
evo21,1286,16,0.9402626409719232
evo21,1287,16,0.9810033070825739
evo21,1288,16,1.1524371384111873
evo21,1289,16,0.8079072432228713
evo21,1290,16,1.2285880333802197
evo21,1291,16,0.7971267429529689
evo21,1292,16,0.9179168926784769
evo21,1293,16,1.0631399932317436
evo21,1294,16,0.8877776608569548
evo21,1295,16,1.1369558956212131
evo21,1296,16,1.2709468184038997
evo21,1297,16,1.0856769113161135
evo21,1298,16,1.5998498424887657
evo21,1299,16,0.7142640190431848
evo21,1300,16,0.8631044052235666
evo21,1301,16,0.8659523592505138
evo21,1302,16,0.9667539534857497
evo21,1303,16,0.9904446835425915
evo21,1304,16,1.6302267431165092
evo21,1305,16,1.338503314764239
evo21,1306,16,1.2810470933363831
evo21,1307,16,0.7196077670669183
evo21,1308,16,1.2057459636125714
evo21,1309,16,0.9278706341028737
evo21,1310,16,0.8395519825280644
evo21,1311,16,1.2117819952545688
evo21,1312,16,1.2358738770235504
evo21,1313,16,1.1341558984131552
evo21,1314,16,1.2913329508155584
evo21,1315,16,0.9439401308191009
evo21,1316,16,1.1640523505629972
evo21,1317,16,1.9196471554460004
evo21,1318,16,1.3134548446105327
evo21,1319,16,0.9021355262957513
evo21,1320,16,1.1937226490263129
evo21,1321,16,1.0387335416889982
evo21,1322,16,1.014766984677408
evo21,1323,16,0.9896612339653075
evo21,1324,16,0.870480091063655
evo21,1325,16,0.7893456956953742
evo21,1326,16,0.8411915670149028
evo21,1327,16,1.364238725771429
evo21,1328,16,0.8776656789996196
evo21,1329,16,0.990504925197456
evo21,1330,16,0.7203072415359202
evo21,1331,16,0.5659945296356454
evo21,1332,16,0.9393638732726686
evo21,1333,16,1.2089992348628584
evo21,1334,16,0.8688807709550019
evo21,1335,16,0.8288520600181073
evo21,1336,16,0.8462609877751675
evo21,1337,16,0.8900636343169026
evo21,1338,16,0.7932192899606889
evo21,1339,16,0.473239832354011
evo21,1340,16,0.9594164061854826
evo21,1341,16,0.8233762877207482
evo21,1342,16,0.8919318573316559
evo21,1343,16,1.0421959163613792
evo21,1344,16,0.8949192701838911
evo21,1345,16,1.489406682230765
evo21,1346,16,1.2034150590770878
evo21,1347,16,0.9057627157744719
evo21,1348,16,1.0879896440601442
evo21,1349,16,0.9817817899565853
evo21,1350,16,1.0144882140448317
evo21,1351,16,0.7201313800615026
evo21,1352,16,1.164723472622427
evo21,1353,16,0.677092050533247
evo21,1354,16,0.8141216785588767
evo21,1355,16,1.2615412562154233
evo21,1356,16,1.4348797564161941
evo21,1357,16,0.8082232683664188
evo21,1358,16,0.9003163478919305
evo21,1359,16,0.7535667598276632
evo21,1360,16,0.9865620386808587
evo21,1361,16,0.9016821836703457
evo21,1362,16,0.7791292280671769
evo21,1363,16,0.9410222578808316
evo21,1364,16,0.7225393697917752
evo21,1365,16,0.9214575961195806
evo21,1366,16,0.6911025969311595
evo21,1367,16,1.2791747492883587
evo21,1368,16,0.7651183785528701
evo21,1369,16,0.8899572475784225
evo21,1370,16,0.9748905920350808
evo21,1371,16,0.7633192796056392
evo21,1372,16,1.0876414480590029
evo21,1373,16,1.0307888799870852
evo21,1374,16,0.9056576402726932
evo21,1375,16,0.8892436019668821
evo21,1376,16,1.296341842818947
evo21,1377,16,0.8851737143850187
evo21,1378,16,0.936499128532887
evo21,1379,16,1.4830617932311725
evo21,1380,16,0.8177153386786813
evo21,1381,16,1.125818708067527
evo21,1382,16,0.7582725435349857
evo21,1383,16,0.8263746595803241
evo21,1384,16,1.3677919915062375
evo21,1385,16,1.1127151352411602
evo21,1386,16,1.1843210763763636
evo21,1387,16,1.2717202450730838
evo21,1388,16,0.927671083365567
evo21,1389,16,1.1879714271053672
evo21,1390,16,0.7809184712386923
evo21,1391,16,0.9960905628104229
evo21,1392,16,1.007694870040723
evo21,1393,16,1.4702181075699627
evo21,1394,16,1.0538048231319408
evo21,1395,16,0.9085561403771862
evo21,1396,16,0.9652676268997311
evo21,1397,16,1.2911695722286822
evo21,1398,16,0.9435596959374379
evo21,1399,16,1.0253382544615306
evo21,1400,16,1.1869594454219623
evo21,1401,16,1.7182645006105304
evo21,1402,16,1.3232355279833428
evo21,1403,16,1.175808772444725
evo21,1404,16,1.3063741652076715
evo21,1405,16,0.9771892716344155
evo21,1406,16,1.0711920142639428
evo21,1407,16,0.8533219355740584
evo21,1408,16,0.8019079337682342
evo21,1409,16,1.0932190235325834
evo21,1410,16,0.9289714086335152
evo21,1411,16,0.9623574118304532
evo21,1412,16,1.1996633303933777
evo21,1413,16,0.9438527555321343
evo21,1414,16,1.001235305404407
evo21,1415,16,0.9280351851084561
evo21,1416,16,0.7361205855268054
evo21,1417,16,0.8288420254757511
evo21,1418,16,0.8220627770278952
evo21,1419,16,1.0313051380217075
evo21,1420,16,1.0433123720576987
evo21,1421,16,0.9445428316030302
evo21,1422,16,1.1410675706247275
evo21,1423,16,0.822377238451736
evo21,1424,16,1.0955064768495504
evo21,1425,16,1.3011033152288292
evo21,1426,16,0.9133812761865556
evo21,1427,16,1.0874940443318337
evo21,1428,16,1.1036709940599394
evo21,1429,16,0.9357513030990958
evo21,1430,16,1.1744804372719955
evo21,1431,16,1.087548216804862
evo21,1432,16,1.176349203022255
evo21,1433,16,1.177355278923642
evo21,1434,16,1.4668803308159113
evo21,1435,16,1.2840817511314526
evo21,1436,16,1.241634696314577
evo21,1437,16,0.8498192504048347
evo21,1438,16,1.0128511902112223
evo21,1439,16,1.026909126652754
evo21,1440,16,0.7371336149517447
evo21,1441,16,1.0135329114164051
evo21,1442,16,1.2462883547777892
evo21,1443,16,0.9175941814610269
evo21,1444,16,0.6825369655271061
evo21,1445,16,1.086429006572871
evo21,1446,16,1.3483127958606929
evo21,1447,16,1.1551537727646064
evo21,1448,16,1.5717688007862307
evo21,1449,16,1.1491495474474505
evo21,1450,16,0.8874546934384853
evo21,1451,16,1.075189778697677
evo21,1452,16,1.1045028972876025
evo21,1453,16,0.8467417150422989
evo21,1454,16,0.999863957411435
evo21,1455,16,0.7858562550973147
evo21,1456,16,0.89546697179685
evo21,1457,16,1.0574333887561806
evo21,1458,16,1.3562560039572418
evo21,1459,16,1.5150377444224432
evo21,1460,16,1.1818146035075188
evo21,1461,16,1.5102635411312804
evo21,1462,16,1.1327785337998648
evo21,1463,16,1.4801423031458398
evo21,1464,16,1.4360971039859578
evo21,1465,16,1.061132056893257
evo21,1466,16,1.0615689680707874
evo21,1467,16,0.9302093855476414
evo21,1468,16,0.9740655184432399
evo21,1469,16,1.2037269241409376
evo21,1470,16,0.7966993362642825
evo21,1471,16,1.5211588343954645
evo21,1472,16,0.8675419469655026
evo21,1473,16,1.1371804890513886
evo21,1474,16,1.2164141546236351
evo21,1475,16,0.8116287103075592
evo21,1476,16,1.3423168397930567
evo21,1477,16,0.8216300045751268
evo21,1478,16,2.001465495210141
evo21,1479,16,0.9013070909823
evo21,1480,16,1.4493794916197658
evo21,1481,16,1.2043659696355462
evo21,1482,16,0.9850866617634892
evo21,1483,16,0.8088330404279986
evo21,1484,16,1.075081205344759
evo21,1485,16,1.3776792136777658
evo21,1486,16,1.442796757328324
evo21,1487,16,1.585037933778949
evo21,1488,16,1.3074750268715434
evo21,1489,16,1.6085083929792745
evo21,1490,16,1.3319893873704132
evo21,1491,16,1.078977311932249
evo21,1492,16,0.8118129333561228
evo21,1493,16,0.775765931692149
evo21,1494,16,0.9874614664586261
evo21,1495,16,1.2977881714323303
evo21,1496,16,1.1075936825945973
evo21,1497,16,0.6492588494438678
evo21,1498,16,0.889175246556988
evo21,1499,16,1.098295686300844
evo21,1500,16,0.6940813439068734
evo21,1501,16,0.9402409701433498
evo21,1502,16,1.3508136750024278
evo21,1503,16,1.4410069247242063
evo21,1504,16,0.7301873613614589
evo21,1505,16,1.0188618620159104
evo21,1506,16,1.796283372794278
evo21,1507,16,1.136399768292904
evo21,1508,16,1.0904390327632427
evo21,1509,16,0.9395511862094281
evo21,1510,16,1.0145371917751618
evo21,1511,16,1.1215195311233401
evo21,1512,16,0.9269599854014814
evo21,1513,16,1.0790727425483055
evo21,1514,16,0.9713284866884351
evo21,1515,16,1.6750075480667874
evo21,1516,16,1.2365427734621335
evo21,1517,16,1.261824012733996
evo21,1518,16,0.7742066819919273
evo21,1519,16,1.171946226095315
evo21,1520,16,1.1216352168121375
evo21,1521,16,1.1310550440102816
evo21,1522,16,1.1182769977822318
evo21,1523,16,1.2059461809694767
evo21,1524,16,1.3060452737263404
evo21,1525,16,0.8374812563415617
evo21,1526,16,1.1502384170889854
evo21,1527,16,1.0276324126607506
evo21,1528,16,1.0172880232385069
evo21,1529,16,1.0668610352513497
evo21,1530,16,1.0311046705246554
evo21,1531,16,0.7854659644508502
evo21,1532,16,1.2481254474332673
evo21,1533,16,1.4795034155249596
evo21,1534,16,1.407905645261053
evo21,1535,16,1.1321338693378493
evo21,1536,16,1.2276619516997016
evo21,1537,16,1.0459165444372047
evo21,1538,16,1.0501623841955734
evo21,1539,16,0.8522856083582155
evo21,1540,16,1.2317903639959695
evo21,1541,16,1.3481755396351218
evo21,1542,16,1.3923375710728578
evo21,1543,16,1.178842150788114
evo21,1544,16,0.8742649205960333
evo21,1545,16,1.008573761653679
evo21,1546,16,1.5802475677919574
evo21,1547,16,1.0678816303116037
evo21,1548,16,1.3276237600948662
evo21,1549,16,1.0209369704825804
evo21,1550,16,1.0355394909638562
evo21,1551,16,1.0289806718938053
evo21,1552,16,1.2101295826068963
evo21,1553,16,0.9557603122666478
evo21,1554,16,0.8766641408437863
evo21,1555,16,1.1617409972241148
evo21,1556,16,0.8155184361894499
evo21,1557,16,1.1394561460256227
evo21,1558,16,0.8858420245232992
evo21,1559,16,0.9250464723445475
evo21,1560,16,0.9541422638794756
evo21,1561,16,0.7893803015031153
evo21,1562,16,1.421850701852236
evo21,1563,16,1.0345878160296706
evo21,1564,16,1.388480476816767
evo21,1565,16,1.6914833504706621
evo21,1566,16,1.346865946019534
evo21,1567,16,1.0389152562856907
evo21,1568,16,1.4796732449904084
evo21,1569,16,1.3175715629477054
evo21,1570,16,1.449407606618479
evo21,1571,16,1.3629298210144043
evo21,1572,16,1.1367231405165512
evo21,1573,16,0.7922643266720115
evo21,1574,16,0.9852132885280298
evo21,1575,16,1.400656958197942
evo21,1576,16,1.4382736086845398
evo21,1577,16,1.2630320731550455
evo21,1578,16,1.331761542649474
evo21,1579,16,1.0721388683232362
evo21,1580,16,1.0641733050579205
evo21,1581,16,1.4411167369689792
evo21,1582,16,0.7958785033915774
evo21,1583,16,1.959217814495787
evo21,1584,16,0.9524838073702995
evo21,1585,16,0.7821409767930163
evo21,1586,16,1.1221497027436271
evo21,1587,16,0.8782249977011816
evo21,1588,16,0.8689785222522914
evo21,1589,16,1.2917627756251022
evo21,1590,16,1.5648714194066997
evo21,1591,16,1.2774075992892904
evo21,1592,16,1.0272626347723417
evo21,1593,16,1.219465519359801
evo21,1594,16,1.1443810638738796
evo21,1595,16,1.0416422680718824
evo21,1596,16,1.1834050181350904
evo21,1597,16,1.225612359427032
evo21,1598,16,1.3594245310523547
evo21,1599,16,1.0388403519173153
evo21,1600,16,1.1789936231798492
evo21,1601,16,1.1787883721335675
evo21,1602,16,1.6795041821642371
evo21,1603,16,1.0105976634622493
evo21,1604,16,0.9813145371663268
evo21,1605,16,1.1247667484421981
evo21,1606,16,1.4912860142067075
evo21,1607,16,1.5229557486600243
evo21,1608,16,1.356286151392851
evo21,1609,16,1.4111234929478087
evo21,1610,16,0.9286366899032146
evo21,1611,16,1.587150093211676
evo21,1612,16,1.3381953420175705
evo21,1613,16,1.1968420700868592
evo21,1614,16,1.843388166758814
evo21,1615,16,1.1437492690165527
evo21,1616,16,1.3772929520346224
evo21,1617,16,1.4608710062457249
evo21,1618,16,1.225355999173189
evo21,1619,16,1.3937978169415146
evo21,1620,16,1.78428096803691
evo21,1621,16,1.0386587731081818
evo21,1622,16,1.170118999783881
evo21,1623,16,1.2444247920066118
evo21,1624,16,1.1023298844484088
evo21,1625,16,1.420271673516254
evo21,1626,16,1.0779156649950892
evo21,1627,16,1.6938055731661734
evo21,1628,16,0.8705665119923651
evo21,1629,16,1.2589359381236136
evo21,1630,16,1.4703713876951952
evo21,1631,16,1.3029767535626888
evo21,1632,16,1.3101903963834047
evo21,1633,16,1.1410989189025713
evo21,1634,16,1.6628501464001602
evo21,1635,16,1.2278117621317506
evo21,1636,16,1.4060597220959608
evo21,1637,16,1.21938572707586
evo21,1638,16,1.614359846629668
evo21,1639,16,1.2866491334571037
evo21,1640,16,1.0190358159597963
evo21,1641,16,1.201696740463376
evo21,1642,16,1.5124263004254317
evo21,1643,16,1.357446065172553
evo21,1644,16,1.5955806355923414
evo21,1645,16,1.2392065197018383
evo21,1646,16,1.8063754402683116
evo21,1647,16,0.998040086691617
evo21,1648,16,0.9965511366608553
evo21,1649,16,1.7591482833959162
evo21,1650,16,1.314224449917674
evo21,1651,16,1.4830574374645948
evo21,1652,16,1.0983204725198448
evo21,1653,16,0.6829727499716682
evo21,1654,16,1.0702860157980467
evo21,1655,16,1.2444457982783206
evo21,1656,16,1.5003642567899078
evo21,1657,16,1.0824259766377509
evo21,1658,16,1.016269454092253
evo21,1659,16,1.3989824270829558
evo21,1660,16,1.9321673749946058
evo21,1661,16,1.1314847010653466
evo21,1662,16,1.4848459173808806
evo21,1663,16,1.146695225557778
evo21,1664,16,1.1808325613383204
evo21,1665,16,1.377192180021666
evo21,1666,16,1.2411078776058275
evo21,1667,16,1.4567175829433836
evo21,1668,16,1.6780343065038323
evo21,1669,16,1.5476570873433957
evo21,1670,16,1.4384692411404103
evo21,1671,16,1.1297544931876473
evo21,1672,16,1.0577297939016717
evo21,1673,16,1.1703845148877008
evo21,1674,16,1.2927702198066982
evo21,1675,16,1.2676637785625644
evo21,1676,16,1.537845108530746
evo21,1677,16,1.0994236310070846
evo21,1678,16,1.0026512238546275
evo21,1679,16,1.0615251402196009
evo21,1680,16,1.1401215578043775
evo21,1681,16,1.0000347576278728
evo21,1682,16,1.0906191082322039
evo21,1683,16,0.8225480973924277
evo21,1684,16,1.016135050333105
evo21,1685,16,1.1567382701614406
evo21,1686,16,1.0971444757306017
evo21,1687,16,1.687236836150987
evo21,1688,16,1.2865743092261255
evo21,1689,16,1.3771813734347234
evo21,1690,16,1.5329635066991614
evo21,1691,16,0.9598280927457381
evo21,1692,16,1.111038552597165
evo21,1693,16,1.0553157167742029
evo21,1694,16,1.4945630576694384
evo21,1695,16,1.3824966951069655
evo21,1696,16,1.4534882437437773
evo21,1697,16,1.2088895873748697
evo21,1698,16,1.6676467389261234
evo21,1699,16,1.7119739961344749
evo21,1700,16,1.3363940760609694
evo21,1701,16,1.2665664498927072
evo21,1702,16,1.5380842020967975
evo21,1703,16,1.3923071390017867
evo21,1704,16,1.2729380461678375
evo21,1705,16,1.5555670773610473
evo21,1706,16,1.3627704659302253
evo21,1707,16,0.9707646551833022
evo21,1708,16,1.5929635926149786
evo21,1709,16,1.1747238190400822
evo21,1710,16,1.5936564826406538
evo21,1711,16,1.3739745849743485
evo21,1712,16,1.6515919534831482
evo21,1713,16,1.063278884445026
evo21,1714,16,1.2324238450382836
evo21,1715,16,1.280106108970358
evo21,1716,16,1.345849798002746
evo21,1717,16,1.4668901795521379
evo21,1718,16,1.5378643218427896
evo21,1719,16,0.9050865619210526
evo21,1720,16,1.4058304124628194
evo21,1721,16,1.1164567248197272
evo21,1722,16,1.5982111727644224
evo21,1723,16,1.3134437296539545
evo21,1724,16,0.978558459537453
evo21,1725,16,0.8499027951620519
evo21,1726,16,1.3134469483047724
evo21,1727,16,1.2711608299869113
evo21,1728,16,1.619556091100094
evo21,1729,16,1.3270622920244932
evo21,1730,16,1.3223890513181686
evo21,1731,16,1.4223121798131615
evo21,1732,16,1.3386412407271564
evo21,1733,16,1.3907626818981953
evo21,1734,16,1.2412511891452596
evo21,1735,16,1.8732372876256704
evo21,1736,16,1.2170248713809997
evo21,1737,16,1.2133958720369264
evo21,1738,16,1.044205924961716
evo21,1739,16,0.9701611060881987
evo21,1740,16,1.303415273228893
evo21,1741,16,1.687412157683866
evo21,1742,16,1.7249143193475902
evo21,1743,16,1.0805879193358123
evo21,1744,16,1.2985622059786692
evo21,1745,16,1.3727980568364728
evo21,1746,16,1.0890702304895967
evo21,1747,16,1.6497710788971744
evo21,1748,16,1.1095511096064001
evo21,1749,16,1.6831360524520278
evo21,1750,16,0.9734993131714873
evo21,1751,16,1.1407401272153948
evo21,1752,16,0.6751180069986731
evo21,1753,16,1.668639501411235
evo21,1754,16,1.0797882098704576
evo21,1755,16,1.0737580424174666
evo21,1756,16,1.0763509897515178
evo21,1757,16,1.2031670276046498
evo21,1758,16,1.496356006275164
evo21,1759,16,1.3741636732593179
evo21,1760,16,1.4377582332090242
evo21,1761,16,1.2658537006791448
evo21,1762,16,0.772288002379355
evo21,1763,16,0.9426820272346959
evo21,1764,16,1.7819093284197152
evo21,1765,16,1.9954299707897007
evo21,1766,16,1.1316688595034066
evo21,1767,16,0.7350058621086646
evo21,1768,16,1.0846220563107636
evo21,1769,16,1.3490732808277244
evo21,1770,16,1.1982837801915593
evo21,1771,16,1.0717347892350517
evo21,1772,16,1.285528430238628
evo21,1773,16,1.225576670782175
evo21,1774,16,1.7117118563328404
evo21,1775,16,1.2864285674877465
evo21,1776,16,0.7117408781195991
evo21,1777,16,1.6395430536940694
evo21,1778,16,1.8407363954829634
evo21,1779,16,1.0784322246909142
evo21,1780,16,1.257388798345346
evo21,1781,16,0.8609253587201238
evo21,1782,16,1.53186164105864
evo21,1783,16,1.7543273350092932
evo21,1784,16,1.076243375428021
evo21,1785,16,1.1408652518948657
evo21,1786,16,1.326004017428204
evo21,1787,16,0.7741429086163407
evo21,1788,16,1.57363307288324
evo21,1789,16,1.529048371128738
evo21,1790,16,1.1895056602079421
evo21,1791,16,0.8379005203896668
evo21,1792,16,0.8943205243194825
evo21,1793,16,0.9018822659490979
evo21,1794,16,1.4238060615607537
evo21,1795,16,1.421803624369204
evo21,1796,16,1.3299236299208133
evo21,1797,16,1.436828376725316
evo21,1798,16,1.185000027398928
evo21,1799,16,0.777046039889683
evo21,1800,16,1.1012691366486251
evo21,1801,16,1.151061792159453
evo21,1802,16,1.8127762540534604
evo21,1803,16,1.0267412753310055
evo21,1804,16,1.3408745089545846
evo21,1805,16,1.2333214841783047
evo21,1806,16,1.542700803373009
evo21,1807,16,1.5030244095250964
evo21,1808,16,0.8637072870042175
evo21,1809,16,1.2156208919768687
evo21,1810,16,1.1660529452201445
evo21,1811,16,0.9655933134490624
evo21,1812,16,1.2876532634691102
evo21,1813,16,1.0960203733411618
evo21,1814,16,1.1114633072866127
evo21,1815,16,1.28983394846
evo21,1816,16,1.163473658321891
evo21,1817,16,1.4154804102581693
evo21,1818,16,1.4302550941356458
evo21,1819,16,1.3953896670791437
evo21,1820,16,0.8504978444543667
evo21,1821,16,1.0956589476263616
evo21,1822,16,1.430746315047145
evo21,1823,16,1.1139592377003282
evo21,1824,16,1.2942499658674933
evo21,1825,16,1.1236842545622494
evo21,1826,16,1.302464017921011
evo21,1827,16,0.9520378023153171
evo21,1828,16,1.3737866261799354
evo21,1829,16,1.382432376849465
evo21,1830,16,1.4454638721290394
evo21,1831,16,1.123499924200587
evo21,1832,16,1.4127536576706916
evo21,1833,16,1.2346658445312642
evo21,1834,16,1.6862652017152868
evo21,1835,16,1.6019567708062823
evo21,1836,16,0.905960061973019
evo21,1837,16,1.0431266686900926
evo21,1838,16,0.8545284816718777
evo21,1839,16,1.7419430386507884
evo21,1840,16,1.2118988993534003
evo21,1841,16,1.2726279238340794
evo21,1842,16,1.3882215288540465
evo21,1843,16,1.2069091904122615
evo21,1844,16,1.2344113415529137
evo21,1845,16,1.106619683385361
evo21,1846,16,1.170019142984529
evo21,1847,16,0.8920487946306821
evo21,1848,16,1.3128510697861202
evo21,1849,16,1.1178657521522837
evo21,1850,16,1.084510349406628
evo21,1851,16,1.2681230351445265
evo21,1852,16,1.002595633821329
evo21,1853,16,1.3486071224251646
evo21,1854,16,1.4542126993183047
evo21,1855,16,1.4572004185756668
evo21,1856,16,0.5922026075713802
evo21,1857,16,1.2756295983563177
evo21,1858,16,1.2512596719825524
evo21,1859,16,1.5513444249518216
evo21,1860,16,1.184855728992261
evo21,1861,16,1.9778002267703414
evo21,1862,16,1.25472596110194
evo21,1863,16,1.0966288566123694
evo21,1864,16,1.7637600880116224
evo21,1865,16,1.080182829813566
evo21,1866,16,1.1547146227676421
evo21,1867,16,1.0549684599827742
evo21,1868,16,1.2932755206420552
evo21,1869,16,1.2816845127090346
evo21,1870,16,1.2380643147043884
evo21,1871,16,0.9398186469770735
evo21,1872,16,0.9397448313538916
evo21,1873,16,1.3311967008048669
evo21,1874,16,1.3328535640212067
evo21,1875,16,1.100751486956142
evo21,1876,16,1.0115670960367424
evo21,1877,16,1.5921060540131293
evo21,1878,16,1.4375783433788456
evo21,1879,16,1.0871141502866521
evo21,1880,16,1.3637579877104145
evo21,1881,16,1.2984283950936515
evo21,1882,16,1.4971971427148674
evo21,1883,16,1.2504688239387178
evo21,1884,16,0.9451600477914326
evo21,1885,16,1.3131454729737015
evo21,1886,16,1.2464985869301017
evo21,1887,16,1.2604380161501467
evo21,1888,16,1.5969119750079699
evo21,1889,16,1.1986980181391118
evo21,1890,16,1.599405257962644
evo21,1891,16,1.1079447320953477
evo21,1892,16,1.024551717680879
evo21,1893,16,1.2284268848598003
evo21,1894,16,0.9724329765158473
evo21,1895,16,1.1759301340644015
evo21,1896,16,1.2236869661137462
evo21,1897,16,1.2891880537354155
evo21,1898,16,1.0377296948354342
evo21,1899,16,1.2624065795680508
evo21,1900,16,1.652446797088487
evo21,1901,16,1.3241437463802868
evo21,1902,16,1.520269432949135
evo21,1903,16,1.494810137723107
evo21,1904,16,1.0387069841235643
evo21,1905,16,1.0403951343614608
evo21,1906,16,1.2417391545168357
evo21,1907,16,1.003011098197021
evo21,1908,16,1.6383252879604697
evo21,1909,16,1.6735843969363486
evo21,1910,16,1.1676213080063462
evo21,1911,16,1.1299046791900764
evo21,1912,16,1.056623885204317
evo21,1913,16,1.0607180043371045
evo21,1914,16,1.6329515893012285
evo21,1915,16,1.3836100675689522
evo21,1916,16,1.2973341709730448
evo21,1917,16,1.5711620096117258
evo21,1918,16,1.1879461077041924
evo21,1919,16,1.2018152897944674
evo21,1920,16,1.642821421075496
evo21,1921,16,1.3893508353066863
evo21,1922,16,1.0510136969387531
evo21,1923,16,1.210558695718646
evo21,1924,16,0.9902708440495189
evo21,1925,16,0.793532908137422
evo21,1926,16,1.2852523075416684
evo21,1927,16,1.2993747772998177
evo21,1928,16,1.2856510119891027
evo21,1929,16,1.6509652887179982
evo21,1930,16,1.1712719672796084
evo21,1931,16,1.0918060015392257
evo21,1932,16,1.0166879068128765
evo21,1933,16,0.9649624292433145
evo21,1934,16,1.1241375260287896
evo21,1935,16,1.4025846924632788
evo21,1936,16,1.209872857783921
evo21,1937,16,1.1172896401549224
evo21,1938,16,1.2903504986315966
evo21,1939,16,1.1993572325445712
evo21,1940,16,1.1856300690560602
evo21,1941,16,1.5796978318830952
evo21,1942,16,0.997511989553459
evo21,1943,16,1.113572565605864
evo21,1944,16,1.7683065209675988
evo21,1945,16,1.1663015065860236
evo21,1946,16,1.0608929146328592
evo21,1947,16,1.2655915759096388
evo21,1948,16,1.8435042166966014
evo21,1949,16,1.3898576728533953
evo21,1950,16,1.5962024515902158
evo21,1951,16,1.213400404121785
evo21,1952,16,1.333940764889121
evo21,1953,16,1.2010742528364062
evo21,1954,16,1.3004162578145042
evo21,1955,16,0.9866912170546129
evo21,1956,16,0.9451533045503311
evo21,1957,16,1.2599523597491498
evo21,1958,16,1.2383783072873484
evo21,1959,16,1.1120425400440581
evo21,1960,16,1.3166523379004502
evo21,1961,16,1.8285440462932456
evo21,1962,16,1.0312114818952978
evo21,1963,16,1.1774754440557444
evo21,1964,16,1.2150350394658744
evo21,1965,16,1.5307169873267412
evo21,1966,16,1.8010855277534574
evo21,1967,16,1.5345703288185177
evo21,1968,16,1.078085431465297
evo21,1969,16,1.1712973756948486
evo21,1970,16,0.9005626634461805
evo21,1971,16,1.4663159793417435
evo21,1972,16,1.0678911029244773
evo21,1973,16,1.2967251395457424
evo21,1974,16,1.8155600465543102
evo21,1975,16,1.3603858192145708
evo21,1976,16,1.205964378605131
evo21,1977,16,1.3735795090105967
evo21,1978,16,0.9188301121466793
evo21,1979,16,0.7093336518446449
evo21,1980,16,0.7866850790305762
evo21,1981,16,0.7587262628076132
evo21,1982,16,1.219399339370284
evo21,1983,16,1.4542083023115993
evo21,1984,16,1.0166418886510655
evo21,1985,16,1.4198649486061186
evo21,1986,16,1.3257768813055009
evo21,1987,16,1.296618040651083
evo21,1988,16,0.9949036612815689
evo21,1989,16,1.1770378608998726
evo21,1990,16,1.28414294090544
evo21,1991,16,1.3740211953772814
evo21,1992,16,1.1194984465182642
evo21,1993,16,0.9760708419780713
evo21,1994,16,1.0195566629408859
evo21,1995,16,1.0951021141954698
evo21,1996,16,1.2955582369759213
evo21,1997,16,1.027105731132906
evo21,1998,16,1.368576078210026
evo21,1999,16,1.4326411123474827
evo21,2000,16,1.239045739872381
evo21,2001,16,1.1463258459698409
evo21,2002,16,1.078198421280831
evo21,2003,16,1.2712373426184058
evo21,2004,16,1.3410231419838965
evo21,2005,16,0.9838583923992701
evo21,2006,16,1.0138117961760145
evo21,2007,16,1.2819231715402566
evo21,2008,16,1.4063748773405678
evo21,2009,16,1.1984634139371337
evo21,2010,16,1.1460063606500626
evo21,2011,16,1.282626981876092
evo21,2012,16,1.2739754282374633
evo21,2013,16,1.227920941542834
evo21,2014,16,0.7884269326168578
evo21,2015,16,1.184273210070387
evo21,2016,16,1.0438287616707385
evo21,2017,16,1.3160173530923203
evo21,2018,16,1.5223266989742115
evo21,2019,16,1.3001771289855242
evo21,2020,16,1.0658117035054602
evo21,2021,16,1.1372678618645296
evo21,2022,16,1.3318921673344448
evo21,2023,16,1.1550341974943876
evo21,2024,16,1.4027454445022158
evo21,2025,16,1.8966780742630363
evo21,2026,16,1.2814757926244056
evo21,2027,16,1.4961983829853125
evo21,2028,16,1.5507920999079943
evo21,2029,16,1.1148156558920164
evo21,2030,16,0.8802230153232813
evo21,2031,16,1.774248226545751
evo21,2032,16,1.169118464422354
evo21,2033,16,1.3962186235003173
evo21,2034,16,1.0695117909344845
evo21,2035,16,1.162274057904142
evo21,2036,16,1.4280809515330475
evo21,2037,16,1.3676225738599896
evo21,2038,16,1.1374504595878534
evo21,2039,16,1.6517216533102328
evo21,2040,16,1.9453958738595247
evo21,2041,16,1.140792494872585
evo21,2042,16,1.241622369037941
evo21,2043,16,1.3469282891601324
evo21,2044,16,1.1757034809561446
evo21,2045,16,1.558461593798711
evo21,2046,16,1.1813861215487123
evo21,2047,16,0.9388468895267579
evo21,2048,16,1.6158880774819409
evo21,2049,16,0.964903624728322
evo21,2050,16,1.1732496809709119
evo21,2051,16,1.8028543753898703
evo21,2052,16,1.6023456413531676
evo21,2053,16,1.177602532232413
evo21,2054,16,1.6181593872606754
evo21,2055,16,1.1981437241192907
evo21,2056,16,1.2599718890414806
evo21,2057,16,1.1328594793521916
evo21,2058,16,1.5277536100475118
evo21,2059,16,1.0730297696209163
evo21,2060,16,1.2755185342830373
evo21,2061,16,1.1113576548086712
evo21,2062,16,1.2865035424911184
evo21,2063,16,0.9661256677645724
evo21,2064,16,1.0026134210638702
evo21,2065,16,1.6991540121962316
evo21,2066,16,1.0902758974116296
evo21,2067,16,1.7232439566869289
evo21,2068,16,1.0255884825091925
evo21,2069,16,1.5080168024869636
evo21,2070,16,1.4154960451414809
evo21,2071,16,1.0389034112195077
evo21,2072,16,1.475099915638566
evo21,2073,16,0.9806193648837507
evo21,2074,16,1.1729091832530685
evo21,2075,16,1.0449015954509377
evo21,2076,16,1.2597412196919322
evo21,2077,16,0.7027495871516294
evo21,2078,16,1.5938082285647397
evo21,2079,16,1.2413685000501573
evo21,2080,16,1.0828547832206823
evo21,2081,16,1.5613537591416389
evo21,2082,16,1.1346815444994718
evo21,2083,16,1.1044902909197845
evo21,2084,16,1.4334677904844284
evo21,2085,16,1.4309983807324897
evo21,2086,16,1.5473020817371435
evo21,2087,16,1.1438351237302413
evo21,2088,16,1.4361841212958097
evo21,2089,16,2.0806060177928885
evo21,2090,16,1.4646609667615849
evo21,2091,16,1.4254724838538095
evo21,2092,16,1.1235150470165536
evo21,2093,16,1.3353121876716614
evo21,2094,16,1.3460583641426638
evo21,2095,16,0.9786368568966282
evo21,2096,16,1.0805217754241312
evo21,2097,16,0.9895194137934595
evo21,2098,16,1.085760069778189
evo21,2099,16,1.2954471503471723
evo21,2100,16,1.4395536808297038
evo21,2101,16,1.0407518070751394
evo21,2102,16,0.9275047575647477
evo21,2103,16,0.8887282352079637
evo21,2104,16,1.0479120616946602
evo21,2105,16,1.002891838299547
evo21,2106,16,1.3596923424920533
evo21,2107,16,1.5345322902139742
evo21,2108,16,1.2064530090428889
evo21,2109,16,0.9722522983211093
evo21,2110,16,0.996719485585345
evo21,2111,16,1.3873964473605156
evo21,2112,16,1.425485422834754
evo21,2113,16,0.9401780984553625
evo21,2114,16,1.2182969823625172
evo21,2115,16,1.3716487903147936
evo21,2116,16,1.0862594492391509
evo21,2117,16,1.124952251007926
evo21,2118,16,1.1388302142149769
evo21,2119,16,1.2295067240484059
evo21,2120,16,1.2367760443594307
evo21,2121,16,1.4629865041351877
evo21,2122,16,0.9804891714447876
evo21,2123,16,1.4322142674209317
evo21,2124,16,1.1423729578964412
evo21,2125,16,1.0371347113323282
evo21,2126,16,1.338718878738291
evo21,2127,16,0.996109950938262
evo21,2128,16,1.0276435187624884
evo21,2129,16,0.8857689526485046
evo21,2130,16,1.3285462663625367
evo21,2131,16,1.4493085386930034
evo21,2132,16,1.412846055580303
evo21,2133,16,1.6605237398762256
evo21,2134,16,1.73993792780675
evo21,2135,16,1.058576315175742
evo21,2136,16,1.2160017326896195
evo21,2137,16,1.2178025608009193
evo21,2138,16,1.0621951926732436
evo21,2139,16,1.282429018174298
evo21,2140,16,0.8585678204981377
evo21,2141,16,0.9430914644617587
evo21,2142,16,1.5361984551418573
evo21,2143,16,1.00955797417555
evo21,2144,16,1.194793508388102
evo21,2145,16,1.5061456458061002
evo21,2146,16,1.290443291887641
evo21,2147,16,1.1157708159880713
evo21,2148,16,0.7788649677822832
evo21,2149,16,0.6400997381133493
evo21,2150,16,1.1549871803545102
evo21,2151,16,0.9020531250753265
evo21,2152,16,1.2582655129954219
evo21,2153,16,0.8019989104941487
evo21,2154,16,0.7520330664483481
evo21,2155,16,1.7087530584831256
evo21,2156,16,1.1910310032762936
evo21,2157,16,0.9985392903108732
evo21,2158,16,1.2173943928792141
evo21,2159,16,0.9393041784060188
evo21,2160,16,1.2883432399248704
evo21,2161,16,1.3853353451995645
evo21,2162,16,1.6858719415031374
evo21,2163,16,0.9485956173157319
evo21,2164,16,1.3778055731818313
evo21,2165,16,1.3838277462564292
evo21,2166,16,0.8073277990333736
evo21,2167,16,0.6742832640011329
evo21,2168,16,1.3036931465030648
evo21,2169,16,1.676265501169837
evo21,2170,16,1.1690175354815437
evo21,2171,16,1.05684923264198
evo21,2172,16,1.2232273731206078
evo21,2173,16,1.2339196620159782
evo21,2174,16,1.1665337302256376
evo21,2175,16,1.1768051914987154
evo21,2176,16,0.9601902810281899
evo21,2177,16,1.3693735411507078
evo21,2178,16,1.2562932446599007
evo21,2179,16,0.772909465507837
evo21,2180,16,1.1905957219933043
evo21,2181,16,0.9283526839572005
evo21,2182,16,1.130340575473383
evo21,2183,16,1.4168445399118355
evo21,2184,16,1.0118813202134334
evo21,2185,16,1.31560056800663
evo21,2186,16,1.205015505598567
evo21,2187,16,0.9207281647250056
evo21,2188,16,1.4701166866288986
evo21,2189,16,1.186997995711863
evo21,2190,16,1.1243285965174437
evo21,2191,16,0.9363804491003975
evo21,2192,16,0.8602394994231872
evo21,2193,16,1.4886374708585208
evo21,2194,16,1.2381792782398406
evo21,2195,16,1.0564202877576463
evo21,2196,16,1.6120302943891147
evo21,2197,16,1.7152974273776636
evo21,2198,16,1.520019125273393
evo21,2199,16,1.4625429892912507
evo21,2200,16,1.8817938909633085
evo21,2201,16,1.208546643727459
evo21,2202,16,1.3695132345310412
evo21,2203,16,0.992474433456664
evo21,2204,16,1.365213754310389
evo21,2205,16,0.9647236666642129
evo21,2206,16,1.0615158652653918
evo21,2207,16,1.23013623766019
evo21,2208,16,1.6870634766528383
evo21,2209,16,1.1177803303289693
evo21,2210,16,1.3528489214368165
evo21,2211,16,1.0170894293114543
evo21,2212,16,1.1118413350486662
evo21,2213,16,0.8412995957914973
evo21,2214,16,0.8051991411484778
evo21,2215,16,0.9812355806934647
evo21,2216,16,1.396365128341131
evo21,2217,16,1.2134181604487821
evo21,2218,16,0.888224394802819
evo21,2219,16,1.232171823445242
evo21,2220,16,1.110284607479116
evo21,2221,16,0.7470946552202804
evo21,2222,16,0.8330020410212455
evo21,2223,16,1.227247865695972
evo21,2224,16,1.0398583813366713
evo21,2225,16,1.3483140266180271
evo21,2226,16,1.1733976961113513
evo21,2227,16,1.1231469408085104
evo21,2228,16,1.0744123829645105
evo21,2229,16,0.7659625434607733
evo21,2230,16,0.8301589267430245
evo21,2231,16,1.090358870336786
evo21,2232,16,0.7504138036456425
evo21,2233,16,0.6690512438981386
evo21,2234,16,1.1447930529393489
evo21,2235,16,1.244372230488807
evo21,2236,16,1.4307312754608574
evo21,2237,16,1.2268275882524904
evo21,2238,16,1.3871532254852355
evo21,2239,16,0.9872132275268086
evo21,2240,16,1.149974031955935
evo21,2241,16,1.217552669775614
evo21,2242,16,0.777867121847521
evo21,2243,16,1.3658743229461834
evo21,2244,16,0.9378510012029437
evo21,2245,16,1.0632137592037907
evo21,2246,16,0.9456064491532743
evo21,2247,16,1.1854824884430855
evo21,2248,16,1.1013772885671642
evo21,2249,16,0.9200840135308681
evo21,2250,16,1.4948546137093217
evo21,2251,16,1.2238367615391326
evo21,2252,16,1.1053575659898343
evo21,2253,16,1.0882668882331927
evo21,2254,16,1.0912668128112273
evo21,2255,16,1.2765007428097306
evo21,2256,16,1.2172534869750962
evo21,2257,16,1.190604593604803
evo21,2258,16,1.1111407657153904
evo21,2259,16,1.1378203961066902
evo21,2260,16,1.283900775539223
evo21,2261,16,1.3633485585451126
evo21,2262,16,1.163528909906745
evo21,2263,16,1.7066290493894485
evo21,2264,16,1.3152891907375306
evo21,2265,16,1.0448242042475613
evo21,2266,16,0.9886347712708812
evo21,2267,16,0.9647974052932113
evo21,2268,16,1.3152504824101925
evo21,2269,16,1.2405313898343593
evo21,2270,16,1.3662425711081596
evo21,2271,16,1.247162338517228
evo21,2272,16,0.9867157667613355
evo21,2273,16,1.1018341367889661
evo21,2274,16,1.2498955595656298
evo21,2275,16,1.6453800214803778
evo21,2276,16,1.6904976698569953
evo21,2277,16,1.3443123688921332
evo21,2278,16,1.6550045504700392
evo21,2279,16,0.8512917035695864
evo21,2280,16,1.2889447512570769
evo21,2281,16,1.0909574963770865
evo21,2282,16,1.1316901453465107
evo21,2283,16,0.989214256638661
evo21,2284,16,1.1320357350632548
evo21,2285,16,1.305710160639137
evo21,2286,16,1.319266285521735
evo21,2287,16,1.1514850632120215
evo21,2288,16,0.9971246730819985
evo21,2289,16,0.9871321002501645
evo21,2290,16,1.4680325349181658
evo21,2291,16,0.9520407392483321
evo21,2292,16,1.277076022233814
evo21,2293,16,0.9362544950854499
evo21,2294,16,1.2995732321469404
evo21,2295,16,1.2998765687298146
evo21,2296,16,1.3489358851802535
evo21,2297,16,1.0742671162588522
evo21,2298,16,1.0513956071481516
evo21,2299,16,0.9937599964177934
evo21,2300,16,1.1823483967455104
evo21,2301,16,1.2446133810590254
evo21,2302,16,0.9465288993087597
evo21,2303,16,0.9188881016307278
evo21,2304,16,1.2135050664655864
evo21,2305,16,0.8862589887430659
evo21,2306,16,1.1251955978987098
evo21,2307,16,0.9325785964756506
evo21,2308,16,1.0403848821661086
evo21,2309,16,1.226979575410951
evo21,2310,16,0.6918783953005914
evo21,2311,16,1.1957923407535418
evo21,2312,16,1.3715809476270806
evo21,2313,16,1.2527146758511662
evo21,2314,16,1.1525309733115137
evo21,2315,16,1.1101803323399508
evo21,2316,16,0.9833824043453205
evo21,2317,16,1.3166985873540398
evo21,2318,16,1.2235666956039495
evo21,2319,16,0.648009796772385
evo21,2320,16,0.9837621411425062
evo21,2321,16,1.3733147186867427
evo21,2322,16,1.110709104250418
evo21,2323,16,1.5575409257726278
evo21,2324,16,1.0171611140467576
evo21,2325,16,1.211776135576656
evo21,2326,16,1.3643514707764552
evo21,2327,16,0.9644607624431956
evo21,2328,16,1.3919253341518925
evo21,2329,16,1.5885332149919122
evo21,2330,16,0.8536340424325317
evo21,2331,16,1.3067728388123214
evo21,2332,16,1.2261326183179335
evo21,2333,16,1.0246367914951406
evo21,2334,16,0.9974596208776347
evo21,2335,16,1.2211731038987637
evo21,2336,16,1.0570224021648755
evo21,2337,16,1.5407458734189277
evo21,2338,16,0.9101408026181161
evo21,2339,16,1.6127914092794526
evo21,2340,16,1.0791084175289143
evo21,2341,16,0.9494875706295716
evo21,2342,16,1.1665357429883443
evo21,2343,16,0.6835194955492625
evo21,2344,16,1.4269766797006014
evo21,2345,16,1.2567568503473012
evo21,2346,16,1.344880150158133
evo21,2347,16,0.8097972188043059
evo21,2348,16,0.781647725008952
evo21,2349,16,1.2760200312477536
evo21,2350,16,1.4751744116656482
evo21,2351,16,1.0938675813376904
evo21,2352,16,1.6034534554928541
evo21,2353,16,0.9268142779110349
evo21,2354,16,1.4124989197734976
evo21,2355,16,1.1893161064945161
evo21,2356,16,1.503583867684938
evo21,2357,16,1.534303308406379
evo21,2358,16,1.0955300405621529
evo21,2359,16,1.4513039751873293
evo21,2360,16,1.121655984010431
evo21,2361,16,1.0669234447414055
evo21,2362,16,0.9666246886772569
evo21,2363,16,1.3242704164877068
evo21,2364,16,1.2208157015556935
evo21,2365,16,1.0568828156683594
evo21,2366,16,1.75592537560442
evo21,2367,16,0.986475255805999
evo21,2368,16,1.1220546925906092
evo21,2369,16,1.4177287382335635
evo21,2370,16,0.9652378156897612
evo21,2371,16,1.1437612622976303
evo21,2372,16,1.0620990901370533
evo21,2373,16,1.246164019801654
evo21,2374,16,1.6005850960500538
evo21,2375,16,1.5259452748578042
evo21,2376,16,1.1178684862097725
evo21,2377,16,1.934451636421727
evo21,2378,16,1.387959223240614
evo21,2379,16,1.1356915617361665
evo21,2380,16,1.1655070664419327
evo21,2381,16,1.0502907075569965
evo21,2382,16,1.7462860404411913
evo21,2383,16,1.6048983950167894
evo21,2384,16,1.3395625993143767
evo21,2385,16,1.3040297948755324
evo21,2386,16,1.3227754798717797
evo21,2387,16,1.4406038539018482
evo21,2388,16,1.2690152899594977
evo21,2389,16,1.2802074036444537
evo21,2390,16,1.4410323901101947
evo21,2391,16,1.2397265422623605
evo21,2392,16,1.662777550984174
evo21,2393,16,0.9510407154157292
evo21,2394,16,0.9375307888840325
evo21,2395,16,1.2314102029195055
evo21,2396,16,1.095991573703941
evo21,2397,16,0.8444581745861797
evo21,2398,16,1.064668994396925
evo21,2399,16,1.3129600985266734
evo21,2400,16,1.2737633464857936
evo21,2401,16,1.2012649074167712
evo21,2402,16,1.4243198850454064
evo21,2403,16,1.0708850460359827
evo21,2404,16,1.4969184986694017
evo21,2405,16,1.362748072395334
evo21,2406,16,1.189662265824154
evo21,2407,16,1.3441583261592314
evo21,2408,16,1.300314933527261
evo21,2409,16,1.4585765777883353
evo21,2410,16,1.1254747725324705
evo21,2411,16,0.8818768615601584
evo21,2412,16,1.4846052144712303
evo21,2413,16,1.105312610976398
evo21,2414,16,1.0444323149858974
evo21,2415,16,0.779089059396938
evo21,2416,16,1.3865184410533402
evo21,2417,16,1.1862033999350388
evo21,2418,16,1.027470343047753
evo21,2419,16,1.0718408723478206
evo21,2420,16,0.8560199275598279
evo21,2421,16,0.9882310754619539
evo21,2422,16,1.7032203109702095
evo21,2423,16,1.2493808342551347
evo21,2424,16,0.9707150398171507
evo21,2425,16,1.0703410203568637
evo21,2426,16,1.4199455539346673
evo21,2427,16,1.2398504458833486
evo21,2428,16,1.3702123265320552
evo21,2429,16,1.528799491989048
evo21,2430,16,1.32093459344469
evo21,2431,16,0.972599882457871
evo21,2432,16,0.6636088105660747
evo21,2433,16,1.3035051954793744
evo21,2434,16,1.3943144579970976
evo21,2435,16,1.0209937454965257
evo21,2436,16,0.8077446008101106
evo21,2437,16,1.2334738684876356
evo21,2438,16,1.1873705970174342
evo21,2439,16,1.1324204249540344
evo21,2440,16,1.0905841057319776
evo21,2441,16,1.159729808125121
evo21,2442,16,1.11890331954055
evo21,2443,16,1.0077794361568522
evo21,2444,16,1.0063558827532688
evo21,2445,16,1.193788974720519
evo21,2446,16,1.1456424075877294
evo21,2447,16,0.7755332351589459
evo21,2448,16,0.8929430226853583
evo21,2449,16,0.9875591664531385
evo21,2450,16,1.016499338184076
evo21,2451,16,0.8033341500267852
evo21,2452,16,1.4104673622277915
evo21,2453,16,1.5869377316121245
evo21,2454,16,1.2488738244283013
evo21,2455,16,1.81334280865849
evo21,2456,16,1.085589857015293
evo21,2457,16,1.211932087840978
evo21,2458,16,0.8900158003671095
evo21,2459,16,1.0681111722878995
evo21,2460,16,1.275702985280077
evo21,2461,16,1.5291176650935085
evo21,2462,16,1.179734334746172
evo21,2463,16,1.036180417984724
evo21,2464,16,1.0329719457076862
evo21,2465,16,1.2146349613321945
evo21,2466,16,1.3212494647596031
evo21,2467,16,1.0583953321911395
evo21,2468,16,1.074495701584965
evo21,2469,16,0.7907735246699303
evo21,2470,16,1.0016864365898073
evo21,2471,16,1.2415072119329125
evo21,2472,16,1.0566355469054542
evo21,2473,16,1.198708537267521
evo21,2474,16,0.973038088530302
evo21,2475,16,1.4168623177538393
evo21,2476,16,1.3527466569248645
evo21,2477,16,1.0467594238580205
evo21,2478,16,1.240554123010952
evo21,2479,16,1.620292964456894
evo21,2480,16,0.9004755275673233
evo21,2481,16,1.5032528876909055
evo21,2482,16,1.157830091411597
evo21,2483,16,0.8417995618074201
evo21,2484,16,1.1980974804173457
evo21,2485,16,1.150666331377579
evo21,2486,16,1.1561143892176915
evo21,2487,16,0.618074681435246
evo21,2488,16,1.308809298716369
evo21,2489,16,1.7591359097568784
evo21,2490,16,1.3483190269907936
evo21,2491,16,0.9353114672194351
evo21,2492,16,1.0243795896531083
evo21,2493,16,0.9966976576251909
evo21,2494,16,1.3332804497913457
evo21,2495,16,1.45753926152247
evo21,2496,16,0.9665421305289783
evo21,2497,16,1.3619163800030947
evo21,2498,16,0.6934324361354811
evo21,2499,16,0.8008125480700983
evo21,2500,16,1.0487771320331376
evo21,2501,16,1.1471320708224084
evo21,2502,16,1.0751643588591833
evo21,2503,16,1.1087952471571043
evo21,2504,16,0.9326884929905646
evo21,2505,16,1.175291090796236
evo21,2506,16,0.897644504570053
evo21,2507,16,0.9859243216124014
evo21,2508,16,1.1170745598792564
evo21,2509,16,1.0780699294991791
evo21,2510,16,0.9634256370918592
evo21,2511,16,0.7252723271813011
evo21,2512,16,0.6296239082148531
evo21,2513,16,0.7047004939377075
evo21,2514,16,1.5445827345611178
evo21,2515,16,1.5745531020365888
evo21,2516,16,1.113839523633942
evo21,2517,16,1.1819045651500346
evo21,2518,16,0.8041459971282165
evo21,2519,16,1.3132454499718733
evo21,2520,16,0.9580986765213311
evo21,2521,16,1.1042420211888384
evo21,2522,16,0.8106792481048615
evo21,2523,16,1.1267970822082134
evo21,2524,16,1.0105142842658097
evo21,2525,16,0.9852909113978967
evo21,2526,16,0.6304455768986372
evo21,2527,16,1.02881105877168
evo21,2528,16,0.721792191354325
evo21,2529,16,1.1478336436266545
evo21,2530,16,0.9693072933587246
evo21,2531,16,1.2988079086280777
evo21,2532,16,0.9725454343424644
evo21,2533,16,0.9928089047316462
evo21,2534,16,1.3019052175804973
evo21,2535,16,1.1791114198276773
evo21,2536,16,1.582766667706892
evo21,2537,16,0.9115637867216719
evo21,2538,16,1.0505700156791136
evo21,2539,16,0.9703415993863018
evo21,2540,16,1.0132295942748897
evo21,2541,16,1.0736895862501115
evo21,2542,16,1.2048389272094937
evo21,2543,16,1.2129494863911532
evo21,2544,16,1.2704383507370949
evo21,2545,16,0.964265621292725
evo21,2546,16,1.1816813673904107
evo21,2547,16,0.9456204580783378
evo21,2548,16,1.8369911015033722
evo21,2549,16,1.4019723314850125
evo21,2550,16,1.685580609337194
evo21,2551,16,0.8989313815254718
evo21,2552,16,1.0949176964350045
evo21,2553,16,0.9390912341768853
evo21,2554,16,1.140312943898607
evo21,2555,16,1.1588624253636226
evo21,2556,16,0.9827566532767378
evo21,2557,16,1.4966508267680183
evo21,2558,16,1.1202740263252053
evo21,2559,16,1.206486723269336
evo21,2560,16,0.972154492745176
evo21,2561,16,1.181934196392831
evo21,2562,16,0.8798851734354685
evo21,2563,16,1.4654490037246433
evo21,2564,16,1.1695190686150454
evo21,2565,16,0.8454061270458624
evo21,2566,16,1.4096527539004455
evo21,2567,16,0.9963417295221006
evo21,2568,16,1.0238350531290052
evo21,2569,16,1.1953027171111898
evo21,2570,16,0.9087321857368806
evo21,2571,16,1.3189662150107324
evo21,2572,16,1.4807716938667
evo21,2573,16,1.1890463168638234
evo21,2574,16,1.1672499288470135
evo21,2575,16,1.2167099666839931
evo21,2576,16,1.3846913685265463
evo21,2577,16,1.6213452049269108
evo21,2578,16,1.4627518153283745
evo21,2579,16,0.8050175765747554
evo21,2580,16,1.35214073084353
evo21,2581,16,1.4115862263824965
evo21,2582,16,0.9231778584689891
evo21,2583,16,1.6275436884898227
evo21,2584,16,1.0237077735364437
evo21,2585,16,0.9797919311895384
evo21,2586,16,1.4717572340741754
evo21,2587,16,1.2338474244897952
evo21,2588,16,1.1213504640836618
evo21,2589,16,1.0749671238518204
evo21,2590,16,1.641186736524105
evo21,2591,16,1.4483480939816218
evo21,2592,16,1.2647569542314159
evo21,2593,16,1.091598411789164
evo21,2594,16,0.9687813133350573
evo21,2595,16,1.2698259465723822
evo21,2596,16,0.8663922003324842
evo21,2597,16,1.0141179740603548
evo21,2598,16,1.1240777667844668
evo21,2599,16,1.4035715386416996
evo21,2600,16,1.3869882391918509
evo21,2601,16,0.8983944740102743
evo21,2602,16,0.9284754588261421
evo21,2603,16,1.0314762343768962
evo21,2604,16,1.241979848855408
evo21,2605,16,1.3093783334334148
evo21,2606,16,1.0053345183114288
evo21,2607,16,0.9467436155755422
evo21,2608,16,0.7353711593714252
evo21,2609,16,0.8923655807739124
evo21,2610,16,0.7433782739681192
evo21,2611,16,0.8757828992529539
evo21,2612,16,1.094745358277578
evo21,2613,16,1.0700796026794706
evo21,2614,16,1.294265821314184
evo21,2615,16,0.7809776900976431
evo21,2616,16,0.8717247788736131
evo21,2617,16,1.5347277199689415
evo21,2618,16,1.193589811649872
evo21,2619,16,1.2322959034936503
evo21,2620,16,1.0601885466603562
evo21,2621,16,1.582470143577666
evo21,2622,16,1.0611801140476018
evo21,2623,16,1.1207190618442837
evo21,2624,16,1.1716341480059782
evo21,2625,16,0.8973464041482657
evo21,2626,16,1.353953674872173
evo21,2627,16,1.4002940341633803
evo21,2628,16,1.0223618577110756
evo21,2629,16,0.5678671734931413
evo21,2630,16,1.0252963806997286
evo21,2631,16,0.9225313028291566
evo21,2632,16,1.0620994004566455
evo21,2633,16,1.5191925044127856
evo21,2634,16,1.4678912545496132
evo21,2635,16,0.9413069391739555
evo21,2636,16,1.2213330511804088
evo21,2637,16,0.681034953242488
evo21,2638,16,0.7502660523168743
evo21,2639,16,0.7254066384557518
evo21,2640,16,0.7828757747702184
evo21,2641,16,0.9820647244923748
evo21,2642,16,1.3908562488213647
evo21,2643,16,1.351734111784026
evo21,2644,16,1.1456086443868116
evo21,2645,16,0.9784592811847688
evo21,2646,16,0.9606960391174653
evo21,2647,16,1.1364743018602894
evo21,2648,16,1.4039322279968474
evo21,2649,16,1.3844570996516268
evo21,2650,16,1.4905731375038158
evo21,2651,16,1.0179547097359318
evo21,2652,16,0.6944617611516151
evo21,2653,16,1.2036544253351167
evo21,2654,16,0.871300168975722
evo21,2655,16,0.8691577346762642
evo21,2656,16,1.416202443302609
evo21,2657,16,1.7875119214513688
evo21,2658,16,1.3760527537742746
evo21,2659,16,1.2079902989789844
evo21,2660,16,1.0675207216117997
evo21,2661,16,1.2074146303348243
evo21,2662,16,1.5122328157303855
evo21,2663,16,1.3835093906673137
evo21,2664,16,0.7659142166521633
evo21,2665,16,1.7131698835873976
evo21,2666,16,1.2535591807682067
evo21,2667,16,1.1291818509926088
evo21,2668,16,0.8766604829579592
evo21,2669,16,1.2406113960169023
evo21,2670,16,0.8094751981298032
evo21,2671,16,1.4327370716127916
evo21,2672,16,1.1903067579041817
evo21,2673,16,1.437104450771585
evo21,2674,16,0.8568038514640648
evo21,2675,16,1.3920015426992904
evo21,2676,16,1.353736521443352
evo21,2677,16,1.175562474905746
evo21,2678,16,0.9504945656080963
evo21,2679,16,1.0470393035793677
evo21,2680,16,1.325005763952504
evo21,2681,16,0.9785202921084419
evo21,2682,16,0.7692989528331964
evo21,2683,16,1.5474226391925185
evo21,2684,16,1.1250403468038712
evo21,2685,16,1.4057069088958087
evo21,2686,16,1.4173213879257673
evo21,2687,16,1.1674738686706405
evo21,2688,16,2.102367435756605
evo21,2689,16,1.2866236395202577
evo21,2690,16,1.4771723771700636
evo21,2691,16,1.4030347152147442
evo21,2692,16,1.7953256993787363
evo21,2693,16,1.2658857291098684
evo21,2694,16,0.7545534571981989
evo21,2695,16,1.8567095993057592
evo21,2696,16,1.3254328665934736
evo21,2697,16,1.1372152557014488
evo21,2698,16,1.0310446633957326
evo21,2699,16,1.4266792815178633
evo21,2700,16,1.0938853881089017
evo21,2701,16,0.8081696695298888
evo21,2702,16,1.6220228662059526
evo21,2703,16,1.015142755699344
evo21,2704,16,0.9571542687481269
evo21,2705,16,1.6295003583654761
evo21,2706,16,1.5104863159358501
evo21,2707,16,1.0734933702042326
evo21,2708,16,1.5855187776032835
evo21,2709,16,1.1611101171001792
evo21,2710,16,1.3234685137867928
evo21,2711,16,0.8402431844733655
evo21,2712,16,1.2676955300557893
evo21,2713,16,0.9488614121219143
evo21,2714,16,1.1136537326310645
evo21,2715,16,0.7831214769466897
evo21,2716,16,1.4532161042734515
evo21,2717,16,1.5919971773400903
evo21,2718,16,1.6426113466732204
evo21,2719,16,1.0717814262388856
evo21,2720,16,1.1164609447587281
evo21,2721,16,0.9408744690008461
evo21,2722,16,1.5695209307705227
evo21,2723,16,1.2627903943684942
evo21,2724,16,1.4022655732478597
evo21,2725,16,0.887834455963457
evo21,2726,16,1.4973743955488317
evo21,2727,16,1.5979492593905888
evo21,2728,16,1.4126652444392676
evo21,2729,16,1.015934516210109
evo21,2730,16,1.4239807376870885
evo21,2731,16,0.9589563064073445
evo21,2732,16,0.8248178977373755
evo21,2733,16,1.3741819432470948
evo21,2734,16,1.6772328018269036
evo21,2735,16,1.0716112284135306
evo21,2736,16,1.2835989472805522
evo21,2737,16,1.0656810133950785
evo21,2738,16,1.3337054012990848
evo21,2739,16,0.7689895557268756
evo21,2740,16,0.7913592862896621
evo21,2741,16,1.1279102055414114
evo21,2742,16,1.011527924798429
evo21,2743,16,1.1871772094200423
evo21,2744,16,1.0179885986253794
evo21,2745,16,0.9615835456570494
evo21,2746,16,1.048802385223098
evo21,2747,16,0.6470759018520766
evo21,2748,16,1.359404958140658
evo21,2749,16,1.290804292773828
evo21,2750,16,0.6685559980251128
evo21,2751,16,0.9374351876904257
evo21,2752,16,1.1816835846402682
evo21,2753,16,1.2682313719124068
evo21,2754,16,1.0302142877917504
evo21,2755,16,1.6834486816078424
evo21,2756,16,1.0145601914045983
evo21,2757,16,0.9909412852357491
evo21,2758,16,0.8502332348143682
evo21,2759,16,0.847747809086286
evo21,2760,16,1.045919977936137
evo21,2761,16,1.6565158274352143
evo21,2762,16,1.0466103355865926
evo21,2763,16,0.515610343310982
evo21,2764,16,0.7847565923584625
evo21,2765,16,1.149310918408446
evo21,2766,16,1.366740323472186
evo21,2767,16,0.8080023980728583
evo21,2768,16,0.7711765642889077
evo21,2769,16,0.7680355101110763
evo21,2770,16,0.7342158868268598
evo21,2771,16,0.7047259566243156
evo21,2772,16,0.9859536558069522
evo21,2773,16,0.44676115328184096
evo21,2774,16,1.5198213015974034
evo21,2775,16,1.2423400916159153
evo21,2776,16,0.7973083419492468
evo21,2777,16,1.2244537433725782
evo21,2778,16,1.003427148447372
evo21,2779,16,0.9855757942277705
evo21,2780,16,1.4541955082240747
evo21,2781,16,0.660913108215027
evo21,2782,16,0.9420152615493862
evo21,2783,16,0.971531048824545
evo21,2784,16,1.174429290011176
evo21,2785,16,0.6991390523762675
evo21,2786,16,0.7692864807031583
evo21,2787,16,0.7467484603112098
evo21,2788,16,1.3263717792287935
evo21,2789,16,0.7326991565350909
evo21,2790,16,1.1269005603680853
evo21,2791,16,0.7548061869274534
evo21,2792,16,1.044103135689511
evo21,2793,16,1.001295608410146
evo21,2794,16,1.3704958177986555
evo21,2795,16,1.0492377696791664
evo21,2796,16,0.9226159998215735
evo21,2797,16,1.5583858521422371
evo21,2798,16,0.9830555782536976
evo21,2799,16,1.4182058713995502
evo21,2800,16,1.1162118769716471
evo21,2801,16,1.130542710190639
evo21,2802,16,1.7240902378689498
evo21,2803,16,1.5964538540356443
evo21,2804,16,1.4115775574973668
evo21,2805,16,1.3815824929624796
evo21,2806,16,0.8636205511284061
evo21,2807,16,1.7142410120359273
evo21,2808,16,0.757556935568573
evo21,2809,16,1.1779211536049843
evo21,2810,16,0.9441861950326711
evo21,2811,16,1.2360262728470843
evo21,2812,16,1.0858294987119734
evo21,2813,16,1.0572216608561575
evo21,2814,16,1.2365891698282212
evo21,2815,16,1.1262223990634084
evo21,2816,16,1.2830667413800256
evo21,2817,16,0.9152240578550845
evo21,2818,16,0.6156473731389269
evo21,2819,16,1.6290894980302255
evo21,2820,16,1.3879881613102043
evo21,2821,16,1.2258962478954345
evo21,2822,16,1.1721417690860108
evo21,2823,16,1.2962116350317956
evo21,2824,16,1.038832176476717
evo21,2825,16,1.2062569169247581
evo21,2826,16,0.8297229832387529
evo21,2827,16,1.373133289962425
evo21,2828,16,1.0869403986580437
evo21,2829,16,1.2268714431265835
evo21,2830,16,1.8536859436426312
evo21,2831,16,1.0028666953767242
evo21,2832,16,1.1644808576384094
evo21,2833,16,1.9125150153413415
evo21,2834,16,1.7410417656210484
evo21,2835,16,1.1619220208376646
evo21,2836,16,1.0028799786232412
evo21,2837,16,1.570895222863328
evo21,2838,16,1.0661227272103133
evo21,2839,16,1.3243560019182041
evo21,2840,16,1.130245331383776
evo21,2841,16,1.0005310693450156
evo21,2842,16,1.2521554897539318
evo21,2843,16,1.0565753574664996
evo21,2844,16,1.2248212990707543
evo21,2845,16,1.1781803868871066
evo21,2846,16,1.1238331530730648
evo21,2847,16,1.0065921315108426
evo21,2848,16,1.2537691914476454
evo21,2849,16,0.7860717034927802
evo21,2850,16,1.3941546928326716
evo21,2851,16,0.8570087782500195
evo21,2852,16,1.3359995495920884
evo21,2853,16,1.1696350654237904
evo21,2854,16,1.393968406249769
evo21,2855,16,1.2233381243495387
evo21,2856,16,1.3386235339567065
evo21,2857,16,1.126382134272717
evo21,2858,16,1.1836051906720968
evo21,2859,16,1.447522334405221
evo21,2860,16,1.3171744020510232
evo21,2861,16,1.5255586242492427
evo21,2862,16,1.4916257927907282
evo21,2863,16,1.127184567594668
evo21,2864,16,1.218464768899139
evo21,2865,16,1.0276975786255207
evo21,2866,16,1.0293367425911129
evo21,2867,16,1.548425045046315
evo21,2868,16,0.9114146058345796
evo21,2869,16,1.0996535186859546
evo21,2870,16,1.2831105796722113
evo21,2871,16,1.0745606934651732
evo21,2872,16,1.5559807168319821
evo21,2873,16,1.0357751650735736
evo21,2874,16,1.3140420872041432
evo21,2875,16,1.0705255439970642
evo21,2876,16,0.9854024485102855
evo21,2877,16,1.0191302716266364
evo21,2878,16,0.7669169623404741
evo21,2879,16,1.264280354604125
evo21,2880,16,0.8290610943513457
evo21,2881,16,0.8725925034814281
evo21,2882,16,1.408755622116587
evo21,2883,16,0.9290573783691798
evo21,2884,16,1.6610002254601568
evo21,2885,16,1.9264742000523256
evo21,2886,16,1.125454287219327
evo21,2887,16,1.265202982001938
evo21,2888,16,0.9805025672540069
evo21,2889,16,0.808376462358865
evo21,2890,16,1.3243608790980943
evo21,2891,16,1.349939895022544
evo21,2892,16,1.2685621452328633
evo21,2893,16,1.2546517502050847
evo21,2894,16,0.9927296646637842
evo21,2895,16,1.0299308394169202
evo21,2896,16,0.8546259107533842
evo21,2897,16,1.0336787178821396
evo21,2898,16,0.7766090824370622
evo21,2899,16,1.0195040911494289
evo21,2900,16,1.2611075328895822
evo21,2901,16,1.3523210894782096
evo21,2902,16,1.1761499593849294
evo21,2903,16,1.1035630638507428
evo21,2904,16,0.8482151460193563
evo21,2905,16,0.9794961116276681
evo21,2906,16,1.238688637400628
evo21,2907,16,1.2001234748677234
evo21,2908,16,1.404421532410197
evo21,2909,16,0.8903449578792788
evo21,2910,16,0.9844243985171488
evo21,2911,16,1.0862435866729356
evo21,2912,16,0.9973784415778937
evo21,2913,16,0.7818419341783738
evo21,2914,16,1.0250971029454377
evo21,2915,16,1.172434946463909
evo21,2916,16,1.5761225710157305
evo21,2917,16,0.8294167311978526
evo21,2918,16,0.7870661600900348
evo21,2919,16,0.9911753510532435
evo21,2920,16,1.3477100235031685
evo21,2921,16,1.4707895499741426
evo21,2922,16,0.7770034137356561
evo21,2923,16,1.3107930486439727
evo21,2924,16,1.8652387812762754
evo21,2925,16,1.5896756024158094
evo21,2926,16,1.271895452249737
evo21,2927,16,0.7981406392063946
evo21,2928,16,0.5949021905253176
evo21,2929,16,0.9129620402818546
evo21,2930,16,1.0937753874022746
evo21,2931,16,0.7202086575562134
evo21,2932,16,0.9116414716481813
evo21,2933,16,1.0033439348917454
evo21,2934,16,0.9276004789280705
evo21,2935,16,1.1197904917880805
evo21,2936,16,1.240216851427249
evo21,2937,16,1.0852073167916387
evo21,2938,16,1.0588237248302903
evo21,2939,16,1.0846300986559072
evo21,2940,16,1.1944380919449031
evo21,2941,16,1.1392228166550922
evo21,2942,16,1.1688929910596926
evo21,2943,16,1.755910004954785
evo21,2944,16,1.3391337916254997
evo21,2945,16,1.025768939362024
evo21,2946,16,1.2833394524641335
evo21,2947,16,1.4225473151309416
evo21,2948,16,0.9951289399468806
evo21,2949,16,1.433421480756806
evo21,2950,16,0.8213978535641218
evo21,2951,16,1.6664232639886905
evo21,2952,16,1.2894195931257855
evo21,2953,16,1.081661261006957
evo21,2954,16,1.0428096662908501
evo21,2955,16,0.8076677090430167
evo21,2956,16,1.3281517747964244
evo21,2957,16,1.1748630935835536
evo21,2958,16,1.197737433918519
evo21,2959,16,1.0756202941993251
evo21,2960,16,1.3537244265899062
evo21,2961,16,0.9606670240464155
evo21,2962,16,0.9623309778689872
evo21,2963,16,0.8480790968460497
evo21,2964,16,0.5051385118858889
evo21,2965,16,1.0083311018825043
evo21,2966,16,1.137423139582097
evo21,2967,16,0.6896833398423041
evo21,2968,16,0.8454728347132914
evo21,2969,16,0.9701172948552994
evo21,2970,16,1.5077268719760468
evo21,2971,16,1.6239546679717023
evo21,2972,16,1.3519766807439737
evo21,2973,16,1.140660652446968
evo21,2974,16,1.1797789245320018
evo21,2975,16,1.189996114531823
evo21,2976,16,1.6462313932861434
evo21,2977,16,1.9906422356143594
evo21,2978,16,1.2571933633589651
evo21,2979,16,0.8205635872436687
evo21,2980,16,1.0789806766770198
evo21,2981,16,1.0994800856424263
evo21,2982,16,0.9914527975488454
evo21,2983,16,0.906140780170972
evo21,2984,16,1.3004775594454259
evo21,2985,16,0.9044293960905634
evo21,2986,16,1.2552326910372358
evo21,2987,16,0.9334274407010525
evo21,2988,16,1.0857345121912658
evo21,2989,16,1.1439493696816498
evo21,2990,16,1.100852571282303
evo21,2991,16,0.9513091680710204
evo21,2992,16,1.0377564882364823
evo21,2993,16,0.904503256570024
evo21,2994,16,1.3391973069628875
evo21,2995,16,1.0448452344426187
evo21,2996,16,1.102503823582083
evo21,2997,16,1.1142069059424102
evo21,2998,16,0.962027254208806
evo21,2999,16,1.015058823977597
evo21,3000,16,1.5823990469798446
evo21,3001,16,1.062691252271179
evo21,3002,16,1.381069583207136
evo21,3003,16,1.146988975131535
evo21,3004,16,0.7100373564026086
evo21,3005,16,0.9762222685676534
evo21,3006,16,1.1515578220714815
evo21,3007,16,1.0600220107589848
evo21,3008,16,1.0462355702911736
evo21,3009,16,0.872366811032407
evo21,3010,16,0.8345747913845116
evo21,3011,16,1.1367724922602065
evo21,3012,16,0.9440482531208545
evo21,3013,16,1.49479018477723
evo21,3014,16,0.807234506617533
evo21,3015,16,0.7027374775207136
evo21,3016,16,0.955257149413228
evo21,3017,16,0.9430356546581606
evo21,3018,16,1.3415429477463476
evo21,3019,16,0.966401718382258
evo21,3020,16,1.4467816644028062
evo21,3021,16,0.7399105463264277
evo21,3022,16,1.1353316297900164
evo21,3023,16,1.201522470015334
evo21,3024,16,0.851158487261273
evo21,3025,16,0.7566707975638565
evo21,3026,16,1.12204030113935
evo21,3027,16,1.5770550346933305
evo21,3028,16,0.8113350283747423
evo21,3029,16,0.8925961842032848
evo21,3030,16,1.1369910707871895
evo21,3031,16,1.1373981090728194
evo21,3032,16,1.605436101261148
evo21,3033,16,0.8826875292288605
evo21,3034,16,0.7890121801901842
evo21,3035,16,1.0713932218204718
evo21,3036,16,1.1041341165509948
evo21,3037,16,1.117549368966138
evo21,3038,16,1.5627516504900996
evo21,3039,16,1.6300485713873059
evo21,3040,16,2.0653605607585632
evo21,3041,16,1.0873995300062234
evo21,3042,16,1.3418595354014542
evo21,3043,16,1.5531528888313915
evo21,3044,16,1.680989900836721
evo21,3045,16,1.1268885715398937
evo21,3046,16,1.2747261711629108
evo21,3047,16,1.4763344102211704
evo21,3048,16,1.3601395636214875
evo21,3049,16,0.8357659645262174
evo21,3050,16,1.4202891670865938
evo21,3051,16,1.0304886779049411
evo21,3052,16,1.2613581024634186
evo21,3053,16,0.9150387443078216
evo21,3054,16,1.3915088770445436
evo21,3055,16,1.0582673277240247
evo21,3056,16,1.6209462226252072
evo21,3057,16,1.2621276683639735
evo21,3058,16,1.4022752167657018
evo21,3059,16,1.382040908341878
evo21,3060,16,1.2104385116981575
evo21,3061,16,1.0913609359013208
evo21,3062,16,1.6936708478315268
evo21,3063,16,0.8804815585608594
evo21,3064,16,1.437906040722737
evo21,3065,16,1.0374686784343794
evo21,3066,16,1.296038663276704
evo21,3067,16,0.9981811288744211
evo21,3068,16,1.5234441034699557
evo21,3069,16,1.2073663517076056
evo21,3070,16,1.5232967678457499
evo21,3071,16,1.6676010549708735
