model,model_window_position,base_count,mean_bpb
carbon1,0,17,1.9093712778652416
carbon1,1,17,2.0464720375397625
carbon1,2,17,1.9436331145903643
carbon1,3,17,1.9729114981258618
carbon1,4,17,1.9410733826020186
carbon1,5,17,1.9788837643230663
carbon1,6,17,2.0519000151578117
carbon1,7,17,1.8352967991548426
carbon1,8,17,1.9087167277055628
carbon1,9,17,1.9175145696191227
carbon1,10,17,2.132983284838059
carbon1,11,17,1.8957541900522568
carbon1,12,17,1.900379026637358
carbon1,13,17,1.8236083703882553
carbon1,14,17,1.7608917986645418
carbon1,15,17,1.9801998559166403
carbon1,16,17,2.0412661257912132
carbon1,17,17,1.8867333005456364
carbon1,18,17,1.8722911687458264
carbon1,19,17,1.765600505120614
carbon1,20,17,1.6934868395328522
carbon1,21,17,1.6796874631853664
carbon1,22,17,1.732789563782075
carbon1,23,17,1.7723530013771618
carbon1,24,17,1.8933034574284273
carbon1,25,17,1.4937667557421852
carbon1,26,17,1.8167143301928745
carbon1,27,17,1.7379036927047897
carbon1,28,17,1.7917960119598053
carbon1,29,17,1.4184965149444693
carbon1,30,17,1.6874489227638525
carbon1,31,17,1.8786431866533615
carbon1,32,17,1.535711319569279
carbon1,33,17,1.7147038158248453
carbon1,34,17,1.9366705978617949
carbon1,35,17,2.0654143147608814
carbon1,36,17,1.6390437904526205
carbon1,37,17,1.5327269794309841
carbon1,38,17,1.5765744000673294
carbon1,39,17,1.787579927374335
carbon1,40,17,1.963314159828074
carbon1,41,17,1.9081853847293293
carbon1,42,17,1.5521491522736408
carbon1,43,17,1.534718288218274
carbon1,44,17,1.7253350326243568
carbon1,45,17,1.7829391220036674
carbon1,46,17,1.7194076732677572
carbon1,47,17,2.1841425825567806
carbon1,48,17,1.617775929324767
carbon1,49,17,1.7483870720162111
carbon1,50,17,1.8119379921871073
carbon1,51,17,1.607582631356576
carbon1,52,17,1.8993112541296904
carbon1,53,17,1.8174802976496078
carbon1,54,17,1.8922980765209478
carbon1,55,17,1.792536008883925
carbon1,56,17,2.2297081386341766
carbon1,57,17,1.5825525837786056
carbon1,58,17,1.5753142921363605
carbon1,59,17,1.912101916530553
carbon1,60,17,1.543914662564502
carbon1,61,17,1.5810168578344233
carbon1,62,17,1.7517581608365564
carbon1,63,17,1.5211362119983225
carbon1,64,17,1.943622615407495
carbon1,65,17,2.0568434035076812
carbon1,66,17,1.5852679391117657
carbon1,67,17,1.7414528710000656
carbon1,68,17,1.920650187660666
carbon1,69,17,1.7072702549836214
carbon1,70,17,1.6768256057711208
carbon1,71,17,1.8299596616450478
carbon1,72,17,1.4682123284129536
carbon1,73,17,1.8599999503177755
carbon1,74,17,1.5095747700508904
carbon1,75,17,1.9059141111724518
carbon1,76,17,1.723252434940899
carbon1,77,17,2.106533201301799
carbon1,78,17,1.769040950519197
carbon1,79,17,1.739415680660921
carbon1,80,17,1.788010941708789
carbon1,81,17,1.9893852156751297
carbon1,82,17,1.6234550283235663
carbon1,83,17,1.9935619831085205
carbon1,84,17,1.6048711327945484
carbon1,85,17,1.6663427072412826
carbon1,86,17,1.7729275073198711
carbon1,87,17,1.8172807342865889
carbon1,88,17,1.6779379099607468
carbon1,89,17,1.7767509274622972
carbon1,90,17,1.617414670832017
carbon1,91,17,1.709326273378204
carbon1,92,17,1.8290058234158684
carbon1,93,17,1.7908995765097
carbon1,94,17,1.9035101708243876
carbon1,95,17,1.6280173028216642
carbon1,96,17,1.5957242758835064
carbon1,97,17,1.4462841004133224
carbon1,98,17,1.5567410842460745
carbon1,99,17,1.6636415242272264
carbon1,100,17,1.8594729085178936
carbon1,101,17,2.1300451001700234
carbon1,102,17,1.8435736614115097
carbon1,103,17,1.5726368392215055
carbon1,104,17,1.6783967342446833
carbon1,105,17,1.7128690603901358
carbon1,106,17,1.6130714521688574
carbon1,107,17,1.7479395515778486
carbon1,108,17,1.5179202368154245
carbon1,109,17,1.8579416805330444
carbon1,110,17,1.6249313856310703
carbon1,111,17,1.7354945514131994
carbon1,112,17,1.5779779229094
carbon1,113,17,1.9191977995283462
carbon1,114,17,1.5823121482835096
carbon1,115,17,1.6540857323390596
carbon1,116,17,1.8221130818128586
carbon1,117,17,1.6424953069757013
carbon1,118,17,1.6000061867868198
carbon1,119,17,1.8371493062552284
carbon1,120,17,1.4099324249169405
carbon1,121,17,1.6169577490757494
carbon1,122,17,1.8037380663787617
carbon1,123,17,1.7480055637219374
carbon1,124,17,1.588354585801854
carbon1,125,17,1.8621751946561478
carbon1,126,17,1.580921136719339
carbon1,127,17,1.4568134471774101
carbon1,128,17,1.5881992004373495
carbon1,129,17,1.695947177708149
carbon1,130,17,1.8247550112359665
carbon1,131,17,1.7437886104864233
carbon1,132,17,1.5512717659859097
carbon1,133,17,1.9044333976857803
carbon1,134,17,1.6910842332769842
carbon1,135,17,1.7241734809735243
carbon1,136,17,1.7876169821795296
carbon1,137,17,1.6113261860959671
carbon1,138,17,1.6124258725082172
carbon1,139,17,1.6438678603838472
carbon1,140,17,2.0286062473759934
carbon1,141,17,1.6595993979888803
carbon1,142,17,1.7832853373359232
carbon1,143,17,1.4336179998867653
carbon1,144,17,1.5027522387750007
carbon1,145,17,1.675761317505556
carbon1,146,17,1.6870158433037645
carbon1,147,17,1.6268735777805834
carbon1,148,17,1.4780693650245667
carbon1,149,17,1.5490657494348639
carbon1,150,17,1.967919358435799
carbon1,151,17,1.6905284655444763
carbon1,152,17,1.692681338857202
carbon1,153,17,1.672787243829054
carbon1,154,17,1.716751838431639
carbon1,155,17,1.59686425898005
carbon1,156,17,1.499672383069992
carbon1,157,17,1.6482817048535627
carbon1,158,17,1.4778693563797896
carbon1,159,17,1.4766452229198288
carbon1,160,17,1.4444574748768526
carbon1,161,17,1.5713006740107256
carbon1,162,17,1.4225887958617771
carbon1,163,17,2.108386407880222
carbon1,164,17,1.5982308937784504
carbon1,165,17,1.544920196866288
carbon1,166,17,1.6863612015457714
carbon1,167,17,1.4770724869826262
carbon1,168,17,1.5062370490940178
carbon1,169,17,1.4900334821466137
carbon1,170,17,1.4319128819248255
carbon1,171,17,1.5368672100936664
carbon1,172,17,1.8128155139000977
carbon1,173,17,1.4478662667029045
carbon1,174,17,1.7443522740812862
carbon1,175,17,1.5308492665781694
carbon1,176,17,1.5052265796591253
carbon1,177,17,1.9624834744369282
carbon1,178,17,1.7025310901157997
carbon1,179,17,1.8788623634506674
carbon1,180,17,1.5982368890853489
carbon1,181,17,1.5391169251764523
carbon1,182,17,1.4768417074399836
carbon1,183,17,2.3397212475538254
carbon1,184,17,1.2516382310320349
carbon1,185,17,1.5144439896239954
carbon1,186,17,1.9115463699049808
carbon1,187,17,1.4511130859746653
carbon1,188,17,1.443518084638259
carbon1,189,17,1.5059810473638422
carbon1,190,17,1.4258227593758528
carbon1,191,17,1.4388497550697887
carbon1,192,17,1.6952141558422762
carbon1,193,17,1.321609466610586
carbon1,194,17,1.467207136180471
carbon1,195,17,1.3164865911445196
carbon1,196,17,1.3947379247230642
carbon1,197,17,1.8957589803373112
carbon1,198,17,1.224238610442947
carbon1,199,17,1.4803534842589323
carbon1,200,17,1.5217987535630955
carbon1,201,17,1.5517629076014547
carbon1,202,17,1.2776653262622215
carbon1,203,17,1.6883419502307386
carbon1,204,17,1.342591208351009
carbon1,205,17,1.4362962798160666
carbon1,206,17,1.7258925247280037
carbon1,207,17,1.6757122357102001
carbon1,208,17,1.5173217119539486
carbon1,209,17,1.4878469964160639
carbon1,210,17,1.138120785355568
carbon1,211,17,1.4678690451032974
carbon1,212,17,1.383392927401206
carbon1,213,17,1.5671317428350449
carbon1,214,17,1.3764461191261517
carbon1,215,17,1.356049442115952
carbon1,216,17,1.3243777833002455
carbon1,217,17,1.8646916308823753
carbon1,218,17,1.8083361128673834
carbon1,219,17,1.543846878935309
carbon1,220,17,1.552383205469917
carbon1,221,17,1.785414891646189
carbon1,222,17,1.6358471284894383
carbon1,223,17,2.0440077159334633
carbon1,224,17,1.8319207469330114
carbon1,225,17,1.449099922881407
carbon1,226,17,1.6592996032798992
carbon1,227,17,1.4208522355731796
carbon1,228,17,1.1940870225867803
carbon1,229,17,1.4441365012351204
carbon1,230,17,1.3581634244936354
carbon1,231,17,1.5911766803439926
carbon1,232,17,1.5823362504734713
carbon1,233,17,1.5647557412876802
carbon1,234,17,1.2955751646967495
carbon1,235,17,1.5900742806055967
carbon1,236,17,1.6501612374011208
carbon1,237,17,1.4018001933308208
carbon1,238,17,1.6010717618114807
carbon1,239,17,1.4638748914003372
carbon1,240,17,1.7836519481942934
carbon1,241,17,1.4384604756008177
carbon1,242,17,1.6494846203747917
carbon1,243,17,1.4269441567799623
carbon1,244,17,1.827383622965392
carbon1,245,17,1.6449635063900667
carbon1,246,17,1.6973645625745548
carbon1,247,17,1.3792376706705374
carbon1,248,17,1.3656275432337732
carbon1,249,17,1.5837245548472685
carbon1,250,17,1.6698107189115357
carbon1,251,17,1.3047704981530415
carbon1,252,17,1.2062046760145355
carbon1,253,17,1.2409928767558407
carbon1,254,17,1.8610116712310736
carbon1,255,17,1.9329460377202314
carbon1,256,17,1.8895662562812077
carbon1,257,17,1.3162488299695885
carbon1,258,17,1.2177556654547943
carbon1,259,17,1.397029088481384
carbon1,260,17,1.3557891832555042
carbon1,261,17,1.6206848542479908
carbon1,262,17,1.2441313761998625
carbon1,263,17,1.463809427093057
carbon1,264,17,1.5848558174774927
carbon1,265,17,1.1444194088963902
carbon1,266,17,1.4243682050967919
carbon1,267,17,1.4570773649303352
carbon1,268,17,1.4426621224950342
carbon1,269,17,1.2620814197203691
carbon1,270,17,1.5170413676430197
carbon1,271,17,1.30382870532134
carbon1,272,17,1.2338034317773932
carbon1,273,17,1.4992350217174082
carbon1,274,17,1.2370884931262802
carbon1,275,17,1.3633679449558258
carbon1,276,17,1.7777321417542065
carbon1,277,17,1.436535210293882
carbon1,278,17,1.8284021019935608
carbon1,279,17,1.383954446981935
carbon1,280,17,1.3437999061801855
carbon1,281,17,1.7198829528163462
carbon1,282,17,1.6990099021178835
carbon1,283,17,1.3131091549773426
carbon1,284,17,1.4737194886102396
carbon1,285,17,1.4982008951551773
carbon1,286,17,1.741884659318363
carbon1,287,17,1.391990625682999
carbon1,288,17,1.1481707293321104
carbon1,289,17,1.3180696955498528
carbon1,290,17,1.609838172355119
carbon1,291,17,1.3374356349163197
carbon1,292,17,1.3090022320256514
carbon1,293,17,1.4658576377174433
carbon1,294,17,1.5437126501518137
carbon1,295,17,1.6829702486010159
carbon1,296,17,1.556325383922633
carbon1,297,17,1.3028012978679993
carbon1,298,17,1.2250604427912657
carbon1,299,17,1.6917110681533813
carbon1,300,17,1.1612239149125183
carbon1,301,17,1.2097437508842523
carbon1,302,17,1.4533259035909878
carbon1,303,17,1.593969687819481
carbon1,304,17,1.3317146345096476
carbon1,305,17,1.353580945993171
carbon1,306,17,0.9427617814610986
carbon1,307,17,1.3061990687514053
carbon1,308,17,1.5236985363504465
carbon1,309,17,1.1840313984190716
carbon1,310,17,1.5057704334749895
carbon1,311,17,1.71563717547585
carbon1,312,17,1.0045038330204346
carbon1,313,17,1.1779953607303255
carbon1,314,17,1.1979745429228335
carbon1,315,17,1.2717763487907017
carbon1,316,17,1.5609549205092823
carbon1,317,17,1.6901825561242945
carbon1,318,17,1.4588505156776483
carbon1,319,17,1.2759455446811283
carbon1,320,17,2.1482764622744392
carbon1,321,17,1.3430350736221845
carbon1,322,17,1.6858860639964832
carbon1,323,17,2.097922104246476
carbon1,324,17,1.3385575312901945
carbon1,325,17,1.328652472618748
carbon1,326,17,1.6410971297060741
carbon1,327,17,1.6259570796700085
carbon1,328,17,1.1956070775494856
carbon1,329,17,1.4127835271989597
carbon1,330,17,1.2771239977549105
carbon1,331,17,1.2390650523936046
carbon1,332,17,1.5115956302513094
carbon1,333,17,1.232070239589495
carbon1,334,17,1.391066876842695
carbon1,335,17,1.2252417989075184
carbon1,336,17,1.5852451843812185
carbon1,337,17,1.7871788293123245
carbon1,338,17,1.7443664038882536
carbon1,339,17,1.4317280308288687
carbon1,340,17,1.6267443001270294
carbon1,341,17,1.2271573337561943
carbon1,342,17,1.2957450949093874
carbon1,343,17,1.3654603539582562
carbon1,344,17,1.2886353753068869
carbon1,345,17,1.174239692004288
carbon1,346,17,1.3769175681997747
carbon1,347,17,1.253243781187955
carbon1,348,17,1.4186178947634556
carbon1,349,17,1.1952491293058676
carbon1,350,17,1.7496122450512999
carbon1,351,17,1.2347442143980194
carbon1,352,17,1.4151122710284065
carbon1,353,17,1.3240407337160671
carbon1,354,17,1.2089459788711632
carbon1,355,17,1.5426734817378662
carbon1,356,17,1.249740476555684
carbon1,357,17,1.9542237507069813
carbon1,358,17,1.201249874470865
carbon1,359,17,1.466264747083187
carbon1,360,17,1.57570476939573
carbon1,361,17,1.4456442616441672
carbon1,362,17,1.355282489429502
carbon1,363,17,1.27040746062994
carbon1,364,17,1.2433455516310299
carbon1,365,17,1.6248559855362947
carbon1,366,17,1.3301750342635548
carbon1,367,17,1.5409305525176666
carbon1,368,17,1.362956872319474
carbon1,369,17,1.7449618854066904
carbon1,370,17,1.178902578266228
carbon1,371,17,1.4220361245029114
carbon1,372,17,1.1258544970084639
carbon1,373,17,1.56859290599823
carbon1,374,17,1.1834645911174662
carbon1,375,17,1.4372594076044418
carbon1,376,17,1.2470706482143963
carbon1,377,17,1.3024109733455322
carbon1,378,17,1.484487368780024
carbon1,379,17,1.2463568790870554
carbon1,380,17,1.9303495603449203
carbon1,381,17,1.1092705844956285
carbon1,382,17,1.4917629869545208
carbon1,383,17,1.3658096242476911
carbon1,384,17,1.1948044775601696
carbon1,385,17,1.7421610451796476
carbon1,386,17,1.5424001593800152
carbon1,387,17,1.6048099994659424
carbon1,388,17,1.80544114112854
carbon1,389,17,1.5518935603253983
carbon1,390,17,1.681954377276056
carbon1,391,17,1.545120291850146
carbon1,392,17,1.6697495421942543
carbon1,393,17,1.6737605342093635
carbon1,394,17,1.382693647461779
carbon1,395,17,1.508539491716553
carbon1,396,17,2.095158424666699
carbon1,397,17,1.8081034842659445
carbon1,398,17,1.78421649249161
carbon1,399,17,1.4022275443901033
carbon1,400,17,1.4022803293431507
carbon1,401,17,1.65115709843881
carbon1,402,17,1.4272352825192844
carbon1,403,17,2.045417967964621
carbon1,404,17,1.50514683346538
carbon1,405,17,1.4292400597649462
carbon1,406,17,1.7199616020216661
carbon1,407,17,1.5058687627315521
carbon1,408,17,1.9049749987966873
carbon1,409,17,1.6538115354145275
carbon1,410,17,1.3122392771217752
carbon1,411,17,1.837757866610499
carbon1,412,17,1.47667674194364
carbon1,413,17,1.616042730562827
carbon1,414,17,1.3712422022705568
carbon1,415,17,1.5946128648870133
carbon1,416,17,1.6868941082673914
carbon1,417,17,1.4047820697374203
carbon1,418,17,1.890865897431093
carbon1,419,17,1.5483408465104944
carbon1,420,17,1.4532997792257982
carbon1,421,17,1.4602411284166223
carbon1,422,17,1.4672051120330305
carbon1,423,17,1.5040611361756044
carbon1,424,17,1.3654741969178705
carbon1,425,17,1.6143168158390944
carbon1,426,17,1.4000136922387516
carbon1,427,17,1.5328087114235933
carbon1,428,17,1.5982493894065128
carbon1,429,17,1.5949427042813862
carbon1,430,17,1.48946351601797
carbon1,431,17,1.3078346116577877
carbon1,432,17,1.4905478695736212
carbon1,433,17,1.2910889522994267
carbon1,434,17,1.4518322002361803
carbon1,435,17,1.2949583232402802
carbon1,436,17,1.6032112679060768
carbon1,437,17,1.2881406611379456
carbon1,438,17,1.420661028693704
carbon1,439,17,1.3663105416823835
carbon1,440,17,1.7758171383072348
carbon1,441,17,1.4689504539265352
carbon1,442,17,1.4084995218059595
carbon1,443,17,1.497850135407027
carbon1,444,17,1.6135678186136133
carbon1,445,17,1.7512254644842709
carbon1,446,17,1.823344618520316
carbon1,447,17,1.4510684026514782
carbon1,448,17,1.8015069593401516
carbon1,449,17,1.274601928451482
carbon1,450,17,1.3726705549394382
carbon1,451,17,1.4676711287568598
carbon1,452,17,1.5045887323863365
carbon1,453,17,1.6625507267958977
carbon1,454,17,1.5544706284999847
carbon1,455,17,1.4849836537066627
carbon1,456,17,1.6244228368296343
carbon1,457,17,1.4487179473919027
carbon1,458,17,1.681757801595856
carbon1,459,17,1.7826884906081593
carbon1,460,17,1.6681700243669397
carbon1,461,17,1.8012024278149885
carbon1,462,17,1.4887921380646087
carbon1,463,17,1.575229204752866
carbon1,464,17,1.4905391054994919
carbon1,465,17,1.2280480007038397
carbon1,466,17,1.5512678772211075
carbon1,467,17,1.5758126286022804
carbon1,468,17,1.3068041507812107
carbon1,469,17,1.721362081958967
carbon1,470,17,1.5911640967516338
carbon1,471,17,1.5034086033701897
carbon1,472,17,1.4158704727888107
carbon1,473,17,1.313040649627938
carbon1,474,17,1.5187930745237015
carbon1,475,17,1.784089154618628
carbon1,476,17,1.4206155626212849
carbon1,477,17,1.7909738609895987
carbon1,478,17,1.6874139799791223
carbon1,479,17,1.8114187309847158
carbon1,480,17,1.6319503689951755
carbon1,481,17,1.5900859061409445
carbon1,482,17,1.5290356212679077
carbon1,483,17,1.3106364791884142
carbon1,484,17,1.7326024104567135
carbon1,485,17,1.7182278926758205
carbon1,486,17,1.4209796764394815
carbon1,487,17,1.8164459721130484
carbon1,488,17,1.8893552045611774
carbon1,489,17,1.3385248214882963
carbon1,490,17,1.405499436399516
carbon1,491,17,1.6718638355241102
carbon1,492,17,1.3593656473300035
carbon1,493,17,1.8114742255386185
carbon1,494,17,1.3336471693918985
carbon1,495,17,1.4144779123804148
carbon1,496,17,1.4774956045781864
carbon1,497,17,1.4028843807823517
carbon1,498,17,1.8164032991318142
carbon1,499,17,1.3919532715397722
carbon1,500,17,1.3093864058747011
carbon1,501,17,1.3439030423760414
carbon1,502,17,1.715848958667587
carbon1,503,17,1.5570110253551428
carbon1,504,17,1.5411393914152594
carbon1,505,17,1.5750624379690956
carbon1,506,17,1.3370438047191675
carbon1,507,17,1.6253851901958971
carbon1,508,17,1.6372772573548204
carbon1,509,17,1.444299854338169
carbon1,510,17,1.3278161537121325
carbon1,511,17,1.642872351933928
carbon1,512,17,1.4307599957374966
carbon1,513,17,1.4981819733100779
carbon1,514,17,1.9694794810870115
carbon1,515,17,1.8552965854897219
carbon1,516,17,1.273772867725176
carbon1,517,17,1.1382611823432587
carbon1,518,17,1.271847632001428
carbon1,519,17,1.3010225228088743
carbon1,520,17,1.320909983752405
carbon1,521,17,1.7600097345078694
carbon1,522,17,1.4119672415887607
carbon1,523,17,1.5251999269513523
carbon1,524,17,1.4782060866846758
carbon1,525,17,1.2688595039003037
carbon1,526,17,1.4794439344721682
carbon1,527,17,1.4624278273652582
carbon1,528,17,1.0898022528956919
carbon1,529,17,1.797754732563215
carbon1,530,17,1.3024599157712038
carbon1,531,17,1.355857085874852
carbon1,532,17,1.45701082313762
carbon1,533,17,1.396719470181886
carbon1,534,17,1.276554471210522
carbon1,535,17,1.8542047059711289
carbon1,536,17,2.0418702315758255
carbon1,537,17,1.4655126015491344
carbon1,538,17,1.7069119004642261
carbon1,539,17,1.549553566995789
carbon1,540,17,1.1820869678083588
carbon1,541,17,1.4928912976208855
carbon1,542,17,1.463267131763346
carbon1,543,17,1.6125838443198626
carbon1,544,17,1.361413838889669
carbon1,545,17,1.6034077064079397
carbon1,546,17,1.2987807428135592
carbon1,547,17,1.4922824484460495
carbon1,548,17,1.5223855222849285
carbon1,549,17,1.4452009043272804
carbon1,550,17,1.424674029735958
carbon1,551,17,1.3309111060465084
carbon1,552,17,1.5250720324761726
carbon1,553,17,2.0297401961596573
carbon1,554,17,1.7744595007423092
carbon1,555,17,1.7250126889523338
carbon1,556,17,1.5432595097843338
carbon1,557,17,1.744584306198008
carbon1,558,17,1.6689439003958422
carbon1,559,17,1.671792373937719
carbon1,560,17,1.7266434360952938
carbon1,561,17,1.6582779770388323
carbon1,562,17,1.4321974923505503
carbon1,563,17,1.1212049683227259
carbon1,564,17,0.9976086296579417
carbon1,565,17,1.3339411278857904
carbon1,566,17,1.50828266801203
carbon1,567,17,1.327347985961858
carbon1,568,17,1.716043186976629
carbon1,569,17,1.4840677176766537
carbon1,570,17,1.506574625368504
carbon1,571,17,1.4869639884461374
carbon1,572,17,1.8323589142631083
carbon1,573,17,1.5934173061567194
carbon1,574,17,1.5561287140145021
carbon1,575,17,1.7102934823316687
carbon1,576,17,1.375449939904844
carbon1,577,17,1.4343081717105473
carbon1,578,17,1.6118861250579357
carbon1,579,17,1.3599854725248672
carbon1,580,17,1.5839387625455856
carbon1,581,17,1.3161520712515886
carbon1,582,17,1.5043115536956226
carbon1,583,17,1.6576885984224432
carbon1,584,17,1.6286939860266798
carbon1,585,17,1.257203839281026
carbon1,586,17,1.4896447106319315
carbon1,587,17,1.460508086006431
carbon1,588,17,1.247211196405046
carbon1,589,17,1.4068240628522986
carbon1,590,17,1.3497066195396816
carbon1,591,17,1.4275060609421308
carbon1,592,17,1.3395289794048841
carbon1,593,17,1.386677910299862
carbon1,594,17,1.266692463637275
carbon1,595,17,1.1131150208632736
carbon1,596,17,1.1798599365660374
carbon1,597,17,1.390690847135642
carbon1,598,17,1.1656258176354801
carbon1,599,17,1.5923100146738922
carbon1,600,17,1.6018499019829666
carbon1,601,17,1.1455650287954247
carbon1,602,17,1.1006871753317469
carbon1,603,17,1.1460315229042488
carbon1,604,17,1.174145896864288
carbon1,605,17,1.435023871853071
carbon1,606,17,1.396633581860977
carbon1,607,17,1.6049833882819204
carbon1,608,17,1.4184129571213442
carbon1,609,17,1.065870108849862
carbon1,610,17,1.4447662586017567
carbon1,611,17,1.4409570060670376
carbon1,612,17,1.2996017494622398
carbon1,613,17,1.8479393740348957
carbon1,614,17,1.8225608382045346
carbon1,615,17,1.3653565613443361
carbon1,616,17,1.461943592328359
carbon1,617,17,1.5512212986016976
carbon1,618,17,1.2171434595468729
carbon1,619,17,1.065555640770232
carbon1,620,17,1.5396672688862856
carbon1,621,17,1.1142916229608304
carbon1,622,17,1.1175842331174541
carbon1,623,17,1.4126824908068074
carbon1,624,17,1.4056206045617514
carbon1,625,17,1.4575564569848425
carbon1,626,17,1.1197871992035824
carbon1,627,17,1.3719549964675133
carbon1,628,17,1.3233673821258194
carbon1,629,17,1.3909160755574703
carbon1,630,17,1.294303728377118
carbon1,631,17,1.261958401211921
carbon1,632,17,1.3200218669851036
carbon1,633,17,1.2927754729547922
carbon1,634,17,1.278732678907759
carbon1,635,17,1.3075107536552584
carbon1,636,17,1.3730060429695774
carbon1,637,17,1.1349043001639931
carbon1,638,17,1.0741627100197708
carbon1,639,17,1.7791153549709742
carbon1,640,17,1.4356905667878248
carbon1,641,17,1.5813308016342276
carbon1,642,17,1.1881315870320095
carbon1,643,17,1.2542135084650534
carbon1,644,17,1.4362132619409
carbon1,645,17,1.1146124353194062
carbon1,646,17,1.1831441457547687
carbon1,647,17,1.0623969773159307
carbon1,648,17,1.0372248660389554
carbon1,649,17,1.3090857257792616
carbon1,650,17,1.0264809720546884
carbon1,651,17,1.2997430058415322
carbon1,652,17,1.220599366899799
carbon1,653,17,1.523120298214695
carbon1,654,17,1.4213756029768025
carbon1,655,17,1.1927295091890675
carbon1,656,17,1.3347736947676714
carbon1,657,17,1.0256543099222815
carbon1,658,17,1.2039173979531317
carbon1,659,17,1.077837019775282
carbon1,660,17,1.0237588772878927
carbon1,661,17,1.0644211492172497
carbon1,662,17,1.4001058763550485
carbon1,663,17,1.2351443353930818
carbon1,664,17,1.7072741527329474
carbon1,665,17,1.2301527937216794
carbon1,666,17,1.2425566422479117
carbon1,667,17,1.1157304880702321
carbon1,668,17,1.4758787702988176
carbon1,669,17,1.6339313249815912
carbon1,670,17,1.708475789274363
carbon1,671,17,1.7223365291514818
carbon1,672,17,1.0715007774038787
carbon1,673,17,1.3544417929506916
carbon1,674,17,1.247031058458721
carbon1,675,17,1.3069752536933212
carbon1,676,17,1.2852477572639198
carbon1,677,17,1.14843706019661
carbon1,678,17,1.0747055857551886
carbon1,679,17,1.040852414937142
carbon1,680,17,1.3384474021218278
carbon1,681,17,1.1401177581180544
carbon1,682,17,1.4527651814415175
carbon1,683,17,1.2745405839317863
carbon1,684,17,1.3371033370220924
carbon1,685,17,1.1165706719655324
carbon1,686,17,1.6246920174864286
carbon1,687,17,1.60577788938056
carbon1,688,17,1.7973152599297464
carbon1,689,17,1.4956412650096942
carbon1,690,17,1.2542586649685878
carbon1,691,17,1.257173903313849
carbon1,692,17,1.0666932143983157
carbon1,693,17,1.2070478716974749
carbon1,694,17,1.55288805034669
carbon1,695,17,1.1089457493439756
carbon1,696,17,1.0142481517704094
carbon1,697,17,1.2938751769799959
carbon1,698,17,1.5381287308683729
carbon1,699,17,0.7817700260921436
carbon1,700,17,1.2053725855863269
carbon1,701,17,1.0096392824369318
carbon1,702,17,1.8149603735107709
carbon1,703,17,1.1598775987787282
carbon1,704,17,0.9554912078687373
carbon1,705,17,1.0315284825423185
carbon1,706,17,1.4358385983197128
carbon1,707,17,1.183763006811633
carbon1,708,17,0.9951851582702469
carbon1,709,17,1.0137215918477844
carbon1,710,17,1.2776656033580793
carbon1,711,17,1.131118512548068
carbon1,712,17,1.294649873586262
carbon1,713,17,1.1155910980613792
carbon1,714,17,0.8726342627230812
carbon1,715,17,1.1604959993239712
carbon1,716,17,1.1392694180283476
carbon1,717,17,1.1448033785118776
carbon1,718,17,1.2820026938091307
carbon1,719,17,1.4346458392546457
carbon1,720,17,0.8947310518363819
carbon1,721,17,1.0539770892218632
carbon1,722,17,1.176918539492523
carbon1,723,17,1.6183798445717377
carbon1,724,17,0.9634237346403739
carbon1,725,17,1.139578976394499
carbon1,726,17,0.8612662472707384
carbon1,727,17,1.3297457871410776
carbon1,728,17,1.709394467118032
carbon1,729,17,1.0020579604212851
carbon1,730,17,1.5660140928538406
carbon1,731,17,1.215913973200847
carbon1,732,17,1.404862943379318
carbon1,733,17,1.3345302154912668
carbon1,734,17,1.3244750267442535
carbon1,735,17,1.07108933347113
carbon1,736,17,1.436550754834624
carbon1,737,17,1.2125601970097597
carbon1,738,17,1.2609627448460634
carbon1,739,17,1.2217781304874842
carbon1,740,17,1.4700522900504225
carbon1,741,17,1.8540705407367033
carbon1,742,17,1.1834779850700323
carbon1,743,17,1.8951991726370419
carbon1,744,17,1.2009320377426989
carbon1,745,17,0.9722333160393378
carbon1,746,17,1.6393332317033236
carbon1,747,17,1.3578367220128285
carbon1,748,17,1.6335782259702682
carbon1,749,17,1.402445871163817
carbon1,750,17,1.274478310609565
carbon1,751,17,1.3861893638968468
carbon1,752,17,1.2097494365537869
carbon1,753,17,1.560584289186141
carbon1,754,17,1.7872750943197924
carbon1,755,17,1.9701326467535074
carbon1,756,17,1.1831707603791182
carbon1,757,17,1.7788520352367092
carbon1,758,17,1.7840989394222988
carbon1,759,17,1.5511331301839912
carbon1,760,17,2.0984577554113724
carbon1,761,17,1.8273218580905128
carbon1,762,17,0.9705135427853641
carbon1,763,17,1.540660037275623
carbon1,764,17,1.4650146417758043
carbon1,765,17,1.4070972931735657
carbon1,766,17,1.2730255113805042
carbon1,767,17,1.4812608142109478
carbon1,768,17,1.4206933186334723
carbon1,769,17,1.1736208178541239
carbon1,770,17,1.385336417485686
carbon1,771,17,1.1476571776849382
carbon1,772,17,1.1166977873619865
carbon1,773,17,1.228898889001678
carbon1,774,17,1.3946813761311418
carbon1,775,17,1.2474416757331175
carbon1,776,17,0.9340210473712753
carbon1,777,17,1.2421691198559368
carbon1,778,17,1.3464378694839336
carbon1,779,17,1.1540062291657223
carbon1,780,17,0.9253301024436951
carbon1,781,17,1.4418813958764076
carbon1,782,17,1.5743668850730448
carbon1,783,17,1.6275323675397564
carbon1,784,17,1.4662475287914276
carbon1,785,17,1.4777974475394278
carbon1,786,17,1.473044895731351
carbon1,787,17,1.2689231822595877
carbon1,788,17,1.5280069743885714
carbon1,789,17,1.3943668503095121
carbon1,790,17,1.310026645222131
carbon1,791,17,1.1822096907040651
carbon1,792,17,1.3176889526931679
carbon1,793,17,1.765172681387733
carbon1,794,17,1.443563312292099
carbon1,795,17,1.6891122740857742
carbon1,796,17,1.535901508787099
carbon1,797,17,1.8172703192514532
carbon1,798,17,1.365883177255883
carbon1,799,17,1.3123243065441357
carbon1,800,17,1.3608142615241163
carbon1,801,17,1.2912762524450527
carbon1,802,17,1.3801036393817734
carbon1,803,17,1.4743720538475935
carbon1,804,17,1.569987156373613
carbon1,805,17,1.096573942066992
carbon1,806,17,1.0192192017155535
carbon1,807,17,1.522148518001332
carbon1,808,17,1.471420585670892
carbon1,809,17,1.2680605654330814
carbon1,810,17,1.0780855752527714
carbon1,811,17,1.8556575715980108
carbon1,812,17,1.0818959246663487
carbon1,813,17,1.265772886793403
carbon1,814,17,1.1964429389027988
carbon1,815,17,1.3183040916919708
carbon1,816,17,1.4273230847628677
carbon1,817,17,1.1958629195304478
carbon1,818,17,1.6959108995164143
carbon1,819,17,1.4791483261129434
carbon1,820,17,1.5560724748408092
carbon1,821,17,1.2309342017945122
carbon1,822,17,1.9240853663753061
carbon1,823,17,1.4765480539816267
carbon1,824,17,1.7860398450318504
carbon1,825,17,1.2474937167237787
carbon1,826,17,1.8741227383999264
carbon1,827,17,1.405327043550856
carbon1,828,17,1.0975767630426323
carbon1,829,17,1.0410841155578108
carbon1,830,17,1.6587996127850868
carbon1,831,17,1.3269626734887852
carbon1,832,17,1.242703700766844
carbon1,833,17,1.5734833040658165
carbon1,834,17,1.9628769737832688
carbon1,835,17,1.3849324434995651
carbon1,836,17,1.6828724180950838
carbon1,837,17,1.582852170747869
carbon1,838,17,1.3144950958735802
carbon1,839,17,1.4100699499249458
carbon1,840,17,1.2930872497313164
carbon1,841,17,1.057106466306483
carbon1,842,17,1.3569827868657953
carbon1,843,17,1.2780888374237453
carbon1,844,17,1.7161881388986813
carbon1,845,17,1.5437886837650747
carbon1,846,17,2.0892195854993427
carbon1,847,17,1.6523308780263453
carbon1,848,16,1.5841779769398272
carbon1,849,16,1.8477726746350527
carbon1,850,16,1.509088087361306
carbon1,851,16,1.599797671660781
carbon1,852,16,1.7669533784501255
carbon1,853,16,1.3941293004900217
carbon1,854,16,1.4087398843839765
carbon1,855,16,1.6004391768947244
carbon1,856,16,1.58111725281924
carbon1,857,16,1.420840778388083
carbon1,858,16,1.1075931936502457
carbon1,859,16,1.6704494231380522
carbon1,860,16,1.2905869092792273
carbon1,861,16,1.4042626488953829
carbon1,862,16,1.5653411694802344
carbon1,863,16,1.7932954309508204
carbon1,864,16,1.628736180253327
carbon1,865,16,1.2398487515747547
carbon1,866,16,1.4937782092019916
carbon1,867,16,1.7224088017828763
carbon1,868,16,1.1301075364463031
carbon1,869,16,1.472962200641632
carbon1,870,16,1.5618056361563504
carbon1,871,16,1.3379825709853321
carbon1,872,16,1.3047841195948422
carbon1,873,16,1.7532785781659186
carbon1,874,16,1.3419651691801846
carbon1,875,16,1.454017672687769
carbon1,876,16,1.8574165452737361
carbon1,877,16,1.6640536121558398
carbon1,878,16,1.3189456560648978
carbon1,879,16,1.7250537383370101
carbon1,880,16,1.665716860210523
carbon1,881,16,1.4798701191321015
carbon1,882,16,1.1784351989626884
carbon1,883,16,1.5512378299608827
carbon1,884,16,1.306002008728683
carbon1,885,16,1.5985980001278222
carbon1,886,16,1.5654440643265843
carbon1,887,16,1.9173776283860207
carbon1,888,16,1.4891202002763748
carbon1,889,16,1.4829505593515933
carbon1,890,16,1.3438544012606144
carbon1,891,16,1.5126309441402555
carbon1,892,16,1.3982005747966468
carbon1,893,16,1.6048858342692256
carbon1,894,16,1.3805551338009536
carbon1,895,16,1.2514900725800544
carbon1,896,16,1.571166014764458
carbon1,897,16,1.2913733050227165
carbon1,898,16,1.3786151616368443
carbon1,899,16,1.443312656134367
carbon1,900,16,1.349421582184732
carbon1,901,16,1.603219817392528
carbon1,902,16,1.512436673277989
carbon1,903,16,1.2561251807492226
carbon1,904,16,1.6439955963287503
carbon1,905,16,1.5305835390463471
carbon1,906,16,1.3356152870692313
carbon1,907,16,1.4188178812619299
carbon1,908,16,1.2043903027661145
carbon1,909,16,1.4877916164696217
carbon1,910,16,1.9144598464481533
carbon1,911,16,1.5281024817377329
carbon1,912,16,1.8518213382922113
carbon1,913,16,1.6883527527097613
carbon1,914,16,1.9533152165822685
carbon1,915,16,1.5456009516492486
carbon1,916,16,1.4559240071102977
carbon1,917,16,1.960671879351139
carbon1,918,16,1.5877439202740788
carbon1,919,16,1.6399510882329196
carbon1,920,16,1.8257626192644238
carbon1,921,16,1.7319449190981686
carbon1,922,16,1.8567539569921792
carbon1,923,16,1.781705561093986
carbon1,924,16,1.4828900783322752
carbon1,925,16,1.4063677596859634
carbon1,926,16,1.3447492804843932
carbon1,927,16,1.571448752656579
carbon1,928,16,1.6405543545261025
carbon1,929,16,1.3558370722457767
carbon1,930,16,1.4581032376736403
carbon1,931,16,1.5968554350547493
carbon1,932,16,1.3679455798119307
carbon1,933,16,1.5600366275757551
carbon1,934,16,1.7623374129179865
carbon1,935,16,1.4921807700302452
carbon1,936,16,1.7786650657653809
carbon1,937,16,1.540805162396282
carbon1,938,16,1.4341153160203248
carbon1,939,16,1.7485373467206955
carbon1,940,16,1.8592615486122668
carbon1,941,16,1.437556330114603
carbon1,942,16,1.5628871405497193
carbon1,943,16,1.3953738200943917
carbon1,944,16,1.6332278221379966
carbon1,945,16,1.5663352767005563
carbon1,946,16,1.4955860767513514
carbon1,947,16,1.4652282032184303
carbon1,948,16,1.6083530248142779
carbon1,949,16,1.3484492846764624
carbon1,950,16,1.7664729647804052
carbon1,951,16,1.7216070964932442
carbon1,952,16,1.8291815174743533
carbon1,953,16,2.090200126171112
carbon1,954,16,1.539678142638877
carbon1,955,16,1.887232521083206
carbon1,956,16,1.5885689011774957
carbon1,957,16,1.6407483769580722
carbon1,958,16,1.6232341998256743
carbon1,959,16,1.8160991994664073
carbon1,960,16,1.6208657138049603
carbon1,961,16,1.7780360411852598
carbon1,962,16,1.772931064479053
carbon1,963,16,1.9693804802373052
carbon1,964,16,1.808496547397226
carbon1,965,16,1.76450664550066
carbon1,966,16,1.7227691989392042
carbon1,967,16,2.079640389420092
carbon1,968,16,1.6473935432732105
carbon1,969,16,1.6467206734232605
carbon1,970,16,1.683411450125277
carbon1,971,16,1.681229408364743
carbon1,972,16,1.3682831015903503
carbon1,973,16,1.986679027439095
carbon1,974,16,2.1422340273857117
carbon1,975,16,1.5757087944075465
carbon1,976,16,2.090069640427828
carbon1,977,16,1.4669395480304956
carbon1,978,16,1.9769300324842334
carbon1,979,16,1.615420083515346
carbon1,980,16,1.5542803234420717
carbon1,981,16,1.8301503420807421
carbon1,982,16,1.9558485131710768
carbon1,983,16,1.6658667298033834
carbon1,984,16,1.4450638759881258
carbon1,985,16,1.6599476321134716
carbon1,986,16,1.3260927041992545
carbon1,987,16,1.5845411480404437
carbon1,988,16,1.6518420316278934
carbon1,989,16,1.5335145946592093
carbon1,990,16,1.3468646607361734
carbon1,991,16,1.4800072805956006
carbon1,992,16,1.5976525521837175
carbon1,993,16,1.4072039518505335
carbon1,994,16,1.4035423264140263
carbon1,995,16,1.2323985421098769
carbon1,996,16,1.5443903496488929
carbon1,997,16,1.5545000052079558
carbon1,998,16,1.4738063411787152
carbon1,999,16,1.4109207135625184
carbon1,1000,16,1.3260099682956934
carbon1,1001,16,1.5472608930431306
carbon1,1002,16,1.2076054755598307
carbon1,1003,16,1.7735169152729213
carbon1,1004,16,1.545036992058158
carbon1,1005,16,1.5232656663283706
carbon1,1006,16,1.7438797168433666
carbon1,1007,16,1.7945892922580242
carbon1,1008,16,1.5801410786807537
carbon1,1009,16,1.9679095605388284
carbon1,1010,16,1.5501098446547985
carbon1,1011,16,1.8613522090017796
carbon1,1012,16,1.5048833601176739
carbon1,1013,16,1.3535481195431203
carbon1,1014,16,1.20577423973009
carbon1,1015,16,1.7413875514175743
carbon1,1016,16,1.5595814445987344
carbon1,1017,16,1.5439475714229047
carbon1,1018,16,1.7591458577662706
carbon1,1019,16,1.9683968238532543
carbon1,1020,16,1.8418435819912702
carbon1,1021,16,1.3997776745818555
carbon1,1022,16,1.3759468500502408
carbon1,1023,16,1.638873296091333
carbon1,1024,16,2.047854818403721
carbon1,1025,16,1.7164992336183786
carbon1,1026,16,1.6110692534130067
carbon1,1027,16,1.5128521006554365
carbon1,1028,16,1.4981159660965204
carbon1,1029,16,1.4774089956190437
carbon1,1030,16,1.3322639744728804
carbon1,1031,16,1.3893816065974534
carbon1,1032,16,1.530735322739929
carbon1,1033,16,1.6624452103860676
carbon1,1034,16,1.9383628629148006
carbon1,1035,16,1.7494753669016063
carbon1,1036,16,1.573312125634402
carbon1,1037,16,1.3668655483052135
carbon1,1038,16,1.2228843329939991
carbon1,1039,16,1.5923576038330793
carbon1,1040,16,1.5837787953205407
carbon1,1041,16,1.5263723768293858
carbon1,1042,16,1.7286246835719794
carbon1,1043,16,1.814208185300231
carbon1,1044,16,1.5094202617183328
carbon1,1045,16,1.8692133522126824
carbon1,1046,16,1.9255375685170293
carbon1,1047,16,1.857404388487339
carbon1,1048,16,1.4901525056920946
carbon1,1049,16,2.1232488374225795
carbon1,1050,16,1.6885484927333891
carbon1,1051,16,1.7052802816033363
carbon1,1052,16,1.8025092063471675
carbon1,1053,16,1.3762473920360208
carbon1,1054,16,1.6005018707364798
carbon1,1055,16,1.3580360463820398
carbon1,1056,16,1.5454451974947006
carbon1,1057,16,1.8177164206281304
carbon1,1058,16,1.6744124004617333
carbon1,1059,16,1.6997009832412004
carbon1,1060,16,1.734001215081662
carbon1,1061,16,1.210465568350628
carbon1,1062,16,1.679777983110398
carbon1,1063,16,1.430656787008047
carbon1,1064,16,1.8853138873819262
carbon1,1065,16,1.652453447226435
carbon1,1066,16,1.6153459935449064
carbon1,1067,16,1.7130368412472308
carbon1,1068,16,1.6830956097692251
carbon1,1069,16,1.4812817759811878
carbon1,1070,16,1.5751720070838928
carbon1,1071,16,1.7144571263343096
carbon1,1072,16,1.616837177425623
carbon1,1073,16,1.4915357390418649
carbon1,1074,16,1.5556956373620778
carbon1,1075,16,1.9473582776263356
carbon1,1076,16,1.4456050843000412
carbon1,1077,16,1.2610058169811964
carbon1,1078,16,1.5050547309219837
carbon1,1079,16,1.6111202305182815
carbon1,1080,16,1.3795716208405793
carbon1,1081,16,1.939298266544938
carbon1,1082,16,1.734739521984011
carbon1,1083,16,2.0215403675101697
carbon1,1084,16,1.7628904022276402
carbon1,1085,16,1.6393079576082528
carbon1,1086,16,1.2875047859270126
carbon1,1087,16,1.2879449715837836
carbon1,1088,16,1.7373895128257573
carbon1,1089,16,1.4934330391697586
carbon1,1090,16,1.5852559264749289
carbon1,1091,16,1.7677380414679646
carbon1,1092,16,1.5695885305758566
carbon1,1093,16,1.357513370923698
carbon1,1094,16,1.8431748254224658
carbon1,1095,16,1.4653358198702335
carbon1,1096,16,1.4351733070798218
carbon1,1097,16,1.7089439136907458
carbon1,1098,16,1.5802353732287884
carbon1,1099,16,1.612224000506103
carbon1,1100,16,1.617056188173592
carbon1,1101,16,1.4886839357204735
carbon1,1102,16,1.327579241245985
carbon1,1103,16,1.46654783654958
carbon1,1104,16,1.5572609319351614
carbon1,1105,16,1.5303755505010486
carbon1,1106,16,1.6578566976822913
carbon1,1107,16,1.9258973877876997
carbon1,1108,16,1.9088150523602962
carbon1,1109,16,1.8136313930153847
carbon1,1110,16,1.3874424775131047
carbon1,1111,16,1.6621834398247302
carbon1,1112,16,1.812094712862745
carbon1,1113,16,1.3804502259008586
carbon1,1114,16,1.6580061139538884
carbon1,1115,16,1.6259580757468939
carbon1,1116,16,2.049155459739268
carbon1,1117,16,1.8796137664467096
carbon1,1118,16,1.9843082958832383
carbon1,1119,16,1.5495678717270494
carbon1,1120,16,1.7800862826406956
carbon1,1121,16,1.6128039686009288
carbon1,1122,16,1.4702824302949011
carbon1,1123,16,1.835403922246769
carbon1,1124,16,1.7702223672531545
carbon1,1125,16,1.667897769715637
carbon1,1126,16,1.3697942956350744
carbon1,1127,16,1.8782392237335443
carbon1,1128,16,1.4361029923893511
carbon1,1129,16,1.7035171228926629
carbon1,1130,16,1.7759315185248852
carbon1,1131,16,1.5865501177031547
carbon1,1132,16,1.7611015178263187
carbon1,1133,16,1.6441142833791673
carbon1,1134,16,1.6485814843326807
carbon1,1135,16,1.8136345157399774
carbon1,1136,16,1.5462120389565825
carbon1,1137,16,1.663559800479561
carbon1,1138,16,1.545480630127713
carbon1,1139,16,2.0873433318920434
carbon1,1140,16,1.3540486386045814
carbon1,1141,16,1.4514094274491072
carbon1,1142,16,1.4585450747981668
carbon1,1143,16,1.5253685861825943
carbon1,1144,16,1.51737175649032
carbon1,1145,16,1.6101759653538465
carbon1,1146,16,1.6678951969370246
carbon1,1147,16,2.116079952567816
carbon1,1148,16,1.3509149502497166
carbon1,1149,16,1.3208854056429118
carbon1,1150,16,1.6089130267500877
carbon1,1151,16,1.6474337778054178
carbon1,1152,16,1.4678662684746087
carbon1,1153,16,1.5198909053578973
carbon1,1154,16,1.4359737811610103
carbon1,1155,16,1.8146952758543193
carbon1,1156,16,1.6509737996384501
carbon1,1157,16,1.6781398919411004
carbon1,1158,16,1.6828577816486359
carbon1,1159,16,1.5339553905650973
carbon1,1160,16,1.871877701021731
carbon1,1161,16,1.931436626240611
carbon1,1162,16,1.4177198149263859
carbon1,1163,16,1.6234825779683888
carbon1,1164,16,1.4050454846583307
carbon1,1165,16,1.3758972226642072
carbon1,1166,16,1.3617774341255426
carbon1,1167,16,1.9565283982083201
carbon1,1168,16,1.307595276273787
carbon1,1169,16,1.3708212738856673
carbon1,1170,16,1.5946019156835973
carbon1,1171,16,1.701556549873203
carbon1,1172,16,1.4551849155686796
carbon1,1173,16,1.3853589002974331
carbon1,1174,16,1.4520839569158852
carbon1,1175,16,1.4568196409381926
carbon1,1176,16,1.6907573123462498
carbon1,1177,16,1.6067082094959915
carbon1,1178,16,1.5797885512001812
carbon1,1179,16,1.770110187586397
carbon1,1180,16,1.5450819148682058
carbon1,1181,16,1.8078893907368183
carbon1,1182,16,1.3169358484447002
carbon1,1183,16,1.44133533956483
carbon1,1184,16,1.6226002564653754
carbon1,1185,16,1.505248543806374
carbon1,1186,16,1.6724008535966277
carbon1,1187,16,1.261357197072357
carbon1,1188,16,1.1998648555018008
carbon1,1189,16,1.189185831695795
carbon1,1190,16,1.4667338645085692
carbon1,1191,16,1.2515170907136053
carbon1,1192,16,1.3322597807273269
carbon1,1193,16,1.1763444687239826
carbon1,1194,16,1.2760195517912507
carbon1,1195,16,1.2461121934466064
carbon1,1196,16,1.3624309920705855
carbon1,1197,16,1.4594166411552578
carbon1,1198,16,1.4238405679352582
carbon1,1199,16,1.3811399582773447
carbon1,1200,16,1.6835203133523464
carbon1,1201,16,1.5010262303985655
carbon1,1202,16,1.4081610292196274
carbon1,1203,16,1.393732946133241
carbon1,1204,16,1.609226617962122
carbon1,1205,16,1.2466173861175776
carbon1,1206,16,1.6531396815553308
carbon1,1207,16,1.69680553721264
carbon1,1208,16,1.0438574706204236
carbon1,1209,16,1.2522133653983474
carbon1,1210,16,1.4725518976338208
carbon1,1211,16,1.2690336098894477
carbon1,1212,16,1.1302472811657935
carbon1,1213,16,1.4070504803676158
carbon1,1214,16,1.5809834930114448
carbon1,1215,16,1.169087277725339
carbon1,1216,16,1.4501699525862932
carbon1,1217,16,1.719315932597965
carbon1,1218,16,1.3542111259885132
carbon1,1219,16,1.2850976986810565
carbon1,1220,16,1.2367878323420882
carbon1,1221,16,1.31511693703942
carbon1,1222,16,1.3904316653497517
carbon1,1223,16,2.014698712155223
carbon1,1224,16,1.1936545257922262
carbon1,1225,16,1.0047893729060888
carbon1,1226,16,1.1711247521452606
carbon1,1227,16,1.256962490733713
carbon1,1228,16,1.3753644032403827
carbon1,1229,16,1.0263188197277486
carbon1,1230,16,1.9404531284235418
carbon1,1231,16,1.220090079936199
carbon1,1232,16,1.2312810993753374
carbon1,1233,16,1.3869351507164538
carbon1,1234,16,1.3470264947973192
carbon1,1235,16,1.6062998566776514
carbon1,1236,16,0.8682190859690309
carbon1,1237,16,2.0251189582049847
carbon1,1238,16,1.4708640342578292
carbon1,1239,16,1.6573076006025076
carbon1,1240,16,1.51744654471986
carbon1,1241,16,1.2953711273148656
carbon1,1242,16,1.215763340704143
carbon1,1243,16,1.1633022364694625
carbon1,1244,16,1.5224393184762448
carbon1,1245,16,1.6045272047631443
carbon1,1246,16,1.2325160186737776
carbon1,1247,16,1.3358268686570227
carbon1,1248,16,1.5045668468810618
carbon1,1249,16,1.5734874322079122
carbon1,1250,16,1.3808820529375225
carbon1,1251,16,1.4496321771293879
carbon1,1252,16,1.2354285083711147
carbon1,1253,16,1.577501776162535
carbon1,1254,16,1.2453593206591904
carbon1,1255,16,1.2134626442566514
carbon1,1256,16,1.3521602901164442
carbon1,1257,16,1.0664490007329732
carbon1,1258,16,1.6048862629104406
carbon1,1259,16,1.625446773134172
carbon1,1260,16,1.8784178947098553
carbon1,1261,16,1.542515346314758
carbon1,1262,16,1.1839709165506065
carbon1,1263,16,1.5129025848582387
carbon1,1264,16,1.7501642019487917
carbon1,1265,16,1.3630632418207824
carbon1,1266,16,1.0871413135901093
carbon1,1267,16,1.5712360485922545
carbon1,1268,16,2.206397359725088
carbon1,1269,16,1.3925974480807781
carbon1,1270,16,1.513059366028756
carbon1,1271,16,1.4111336797941476
carbon1,1272,16,1.193518386920914
carbon1,1273,16,1.1203089985065162
carbon1,1274,16,1.3746690158732235
carbon1,1275,16,1.3293841164559126
carbon1,1276,16,1.215268772561103
carbon1,1277,16,1.096923260949552
carbon1,1278,16,1.2692554434761405
carbon1,1279,16,1.0704542277380824
carbon1,1280,16,1.469610155094415
carbon1,1281,16,1.5138082541525364
carbon1,1282,16,1.417606654111296
carbon1,1283,16,1.404076007194817
carbon1,1284,16,1.027772892266512
carbon1,1285,16,1.5955952308140695
carbon1,1286,16,1.2256162133999169
carbon1,1287,16,1.3251471677795053
carbon1,1288,16,1.7810030821710825
carbon1,1289,16,1.5256771491840482
carbon1,1290,16,1.5204717572778463
carbon1,1291,16,1.7148735597729683
carbon1,1292,16,1.3727142680436373
carbon1,1293,16,1.561775311594829
carbon1,1294,16,1.6191701185889542
carbon1,1295,16,1.3433063398115337
carbon1,1296,16,1.275947498390451
carbon1,1297,16,1.9896229691803455
carbon1,1298,16,1.46993935899809
carbon1,1299,16,1.4077242116909474
carbon1,1300,16,1.3749996554106474
carbon1,1301,16,1.491464165970683
carbon1,1302,16,1.11077692033723
carbon1,1303,16,1.1993268728256226
carbon1,1304,16,1.7026458887849003
carbon1,1305,16,1.6146429495420307
carbon1,1306,16,1.5952043482102454
carbon1,1307,16,1.3183655603788793
carbon1,1308,16,1.2561057781567797
carbon1,1309,16,1.2688611443154514
carbon1,1310,16,1.7191947340033948
carbon1,1311,16,1.3330509823281318
carbon1,1312,16,1.8546784669160843
carbon1,1313,16,1.3890443572308868
carbon1,1314,16,0.908639904577285
carbon1,1315,16,1.5265718647278845
carbon1,1316,16,1.4982256963849068
carbon1,1317,16,1.4124892302788794
carbon1,1318,16,1.725653180386871
carbon1,1319,16,1.5882447054609656
carbon1,1320,16,1.5705997366458178
carbon1,1321,16,1.538497754605487
carbon1,1322,16,1.3876312859356403
carbon1,1323,16,1.2546192207373679
carbon1,1324,16,1.3928744457662106
carbon1,1325,16,1.4368804362602532
carbon1,1326,16,1.641389075666666
carbon1,1327,16,1.284834765130654
carbon1,1328,16,1.175919790752232
carbon1,1329,16,1.2063098661601543
carbon1,1330,16,1.2096668158192188
carbon1,1331,16,0.8939789473079145
carbon1,1332,16,1.444688128773123
carbon1,1333,16,1.0716253798455
carbon1,1334,16,1.0317651459481567
carbon1,1335,16,1.6962376739829779
carbon1,1336,16,1.2864226852543652
carbon1,1337,16,1.5436203200370073
carbon1,1338,16,1.2599089769646525
carbon1,1339,16,1.2933265150059015
carbon1,1340,16,1.3019095999188721
carbon1,1341,16,1.3702393006533384
carbon1,1342,16,1.454754512757063
carbon1,1343,16,1.2406458831392229
carbon1,1344,16,1.4092752072028816
carbon1,1345,16,1.0391111520584673
carbon1,1346,16,1.208285456057638
carbon1,1347,16,1.185522127430886
carbon1,1348,16,1.464140915311873
carbon1,1349,16,1.4743083962239325
carbon1,1350,16,1.514341721078381
carbon1,1351,16,0.9860540488734841
carbon1,1352,16,1.6858476446941495
carbon1,1353,16,1.2327588871121407
carbon1,1354,16,1.4446148099377751
carbon1,1355,16,1.0703468387946486
carbon1,1356,16,1.1207891055382788
carbon1,1357,16,1.0279403221793473
carbon1,1358,16,1.2955760066397488
carbon1,1359,16,1.525664171203971
carbon1,1360,16,0.9810826773755252
carbon1,1361,16,1.4422341485042125
carbon1,1362,16,1.450306413229555
carbon1,1363,16,1.2987008902709931
carbon1,1364,16,1.0653624350670725
carbon1,1365,16,1.1867221626453102
carbon1,1366,16,0.9949644166044891
carbon1,1367,16,1.7126818406395614
carbon1,1368,16,1.205040386179462
carbon1,1369,16,1.1487199268303812
carbon1,1370,16,2.155294601805508
carbon1,1371,16,1.4813843672163785
carbon1,1372,16,0.9312992473132908
carbon1,1373,16,2.084043705370277
carbon1,1374,16,1.2094907776918262
carbon1,1375,16,1.3575500533916056
carbon1,1376,16,1.1988780018873513
carbon1,1377,16,1.2714844066649675
carbon1,1378,16,1.3072017300873995
carbon1,1379,16,1.0960053708404303
carbon1,1380,16,1.1187918852083385
carbon1,1381,16,1.4338245815597475
carbon1,1382,16,1.0731566795147955
carbon1,1383,16,1.3462979011237621
carbon1,1384,16,1.4970977064222097
carbon1,1385,16,1.140519722364843
carbon1,1386,16,1.1215913174673915
carbon1,1387,16,1.3541451708879322
carbon1,1388,16,0.9601331939920783
carbon1,1389,16,1.7752133044414222
carbon1,1390,16,1.0751761733554304
carbon1,1391,16,1.3507282929494977
carbon1,1392,16,0.9601106271147728
carbon1,1393,16,1.2021853351034224
carbon1,1394,16,1.1433982667513192
carbon1,1395,16,1.3245039931498468
carbon1,1396,16,1.2945721917785704
carbon1,1397,16,1.2498831488192081
carbon1,1398,16,1.4598100378643721
carbon1,1399,16,1.3507759156636894
carbon1,1400,16,1.1006711153313518
carbon1,1401,16,1.1244436011184007
carbon1,1402,16,1.0216337016317993
carbon1,1403,16,1.0554256839677691
carbon1,1404,16,1.51475591911003
carbon1,1405,16,1.5465101427398622
carbon1,1406,16,2.037587913684547
carbon1,1407,16,1.1776568009518087
carbon1,1408,16,1.2177031962201
carbon1,1409,16,1.4671650105156004
carbon1,1410,16,1.319255398469977
carbon1,1411,16,1.3258631061762571
carbon1,1412,16,0.9777926250826567
carbon1,1413,16,1.208823470864445
carbon1,1414,16,1.6842487626709044
carbon1,1415,16,1.6737006360199302
carbon1,1416,16,1.5515842174645513
carbon1,1417,16,1.227875449694693
carbon1,1418,16,1.4179700040258467
carbon1,1419,16,1.5336271030828357
carbon1,1420,16,1.7219954412430525
carbon1,1421,16,1.0741155464202166
carbon1,1422,16,1.1432128245942295
carbon1,1423,16,1.2902851565741003
carbon1,1424,16,1.6418389463797212
carbon1,1425,16,1.450976218096912
carbon1,1426,16,1.4322280432097614
carbon1,1427,16,1.2515809489414096
carbon1,1428,16,1.339897979516536
carbon1,1429,16,1.2158876461908221
carbon1,1430,16,1.3868815498426557
carbon1,1431,16,1.2549645432736725
carbon1,1432,16,1.392373931943439
carbon1,1433,16,1.442678252933547
carbon1,1434,16,0.9788463701261207
carbon1,1435,16,1.32047284161672
carbon1,1436,16,1.1872109733521938
carbon1,1437,16,1.1942226774990559
carbon1,1438,16,1.2879892168566585
carbon1,1439,16,1.4271504823118448
carbon1,1440,16,1.619262854801491
carbon1,1441,16,1.5994743439368904
carbon1,1442,16,1.9299592319875956
carbon1,1443,16,1.3392190909944475
carbon1,1444,16,1.409753181040287
carbon1,1445,16,1.4631590815261006
carbon1,1446,16,1.2715324703603983
carbon1,1447,16,1.4730775635689497
carbon1,1448,16,1.1390631441026926
carbon1,1449,16,1.5714240679517388
carbon1,1450,16,1.6315238852985203
carbon1,1451,16,1.5092746233567595
carbon1,1452,16,1.2360697884578258
carbon1,1453,16,1.4907961483113468
carbon1,1454,16,1.3450359287671745
carbon1,1455,16,1.47434531734325
carbon1,1456,16,1.2258105352520943
carbon1,1457,16,1.4087651250883937
carbon1,1458,16,1.9916346985846758
carbon1,1459,16,1.7603834958281368
carbon1,1460,16,1.7101945555768907
carbon1,1461,16,1.2026967271231115
carbon1,1462,16,1.6200526654720306
carbon1,1463,16,1.2254932899959385
carbon1,1464,16,1.3898102371022105
carbon1,1465,16,1.291715665254742
carbon1,1466,16,1.4186268483754247
carbon1,1467,16,1.473903606645763
carbon1,1468,16,1.1773018231615424
carbon1,1469,16,1.4885784122161567
carbon1,1470,16,1.3414766918867826
carbon1,1471,16,1.1967580285854638
carbon1,1472,16,1.3749481802806258
carbon1,1473,16,1.4168750988319516
carbon1,1474,16,1.3021586164832115
carbon1,1475,16,1.4266309505328536
carbon1,1476,16,1.7723168232478201
carbon1,1477,16,1.2929421560838819
carbon1,1478,16,1.1777833856176585
carbon1,1479,16,1.2019492532126606
carbon1,1480,16,1.361395777668804
carbon1,1481,16,2.244958129711449
carbon1,1482,16,1.6661822674795985
carbon1,1483,16,0.9592577922157943
carbon1,1484,16,1.017738090828061
carbon1,1485,16,0.955809629522264
carbon1,1486,16,1.1897827191278338
carbon1,1487,16,1.500633170362562
carbon1,1488,16,1.2038744264282286
carbon1,1489,16,1.120126070920378
carbon1,1490,16,1.6698572293389589
carbon1,1491,16,1.106007619178854
carbon1,1492,16,1.5096669732593
carbon1,1493,16,1.3117085245903581
carbon1,1494,16,1.5359239815734327
carbon1,1495,16,1.3537742055486888
carbon1,1496,16,1.1831543948501348
carbon1,1497,16,1.3770007092971355
carbon1,1498,16,1.0915000124368817
carbon1,1499,16,1.6988496972480789
carbon1,1500,16,1.08176464214921
carbon1,1501,16,1.3904617158696055
carbon1,1502,16,1.391397463157773
carbon1,1503,16,1.6884459597058594
carbon1,1504,16,1.3043287498876452
carbon1,1505,16,1.2486837562173605
carbon1,1506,16,1.6950530409812927
carbon1,1507,16,1.0386371547356248
carbon1,1508,16,1.4277963780332357
carbon1,1509,16,1.9633734240196645
carbon1,1510,16,1.7404739104676992
carbon1,1511,16,1.7092449311167002
carbon1,1512,16,1.4228486903011799
carbon1,1513,16,1.5481541636399925
carbon1,1514,16,2.198634445667267
carbon1,1515,16,1.4719458296895027
carbon1,1516,16,1.2261378038674593
carbon1,1517,16,1.5293264957144856
carbon1,1518,16,1.311492120148614
carbon1,1519,16,1.0719214216805995
carbon1,1520,16,1.1089104553684592
carbon1,1521,16,1.7216929364949465
carbon1,1522,16,1.3590617259033024
carbon1,1523,16,1.2496462557464838
carbon1,1524,16,1.824724764097482
carbon1,1525,16,1.7630812153220177
carbon1,1526,16,1.5321984295733273
carbon1,1527,16,1.3655091281980276
carbon1,1528,16,1.2527378383092582
carbon1,1529,16,1.768826685845852
carbon1,1530,16,1.3228170855436474
carbon1,1531,16,1.61672965134494
carbon1,1532,16,1.733216596301645
carbon1,1533,16,1.3562138779088855
carbon1,1534,16,1.3082520936150104
carbon1,1535,16,1.6280503296293318
carbon1,1536,16,1.3924539149738848
carbon1,1537,16,1.7361697820015252
carbon1,1538,16,1.355886908248067
carbon1,1539,16,1.354101947741583
carbon1,1540,16,1.2439313093200326
carbon1,1541,16,2.0967259919270873
carbon1,1542,16,1.6286232927814126
carbon1,1543,16,1.337211509468034
carbon1,1544,16,1.3303502653725445
carbon1,1545,16,1.5787083462346345
carbon1,1546,16,1.171212736517191
carbon1,1547,16,1.6464366437867284
carbon1,1548,16,1.4241386172361672
carbon1,1549,16,1.287443894892931
carbon1,1550,16,1.2642349652014673
carbon1,1551,16,1.348937446018681
carbon1,1552,16,1.430531873833388
carbon1,1553,16,1.7856754008680582
carbon1,1554,16,1.1277992082759738
carbon1,1555,16,1.402650086209178
carbon1,1556,16,1.075901314150542
carbon1,1557,16,1.200335490051657
carbon1,1558,16,1.611297239549458
carbon1,1559,16,1.4809428490698338
carbon1,1560,16,1.0966662606224418
carbon1,1561,16,1.1160546692553908
carbon1,1562,16,1.1843120027333498
carbon1,1563,16,1.6160385110415518
carbon1,1564,16,1.3096806593239307
carbon1,1565,16,1.3681127848103642
carbon1,1566,16,1.560682026669383
carbon1,1567,16,1.6054141935892403
carbon1,1568,16,1.5186477359384298
carbon1,1569,16,1.6534254290163517
carbon1,1570,16,1.8308735699392855
carbon1,1571,16,1.857502160128206
carbon1,1572,16,1.7372194197960198
carbon1,1573,16,1.4687829758040607
carbon1,1574,16,1.2685378878377378
carbon1,1575,16,1.8577430620789528
carbon1,1576,16,1.1931855075526983
carbon1,1577,16,1.28279166854918
carbon1,1578,16,1.6064760212320834
carbon1,1579,16,1.5460971831344068
carbon1,1580,16,1.1578056199941784
carbon1,1581,16,1.212770916055888
carbon1,1582,16,1.0064366324804723
carbon1,1583,16,1.4186402924824506
carbon1,1584,16,0.9177194789517671
carbon1,1585,16,0.9022445627488196
carbon1,1586,16,1.189928950741887
carbon1,1587,16,1.0490363447461277
carbon1,1588,16,1.5012577651068568
carbon1,1589,16,1.6847341870889068
carbon1,1590,16,1.2461449897382408
carbon1,1591,16,1.3976136152632535
carbon1,1592,16,1.1635795566253364
carbon1,1593,16,1.4472074126824737
carbon1,1594,16,1.6676253308542073
carbon1,1595,16,1.4127463242039084
carbon1,1596,16,1.5805139406584203
carbon1,1597,16,1.5489275322761387
carbon1,1598,16,1.1781418835744262
carbon1,1599,16,1.7000426570884883
carbon1,1600,16,1.1438322907779366
carbon1,1601,16,1.560996734071523
carbon1,1602,16,1.1358625376597047
carbon1,1603,16,1.6968800488393754
carbon1,1604,16,1.546061007771641
carbon1,1605,16,1.028298701159656
carbon1,1606,16,1.141148529946804
carbon1,1607,16,1.7944143069908023
carbon1,1608,16,1.6130854864604771
carbon1,1609,16,1.616732133552432
carbon1,1610,16,1.489860507659614
carbon1,1611,16,1.7922927970066667
carbon1,1612,16,1.5785026447847486
carbon1,1613,16,1.4247943731024861
carbon1,1614,16,1.6490016179159284
carbon1,1615,16,1.0205223970115185
carbon1,1616,16,1.6524843373335898
carbon1,1617,16,1.4739622720517218
carbon1,1618,16,1.2991643017157912
carbon1,1619,16,1.2212128709070385
carbon1,1620,16,1.0147177469916642
carbon1,1621,16,1.0246464600786567
carbon1,1622,16,1.1640583272092044
carbon1,1623,16,1.0933182444423437
carbon1,1624,16,1.0655432189814746
carbon1,1625,16,0.8869366394355893
carbon1,1626,16,1.3620875927153975
carbon1,1627,16,1.0383429141074885
carbon1,1628,16,1.6473229825496674
carbon1,1629,16,0.9195832486730069
carbon1,1630,16,0.9128312827087939
carbon1,1631,16,1.0111284105078084
carbon1,1632,16,1.1020107675576583
carbon1,1633,16,0.8880137840751559
carbon1,1634,16,1.4405312296003103
carbon1,1635,16,1.0328305074945092
carbon1,1636,16,1.3536042445339262
carbon1,1637,16,1.5145338054280728
carbon1,1638,16,0.978418449871242
carbon1,1639,16,1.061960335355252
carbon1,1640,16,1.0660466344561428
carbon1,1641,16,1.1883814276661724
carbon1,1642,16,1.1649261907441542
carbon1,1643,16,0.917887293966487
carbon1,1644,16,1.6863743937574327
carbon1,1645,16,1.2829317981377244
carbon1,1646,16,1.1993649249197915
carbon1,1647,16,1.0968598641920835
carbon1,1648,16,1.175795975199435
carbon1,1649,16,1.1298815575428307
carbon1,1650,16,1.0558079220354557
carbon1,1651,16,1.1586099094711244
carbon1,1652,16,1.4388178364606574
carbon1,1653,16,1.1651711275335401
carbon1,1654,16,1.259824215201661
carbon1,1655,16,1.0023976666852832
carbon1,1656,16,1.1123999750707299
carbon1,1657,16,1.0690577505156398
carbon1,1658,16,1.0708423964679241
carbon1,1659,16,1.287577505223453
carbon1,1660,16,1.115865409374237
carbon1,1661,16,1.3640389572829008
carbon1,1662,16,1.3494485233677551
carbon1,1663,16,1.0991616293322295
carbon1,1664,16,1.4134134138002992
carbon1,1665,16,1.3370480422163382
carbon1,1666,16,1.098223245702684
carbon1,1667,16,1.973630468826741
carbon1,1668,16,1.2613721587695181
carbon1,1669,16,1.7451807092875242
carbon1,1670,16,1.3701871684752405
carbon1,1671,16,1.314972115214914
carbon1,1672,16,1.3129928028210998
carbon1,1673,16,1.2205440432298928
carbon1,1674,16,1.045833203010261
carbon1,1675,16,1.4125161203555763
carbon1,1676,16,1.5157946893014014
carbon1,1677,16,1.266533705755137
carbon1,1678,16,1.3958142860792577
carbon1,1679,16,1.3486883156001568
carbon1,1680,16,1.7583991475403309
carbon1,1681,16,1.1522294010501355
carbon1,1682,16,1.1096840780228376
carbon1,1683,16,1.3817762527614832
carbon1,1684,16,1.2916086995974183
carbon1,1685,16,1.3327312879264355
carbon1,1686,16,1.0418845431413502
carbon1,1687,16,2.438787080347538
carbon1,1688,16,1.243897961685434
carbon1,1689,16,2.369294543750584
carbon1,1690,16,1.5959946694783866
carbon1,1691,16,1.9453691383823752
carbon1,1692,16,1.6163570256903768
carbon1,1693,16,1.6705522863194346
carbon1,1694,16,1.6993380496278405
carbon1,1695,16,1.1545884059742093
carbon1,1696,16,1.5790366912260652
carbon1,1697,16,1.5896742816548795
carbon1,1698,16,1.068142471369356
carbon1,1699,16,1.4754404791165143
carbon1,1700,16,1.0339940702542663
carbon1,1701,16,1.0598292553331703
carbon1,1702,16,1.3959368588402867
carbon1,1703,16,1.482115468941629
carbon1,1704,16,1.5784408652689308
carbon1,1705,16,1.1047691255807877
carbon1,1706,16,1.0328147847903892
carbon1,1707,16,1.2607094298582524
carbon1,1708,16,1.6623995420522988
carbon1,1709,16,1.1683510267175734
carbon1,1710,16,1.4947104481980205
carbon1,1711,16,1.9112058286555111
carbon1,1712,16,1.2030191263183951
carbon1,1713,16,1.5484019096475095
carbon1,1714,16,1.4118951099226251
carbon1,1715,16,0.9998297088313848
carbon1,1716,16,1.0175666387658566
carbon1,1717,16,1.1946378939319402
carbon1,1718,16,1.299088201019913
carbon1,1719,16,1.0071274132933468
carbon1,1720,16,1.2075789696536958
carbon1,1721,16,1.170776386745274
carbon1,1722,16,1.0778413908556104
carbon1,1723,16,1.001312023960054
carbon1,1724,16,1.1999272999819368
carbon1,1725,16,1.887384281028062
carbon1,1726,16,1.1716664056293666
carbon1,1727,16,1.4677402945235372
carbon1,1728,16,1.5261350590735674
carbon1,1729,16,1.131266477284953
carbon1,1730,16,2.0149381160736084
carbon1,1731,16,1.2824794547632337
carbon1,1732,16,1.3794644908048213
carbon1,1733,16,1.450167329981923
carbon1,1734,16,1.618873869534582
carbon1,1735,16,1.3160159667022526
carbon1,1736,16,1.2606780352070928
carbon1,1737,16,1.3059440499637276
carbon1,1738,16,1.4166257716715336
carbon1,1739,16,1.3519829688593745
carbon1,1740,16,1.7427817538846284
carbon1,1741,16,1.141117668710649
carbon1,1742,16,1.2778971521183848
carbon1,1743,16,1.3136475253850222
carbon1,1744,16,1.9996206052601337
carbon1,1745,16,1.183833616785705
carbon1,1746,16,1.1072300402447581
carbon1,1747,16,1.5421729534864426
carbon1,1748,16,1.677706437651068
carbon1,1749,16,1.6717684830073267
carbon1,1750,16,1.6052156169898808
carbon1,1751,16,1.2560245441272855
carbon1,1752,16,1.3890858571976423
carbon1,1753,16,1.2284077077638358
carbon1,1754,16,1.3605281496420503
carbon1,1755,16,1.3540412702132016
carbon1,1756,16,1.2820244943723083
carbon1,1757,16,1.419102881103754
carbon1,1758,16,1.0622201496735215
carbon1,1759,16,1.2853539779316634
carbon1,1760,16,1.1730141558218747
carbon1,1761,16,1.3254761620191857
carbon1,1762,16,0.9646726474165916
carbon1,1763,16,1.068310586269945
carbon1,1764,16,1.5801005303510465
carbon1,1765,16,1.5618250232655555
carbon1,1766,16,1.3788972737966105
carbon1,1767,16,1.3409120629075915
carbon1,1768,16,1.0343632949516177
carbon1,1769,16,1.24033989966847
carbon1,1770,16,1.2121579614467919
carbon1,1771,16,1.7028499220032245
carbon1,1772,16,1.3271048092283309
carbon1,1773,16,1.6870186901651323
carbon1,1774,16,1.7902275379747152
carbon1,1775,16,1.4724679819773883
carbon1,1776,16,1.0756092346273363
carbon1,1777,16,1.4887982693035156
carbon1,1778,16,1.5108085637912154
carbon1,1779,16,1.1135497689247131
carbon1,1780,16,0.9327267077751458
carbon1,1781,16,1.478393995668739
carbon1,1782,16,1.6434156629256904
carbon1,1783,16,1.0818165882956237
carbon1,1784,16,1.1838374882936478
carbon1,1785,16,1.3947777631692588
carbon1,1786,16,1.1317472268128768
carbon1,1787,16,1.7017337651923299
carbon1,1788,16,1.5421232618391514
carbon1,1789,16,1.1465388934593648
carbon1,1790,16,1.451380257261917
carbon1,1791,16,1.8928203496616334
carbon1,1792,16,1.2188679496757686
carbon1,1793,16,1.7198926184792072
carbon1,1794,16,1.3397846079897135
carbon1,1795,16,1.2655604577739723
carbon1,1796,16,1.785184525535442
carbon1,1797,16,1.6867787903174758
carbon1,1798,16,1.367400319315493
carbon1,1799,16,1.7435970492661
carbon1,1800,16,1.3591604018583894
carbon1,1801,16,1.6195377227850258
carbon1,1802,16,1.4675930626690388
carbon1,1803,16,1.776558707933873
carbon1,1804,16,1.8815916921012104
carbon1,1805,16,1.8621753007173538
carbon1,1806,16,1.4304776713252068
carbon1,1807,16,1.8117864169180393
carbon1,1808,16,1.2034634128212929
carbon1,1809,16,1.327956587774679
carbon1,1810,16,1.1949409022927284
carbon1,1811,16,1.301591717172414
carbon1,1812,16,1.3454322547186166
carbon1,1813,16,1.1907754793064669
carbon1,1814,16,1.3520973876584321
carbon1,1815,16,1.224081989377737
carbon1,1816,16,1.1797460848465562
carbon1,1817,16,1.2685680992435664
carbon1,1818,16,1.0494839012390003
carbon1,1819,16,1.2663131614681333
carbon1,1820,16,1.1967623849632218
carbon1,1821,16,1.4239393363241106
carbon1,1822,16,1.3987721621524543
carbon1,1823,16,1.7007201109081507
carbon1,1824,16,1.2335719047114253
carbon1,1825,16,1.6706647709943354
carbon1,1826,16,1.350558530073613
carbon1,1827,16,1.1176657986361533
carbon1,1828,16,1.5927118700928986
carbon1,1829,16,1.794221956282854
carbon1,1830,16,1.3863763036206365
carbon1,1831,16,1.4778634305112064
carbon1,1832,16,1.1890005692839622
carbon1,1833,16,1.363059216644615
carbon1,1834,16,1.4531650815624744
carbon1,1835,16,1.1931791936513036
carbon1,1836,16,1.1298652235418558
carbon1,1837,16,1.498755719512701
carbon1,1838,16,1.2514828841667622
carbon1,1839,16,1.139935374027118
carbon1,1840,16,1.4582491260953248
carbon1,1841,16,1.264957120642066
carbon1,1842,16,1.4182400442659855
carbon1,1843,16,1.706048461375758
carbon1,1844,16,1.362753874855116
carbon1,1845,16,1.1636007358320057
carbon1,1846,16,1.776946155820042
carbon1,1847,16,1.3121686456725001
carbon1,1848,16,1.3525538231479004
carbon1,1849,16,1.3375067301094532
carbon1,1850,16,1.576449089916423
carbon1,1851,16,1.369314247276634
carbon1,1852,16,1.2593053081072867
carbon1,1853,16,1.466479115653783
carbon1,1854,16,1.0563649898394942
carbon1,1855,16,1.281548721017316
carbon1,1856,16,1.0785693306243047
carbon1,1857,16,1.1278478509048
carbon1,1858,16,1.0376888189930469
carbon1,1859,16,0.9828342534601688
carbon1,1860,16,1.0419501848518848
carbon1,1861,16,1.122672357596457
carbon1,1862,16,1.1137342029251158
carbon1,1863,16,1.1752056926488876
carbon1,1864,16,1.2296699569560587
carbon1,1865,16,1.6179803065024316
carbon1,1866,16,1.259961745934561
carbon1,1867,16,1.1801600225735456
carbon1,1868,16,1.2270206686807796
carbon1,1869,16,1.9296265793964267
carbon1,1870,16,1.343149873893708
carbon1,1871,16,1.0534191741608083
carbon1,1872,16,1.1394455673871562
carbon1,1873,16,1.0943312053568661
carbon1,1874,16,1.0756159429438412
carbon1,1875,16,0.9613269455730915
carbon1,1876,16,1.1120602497830987
carbon1,1877,16,1.4713830635882914
carbon1,1878,16,1.4791753604076803
carbon1,1879,16,1.015825706999749
carbon1,1880,16,1.0883387820795178
carbon1,1881,16,1.6237988322973251
carbon1,1882,16,1.1191343567334116
carbon1,1883,16,1.2911200216040015
carbon1,1884,16,1.7707066317088902
carbon1,1885,16,1.0766934738494456
carbon1,1886,16,0.9563727709464729
carbon1,1887,16,0.9777225989382714
carbon1,1888,16,1.3473230823874474
carbon1,1889,16,1.302587560378015
carbon1,1890,16,0.8089324990287423
carbon1,1891,16,1.4648104950319976
carbon1,1892,16,1.3986824969761074
carbon1,1893,16,1.6810606536455452
carbon1,1894,16,1.4332210107240826
carbon1,1895,16,1.2218542755581439
carbon1,1896,16,0.8015778788831085
carbon1,1897,16,1.1942310854792595
carbon1,1898,16,1.2947375278454274
carbon1,1899,16,1.0991895378101617
carbon1,1900,16,0.9538050023838878
carbon1,1901,16,0.8690272856038064
carbon1,1902,16,0.6980464158114046
carbon1,1903,16,1.278734618332237
carbon1,1904,16,0.9466973117087036
carbon1,1905,16,1.6560999196954072
carbon1,1906,16,1.2309386669658124
carbon1,1907,16,1.0951045947149396
carbon1,1908,16,1.0341692292131484
carbon1,1909,16,0.6359493628842756
carbon1,1910,16,1.2896728063933551
carbon1,1911,16,1.7205567909404635
carbon1,1912,16,0.7222182038240135
carbon1,1913,16,0.971321580465883
carbon1,1914,16,1.417328832205385
carbon1,1915,16,1.5980650414712727
carbon1,1916,16,0.84782795002684
carbon1,1917,16,1.7457973074633628
carbon1,1918,16,1.6889143072767183
carbon1,1919,16,1.3791417754255235
carbon1,1920,16,1.146813231986016
carbon1,1921,16,1.619422196643427
carbon1,1922,16,1.655419880989939
carbon1,1923,16,1.601977319456637
carbon1,1924,16,1.0916364351287484
carbon1,1925,16,1.2412262186408043
carbon1,1926,16,1.2328605796210468
carbon1,1927,16,1.5045015290379524
carbon1,1928,16,1.413967908360064
carbon1,1929,16,1.5424603300634772
carbon1,1930,16,1.3938956174533814
carbon1,1931,16,2.042726346757263
carbon1,1932,16,0.9981546588242054
carbon1,1933,16,0.7778741951333359
carbon1,1934,16,1.272104917326942
carbon1,1935,16,1.1880864726845175
carbon1,1936,16,1.319655129685998
carbon1,1937,16,0.9192590194288641
carbon1,1938,16,1.0706771875265986
carbon1,1939,16,1.4231246709823608
carbon1,1940,16,1.282007950823754
carbon1,1941,16,1.268099752254784
carbon1,1942,16,1.5747193493880332
carbon1,1943,16,1.365087843965739
carbon1,1944,16,0.9123899837723002
carbon1,1945,16,1.022141334367916
carbon1,1946,16,1.6856021415442228
carbon1,1947,16,1.6338089585769922
carbon1,1948,16,1.5613495213910937
carbon1,1949,16,1.1099678399041295
carbon1,1950,16,0.9349960957188159
carbon1,1951,16,0.9445367539301515
carbon1,1952,16,1.2482321434654295
carbon1,1953,16,1.0261659692041576
carbon1,1954,16,0.7768139056861401
carbon1,1955,16,1.209397066384554
carbon1,1956,16,0.9658505744300783
carbon1,1957,16,0.7644338284153491
carbon1,1958,16,1.0546439471654594
carbon1,1959,16,0.9412171358708292
carbon1,1960,16,1.1922856520395726
carbon1,1961,16,0.9445377096999437
carbon1,1962,16,0.9014893735293299
carbon1,1963,16,1.3865964128635824
carbon1,1964,16,1.3954119025729597
carbon1,1965,16,0.993336803978309
carbon1,1966,16,1.1839527837000787
carbon1,1967,16,1.2803563016932458
carbon1,1968,16,0.9116939401719719
carbon1,1969,16,1.1122448595706373
carbon1,1970,16,1.2743618097156286
carbon1,1971,16,1.3371592140756547
carbon1,1972,16,1.2319087451323867
carbon1,1973,16,1.5070655504241586
carbon1,1974,16,0.9271513336570933
carbon1,1975,16,1.0013131606392562
carbon1,1976,16,0.9743716779630631
carbon1,1977,16,1.447671964764595
carbon1,1978,16,1.2684075459837914
carbon1,1979,16,1.0449918075464666
carbon1,1980,16,0.8125131641281769
carbon1,1981,16,0.8448414031881839
carbon1,1982,16,1.1283140864688903
carbon1,1983,16,1.0594336213544011
carbon1,1984,16,1.2642274512909353
carbon1,1985,16,1.0482797496952116
carbon1,1986,16,1.5263805300928652
carbon1,1987,16,1.2300132126547396
carbon1,1988,16,1.4912249899934977
carbon1,1989,16,1.6071226121857762
carbon1,1990,16,1.5948515497148037
carbon1,1991,16,1.7415208076126873
carbon1,1992,16,1.1048902847105637
carbon1,1993,16,1.6917073971126229
carbon1,1994,16,1.6481435464229435
carbon1,1995,16,1.1632365712430328
carbon1,1996,16,1.4765248057665303
carbon1,1997,16,2.0579929093364626
carbon1,1998,16,0.8889044334646314
carbon1,1999,16,0.9332213397137821
carbon1,2000,16,1.194446966983378
carbon1,2001,16,1.1331061718519777
carbon1,2002,16,1.4108471372164786
carbon1,2003,16,1.095704764360562
carbon1,2004,16,1.0758297215215862
carbon1,2005,16,1.6390160163864493
carbon1,2006,16,1.2144778880756348
carbon1,2007,16,1.0712602622807026
carbon1,2008,16,1.4303057603538036
carbon1,2009,16,1.17457344988361
carbon1,2010,16,1.1285414410522208
carbon1,2011,16,1.5641556568443775
carbon1,2012,16,1.236867152270861
carbon1,2013,16,1.7479131647851318
carbon1,2014,16,1.6019685314968228
carbon1,2015,16,1.3009880271274596
carbon1,2016,16,1.4832290937192738
carbon1,2017,16,1.401302291546017
carbon1,2018,16,1.3783638076856732
carbon1,2019,16,1.0787232730071992
carbon1,2020,16,1.2798694279044867
carbon1,2021,16,1.8605202995240688
carbon1,2022,16,0.9330626945011318
carbon1,2023,16,1.3222002433612943
carbon1,2024,16,1.0327841294929385
carbon1,2025,16,1.2194805496837944
carbon1,2026,16,1.2382327155210078
carbon1,2027,16,0.9942792220972478
carbon1,2028,16,1.1037848759442568
carbon1,2029,16,1.342964373063296
carbon1,2030,16,1.786948177497834
carbon1,2031,16,1.39422179129906
carbon1,2032,16,1.5614725048653781
carbon1,2033,16,1.3371180517133325
carbon1,2034,16,1.1864064275287092
carbon1,2035,16,1.9881699630059302
carbon1,2036,16,1.141901328926906
carbon1,2037,16,1.1559856908861548
carbon1,2038,16,1.344659371767193
carbon1,2039,16,1.7198614459484816
carbon1,2040,16,0.929849740350619
carbon1,2041,16,0.9058942494448274
carbon1,2042,16,1.2571241431869566
carbon1,2043,16,0.9898561397567391
carbon1,2044,16,1.6104072090238333
carbon1,2045,16,1.2879885314032435
carbon1,2046,16,1.2797698660288006
carbon1,2047,16,1.5479683065786958
carbon1,2048,16,1.3374273804947734
carbon1,2049,16,1.1985941766761243
carbon1,2050,16,1.3704751784680411
carbon1,2051,16,1.0784194213338196
carbon1,2052,16,1.1341853968333453
carbon1,2053,16,1.6736640811432153
carbon1,2054,16,1.318341902224347
carbon1,2055,16,1.4020267794840038
carbon1,2056,16,1.357030076207593
carbon1,2057,16,1.2025998146273196
carbon1,2058,16,0.9459912357851863
carbon1,2059,16,0.9819439621642232
carbon1,2060,16,1.4096640304196626
carbon1,2061,16,1.1057540597394109
carbon1,2062,16,1.1802399600856006
carbon1,2063,16,1.7480277041904628
carbon1,2064,16,2.1278367009945214
carbon1,2065,16,1.398250408587046
carbon1,2066,16,1.3001768477261066
carbon1,2067,16,1.1823685697745532
carbon1,2068,16,0.900029128883034
carbon1,2069,16,1.2727098105242476
carbon1,2070,16,1.205438413657248
carbon1,2071,16,1.0964504308067262
carbon1,2072,16,0.853364551672712
carbon1,2073,16,1.3074250183999538
carbon1,2074,16,2.11092431191355
carbon1,2075,16,1.3954043053090572
carbon1,2076,16,1.1420807286631316
carbon1,2077,16,1.3076145215891302
carbon1,2078,16,1.3130241725593805
carbon1,2079,16,1.127693586051464
carbon1,2080,16,1.2192364227958024
carbon1,2081,16,1.0653246399015188
carbon1,2082,16,0.97473139828071
carbon1,2083,16,1.0652123161125928
carbon1,2084,16,1.5180728402920067
carbon1,2085,16,0.9551513667684048
carbon1,2086,16,1.031251317821443
carbon1,2087,16,1.1523298537358642
carbon1,2088,16,1.1343986394349486
carbon1,2089,16,1.392978226300329
carbon1,2090,16,1.1343050468713045
carbon1,2091,16,1.13871487416327
carbon1,2092,16,1.3876475356519222
carbon1,2093,16,1.3851663847453892
carbon1,2094,16,1.201916438760236
carbon1,2095,16,0.8632460857043043
carbon1,2096,16,1.2968947095796466
carbon1,2097,16,1.7239470523782074
carbon1,2098,16,1.2706322844605893
carbon1,2099,16,1.133608917472884
carbon1,2100,16,1.0751697185914963
carbon1,2101,16,1.036138016730547
carbon1,2102,16,1.1381147312931716
carbon1,2103,16,1.1497352221049368
carbon1,2104,16,1.3143734701443464
carbon1,2105,16,1.3889532759785652
carbon1,2106,16,0.8168886243365705
carbon1,2107,16,1.5031939637847245
carbon1,2108,16,1.023582236841321
carbon1,2109,16,1.0310500035993755
carbon1,2110,16,1.604146360885352
carbon1,2111,16,1.4976332639344037
carbon1,2112,16,1.1523423462640494
carbon1,2113,16,1.0451888926327229
carbon1,2114,16,1.2124657498206943
carbon1,2115,16,1.0633068149909377
carbon1,2116,16,1.3044668613001704
carbon1,2117,16,1.514437238452956
carbon1,2118,16,1.8849660747218877
carbon1,2119,16,1.3549877036130056
carbon1,2120,16,1.5982166794128716
carbon1,2121,16,2.0676133865490556
carbon1,2122,16,1.386332893744111
carbon1,2123,16,1.4489539712667465
carbon1,2124,16,1.2647456913255155
carbon1,2125,16,1.2380824889987707
carbon1,2126,16,1.0829428359866142
carbon1,2127,16,1.2535767112858593
carbon1,2128,16,1.2007547887042165
carbon1,2129,16,1.383480936754495
carbon1,2130,16,1.4006588913034648
carbon1,2131,16,1.5240153970662504
carbon1,2132,16,1.2509746016003191
carbon1,2133,16,1.4725372935645282
carbon1,2134,16,1.350241005886346
carbon1,2135,16,1.3497402928769588
carbon1,2136,16,1.1326184757053852
carbon1,2137,16,1.4923906216863543
carbon1,2138,16,1.4623482609167695
carbon1,2139,16,1.4219249272719026
carbon1,2140,16,1.842393642058596
carbon1,2141,16,1.4173228340223432
carbon1,2142,16,1.2851887294091284
carbon1,2143,16,1.4639212090987712
carbon1,2144,16,1.3938939145300537
carbon1,2145,16,1.5010039848275483
carbon1,2146,16,1.835467342287302
carbon1,2147,16,1.2769227849785239
carbon1,2148,16,1.5115840355865657
carbon1,2149,16,1.2051510538440198
carbon1,2150,16,2.0722380517981946
carbon1,2151,16,1.2539464184083045
carbon1,2152,16,1.1997890444472432
carbon1,2153,16,1.5880314242094755
carbon1,2154,16,1.2187077315757051
carbon1,2155,16,1.430497047957033
carbon1,2156,16,1.542275701649487
carbon1,2157,16,1.6656612027436495
carbon1,2158,16,2.0361463632434607
carbon1,2159,16,1.3445488940924406
carbon1,2160,16,1.662318398943171
carbon1,2161,16,1.2692079897969961
carbon1,2162,16,1.5808906722813845
carbon1,2163,16,1.7963651835452765
carbon1,2164,16,1.7799415092449635
carbon1,2165,16,1.5090694525279105
carbon1,2166,16,1.4471049178391695
carbon1,2167,16,1.6098567976150662
carbon1,2168,16,1.4337048586457968
carbon1,2169,16,1.2962173158302903
carbon1,2170,16,1.4913787147961557
carbon1,2171,16,1.562638643430546
carbon1,2172,16,1.8123846906237304
carbon1,2173,16,1.152964185224846
carbon1,2174,16,1.5473805484361947
carbon1,2175,16,1.658418673556298
carbon1,2176,16,1.677318102447316
carbon1,2177,16,1.92549913469702
carbon1,2178,16,1.8686365927569568
carbon1,2179,16,1.3412965312600136
carbon1,2180,16,1.6407485362142324
carbon1,2181,16,1.4321736693382263
carbon1,2182,16,1.662662094924599
carbon1,2183,16,1.4644395182840526
carbon1,2184,16,1.4341582544147968
carbon1,2185,16,1.5907126747770235
carbon1,2186,16,1.284640135942027
carbon1,2187,16,1.6898863376118243
carbon1,2188,16,1.4334972049109638
carbon1,2189,16,1.8194224210456014
carbon1,2190,16,1.222166226245463
carbon1,2191,16,1.2124758043792099
carbon1,2192,16,1.2500082268379629
carbon1,2193,16,1.5411366624757648
carbon1,2194,16,1.5612132344394922
carbon1,2195,16,1.2771592938806862
carbon1,2196,16,1.592837707255967
carbon1,2197,16,1.390008581802249
carbon1,2198,16,1.3718512060586363
carbon1,2199,16,1.4445161796174943
carbon1,2200,16,1.2412927960976958
carbon1,2201,16,1.39759325934574
carbon1,2202,16,1.2852189848199487
carbon1,2203,16,1.9020449696108699
carbon1,2204,16,1.6044508076738566
carbon1,2205,16,1.482666278257966
carbon1,2206,16,1.5023960669059306
carbon1,2207,16,1.2445803033187985
carbon1,2208,16,1.6944553451612592
carbon1,2209,16,1.1020015890244395
carbon1,2210,16,1.7008720226585865
carbon1,2211,16,1.554111735895276
carbon1,2212,16,1.3987921569496393
carbon1,2213,16,1.6053611999377608
carbon1,2214,16,1.318579810205847
carbon1,2215,16,1.4593170187436044
carbon1,2216,16,1.3761115171946585
carbon1,2217,16,1.224365829024464
carbon1,2218,16,1.4559072321280837
carbon1,2219,16,1.4036200661212206
carbon1,2220,16,1.159053816460073
carbon1,2221,16,1.1738777469145134
carbon1,2222,16,1.40100759989582
carbon1,2223,16,1.611081233015284
carbon1,2224,16,1.5295956905465573
carbon1,2225,16,1.2604701076634228
carbon1,2226,16,1.322444167919457
carbon1,2227,16,1.2439311319030821
carbon1,2228,16,1.1707187630236149
carbon1,2229,16,1.9857107172720134
carbon1,2230,16,1.3432243168354034
carbon1,2231,16,1.8597769378684461
carbon1,2232,16,1.2374040961731225
carbon1,2233,16,1.5304010855033994
carbon1,2234,16,1.5746610045898706
carbon1,2235,16,1.3563127503730357
carbon1,2236,16,1.4740730738267303
carbon1,2237,16,2.010152026079595
carbon1,2238,16,1.4038223942625336
carbon1,2239,16,1.3849312579259276
carbon1,2240,16,1.5108304768800735
carbon1,2241,16,1.408359216991812
carbon1,2242,16,1.8212556126527488
carbon1,2243,16,1.3786456428933889
carbon1,2244,16,1.592077821784187
carbon1,2245,16,1.1588088874705136
carbon1,2246,16,1.5916984800715
carbon1,2247,16,1.717680174857378
carbon1,2248,16,1.3766445401124656
carbon1,2249,16,2.060156744439155
carbon1,2250,16,1.7095049311756156
carbon1,2251,16,1.9572564475238323
carbon1,2252,16,1.2334078238345683
carbon1,2253,16,1.9402817487716675
carbon1,2254,16,1.7803868134506047
carbon1,2255,16,1.8246109830215573
carbon1,2256,16,1.6842693933285773
carbon1,2257,16,1.7600016323849559
carbon1,2258,16,1.6834457701770589
carbon1,2259,16,1.7275561215355992
carbon1,2260,16,1.5565768391825259
carbon1,2261,16,1.8281617839820683
carbon1,2262,16,1.8799496127758175
carbon1,2263,16,1.4423923511058092
carbon1,2264,16,1.405653543304652
carbon1,2265,16,1.4233518834225833
carbon1,2266,16,1.3888054378330708
carbon1,2267,16,1.998544694390148
carbon1,2268,16,1.4419364449568093
carbon1,2269,16,1.829451295081526
carbon1,2270,16,1.4942626687698066
carbon1,2271,16,1.7584702679887414
carbon1,2272,16,1.7300880993716419
carbon1,2273,16,1.7878009495325387
carbon1,2274,16,1.459720368264243
carbon1,2275,16,1.9410186938475817
carbon1,2276,16,1.6845298784319311
carbon1,2277,16,1.5914294673129916
carbon1,2278,16,1.4873333130963147
carbon1,2279,16,1.513142871670425
carbon1,2280,16,2.201469350606203
carbon1,2281,16,1.40886518266052
carbon1,2282,16,1.4904632652178407
carbon1,2283,16,1.6191059788689017
carbon1,2284,16,2.210054002702236
carbon1,2285,16,1.9897861368954182
carbon1,2286,16,1.4057573657482862
carbon1,2287,16,1.4652076191268861
carbon1,2288,16,1.4394208965823054
carbon1,2289,16,1.4430158585309982
carbon1,2290,16,1.4145178878679872
carbon1,2291,16,1.3328688710462302
carbon1,2292,16,1.4257468385621905
carbon1,2293,16,1.1763406782411039
carbon1,2294,16,1.1576367414090782
carbon1,2295,16,1.3806487852707505
carbon1,2296,16,1.426512863021344
carbon1,2297,16,1.533224880695343
carbon1,2298,16,1.582894440740347
carbon1,2299,16,1.4456625171005726
carbon1,2300,16,1.4651525183580816
carbon1,2301,16,1.9244347643107176
carbon1,2302,16,1.3124700486660004
carbon1,2303,16,1.6022153133526444
carbon1,2304,16,1.4766864161938429
carbon1,2305,16,1.636366301216185
carbon1,2306,16,1.7204726641066372
carbon1,2307,16,1.6203214600682259
carbon1,2308,16,1.8186575416475534
carbon1,2309,16,1.8423749026842415
carbon1,2310,16,1.7951223039999604
carbon1,2311,16,1.7828178389463574
carbon1,2312,16,1.5308126588352025
carbon1,2313,16,1.3793742433190346
carbon1,2314,16,1.3705990880262107
carbon1,2315,16,1.5635152896866202
carbon1,2316,16,1.3906862111762166
carbon1,2317,16,2.118385925889015
carbon1,2318,16,1.6670422153547406
carbon1,2319,16,1.6515297163277864
carbon1,2320,16,1.6431890584062785
carbon1,2321,16,1.9007261891383678
carbon1,2322,16,1.4332860270515084
carbon1,2323,16,1.3995335176587105
carbon1,2324,16,1.388903336133808
carbon1,2325,16,1.3319193315692246
carbon1,2326,16,1.3595633548684418
carbon1,2327,16,1.7423644317314029
carbon1,2328,16,1.5208970019593835
carbon1,2329,16,1.4627847862429917
carbon1,2330,16,1.3891635639593005
carbon1,2331,16,1.4112199852243066
carbon1,2332,16,1.5595124927349389
carbon1,2333,16,1.7662965194322169
carbon1,2334,16,1.4730729081202298
carbon1,2335,16,1.5906570570077747
carbon1,2336,16,1.2665768875740469
carbon1,2337,16,1.733660276979208
carbon1,2338,16,1.9373839837498963
carbon1,2339,16,2.2597689665853977
carbon1,2340,16,2.0565925501286983
carbon1,2341,16,1.7276266780681908
carbon1,2342,16,1.7669407781213522
carbon1,2343,16,1.5410181786864996
carbon1,2344,16,1.7519797692075372
carbon1,2345,16,1.6877915859222412
carbon1,2346,16,1.7135494500398636
carbon1,2347,16,1.4548255577683449
carbon1,2348,16,1.2745865320321172
carbon1,2349,16,1.5314916209317744
carbon1,2350,16,1.227571638301015
carbon1,2351,16,1.3238644758239388
carbon1,2352,16,1.7322863079607487
carbon1,2353,16,1.403016078285873
carbon1,2354,16,1.4620694683399051
carbon1,2355,16,1.5484681432135403
carbon1,2356,16,1.7746911589056253
carbon1,2357,16,1.878896750509739
carbon1,2358,16,1.2683921824209392
carbon1,2359,16,1.4430541056208313
carbon1,2360,16,1.7821111846715212
carbon1,2361,16,1.7108258672524244
carbon1,2362,16,1.6665182439610362
carbon1,2363,16,1.2804855084978044
carbon1,2364,16,1.368236840236932
carbon1,2365,16,1.5146499308757484
carbon1,2366,16,1.2607599783223122
carbon1,2367,16,1.2003878774121404
carbon1,2368,16,1.5823383796960115
carbon1,2369,16,1.1203445768915117
carbon1,2370,16,1.4080413370393217
carbon1,2371,16,1.2291552275419235
carbon1,2372,16,1.0855473142582923
carbon1,2373,16,1.1193017940968275
carbon1,2374,16,1.5052000530995429
carbon1,2375,16,0.9854299332946539
carbon1,2376,16,1.766293577849865
carbon1,2377,16,1.3780193412676454
carbon1,2378,16,1.6583081311546266
carbon1,2379,16,1.496730453101918
carbon1,2380,16,2.039216184988618
carbon1,2381,16,1.9583406834863126
carbon1,2382,16,1.5436270358040929
carbon1,2383,16,1.0990870273672044
carbon1,2384,16,1.3310194404330105
carbon1,2385,16,1.3905648216605186
carbon1,2386,16,1.674905682913959
carbon1,2387,16,1.267491735285148
carbon1,2388,16,1.4654093534918502
carbon1,2389,16,1.679333840496838
carbon1,2390,16,1.0487567719537765
carbon1,2391,16,1.1887310992460698
carbon1,2392,16,1.898718394804746
carbon1,2393,16,1.3366717093158513
carbon1,2394,16,1.2261400227434933
carbon1,2395,16,1.0626420862972736
carbon1,2396,16,1.2697781091555953
carbon1,2397,16,1.3344019129872322
carbon1,2398,16,1.5421839840710163
carbon1,2399,16,1.5115184937603772
carbon1,2400,16,1.258977417834103
carbon1,2401,16,1.3188715248834342
carbon1,2402,16,1.6137822607997805
carbon1,2403,16,1.4611041021998972
carbon1,2404,16,1.0668213870376348
carbon1,2405,16,1.493742543272674
carbon1,2406,16,1.275395079050213
carbon1,2407,16,1.2063492757733911
carbon1,2408,16,1.2936413658317178
carbon1,2409,16,1.3158485274761915
carbon1,2410,16,1.4748314348980784
carbon1,2411,16,1.3028293098323047
carbon1,2412,16,1.436564498115331
carbon1,2413,16,2.0793229253031313
carbon1,2414,16,1.3666249549714848
carbon1,2415,16,1.7496835654601455
carbon1,2416,16,1.698424570262432
carbon1,2417,16,1.2933630435727537
carbon1,2418,16,1.2188293347135186
carbon1,2419,16,1.5578970611095428
carbon1,2420,16,1.1847289949655533
carbon1,2421,16,1.5077981990762055
carbon1,2422,16,1.2149852057918906
carbon1,2423,16,1.2075528749264777
carbon1,2424,16,1.4117541061714292
carbon1,2425,16,1.650902302004397
carbon1,2426,16,1.1303896647877991
carbon1,2427,16,1.5605207500047982
carbon1,2428,16,1.4321875805035233
carbon1,2429,16,1.4618517672643065
carbon1,2430,16,1.8979524881578982
carbon1,2431,16,1.4614316993393004
carbon1,2432,16,1.3110595813486725
carbon1,2433,16,1.3807518212124705
carbon1,2434,16,1.5165597796440125
carbon1,2435,16,1.8799963283818215
carbon1,2436,16,1.330440812278539
carbon1,2437,16,1.4649182818830013
carbon1,2438,16,1.4455283312126994
carbon1,2439,16,1.5299222990870476
carbon1,2440,16,1.6764336517080665
carbon1,2441,16,1.4058764700312167
carbon1,2442,16,1.7345593366771936
carbon1,2443,16,1.1488254263531417
carbon1,2444,16,1.3270377533044666
carbon1,2445,16,1.2014823807403445
carbon1,2446,16,1.4384495932608843
carbon1,2447,16,1.4554234251845628
carbon1,2448,16,1.3001712667755783
carbon1,2449,16,1.1428826032206416
carbon1,2450,16,1.3616681559942663
carbon1,2451,16,1.4493357264436781
carbon1,2452,16,1.2377624320797622
carbon1,2453,16,1.5657459646463394
carbon1,2454,16,1.5493108266964555
carbon1,2455,16,1.1044871495105326
carbon1,2456,16,1.5102413210552186
carbon1,2457,16,1.5918642850592732
carbon1,2458,16,1.2749789259396493
carbon1,2459,16,1.4215838918462396
carbon1,2460,16,1.3026119049172848
carbon1,2461,16,1.1003714534454048
carbon1,2462,16,1.0648900887463242
carbon1,2463,16,1.4398060438688844
carbon1,2464,16,1.4230453381314874
carbon1,2465,16,1.7080660592764616
carbon1,2466,16,1.0038689628709108
carbon1,2467,16,1.1665860428474844
carbon1,2468,16,1.6010887145530432
carbon1,2469,16,1.4259943861979991
carbon1,2470,16,1.7087171410676092
carbon1,2471,16,1.4964468777179718
carbon1,2472,16,1.197256657294929
carbon1,2473,16,1.4323980580084026
carbon1,2474,16,1.2326925160596147
carbon1,2475,16,1.7706738174892962
carbon1,2476,16,1.3028592867776752
carbon1,2477,16,1.3549662979785353
carbon1,2478,16,1.114503687247634
carbon1,2479,16,1.3114569885656238
carbon1,2480,16,1.3381808230187744
carbon1,2481,16,1.2754640912171453
carbon1,2482,16,1.0339481458067894
carbon1,2483,16,1.5995997367426753
carbon1,2484,16,1.5275288955308497
carbon1,2485,16,1.4393146806396544
carbon1,2486,16,1.2590802619233727
carbon1,2487,16,1.912334623746574
carbon1,2488,16,1.0832483642734587
carbon1,2489,16,1.5438681808300316
carbon1,2490,16,1.042097812751308
carbon1,2491,16,1.6043799920007586
carbon1,2492,16,1.874445892404765
carbon1,2493,16,1.7285066875629127
carbon1,2494,16,1.6066103978082538
carbon1,2495,16,1.4749130181735381
carbon1,2496,16,1.0137773308670148
carbon1,2497,16,1.4315344039350748
carbon1,2498,16,1.7648323308676481
carbon1,2499,16,1.737512530758977
carbon1,2500,16,1.3748701446456835
carbon1,2501,16,1.2513679708354175
carbon1,2502,16,1.5854594355914742
carbon1,2503,16,1.3451032275334
carbon1,2504,16,1.7100319126620889
carbon1,2505,16,1.4913965442683548
carbon1,2506,16,1.4911874048411846
carbon1,2507,16,1.5391377629712224
carbon1,2508,16,1.2779266769066453
carbon1,2509,16,1.6280196425504982
carbon1,2510,16,1.5061559537425637
carbon1,2511,16,1.222911334130913
carbon1,2512,16,1.438815594650805
carbon1,2513,16,1.7040141648612916
carbon1,2514,16,1.241590991616249
carbon1,2515,16,1.571847696788609
carbon1,2516,16,1.8125079884193838
carbon1,2517,16,1.217199660371989
carbon1,2518,16,1.4140425673685968
carbon1,2519,16,1.4563504699617624
carbon1,2520,16,1.544877050910145
carbon1,2521,16,1.808648088015616
carbon1,2522,16,2.1345500252209604
carbon1,2523,16,1.1823977755848318
carbon1,2524,16,1.5726606254465878
carbon1,2525,16,1.3705483982339501
carbon1,2526,16,1.2034615890588611
carbon1,2527,16,1.403024469036609
carbon1,2528,16,1.6284126983955503
carbon1,2529,16,1.624835034366697
carbon1,2530,16,2.0223921732977033
carbon1,2531,16,1.6850975789129734
carbon1,2532,16,1.6261236360296607
carbon1,2533,16,1.2227032624650747
carbon1,2534,16,1.3900333563797176
carbon1,2535,16,1.2101971050724387
carbon1,2536,16,1.2369558792561293
carbon1,2537,16,1.4073185147717595
carbon1,2538,16,1.5233457564609125
carbon1,2539,16,1.1181186181493104
carbon1,2540,16,1.2591174836270511
carbon1,2541,16,1.5997049331199378
carbon1,2542,16,1.3603903632611036
carbon1,2543,16,1.319719574879855
carbon1,2544,16,0.9751454101642594
carbon1,2545,16,1.1949483123607934
carbon1,2546,16,1.7110269088298082
carbon1,2547,16,1.6697465465404093
carbon1,2548,16,1.6477730788756162
carbon1,2549,16,1.9197421334683895
carbon1,2550,16,1.4877773153129965
carbon1,2551,16,1.2612650410737842
carbon1,2552,16,1.0835911417379975
carbon1,2553,16,1.187055025016889
carbon1,2554,16,1.1252590753138065
carbon1,2555,16,1.2589591625146568
carbon1,2556,16,1.1385003349860199
carbon1,2557,16,1.0689501820597798
carbon1,2558,16,1.1261691465042531
carbon1,2559,16,1.5236298101954162
carbon1,2560,16,1.0253587733022869
carbon1,2561,16,1.320559206418693
carbon1,2562,16,1.1868769846623763
carbon1,2563,16,1.2846472654491663
carbon1,2564,16,1.2601584447547793
carbon1,2565,16,1.3248955132439733
carbon1,2566,16,1.088835510890931
carbon1,2567,16,1.1204504985362291
carbon1,2568,16,1.3784899974707514
carbon1,2569,16,1.2533092368394136
carbon1,2570,16,0.9732400090433657
carbon1,2571,16,1.138974797911942
carbon1,2572,16,1.055229767691344
carbon1,2573,16,1.3006015056744218
carbon1,2574,16,1.1379405516199768
carbon1,2575,16,1.1491989609785378
carbon1,2576,16,1.2328348893206567
carbon1,2577,16,0.9945529997348785
carbon1,2578,16,1.3646453125402331
carbon1,2579,16,1.6627984279766679
carbon1,2580,16,1.4673959813080728
carbon1,2581,16,1.1723429234698415
carbon1,2582,16,1.3022281662561
carbon1,2583,16,1.6075577465817332
carbon1,2584,16,1.626653439598158
carbon1,2585,16,1.718903087778017
carbon1,2586,16,2.0399261568672955
carbon1,2587,16,1.069696200080216
carbon1,2588,16,1.521663899999112
carbon1,2589,16,1.1241855891421437
carbon1,2590,16,1.685770159587264
carbon1,2591,16,1.6448100423440337
carbon1,2592,16,1.266707350499928
carbon1,2593,16,1.5591466035693884
carbon1,2594,16,1.2890548836439848
carbon1,2595,16,1.099601433146745
carbon1,2596,16,1.6106654852628708
carbon1,2597,16,2.154059737920761
carbon1,2598,16,1.2628775304183364
carbon1,2599,16,1.5308754364959896
carbon1,2600,16,1.4869566867128015
carbon1,2601,16,1.294312281301245
carbon1,2602,16,1.3423177455551922
carbon1,2603,16,1.4090268763247877
carbon1,2604,16,0.8681620396673679
carbon1,2605,16,1.4166794526390731
carbon1,2606,16,1.4274257053621113
carbon1,2607,16,1.2128573223017156
carbon1,2608,16,1.3388140848837793
carbon1,2609,16,1.4340661335736513
carbon1,2610,16,1.2912998145911843
carbon1,2611,16,1.6520615285262465
carbon1,2612,16,1.474361425731331
carbon1,2613,16,1.5521336840465665
carbon1,2614,16,1.6097604823298752
carbon1,2615,16,1.977280019549653
carbon1,2616,16,1.6796073641162366
carbon1,2617,16,1.5235412856563926
carbon1,2618,16,1.5688552595674992
carbon1,2619,16,1.4346047420985997
carbon1,2620,16,1.5512309265322983
carbon1,2621,16,1.606314204633236
carbon1,2622,16,1.0887916611973196
carbon1,2623,16,1.494158195797354
carbon1,2624,16,1.063255065586418
carbon1,2625,16,1.2709142881212756
carbon1,2626,16,1.6231209603138268
carbon1,2627,16,1.6129728751257062
carbon1,2628,16,1.1549762836657465
carbon1,2629,16,1.4420440732501447
carbon1,2630,16,1.3045510579831898
carbon1,2631,16,1.493918583728373
carbon1,2632,16,1.2187146949581802
carbon1,2633,16,1.5241280766204
carbon1,2634,16,1.2334927956108004
carbon1,2635,16,1.898765076417476
carbon1,2636,16,1.6767497044056654
carbon1,2637,16,1.6529310615733266
carbon1,2638,16,1.4702171348035336
carbon1,2639,16,1.2986736171878874
carbon1,2640,16,1.0922764368588105
carbon1,2641,16,1.313417284982279
carbon1,2642,16,1.3900927292415872
carbon1,2643,16,1.363611109321937
carbon1,2644,16,1.1880313565488905
carbon1,2645,16,1.7339572089258581
carbon1,2646,16,1.4604552257806063
carbon1,2647,16,1.8529084813781083
carbon1,2648,16,1.2330329278483987
carbon1,2649,16,1.5380421143490821
carbon1,2650,16,1.1157857016660273
carbon1,2651,16,1.2677311564330012
carbon1,2652,16,2.1193676060065627
carbon1,2653,16,1.474350166739896
carbon1,2654,16,1.578102887608111
carbon1,2655,16,1.3413535100407898
carbon1,2656,16,1.1767758969217539
carbon1,2657,16,1.3447596989572048
carbon1,2658,16,1.147779086837545
carbon1,2659,16,1.3741387033369392
carbon1,2660,16,1.7452215175144374
carbon1,2661,16,1.6308254804462194
carbon1,2662,16,1.6576950242742896
carbon1,2663,16,1.435763742774725
carbon1,2664,16,1.084714867407456
carbon1,2665,16,1.5280317864380777
carbon1,2666,16,1.6091811475344002
carbon1,2667,16,1.2475646445527673
carbon1,2668,16,1.2890072297304869
carbon1,2669,16,1.4458253467455506
carbon1,2670,16,1.4261479363776743
carbon1,2671,16,1.437069525476545
carbon1,2672,16,1.5734502859413624
carbon1,2673,16,1.3034129263833165
carbon1,2674,16,1.4843605407513678
carbon1,2675,16,1.5843254001811147
carbon1,2676,16,1.1202997886575758
carbon1,2677,16,1.3702609206084162
carbon1,2678,16,1.0832073928322643
carbon1,2679,16,1.410437012091279
carbon1,2680,16,1.5153723685070872
carbon1,2681,16,1.7927214833907783
carbon1,2682,16,1.3434572075493634
carbon1,2683,16,1.2305935379117727
carbon1,2684,16,1.8234156207181513
carbon1,2685,16,1.4266460777726024
carbon1,2686,16,1.4306479003280401
carbon1,2687,16,1.3570350585505366
carbon1,2688,16,1.082661654567346
carbon1,2689,16,1.604495513252914
carbon1,2690,16,1.2273105562198907
carbon1,2691,16,1.3885416742414236
carbon1,2692,16,1.358624141663313
carbon1,2693,16,1.5380885950289667
carbon1,2694,16,1.559157868847251
carbon1,2695,16,1.628661461174488
carbon1,2696,16,1.123038592748344
carbon1,2697,16,1.2251419080421329
carbon1,2698,16,1.6226790060754865
carbon1,2699,16,1.297565660905093
carbon1,2700,16,1.2283968122210354
carbon1,2701,16,1.4836985908914357
carbon1,2702,16,1.2898887773044407
carbon1,2703,16,1.5768040323164314
carbon1,2704,16,1.4997196437325329
carbon1,2705,16,1.6436937886755913
carbon1,2706,16,1.084008180303499
carbon1,2707,16,1.2725637624971569
carbon1,2708,16,1.1832587907556444
carbon1,2709,16,1.4298997062724084
carbon1,2710,16,1.4568146411329508
carbon1,2711,16,1.3023168700747192
carbon1,2712,16,1.6727336440235376
carbon1,2713,16,1.8610045101959258
carbon1,2714,16,1.1599489911459386
carbon1,2715,16,1.3871298013255
carbon1,2716,16,1.4215135069098324
carbon1,2717,16,1.678734592627734
carbon1,2718,16,2.1138781358022243
carbon1,2719,16,1.667166942730546
carbon1,2720,16,1.6309472126886249
carbon1,2721,16,1.6372983446344733
carbon1,2722,16,1.6930344736902043
carbon1,2723,16,1.3363504749722779
carbon1,2724,16,1.2875953579787165
carbon1,2725,16,1.4440493620932102
carbon1,2726,16,1.2941954487469047
carbon1,2727,16,1.491807688260451
carbon1,2728,16,1.2946573356166482
carbon1,2729,16,1.5816274406388402
carbon1,2730,16,1.1530240091960877
carbon1,2731,16,1.3706720871850848
carbon1,2732,16,1.1820576668251306
carbon1,2733,16,1.1780103901401162
carbon1,2734,16,1.409071440808475
carbon1,2735,16,1.294288782402873
carbon1,2736,16,1.4300462291575968
carbon1,2737,16,1.1949309133924544
carbon1,2738,16,1.1437926245853305
carbon1,2739,16,1.5145846353843808
carbon1,2740,16,1.0828602712135762
carbon1,2741,16,1.2291421820409596
carbon1,2742,16,1.0919745150022209
carbon1,2743,16,1.5735076265409589
carbon1,2744,16,1.1644051764160395
carbon1,2745,16,1.7317780130542815
carbon1,2746,16,1.4332452113740146
carbon1,2747,16,1.3470340187195688
carbon1,2748,16,1.2161541674286127
carbon1,2749,16,1.1460245687048882
carbon1,2750,16,1.5884745297953486
carbon1,2751,16,1.1369770332239568
carbon1,2752,16,1.4026296292431653
carbon1,2753,16,1.458195295650512
carbon1,2754,16,1.2120864226017147
carbon1,2755,16,1.183622611220926
carbon1,2756,16,1.2599165136925876
carbon1,2757,16,1.3846210837364197
carbon1,2758,16,1.8950998149812222
carbon1,2759,16,1.4000065326690674
carbon1,2760,16,2.0208639157935977
carbon1,2761,16,2.1129423496313393
carbon1,2762,16,1.744877367746085
carbon1,2763,16,1.430696704890579
carbon1,2764,16,1.8327025659382343
carbon1,2765,16,1.8323111608624458
carbon1,2766,16,1.6481314946431667
carbon1,2767,16,1.2525466863298789
carbon1,2768,16,1.524045008700341
carbon1,2769,16,1.5610320093110204
carbon1,2770,16,1.6006404710933566
carbon1,2771,16,1.826920296996832
carbon1,2772,16,1.2706129376310855
carbon1,2773,16,1.4209382394328713
carbon1,2774,16,1.7058735354803503
carbon1,2775,16,1.4806728991679847
carbon1,2776,16,1.4906804284546524
carbon1,2777,16,1.4179904158227146
carbon1,2778,16,1.2054523299448192
carbon1,2779,16,1.3888667514547706
carbon1,2780,16,1.3814126928336918
carbon1,2781,16,1.4844214390031993
carbon1,2782,16,1.1996822701767087
carbon1,2783,16,1.3087829602882266
carbon1,2784,16,1.4053691430017352
carbon1,2785,16,0.9471184243448079
carbon1,2786,16,1.5572534510865808
carbon1,2787,16,1.5778626576066017
carbon1,2788,16,1.271448406856507
carbon1,2789,16,1.886486187344417
carbon1,2790,16,1.400168745080009
carbon1,2791,16,1.317619509762153
carbon1,2792,16,1.1129304701462388
carbon1,2793,16,1.409751984057948
carbon1,2794,16,1.1117558057885617
carbon1,2795,16,1.5359069602563977
carbon1,2796,16,1.2611567433923483
carbon1,2797,16,1.344255518168211
carbon1,2798,16,1.377664533443749
carbon1,2799,16,1.121415909845382
carbon1,2800,16,1.8162896297872066
carbon1,2801,16,1.3023142563179135
carbon1,2802,16,1.3359707028139383
carbon1,2803,16,1.4266841856297106
carbon1,2804,16,1.2873336565680802
carbon1,2805,16,1.6466696970164776
carbon1,2806,16,1.211383255198598
carbon1,2807,16,1.373982205055654
carbon1,2808,16,1.7243403890170157
carbon1,2809,16,1.7085851314477623
carbon1,2810,16,1.2536139430012554
carbon1,2811,16,1.768754973076284
carbon1,2812,16,1.6800586702302098
carbon1,2813,16,1.5502046924084425
carbon1,2814,16,1.148494872264564
carbon1,2815,16,1.0519250719808042
carbon1,2816,16,1.56468487624079
carbon1,2817,16,2.227946293540299
carbon1,2818,16,1.5750583205372095
carbon1,2819,16,1.5937014683149755
carbon1,2820,16,1.0440656919963658
carbon1,2821,16,2.214989570900798
carbon1,2822,16,1.6950899809598923
carbon1,2823,16,1.8687194790691137
carbon1,2824,16,1.4350497536361217
carbon1,2825,16,1.7222667541354895
carbon1,2826,16,1.4785855249501765
carbon1,2827,16,1.6731893592514098
carbon1,2828,16,1.9267334584146738
carbon1,2829,16,1.3092318763956428
carbon1,2830,16,1.4065710818395019
carbon1,2831,16,1.6110864840447903
carbon1,2832,16,1.5182942170649767
carbon1,2833,16,1.7950421180576086
carbon1,2834,16,1.55198830133304
carbon1,2835,16,1.6554535864852369
carbon1,2836,16,1.3799086064100266
carbon1,2837,16,1.7434246335178614
carbon1,2838,16,1.8614213312976062
carbon1,2839,16,1.789253022056073
carbon1,2840,16,1.617772514000535
carbon1,2841,16,1.2643143367022276
carbon1,2842,16,1.3817538861185312
carbon1,2843,16,1.6329138963483274
carbon1,2844,16,1.8991223480552435
carbon1,2845,16,1.2497642925009131
carbon1,2846,16,1.5577128832228482
carbon1,2847,16,1.4641463197767735
carbon1,2848,16,1.4081250634044409
carbon1,2849,16,1.7823219979181886
carbon1,2850,16,1.4045016379095614
carbon1,2851,16,1.4094646228477359
carbon1,2852,16,1.636670489795506
carbon1,2853,16,1.4459054078906775
carbon1,2854,16,1.6572720189578831
carbon1,2855,16,1.237363729160279
carbon1,2856,16,1.2904734457843006
carbon1,2857,16,1.4499156875535846
carbon1,2858,16,1.9042424568906426
carbon1,2859,16,1.7224462579470128
carbon1,2860,16,1.805830311961472
carbon1,2861,16,1.1995939617045224
carbon1,2862,16,1.5499451200012118
carbon1,2863,16,1.4623282423708588
carbon1,2864,16,2.0450111483223736
carbon1,2865,16,1.2322303424589336
carbon1,2866,16,1.5077133453451097
carbon1,2867,16,2.130975898820907
carbon1,2868,16,1.5971000739373267
carbon1,2869,16,1.5547430880833417
carbon1,2870,16,1.6119936029426754
carbon1,2871,16,1.481505902018398
carbon1,2872,16,1.6592051526531577
carbon1,2873,16,1.9262180896475911
carbon1,2874,16,1.4899383774027228
carbon1,2875,16,2.3313654512166977
carbon1,2876,16,1.609210666269064
carbon1,2877,16,1.8965179580263793
carbon1,2878,16,1.6384645611979067
carbon1,2879,16,1.6247647451236844
carbon1,2880,16,1.2505481282714754
carbon1,2881,16,1.3425744369160384
carbon1,2882,16,1.5843320763669908
carbon1,2883,16,1.3301633493974805
carbon1,2884,16,1.4988429406657815
carbon1,2885,16,1.5931397322565317
carbon1,2886,16,1.577128751669079
carbon1,2887,16,1.3353979818057269
carbon1,2888,16,1.3467003065161407
carbon1,2889,16,1.3883697239216417
carbon1,2890,16,1.3237043172121048
carbon1,2891,16,1.6579968268051744
carbon1,2892,16,1.3338166833855212
carbon1,2893,16,1.448710447177291
carbon1,2894,16,1.676755809225142
carbon1,2895,16,1.539072707761079
carbon1,2896,16,1.7792053669691086
carbon1,2897,16,1.286139546893537
carbon1,2898,16,1.5223647709935904
carbon1,2899,16,1.6170772956684232
carbon1,2900,16,1.6565659828484058
carbon1,2901,16,1.6924072592519224
carbon1,2902,16,1.76590471342206
carbon1,2903,16,1.3369434620253742
carbon1,2904,16,2.022639825940132
carbon1,2905,16,1.630566521314904
carbon1,2906,16,1.4415110778063536
carbon1,2907,16,1.4298570486716926
carbon1,2908,16,1.4548315051943064
carbon1,2909,16,1.2859471319243312
carbon1,2910,16,1.2876530457288027
carbon1,2911,16,1.4820722705917433
carbon1,2912,16,1.5153976960573345
carbon1,2913,16,1.4947553845122457
carbon1,2914,16,1.3137207066174597
carbon1,2915,16,1.6064052060246468
carbon1,2916,16,1.0023225888144225
carbon1,2917,16,1.1061514751054347
carbon1,2918,16,1.9375698170624673
carbon1,2919,16,1.4155459343455732
carbon1,2920,16,1.5982779352925718
carbon1,2921,16,1.6294370153918862
carbon1,2922,16,1.197417966555804
carbon1,2923,16,1.2754319524392486
carbon1,2924,16,1.5799162748735398
carbon1,2925,16,1.1964221254456788
carbon1,2926,16,1.4401775361038744
carbon1,2927,16,1.2444371380843222
carbon1,2928,16,1.4533867014106363
carbon1,2929,16,1.581432765116915
carbon1,2930,16,1.5005446076393127
carbon1,2931,16,1.5127151205670089
carbon1,2932,16,1.3497106693685055
carbon1,2933,16,1.75659295078367
carbon1,2934,16,1.5653252641204745
carbon1,2935,16,1.5255936081521213
carbon1,2936,16,1.6638410417363048
carbon1,2937,16,1.0245784069411457
carbon1,2938,16,1.5852582512889057
carbon1,2939,16,1.5151905338279903
carbon1,2940,16,1.6549184527248144
carbon1,2941,16,1.585097088944167
carbon1,2942,16,2.2016884153708816
carbon1,2943,16,1.3039447867777199
carbon1,2944,16,1.4983564654830843
carbon1,2945,16,1.3853904083371162
carbon1,2946,16,1.5235773134045303
carbon1,2947,16,1.2563602450536564
carbon1,2948,16,1.4979188197758049
carbon1,2949,16,1.3923518212977797
carbon1,2950,16,1.4190672494005412
carbon1,2951,16,1.4681064449250698
carbon1,2952,16,1.0628268781583756
carbon1,2953,16,1.4898917232640088
carbon1,2954,16,1.606416245456785
carbon1,2955,16,1.2208425193093717
carbon1,2956,16,1.333284568041563
carbon1,2957,16,1.5020561376586556
carbon1,2958,16,1.1865948191843927
carbon1,2959,16,1.395586212631315
carbon1,2960,16,1.5775614778976887
carbon1,2961,16,1.6086070323362947
carbon1,2962,16,1.279307382646948
carbon1,2963,16,1.3385063488967717
carbon1,2964,16,1.058716180268675
carbon1,2965,16,1.1048590547870845
carbon1,2966,16,1.5425355434417725
carbon1,2967,16,1.4344988223165274
carbon1,2968,16,1.273439190350473
carbon1,2969,16,1.3582278545945883
carbon1,2970,16,1.6391071937978268
carbon1,2971,16,1.350775137776509
carbon1,2972,16,1.6223400868475437
carbon1,2973,16,1.7020703637972474
carbon1,2974,16,1.3431342884432524
carbon1,2975,16,1.2570171989500523
carbon1,2976,16,1.9277238054201007
carbon1,2977,16,1.6782596986740828
carbon1,2978,16,1.5975411664694548
carbon1,2979,16,1.3939705807715654
carbon1,2980,16,1.5354122766293585
carbon1,2981,16,1.340768945403397
carbon1,2982,16,1.7559265019372106
carbon1,2983,16,1.3430158093106002
carbon1,2984,16,1.4791204473003745
carbon1,2985,16,1.6042024176567793
carbon1,2986,16,1.3961039376445115
carbon1,2987,16,1.4196805814281106
carbon1,2988,16,1.4348958879709244
carbon1,2989,16,1.3696504072286189
carbon1,2990,16,1.2210976295173168
carbon1,2991,16,1.3911297507584095
carbon1,2992,16,1.672852698713541
carbon1,2993,16,1.584777558222413
carbon1,2994,16,1.8307425735983998
carbon1,2995,16,1.3654051898047328
carbon1,2996,16,1.7782933441922069
carbon1,2997,16,1.6803477755747736
carbon1,2998,16,1.442958798725158
carbon1,2999,16,1.3847909434698522
carbon1,3000,16,1.7008227747865021
carbon1,3001,16,1.4203478287672624
carbon1,3002,16,1.4182090871036053
carbon1,3003,16,1.746201098896563
carbon1,3004,16,1.473522254731506
carbon1,3005,16,1.591659627854824
carbon1,3006,16,1.1557729829801247
carbon1,3007,16,1.156370080425404
carbon1,3008,16,1.5196532644331455
carbon1,3009,16,1.6228077809792012
carbon1,3010,16,1.6302778162062168
carbon1,3011,16,1.6878726882860065
carbon1,3012,16,1.727890832349658
carbon1,3013,16,1.4370893917512149
carbon1,3014,16,1.523486111778766
carbon1,3015,16,1.3591380952857435
carbon1,3016,16,1.3091154261492193
carbon1,3017,16,1.9835025649517775
carbon1,3018,16,1.5872271785046905
carbon1,3019,16,1.7832909459248185
carbon1,3020,16,1.6071786489337683
carbon1,3021,16,1.4807763905264437
carbon1,3022,16,1.6397516638971865
carbon1,3023,16,1.6351531175896525
carbon1,3024,16,1.3552317847497761
carbon1,3025,16,1.2078889379044995
carbon1,3026,16,1.6588227953761816
carbon1,3027,16,1.5750824906863272
carbon1,3028,16,1.3481944696977735
carbon1,3029,16,1.3685343766119331
carbon1,3030,16,1.2818015674129128
carbon1,3031,16,1.5253201550804079
carbon1,3032,16,1.2219537179917097
carbon1,3033,16,1.9690337791107595
carbon1,3034,16,1.566448774188757
carbon1,3035,16,1.630069890525192
carbon1,3036,16,1.2441879820544273
carbon1,3037,16,1.6514675591606647
carbon1,3038,16,1.8217264008708298
carbon1,3039,16,1.510597062529996
carbon1,3040,16,1.8731042402796447
carbon1,3041,16,1.508186281658709
carbon1,3042,16,1.1808036090806127
carbon1,3043,16,1.8372112221550196
carbon1,3044,16,1.4296053647994995
carbon1,3045,16,1.7118980141822249
carbon1,3046,16,1.4386175069957972
carbon1,3047,16,2.170455502346158
carbon1,3048,16,1.8023714246228337
carbon1,3049,16,1.578840514877811
carbon1,3050,16,1.599414024502039
carbon1,3051,16,1.4524841611273587
carbon1,3052,16,1.3690791623666883
carbon1,3053,16,1.45654619904235
carbon1,3054,16,1.3170557250268757
carbon1,3055,16,1.323199630016461
carbon1,3056,16,1.4572802109178156
carbon1,3057,16,1.3144220779649913
carbon1,3058,16,1.362286455463618
carbon1,3059,16,1.5025872457772493
carbon1,3060,16,2.3881409857422113
carbon1,3061,16,1.395579807460308
carbon1,3062,16,1.4385711681097746
carbon1,3063,16,1.4044817213434726
carbon1,3064,16,1.6150097721256316
carbon1,3065,16,1.5967854922637343
carbon1,3066,16,1.2752383148763329
carbon1,3067,16,1.3846959167858586
carbon1,3068,16,1.6820332137867808
carbon1,3069,16,1.2702037217095494
carbon1,3070,16,1.9042914684396237
carbon1,3071,16,1.5948381093330681
