model,model_window_position,base_count,mean_bpb
megabyte1,0,17,1.9971495633712961
megabyte1,1,17,1.9517661858308362
megabyte1,2,17,1.955701732387865
megabyte1,3,17,1.8772131275810808
megabyte1,4,17,1.9778632024092346
megabyte1,5,17,1.9657029342949373
megabyte1,6,17,1.9247276990384004
megabyte1,7,17,1.9518486365294487
megabyte1,8,17,1.9136473474114875
megabyte1,9,17,2.030364378318809
megabyte1,10,17,1.8300294409034183
megabyte1,11,17,1.9199339484111462
megabyte1,12,17,2.1266593299191507
megabyte1,13,17,1.9891190406788193
megabyte1,14,17,1.9793969542986167
megabyte1,15,17,2.0705259421661175
megabyte1,16,17,1.934154426407235
megabyte1,17,17,1.9506724387312975
megabyte1,18,17,1.8304521634415798
megabyte1,19,17,2.1686753281785225
megabyte1,20,17,1.986407510585219
megabyte1,21,17,1.9943224731210216
megabyte1,22,17,1.824015085707816
megabyte1,23,17,1.9406306582308375
megabyte1,24,17,1.9637927605244694
megabyte1,25,17,1.7088519929175932
megabyte1,26,17,1.7950731900338226
megabyte1,27,17,1.9714510283920352
megabyte1,28,17,1.8146962217851088
megabyte1,29,17,1.861422992982897
megabyte1,30,17,1.912135358791507
megabyte1,31,17,1.8911348997206057
megabyte1,32,17,1.6659410509855603
megabyte1,33,17,1.9546858124952096
megabyte1,34,17,1.6971492449289982
megabyte1,35,17,1.9537137872226187
megabyte1,36,17,1.5854021003985093
megabyte1,37,17,1.9004789288960537
megabyte1,38,17,1.5785557114542677
megabyte1,39,17,1.7029346085353199
megabyte1,40,17,2.0496354003790302
megabyte1,41,17,1.7919194155893674
megabyte1,42,17,1.602029226721379
megabyte1,43,17,1.772611410794001
megabyte1,44,17,1.6284752918895395
megabyte1,45,17,1.5808227213954573
megabyte1,46,17,1.787146736145666
megabyte1,47,17,1.9468831620343654
megabyte1,48,17,1.7721961952137395
megabyte1,49,17,1.6827795570228263
megabyte1,50,17,1.5492851408375599
megabyte1,51,17,1.65894389245888
megabyte1,52,17,1.383064234468658
megabyte1,53,17,1.6201229109860225
megabyte1,54,17,1.751847235493726
megabyte1,55,17,1.7271358535275496
megabyte1,56,17,1.8970950248931289
megabyte1,57,17,2.0815859813311133
megabyte1,58,17,1.515198751347842
megabyte1,59,17,1.9001366181801211
megabyte1,60,17,1.719600356593155
megabyte1,61,17,1.837317151041529
megabyte1,62,17,1.8138403630737818
megabyte1,63,17,1.600220274810677
megabyte1,64,17,1.7528896517446182
megabyte1,65,17,1.6573094825406898
megabyte1,66,17,1.744216466498028
megabyte1,67,17,1.6512718124028143
megabyte1,68,17,2.1053081757782417
megabyte1,69,17,1.7154043733178286
megabyte1,70,17,1.6752365983402466
megabyte1,71,17,1.5530301015974162
megabyte1,72,17,1.958092125383142
megabyte1,73,17,1.6103477503976722
megabyte1,74,17,1.8414852441576313
megabyte1,75,17,2.041669130654669
megabyte1,76,17,1.7793246807814755
megabyte1,77,17,1.8461568765679015
megabyte1,78,17,1.6880172329444576
megabyte1,79,17,1.8129003713856533
megabyte1,80,17,1.782643819047273
megabyte1,81,17,1.631865008451207
megabyte1,82,17,1.6790025339222976
megabyte1,83,17,1.6975835784779059
megabyte1,84,17,1.644507916860137
megabyte1,85,17,1.6991702764255838
megabyte1,86,17,1.6598978618603903
megabyte1,87,17,1.7982490820434207
megabyte1,88,17,1.7003529882923156
megabyte1,89,17,1.7769727786226488
megabyte1,90,17,1.6840130686036396
megabyte1,91,17,1.60297498732868
megabyte1,92,17,1.6842962698159998
megabyte1,93,17,1.5873608302386066
megabyte1,94,17,1.9440706823432132
megabyte1,95,17,1.6265294801170478
megabyte1,96,17,1.6302502278668352
megabyte1,97,17,1.8676409625879984
megabyte1,98,17,1.9278596833576274
megabyte1,99,17,1.750645791442632
megabyte1,100,17,1.5821421740296946
megabyte1,101,17,2.107071322839321
megabyte1,102,17,1.7147379792977906
megabyte1,103,17,1.7564372223279134
megabyte1,104,17,1.8255525606148222
megabyte1,105,17,1.727638510339868
megabyte1,106,17,1.8604891832658714
megabyte1,107,17,1.770625916990902
megabyte1,108,17,1.736081936858494
megabyte1,109,17,1.7837450929626186
megabyte1,110,17,1.4801645807067496
megabyte1,111,17,1.513649945859244
megabyte1,112,17,1.7890946015224984
megabyte1,113,17,1.6657773025110383
megabyte1,114,17,1.8338559348542578
megabyte1,115,17,1.771214569681903
megabyte1,116,17,1.7703513153526762
megabyte1,117,17,1.805743927165171
megabyte1,118,17,1.8444343588311414
megabyte1,119,17,1.7895614647149525
megabyte1,120,17,1.7983500201477243
megabyte1,121,17,1.5797892338309016
megabyte1,122,17,1.9648552985440422
megabyte1,123,17,1.6435319050493553
megabyte1,124,17,1.7144817126121397
megabyte1,125,17,1.829206730201054
megabyte1,126,17,1.8267324361071144
megabyte1,127,17,1.6840987041283673
megabyte1,128,17,1.6775708642337024
megabyte1,129,17,1.6543524749608118
megabyte1,130,17,1.882322916089954
megabyte1,131,17,1.5733020576261356
megabyte1,132,17,1.6443756270628047
megabyte1,133,17,1.6883339720848334
megabyte1,134,17,1.6085195661978091
megabyte1,135,17,1.9996140491502175
megabyte1,136,17,1.6606755941860354
megabyte1,137,17,1.7305358346157877
megabyte1,138,17,1.5221745862613885
megabyte1,139,17,1.6290603093519795
megabyte1,140,17,1.610348982875776
megabyte1,141,17,1.525519360471619
megabyte1,142,17,1.7997675106326907
megabyte1,143,17,1.837854134377829
megabyte1,144,17,1.6953077572455397
megabyte1,145,17,1.66192383156216
megabyte1,146,17,1.989547996134003
megabyte1,147,17,1.586480890111519
megabyte1,148,17,1.884016258589094
megabyte1,149,17,1.4824931537199075
megabyte1,150,17,1.5860079920497443
megabyte1,151,17,1.56462244650936
megabyte1,152,17,1.824100467693537
megabyte1,153,17,1.5886295252250153
megabyte1,154,17,1.6599025492317594
megabyte1,155,17,1.8122773157150873
megabyte1,156,17,1.7590541550040186
megabyte1,157,17,1.6077500459037868
megabyte1,158,17,1.9219057342673886
megabyte1,159,17,1.553135360073566
megabyte1,160,17,1.9408613534679706
megabyte1,161,17,1.5536247399522911
megabyte1,162,17,1.8515707881852705
megabyte1,163,17,1.6780534851019926
megabyte1,164,17,1.6412512785220916
megabyte1,165,17,1.6283985798341343
megabyte1,166,17,1.8693963917956862
megabyte1,167,17,1.5543750648439187
megabyte1,168,17,1.57555283921987
megabyte1,169,17,1.6529294709313462
megabyte1,170,17,1.4989149610545043
megabyte1,171,17,1.4819824594107471
megabyte1,172,17,1.7083650377353568
megabyte1,173,17,1.7139683388621292
megabyte1,174,17,1.9502283887985332
megabyte1,175,17,1.6842253358179822
megabyte1,176,17,1.54182893568239
megabyte1,177,17,1.869431427282171
megabyte1,178,17,1.6621756680415962
megabyte1,179,17,1.5893932921224934
megabyte1,180,17,1.7934536969375467
megabyte1,181,17,1.6111480958194058
megabyte1,182,17,1.9326793069802966
megabyte1,183,17,1.6084491017999167
megabyte1,184,17,1.597737466718078
megabyte1,185,17,1.6544150560462196
megabyte1,186,17,1.6152343492400456
megabyte1,187,17,1.8210955307398289
megabyte1,188,17,1.6973496848845246
megabyte1,189,17,2.0627570564121167
megabyte1,190,17,1.9027322559603599
megabyte1,191,17,1.6604609694368344
megabyte1,192,17,1.8459771947140435
megabyte1,193,17,1.851062888029082
megabyte1,194,17,1.6750123857827184
megabyte1,195,17,1.373187636348287
megabyte1,196,17,1.3736409106778662
megabyte1,197,17,1.3687496152296745
megabyte1,198,17,1.6874262116359156
megabyte1,199,17,1.6793540698084326
megabyte1,200,17,1.4872568391734031
megabyte1,201,17,1.8611417460774127
megabyte1,202,17,1.530801650330501
megabyte1,203,17,1.50235037618321
megabyte1,204,17,1.8316897912851142
megabyte1,205,17,1.7695098193981316
megabyte1,206,17,1.765185317301014
megabyte1,207,17,1.5069486228981785
megabyte1,208,17,1.9120327901460201
megabyte1,209,17,1.637513196512499
megabyte1,210,17,1.982440380055884
megabyte1,211,17,1.6943773229547368
megabyte1,212,17,1.4119675318069869
megabyte1,213,17,2.0733796019191173
megabyte1,214,17,1.7019488207992495
megabyte1,215,17,1.7851178668846337
megabyte1,216,17,1.8029423386264711
megabyte1,217,17,2.143501437291256
megabyte1,218,17,1.892103624525781
megabyte1,219,17,1.9745763800201221
megabyte1,220,17,1.586605103444171
megabyte1,221,17,1.5745672627792642
megabyte1,222,17,1.6321466644790334
megabyte1,223,17,1.7010852667179275
megabyte1,224,17,2.0497039683864635
megabyte1,225,17,1.6653427666302236
megabyte1,226,17,1.7650904023468201
megabyte1,227,17,1.5753206189208138
megabyte1,228,17,1.9037967078918963
megabyte1,229,17,1.7074338236403626
megabyte1,230,17,1.8581010011806522
megabyte1,231,17,1.6660978771627146
megabyte1,232,17,1.9129602591827999
megabyte1,233,17,1.5020835190022834
megabyte1,234,17,1.6434887714387278
megabyte1,235,17,1.6644826415633767
megabyte1,236,17,1.76623837083943
megabyte1,237,17,1.6483908209847327
megabyte1,238,17,1.7284454660549777
megabyte1,239,17,1.7631221317847552
megabyte1,240,17,1.7577197167133543
megabyte1,241,17,1.8638066393368486
megabyte1,242,17,1.648990084449149
megabyte1,243,17,1.8896210450769484
megabyte1,244,17,2.0033218717050607
megabyte1,245,17,2.1720422441632206
megabyte1,246,17,1.7981067165808264
megabyte1,247,17,1.583034811662269
megabyte1,248,17,1.6330904145159635
megabyte1,249,17,1.457701353539236
megabyte1,250,17,1.9469649312745536
megabyte1,251,17,1.6222217808026886
megabyte1,252,17,1.7715075434821899
megabyte1,253,17,1.8615654410591929
megabyte1,254,17,1.5048313411050598
megabyte1,255,17,1.7206730392684917
megabyte1,256,17,1.5867320007288765
megabyte1,257,17,1.5170200348145912
megabyte1,258,17,1.6247811602552833
megabyte1,259,17,1.5580946035530818
megabyte1,260,17,1.467730590139104
megabyte1,261,17,1.6857028336491082
megabyte1,262,17,1.9654842370300667
megabyte1,263,17,1.5792891064641101
megabyte1,264,17,1.5350795000095356
megabyte1,265,17,1.8151431001858092
megabyte1,266,17,2.04906422537196
megabyte1,267,17,1.8634817530734025
megabyte1,268,17,1.6371842697288237
megabyte1,269,17,1.6650617659750742
megabyte1,270,17,1.7344821927254448
megabyte1,271,17,1.661540723361285
megabyte1,272,17,1.5974628630797878
megabyte1,273,17,2.004715466129811
megabyte1,274,17,2.27187465335515
megabyte1,275,17,1.7245594253037917
megabyte1,276,17,1.8916894888218696
megabyte1,277,17,1.556689232678986
megabyte1,278,17,1.7302471011718006
megabyte1,279,17,1.9629345520263561
megabyte1,280,17,2.1552394358510014
megabyte1,281,17,1.9486933966524063
megabyte1,282,17,1.7371041324936385
megabyte1,283,17,1.8858230196566106
megabyte1,284,17,1.8749505779743603
megabyte1,285,17,1.5997987229897999
megabyte1,286,17,1.711326576090395
megabyte1,287,17,1.6129616005776175
megabyte1,288,17,1.7175236484497758
megabyte1,289,17,1.7846290221443006
megabyte1,290,17,2.1003846014995213
megabyte1,291,17,1.8126716539179326
megabyte1,292,17,1.9577661210054365
megabyte1,293,17,1.6735087619552655
megabyte1,294,17,1.5224827096318452
megabyte1,295,17,2.035635308758643
megabyte1,296,17,1.7515588535421363
megabyte1,297,17,1.7902351844514102
megabyte1,298,17,1.6562928418879739
megabyte1,299,17,1.5532687120713053
megabyte1,300,17,1.7060637325920662
megabyte1,301,17,1.7266728519120023
megabyte1,302,17,1.5882646561560296
megabyte1,303,17,1.6010799083242235
megabyte1,304,17,1.528338621711364
megabyte1,305,17,1.5646379664751968
megabyte1,306,17,2.026748096362595
megabyte1,307,17,1.694956316600725
megabyte1,308,17,2.0417778227600287
megabyte1,309,17,1.9859029731618354
megabyte1,310,17,1.9041560672240645
megabyte1,311,17,1.7939096884059105
megabyte1,312,17,1.9790486508812832
megabyte1,313,17,1.6326790474881558
megabyte1,314,17,1.8358746128070926
megabyte1,315,17,1.7897112996997115
megabyte1,316,17,1.799522767059554
megabyte1,317,17,2.0935605611076427
megabyte1,318,17,1.9959360348541304
megabyte1,319,17,1.6274120096719102
megabyte1,320,17,1.648975231338846
megabyte1,321,17,1.4493273249515666
megabyte1,322,17,1.5090564440920047
megabyte1,323,17,1.5820444309950492
megabyte1,324,17,1.7606656993919476
megabyte1,325,17,1.9262583178226516
megabyte1,326,17,1.792544205755962
megabyte1,327,17,1.6333340146739577
megabyte1,328,17,1.4264739826188575
megabyte1,329,17,1.5535664213645877
megabyte1,330,17,1.7101028883165197
megabyte1,331,17,1.6611581152482884
megabyte1,332,17,1.694591838565592
megabyte1,333,17,1.3147071314381542
megabyte1,334,17,1.3079705617482336
megabyte1,335,17,1.8887264689592218
megabyte1,336,17,1.4186963562775547
megabyte1,337,17,1.5481708210617515
megabyte1,338,17,1.4459828627058215
megabyte1,339,17,1.9788322875255677
megabyte1,340,17,1.6225679593730935
megabyte1,341,17,1.8041341503688646
megabyte1,342,17,1.5212601402292196
megabyte1,343,17,1.896333999719414
megabyte1,344,17,1.5991773822750008
megabyte1,345,17,1.385122513187646
megabyte1,346,17,1.4788066770578527
megabyte1,347,17,1.761761449553754
megabyte1,348,17,1.4062066451521327
megabyte1,349,17,1.5718148320404057
megabyte1,350,17,1.856216196016495
megabyte1,351,17,1.8330292478466301
megabyte1,352,17,1.454606345801618
megabyte1,353,17,1.6786673471570057
megabyte1,354,17,1.5239895254221993
megabyte1,355,17,1.4988717232693078
megabyte1,356,17,1.7519980528298236
megabyte1,357,17,1.5503134406001455
megabyte1,358,17,1.6905441516842663
megabyte1,359,17,1.5981328597959055
megabyte1,360,17,1.5724473834308348
megabyte1,361,17,1.8312177749807086
megabyte1,362,17,2.038642374415468
megabyte1,363,17,1.5876085730732477
megabyte1,364,17,1.8859503265758888
megabyte1,365,17,1.5028461795402421
megabyte1,366,17,1.6294696228986667
megabyte1,367,17,2.097836635305189
megabyte1,368,17,1.688962053596907
megabyte1,369,17,1.616575558701944
megabyte1,370,17,1.8424423390626632
megabyte1,371,17,2.387535905452097
megabyte1,372,17,1.784782709956496
megabyte1,373,17,1.8381720970355466
megabyte1,374,17,1.4777119028498893
megabyte1,375,17,1.7591897642359775
megabyte1,376,17,1.4916598944081016
megabyte1,377,17,1.5130493385086843
megabyte1,378,17,1.5706900380793307
megabyte1,379,17,1.9543230069054243
megabyte1,380,17,1.6173753519421616
megabyte1,381,17,1.3326791777159936
megabyte1,382,17,1.8379240503209313
megabyte1,383,17,1.5403634485477244
megabyte1,384,17,2.0304023909423905
megabyte1,385,17,1.8835399823350922
megabyte1,386,17,1.9985522911979776
megabyte1,387,17,1.753761246067602
megabyte1,388,17,2.057931530041308
megabyte1,389,17,1.7583362945022465
megabyte1,390,17,1.4803705152981792
megabyte1,391,17,1.7279363392589973
megabyte1,392,17,1.711553198164049
megabyte1,393,17,1.4170736458186017
megabyte1,394,17,1.433015770619954
megabyte1,395,17,1.710162878309443
megabyte1,396,17,2.225759341897345
megabyte1,397,17,1.600390470487683
megabyte1,398,17,1.8500961657012291
megabyte1,399,17,1.7991496076290818
megabyte1,400,17,1.5570798270111375
megabyte1,401,17,1.7082537553198887
megabyte1,402,17,1.5075295819643801
megabyte1,403,17,1.865811702086043
megabyte1,404,17,1.6564989381752944
megabyte1,405,17,1.9011358601128403
megabyte1,406,17,1.6192053283861734
megabyte1,407,17,1.5617486931336944
megabyte1,408,17,1.7660251869956731
megabyte1,409,17,1.6275366731775398
megabyte1,410,17,1.8625811173703413
megabyte1,411,17,1.6403741650178512
megabyte1,412,17,1.4371771771280695
megabyte1,413,17,1.8641054667646184
megabyte1,414,17,1.8449503728748866
megabyte1,415,17,1.6647603271135163
megabyte1,416,17,1.8353281761753828
megabyte1,417,17,1.7713846178882855
megabyte1,418,17,1.8296451170532473
megabyte1,419,17,1.849577642908335
megabyte1,420,17,1.422553859535893
megabyte1,421,17,1.6688555856874543
megabyte1,422,17,1.6039334234949474
megabyte1,423,17,1.5391011869519804
megabyte1,424,17,1.591102561163652
megabyte1,425,17,1.5491688276310436
megabyte1,426,17,1.6275581101593124
megabyte1,427,17,1.56496076171945
megabyte1,428,17,1.62262664041121
megabyte1,429,17,1.8327454551304687
megabyte1,430,17,1.5840768218342614
megabyte1,431,17,1.546590609281742
megabyte1,432,17,1.5536230436293148
megabyte1,433,17,1.2517842054170485
megabyte1,434,17,1.782277206756933
megabyte1,435,17,1.373095915309661
megabyte1,436,17,2.06947280577582
megabyte1,437,17,1.6039662807994877
megabyte1,438,17,1.4700477878062093
megabyte1,439,17,1.4352707238815345
megabyte1,440,17,1.2907234391519387
megabyte1,441,17,1.5806518836919823
megabyte1,442,17,1.5174367012296741
megabyte1,443,17,1.4273487349920382
megabyte1,444,17,1.3244027889923329
megabyte1,445,17,1.411091303343179
megabyte1,446,17,1.301422563788824
megabyte1,447,17,1.485239475674195
megabyte1,448,17,1.3506933036072046
megabyte1,449,17,1.3468187856116236
megabyte1,450,17,1.2967031410659988
megabyte1,451,17,1.596029527055463
megabyte1,452,17,1.6957569159478636
megabyte1,453,17,1.5077976289836912
megabyte1,454,17,1.415561526277519
megabyte1,455,17,1.3849291823660586
megabyte1,456,17,1.4315798028803577
megabyte1,457,17,1.129796770353439
megabyte1,458,17,1.8057639023935725
megabyte1,459,17,1.7372392495792717
megabyte1,460,17,1.5734625195651835
megabyte1,461,17,1.55313342673428
megabyte1,462,17,1.6583568799689772
megabyte1,463,17,2.080044651887549
megabyte1,464,17,1.4931240358469768
megabyte1,465,17,1.478850582826591
megabyte1,466,17,1.7037887706399384
megabyte1,467,17,1.4923680224846354
megabyte1,468,17,1.6292807602876747
megabyte1,469,17,1.494269377724011
megabyte1,470,17,1.9535458050116878
megabyte1,471,17,1.2946626579933131
megabyte1,472,17,1.7879264495394307
megabyte1,473,17,1.619052910125526
megabyte1,474,17,1.6182606324496474
megabyte1,475,17,1.5721268527652839
megabyte1,476,17,1.507383237563774
megabyte1,477,17,1.382581420636743
megabyte1,478,17,1.7804691951732698
megabyte1,479,17,1.5550601944331754
megabyte1,480,17,1.8805848833080485
megabyte1,481,17,1.8062369213960856
megabyte1,482,17,1.6801672117862012
megabyte1,483,17,1.684456697681292
megabyte1,484,17,1.8165217687481703
megabyte1,485,17,1.6850529608618816
megabyte1,486,17,1.3313700054010245
megabyte1,487,17,1.6264671730218678
megabyte1,488,17,1.8821985707323095
megabyte1,489,17,1.535354258021168
megabyte1,490,17,1.9705545481772253
megabyte1,491,17,1.5537343225521674
megabyte1,492,17,1.7173349021701179
megabyte1,493,17,2.0214793120895753
megabyte1,494,17,1.7258158231339744
megabyte1,495,17,1.4242783108800656
megabyte1,496,17,1.6781713961927465
megabyte1,497,17,1.5692027454472328
megabyte1,498,17,1.6668341851885196
megabyte1,499,17,1.4923620706598004
megabyte1,500,17,1.58883704225823
megabyte1,501,17,1.8617693589302238
megabyte1,502,17,1.635767201620221
megabyte1,503,17,1.7808823932453404
megabyte1,504,17,1.5068004517246285
megabyte1,505,17,1.754339140648546
megabyte1,506,17,1.744044206508625
megabyte1,507,17,1.6037806775526378
megabyte1,508,17,1.5428695444125273
megabyte1,509,17,1.5704063283759861
megabyte1,510,17,1.6174205920642717
megabyte1,511,17,1.8707819234597116
megabyte1,512,17,1.9950972761240497
megabyte1,513,17,2.0820019243018963
megabyte1,514,17,1.7551443517389294
megabyte1,515,17,1.8058507477934336
megabyte1,516,17,1.7067766396034234
megabyte1,517,17,2.2386329506801874
megabyte1,518,17,1.7631703021003415
megabyte1,519,17,1.652511895334124
megabyte1,520,17,1.8973436230099652
megabyte1,521,17,1.4443837105842792
megabyte1,522,17,1.9977527302940923
megabyte1,523,17,1.6521976860846725
megabyte1,524,17,1.6512510528811395
megabyte1,525,17,1.628355117316116
megabyte1,526,17,1.5731828008544952
megabyte1,527,17,1.6615545836190755
megabyte1,528,17,1.4063767283678028
megabyte1,529,17,1.6942183352911229
megabyte1,530,17,1.5286013154934444
megabyte1,531,17,1.5506213942578133
megabyte1,532,17,1.4865395978553275
megabyte1,533,17,1.9324866425123186
megabyte1,534,17,1.6864690408443832
megabyte1,535,17,1.5942495707708617
megabyte1,536,17,1.6452407061477903
megabyte1,537,17,1.596425799378931
megabyte1,538,17,1.4191137241260805
megabyte1,539,17,1.7382565049588423
megabyte1,540,17,1.5191574677674249
megabyte1,541,17,1.7203772930306094
megabyte1,542,17,1.6461369660739487
megabyte1,543,17,1.8893457581778974
megabyte1,544,17,1.9335222765632247
megabyte1,545,17,1.8598324538544275
megabyte1,546,17,1.7733054682867462
megabyte1,547,17,1.617239616161214
megabyte1,548,17,1.7944828336713146
megabyte1,549,17,1.7504496160622223
megabyte1,550,17,1.704956130106521
megabyte1,551,17,1.9001513004187842
megabyte1,552,17,1.7222930923591466
megabyte1,553,17,2.1564708383458324
megabyte1,554,17,2.036472856199311
megabyte1,555,17,1.7209691625894552
megabyte1,556,17,1.835089008718417
megabyte1,557,17,1.6698756899458882
megabyte1,558,17,1.7250314430985094
megabyte1,559,17,1.9042250247500037
megabyte1,560,17,1.9744891512380969
megabyte1,561,17,1.7939805465705012
megabyte1,562,17,1.7036633122189475
megabyte1,563,17,1.96969851315868
megabyte1,564,17,2.0692814085308764
megabyte1,565,17,1.6252706809232016
megabyte1,566,17,1.6539211311285307
megabyte1,567,17,1.6337525398460875
megabyte1,568,17,1.5621783253142443
megabyte1,569,17,1.8544072233013826
megabyte1,570,17,1.704315375124568
megabyte1,571,17,1.4514334333582366
megabyte1,572,17,1.7588776375666593
megabyte1,573,17,1.6574244013609012
megabyte1,574,17,1.7646606601847425
megabyte1,575,17,1.7572279069049686
megabyte1,576,17,1.7194475875379576
megabyte1,577,17,1.9750717813013845
megabyte1,578,17,1.7415136109625813
megabyte1,579,17,1.6881569689181157
megabyte1,580,17,1.6390079370362347
megabyte1,581,17,1.6866174452104021
megabyte1,582,17,1.9755625280269071
megabyte1,583,17,1.668863625618798
megabyte1,584,17,1.8896518980617596
megabyte1,585,17,1.9327231090679295
megabyte1,586,17,1.7924032625057793
megabyte1,587,17,1.5542459247578175
megabyte1,588,17,1.6576111358036891
megabyte1,589,17,1.587266276767373
megabyte1,590,17,1.7938564105243926
megabyte1,591,17,1.823825591300361
megabyte1,592,17,1.7591752237697726
megabyte1,593,17,1.7409863432875496
megabyte1,594,17,1.4827513768079028
megabyte1,595,17,1.9145035378844075
megabyte1,596,17,1.5978551773972298
megabyte1,597,17,1.7614822797573841
megabyte1,598,17,1.739817957543185
megabyte1,599,17,2.048816759382249
megabyte1,600,17,2.0457864685999274
megabyte1,601,17,1.6647423387488278
megabyte1,602,17,1.7216464077758178
megabyte1,603,17,1.6569305549230233
megabyte1,604,17,1.7998169660041203
megabyte1,605,17,1.980018032794429
megabyte1,606,17,1.7525465512698242
megabyte1,607,17,1.648684462205763
megabyte1,608,17,1.5233487628942202
megabyte1,609,17,1.6018778767597563
megabyte1,610,17,1.9404020954678876
megabyte1,611,17,1.673915249051661
megabyte1,612,17,1.934670918302576
megabyte1,613,17,1.8515619349887358
megabyte1,614,17,1.952633976934477
megabyte1,615,17,1.7791371752540839
megabyte1,616,17,1.9556907769440808
megabyte1,617,17,1.847116987352764
megabyte1,618,17,1.826045653229322
megabyte1,619,17,1.802158768418174
megabyte1,620,17,1.9107961045701278
megabyte1,621,17,1.8222958076126368
megabyte1,622,17,1.712582310571933
megabyte1,623,17,1.7356621096360783
megabyte1,624,17,1.916218520110159
megabyte1,625,17,1.7558402317945256
megabyte1,626,17,1.4836468967387173
megabyte1,627,17,1.7345940644328353
megabyte1,628,17,1.6434618821951463
megabyte1,629,17,1.6315079515110378
megabyte1,630,17,2.0119061259262336
megabyte1,631,17,1.6976938240276107
megabyte1,632,17,1.7280920815903686
megabyte1,633,17,1.6155711677034967
megabyte1,634,17,1.8192512971483472
megabyte1,635,17,1.8151719786008709
megabyte1,636,17,1.643107989886404
megabyte1,637,17,2.012834892593598
megabyte1,638,17,1.6777534573979762
megabyte1,639,17,1.4764475627997562
megabyte1,640,17,1.5034163170909531
megabyte1,641,17,1.7363502454372945
megabyte1,642,17,1.6157368670715666
megabyte1,643,17,1.6384995748529487
megabyte1,644,17,1.7695866291554996
megabyte1,645,17,1.5705154118800422
megabyte1,646,17,1.3812595840363278
megabyte1,647,17,1.7334578783276784
megabyte1,648,17,1.56334121780119
megabyte1,649,17,1.8198889194209136
megabyte1,650,17,1.7029944601656724
megabyte1,651,17,1.7038899367775409
megabyte1,652,17,1.8185439954008809
megabyte1,653,17,1.4708681944455047
megabyte1,654,17,1.8346828200106857
megabyte1,655,17,1.8024309332923651
megabyte1,656,17,1.7066297828034338
megabyte1,657,17,1.975476478739453
megabyte1,658,17,1.6337470559240506
megabyte1,659,17,1.8723203669114612
megabyte1,660,17,1.6047222480832721
megabyte1,661,17,2.1183035880747316
megabyte1,662,17,1.8471749951405771
megabyte1,663,17,1.7337426123706852
megabyte1,664,17,1.4718529592111746
megabyte1,665,17,1.7966884875554114
megabyte1,666,17,1.5429277709275082
megabyte1,667,17,2.181050279162262
megabyte1,668,17,1.8381034993597178
megabyte1,669,17,1.7122293874665493
megabyte1,670,17,1.8890666069072382
megabyte1,671,17,1.6832021234010508
megabyte1,672,17,1.9569043272556026
megabyte1,673,17,2.0365361766755226
megabyte1,674,17,1.8593306865768695
megabyte1,675,17,1.8632560684771449
megabyte1,676,17,1.9785820394649225
megabyte1,677,17,2.0189027241685586
megabyte1,678,17,1.8727393771166405
megabyte1,679,17,1.826125090853533
megabyte1,680,17,1.4985268996414773
megabyte1,681,17,1.756642007311445
megabyte1,682,17,1.7431664170609396
megabyte1,683,17,1.9221798895213391
megabyte1,684,17,1.7177351708760982
megabyte1,685,17,1.9173734039888657
megabyte1,686,17,1.8142960513158624
megabyte1,687,17,1.7848833834259015
megabyte1,688,17,1.8229685375110851
megabyte1,689,17,2.2235825017212068
megabyte1,690,17,1.7678146691009755
megabyte1,691,17,1.71591242632289
megabyte1,692,17,1.8136787955499274
megabyte1,693,17,1.8979972634265123
megabyte1,694,17,1.7355655075281065
megabyte1,695,17,1.721475249980887
megabyte1,696,17,1.7916239268314678
megabyte1,697,17,1.7399552697701577
megabyte1,698,17,1.8214946284964557
megabyte1,699,17,2.022602944977205
megabyte1,700,17,1.7416238041365069
megabyte1,701,17,1.9055693430889984
megabyte1,702,17,1.7579202742638351
megabyte1,703,17,1.7015762386505415
megabyte1,704,17,1.8217161681366836
megabyte1,705,17,1.6746992379663537
megabyte1,706,17,1.5973383153345146
megabyte1,707,17,1.788550011990475
megabyte1,708,17,1.7624283071810538
megabyte1,709,17,1.8366243293721547
megabyte1,710,17,1.9706542112914363
megabyte1,711,17,1.9285432152877475
megabyte1,712,17,1.8398357509441257
megabyte1,713,17,1.8943955173506264
megabyte1,714,17,1.5293003221939139
megabyte1,715,17,1.723335707176506
megabyte1,716,17,2.0235760173033994
megabyte1,717,17,1.8102139892387161
megabyte1,718,17,1.911291156952453
megabyte1,719,17,1.8249851647692719
megabyte1,720,17,1.7730768114592093
megabyte1,721,17,2.026064475242016
megabyte1,722,17,1.9019354948908775
megabyte1,723,17,1.7762412110820631
megabyte1,724,17,2.177246418638779
megabyte1,725,17,1.7140705040546873
megabyte1,726,17,1.6956004111109788
megabyte1,727,17,1.714977822831053
megabyte1,728,17,1.879732139063239
megabyte1,729,17,2.222331963965588
megabyte1,730,17,1.69595515580752
megabyte1,731,17,2.062214907928489
megabyte1,732,17,1.580808898734326
megabyte1,733,17,1.8459770289652597
megabyte1,734,17,1.7847268027540533
megabyte1,735,17,1.6525300430799983
megabyte1,736,17,1.6040733700266432
megabyte1,737,17,1.7843876697246774
megabyte1,738,17,1.9217177660024003
megabyte1,739,17,1.6863641269150895
megabyte1,740,17,1.71133154055289
megabyte1,741,17,1.804731851808962
megabyte1,742,17,1.915648852697881
megabyte1,743,17,1.9012918749018355
megabyte1,744,17,1.6527278320033094
megabyte1,745,17,1.687402295944308
megabyte1,746,17,1.8989600525881978
megabyte1,747,17,1.7907036284968556
megabyte1,748,17,1.9821641314816227
megabyte1,749,17,1.7230380961218659
megabyte1,750,17,2.00358352858235
megabyte1,751,17,1.630900746424406
megabyte1,752,17,1.852790841948841
megabyte1,753,17,2.061871322177628
megabyte1,754,17,1.8931959545126062
megabyte1,755,17,1.495467078730782
megabyte1,756,17,1.7591571737842535
megabyte1,757,17,1.7973763313928666
megabyte1,758,17,1.6979952194836045
megabyte1,759,17,1.6530527906876844
megabyte1,760,17,1.7335518761941289
megabyte1,761,17,1.7285095076590715
megabyte1,762,17,1.524574438761059
megabyte1,763,17,1.558343653193928
megabyte1,764,17,1.709769214720231
megabyte1,765,17,1.873771600437451
megabyte1,766,17,1.7756303506726723
megabyte1,767,17,1.9484572369272704
megabyte1,768,17,2.078399669834381
megabyte1,769,17,1.8261095920916914
megabyte1,770,17,2.1285951524095963
megabyte1,771,17,1.8114074964072535
megabyte1,772,17,1.804120993493041
megabyte1,773,17,1.7310521456728
megabyte1,774,17,1.9246713178060977
megabyte1,775,17,2.0016380276541903
megabyte1,776,17,2.044087034907779
megabyte1,777,17,2.0287164101879105
megabyte1,778,17,1.7400354633636872
megabyte1,779,17,1.6613090629286231
megabyte1,780,17,1.969799541304555
megabyte1,781,17,1.9718134120637292
megabyte1,782,17,1.8327569501837053
megabyte1,783,17,1.9832043717774164
megabyte1,784,17,1.8773799436395067
megabyte1,785,17,1.9464457355806626
megabyte1,786,17,1.9613953990737163
megabyte1,787,17,1.68822362114716
megabyte1,788,17,1.905589767974539
megabyte1,789,17,1.821710593978016
megabyte1,790,17,1.9542283904073727
megabyte1,791,17,1.677784962632282
megabyte1,792,17,1.7155551083797038
megabyte1,793,17,1.9508248624492102
megabyte1,794,17,1.8344300581058766
megabyte1,795,17,1.6859241976824493
megabyte1,796,17,1.5861836192526122
megabyte1,797,17,1.8935681204377317
megabyte1,798,17,1.7239212167168902
megabyte1,799,17,1.6734392947640766
megabyte1,800,17,1.6249956375154846
megabyte1,801,17,1.5951055186710688
megabyte1,802,17,1.6806520665455882
megabyte1,803,17,1.926544121846597
megabyte1,804,17,1.9068666004261852
megabyte1,805,17,2.364915255452694
megabyte1,806,17,1.8653295488802968
megabyte1,807,17,1.925959318687357
megabyte1,808,17,1.736358773309367
megabyte1,809,17,1.9984162233841152
megabyte1,810,17,1.5780889178300381
megabyte1,811,17,1.7129912116480703
megabyte1,812,17,1.6911734855992155
megabyte1,813,17,1.6298026637096856
megabyte1,814,17,1.9886104600837806
megabyte1,815,17,1.6455963291673137
megabyte1,816,17,1.867891869898207
megabyte1,817,17,1.6819085325880732
megabyte1,818,17,1.7434475974826775
megabyte1,819,17,1.775837097419726
megabyte1,820,17,1.6603667200012513
megabyte1,821,17,1.6073533219259901
megabyte1,822,17,1.595330218456036
megabyte1,823,17,1.7363159966984578
megabyte1,824,17,1.632361430298821
megabyte1,825,17,1.7541619832175817
megabyte1,826,17,1.7228706382927195
megabyte1,827,17,1.6715660129396133
megabyte1,828,17,1.683028604997279
megabyte1,829,17,1.642756234416327
megabyte1,830,17,1.878941100612609
megabyte1,831,17,1.61806947580215
megabyte1,832,17,1.7078720763287767
megabyte1,833,17,1.940278786750769
megabyte1,834,17,1.6517441476548294
megabyte1,835,17,1.664389349038188
megabyte1,836,17,1.8555101700059702
megabyte1,837,17,2.1136400823852273
megabyte1,838,17,1.7141026039924245
megabyte1,839,17,2.2666698203194917
megabyte1,840,17,1.8472582693174753
megabyte1,841,17,1.735094040485626
megabyte1,842,17,1.6485117011835737
megabyte1,843,17,1.6568191813108637
megabyte1,844,17,1.5144013199360844
megabyte1,845,17,1.64505611116366
megabyte1,846,16,1.7483736079505525
megabyte1,847,16,1.6270144006574505
megabyte1,848,16,1.9475933292133734
megabyte1,849,16,1.5329196861964784
megabyte1,850,16,1.5126101688642464
megabyte1,851,16,1.8255062285157246
megabyte1,852,16,1.8230538651016106
megabyte1,853,16,1.7842720550364
megabyte1,854,16,1.6654301872912924
megabyte1,855,16,1.811868775088442
megabyte1,856,16,1.535120076391223
megabyte1,857,16,1.6393873036084443
megabyte1,858,16,1.4858641422200594
megabyte1,859,16,1.5581214235185474
megabyte1,860,16,1.508217616465342
megabyte1,861,16,1.4687418468530693
megabyte1,862,16,1.7185758934486377
megabyte1,863,16,1.7505326800286902
megabyte1,864,16,1.835631770845412
megabyte1,865,16,1.8638483935241739
megabyte1,866,16,1.601397163713602
megabyte1,867,16,1.5120851979424152
megabyte1,868,16,1.5209169456205438
megabyte1,869,16,1.4704010388331132
megabyte1,870,16,1.4910503226680376
megabyte1,871,16,1.5931708014609813
megabyte1,872,16,1.6146942726753928
megabyte1,873,16,1.448300746729969
megabyte1,874,16,1.357773039833866
megabyte1,875,16,1.5499397097466792
megabyte1,876,16,1.5908689682509074
megabyte1,877,16,1.5622844621932592
megabyte1,878,16,1.392511408342162
megabyte1,879,16,1.4024254177097142
megabyte1,880,16,1.490950467615862
megabyte1,881,16,1.915602561614527
megabyte1,882,16,1.5479588962254622
megabyte1,883,16,1.4530514286064473
megabyte1,884,16,1.4777694471388212
megabyte1,885,16,1.5033550156585433
megabyte1,886,16,1.4929924850440215
megabyte1,887,16,1.5781306945268176
megabyte1,888,16,1.8559406049178733
megabyte1,889,16,1.5427759634445444
megabyte1,890,16,1.9632502920168755
megabyte1,891,16,1.475093997265117
megabyte1,892,16,1.5005248715224873
megabyte1,893,16,1.7425163379314463
megabyte1,894,16,2.1678414880618564
megabyte1,895,16,1.7991001236228057
megabyte1,896,16,1.6377207719586069
megabyte1,897,16,1.6747774145059815
megabyte1,898,16,1.3939421051790333
megabyte1,899,16,1.4960079849938581
megabyte1,900,16,1.5777244923285962
megabyte1,901,16,1.7144010942144954
megabyte1,902,16,1.6506926583390922
megabyte1,903,16,2.0564899039000055
megabyte1,904,16,1.9097062704003953
megabyte1,905,16,1.5717485410466816
megabyte1,906,16,1.4957351314769953
megabyte1,907,16,1.9541864844846852
megabyte1,908,16,1.6412283796860336
megabyte1,909,16,1.922093290628924
megabyte1,910,16,1.6149150411260802
megabyte1,911,16,1.7749995635772167
megabyte1,912,16,1.6367594711353022
megabyte1,913,16,1.5642970097317763
megabyte1,914,16,1.620441562743129
megabyte1,915,16,2.0084161653220045
megabyte1,916,16,1.6261685798447534
megabyte1,917,16,1.5150864814200489
megabyte1,918,16,1.693285633451208
megabyte1,919,16,1.570287776518139
megabyte1,920,16,1.6231122696154272
megabyte1,921,16,1.6643399734285906
megabyte1,922,16,1.5212249717993789
megabyte1,923,16,1.5819377427492718
megabyte1,924,16,1.5858674617279038
megabyte1,925,16,1.8805693858179495
megabyte1,926,16,1.6052638784909539
megabyte1,927,16,1.7407269975589135
megabyte1,928,16,1.5889146970571555
megabyte1,929,16,1.603163719116354
megabyte1,930,16,1.6614199728587442
megabyte1,931,16,1.611035130109348
megabyte1,932,16,1.7356873554791332
megabyte1,933,16,1.7768123831776264
megabyte1,934,16,1.54942434505789
megabyte1,935,16,1.5516875073714231
megabyte1,936,16,1.5659311739490018
megabyte1,937,16,1.7499418335350798
megabyte1,938,16,1.545926969418637
megabyte1,939,16,1.739290504965768
megabyte1,940,16,1.5602684095017896
megabyte1,941,16,1.7097158818363427
megabyte1,942,16,1.5037290146097892
megabyte1,943,16,1.5435429987401554
megabyte1,944,16,1.700684587420005
megabyte1,945,16,1.9721462684347428
megabyte1,946,16,1.7484564729217362
megabyte1,947,16,1.7478752127738892
megabyte1,948,16,1.5588300507873156
megabyte1,949,16,1.4108514966743981
megabyte1,950,16,1.5049641704574164
megabyte1,951,16,1.5242560998900494
megabyte1,952,16,1.6777571306888523
megabyte1,953,16,1.5385807839097922
megabyte1,954,16,1.5129331590705464
megabyte1,955,16,1.6307477569879254
megabyte1,956,16,1.7911818207774097
megabyte1,957,16,1.6131969925979184
megabyte1,958,16,1.548666002085492
megabyte1,959,16,1.7522192475218945
megabyte1,960,16,1.8265188729552222
megabyte1,961,16,1.6730396596851638
megabyte1,962,16,1.6352786283170375
megabyte1,963,16,1.50019465679341
megabyte1,964,16,1.5456754853451158
megabyte1,965,16,1.5737758122357315
megabyte1,966,16,1.5697559413493396
megabyte1,967,16,1.5942950891051686
megabyte1,968,16,1.5856259489492726
megabyte1,969,16,1.664190996177995
megabyte1,970,16,1.5017478278021543
megabyte1,971,16,1.8998405340021183
megabyte1,972,16,1.6942339323653586
megabyte1,973,16,1.4579963888486716
megabyte1,974,16,1.3858329125490862
megabyte1,975,16,1.4305336348985485
megabyte1,976,16,1.390818226066486
megabyte1,977,16,1.4641245190796135
megabyte1,978,16,1.4382809659176168
megabyte1,979,16,1.4457876918385186
megabyte1,980,16,1.3069080254129224
megabyte1,981,16,1.4906975662516984
megabyte1,982,16,1.3626362211655856
megabyte1,983,16,1.7096835138779363
megabyte1,984,16,1.4910195526133236
megabyte1,985,16,1.503869890857275
megabyte1,986,16,1.533271140978574
megabyte1,987,16,1.737986313898404
megabyte1,988,16,1.6916433522302172
megabyte1,989,16,1.6284737187959517
megabyte1,990,16,1.5257454890828424
megabyte1,991,16,1.5533758548899912
megabyte1,992,16,1.5386890212310251
megabyte1,993,16,1.5334579941331643
megabyte1,994,16,1.8736090503676956
megabyte1,995,16,1.621012885607612
megabyte1,996,16,1.803611235115373
megabyte1,997,16,1.9618923981300598
megabyte1,998,16,1.6818493913852521
megabyte1,999,16,1.4389022804590446
megabyte1,1000,16,1.5649184922090909
megabyte1,1001,16,1.4321474358812956
megabyte1,1002,16,1.6862075312851956
megabyte1,1003,16,1.5826466612988117
megabyte1,1004,16,1.7489782837461159
megabyte1,1005,16,1.871220043424252
megabyte1,1006,16,1.6738956651620742
megabyte1,1007,16,1.5822762724881139
megabyte1,1008,16,1.9638218282917357
megabyte1,1009,16,1.9601611375622026
megabyte1,1010,16,1.4056289764134828
megabyte1,1011,16,1.563294768855383
megabyte1,1012,16,1.6047671380250383
megabyte1,1013,16,1.4500344064508262
megabyte1,1014,16,1.593927443833278
megabyte1,1015,16,1.3810536372795525
megabyte1,1016,16,1.6602483280606672
megabyte1,1017,16,1.789453067332506
megabyte1,1018,16,1.5248727530904145
megabyte1,1019,16,1.5485896390829779
megabyte1,1020,16,1.6831529035332031
megabyte1,1021,16,1.6705563051883705
megabyte1,1022,16,1.9051332891812742
megabyte1,1023,16,1.7124128251195738
megabyte1,1024,16,1.7730818235394212
megabyte1,1025,16,1.456166682427377
megabyte1,1026,16,1.6109889711782586
megabyte1,1027,16,1.6310903245412796
megabyte1,1028,16,1.5577565082156621
megabyte1,1029,16,1.7781482755226585
megabyte1,1030,16,1.6139205895764497
megabyte1,1031,16,1.5401673648148728
megabyte1,1032,16,1.9700700836263318
megabyte1,1033,16,1.2451125104213743
megabyte1,1034,16,1.577431081018599
megabyte1,1035,16,1.6398850751129899
megabyte1,1036,16,1.6908924634699567
megabyte1,1037,16,1.6916867264204924
megabyte1,1038,16,1.803478081103729
megabyte1,1039,16,1.6520750326020606
megabyte1,1040,16,1.5364514480732945
megabyte1,1041,16,1.737094007280414
megabyte1,1042,16,1.5714189463683206
megabyte1,1043,16,1.768842538383582
megabyte1,1044,16,1.5127277244640356
megabyte1,1045,16,1.588440175757903
megabyte1,1046,16,2.0375773639389334
megabyte1,1047,16,1.573908405137329
megabyte1,1048,16,1.8236003221773311
megabyte1,1049,16,1.776845009495067
megabyte1,1050,16,1.649391102401835
megabyte1,1051,16,1.8889455854542783
megabyte1,1052,16,1.6633337211124746
megabyte1,1053,16,1.7929770263239038
megabyte1,1054,16,1.7141267963809015
megabyte1,1055,16,1.6169459037987914
megabyte1,1056,16,2.113374188847989
megabyte1,1057,16,1.998053331309981
megabyte1,1058,16,1.7958760888533618
megabyte1,1059,16,1.696698294220476
megabyte1,1060,16,2.148701791610962
megabyte1,1061,16,1.796926510688288
megabyte1,1062,16,1.728593042773442
megabyte1,1063,16,1.5134856513535577
megabyte1,1064,16,1.8148496750207976
megabyte1,1065,16,1.581694716548486
megabyte1,1066,16,1.6954200229692244
megabyte1,1067,16,1.7892374079653282
megabyte1,1068,16,1.6896503832028311
megabyte1,1069,16,1.5800666261717407
megabyte1,1070,16,1.8002333268865363
megabyte1,1071,16,1.7760825574117511
megabyte1,1072,16,1.492029698435679
megabyte1,1073,16,1.6737277646566215
megabyte1,1074,16,1.7346373054161859
megabyte1,1075,16,1.7446875691984647
megabyte1,1076,16,1.5378896240017474
megabyte1,1077,16,1.6672975633713363
megabyte1,1078,16,1.7208004974244473
megabyte1,1079,16,1.7953680937594767
megabyte1,1080,16,1.8900320047124661
megabyte1,1081,16,1.7762769027419396
megabyte1,1082,16,1.58557115021395
megabyte1,1083,16,1.7458944583685536
megabyte1,1084,16,2.0372965478886527
megabyte1,1085,16,1.5725455946464935
megabyte1,1086,16,1.7161264579626434
megabyte1,1087,16,1.7221533211042659
megabyte1,1088,16,1.8794123828155893
megabyte1,1089,16,1.8193521225822964
megabyte1,1090,16,1.8766405629721257
megabyte1,1091,16,1.6567598911230543
megabyte1,1092,16,1.8916517113537947
megabyte1,1093,16,1.6844521423351289
megabyte1,1094,16,1.6857493220266242
megabyte1,1095,16,1.6956644925776592
megabyte1,1096,16,1.7008425081157195
megabyte1,1097,16,1.9172787838486256
megabyte1,1098,16,1.7194903903183714
megabyte1,1099,16,1.8354130670987066
megabyte1,1100,16,1.6196300889359527
megabyte1,1101,16,1.7542887796443318
megabyte1,1102,16,1.9431931682721721
megabyte1,1103,16,1.7263066387863963
megabyte1,1104,16,1.7230436763737704
megabyte1,1105,16,1.7421358591258822
megabyte1,1106,16,1.7561264417524742
megabyte1,1107,16,1.7801884022659766
megabyte1,1108,16,1.920629386498526
megabyte1,1109,16,1.800410099981327
megabyte1,1110,16,1.826391056041338
megabyte1,1111,16,2.2175002335809877
megabyte1,1112,16,1.6159952223929734
megabyte1,1113,16,1.8849016366462048
megabyte1,1114,16,1.9904422664413082
megabyte1,1115,16,1.6674360318148742
megabyte1,1116,16,2.0970767789601323
megabyte1,1117,16,1.9656337204065522
megabyte1,1118,16,1.832575003751096
megabyte1,1119,16,1.6504603785705094
megabyte1,1120,16,2.040713605127316
megabyte1,1121,16,1.6314560756595966
megabyte1,1122,16,2.201189040139987
megabyte1,1123,16,1.5943230160583644
megabyte1,1124,16,1.8365893837755962
megabyte1,1125,16,2.0541666831169794
megabyte1,1126,16,1.7633651582210512
megabyte1,1127,16,1.6874944903516262
megabyte1,1128,16,1.7141630613968288
megabyte1,1129,16,2.019515310208574
megabyte1,1130,16,1.5834413751932932
megabyte1,1131,16,2.0933470874873032
megabyte1,1132,16,1.8744885146599386
megabyte1,1133,16,1.8379744483906457
megabyte1,1134,16,1.7395984162179519
megabyte1,1135,16,1.8152639319157682
megabyte1,1136,16,1.7790848829693031
megabyte1,1137,16,1.8508696546764571
megabyte1,1138,16,1.905842719676437
megabyte1,1139,16,1.72380938939264
megabyte1,1140,16,1.5708290292206615
megabyte1,1141,16,1.6068605899528456
megabyte1,1142,16,1.4384302831285838
megabyte1,1143,16,1.5877199022173918
megabyte1,1144,16,1.5910626418204077
megabyte1,1145,16,1.548684761556074
megabyte1,1146,16,1.7901090977077527
megabyte1,1147,16,2.1705393229707686
megabyte1,1148,16,1.4676721809991022
megabyte1,1149,16,1.3494989203539771
megabyte1,1150,16,1.767864013272038
megabyte1,1151,16,1.9428203307723242
megabyte1,1152,16,1.743065110393878
megabyte1,1153,16,1.973057863424767
megabyte1,1154,16,1.7389732832181846
megabyte1,1155,16,1.7509112074149462
megabyte1,1156,16,1.7671561172226204
megabyte1,1157,16,2.0712923931680516
megabyte1,1158,16,1.749015149019159
megabyte1,1159,16,1.8871407663055852
megabyte1,1160,16,1.5780295623576917
megabyte1,1161,16,1.7260798792009708
megabyte1,1162,16,1.5156639539048538
megabyte1,1163,16,1.7350119312208574
megabyte1,1164,16,1.879151383398868
megabyte1,1165,16,2.015595176142502
megabyte1,1166,16,1.8240738298323254
megabyte1,1167,16,1.542075208683117
megabyte1,1168,16,1.7191847422590898
megabyte1,1169,16,1.8771660432039774
megabyte1,1170,16,1.7260530004312924
megabyte1,1171,16,1.5882868965964045
megabyte1,1172,16,1.4931532058948718
megabyte1,1173,16,1.6106460672694778
megabyte1,1174,16,1.9928765370624721
megabyte1,1175,16,1.587496179574156
megabyte1,1176,16,1.4667434180264567
megabyte1,1177,16,1.532209271086407
megabyte1,1178,16,1.4523903975685377
megabyte1,1179,16,1.354323332369437
megabyte1,1180,16,1.7968001729534024
megabyte1,1181,16,1.4588124025674472
megabyte1,1182,16,1.6247721056067446
megabyte1,1183,16,1.8681969501259381
megabyte1,1184,16,1.665020046174636
megabyte1,1185,16,1.863353252085099
megabyte1,1186,16,1.6660349280314433
megabyte1,1187,16,1.779865629051676
megabyte1,1188,16,1.3960438193497613
megabyte1,1189,16,1.466748604288279
megabyte1,1190,16,1.8044805506810973
megabyte1,1191,16,1.6925518311161263
megabyte1,1192,16,1.6833707740624082
megabyte1,1193,16,1.5814738330532232
megabyte1,1194,16,1.547372665762692
megabyte1,1195,16,1.4732343635375023
megabyte1,1196,16,1.4244895907176744
megabyte1,1197,16,1.6061044172931456
megabyte1,1198,16,1.5876436477662619
megabyte1,1199,16,1.5182182266607283
megabyte1,1200,16,1.8542151825671103
megabyte1,1201,16,1.673603743718779
megabyte1,1202,16,1.8008944273385832
megabyte1,1203,16,1.8048940256193196
megabyte1,1204,16,1.6244714500885036
megabyte1,1205,16,1.6489899246643709
megabyte1,1206,16,1.488581432529794
megabyte1,1207,16,1.5882723178313705
megabyte1,1208,16,2.022844800449552
megabyte1,1209,16,1.850186576185398
megabyte1,1210,16,1.8663025556500825
megabyte1,1211,16,1.4844607956500153
megabyte1,1212,16,1.9079968142686599
megabyte1,1213,16,1.6628086820352328
megabyte1,1214,16,1.8102767341135237
megabyte1,1215,16,1.868049002752531
megabyte1,1216,16,1.660507448734107
megabyte1,1217,16,1.618385905529185
megabyte1,1218,16,1.6576358778501903
megabyte1,1219,16,1.5453350874493297
megabyte1,1220,16,1.7310541374591164
megabyte1,1221,16,1.9381873564203087
megabyte1,1222,16,1.865700899461208
megabyte1,1223,16,1.6728537480609404
megabyte1,1224,16,1.7135751964557395
megabyte1,1225,16,2.0950772966309743
megabyte1,1226,16,1.634912813408138
megabyte1,1227,16,1.695144087701617
megabyte1,1228,16,1.8989515172167615
megabyte1,1229,16,1.7215500780573498
megabyte1,1230,16,2.42375333301786
megabyte1,1231,16,2.133060130825387
megabyte1,1232,16,1.9255799651858927
megabyte1,1233,16,2.2678754254994864
megabyte1,1234,16,1.561621956799421
megabyte1,1235,16,1.8209633144178643
megabyte1,1236,16,2.1456471201991056
megabyte1,1237,16,2.241837217270924
megabyte1,1238,16,2.1775538946934465
megabyte1,1239,16,1.7696439418583594
megabyte1,1240,16,1.8308112303278372
megabyte1,1241,16,1.6893389354373667
megabyte1,1242,16,1.9082187292700337
megabyte1,1243,16,1.7042609165846054
megabyte1,1244,16,1.7487868925681977
megabyte1,1245,16,1.7570526795799544
megabyte1,1246,16,1.9438172329478212
megabyte1,1247,16,1.7962519801424792
megabyte1,1248,16,1.8229514312360817
megabyte1,1249,16,1.8442723020871703
megabyte1,1250,16,1.7173243101430757
megabyte1,1251,16,1.7959191199501918
megabyte1,1252,16,1.810058531027566
megabyte1,1253,16,1.6755639709127212
megabyte1,1254,16,1.6179233279561143
megabyte1,1255,16,1.7767386103188454
megabyte1,1256,16,1.6188610090144029
megabyte1,1257,16,1.651959947709134
megabyte1,1258,16,1.9261230333627894
megabyte1,1259,16,1.6280884103075397
megabyte1,1260,16,1.9086202140501356
megabyte1,1261,16,1.9786917296014883
megabyte1,1262,16,1.6997210240667973
megabyte1,1263,16,1.6104966505876188
megabyte1,1264,16,1.8193487743708052
megabyte1,1265,16,1.527193439936342
megabyte1,1266,16,1.6710684117441592
megabyte1,1267,16,1.7941428064178782
megabyte1,1268,16,1.7996636986524188
megabyte1,1269,16,1.7815508179758768
megabyte1,1270,16,1.5513699308223212
megabyte1,1271,16,1.8181709958212369
megabyte1,1272,16,1.921331089562178
megabyte1,1273,16,1.7889215029005694
megabyte1,1274,16,2.1899297908540194
megabyte1,1275,16,1.8542039944920896
megabyte1,1276,16,1.7846918049816078
megabyte1,1277,16,1.7298263230839142
megabyte1,1278,16,1.6298807257271801
megabyte1,1279,16,1.7846564439302874
megabyte1,1280,16,1.8804060134119303
megabyte1,1281,16,1.6259682195901273
megabyte1,1282,16,1.788932114869238
megabyte1,1283,16,1.7810527963308167
megabyte1,1284,16,1.7574570304606958
megabyte1,1285,16,2.116154654134879
megabyte1,1286,16,2.0113380684236057
megabyte1,1287,16,1.9175257150189613
megabyte1,1288,16,1.8484026305206314
megabyte1,1289,16,2.1149032511839247
megabyte1,1290,16,1.8023762467461097
megabyte1,1291,16,1.8340011269122152
megabyte1,1292,16,1.6921527778595713
megabyte1,1293,16,1.7821624380101995
megabyte1,1294,16,1.8932632157881024
megabyte1,1295,16,1.7625433981506933
megabyte1,1296,16,1.9825670200278298
megabyte1,1297,16,1.8289984811601498
megabyte1,1298,16,1.713018011945287
megabyte1,1299,16,2.128457760135239
megabyte1,1300,16,1.729229393209187
megabyte1,1301,16,1.8090405664091587
megabyte1,1302,16,1.6656693257871171
megabyte1,1303,16,1.8091657916603248
megabyte1,1304,16,1.7770386187772425
megabyte1,1305,16,1.986491305531512
megabyte1,1306,16,1.695709946823576
megabyte1,1307,16,1.681484247706347
megabyte1,1308,16,1.7340621000364744
megabyte1,1309,16,1.61482024444674
megabyte1,1310,16,1.75435815007261
megabyte1,1311,16,1.8641087470604727
megabyte1,1312,16,1.7459116098894456
megabyte1,1313,16,1.9491356420645605
megabyte1,1314,16,2.0991341539013013
megabyte1,1315,16,1.709710567308624
megabyte1,1316,16,2.2512144403903407
megabyte1,1317,16,1.8326234812122546
megabyte1,1318,16,1.8353410237113887
megabyte1,1319,16,2.022032614439963
megabyte1,1320,16,1.8795120856088634
megabyte1,1321,16,1.9358483628627448
megabyte1,1322,16,1.9944959545399394
megabyte1,1323,16,1.8906899021100605
megabyte1,1324,16,1.8614844839772642
megabyte1,1325,16,1.7314150334381686
megabyte1,1326,16,1.8783463842584807
megabyte1,1327,16,1.850294237002905
megabyte1,1328,16,1.8880516917772314
megabyte1,1329,16,2.2287916068425355
megabyte1,1330,16,1.7846445750412803
megabyte1,1331,16,2.0835023338251575
megabyte1,1332,16,1.834069036067499
megabyte1,1333,16,1.8001117729759173
megabyte1,1334,16,1.8247249966040289
megabyte1,1335,16,1.756226916684594
megabyte1,1336,16,1.8199632035316446
megabyte1,1337,16,2.243676688381465
megabyte1,1338,16,1.8680082132968656
megabyte1,1339,16,1.7953522517584886
megabyte1,1340,16,1.7580487846413018
megabyte1,1341,16,1.8795496133159213
megabyte1,1342,16,1.7455402574473053
megabyte1,1343,16,1.7024191327211793
megabyte1,1344,16,1.8077758917067357
megabyte1,1345,16,1.7923183612195723
megabyte1,1346,16,1.8522861665153987
megabyte1,1347,16,2.030961116113958
megabyte1,1348,16,1.843618819728768
megabyte1,1349,16,2.036791138414507
megabyte1,1350,16,1.67404377729707
megabyte1,1351,16,1.6975913366651523
megabyte1,1352,16,1.798608546941985
megabyte1,1353,16,1.8772234920555615
megabyte1,1354,16,2.090868932937013
megabyte1,1355,16,1.6937710129892587
megabyte1,1356,16,1.6523701865283775
megabyte1,1357,16,2.1356468902604897
megabyte1,1358,16,1.606997089026723
megabyte1,1359,16,1.6187987685795064
megabyte1,1360,16,2.0384103288849547
megabyte1,1361,16,1.6793973655884549
megabyte1,1362,16,1.6730305716058256
megabyte1,1363,16,1.5871427413852308
megabyte1,1364,16,1.8193482907042555
megabyte1,1365,16,1.800583843566247
megabyte1,1366,16,1.5636634098153526
megabyte1,1367,16,1.6492491095446296
megabyte1,1368,16,1.6718612256860061
megabyte1,1369,16,1.7782601448136433
megabyte1,1370,16,1.760441559354245
megabyte1,1371,16,1.5678564450020118
megabyte1,1372,16,1.7553664369564874
megabyte1,1373,16,1.5663337896328753
megabyte1,1374,16,1.8973473290704872
megabyte1,1375,16,1.8711126597183954
megabyte1,1376,16,1.6888486915082892
megabyte1,1377,16,1.6263410359003359
megabyte1,1378,16,1.579731339015756
megabyte1,1379,16,1.7981089372978103
megabyte1,1380,16,1.6258876559886406
megabyte1,1381,16,1.9351097098236674
megabyte1,1382,16,1.7380067594839206
megabyte1,1383,16,1.8223393082212382
megabyte1,1384,16,1.756525822952675
megabyte1,1385,16,1.892658187141235
megabyte1,1386,16,1.724758779911269
megabyte1,1387,16,1.5092960816693464
megabyte1,1388,16,1.6753600664098558
megabyte1,1389,16,1.7529409791489932
megabyte1,1390,16,1.6870981979791768
megabyte1,1391,16,1.8842236830529637
megabyte1,1392,16,1.7204550383524506
megabyte1,1393,16,1.9206323207240437
megabyte1,1394,16,1.72666934511592
megabyte1,1395,16,1.669029062548346
megabyte1,1396,16,1.6740612662730583
megabyte1,1397,16,1.5541174092506247
megabyte1,1398,16,1.945338921347337
megabyte1,1399,16,1.4509585933605142
megabyte1,1400,16,1.8111399917580042
megabyte1,1401,16,1.6487044891562632
megabyte1,1402,16,1.7716361717373699
megabyte1,1403,16,2.157992769666108
megabyte1,1404,16,1.914483827626764
megabyte1,1405,16,1.9588897961334026
megabyte1,1406,16,1.7719013736531501
megabyte1,1407,16,1.7251092719456211
megabyte1,1408,16,1.7092517589606584
megabyte1,1409,16,1.703290144091799
megabyte1,1410,16,1.6167665103758615
megabyte1,1411,16,1.8148421087042397
megabyte1,1412,16,2.226382827100712
megabyte1,1413,16,1.5681413563711644
megabyte1,1414,16,1.8005281837204998
megabyte1,1415,16,1.5907485384599116
megabyte1,1416,16,1.7742784958499778
megabyte1,1417,16,1.7005479727936854
megabyte1,1418,16,1.8403430888443715
megabyte1,1419,16,1.7615731933875673
megabyte1,1420,16,1.5308464764488643
megabyte1,1421,16,1.7617333209645039
megabyte1,1422,16,2.1381189337818167
megabyte1,1423,16,1.7462607936717374
megabyte1,1424,16,1.87327071034442
megabyte1,1425,16,1.4860868076358307
megabyte1,1426,16,1.6990377522613724
megabyte1,1427,16,1.7406187913571056
megabyte1,1428,16,2.1397236647169477
megabyte1,1429,16,1.854442448453331
megabyte1,1430,16,1.6459194854788308
megabyte1,1431,16,1.6587890921588735
megabyte1,1432,16,2.0061934114650035
megabyte1,1433,16,1.6976257218445103
megabyte1,1434,16,1.6344987989288227
megabyte1,1435,16,1.6983732492707426
megabyte1,1436,16,1.6924736272505363
megabyte1,1437,16,1.829238885502407
megabyte1,1438,16,1.5109489705181827
megabyte1,1439,16,1.6943091946770488
megabyte1,1440,16,1.9025036334222092
megabyte1,1441,16,1.7376492657625289
megabyte1,1442,16,1.8738822096541035
megabyte1,1443,16,1.6760182168793658
megabyte1,1444,16,1.9151638802671898
megabyte1,1445,16,1.9576094469063579
megabyte1,1446,16,1.6811996476371005
megabyte1,1447,16,1.7047716915977391
megabyte1,1448,16,1.6462314774893256
megabyte1,1449,16,1.9924476005119864
megabyte1,1450,16,1.7870883059382239
megabyte1,1451,16,1.6395242580618814
megabyte1,1452,16,1.7576813632547927
megabyte1,1453,16,1.7352627326146062
megabyte1,1454,16,1.7849750262077169
megabyte1,1455,16,1.8339973364159923
megabyte1,1456,16,1.596704809896868
megabyte1,1457,16,1.8828823316556482
megabyte1,1458,16,2.2420435820543925
megabyte1,1459,16,1.5952790258852947
megabyte1,1460,16,1.6986239008567314
megabyte1,1461,16,1.7456230128990495
megabyte1,1462,16,1.6216156224387808
megabyte1,1463,16,1.6309276041124208
megabyte1,1464,16,2.023221143341429
megabyte1,1465,16,1.8706429014619843
megabyte1,1466,16,1.77097968933639
megabyte1,1467,16,1.594690990028652
megabyte1,1468,16,1.713839754971541
megabyte1,1469,16,1.7698856384464794
megabyte1,1470,16,1.7229873651708734
megabyte1,1471,16,1.7624068720110486
megabyte1,1472,16,1.7999204326404963
megabyte1,1473,16,1.4896702139981894
megabyte1,1474,16,1.6537472716466939
megabyte1,1475,16,1.7396026373902846
megabyte1,1476,16,1.689806164300445
megabyte1,1477,16,1.7255067984534431
megabyte1,1478,16,1.666626764030162
megabyte1,1479,16,1.5328911970051635
megabyte1,1480,16,1.7758150528948062
megabyte1,1481,16,1.9257125825878074
megabyte1,1482,16,1.9030065666234752
megabyte1,1483,16,1.650365196045395
megabyte1,1484,16,2.0300556876113953
megabyte1,1485,16,1.8390362095929174
megabyte1,1486,16,1.831669815782161
megabyte1,1487,16,1.5154032528424992
megabyte1,1488,16,1.7864313698484762
megabyte1,1489,16,2.0838281635985325
megabyte1,1490,16,1.6380926404709097
megabyte1,1491,16,1.8146737039785779
megabyte1,1492,16,1.888795895080388
megabyte1,1493,16,1.7313614440831522
megabyte1,1494,16,1.7553735265307866
megabyte1,1495,16,1.6939482551290017
megabyte1,1496,16,1.638421457779648
megabyte1,1497,16,1.961187847767608
megabyte1,1498,16,2.176659303047172
megabyte1,1499,16,2.0540171536937435
megabyte1,1500,16,1.7696913363493003
megabyte1,1501,16,1.7925052634352638
megabyte1,1502,16,1.6608846395689025
megabyte1,1503,16,1.6650168667371563
megabyte1,1504,16,2.0102775557292327
megabyte1,1505,16,1.8260990424961527
megabyte1,1506,16,1.5091067971899217
megabyte1,1507,16,1.8657132114729027
megabyte1,1508,16,1.5838169508661952
megabyte1,1509,16,1.5614292097520868
megabyte1,1510,16,1.7426648649592096
megabyte1,1511,16,1.7115191693348142
megabyte1,1512,16,1.7202053747859631
megabyte1,1513,16,1.9554303739120078
megabyte1,1514,16,1.9448696592495667
megabyte1,1515,16,1.968431538910119
megabyte1,1516,16,2.0761850252000618
megabyte1,1517,16,2.1549053540056637
megabyte1,1518,16,1.723228241176647
megabyte1,1519,16,1.8119175567817665
megabyte1,1520,16,1.8572442175019588
megabyte1,1521,16,1.927755117362742
megabyte1,1522,16,1.7259879523795274
megabyte1,1523,16,1.5778428784496847
megabyte1,1524,16,1.7955009248147034
megabyte1,1525,16,1.6509993940763006
megabyte1,1526,16,1.8969103465276904
megabyte1,1527,16,1.9543572462515433
megabyte1,1528,16,1.7620377244270464
megabyte1,1529,16,1.9147137893449802
megabyte1,1530,16,1.6154898424370978
megabyte1,1531,16,1.8189947881553883
megabyte1,1532,16,1.8637348050325264
megabyte1,1533,16,1.708584970306069
megabyte1,1534,16,1.9413877473351722
megabyte1,1535,16,1.683458315539497
megabyte1,1536,16,1.827617978086234
megabyte1,1537,16,1.772154922631663
megabyte1,1538,16,1.8063178453647344
megabyte1,1539,16,1.7446779369754508
megabyte1,1540,16,1.911500385420699
megabyte1,1541,16,1.7254767661336554
megabyte1,1542,16,1.6478464766237544
megabyte1,1543,16,1.7538525578943707
megabyte1,1544,16,1.772928927859838
megabyte1,1545,16,1.9975603767158256
megabyte1,1546,16,2.0357517469108
megabyte1,1547,16,1.7496419858470016
megabyte1,1548,16,1.8706149471122526
megabyte1,1549,16,1.9866980052475784
megabyte1,1550,16,1.8314339614213238
megabyte1,1551,16,1.9762392081317899
megabyte1,1552,16,2.003015624070212
megabyte1,1553,16,2.2032991060191995
megabyte1,1554,16,1.8139145244225423
megabyte1,1555,16,1.9986603705530765
megabyte1,1556,16,1.897952881583127
megabyte1,1557,16,1.823499521035827
megabyte1,1558,16,1.9246414213557603
megabyte1,1559,16,1.9400948205603876
megabyte1,1560,16,2.045070910807919
megabyte1,1561,16,2.0930593760696783
megabyte1,1562,16,1.964400603325934
megabyte1,1563,16,1.8036065839159252
megabyte1,1564,16,1.846364522179823
megabyte1,1565,16,1.839771711388324
megabyte1,1566,16,1.6353200566585204
megabyte1,1567,16,1.8058416522744687
megabyte1,1568,16,2.096560059335417
megabyte1,1569,16,1.818590277910789
megabyte1,1570,16,1.7226454075327444
megabyte1,1571,16,2.110577657417961
megabyte1,1572,16,1.8607805640495096
megabyte1,1573,16,1.872701371767614
megabyte1,1574,16,1.7235254358900396
megabyte1,1575,16,1.8700352754972391
megabyte1,1576,16,1.777216927639096
megabyte1,1577,16,1.5926442115269057
megabyte1,1578,16,2.0399153802622707
megabyte1,1579,16,1.9483253793924997
megabyte1,1580,16,1.6255193304055096
megabyte1,1581,16,1.6326454210132395
megabyte1,1582,16,1.541845691342547
megabyte1,1583,16,1.6128406383689928
megabyte1,1584,16,1.6384820698098228
megabyte1,1585,16,1.7154715160602547
megabyte1,1586,16,1.6528883616076484
megabyte1,1587,16,1.6292203895511206
megabyte1,1588,16,1.6529419559571674
megabyte1,1589,16,1.7859585301795478
megabyte1,1590,16,1.841383656471265
megabyte1,1591,16,1.7448449961843568
megabyte1,1592,16,1.6538152878856491
megabyte1,1593,16,1.7613772239069945
megabyte1,1594,16,1.6506824324878198
megabyte1,1595,16,1.5772677226124492
megabyte1,1596,16,1.6339017672639486
megabyte1,1597,16,1.9569736897317718
megabyte1,1598,16,1.9464660810337588
megabyte1,1599,16,1.8909743575461029
megabyte1,1600,16,1.7746430418216381
megabyte1,1601,16,1.9019651863419909
megabyte1,1602,16,1.5508807696385194
megabyte1,1603,16,1.884261504577144
megabyte1,1604,16,2.015286600026081
megabyte1,1605,16,2.0168966253850904
megabyte1,1606,16,1.577572279104578
megabyte1,1607,16,2.2029830449475933
megabyte1,1608,16,1.5316806154893396
megabyte1,1609,16,2.0050995414032515
megabyte1,1610,16,1.9001089152751969
megabyte1,1611,16,1.7585529220824467
megabyte1,1612,16,1.6944584060545145
megabyte1,1613,16,1.630128557731267
megabyte1,1614,16,1.6308236987860867
megabyte1,1615,16,1.8868467581585198
megabyte1,1616,16,1.835278379884085
megabyte1,1617,16,1.6431489768673322
megabyte1,1618,16,1.6989151059323424
megabyte1,1619,16,1.5885004293823373
megabyte1,1620,16,1.6482728815627992
megabyte1,1621,16,1.6490232890736938
megabyte1,1622,16,1.4716924544944086
megabyte1,1623,16,1.851059914827604
megabyte1,1624,16,1.5454322836944738
megabyte1,1625,16,1.520644545428786
megabyte1,1626,16,1.6665110447387526
megabyte1,1627,16,2.452976748819355
megabyte1,1628,16,1.4338352178998894
megabyte1,1629,16,1.4649096677855393
megabyte1,1630,16,1.8039346001596408
megabyte1,1631,16,1.5556320179289125
megabyte1,1632,16,1.7382549464074386
megabyte1,1633,16,1.959531154836486
megabyte1,1634,16,1.8936850618002625
megabyte1,1635,16,1.7415750094444002
megabyte1,1636,16,1.4657037476778627
megabyte1,1637,16,1.7067160623073447
megabyte1,1638,16,1.650926628825857
megabyte1,1639,16,1.790340097369591
megabyte1,1640,16,1.8781769553236778
megabyte1,1641,16,2.156574029308141
megabyte1,1642,16,2.0511699108177903
megabyte1,1643,16,1.9096170434865682
megabyte1,1644,16,1.9239011791337117
megabyte1,1645,16,1.5681191356878306
megabyte1,1646,16,1.6131364115483577
megabyte1,1647,16,1.6830933424055474
megabyte1,1648,16,2.0052820327857117
megabyte1,1649,16,1.5780753802817222
megabyte1,1650,16,1.7828281180798449
megabyte1,1651,16,1.7990897272919417
megabyte1,1652,16,1.8457285357582887
megabyte1,1653,16,1.9796470380305797
megabyte1,1654,16,1.9004392547731879
megabyte1,1655,16,1.5692666425858315
megabyte1,1656,16,1.8174610668547242
megabyte1,1657,16,1.6228805970367035
megabyte1,1658,16,1.9892584518084937
megabyte1,1659,16,1.7782439989739376
megabyte1,1660,16,1.8822701827013204
megabyte1,1661,16,1.7806687536246124
megabyte1,1662,16,1.6507757442022446
megabyte1,1663,16,1.9549995165477114
megabyte1,1664,16,1.5926175934795557
megabyte1,1665,16,1.609287913063188
megabyte1,1666,16,1.7826915391040374
megabyte1,1667,16,1.7101558985279144
megabyte1,1668,16,1.6409432366041792
megabyte1,1669,16,1.7449403001224377
megabyte1,1670,16,2.0166918368762317
megabyte1,1671,16,1.477612275496654
megabyte1,1672,16,1.7131798012951107
megabyte1,1673,16,1.9383140158176837
megabyte1,1674,16,2.018041592986066
megabyte1,1675,16,1.6803704172582448
megabyte1,1676,16,1.8138851556097002
megabyte1,1677,16,1.8070691356706932
megabyte1,1678,16,1.5775740458775316
megabyte1,1679,16,1.704454159461095
megabyte1,1680,16,2.041645750317078
megabyte1,1681,16,1.7042706118924762
megabyte1,1682,16,1.5668993338256556
megabyte1,1683,16,1.9006238661996022
megabyte1,1684,16,1.7530104793023582
megabyte1,1685,16,1.5568176747769473
megabyte1,1686,16,1.7514013426822175
megabyte1,1687,16,1.739494886586444
megabyte1,1688,16,1.7341719292568973
megabyte1,1689,16,1.8805047720547612
megabyte1,1690,16,1.750744164158051
megabyte1,1691,16,1.725216862998687
megabyte1,1692,16,2.0060645845954777
megabyte1,1693,16,1.5294168631137675
megabyte1,1694,16,1.6379382077204574
megabyte1,1695,16,1.6477150759099757
megabyte1,1696,16,1.3791327144893448
megabyte1,1697,16,1.8384890997238648
megabyte1,1698,16,1.6980920225249847
megabyte1,1699,16,1.736381470633364
megabyte1,1700,16,1.5579486921349646
megabyte1,1701,16,1.5337226455996964
megabyte1,1702,16,1.6464078913306899
megabyte1,1703,16,1.8169525493843925
megabyte1,1704,16,1.5548263249936012
megabyte1,1705,16,1.569058718753025
megabyte1,1706,16,1.708294171741907
megabyte1,1707,16,1.6315791924600846
megabyte1,1708,16,1.4562207202292312
megabyte1,1709,16,1.4453092640789493
megabyte1,1710,16,1.4701457914635487
megabyte1,1711,16,1.5640942087988299
megabyte1,1712,16,1.4605974709736427
megabyte1,1713,16,1.5782205502569622
megabyte1,1714,16,1.8504723270102668
megabyte1,1715,16,1.7178974531099636
megabyte1,1716,16,1.5676156860182853
megabyte1,1717,16,1.9245344356295324
megabyte1,1718,16,1.422942008913642
megabyte1,1719,16,1.7777802017411064
megabyte1,1720,16,1.5254534154319659
megabyte1,1721,16,1.6740464744238224
megabyte1,1722,16,1.5981222212779018
megabyte1,1723,16,1.5678619348329137
megabyte1,1724,16,1.4717695067402805
megabyte1,1725,16,1.3909001948461226
megabyte1,1726,16,1.4376320950480719
megabyte1,1727,16,1.3199155706395802
megabyte1,1728,16,1.8519237165788929
megabyte1,1729,16,1.6712177951817422
megabyte1,1730,16,1.890901743846662
megabyte1,1731,16,1.6891247620866545
megabyte1,1732,16,1.7350031854245624
megabyte1,1733,16,1.5796368665303018
megabyte1,1734,16,1.786443462713423
megabyte1,1735,16,1.3539624761946418
megabyte1,1736,16,1.5109928142244884
megabyte1,1737,16,1.4958406374736612
megabyte1,1738,16,1.7764451315164909
megabyte1,1739,16,1.4882069494818089
megabyte1,1740,16,2.1565315625423396
megabyte1,1741,16,1.6046870349609796
megabyte1,1742,16,1.85915707956778
megabyte1,1743,16,1.5712856211224067
megabyte1,1744,16,1.361622274535183
megabyte1,1745,16,1.5285846939443537
megabyte1,1746,16,1.5569309687859523
megabyte1,1747,16,1.9071706863871463
megabyte1,1748,16,1.4883615913536707
megabyte1,1749,16,1.6437707638247565
megabyte1,1750,16,1.8043530328333552
megabyte1,1751,16,2.042013841085274
megabyte1,1752,16,1.603914321306095
megabyte1,1753,16,1.4211765161534915
megabyte1,1754,16,1.5322309666364586
megabyte1,1755,16,1.8942697844205008
megabyte1,1756,16,1.7494004540423396
megabyte1,1757,16,1.4859979912593917
megabyte1,1758,16,1.5241466780134785
megabyte1,1759,16,1.8015423360801837
megabyte1,1760,16,1.9495896920690243
megabyte1,1761,16,1.702427133706165
megabyte1,1762,16,1.5412910575691694
megabyte1,1763,16,1.5933299275822432
megabyte1,1764,16,1.909737212406772
megabyte1,1765,16,1.6543491370874333
megabyte1,1766,16,1.762885001224165
megabyte1,1767,16,1.4910987664189972
megabyte1,1768,16,1.9805446106869224
megabyte1,1769,16,1.4754423911056571
megabyte1,1770,16,1.5955983531227305
megabyte1,1771,16,1.7418587615671361
megabyte1,1772,16,1.6581027017363712
megabyte1,1773,16,1.721730438351545
megabyte1,1774,16,1.8982785788810714
megabyte1,1775,16,1.538445510882041
megabyte1,1776,16,1.5859404793682885
megabyte1,1777,16,1.467490255477678
megabyte1,1778,16,1.885027375390339
megabyte1,1779,16,1.487688973701319
megabyte1,1780,16,1.6665672315625266
megabyte1,1781,16,1.838482702372645
megabyte1,1782,16,1.6460104596537328
megabyte1,1783,16,1.3683991251492136
megabyte1,1784,16,1.4705601746159296
megabyte1,1785,16,2.2666050014373775
megabyte1,1786,16,1.9182305923131275
megabyte1,1787,16,1.7115378317167766
megabyte1,1788,16,1.6460670230541006
megabyte1,1789,16,1.7292071019652173
megabyte1,1790,16,1.6475015130979431
megabyte1,1791,16,1.8723996385561472
megabyte1,1792,16,1.7152946033033878
megabyte1,1793,16,1.3902808541734337
megabyte1,1794,16,1.7613360810072622
megabyte1,1795,16,1.5873924044483176
megabyte1,1796,16,1.763268284137365
megabyte1,1797,16,1.4414629354201987
megabyte1,1798,16,1.7140865243952872
megabyte1,1799,16,1.5145339548843453
megabyte1,1800,16,1.2689991115640797
megabyte1,1801,16,1.4612500294995192
megabyte1,1802,16,1.4478795053515001
megabyte1,1803,16,1.5653689391418582
megabyte1,1804,16,1.568687938951499
megabyte1,1805,16,1.6775737943887352
megabyte1,1806,16,1.474827161500716
megabyte1,1807,16,1.5058473004880157
megabyte1,1808,16,1.5691739326226963
megabyte1,1809,16,1.3581803174752975
megabyte1,1810,16,2.0617032826437813
megabyte1,1811,16,2.2841630850168766
megabyte1,1812,16,1.3720620163282489
megabyte1,1813,16,1.3343272349716515
megabyte1,1814,16,1.8293336252735335
megabyte1,1815,16,1.6824975834831322
megabyte1,1816,16,1.7619285844754167
megabyte1,1817,16,1.563049985544109
megabyte1,1818,16,1.3331729040151314
megabyte1,1819,16,1.5870215474632885
megabyte1,1820,16,1.9047156226324633
megabyte1,1821,16,1.446970154320909
megabyte1,1822,16,1.6525910119488594
megabyte1,1823,16,1.723454530228658
megabyte1,1824,16,1.5683248733571717
megabyte1,1825,16,1.5870205058785367
megabyte1,1826,16,1.5068406870599556
megabyte1,1827,16,1.774546983096613
megabyte1,1828,16,2.0050992568456336
megabyte1,1829,16,1.6978889465505211
megabyte1,1830,16,1.4383517642403978
megabyte1,1831,16,1.8423605693165208
megabyte1,1832,16,1.3630266023852742
megabyte1,1833,16,1.5071123924813559
megabyte1,1834,16,1.9566025206869961
megabyte1,1835,16,1.7941710816692977
megabyte1,1836,16,1.6795805939196362
megabyte1,1837,16,1.9103160005433626
megabyte1,1838,16,1.485037294805077
megabyte1,1839,16,1.8161719282928064
megabyte1,1840,16,1.4557440715994499
megabyte1,1841,16,1.774584909710947
megabyte1,1842,16,1.5814780280693501
megabyte1,1843,16,1.9052276253860707
megabyte1,1844,16,1.5165475415168517
megabyte1,1845,16,1.3765043795455447
megabyte1,1846,16,1.4990073190806348
megabyte1,1847,16,1.4094770965286454
megabyte1,1848,16,1.3785224816815016
megabyte1,1849,16,1.6607197356957915
megabyte1,1850,16,2.146029365777284
megabyte1,1851,16,1.5157128322987636
megabyte1,1852,16,1.5434268465501704
megabyte1,1853,16,1.7282433999355984
megabyte1,1854,16,1.5727321872247468
megabyte1,1855,16,1.6858422149725047
megabyte1,1856,16,1.4024083206066993
megabyte1,1857,16,1.3981703446910252
megabyte1,1858,16,1.6203160132847108
megabyte1,1859,16,1.6672865476438354
megabyte1,1860,16,1.6371763789543765
megabyte1,1861,16,1.5609029420379716
megabyte1,1862,16,1.5417077290834311
megabyte1,1863,16,1.5155375838063627
megabyte1,1864,16,1.8309722626476264
megabyte1,1865,16,1.3103460672998821
megabyte1,1866,16,1.4886968949996828
megabyte1,1867,16,1.467773819600861
megabyte1,1868,16,1.5693645966534524
megabyte1,1869,16,1.5467536084933478
megabyte1,1870,16,1.4391505443105337
megabyte1,1871,16,1.567571219971201
megabyte1,1872,16,1.8805365296175494
megabyte1,1873,16,1.4080072365567033
megabyte1,1874,16,1.4452632469258773
megabyte1,1875,16,1.6565277518744879
megabyte1,1876,16,1.5898266506050605
megabyte1,1877,16,1.8796257373361187
megabyte1,1878,16,1.9414938141800244
megabyte1,1879,16,1.8192624960437953
megabyte1,1880,16,1.6075958014209855
megabyte1,1881,16,1.7391265105074314
megabyte1,1882,16,1.8023386269554766
megabyte1,1883,16,1.5117246379631981
megabyte1,1884,16,1.477970214188975
megabyte1,1885,16,1.712120653359191
megabyte1,1886,16,1.6833967065245008
megabyte1,1887,16,1.7595804445938432
megabyte1,1888,16,1.5837956496583458
megabyte1,1889,16,1.4549125710793662
megabyte1,1890,16,1.862021095460941
megabyte1,1891,16,1.976140322614527
megabyte1,1892,16,1.5119319429855262
megabyte1,1893,16,1.5437052765167167
megabyte1,1894,16,1.6151742059505296
megabyte1,1895,16,1.7502867833007607
megabyte1,1896,16,1.6799705721831604
megabyte1,1897,16,2.2476583386775433
megabyte1,1898,16,1.3950867569620693
megabyte1,1899,16,1.884004528546542
megabyte1,1900,16,1.5736097183584128
megabyte1,1901,16,1.7142056921894888
megabyte1,1902,16,1.4180269515155741
megabyte1,1903,16,1.64115295041267
megabyte1,1904,16,1.8736189991695018
megabyte1,1905,16,1.5514445559585588
megabyte1,1906,16,1.694375595254571
megabyte1,1907,16,1.7983193372209842
megabyte1,1908,16,1.6523326651278842
megabyte1,1909,16,1.5399101759841112
megabyte1,1910,16,1.6875538040854263
megabyte1,1911,16,1.7454621726424282
megabyte1,1912,16,1.6946672583203068
megabyte1,1913,16,1.5305932543149856
megabyte1,1914,16,1.7631484415964542
megabyte1,1915,16,1.4676108336070253
megabyte1,1916,16,1.6244969754776273
megabyte1,1917,16,1.5365022298397444
megabyte1,1918,16,1.4748572168109695
megabyte1,1919,16,1.5703805308201813
megabyte1,1920,16,1.5551675165759649
megabyte1,1921,16,1.911639336168105
megabyte1,1922,16,1.7212407740704097
megabyte1,1923,16,1.7801517873101218
megabyte1,1924,16,1.733400850007814
megabyte1,1925,16,1.591433633637468
megabyte1,1926,16,2.0472019351275743
megabyte1,1927,16,1.9305015669618129
megabyte1,1928,16,1.6881274088419804
megabyte1,1929,16,2.0205613439055017
megabyte1,1930,16,1.7348931023011895
megabyte1,1931,16,1.9831381632759368
megabyte1,1932,16,2.040681323896514
megabyte1,1933,16,1.8131229409477891
megabyte1,1934,16,1.8192225139401086
megabyte1,1935,16,1.5229325145386357
megabyte1,1936,16,1.8002646749920013
megabyte1,1937,16,1.7338684089629004
megabyte1,1938,16,1.8754726020157362
megabyte1,1939,16,1.6607893933853866
megabyte1,1940,16,1.7019167337096939
megabyte1,1941,16,1.6022744608717188
megabyte1,1942,16,1.679394963687459
megabyte1,1943,16,1.7112727703962787
megabyte1,1944,16,1.5680339355977748
megabyte1,1945,16,1.8815613726331963
megabyte1,1946,16,1.7146010769295097
megabyte1,1947,16,1.760467115746708
megabyte1,1948,16,1.8405165620533273
megabyte1,1949,16,1.5626112712956783
megabyte1,1950,16,1.9232351496136424
megabyte1,1951,16,1.7957040266001025
megabyte1,1952,16,1.9910765829761723
megabyte1,1953,16,1.7479632167182166
megabyte1,1954,16,1.9953338443577593
megabyte1,1955,16,1.736063739735667
megabyte1,1956,16,1.8626398426904036
megabyte1,1957,16,1.5365548178265964
megabyte1,1958,16,1.7027970718170198
megabyte1,1959,16,2.0191231946201533
megabyte1,1960,16,1.5642403696039158
megabyte1,1961,16,1.5023105647613795
megabyte1,1962,16,1.8403347145300346
megabyte1,1963,16,1.6756794751239248
megabyte1,1964,16,1.7743017652756707
megabyte1,1965,16,1.8321493985277586
megabyte1,1966,16,1.7409544761747302
megabyte1,1967,16,1.6821888570193437
megabyte1,1968,16,1.721014618005799
megabyte1,1969,16,1.6071819487699242
megabyte1,1970,16,2.0150587083743496
megabyte1,1971,16,1.6645478842473702
megabyte1,1972,16,1.687909704842319
megabyte1,1973,16,1.478780667253476
megabyte1,1974,16,1.7965188641696321
megabyte1,1975,16,1.8565250041928105
megabyte1,1976,16,1.5923171058130419
megabyte1,1977,16,1.6795773835544325
megabyte1,1978,16,1.541686678006448
megabyte1,1979,16,1.6464608073133802
megabyte1,1980,16,2.3367707018744053
megabyte1,1981,16,1.922834685439037
megabyte1,1982,16,1.8530309761412818
megabyte1,1983,16,1.7795464502010154
megabyte1,1984,16,1.781773767447624
megabyte1,1985,16,1.9274718675052194
megabyte1,1986,16,1.6342053176278253
megabyte1,1987,16,2.300534823327086
megabyte1,1988,16,1.7200866306137557
megabyte1,1989,16,1.812456439453543
megabyte1,1990,16,1.9764682791753008
megabyte1,1991,16,1.7671168458690194
megabyte1,1992,16,1.6907195802032045
megabyte1,1993,16,1.482491427307814
megabyte1,1994,16,1.8255201858323638
megabyte1,1995,16,1.895078380137786
megabyte1,1996,16,1.5257263888079349
megabyte1,1997,16,1.6250942283740453
megabyte1,1998,16,1.6528752968669838
megabyte1,1999,16,1.6063770409377778
megabyte1,2000,16,1.8910497345489017
megabyte1,2001,16,1.7750063847445972
megabyte1,2002,16,1.5636365033448203
megabyte1,2003,16,1.706175202998168
megabyte1,2004,16,1.5324707694246933
megabyte1,2005,16,1.5134242011407666
megabyte1,2006,16,1.623666317879788
megabyte1,2007,16,1.5358659620029889
megabyte1,2008,16,1.7317001573314734
megabyte1,2009,16,1.4389321191132496
megabyte1,2010,16,1.4954286216526675
megabyte1,2011,16,1.5176082120850358
megabyte1,2012,16,1.5790796864338852
megabyte1,2013,16,1.7185618915135437
megabyte1,2014,16,1.612259323247848
megabyte1,2015,16,1.8779980153992235
megabyte1,2016,16,1.9415761336710011
megabyte1,2017,16,1.8240608329620152
megabyte1,2018,16,1.878761978775732
megabyte1,2019,16,1.6954293709392294
megabyte1,2020,16,1.895203212531443
megabyte1,2021,16,1.3628524024445314
megabyte1,2022,16,1.7801070376032175
megabyte1,2023,16,1.721656707694225
megabyte1,2024,16,1.512685712416476
megabyte1,2025,16,1.6910534349837272
megabyte1,2026,16,1.4537915908632553
megabyte1,2027,16,1.7843259939265506
megabyte1,2028,16,1.826090141478327
megabyte1,2029,16,1.7309728423908615
megabyte1,2030,16,1.6415281522268965
megabyte1,2031,16,1.454136538827481
megabyte1,2032,16,1.6069689746379652
megabyte1,2033,16,1.8584285767821227
megabyte1,2034,16,1.6187855082747848
megabyte1,2035,16,1.7724416710103135
megabyte1,2036,16,1.6971390742462018
megabyte1,2037,16,1.487150939949408
megabyte1,2038,16,1.538296392240262
megabyte1,2039,16,1.9500629608484112
megabyte1,2040,16,1.6691476259422953
megabyte1,2041,16,1.5308493602556776
megabyte1,2042,16,1.826807857502619
megabyte1,2043,16,1.3763923303147705
megabyte1,2044,16,1.7941435003170367
megabyte1,2045,16,1.7277016241918088
megabyte1,2046,16,2.0963304492351194
megabyte1,2047,16,1.5576955959517993
megabyte1,2048,16,1.8372784385830128
megabyte1,2049,16,1.6795637552829352
megabyte1,2050,16,1.4448696004619443
megabyte1,2051,16,1.8967217832928487
megabyte1,2052,16,1.478905594550569
megabyte1,2053,16,1.7086828066107542
megabyte1,2054,16,1.7425773467357084
megabyte1,2055,16,2.0813560283245933
megabyte1,2056,16,1.570740640890437
megabyte1,2057,16,1.9577724648161927
megabyte1,2058,16,2.1956068372137167
megabyte1,2059,16,1.499808187769472
megabyte1,2060,16,1.5624510637044986
megabyte1,2061,16,1.8960763750371894
megabyte1,2062,16,1.8886014594103366
megabyte1,2063,16,2.2587103084930793
megabyte1,2064,16,1.5445383522771465
megabyte1,2065,16,1.7880140408939582
megabyte1,2066,16,1.58274561896412
megabyte1,2067,16,1.8372595514191081
megabyte1,2068,16,1.6706235640529532
megabyte1,2069,16,1.4151463353442715
megabyte1,2070,16,1.7126211313039534
megabyte1,2071,16,1.8184751855328842
megabyte1,2072,16,1.878436148401435
megabyte1,2073,16,1.5918512244741492
megabyte1,2074,16,1.837511407869495
megabyte1,2075,16,1.5625173721567118
megabyte1,2076,16,1.7891293252060994
megabyte1,2077,16,1.5946549013743296
megabyte1,2078,16,1.5522458577323681
megabyte1,2079,16,1.6088814431420704
megabyte1,2080,16,1.9994648645075805
megabyte1,2081,16,1.5517441691366627
megabyte1,2082,16,2.3746433507074998
megabyte1,2083,16,1.4404807409062383
megabyte1,2084,16,2.3905018069130994
megabyte1,2085,16,1.9321314056215653
megabyte1,2086,16,1.779692163409145
megabyte1,2087,16,1.6696133342141837
megabyte1,2088,16,1.4674762669393322
megabyte1,2089,16,1.4642730256896832
megabyte1,2090,16,1.8593018839397695
megabyte1,2091,16,1.9581605080486633
megabyte1,2092,16,2.0317567156887635
megabyte1,2093,16,1.6701568716824717
megabyte1,2094,16,1.4380092104276303
megabyte1,2095,16,1.3010115860611802
megabyte1,2096,16,1.5829794523255614
megabyte1,2097,16,1.5706144311880412
megabyte1,2098,16,1.5490039959235726
megabyte1,2099,16,1.6399336657881203
megabyte1,2100,16,1.4897740553023457
megabyte1,2101,16,1.6505208706655472
megabyte1,2102,16,1.3898182329319022
megabyte1,2103,16,1.4452525902369966
megabyte1,2104,16,1.4533395165782221
megabyte1,2105,16,1.343809223309916
megabyte1,2106,16,1.7852660385398071
megabyte1,2107,16,1.2122259152210637
megabyte1,2108,16,1.6563807530700565
megabyte1,2109,16,1.415877740878114
megabyte1,2110,16,1.9592876115604647
megabyte1,2111,16,1.384064589484653
megabyte1,2112,16,1.695860256266036
megabyte1,2113,16,1.6232736305845104
megabyte1,2114,16,1.5479665922549357
megabyte1,2115,16,1.5471238807353045
megabyte1,2116,16,1.7995503702270208
megabyte1,2117,16,1.4467568501981058
megabyte1,2118,16,1.6965154179135604
megabyte1,2119,16,1.4389400396572507
megabyte1,2120,16,1.7590068980194937
megabyte1,2121,16,1.360240252140407
megabyte1,2122,16,1.6114154539343333
megabyte1,2123,16,1.568408522595121
megabyte1,2124,16,1.5835975234888036
megabyte1,2125,16,1.9459778564692476
megabyte1,2126,16,1.578369047679111
megabyte1,2127,16,1.5739660998208593
megabyte1,2128,16,1.656031841330802
megabyte1,2129,16,1.379324548050083
megabyte1,2130,16,1.5771021386422732
megabyte1,2131,16,1.4424891509274829
megabyte1,2132,16,2.1664081872368603
megabyte1,2133,16,1.5974311093285105
megabyte1,2134,16,1.7550336369485973
megabyte1,2135,16,1.7336807389241113
megabyte1,2136,16,1.4896938424014536
megabyte1,2137,16,1.5514339947155484
megabyte1,2138,16,1.882247352846638
megabyte1,2139,16,1.8363021310449708
megabyte1,2140,16,1.5756588855632623
megabyte1,2141,16,1.6352658096639643
megabyte1,2142,16,2.0766526701803443
megabyte1,2143,16,1.9011538160861137
megabyte1,2144,16,1.931266545464902
megabyte1,2145,16,1.552105811357255
megabyte1,2146,16,1.5535585462604484
megabyte1,2147,16,1.5171049448182639
megabyte1,2148,16,1.8618213703803341
megabyte1,2149,16,1.741537448690025
megabyte1,2150,16,1.6250842355310366
megabyte1,2151,16,1.5723830368146918
megabyte1,2152,16,1.3146735782545267
megabyte1,2153,16,1.4712522615492782
megabyte1,2154,16,1.6343530130827382
megabyte1,2155,16,1.4522170497647695
megabyte1,2156,16,1.6251753617079994
megabyte1,2157,16,1.5678657538544691
megabyte1,2158,16,1.4858324485800956
megabyte1,2159,16,1.5698105160966036
megabyte1,2160,16,1.7096227667038308
megabyte1,2161,16,1.7491714030226928
megabyte1,2162,16,1.5410383252111781
megabyte1,2163,16,1.607186363647631
megabyte1,2164,16,1.718633089329201
megabyte1,2165,16,1.7509079424940774
megabyte1,2166,16,1.3733423863274232
megabyte1,2167,16,1.925949053791235
megabyte1,2168,16,1.3561875386726057
megabyte1,2169,16,1.6612629381097221
megabyte1,2170,16,1.3493707428196409
megabyte1,2171,16,1.4654668964721416
megabyte1,2172,16,1.4861389693125324
megabyte1,2173,16,1.6356918231375015
megabyte1,2174,16,1.4526533374176618
megabyte1,2175,16,1.444333548266699
megabyte1,2176,16,1.6033234312949805
megabyte1,2177,16,1.7133796316998777
megabyte1,2178,16,1.8045067780265944
megabyte1,2179,16,1.477250132948559
megabyte1,2180,16,1.8050637949213342
megabyte1,2181,16,2.094082277076463
megabyte1,2182,16,1.3666258525653439
megabyte1,2183,16,1.61582088494478
megabyte1,2184,16,1.5707102050130226
megabyte1,2185,16,1.591769734099792
megabyte1,2186,16,1.4186266779598387
megabyte1,2187,16,1.6798322429530013
megabyte1,2188,16,1.5574196422724333
megabyte1,2189,16,1.6239572741688486
megabyte1,2190,16,1.3367352731160194
megabyte1,2191,16,1.7621934798680876
megabyte1,2192,16,1.6424572390575725
megabyte1,2193,16,1.6567762060350737
megabyte1,2194,16,1.478273416478124
megabyte1,2195,16,1.6656321367248141
megabyte1,2196,16,1.481457570690074
megabyte1,2197,16,1.5016211091507106
megabyte1,2198,16,1.5713829805305084
megabyte1,2199,16,1.7966372858002355
megabyte1,2200,16,1.7968924201002776
megabyte1,2201,16,1.5346729430363213
megabyte1,2202,16,1.363691479211176
megabyte1,2203,16,1.8345225894696877
megabyte1,2204,16,1.5525520267110076
megabyte1,2205,16,1.6833410970845737
megabyte1,2206,16,1.4453349617890627
megabyte1,2207,16,1.695277165228119
megabyte1,2208,16,1.5530645260249436
megabyte1,2209,16,1.8361792234371426
megabyte1,2210,16,1.4847779410183946
megabyte1,2211,16,1.7596665219346372
megabyte1,2212,16,1.5851051654227148
megabyte1,2213,16,1.5365616571142944
megabyte1,2214,16,1.5559818861270793
megabyte1,2215,16,1.753993261607105
megabyte1,2216,16,1.6747784361370082
megabyte1,2217,16,1.7600661161744309
megabyte1,2218,16,1.655235337755025
megabyte1,2219,16,1.5256524138340102
megabyte1,2220,16,1.3330189318548007
megabyte1,2221,16,1.7463956160480167
megabyte1,2222,16,1.6344994076943982
megabyte1,2223,16,1.4869774572396468
megabyte1,2224,16,1.5419790806635798
megabyte1,2225,16,1.6188547159065219
megabyte1,2226,16,1.5797474060877184
megabyte1,2227,16,1.4218203822480118
megabyte1,2228,16,1.6257978967484235
megabyte1,2229,16,1.580972738998783
megabyte1,2230,16,1.5368260259070134
megabyte1,2231,16,1.6521869688300095
megabyte1,2232,16,1.5533575317661834
megabyte1,2233,16,1.5690480456852174
megabyte1,2234,16,1.8003891108634131
megabyte1,2235,16,1.8466302373546224
megabyte1,2236,16,1.7599862189688973
megabyte1,2237,16,1.5836834267405686
megabyte1,2238,16,1.7689737034968398
megabyte1,2239,16,1.6926760614792258
megabyte1,2240,16,1.686224395122094
megabyte1,2241,16,1.8641972661338646
megabyte1,2242,16,1.5903862501140305
megabyte1,2243,16,1.7325253636092133
megabyte1,2244,16,1.5853172145487877
megabyte1,2245,16,1.5334893759103578
megabyte1,2246,16,2.0355983392244634
megabyte1,2247,16,1.555411963405011
megabyte1,2248,16,1.4977895335627611
megabyte1,2249,16,1.7772084135040354
megabyte1,2250,16,1.6372260477461031
megabyte1,2251,16,1.891176016771082
megabyte1,2252,16,1.5784435364696383
megabyte1,2253,16,1.4807614209226307
megabyte1,2254,16,1.5853827983157784
megabyte1,2255,16,1.4294391176039882
megabyte1,2256,16,1.5115512443279562
megabyte1,2257,16,1.456131337630912
megabyte1,2258,16,1.681156395013244
megabyte1,2259,16,1.4330260509700894
megabyte1,2260,16,1.5486863652330467
megabyte1,2261,16,1.7291697960251735
megabyte1,2262,16,1.413491101792426
megabyte1,2263,16,1.256865895726346
megabyte1,2264,16,1.639512295683357
megabyte1,2265,16,1.4793105772422939
megabyte1,2266,16,1.4366157036641665
megabyte1,2267,16,1.6014346658581464
megabyte1,2268,16,1.4573687973093794
megabyte1,2269,16,1.3554255687179801
megabyte1,2270,16,1.7070981033482877
megabyte1,2271,16,1.4263700246951274
megabyte1,2272,16,1.3732465200352193
megabyte1,2273,16,1.4226715179276515
megabyte1,2274,16,1.4473006053201187
megabyte1,2275,16,1.4004441155833176
megabyte1,2276,16,1.447025436186235
megabyte1,2277,16,1.4830239503154266
megabyte1,2278,16,1.4901270635169255
megabyte1,2279,16,1.9359965528835519
megabyte1,2280,16,1.5676716232108492
megabyte1,2281,16,1.8736056913168047
megabyte1,2282,16,1.7348455486581866
megabyte1,2283,16,1.7836602588659194
megabyte1,2284,16,1.4507826336189844
megabyte1,2285,16,1.5109147410426014
megabyte1,2286,16,1.382294902787566
megabyte1,2287,16,1.8134114216033097
megabyte1,2288,16,1.9619933129754628
megabyte1,2289,16,1.5252761900197582
megabyte1,2290,16,1.5381010439390486
megabyte1,2291,16,1.6834168422826603
megabyte1,2292,16,1.6448113735316294
megabyte1,2293,16,1.6852253405894142
megabyte1,2294,16,1.9290931632586745
megabyte1,2295,16,1.5279603226811005
megabyte1,2296,16,1.6603364754132277
megabyte1,2297,16,1.6202200198752446
megabyte1,2298,16,1.750804190766892
megabyte1,2299,16,1.7670772282242295
megabyte1,2300,16,1.6891496074999361
megabyte1,2301,16,1.9308440867248269
megabyte1,2302,16,1.4417201044132262
megabyte1,2303,16,1.6965179946833309
megabyte1,2304,16,1.5733472604904897
megabyte1,2305,16,1.8392728142230603
megabyte1,2306,16,1.7995638260489395
megabyte1,2307,16,2.012918844827423
megabyte1,2308,16,1.779490904216713
megabyte1,2309,16,1.656530103986854
megabyte1,2310,16,1.480248145843611
megabyte1,2311,16,1.6148292126332582
megabyte1,2312,16,1.5391764792149352
megabyte1,2313,16,1.3974966141982315
megabyte1,2314,16,1.561094071677824
megabyte1,2315,16,1.4248487647731303
megabyte1,2316,16,1.7296586448660711
megabyte1,2317,16,2.059836834748333
megabyte1,2318,16,1.7113162792540433
megabyte1,2319,16,1.777332204292628
megabyte1,2320,16,1.6816554341923284
megabyte1,2321,16,1.9161055934717022
megabyte1,2322,16,1.4780965423113743
megabyte1,2323,16,1.561480955961347
megabyte1,2324,16,1.6132696494379481
megabyte1,2325,16,1.413532093467305
megabyte1,2326,16,1.8563088703882917
megabyte1,2327,16,2.164832348416465
megabyte1,2328,16,2.0870196096542926
megabyte1,2329,16,1.769604783067236
megabyte1,2330,16,1.714605581909597
megabyte1,2331,16,1.5554491300792266
megabyte1,2332,16,1.53574805179809
megabyte1,2333,16,1.580596359955965
megabyte1,2334,16,1.5269751386111965
megabyte1,2335,16,1.6974584922630342
megabyte1,2336,16,1.312175694308379
megabyte1,2337,16,1.5255961350578893
megabyte1,2338,16,1.8234206276030467
megabyte1,2339,16,1.6493905056013118
megabyte1,2340,16,1.987545007993436
megabyte1,2341,16,1.619737091158198
megabyte1,2342,16,1.6501685302636022
megabyte1,2343,16,1.3770075861347717
megabyte1,2344,16,1.4929830121816552
megabyte1,2345,16,1.899915263596822
megabyte1,2346,16,1.6132461833138405
megabyte1,2347,16,1.6241575171659872
megabyte1,2348,16,1.7818991633897932
megabyte1,2349,16,1.6307337594752114
megabyte1,2350,16,1.8133030870695315
megabyte1,2351,16,1.798869245091451
megabyte1,2352,16,2.1449137962556626
megabyte1,2353,16,1.7326150036456716
megabyte1,2354,16,1.4152412583145737
megabyte1,2355,16,1.971389237996789
megabyte1,2356,16,1.6197204621212287
megabyte1,2357,16,1.7944819754279329
megabyte1,2358,16,1.9033761825658864
megabyte1,2359,16,1.4393724733096829
megabyte1,2360,16,1.5513117139260675
megabyte1,2361,16,1.4465246541638797
megabyte1,2362,16,1.712165330162614
megabyte1,2363,16,1.4767407687424652
megabyte1,2364,16,1.475191497006945
megabyte1,2365,16,1.6289255301999976
megabyte1,2366,16,1.461256064694676
megabyte1,2367,16,1.6761862461577794
megabyte1,2368,16,1.5885229694288472
megabyte1,2369,16,1.7118419193754055
megabyte1,2370,16,1.3076786577550257
megabyte1,2371,16,1.589579949373524
megabyte1,2372,16,1.5075424715637593
megabyte1,2373,16,1.9173605227662232
megabyte1,2374,16,1.9222140725708812
megabyte1,2375,16,1.8120220051409481
megabyte1,2376,16,1.530397381424339
megabyte1,2377,16,1.7282156002971611
megabyte1,2378,16,1.6547099828385
megabyte1,2379,16,1.7392119590267359
megabyte1,2380,16,1.66710966771373
megabyte1,2381,16,1.631455604691554
megabyte1,2382,16,1.5055733580909934
megabyte1,2383,16,1.5216847815984513
megabyte1,2384,16,1.6047343782492822
megabyte1,2385,16,1.923261202095748
megabyte1,2386,16,1.5776839694191171
megabyte1,2387,16,1.5981504261491808
megabyte1,2388,16,1.4882179443711239
megabyte1,2389,16,1.6367776451639349
megabyte1,2390,16,1.902413322217622
megabyte1,2391,16,1.6860571712520165
megabyte1,2392,16,1.5521277556844109
megabyte1,2393,16,1.792669903742852
megabyte1,2394,16,1.6593454822871048
megabyte1,2395,16,1.8520895324851463
megabyte1,2396,16,1.569139510138246
megabyte1,2397,16,1.572153006057829
megabyte1,2398,16,1.6179111914991995
megabyte1,2399,16,1.749914201822623
megabyte1,2400,16,2.045960270009315
megabyte1,2401,16,1.717642228344176
megabyte1,2402,16,1.7424109249726212
megabyte1,2403,16,1.6808684785962642
megabyte1,2404,16,2.2373062442990133
megabyte1,2405,16,1.8329764313321244
megabyte1,2406,16,1.4160532555655778
megabyte1,2407,16,1.9724468708192024
megabyte1,2408,16,1.9139228860506796
megabyte1,2409,16,1.87785137878353
megabyte1,2410,16,1.7215554950443819
megabyte1,2411,16,1.9407507952892846
megabyte1,2412,16,2.033999982213248
megabyte1,2413,16,1.8159800679057072
megabyte1,2414,16,1.8650849925794006
megabyte1,2415,16,1.8376621382133358
megabyte1,2416,16,1.675943994474226
megabyte1,2417,16,1.5223551024301547
megabyte1,2418,16,1.6811203018149192
megabyte1,2419,16,1.7068511445287984
megabyte1,2420,16,2.377826039271043
megabyte1,2421,16,1.6012487005834772
megabyte1,2422,16,1.6423398765863406
megabyte1,2423,16,1.4444039252359906
megabyte1,2424,16,1.7011168679735267
megabyte1,2425,16,1.4614295345268125
megabyte1,2426,16,1.5677687008777845
megabyte1,2427,16,1.65032966970632
megabyte1,2428,16,1.5509971414911312
megabyte1,2429,16,1.4245955608450411
megabyte1,2430,16,1.6447910247496935
megabyte1,2431,16,1.6264682504440384
megabyte1,2432,16,1.6226647600226143
megabyte1,2433,16,1.3577235746618297
megabyte1,2434,16,1.6558480705083611
megabyte1,2435,16,1.854871406114047
megabyte1,2436,16,1.5302219463442908
megabyte1,2437,16,1.881437479711153
megabyte1,2438,16,1.9418971843087176
megabyte1,2439,16,2.0220578624379315
megabyte1,2440,16,2.062942976163877
megabyte1,2441,16,1.8114107295804012
megabyte1,2442,16,1.5512438625770066
megabyte1,2443,16,1.7553336165985163
megabyte1,2444,16,1.5268253521418338
megabyte1,2445,16,1.7110674454278165
megabyte1,2446,16,1.6933516383759346
megabyte1,2447,16,1.9945332926500028
megabyte1,2448,16,1.727887829011309
megabyte1,2449,16,2.3235358394895647
megabyte1,2450,16,1.489621864801959
megabyte1,2451,16,1.9246790529243776
megabyte1,2452,16,1.6854266730143008
megabyte1,2453,16,1.787419322579708
megabyte1,2454,16,1.6998445658152415
megabyte1,2455,16,1.7239287925858728
megabyte1,2456,16,1.7171748701833822
megabyte1,2457,16,1.912048487555181
megabyte1,2458,16,1.4895319830573372
megabyte1,2459,16,1.4559693488252785
megabyte1,2460,16,1.9168254993007474
megabyte1,2461,16,1.5947730312443467
megabyte1,2462,16,1.5354778837555767
megabyte1,2463,16,1.506960941616855
megabyte1,2464,16,1.5763984241592888
megabyte1,2465,16,1.720223217193428
megabyte1,2466,16,1.6843616144676243
megabyte1,2467,16,1.4913273276387116
megabyte1,2468,16,1.4714609970180195
megabyte1,2469,16,1.8549013353035753
megabyte1,2470,16,1.5934763050266796
megabyte1,2471,16,1.3736019839282363
megabyte1,2472,16,1.7770852835848028
megabyte1,2473,16,1.6000002885470552
megabyte1,2474,16,1.4950938432470833
megabyte1,2475,16,1.688439434830543
megabyte1,2476,16,1.5470590578191579
megabyte1,2477,16,1.5345232153292385
megabyte1,2478,16,1.722438619235659
megabyte1,2479,16,1.640833497247742
megabyte1,2480,16,1.5391938571551549
megabyte1,2481,16,1.853114724568903
megabyte1,2482,16,1.5277998480195119
megabyte1,2483,16,1.6185111132723518
megabyte1,2484,16,1.5302332676488863
megabyte1,2485,16,2.0527354456777442
megabyte1,2486,16,1.4705549576027248
megabyte1,2487,16,1.5758432661273218
megabyte1,2488,16,1.5590732270520868
megabyte1,2489,16,1.652235699343071
megabyte1,2490,16,1.6712442294325551
megabyte1,2491,16,1.7629378205378348
megabyte1,2492,16,1.874798542035647
megabyte1,2493,16,1.745165067083586
megabyte1,2494,16,1.9621522357484071
megabyte1,2495,16,2.127788357226206
megabyte1,2496,16,1.767827424818104
megabyte1,2497,16,1.8219638101326447
megabyte1,2498,16,2.1513672308861054
megabyte1,2499,16,1.659537976825126
megabyte1,2500,16,1.5489980026092767
megabyte1,2501,16,1.5378999941493654
megabyte1,2502,16,1.5513001504526256
megabyte1,2503,16,1.5230362478100659
megabyte1,2504,16,1.6448666217523904
megabyte1,2505,16,1.7812689198396352
megabyte1,2506,16,1.656995233363802
megabyte1,2507,16,1.6763455479277531
megabyte1,2508,16,1.7159741574317289
megabyte1,2509,16,1.735211436370313
megabyte1,2510,16,1.5758822689856478
megabyte1,2511,16,1.714753078489978
megabyte1,2512,16,1.8661418841603363
megabyte1,2513,16,1.6622018051613814
megabyte1,2514,16,1.7284024017916417
megabyte1,2515,16,1.6961852036291
megabyte1,2516,16,1.569618236203955
megabyte1,2517,16,1.73185868177382
megabyte1,2518,16,1.6911057069066242
megabyte1,2519,16,1.5299410641588589
megabyte1,2520,16,1.7122641726372303
megabyte1,2521,16,1.72173698026397
megabyte1,2522,16,2.031971499032396
megabyte1,2523,16,2.1237863971883746
megabyte1,2524,16,1.7282911604480735
megabyte1,2525,16,1.9093019943411778
megabyte1,2526,16,1.6531974311694866
megabyte1,2527,16,1.7462603821102423
megabyte1,2528,16,1.9866758432563634
megabyte1,2529,16,1.7467916152747214
megabyte1,2530,16,1.5669184217949292
megabyte1,2531,16,1.5912523093185242
megabyte1,2532,16,1.7737759413864118
megabyte1,2533,16,1.8307309794666227
megabyte1,2534,16,1.6207015021585545
megabyte1,2535,16,1.9975231031511091
megabyte1,2536,16,1.5124280286810696
megabyte1,2537,16,1.5587738301532337
megabyte1,2538,16,1.6160746514452033
megabyte1,2539,16,2.0134683284558474
megabyte1,2540,16,1.979340943808436
megabyte1,2541,16,2.0384900687450647
megabyte1,2542,16,1.8823136917650314
megabyte1,2543,16,1.7360266140788276
megabyte1,2544,16,1.8004592216495692
megabyte1,2545,16,1.9117498701772744
megabyte1,2546,16,1.7193409780290423
megabyte1,2547,16,2.116733958190751
megabyte1,2548,16,1.761871148533497
megabyte1,2549,16,1.8170689613179627
megabyte1,2550,16,1.6227380503013649
megabyte1,2551,16,1.74954665851519
megabyte1,2552,16,1.8718783397929957
megabyte1,2553,16,1.7671412941963742
megabyte1,2554,16,1.9149185954456642
megabyte1,2555,16,1.560982751231801
megabyte1,2556,16,1.5142277026897955
megabyte1,2557,16,1.6985400865517344
megabyte1,2558,16,1.5144163620418432
megabyte1,2559,16,1.6046818232907891
megabyte1,2560,16,2.113792295572884
megabyte1,2561,16,1.63212281654681
megabyte1,2562,16,1.8397711169733866
megabyte1,2563,16,1.7243555220183506
megabyte1,2564,16,1.7039081440432706
megabyte1,2565,16,1.6732266668326687
megabyte1,2566,16,1.7516210415140319
megabyte1,2567,16,1.6860315954684038
megabyte1,2568,16,1.8407997220247183
megabyte1,2569,16,1.7539848363381385
megabyte1,2570,16,1.8113592156371972
megabyte1,2571,16,1.64327782911458
megabyte1,2572,16,2.0103935873808045
megabyte1,2573,16,1.6996256861871406
megabyte1,2574,16,1.7875998980358845
megabyte1,2575,16,2.1358300528121807
megabyte1,2576,16,1.7515256800084311
megabyte1,2577,16,2.01510183280045
megabyte1,2578,16,1.9746533669918092
megabyte1,2579,16,1.6998809772266232
megabyte1,2580,16,1.9390712389457287
megabyte1,2581,16,1.7331396419989165
megabyte1,2582,16,1.8522758210841042
megabyte1,2583,16,1.9462995154267813
megabyte1,2584,16,1.87882521785669
megabyte1,2585,16,1.6448021336802678
megabyte1,2586,16,1.9234589747788702
megabyte1,2587,16,1.6992091771079194
megabyte1,2588,16,1.682770449762543
megabyte1,2589,16,2.122141721621514
megabyte1,2590,16,1.6977811516681096
megabyte1,2591,16,1.9226317719445472
megabyte1,2592,16,1.9960602421549272
megabyte1,2593,16,1.9132669740418762
megabyte1,2594,16,2.2903577966173856
megabyte1,2595,16,1.9985404919266379
megabyte1,2596,16,1.8122800365172815
megabyte1,2597,16,2.030694066083883
megabyte1,2598,16,1.9567849713571348
megabyte1,2599,16,2.0471764094498255
megabyte1,2600,16,1.7158092832181593
megabyte1,2601,16,1.7732195544642009
megabyte1,2602,16,1.9749165246483558
megabyte1,2603,16,1.8351368782763655
megabyte1,2604,16,1.8883696416556761
megabyte1,2605,16,1.8338711230370108
megabyte1,2606,16,1.8121075127516986
megabyte1,2607,16,1.7945682933950808
megabyte1,2608,16,1.7635699945421426
megabyte1,2609,16,1.5325273560502293
megabyte1,2610,16,1.7508855607515679
megabyte1,2611,16,1.6180615554942361
megabyte1,2612,16,1.6674982299643033
megabyte1,2613,16,1.6986208534462985
megabyte1,2614,16,1.6924571444665655
megabyte1,2615,16,1.755742537217624
megabyte1,2616,16,1.7047256698183875
megabyte1,2617,16,1.5802735252737352
megabyte1,2618,16,2.0476887528342855
megabyte1,2619,16,1.7463812141897763
megabyte1,2620,16,1.6852459693311062
megabyte1,2621,16,1.7622650304276866
megabyte1,2622,16,1.8145422027457871
megabyte1,2623,16,1.7829230689425195
megabyte1,2624,16,1.6106275497218872
megabyte1,2625,16,1.947882637767104
megabyte1,2626,16,1.8026102020623465
megabyte1,2627,16,1.9090760417781125
megabyte1,2628,16,1.6791494837887364
megabyte1,2629,16,1.8475882941941164
megabyte1,2630,16,2.111805771856914
megabyte1,2631,16,1.548833049255423
megabyte1,2632,16,1.5989598510814422
megabyte1,2633,16,1.6322029999969117
megabyte1,2634,16,1.5756392480409356
megabyte1,2635,16,1.889668229058573
megabyte1,2636,16,1.5760282603866347
megabyte1,2637,16,1.9183146424395945
megabyte1,2638,16,1.6788284152195294
megabyte1,2639,16,1.8606256289650525
megabyte1,2640,16,1.9139051336235482
megabyte1,2641,16,1.806988764382379
megabyte1,2642,16,1.6185299859856077
megabyte1,2643,16,1.7097792520351152
megabyte1,2644,16,1.8990261560431496
megabyte1,2645,16,1.7592237938358812
megabyte1,2646,16,1.6092535415108618
megabyte1,2647,16,1.7356569205850054
megabyte1,2648,16,1.8171528315460541
megabyte1,2649,16,1.809487314521221
megabyte1,2650,16,1.970694368571315
megabyte1,2651,16,1.9821801819943288
megabyte1,2652,16,1.7469865943233307
megabyte1,2653,16,1.7767675734671844
megabyte1,2654,16,1.6731903907107857
megabyte1,2655,16,1.9973610307736713
megabyte1,2656,16,1.5768421785598707
megabyte1,2657,16,2.3000674042651474
megabyte1,2658,16,1.8482531707083176
megabyte1,2659,16,1.88872224415688
megabyte1,2660,16,1.7402969039445253
megabyte1,2661,16,1.9448580489275122
megabyte1,2662,16,1.6491021161343766
megabyte1,2663,16,1.681636013113276
megabyte1,2664,16,1.8478855663963858
megabyte1,2665,16,1.5817865170386034
megabyte1,2666,16,1.811323771883875
megabyte1,2667,16,1.7148124641634075
megabyte1,2668,16,1.55583748355335
megabyte1,2669,16,1.6559668576957438
megabyte1,2670,16,1.9055929931540763
megabyte1,2671,16,1.8182073507199583
megabyte1,2672,16,1.7392180589223478
megabyte1,2673,16,1.8333617292487916
megabyte1,2674,16,1.6500580752976828
megabyte1,2675,16,1.7826243111895717
megabyte1,2676,16,1.4554534140894668
megabyte1,2677,16,1.6276006807955539
megabyte1,2678,16,1.6007934836342217
megabyte1,2679,16,1.8554632873595513
megabyte1,2680,16,1.464168082462303
megabyte1,2681,16,1.8507889631138061
megabyte1,2682,16,1.5401495412335493
megabyte1,2683,16,1.7032108401032746
megabyte1,2684,16,1.494877197431882
megabyte1,2685,16,1.6161024663936434
megabyte1,2686,16,2.3049480290036777
megabyte1,2687,16,1.7968373363906995
megabyte1,2688,16,1.7438018902570578
megabyte1,2689,16,1.7084457456205306
megabyte1,2690,16,1.7149036340136963
megabyte1,2691,16,1.8902479013586704
megabyte1,2692,16,1.7682510041174493
megabyte1,2693,16,1.6949435726714959
megabyte1,2694,16,1.5529206095916925
megabyte1,2695,16,1.7485606287731925
megabyte1,2696,16,1.8452798149738674
megabyte1,2697,16,1.5704713820221095
megabyte1,2698,16,1.6385239231855993
megabyte1,2699,16,1.739887010278871
megabyte1,2700,16,1.893072578072441
megabyte1,2701,16,1.6606004755362136
megabyte1,2702,16,1.56441044339236
megabyte1,2703,16,1.791710718519493
megabyte1,2704,16,1.9910905172813849
megabyte1,2705,16,1.7708691904443798
megabyte1,2706,16,1.6391414888878368
megabyte1,2707,16,1.6883752313403764
megabyte1,2708,16,1.6385969939738698
megabyte1,2709,16,1.7333406532510425
megabyte1,2710,16,1.6150638751925719
megabyte1,2711,16,1.4627509334138922
megabyte1,2712,16,1.51349112458082
megabyte1,2713,16,1.6262470333311858
megabyte1,2714,16,1.4272603619856108
megabyte1,2715,16,1.6553773390544848
megabyte1,2716,16,1.515226045466319
megabyte1,2717,16,1.7747325469261104
megabyte1,2718,16,1.503065847384179
megabyte1,2719,16,1.877080564324073
megabyte1,2720,16,1.7666865327374013
megabyte1,2721,16,1.731599937200114
megabyte1,2722,16,1.5005811044295867
megabyte1,2723,16,1.6835113036051585
megabyte1,2724,16,1.595703683409574
megabyte1,2725,16,1.458091523179673
megabyte1,2726,16,1.592292935261488
megabyte1,2727,16,1.7648010118112996
megabyte1,2728,16,1.4457846291054133
megabyte1,2729,16,1.82109671106264
megabyte1,2730,16,1.5697088037952764
megabyte1,2731,16,1.5708043207679372
megabyte1,2732,16,1.8982453693405832
megabyte1,2733,16,1.6174444825282952
megabyte1,2734,16,1.6425567072617138
megabyte1,2735,16,1.6662216608051466
megabyte1,2736,16,1.4314085586917427
megabyte1,2737,16,1.5767313601479709
megabyte1,2738,16,1.6570259626418191
megabyte1,2739,16,1.9660160661689585
megabyte1,2740,16,1.5425144914536688
megabyte1,2741,16,1.7244261561993988
megabyte1,2742,16,1.431997880188583
megabyte1,2743,16,1.6175792960778053
megabyte1,2744,16,1.7929139943168295
megabyte1,2745,16,1.8676318832321723
megabyte1,2746,16,1.8051807193280918
megabyte1,2747,16,1.6090108710996867
megabyte1,2748,16,2.106063469746214
megabyte1,2749,16,1.6643454467991456
megabyte1,2750,16,1.5375402285115882
megabyte1,2751,16,1.4522276437443973
megabyte1,2752,16,2.077588794516794
megabyte1,2753,16,1.8759372249495476
megabyte1,2754,16,1.8019607489129703
megabyte1,2755,16,1.5933163893267137
megabyte1,2756,16,1.742449796201007
megabyte1,2757,16,1.6058426180709504
megabyte1,2758,16,1.6853210413430444
megabyte1,2759,16,1.643662970726343
megabyte1,2760,16,1.6140521564952144
megabyte1,2761,16,1.6852437832866487
megabyte1,2762,16,1.7475532569143104
megabyte1,2763,16,1.6855764369747197
megabyte1,2764,16,1.6954961848348413
megabyte1,2765,16,2.170422227946005
megabyte1,2766,16,1.7229022105185516
megabyte1,2767,16,1.6171262785664455
megabyte1,2768,16,1.8627140876953379
megabyte1,2769,16,1.5490108520816788
megabyte1,2770,16,1.8755814391849484
megabyte1,2771,16,1.7568968336159245
megabyte1,2772,16,1.5986500187330919
megabyte1,2773,16,1.3660039644366226
megabyte1,2774,16,1.4717555803088715
megabyte1,2775,16,1.6054769047915287
megabyte1,2776,16,1.6631873316647114
megabyte1,2777,16,1.4418095678977427
megabyte1,2778,16,1.564933645115701
megabyte1,2779,16,1.6847937970353075
megabyte1,2780,16,1.553808827654504
megabyte1,2781,16,1.646502721947826
megabyte1,2782,16,1.9033416613082599
megabyte1,2783,16,1.3752290710661648
megabyte1,2784,16,1.7746213609360946
megabyte1,2785,16,1.5897649244888084
megabyte1,2786,16,1.790345748594061
megabyte1,2787,16,1.620206946729228
megabyte1,2788,16,1.6583968041875412
megabyte1,2789,16,1.6234199718619264
megabyte1,2790,16,1.8162233167762023
megabyte1,2791,16,1.690841381667534
megabyte1,2792,16,1.583126758192819
megabyte1,2793,16,1.4976686496509102
megabyte1,2794,16,1.5495854555600417
megabyte1,2795,16,1.8764836891911716
megabyte1,2796,16,1.5788983822214833
megabyte1,2797,16,1.9770565545465002
megabyte1,2798,16,1.6718340681261117
megabyte1,2799,16,1.432195362406853
megabyte1,2800,16,1.3912398335999205
megabyte1,2801,16,1.5633448085687356
megabyte1,2802,16,1.54706936697761
megabyte1,2803,16,1.347031545674696
megabyte1,2804,16,1.4656597310825497
megabyte1,2805,16,1.5635250453737228
megabyte1,2806,16,1.4889300916352264
megabyte1,2807,16,2.05010451351686
megabyte1,2808,16,1.6426007039556463
megabyte1,2809,16,2.120520068359643
megabyte1,2810,16,1.774699695414386
megabyte1,2811,16,1.7376913952844104
megabyte1,2812,16,1.7614818358921724
megabyte1,2813,16,1.6381105988838718
megabyte1,2814,16,1.9258362811654028
megabyte1,2815,16,1.4059102935979158
megabyte1,2816,16,1.801274507128636
megabyte1,2817,16,1.6420009916281821
megabyte1,2818,16,1.8630284801602535
megabyte1,2819,16,1.7524080642927142
megabyte1,2820,16,1.7612501775288956
megabyte1,2821,16,1.5985376544649794
megabyte1,2822,16,1.977122831787037
megabyte1,2823,16,1.8959979738546309
megabyte1,2824,16,1.8395799743085772
megabyte1,2825,16,1.667768300537002
megabyte1,2826,16,1.7189886661514628
megabyte1,2827,16,1.7858561742458625
megabyte1,2828,16,1.650492067306855
megabyte1,2829,16,1.6073641169309054
megabyte1,2830,16,1.5640985638979206
megabyte1,2831,16,1.7715420182169321
megabyte1,2832,16,1.7514140381398018
megabyte1,2833,16,1.7970152189490474
megabyte1,2834,16,1.6981302376544491
megabyte1,2835,16,1.5566527010147224
megabyte1,2836,16,1.4214832141597746
megabyte1,2837,16,1.5289933665616204
megabyte1,2838,16,1.511272920996863
megabyte1,2839,16,1.7112493943266474
megabyte1,2840,16,1.7865157508529252
megabyte1,2841,16,1.7132325028397228
megabyte1,2842,16,1.914643841697464
megabyte1,2843,16,1.7519238001265394
megabyte1,2844,16,1.6396607340660636
megabyte1,2845,16,1.541379521092699
megabyte1,2846,16,1.679121131812178
megabyte1,2847,16,1.6106923546699548
megabyte1,2848,16,1.774478695857703
megabyte1,2849,16,2.247757147125617
megabyte1,2850,16,1.530345174219675
megabyte1,2851,16,1.7747824989070717
megabyte1,2852,16,1.6114971496045443
megabyte1,2853,16,1.9697248542964747
megabyte1,2854,16,1.5890857705407817
megabyte1,2855,16,1.5789858285654796
megabyte1,2856,16,1.629775384761782
megabyte1,2857,16,1.6387864933328595
megabyte1,2858,16,2.3764274870429882
megabyte1,2859,16,1.724110198238028
megabyte1,2860,16,1.6204338291350848
megabyte1,2861,16,1.7043570429676347
megabyte1,2862,16,1.7810318082218404
megabyte1,2863,16,1.8777780610393897
megabyte1,2864,16,1.5342504131409118
megabyte1,2865,16,1.7280997401546465
megabyte1,2866,16,1.5028070678356118
megabyte1,2867,16,1.7060417459413626
megabyte1,2868,16,1.7668945498928896
megabyte1,2869,16,1.8228851928102625
megabyte1,2870,16,1.6356596048668102
megabyte1,2871,16,1.8639143864701204
megabyte1,2872,16,1.6045083728626692
megabyte1,2873,16,1.4945986205187078
megabyte1,2874,16,2.2442966316396777
megabyte1,2875,16,1.6348846376862904
megabyte1,2876,16,1.4713872341094858
megabyte1,2877,16,2.107081415663549
megabyte1,2878,16,1.5205322835322779
megabyte1,2879,16,1.5745956970373607
megabyte1,2880,16,1.787954081823364
megabyte1,2881,16,2.198346598810106
megabyte1,2882,16,1.7886620266207809
megabyte1,2883,16,1.5410039937270295
megabyte1,2884,16,2.056874689908713
megabyte1,2885,16,1.881251033338762
megabyte1,2886,16,1.781419041334727
megabyte1,2887,16,1.6005392444482864
megabyte1,2888,16,1.5786755288370398
megabyte1,2889,16,1.842533714920227
megabyte1,2890,16,1.3509358813269705
megabyte1,2891,16,1.5236824219075338
megabyte1,2892,16,1.7815640880117944
megabyte1,2893,16,1.887854823066468
megabyte1,2894,16,1.6055727618530788
megabyte1,2895,16,1.5855454905262392
megabyte1,2896,16,1.6315164434058902
megabyte1,2897,16,1.603885672717869
megabyte1,2898,16,1.7368674998541003
megabyte1,2899,16,2.0577587305685925
megabyte1,2900,16,1.739208801456468
megabyte1,2901,16,1.6070100440392299
megabyte1,2902,16,1.909443893076687
megabyte1,2903,16,2.007404897236146
megabyte1,2904,16,1.7507601592153446
megabyte1,2905,16,1.6306096818183191
megabyte1,2906,16,1.5856703905554335
megabyte1,2907,16,1.778678046129068
megabyte1,2908,16,1.4497758712520292
megabyte1,2909,16,1.749183076760994
megabyte1,2910,16,1.4559319957972108
megabyte1,2911,16,1.6620135462463062
megabyte1,2912,16,1.8869946278833538
megabyte1,2913,16,1.5331824240739778
megabyte1,2914,16,1.7495038543246129
megabyte1,2915,16,1.7643501482381516
megabyte1,2916,16,1.8509180120818178
megabyte1,2917,16,1.8465217168152348
megabyte1,2918,16,1.544551677299702
megabyte1,2919,16,1.5748943344591018
megabyte1,2920,16,1.533108335854924
megabyte1,2921,16,1.9867314696530876
megabyte1,2922,16,2.2819033331769276
megabyte1,2923,16,1.8122846008447695
megabyte1,2924,16,1.564048646850082
megabyte1,2925,16,1.7010150842894793
megabyte1,2926,16,1.9519945236251706
megabyte1,2927,16,1.7138168764510198
megabyte1,2928,16,1.4536557507166439
megabyte1,2929,16,1.7836033933644737
megabyte1,2930,16,1.6491072662135209
megabyte1,2931,16,1.7277825315488944
megabyte1,2932,16,1.750362889641078
megabyte1,2933,16,1.8360192619443407
megabyte1,2934,16,1.7242477359588684
megabyte1,2935,16,1.7280257843488602
megabyte1,2936,16,1.4476785167395478
megabyte1,2937,16,1.6900394704136545
megabyte1,2938,16,1.6741814140926377
megabyte1,2939,16,1.7347841696389847
megabyte1,2940,16,2.06745120414376
megabyte1,2941,16,1.5306310986387874
megabyte1,2942,16,1.9580793697837142
megabyte1,2943,16,1.5323122579994333
megabyte1,2944,16,2.201434750607763
megabyte1,2945,16,1.7448822632494863
megabyte1,2946,16,1.6000046906251888
megabyte1,2947,16,2.1313058847542905
megabyte1,2948,16,1.5710882567433653
megabyte1,2949,16,1.4576573251921132
megabyte1,2950,16,1.6758834591498268
megabyte1,2951,16,1.414402377174401
megabyte1,2952,16,1.6781544528584877
megabyte1,2953,16,1.5685816544189404
megabyte1,2954,16,1.6230164466776058
megabyte1,2955,16,1.7203262013916392
megabyte1,2956,16,1.8162060014245607
megabyte1,2957,16,1.6585155515316647
megabyte1,2958,16,1.7317215520772473
megabyte1,2959,16,1.7736165136461082
megabyte1,2960,16,2.0732989037130105
megabyte1,2961,16,2.0783210328585753
megabyte1,2962,16,1.556031392106084
megabyte1,2963,16,1.6065705427914871
megabyte1,2964,16,2.228464338695773
megabyte1,2965,16,1.4674516873436787
megabyte1,2966,16,1.634024276827958
megabyte1,2967,16,1.8036051947077945
megabyte1,2968,16,1.3955690006873633
megabyte1,2969,16,1.5822915845291088
megabyte1,2970,16,1.7578504317552681
megabyte1,2971,16,1.843239181365103
megabyte1,2972,16,1.5941391479239406
megabyte1,2973,16,1.675407594307666
megabyte1,2974,16,1.5382089021933392
megabyte1,2975,16,1.3703971302531637
megabyte1,2976,16,1.879978100809282
megabyte1,2977,16,1.8045402796050454
megabyte1,2978,16,1.7129712156719556
megabyte1,2979,16,1.8833564407418297
megabyte1,2980,16,1.6357292143376667
megabyte1,2981,16,1.6347596057854448
megabyte1,2982,16,1.7798108780810948
megabyte1,2983,16,2.2165051121592207
megabyte1,2984,16,1.762314600708743
megabyte1,2985,16,1.7639858505542516
megabyte1,2986,16,1.8062473906880652
megabyte1,2987,16,1.6727376165469738
megabyte1,2988,16,1.756167953134836
megabyte1,2989,16,1.4906718267720762
megabyte1,2990,16,1.64632241165831
megabyte1,2991,16,1.8823936505411505
megabyte1,2992,16,1.776294298325399
megabyte1,2993,16,1.4807021125515751
megabyte1,2994,16,1.6342732247654377
megabyte1,2995,16,1.5667029246209478
megabyte1,2996,16,1.3403112183547783
megabyte1,2997,16,1.6436415050186508
megabyte1,2998,16,1.7946649105447305
megabyte1,2999,16,1.5847847566982796
megabyte1,3000,16,2.001485877624035
megabyte1,3001,16,1.7594399615663427
megabyte1,3002,16,1.3245097670581678
megabyte1,3003,16,1.3198964191289873
megabyte1,3004,16,1.8944906595549533
megabyte1,3005,16,1.8623599346877333
megabyte1,3006,16,1.8202267119535085
megabyte1,3007,16,1.7430016925981913
megabyte1,3008,16,1.3613462378999928
megabyte1,3009,16,1.6506556616007613
megabyte1,3010,16,1.6938959444601942
megabyte1,3011,16,1.6318456960445924
megabyte1,3012,16,1.4874028679839288
megabyte1,3013,16,1.5515510732686684
megabyte1,3014,16,1.5866747254726383
megabyte1,3015,16,1.2617415246637878
megabyte1,3016,16,1.4035753576571248
megabyte1,3017,16,1.484887021018587
megabyte1,3018,16,1.7181461134652791
megabyte1,3019,16,1.444501148859884
megabyte1,3020,16,1.3541336795919776
megabyte1,3021,16,1.4797923503109627
megabyte1,3022,16,1.4160179712260443
megabyte1,3023,16,1.6703361570712871
megabyte1,3024,16,1.7669863288349377
megabyte1,3025,16,1.4741243224421443
megabyte1,3026,16,1.6101129311372844
megabyte1,3027,16,1.5601039874696487
megabyte1,3028,16,1.7085385962722015
megabyte1,3029,16,1.5650499951915589
megabyte1,3030,16,1.8190825283203815
megabyte1,3031,16,1.7399768434670084
megabyte1,3032,16,1.5969103905483517
megabyte1,3033,16,1.8391239791818668
megabyte1,3034,16,1.7720533569199706
megabyte1,3035,16,1.8619386181348416
megabyte1,3036,16,1.5379569930098553
megabyte1,3037,16,1.7413928597689687
megabyte1,3038,16,1.6686121878985278
megabyte1,3039,16,1.7198971852716831
megabyte1,3040,16,1.5248866192346153
megabyte1,3041,16,1.5171186377988137
megabyte1,3042,16,1.601170155465137
megabyte1,3043,16,1.4581618232067752
megabyte1,3044,16,1.4868737140468262
megabyte1,3045,16,1.5977078715460473
megabyte1,3046,16,1.690283281603175
megabyte1,3047,16,1.6621765469346574
megabyte1,3048,16,1.5665414856319644
megabyte1,3049,16,1.8968471587001012
megabyte1,3050,16,1.5046157165494067
megabyte1,3051,16,1.7440182889054368
megabyte1,3052,16,1.6752274282160424
megabyte1,3053,16,1.945308211995099
megabyte1,3054,16,1.7063998593555156
megabyte1,3055,16,1.731770589989305
megabyte1,3056,16,1.796552760910926
megabyte1,3057,16,2.0915349349455283
megabyte1,3058,16,1.952494050021153
megabyte1,3059,16,1.5801464793608266
megabyte1,3060,16,1.8637779739161604
megabyte1,3061,16,1.7695798417981845
megabyte1,3062,16,1.6065305258086529
megabyte1,3063,16,1.814196544373751
megabyte1,3064,16,1.6502617050528388
megabyte1,3065,16,2.0076214764065106
megabyte1,3066,16,1.38835914461179
megabyte1,3067,16,1.5497489978619416
megabyte1,3068,16,1.733034537409274
megabyte1,3069,16,1.7836292736045432
megabyte1,3070,16,1.6753513447729707
megabyte1,3071,16,1.7441976502639798
geco22,0,49,1.9111504861378514
geco22,1,49,1.9111504861378514
geco22,2,49,1.9111504861378514
geco22,3,49,1.9111504861378514
geco22,4,49,1.9111504861378514
geco22,5,49,1.9111504861378514
geco22,6,49,1.9111504861378514
geco22,7,49,1.9111504861378514
geco22,8,49,1.9111504861378514
geco22,9,49,1.9111504861378514
geco22,10,49,1.9111504861378514
geco22,11,49,1.9111504861378514
geco22,12,49,1.9111504861378514
geco22,13,49,1.9111504861378514
geco22,14,49,1.9111504861378514
geco22,15,49,1.9111504861378514
geco22,16,49,1.9111504861378514
geco22,17,49,1.9111504861378514
geco22,18,49,1.9111504861378514
geco22,19,49,1.9111504861378514
geco22,20,49,1.9111504861378514
geco22,21,49,1.9111504861378514
geco22,22,49,1.9111504861378514
geco22,23,49,1.9111504861378514
geco22,24,49,1.9111504861378514
geco22,25,49,1.9111504861378514
geco22,26,49,1.9111504861378514
geco22,27,49,1.9111504861378514
geco22,28,49,1.9111504861378514
geco22,29,49,1.9111504861378514
geco22,30,49,1.9111504861378514
geco22,31,49,1.9111504861378514
geco22,32,49,1.9111504861378514
geco22,33,49,1.9111504861378514
geco22,34,49,1.9111504861378514
geco22,35,49,1.9111504861378514
geco22,36,49,1.9111504861378514
geco22,37,49,1.9111504861378514
geco22,38,49,1.9111504861378514
geco22,39,49,1.9111504861378514
geco22,40,49,1.9111504861378514
geco22,41,49,1.9111504861378514
geco22,42,49,1.9111504861378514
geco22,43,49,1.9111504861378514
geco22,44,49,1.9111504861378514
geco22,45,49,1.9111504861378514
geco22,46,49,1.9111504861378514
geco22,47,49,1.9111504861378514
geco22,48,49,1.9111504861378514
geco22,49,49,1.9111504861378514
geco22,50,49,1.9111504861378514
geco22,51,49,1.9111504861378514
geco22,52,49,1.9111504861378514
geco22,53,49,1.9111504861378514
geco22,54,49,1.9111504861378514
geco22,55,49,1.9111504861378514
geco22,56,49,1.9111504861378514
geco22,57,49,1.9111504861378514
geco22,58,49,1.9111504861378514
geco22,59,49,1.9111504861378514
geco22,60,49,1.9111504861378514
geco22,61,49,1.9111504861378514
geco22,62,49,1.9111504861378514
geco22,63,49,1.9111504861378514
geco22,64,49,1.9111504861378514
geco22,65,49,1.9111504861378514
geco22,66,49,1.9111504861378514
geco22,67,49,1.9111504861378514
geco22,68,49,1.9111504861378514
geco22,69,49,1.9111504861378514
geco22,70,49,1.9111504861378514
geco22,71,49,1.9111504861378514
geco22,72,49,1.9111504861378514
geco22,73,49,1.9111504861378514
geco22,74,49,1.9111504861378514
geco22,75,49,1.9111504861378514
geco22,76,49,1.9111504861378514
geco22,77,49,1.9111504861378514
geco22,78,49,1.9111504861378514
geco22,79,49,1.9111504861378514
geco22,80,49,1.9111504861378514
geco22,81,49,1.9111504861378514
geco22,82,49,1.9111504861378514
geco22,83,49,1.9111504861378514
geco22,84,49,1.9111504861378514
geco22,85,49,1.9111504861378514
geco22,86,49,1.9111504861378514
geco22,87,49,1.9111504861378514
geco22,88,49,1.9111504861378514
geco22,89,49,1.9111504861378514
geco22,90,49,1.9111504861378514
geco22,91,49,1.9111504861378514
geco22,92,49,1.9111504861378514
geco22,93,49,1.9111504861378514
geco22,94,49,1.9111504861378514
geco22,95,49,1.9111504861378514
geco22,96,49,1.9111504861378514
geco22,97,49,1.9111504861378514
geco22,98,49,1.9111504861378514
geco22,99,49,1.9111504861378514
geco22,100,49,1.9111504861378514
geco22,101,49,1.9111504861378514
geco22,102,49,1.9111504861378514
geco22,103,49,1.9111504861378514
geco22,104,49,1.9111504861378514
geco22,105,49,1.9111504861378514
geco22,106,49,1.9111504861378514
geco22,107,49,1.9111504861378514
geco22,108,49,1.9111504861378514
geco22,109,49,1.9111504861378514
geco22,110,49,1.9111504861378514
geco22,111,49,1.9111504861378514
geco22,112,49,1.9111504861378514
geco22,113,49,1.9111504861378514
geco22,114,49,1.9111504861378514
geco22,115,49,1.9111504861378514
geco22,116,49,1.9111504861378514
geco22,117,49,1.9111504861378514
geco22,118,49,1.9111504861378514
geco22,119,49,1.9111504861378514
geco22,120,49,1.9111504861378514
geco22,121,49,1.9111504861378514
geco22,122,49,1.9111504861378514
geco22,123,49,1.9111504861378514
geco22,124,49,1.9111504861378514
geco22,125,49,1.9111504861378514
geco22,126,49,1.9111504861378514
geco22,127,49,1.9111504861378514
geco22,128,49,1.9111504861378514
geco22,129,49,1.9111504861378514
geco22,130,49,1.9111504861378514
geco22,131,49,1.9111504861378514
geco22,132,49,1.9111504861378514
geco22,133,49,1.9111504861378514
geco22,134,49,1.9111504861378514
geco22,135,49,1.9111504861378514
geco22,136,49,1.9111504861378514
geco22,137,49,1.9111504861378514
geco22,138,49,1.9111504861378514
geco22,139,49,1.9111504861378514
geco22,140,49,1.9111504861378514
geco22,141,49,1.9111504861378514
geco22,142,49,1.9111504861378514
geco22,143,49,1.9111504861378514
geco22,144,49,1.9111504861378514
geco22,145,49,1.9111504861378514
geco22,146,49,1.9111504861378514
geco22,147,49,1.9111504861378514
geco22,148,49,1.9111504861378514
geco22,149,49,1.9111504861378514
geco22,150,49,1.9111504861378514
geco22,151,49,1.9111504861378514
geco22,152,49,1.9111504861378514
geco22,153,49,1.9111504861378514
geco22,154,49,1.9111504861378514
geco22,155,49,1.9111504861378514
geco22,156,49,1.9111504861378514
geco22,157,49,1.9111504861378514
geco22,158,49,1.9111504861378514
geco22,159,49,1.9111504861378514
geco22,160,49,1.9111504861378514
geco22,161,49,1.9111504861378514
geco22,162,49,1.9111504861378514
geco22,163,49,1.9111504861378514
geco22,164,49,1.9111504861378514
geco22,165,49,1.9111504861378514
geco22,166,49,1.9111504861378514
geco22,167,49,1.9111504861378514
geco22,168,49,1.9111504861378514
geco22,169,49,1.9111504861378514
geco22,170,49,1.9111504861378514
geco22,171,49,1.9111504861378514
geco22,172,49,1.9111504861378514
geco22,173,49,1.9111504861378514
geco22,174,49,1.9111504861378514
geco22,175,49,1.9111504861378514
geco22,176,49,1.9111504861378514
geco22,177,49,1.9111504861378514
geco22,178,49,1.9111504861378514
geco22,179,49,1.9111504861378514
geco22,180,49,1.9111504861378514
geco22,181,49,1.9111504861378514
geco22,182,49,1.9111504861378514
geco22,183,49,1.9111504861378514
geco22,184,49,1.9111504861378514
geco22,185,49,1.9111504861378514
geco22,186,49,1.9111504861378514
geco22,187,49,1.9111504861378514
geco22,188,49,1.9111504861378514
geco22,189,49,1.9111504861378514
geco22,190,49,1.9111504861378514
geco22,191,49,1.9111504861378514
geco22,192,49,1.9111504861378514
geco22,193,49,1.9111504861378514
geco22,194,49,1.9111504861378514
geco22,195,49,1.9111504861378514
geco22,196,49,1.9111504861378514
geco22,197,49,1.9111504861378514
geco22,198,49,1.9111504861378514
geco22,199,49,1.9111504861378514
geco22,200,49,1.9111504861378514
geco22,201,49,1.9111504861378514
geco22,202,49,1.9111504861378514
geco22,203,49,1.9111504861378514
geco22,204,49,1.9111504861378514
geco22,205,49,1.9111504861378514
geco22,206,49,1.9111504861378514
geco22,207,49,1.9111504861378514
geco22,208,49,1.9111504861378514
geco22,209,49,1.9111504861378514
geco22,210,49,1.9111504861378514
geco22,211,49,1.9111504861378514
geco22,212,49,1.9111504861378514
geco22,213,49,1.9111504861378514
geco22,214,49,1.9111504861378514
geco22,215,49,1.9111504861378514
geco22,216,49,1.9111504861378514
geco22,217,49,1.9111504861378514
geco22,218,49,1.9111504861378514
geco22,219,49,1.9111504861378514
geco22,220,49,1.9111504861378514
geco22,221,49,1.9111504861378514
geco22,222,49,1.9111504861378514
geco22,223,49,1.9111504861378514
geco22,224,49,1.9111504861378514
geco22,225,49,1.9111504861378514
geco22,226,49,1.9111504861378514
geco22,227,49,1.9111504861378514
geco22,228,49,1.9111504861378514
geco22,229,49,1.9111504861378514
geco22,230,49,1.9111504861378514
geco22,231,49,1.9111504861378514
geco22,232,49,1.9111504861378514
geco22,233,49,1.9111504861378514
geco22,234,49,1.9111504861378514
geco22,235,49,1.9111504861378514
geco22,236,49,1.9111504861378514
geco22,237,49,1.9111504861378514
geco22,238,49,1.9111504861378514
geco22,239,49,1.9111504861378514
geco22,240,49,1.9111504861378514
geco22,241,49,1.9111504861378514
geco22,242,49,1.9111504861378514
geco22,243,49,1.9111504861378514
geco22,244,49,1.9111504861378514
geco22,245,49,1.9111504861378514
geco22,246,49,1.9111504861378514
geco22,247,49,1.9111504861378514
geco22,248,49,1.9111504861378514
geco22,249,49,1.9111504861378514
geco22,250,49,1.9111504861378514
geco22,251,49,1.9111504861378514
geco22,252,49,1.9111504861378514
geco22,253,49,1.9111504861378514
geco22,254,49,1.9111504861378514
geco22,255,49,1.9111504861378514
geco22,256,49,1.9111504861378514
geco22,257,49,1.9111504861378514
geco22,258,49,1.9111504861378514
geco22,259,49,1.9111504861378514
geco22,260,49,1.9111504861378514
geco22,261,49,1.9111504861378514
geco22,262,49,1.9111504861378514
geco22,263,49,1.9111504861378514
geco22,264,49,1.9111504861378514
geco22,265,49,1.9111504861378514
geco22,266,49,1.9111504861378514
geco22,267,49,1.9111504861378514
geco22,268,49,1.9111504861378514
geco22,269,49,1.9111504861378514
geco22,270,49,1.9111504861378514
geco22,271,49,1.9111504861378514
geco22,272,49,1.9111504861378514
geco22,273,49,1.9111504861378514
geco22,274,49,1.9111504861378514
geco22,275,49,1.9111504861378514
geco22,276,49,1.9111504861378514
geco22,277,49,1.9111504861378514
geco22,278,49,1.9111504861378514
geco22,279,49,1.9111504861378514
geco22,280,49,1.9111504861378514
geco22,281,49,1.9111504861378514
geco22,282,49,1.9111504861378514
geco22,283,49,1.9111504861378514
geco22,284,49,1.9111504861378514
geco22,285,49,1.9111504861378514
geco22,286,49,1.9111504861378514
geco22,287,49,1.9111504861378514
geco22,288,49,1.9111504861378514
geco22,289,49,1.9111504861378514
geco22,290,49,1.9111504861378514
geco22,291,49,1.9111504861378514
geco22,292,49,1.9111504861378514
geco22,293,49,1.9111504861378514
geco22,294,49,1.9111504861378514
geco22,295,49,1.9111504861378514
geco22,296,49,1.9111504861378514
geco22,297,49,1.9111504861378514
geco22,298,49,1.9111504861378514
geco22,299,49,1.9111504861378514
geco22,300,49,1.9111504861378514
geco22,301,49,1.9111504861378514
geco22,302,49,1.9111504861378514
geco22,303,49,1.9111504861378514
geco22,304,49,1.9111504861378514
geco22,305,49,1.9111504861378514
geco22,306,49,1.9111504861378514
geco22,307,49,1.9111504861378514
geco22,308,49,1.9111504861378514
geco22,309,49,1.9111504861378514
geco22,310,49,1.9111504861378514
geco22,311,49,1.9111504861378514
geco22,312,49,1.9111504861378514
geco22,313,49,1.9111504861378514
geco22,314,49,1.9111504861378514
geco22,315,49,1.9111504861378514
geco22,316,49,1.9111504861378514
geco22,317,49,1.9111504861378514
geco22,318,49,1.9111504861378514
geco22,319,49,1.9111504861378514
geco22,320,49,1.9111504861378514
geco22,321,49,1.9111504861378514
geco22,322,49,1.9111504861378514
geco22,323,49,1.9111504861378514
geco22,324,49,1.9111504861378514
geco22,325,49,1.9111504861378514
geco22,326,49,1.9111504861378514
geco22,327,49,1.9111504861378514
geco22,328,49,1.9111504861378514
geco22,329,49,1.9111504861378514
geco22,330,49,1.9111504861378514
geco22,331,49,1.9111504861378514
geco22,332,49,1.9111504861378514
geco22,333,49,1.9111504861378514
geco22,334,49,1.9111504861378514
geco22,335,49,1.9111504861378514
geco22,336,49,1.9111504861378514
geco22,337,49,1.9111504861378514
geco22,338,49,1.9111504861378514
geco22,339,49,1.9111504861378514
geco22,340,49,1.9111504861378514
geco22,341,49,1.9111504861378514
geco22,342,49,1.9111504861378514
geco22,343,49,1.9111504861378514
geco22,344,49,1.9111504861378514
geco22,345,49,1.9111504861378514
geco22,346,49,1.9111504861378514
geco22,347,49,1.9111504861378514
geco22,348,49,1.9111504861378514
geco22,349,49,1.9111504861378514
geco22,350,49,1.9111504861378514
geco22,351,49,1.9111504861378514
geco22,352,49,1.9111504861378514
geco22,353,49,1.9111504861378514
geco22,354,49,1.9111504861378514
geco22,355,49,1.9111504861378514
geco22,356,49,1.9111504861378514
geco22,357,49,1.9111504861378514
geco22,358,49,1.9111504861378514
geco22,359,49,1.9111504861378514
geco22,360,49,1.9111504861378514
geco22,361,49,1.9111504861378514
geco22,362,49,1.9111504861378514
geco22,363,49,1.9111504861378514
geco22,364,49,1.9111504861378514
geco22,365,49,1.9111504861378514
geco22,366,49,1.9111504861378514
geco22,367,49,1.9111504861378514
geco22,368,49,1.9111504861378514
geco22,369,49,1.9111504861378514
geco22,370,49,1.9111504861378514
geco22,371,49,1.9111504861378514
geco22,372,49,1.9111504861378514
geco22,373,49,1.9111504861378514
geco22,374,49,1.9111504861378514
geco22,375,49,1.9111504861378514
geco22,376,49,1.9111504861378514
geco22,377,49,1.9111504861378514
geco22,378,49,1.9111504861378514
geco22,379,49,1.9111504861378514
geco22,380,49,1.9111504861378514
geco22,381,49,1.9111504861378514
geco22,382,49,1.9111504861378514
geco22,383,49,1.9111504861378514
geco22,384,49,1.9111504861378514
geco22,385,49,1.9111504861378514
geco22,386,49,1.9111504861378514
geco22,387,49,1.9111504861378514
geco22,388,49,1.9111504861378514
geco22,389,49,1.9111504861378514
geco22,390,49,1.9111504861378514
geco22,391,49,1.9111504861378514
geco22,392,49,1.9111504861378514
geco22,393,49,1.9111504861378514
geco22,394,49,1.9111504861378514
geco22,395,49,1.9111504861378514
geco22,396,49,1.9111504861378514
geco22,397,49,1.9111504861378514
geco22,398,49,1.9111504861378514
geco22,399,49,1.9111504861378514
geco22,400,49,1.9111504861378514
geco22,401,49,1.9111504861378514
geco22,402,49,1.9111504861378514
geco22,403,49,1.9111504861378514
geco22,404,49,1.9111504861378514
geco22,405,49,1.9111504861378514
geco22,406,49,1.9111504861378514
geco22,407,49,1.9111504861378514
geco22,408,49,1.9111504861378514
geco22,409,49,1.9111504861378514
geco22,410,49,1.9111504861378514
geco22,411,49,1.9111504861378514
geco22,412,49,1.9111504861378514
geco22,413,49,1.9111504861378514
geco22,414,49,1.9111504861378514
geco22,415,49,1.9111504861378514
geco22,416,49,1.9111504861378514
geco22,417,49,1.9111504861378514
geco22,418,49,1.9111504861378514
geco22,419,49,1.9111504861378514
geco22,420,49,1.9111504861378514
geco22,421,49,1.9111504861378514
geco22,422,49,1.9111504861378514
geco22,423,49,1.9111504861378514
geco22,424,49,1.9111504861378514
geco22,425,49,1.9111504861378514
geco22,426,49,1.9111504861378514
geco22,427,49,1.9111504861378514
geco22,428,49,1.9111504861378514
geco22,429,49,1.9111504861378514
geco22,430,49,1.9111504861378514
geco22,431,49,1.9111504861378514
geco22,432,49,1.9111504861378514
geco22,433,49,1.9111504861378514
geco22,434,49,1.9111504861378514
geco22,435,49,1.9111504861378514
geco22,436,49,1.9111504861378514
geco22,437,49,1.9111504861378514
geco22,438,49,1.9111504861378514
geco22,439,49,1.9111504861378514
geco22,440,49,1.9111504861378514
geco22,441,49,1.9111504861378514
geco22,442,49,1.9111504861378514
geco22,443,49,1.9111504861378514
geco22,444,49,1.9111504861378514
geco22,445,49,1.9111504861378514
geco22,446,49,1.9111504861378514
geco22,447,49,1.9111504861378514
geco22,448,49,1.9111504861378514
geco22,449,49,1.9111504861378514
geco22,450,49,1.9111504861378514
geco22,451,49,1.9111504861378514
geco22,452,49,1.9111504861378514
geco22,453,49,1.9111504861378514
geco22,454,49,1.9111504861378514
geco22,455,49,1.9111504861378514
geco22,456,49,1.9111504861378514
geco22,457,49,1.9111504861378514
geco22,458,49,1.9111504861378514
geco22,459,49,1.9111504861378514
geco22,460,49,1.9111504861378514
geco22,461,49,1.9111504861378514
geco22,462,49,1.9111504861378514
geco22,463,49,1.9111504861378514
geco22,464,49,1.9111504861378514
geco22,465,49,1.9111504861378514
geco22,466,49,1.9111504861378514
geco22,467,49,1.9111504861378514
geco22,468,49,1.9111504861378514
geco22,469,49,1.9111504861378514
geco22,470,49,1.9111504861378514
geco22,471,49,1.9111504861378514
geco22,472,49,1.9111504861378514
geco22,473,49,1.9111504861378514
geco22,474,49,1.9111504861378514
geco22,475,49,1.9111504861378514
geco22,476,49,1.9111504861378514
geco22,477,49,1.9111504861378514
geco22,478,49,1.9111504861378514
geco22,479,49,1.9111504861378514
geco22,480,49,1.9111504861378514
geco22,481,49,1.9111504861378514
geco22,482,49,1.9111504861378514
geco22,483,49,1.9111504861378514
geco22,484,49,1.9111504861378514
geco22,485,49,1.9111504861378514
geco22,486,49,1.9111504861378514
geco22,487,49,1.9111504861378514
geco22,488,49,1.9111504861378514
geco22,489,49,1.9111504861378514
geco22,490,49,1.9111504861378514
geco22,491,49,1.9111504861378514
geco22,492,49,1.9111504861378514
geco22,493,49,1.9111504861378514
geco22,494,49,1.9111504861378514
geco22,495,49,1.9111504861378514
geco22,496,49,1.9111504861378514
geco22,497,49,1.9111504861378514
geco22,498,49,1.9111504861378514
geco22,499,49,1.9111504861378514
geco22,500,49,1.9111504861378514
geco22,501,49,1.9111504861378514
geco22,502,49,1.9111504861378514
geco22,503,49,1.9111504861378514
geco22,504,49,1.9111504861378514
geco22,505,49,1.9111504861378514
geco22,506,49,1.9111504861378514
geco22,507,49,1.9111504861378514
geco22,508,49,1.9111504861378514
geco22,509,49,1.9111504861378514
geco22,510,49,1.9111504861378514
geco22,511,49,1.9111504861378514
geco22,512,49,1.9111504861378514
geco22,513,49,1.9111504861378514
geco22,514,49,1.9111504861378514
geco22,515,49,1.9111504861378514
geco22,516,49,1.9111504861378514
geco22,517,49,1.9111504861378514
geco22,518,49,1.9111504861378514
geco22,519,49,1.9111504861378514
geco22,520,49,1.9111504861378514
geco22,521,49,1.9111504861378514
geco22,522,49,1.9111504861378514
geco22,523,49,1.9111504861378514
geco22,524,49,1.9111504861378514
geco22,525,49,1.9111504861378514
geco22,526,49,1.9111504861378514
geco22,527,49,1.9111504861378514
geco22,528,49,1.9111504861378514
geco22,529,49,1.9111504861378514
geco22,530,49,1.9111504861378514
geco22,531,49,1.9111504861378514
geco22,532,49,1.9111504861378514
geco22,533,49,1.9111504861378514
geco22,534,49,1.9111504861378514
geco22,535,49,1.9111504861378514
geco22,536,49,1.9111504861378514
geco22,537,49,1.9111504861378514
geco22,538,49,1.9111504861378514
geco22,539,49,1.9111504861378514
geco22,540,49,1.9111504861378514
geco22,541,49,1.9111504861378514
geco22,542,49,1.9111504861378514
geco22,543,49,1.9111504861378514
geco22,544,49,1.9111504861378514
geco22,545,49,1.9111504861378514
geco22,546,49,1.9111504861378514
geco22,547,49,1.9111504861378514
geco22,548,49,1.9111504861378514
geco22,549,49,1.9111504861378514
geco22,550,49,1.9111504861378514
geco22,551,49,1.9111504861378514
geco22,552,49,1.9111504861378514
geco22,553,49,1.9111504861378514
geco22,554,49,1.9111504861378514
geco22,555,49,1.9111504861378514
geco22,556,49,1.9111504861378514
geco22,557,49,1.9111504861378514
geco22,558,49,1.9111504861378514
geco22,559,49,1.9111504861378514
geco22,560,49,1.9111504861378514
geco22,561,49,1.9111504861378514
geco22,562,49,1.9111504861378514
geco22,563,49,1.9111504861378514
geco22,564,49,1.9111504861378514
geco22,565,49,1.9111504861378514
geco22,566,49,1.9111504861378514
geco22,567,49,1.9111504861378514
geco22,568,49,1.9111504861378514
geco22,569,49,1.9111504861378514
geco22,570,49,1.9111504861378514
geco22,571,49,1.9111504861378514
geco22,572,49,1.9111504861378514
geco22,573,49,1.9111504861378514
geco22,574,49,1.9111504861378514
geco22,575,49,1.9111504861378514
geco22,576,49,1.9111504861378514
geco22,577,49,1.9111504861378514
geco22,578,49,1.9111504861378514
geco22,579,49,1.9111504861378514
geco22,580,49,1.9111504861378514
geco22,581,49,1.9111504861378514
geco22,582,49,1.9111504861378514
geco22,583,49,1.9111504861378514
geco22,584,49,1.9111504861378514
geco22,585,49,1.9111504861378514
geco22,586,49,1.9111504861378514
geco22,587,49,1.9111504861378514
geco22,588,49,1.9111504861378514
geco22,589,49,1.9111504861378514
geco22,590,49,1.9111504861378514
geco22,591,49,1.9111504861378514
geco22,592,49,1.9111504861378514
geco22,593,49,1.9111504861378514
geco22,594,49,1.9111504861378514
geco22,595,49,1.9111504861378514
geco22,596,49,1.9111504861378514
geco22,597,49,1.9111504861378514
geco22,598,49,1.9111504861378514
geco22,599,49,1.9111504861378514
geco22,600,49,1.9111504861378514
geco22,601,49,1.9111504861378514
geco22,602,49,1.9111504861378514
geco22,603,49,1.9111504861378514
geco22,604,49,1.9111504861378514
geco22,605,49,1.9111504861378514
geco22,606,49,1.9111504861378514
geco22,607,49,1.9111504861378514
geco22,608,49,1.9111504861378514
geco22,609,49,1.9111504861378514
geco22,610,49,1.9111504861378514
geco22,611,49,1.9111504861378514
geco22,612,49,1.9111504861378514
geco22,613,49,1.9111504861378514
geco22,614,49,1.9111504861378514
geco22,615,49,1.9111504861378514
geco22,616,49,1.9111504861378514
geco22,617,49,1.9111504861378514
geco22,618,49,1.9111504861378514
geco22,619,49,1.9111504861378514
geco22,620,49,1.9111504861378514
geco22,621,49,1.9111504861378514
geco22,622,49,1.9111504861378514
geco22,623,49,1.9111504861378514
geco22,624,49,1.9111504861378514
geco22,625,49,1.9111504861378514
geco22,626,49,1.9111504861378514
geco22,627,49,1.9111504861378514
geco22,628,49,1.9111504861378514
geco22,629,49,1.9111504861378514
geco22,630,49,1.9111504861378514
geco22,631,49,1.9111504861378514
geco22,632,49,1.9111504861378514
geco22,633,49,1.9111504861378514
geco22,634,49,1.9111504861378514
geco22,635,49,1.9111504861378514
geco22,636,49,1.9111504861378514
geco22,637,49,1.9111504861378514
geco22,638,49,1.9111504861378514
geco22,639,49,1.9111504861378514
geco22,640,49,1.9111504861378514
geco22,641,49,1.9111504861378514
geco22,642,49,1.9111504861378514
geco22,643,49,1.9111504861378514
geco22,644,49,1.9111504861378514
geco22,645,49,1.9111504861378514
geco22,646,49,1.9111504861378514
geco22,647,49,1.9111504861378514
geco22,648,49,1.9111504861378514
geco22,649,49,1.9111504861378514
geco22,650,49,1.9111504861378514
geco22,651,49,1.9111504861378514
geco22,652,49,1.9111504861378514
geco22,653,49,1.9111504861378514
geco22,654,49,1.9111504861378514
geco22,655,49,1.9111504861378514
geco22,656,49,1.9111504861378514
geco22,657,49,1.9111504861378514
geco22,658,49,1.9111504861378514
geco22,659,49,1.9111504861378514
geco22,660,49,1.9111504861378514
geco22,661,49,1.9111504861378514
geco22,662,49,1.9111504861378514
geco22,663,49,1.9111504861378514
geco22,664,49,1.9111504861378514
geco22,665,49,1.9111504861378514
geco22,666,49,1.9111504861378514
geco22,667,49,1.9111504861378514
geco22,668,49,1.9111504861378514
geco22,669,49,1.9111504861378514
geco22,670,49,1.9111504861378514
geco22,671,49,1.9111504861378514
geco22,672,49,1.9111504861378514
geco22,673,49,1.9111504861378514
geco22,674,49,1.9111504861378514
geco22,675,49,1.9111504861378514
geco22,676,49,1.9111504861378514
geco22,677,49,1.9111504861378514
geco22,678,49,1.9111504861378514
geco22,679,49,1.9111504861378514
geco22,680,49,1.9111504861378514
geco22,681,49,1.9111504861378514
geco22,682,49,1.9111504861378514
geco22,683,49,1.9111504861378514
geco22,684,49,1.9111504861378514
geco22,685,49,1.9111504861378514
geco22,686,49,1.9111504861378514
geco22,687,49,1.9111504861378514
geco22,688,49,1.9111504861378514
geco22,689,49,1.9111504861378514
geco22,690,49,1.9111504861378514
geco22,691,49,1.9111504861378514
geco22,692,49,1.9111504861378514
geco22,693,49,1.9111504861378514
geco22,694,49,1.9111504861378514
geco22,695,49,1.9111504861378514
geco22,696,49,1.9111504861378514
geco22,697,49,1.9111504861378514
geco22,698,49,1.9111504861378514
geco22,699,49,1.9111504861378514
geco22,700,49,1.9111504861378514
geco22,701,49,1.9111504861378514
geco22,702,49,1.9111504861378514
geco22,703,49,1.9111504861378514
geco22,704,49,1.9111504861378514
geco22,705,49,1.9111504861378514
geco22,706,49,1.9111504861378514
geco22,707,49,1.9111504861378514
geco22,708,49,1.9111504861378514
geco22,709,49,1.9111504861378514
geco22,710,49,1.9111504861378514
geco22,711,49,1.9111504861378514
geco22,712,49,1.9111504861378514
geco22,713,49,1.9111504861378514
geco22,714,49,1.9111504861378514
geco22,715,49,1.9111504861378514
geco22,716,49,1.9111504861378514
geco22,717,49,1.9111504861378514
geco22,718,49,1.9111504861378514
geco22,719,49,1.9111504861378514
geco22,720,49,1.9111504861378514
geco22,721,49,1.9111504861378514
geco22,722,49,1.9111504861378514
geco22,723,49,1.9111504861378514
geco22,724,49,1.9111504861378514
geco22,725,49,1.9111504861378514
geco22,726,49,1.9111504861378514
geco22,727,49,1.9111504861378514
geco22,728,49,1.9111504861378514
geco22,729,49,1.9111504861378514
geco22,730,49,1.9111504861378514
geco22,731,49,1.9111504861378514
geco22,732,49,1.9111504861378514
geco22,733,49,1.9111504861378514
geco22,734,49,1.9111504861378514
geco22,735,49,1.9111504861378514
geco22,736,49,1.9111504861378514
geco22,737,49,1.9111504861378514
geco22,738,49,1.9111504861378514
geco22,739,49,1.9111504861378514
geco22,740,49,1.9111504861378514
geco22,741,49,1.9111504861378514
geco22,742,49,1.9111504861378514
geco22,743,49,1.9111504861378514
geco22,744,49,1.9111504861378514
geco22,745,49,1.9111504861378514
geco22,746,49,1.9111504861378514
geco22,747,49,1.9111504861378514
geco22,748,49,1.9111504861378514
geco22,749,49,1.9111504861378514
geco22,750,49,1.9111504861378514
geco22,751,49,1.9111504861378514
geco22,752,49,1.9111504861378514
geco22,753,49,1.9111504861378514
geco22,754,49,1.9111504861378514
geco22,755,49,1.9111504861378514
geco22,756,49,1.9111504861378514
geco22,757,49,1.9111504861378514
geco22,758,49,1.9111504861378514
geco22,759,49,1.9111504861378514
geco22,760,49,1.9111504861378514
geco22,761,49,1.9111504861378514
geco22,762,49,1.9111504861378514
geco22,763,49,1.9111504861378514
geco22,764,49,1.9111504861378514
geco22,765,49,1.9111504861378514
geco22,766,49,1.9111504861378514
geco22,767,49,1.9111504861378514
geco22,768,49,1.9111504861378514
geco22,769,49,1.9111504861378514
geco22,770,49,1.9111504861378514
geco22,771,49,1.9111504861378514
geco22,772,49,1.9111504861378514
geco22,773,49,1.9111504861378514
geco22,774,49,1.9111504861378514
geco22,775,49,1.9111504861378514
geco22,776,49,1.9111504861378514
geco22,777,49,1.9111504861378514
geco22,778,49,1.9111504861378514
geco22,779,49,1.9111504861378514
geco22,780,49,1.9111504861378514
geco22,781,49,1.9111504861378514
geco22,782,49,1.9111504861378514
geco22,783,49,1.9111504861378514
geco22,784,49,1.9111504861378514
geco22,785,49,1.9111504861378514
geco22,786,49,1.9111504861378514
geco22,787,49,1.9111504861378514
geco22,788,49,1.9111504861378514
geco22,789,49,1.9111504861378514
geco22,790,49,1.9111504861378514
geco22,791,49,1.9111504861378514
geco22,792,49,1.9111504861378514
geco22,793,49,1.9111504861378514
geco22,794,49,1.9111504861378514
geco22,795,49,1.9111504861378514
geco22,796,49,1.9111504861378514
geco22,797,49,1.9111504861378514
geco22,798,49,1.9111504861378514
geco22,799,49,1.9111504861378514
geco22,800,49,1.9111504861378514
geco22,801,49,1.9111504861378514
geco22,802,49,1.9111504861378514
geco22,803,49,1.9111504861378514
geco22,804,49,1.9111504861378514
geco22,805,49,1.9111504861378514
geco22,806,49,1.9111504861378514
geco22,807,49,1.9111504861378514
geco22,808,49,1.9111504861378514
geco22,809,49,1.9111504861378514
geco22,810,49,1.9111504861378514
geco22,811,49,1.9111504861378514
geco22,812,49,1.9111504861378514
geco22,813,49,1.9111504861378514
geco22,814,49,1.9111504861378514
geco22,815,49,1.9111504861378514
geco22,816,49,1.9111504861378514
geco22,817,49,1.9111504861378514
geco22,818,49,1.9111504861378514
geco22,819,49,1.9111504861378514
geco22,820,49,1.9111504861378514
geco22,821,49,1.9111504861378514
geco22,822,49,1.9111504861378514
geco22,823,49,1.9111504861378514
geco22,824,49,1.9111504861378514
geco22,825,49,1.9111504861378514
geco22,826,49,1.9111504861378514
geco22,827,49,1.9111504861378514
geco22,828,49,1.9111504861378514
geco22,829,49,1.9111504861378514
geco22,830,49,1.9111504861378514
geco22,831,49,1.9111504861378514
geco22,832,49,1.9111504861378514
geco22,833,49,1.9111504861378514
geco22,834,49,1.9111504861378514
geco22,835,49,1.9111504861378514
geco22,836,49,1.9111504861378514
geco22,837,49,1.9111504861378514
geco22,838,49,1.9111504861378514
geco22,839,49,1.9111504861378514
geco22,840,49,1.9111504861378514
geco22,841,49,1.9111504861378514
geco22,842,49,1.9111504861378514
geco22,843,49,1.9111504861378514
geco22,844,49,1.9111504861378514
geco22,845,49,1.9111504861378514
geco22,846,49,1.9111504861378514
geco22,847,49,1.9111504861378514
geco22,848,48,1.9161783854166667
geco22,849,48,1.9161783854166667
geco22,850,48,1.9161783854166667
geco22,851,48,1.9161783854166667
geco22,852,48,1.9161783854166667
geco22,853,48,1.9161783854166667
geco22,854,48,1.9161783854166667
geco22,855,48,1.9161783854166667
geco22,856,48,1.9161783854166667
geco22,857,48,1.9161783854166667
geco22,858,48,1.9161783854166667
geco22,859,48,1.9161783854166667
geco22,860,48,1.9161783854166667
geco22,861,48,1.9161783854166667
geco22,862,48,1.9161783854166667
geco22,863,48,1.9161783854166667
geco22,864,48,1.9161783854166667
geco22,865,48,1.9161783854166667
geco22,866,48,1.9161783854166667
geco22,867,48,1.9161783854166667
geco22,868,48,1.9161783854166667
geco22,869,48,1.9161783854166667
geco22,870,48,1.9161783854166667
geco22,871,48,1.9161783854166667
geco22,872,48,1.9161783854166667
geco22,873,48,1.9161783854166667
geco22,874,48,1.9161783854166667
geco22,875,48,1.9161783854166667
geco22,876,48,1.9161783854166667
geco22,877,48,1.9161783854166667
geco22,878,48,1.9161783854166667
geco22,879,48,1.9161783854166667
geco22,880,48,1.9161783854166667
geco22,881,48,1.9161783854166667
geco22,882,48,1.9161783854166667
geco22,883,48,1.9161783854166667
geco22,884,48,1.9161783854166667
geco22,885,48,1.9161783854166667
geco22,886,48,1.9161783854166667
geco22,887,48,1.9161783854166667
geco22,888,48,1.9161783854166667
geco22,889,48,1.9161783854166667
geco22,890,48,1.9161783854166667
geco22,891,48,1.9161783854166667
geco22,892,48,1.9161783854166667
geco22,893,48,1.9161783854166667
geco22,894,48,1.9161783854166667
geco22,895,48,1.9161783854166667
geco22,896,48,1.9161783854166667
geco22,897,48,1.9161783854166667
geco22,898,48,1.9161783854166667
geco22,899,48,1.9161783854166667
geco22,900,48,1.9161783854166667
geco22,901,48,1.9161783854166667
geco22,902,48,1.9161783854166667
geco22,903,48,1.9161783854166667
geco22,904,48,1.9161783854166667
geco22,905,48,1.9161783854166667
geco22,906,48,1.9161783854166667
geco22,907,48,1.9161783854166667
geco22,908,48,1.9161783854166667
geco22,909,48,1.9161783854166667
geco22,910,48,1.9161783854166667
geco22,911,48,1.9161783854166667
geco22,912,48,1.9161783854166667
geco22,913,48,1.9161783854166667
geco22,914,48,1.9161783854166667
geco22,915,48,1.9161783854166667
geco22,916,48,1.9161783854166667
geco22,917,48,1.9161783854166667
geco22,918,48,1.9161783854166667
geco22,919,48,1.9161783854166667
geco22,920,48,1.9161783854166667
geco22,921,48,1.9161783854166667
geco22,922,48,1.9161783854166667
geco22,923,48,1.9161783854166667
geco22,924,48,1.9161783854166667
geco22,925,48,1.9161783854166667
geco22,926,48,1.9161783854166667
geco22,927,48,1.9161783854166667
geco22,928,48,1.9161783854166667
geco22,929,48,1.9161783854166667
geco22,930,48,1.9161783854166667
geco22,931,48,1.9161783854166667
geco22,932,48,1.9161783854166667
geco22,933,48,1.9161783854166667
geco22,934,48,1.9161783854166667
geco22,935,48,1.9161783854166667
geco22,936,48,1.9161783854166667
geco22,937,48,1.9161783854166667
geco22,938,48,1.9161783854166667
geco22,939,48,1.9161783854166667
geco22,940,48,1.9161783854166667
geco22,941,48,1.9161783854166667
geco22,942,48,1.9161783854166667
geco22,943,48,1.9161783854166667
geco22,944,48,1.9161783854166667
geco22,945,48,1.9161783854166667
geco22,946,48,1.9161783854166667
geco22,947,48,1.9161783854166667
geco22,948,48,1.9161783854166667
geco22,949,48,1.9161783854166667
geco22,950,48,1.9161783854166667
geco22,951,48,1.9161783854166667
geco22,952,48,1.9161783854166667
geco22,953,48,1.9161783854166667
geco22,954,48,1.9161783854166667
geco22,955,48,1.9161783854166667
geco22,956,48,1.9161783854166667
geco22,957,48,1.9161783854166667
geco22,958,48,1.9161783854166667
geco22,959,48,1.9161783854166667
geco22,960,48,1.9161783854166667
geco22,961,48,1.9161783854166667
geco22,962,48,1.9161783854166667
geco22,963,48,1.9161783854166667
geco22,964,48,1.9161783854166667
geco22,965,48,1.9161783854166667
geco22,966,48,1.9161783854166667
geco22,967,48,1.9161783854166667
geco22,968,48,1.9161783854166667
geco22,969,48,1.9161783854166667
geco22,970,48,1.9161783854166667
geco22,971,48,1.9161783854166667
geco22,972,48,1.9161783854166667
geco22,973,48,1.9161783854166667
geco22,974,48,1.9161783854166667
geco22,975,48,1.9161783854166667
geco22,976,48,1.9161783854166667
geco22,977,48,1.9161783854166667
geco22,978,48,1.9161783854166667
geco22,979,48,1.9161783854166667
geco22,980,48,1.9161783854166667
geco22,981,48,1.9161783854166667
geco22,982,48,1.9161783854166667
geco22,983,48,1.9161783854166667
geco22,984,48,1.9161783854166667
geco22,985,48,1.9161783854166667
geco22,986,48,1.9161783854166667
geco22,987,48,1.9161783854166667
geco22,988,48,1.9161783854166667
geco22,989,48,1.9161783854166667
geco22,990,48,1.9161783854166667
geco22,991,48,1.9161783854166667
geco22,992,48,1.9161783854166667
geco22,993,48,1.9161783854166667
geco22,994,48,1.9161783854166667
geco22,995,48,1.9161783854166667
geco22,996,48,1.9161783854166667
geco22,997,48,1.9161783854166667
geco22,998,48,1.9161783854166667
geco22,999,48,1.9161783854166667
geco22,1000,48,1.9161783854166667
geco22,1001,48,1.9161783854166667
geco22,1002,48,1.9161783854166667
geco22,1003,48,1.9161783854166667
geco22,1004,48,1.9161783854166667
geco22,1005,48,1.9161783854166667
geco22,1006,48,1.9161783854166667
geco22,1007,48,1.9161783854166667
geco22,1008,48,1.9161783854166667
geco22,1009,48,1.9161783854166667
geco22,1010,48,1.9161783854166667
geco22,1011,48,1.9161783854166667
geco22,1012,48,1.9161783854166667
geco22,1013,48,1.9161783854166667
geco22,1014,48,1.9161783854166667
geco22,1015,48,1.9161783854166667
geco22,1016,48,1.9161783854166667
geco22,1017,48,1.9161783854166667
geco22,1018,48,1.9161783854166667
geco22,1019,48,1.9161783854166667
geco22,1020,48,1.9161783854166667
geco22,1021,48,1.9161783854166667
geco22,1022,48,1.9161783854166667
geco22,1023,48,1.9161783854166667
