model,model_window_position,base_count,mean_bpb
megabyte1,0,17,2.0246777250226717
megabyte1,1,17,1.9464194811690643
megabyte1,2,17,2.0605302609955713
megabyte1,3,17,1.9107656675298288
megabyte1,4,17,1.9049804475612868
megabyte1,5,17,1.9349294925058995
megabyte1,6,17,2.0650527260467624
megabyte1,7,17,1.8814468924498353
megabyte1,8,17,1.8059395058624406
megabyte1,9,17,1.9651162303783172
megabyte1,10,17,2.1231507949255723
megabyte1,11,17,1.8390632887622707
megabyte1,12,17,1.842100200333248
megabyte1,13,17,1.8004383559072923
megabyte1,14,17,1.7843423752099714
megabyte1,15,17,1.9102064770936602
megabyte1,16,17,2.1136007391559373
megabyte1,17,17,1.903634946136462
megabyte1,18,17,1.9678905842592282
megabyte1,19,17,1.878260417938134
megabyte1,20,17,1.9565940786759366
megabyte1,21,17,1.8710357885879305
megabyte1,22,17,1.903992459251915
megabyte1,23,17,1.9803906287006767
megabyte1,24,17,1.9075235584363255
megabyte1,25,17,1.8527286977393458
megabyte1,26,17,1.8451222622162244
megabyte1,27,17,1.9362434529711299
megabyte1,28,17,1.8572528379258462
megabyte1,29,17,1.6248443247226252
megabyte1,30,17,1.9978939204155328
megabyte1,31,17,2.008607314758134
megabyte1,32,17,1.8600451224348808
megabyte1,33,17,1.8335358116352718
megabyte1,34,17,1.8987202147224154
megabyte1,35,17,1.912904660470495
megabyte1,36,17,1.9983101546103446
megabyte1,37,17,1.8991409596756266
megabyte1,38,17,1.8426724623790065
megabyte1,39,17,1.8487551029582574
megabyte1,40,17,1.9770671825043589
megabyte1,41,17,1.7683804544899777
megabyte1,42,17,1.8551180209777067
megabyte1,43,17,1.6178404474772323
megabyte1,44,17,1.7828415592276667
megabyte1,45,17,1.8523067719947366
megabyte1,46,17,1.7887773649344834
megabyte1,47,17,1.9547345091147343
megabyte1,48,17,1.7498591564397907
megabyte1,49,17,1.8214320446493812
megabyte1,50,17,1.9460481911022982
megabyte1,51,17,1.8535504872231539
megabyte1,52,17,1.9631325499889651
megabyte1,53,17,1.7378874449317898
megabyte1,54,17,1.8188549140343029
megabyte1,55,17,1.88971036622988
megabyte1,56,17,2.0614422648805375
megabyte1,57,17,1.8663591784053306
megabyte1,58,17,1.926335562462515
megabyte1,59,17,1.8400529381632056
megabyte1,60,17,1.869475741220019
megabyte1,61,17,1.6885676219117922
megabyte1,62,17,1.944663076578142
megabyte1,63,17,1.6327207472003753
megabyte1,64,17,1.9237379034393012
megabyte1,65,17,2.115260955439999
megabyte1,66,17,1.8447692599564016
megabyte1,67,17,1.8410977288124646
megabyte1,68,17,1.8614880041778716
megabyte1,69,17,1.799319104659207
megabyte1,70,17,1.8279652406199887
megabyte1,71,17,1.813535749496811
megabyte1,72,17,1.6733748246206273
megabyte1,73,17,1.788162658751415
megabyte1,74,17,1.645966834743552
megabyte1,75,17,1.781571423283295
megabyte1,76,17,1.8295031271105269
megabyte1,77,17,1.7591929424187054
megabyte1,78,17,1.9443849380115745
megabyte1,79,17,1.7388167196453748
megabyte1,80,17,1.797702058966337
megabyte1,81,17,2.0981543896544954
megabyte1,82,17,1.6202794894243677
megabyte1,83,17,1.9721763763647047
megabyte1,84,17,1.7977091504731817
megabyte1,85,17,1.7518791817770658
megabyte1,86,17,1.7125496289144342
megabyte1,87,17,1.965063144552773
megabyte1,88,17,1.895234713099948
megabyte1,89,17,1.7568922653308923
megabyte1,90,17,1.7396291046016668
megabyte1,91,17,1.9372446891060344
megabyte1,92,17,1.9287649475494408
megabyte1,93,17,1.7331651728368933
megabyte1,94,17,1.7445348605137743
megabyte1,95,17,1.7810371789923496
megabyte1,96,17,2.0239107095377187
megabyte1,97,17,1.797164966783579
megabyte1,98,17,2.0566500336688205
megabyte1,99,17,1.5817807014616587
megabyte1,100,17,2.1185144163635647
megabyte1,101,17,1.9225594848943919
megabyte1,102,17,2.021376822512046
megabyte1,103,17,1.7623913350931946
megabyte1,104,17,1.6079653720532772
megabyte1,105,17,1.8079053327167842
megabyte1,106,17,1.7955826765611627
megabyte1,107,17,1.7085870086680304
megabyte1,108,17,1.717800226874802
megabyte1,109,17,1.7506324411936394
megabyte1,110,17,2.2757627200307486
megabyte1,111,17,1.7994818173830627
megabyte1,112,17,1.8569425367080619
megabyte1,113,17,1.8129385399893327
megabyte1,114,17,1.8111242009203778
megabyte1,115,17,1.7426920219555433
megabyte1,116,17,1.8422319635763147
megabyte1,117,17,1.8099037627120702
megabyte1,118,17,1.721049808771189
megabyte1,119,17,1.9583687322333632
megabyte1,120,17,1.6529022627443237
megabyte1,121,17,1.7598310196048892
megabyte1,122,17,1.8062861295847483
megabyte1,123,17,1.7157624387380468
megabyte1,124,17,1.856388528289841
megabyte1,125,17,1.9985006008249855
megabyte1,126,17,1.596726689055187
megabyte1,127,17,1.6916286975751125
megabyte1,128,17,1.7466298322392124
megabyte1,129,17,1.8158219351268259
megabyte1,130,17,1.8008222177122337
megabyte1,131,17,1.8221974829022016
megabyte1,132,17,2.1578067033255595
megabyte1,133,17,1.9156793542465795
megabyte1,134,17,1.770523527642598
megabyte1,135,17,1.6574033441690654
megabyte1,136,17,1.9964951560485105
megabyte1,137,17,1.6791419467600686
megabyte1,138,17,1.4317788730569156
megabyte1,139,17,1.7831378007738565
megabyte1,140,17,2.119355397604048
megabyte1,141,17,1.5618572467953187
megabyte1,142,17,1.6087769934820724
megabyte1,143,17,1.5738205244035477
megabyte1,144,17,1.5614329483205067
megabyte1,145,17,1.713635205182585
megabyte1,146,17,1.8006411583880308
megabyte1,147,17,1.8519099980286944
megabyte1,148,17,1.601311019066224
megabyte1,149,17,1.7540903161023855
megabyte1,150,17,1.7402270976455283
megabyte1,151,17,1.5375801849297894
megabyte1,152,17,1.71430789081496
megabyte1,153,17,1.6815023863567886
megabyte1,154,17,1.6300605839295792
megabyte1,155,17,1.5122454875312963
megabyte1,156,17,1.5055933531823
megabyte1,157,17,1.793817214657069
megabyte1,158,17,1.5976396507553685
megabyte1,159,17,1.560040558365851
megabyte1,160,17,1.5866380804412163
megabyte1,161,17,1.7665419053684108
megabyte1,162,17,1.5902691298161482
megabyte1,163,17,2.2777184877452625
megabyte1,164,17,1.5447450094766766
megabyte1,165,17,1.6624200420158264
megabyte1,166,17,1.6810451218946763
megabyte1,167,17,1.6049889829435333
megabyte1,168,17,1.5342788752304335
megabyte1,169,17,1.6007272521714617
megabyte1,170,17,1.5586592877265832
megabyte1,171,17,1.4595083062702894
megabyte1,172,17,1.6272031295350176
megabyte1,173,17,1.5537953568351552
megabyte1,174,17,1.8345812404139212
megabyte1,175,17,1.7097860402773082
megabyte1,176,17,1.6219270361079716
megabyte1,177,17,2.1558839494096604
megabyte1,178,17,2.026154050080681
megabyte1,179,17,1.6874178625846656
megabyte1,180,17,1.8029511628584447
megabyte1,181,17,1.5754438772062396
megabyte1,182,17,1.7446080025798427
megabyte1,183,17,2.161106144010508
megabyte1,184,17,1.653052122934488
megabyte1,185,17,1.7824164635065127
megabyte1,186,17,1.9828622749926845
megabyte1,187,17,1.9106028253413745
megabyte1,188,17,1.632354961732882
megabyte1,189,17,1.606323355194749
megabyte1,190,17,1.7558389319510108
megabyte1,191,17,1.7243265633492486
megabyte1,192,17,1.969311879623217
megabyte1,193,17,1.589608914872244
megabyte1,194,17,1.6271152743368085
megabyte1,195,17,1.7702789951942672
megabyte1,196,17,1.540960378724009
megabyte1,197,17,1.9632796700309778
megabyte1,198,17,1.6584138933358448
megabyte1,199,17,1.5651336373871392
megabyte1,200,17,1.5452935704450181
megabyte1,201,17,1.57714400574114
megabyte1,202,17,1.6823226304421515
megabyte1,203,17,1.6187536594198513
megabyte1,204,17,1.520045631540258
megabyte1,205,17,1.4615615688022239
megabyte1,206,17,1.8707140509126197
megabyte1,207,17,1.7708606259164252
megabyte1,208,17,1.6417507684481787
megabyte1,209,17,1.7054621379703514
megabyte1,210,17,1.4419594808956688
megabyte1,211,17,1.5739536391309465
megabyte1,212,17,1.4378699687549983
megabyte1,213,17,1.9312597740866635
megabyte1,214,17,1.4573222896421152
megabyte1,215,17,1.3145883429216918
megabyte1,216,17,1.9467545872561147
megabyte1,217,17,1.9184413523498742
megabyte1,218,17,2.008098629034953
megabyte1,219,17,1.469145342385928
megabyte1,220,17,1.5546882256340755
megabyte1,221,17,1.7824215606391278
megabyte1,222,17,1.7022684352199082
megabyte1,223,17,1.8780505979737216
megabyte1,224,17,1.7025583690165218
megabyte1,225,17,1.3295864289195551
megabyte1,226,17,1.555855980647791
megabyte1,227,17,1.4471661689971453
megabyte1,228,17,1.3916270850241705
megabyte1,229,17,1.6273934024790417
megabyte1,230,17,1.596279229143088
megabyte1,231,17,2.015104872950861
megabyte1,232,17,1.7685671565994836
megabyte1,233,17,1.7553880575475258
megabyte1,234,17,1.513734036541756
megabyte1,235,17,1.8489082753898465
megabyte1,236,17,2.037301841509211
megabyte1,237,17,1.5177331665176457
megabyte1,238,17,1.73542551359144
megabyte1,239,17,1.731213329713591
megabyte1,240,17,1.9274689891652657
megabyte1,241,17,1.6096173482214935
megabyte1,242,17,1.6687049384161772
megabyte1,243,17,1.6104768940481278
megabyte1,244,17,1.6277888778382619
megabyte1,245,17,2.013614611463248
megabyte1,246,17,1.979793589309864
megabyte1,247,17,1.5145662959247277
megabyte1,248,17,1.5646016806931409
megabyte1,249,17,1.6206007767231643
megabyte1,250,17,1.8135263143612959
megabyte1,251,17,1.5503145513949415
megabyte1,252,17,1.6181513556413267
megabyte1,253,17,1.4397298376619574
megabyte1,254,17,1.5648905277314427
megabyte1,255,17,1.5890675691661666
megabyte1,256,17,1.9585330898903257
megabyte1,257,17,1.5264215796432714
megabyte1,258,17,1.5269066578278094
megabyte1,259,17,1.6305088273441684
megabyte1,260,17,1.4951528864768933
megabyte1,261,17,1.6976533687986246
megabyte1,262,17,1.5059503023511722
megabyte1,263,17,1.7276945054064734
megabyte1,264,17,1.906184316634404
megabyte1,265,17,1.3174343718063477
megabyte1,266,17,1.6760971955470179
megabyte1,267,17,1.7439999165947344
megabyte1,268,17,1.4228611990365874
megabyte1,269,17,1.5648669299932672
megabyte1,270,17,1.609487930123642
megabyte1,271,17,1.436450413178848
megabyte1,272,17,1.4758915773379484
megabyte1,273,17,1.6799144028966924
megabyte1,274,17,1.4049898723949017
megabyte1,275,17,1.4742572818592619
megabyte1,276,17,1.7130146631932224
megabyte1,277,17,1.688997450290905
megabyte1,278,17,1.6128659182920422
megabyte1,279,17,1.5612815581084707
megabyte1,280,17,1.518370073898246
megabyte1,281,17,1.7535049942744105
megabyte1,282,17,1.7850870194419965
megabyte1,283,17,1.6811695208303712
megabyte1,284,17,1.723793856717316
megabyte1,285,17,1.5466075622089033
megabyte1,286,17,1.6973773340757172
megabyte1,287,17,1.5794727013082583
megabyte1,288,17,1.665618757104566
megabyte1,289,17,1.4756559907445035
megabyte1,290,17,1.8593335263313497
megabyte1,291,17,1.5732541716550894
megabyte1,292,17,1.484139918057922
megabyte1,293,17,1.661781278148476
megabyte1,294,17,1.773123400560043
megabyte1,295,17,1.5367729475341871
megabyte1,296,17,1.4131608620945832
megabyte1,297,17,1.401711892271564
megabyte1,298,17,1.5084605547020842
megabyte1,299,17,1.8218106373487715
megabyte1,300,17,1.4325404377869404
megabyte1,301,17,1.568792493309152
megabyte1,302,17,1.8072784302032157
megabyte1,303,17,1.9288953578146069
megabyte1,304,17,1.7012201181648423
megabyte1,305,17,1.7392950513852192
megabyte1,306,17,1.375361168408932
megabyte1,307,17,1.6436968847622937
megabyte1,308,17,1.8905506221537698
megabyte1,309,17,1.6852969334687131
megabyte1,310,17,1.7547336597892098
megabyte1,311,17,1.8564588295420577
megabyte1,312,17,1.4794251458048628
megabyte1,313,17,1.5235882829224803
megabyte1,314,17,1.6348705482720727
megabyte1,315,17,1.6906895808376867
megabyte1,316,17,1.5004780142633765
megabyte1,317,17,1.8144142741812705
megabyte1,318,17,1.5805025748806771
megabyte1,319,17,1.5748280476361538
megabyte1,320,17,1.9383124489626273
megabyte1,321,17,1.5750650913586024
megabyte1,322,17,1.6649517700727605
megabyte1,323,17,2.129842985152914
megabyte1,324,17,1.5920493020894386
megabyte1,325,17,1.76986864936417
megabyte1,326,17,1.7262376981089924
megabyte1,327,17,1.5717712357016078
megabyte1,328,17,1.436296455406966
megabyte1,329,17,1.6266505765454888
megabyte1,330,17,1.6522390859824865
megabyte1,331,17,1.6279816491950077
megabyte1,332,17,1.5509426589936215
megabyte1,333,17,1.4549229452264822
megabyte1,334,17,1.6659078702870476
megabyte1,335,17,1.5522527959282517
megabyte1,336,17,1.940821281382397
megabyte1,337,17,1.991569682116879
megabyte1,338,17,1.8378774612663233
megabyte1,339,17,1.5455890752249204
megabyte1,340,17,1.7261763248191113
megabyte1,341,17,1.53623017068501
megabyte1,342,17,1.598352946904818
megabyte1,343,17,1.468650752364336
megabyte1,344,17,1.589392754838245
megabyte1,345,17,1.5201200056549702
megabyte1,346,17,1.6891650697452554
megabyte1,347,17,1.5771359832431966
megabyte1,348,17,1.71135858430825
megabyte1,349,17,1.4679429631183514
megabyte1,350,17,2.0415563127515846
megabyte1,351,17,1.442625205105485
megabyte1,352,17,1.464851953647857
megabyte1,353,17,1.72910495715775
megabyte1,354,17,1.567526622923969
megabyte1,355,17,1.8830212067975638
megabyte1,356,17,1.620668980718449
megabyte1,357,17,2.056255198211053
megabyte1,358,17,1.8613248952339205
megabyte1,359,17,1.6630880667241161
megabyte1,360,17,1.7254572841888027
megabyte1,361,17,1.7535362461844335
megabyte1,362,17,1.8310134424162288
megabyte1,363,17,1.5465597514080027
megabyte1,364,17,1.4134426135316498
megabyte1,365,17,1.8928206493907358
megabyte1,366,17,1.6869301706776703
megabyte1,367,17,2.006849670601915
megabyte1,368,17,1.8752755403610943
megabyte1,369,17,1.7841888065799865
megabyte1,370,17,1.4568443718826112
megabyte1,371,17,1.7491693747162154
megabyte1,372,17,1.583681651835287
megabyte1,373,17,1.5938397886119415
megabyte1,374,17,1.54484219749745
megabyte1,375,17,1.7163357411745654
megabyte1,376,17,1.691094045068371
megabyte1,377,17,1.6324332722536405
megabyte1,378,17,1.6086278336933133
megabyte1,379,17,1.5507484228999964
megabyte1,380,17,1.6651037028233269
megabyte1,381,17,1.5759411354033996
megabyte1,382,17,1.70068185462372
megabyte1,383,17,1.523312254491535
megabyte1,384,17,1.527593884672298
megabyte1,385,17,1.8083847944721567
megabyte1,386,17,1.7277561909828405
megabyte1,387,17,1.7273841261781175
megabyte1,388,17,1.6568502865337023
megabyte1,389,17,1.6202513976604696
megabyte1,390,17,1.8448156459671041
megabyte1,391,17,1.6639912526007903
megabyte1,392,17,1.9524130165471196
megabyte1,393,17,1.9670499115402242
megabyte1,394,17,1.7141740198409432
megabyte1,395,17,2.143080841464563
megabyte1,396,17,1.7939312728271801
megabyte1,397,17,1.609827496913144
megabyte1,398,17,2.0769995501786696
megabyte1,399,17,1.5130855346104521
megabyte1,400,17,1.7143606627696368
megabyte1,401,17,1.7670563622918487
megabyte1,402,17,1.9457063472377139
megabyte1,403,17,2.306289077499161
megabyte1,404,17,1.6904978454988087
megabyte1,405,17,1.7299022396243617
megabyte1,406,17,2.1517735006777983
megabyte1,407,17,1.8580887393350942
megabyte1,408,17,2.188999835349958
megabyte1,409,17,1.7375035589788446
megabyte1,410,17,1.8374968223695614
megabyte1,411,17,2.034558695399192
megabyte1,412,17,1.8969582860583392
megabyte1,413,17,1.8609278235611257
megabyte1,414,17,1.6955911943735533
megabyte1,415,17,1.7179663317354428
megabyte1,416,17,1.8849619520780276
megabyte1,417,17,1.629829232301255
megabyte1,418,17,1.87308661200177
megabyte1,419,17,1.6074894555592518
megabyte1,420,17,1.838555267057591
megabyte1,421,17,1.763363541537088
megabyte1,422,17,2.035706364860939
megabyte1,423,17,1.8080785077178247
megabyte1,424,17,1.5904968771497303
megabyte1,425,17,1.9446365973569764
megabyte1,426,17,1.8071047155434226
megabyte1,427,17,2.065111751355124
megabyte1,428,17,1.8832315681986909
megabyte1,429,17,2.163240436079321
megabyte1,430,17,1.7907420545179473
megabyte1,431,17,1.783396523469127
megabyte1,432,17,1.5616883146496199
megabyte1,433,17,1.5120233232079818
megabyte1,434,17,1.686517878123415
megabyte1,435,17,1.6633008768515474
megabyte1,436,17,2.1289445617693152
megabyte1,437,17,1.6086710225154892
megabyte1,438,17,2.0970061479974644
megabyte1,439,17,1.5854213028138235
megabyte1,440,17,1.8984090888665164
megabyte1,441,17,1.6391271627109476
megabyte1,442,17,1.6841016857098028
megabyte1,443,17,1.5880312789991413
megabyte1,444,17,1.688050969770848
megabyte1,445,17,2.290306065920764
megabyte1,446,17,1.809058919481754
megabyte1,447,17,1.8475938168533084
megabyte1,448,17,1.9669616057018673
megabyte1,449,17,1.5862627383417074
megabyte1,450,17,1.7399693881240437
megabyte1,451,17,2.0395020307025975
megabyte1,452,17,1.9212001173219009
megabyte1,453,17,2.1567828553740127
megabyte1,454,17,2.070787076137038
megabyte1,455,17,1.9038870105195145
megabyte1,456,17,1.7469119331510647
megabyte1,457,17,1.6712389342562282
megabyte1,458,17,2.0314175999988464
megabyte1,459,17,1.9983199232082924
megabyte1,460,17,1.9384955630333878
megabyte1,461,17,1.7905442274832541
megabyte1,462,17,1.6521794144172466
megabyte1,463,17,1.7631533199073148
megabyte1,464,17,1.7339518634383655
megabyte1,465,17,1.5707500656524362
megabyte1,466,17,1.8991906255501187
megabyte1,467,17,2.024705253376675
megabyte1,468,17,1.4696096191743837
megabyte1,469,17,2.025999301727888
megabyte1,470,17,1.9379030103774368
megabyte1,471,17,1.778191141777317
megabyte1,472,17,1.5328893949859212
megabyte1,473,17,1.7646777239440936
megabyte1,474,17,1.6289375774387418
megabyte1,475,17,1.7423738004880258
megabyte1,476,17,1.7582120176836962
megabyte1,477,17,1.648673574744606
megabyte1,478,17,1.5581735742708795
megabyte1,479,17,2.152137382034254
megabyte1,480,17,1.8317051259726922
megabyte1,481,17,2.096323430206803
megabyte1,482,17,1.7972848159396633
megabyte1,483,17,1.6226049125575261
megabyte1,484,17,1.9603824833127543
megabyte1,485,17,1.601005407756381
megabyte1,486,17,1.6891929911663308
megabyte1,487,17,1.8903050335615048
megabyte1,488,17,1.832343313533603
megabyte1,489,17,1.785559670140203
megabyte1,490,17,1.5107164787831928
megabyte1,491,17,1.9265251694520615
megabyte1,492,17,1.5997749338239036
megabyte1,493,17,1.878940843094523
megabyte1,494,17,1.4974604787299994
megabyte1,495,17,1.6668020252070994
megabyte1,496,17,1.5163651993558491
megabyte1,497,17,1.5263763410299145
megabyte1,498,17,1.866633196038967
megabyte1,499,17,1.6822147897529927
megabyte1,500,17,1.480745444401159
megabyte1,501,17,1.4769742984999132
megabyte1,502,17,1.9348128789981427
megabyte1,503,17,1.6904428172652586
megabyte1,504,17,1.6112381748571243
megabyte1,505,17,1.731756195089968
megabyte1,506,17,1.5997943324584991
megabyte1,507,17,1.767809755010218
megabyte1,508,17,2.005866290031268
megabyte1,509,17,1.792568842575613
megabyte1,510,17,1.6948712204352594
megabyte1,511,17,1.7744850119414024
megabyte1,512,17,1.7505322078596826
megabyte1,513,17,1.810621760623647
megabyte1,514,17,2.0519515587851735
megabyte1,515,17,1.6764701279075271
megabyte1,516,17,1.680189983585281
megabyte1,517,17,1.4482757432951063
megabyte1,518,17,1.6521790321007641
megabyte1,519,17,1.6567534105847597
megabyte1,520,17,1.6303764419684779
megabyte1,521,17,1.7547724720533633
megabyte1,522,17,1.8048808609408038
megabyte1,523,17,1.6224677443315259
megabyte1,524,17,1.6169173116882658
megabyte1,525,17,1.595327912272253
megabyte1,526,17,1.7755563266880647
megabyte1,527,17,1.7708492964214542
megabyte1,528,17,1.4743004037376304
megabyte1,529,17,2.1233531018557708
megabyte1,530,17,1.715676873917845
megabyte1,531,17,1.5566739788525414
megabyte1,532,17,1.9801687029543795
megabyte1,533,17,1.9277928318635535
megabyte1,534,17,1.7385712398287285
megabyte1,535,17,1.7504009805542946
megabyte1,536,17,1.59268679581211
megabyte1,537,17,1.5720835234138597
megabyte1,538,17,1.700022224142442
megabyte1,539,17,1.677908636877391
megabyte1,540,17,1.712169278301596
megabyte1,541,17,1.4663972194976977
megabyte1,542,17,1.9263901927644436
megabyte1,543,17,1.8108159927241065
megabyte1,544,17,1.5969962095228891
megabyte1,545,17,1.5225694083303951
megabyte1,546,17,1.8415767936400833
megabyte1,547,17,1.7985161978804474
megabyte1,548,17,1.9423248944943083
megabyte1,549,17,1.778188308183744
megabyte1,550,17,1.7350220028558108
megabyte1,551,17,1.5753659664103528
megabyte1,552,17,1.8672375183864431
megabyte1,553,17,1.8428383917160343
megabyte1,554,17,1.7493363294207624
megabyte1,555,17,1.7360033386856628
megabyte1,556,17,1.7030991576278414
megabyte1,557,17,1.7608511045649562
megabyte1,558,17,1.5786931754246165
megabyte1,559,17,1.8099342225879784
megabyte1,560,17,1.801853951369475
megabyte1,561,17,1.754855288214076
megabyte1,562,17,1.743512668617295
megabyte1,563,17,1.630942688687073
megabyte1,564,17,1.3983696658535614
megabyte1,565,17,1.6169643227219561
megabyte1,566,17,1.491317336833545
megabyte1,567,17,1.604007735575256
megabyte1,568,17,1.7334289921174393
megabyte1,569,17,1.611777923515227
megabyte1,570,17,1.776208948583783
megabyte1,571,17,1.717153324788141
megabyte1,572,17,1.6861105406439885
megabyte1,573,17,1.7458552283965338
megabyte1,574,17,2.1221938361152066
megabyte1,575,17,1.6720734957308012
megabyte1,576,17,1.8398131479609634
megabyte1,577,17,1.7386866634327298
megabyte1,578,17,1.6978638799271564
megabyte1,579,17,1.6444022414472594
megabyte1,580,17,1.9152252795789162
megabyte1,581,17,1.8656187539422264
megabyte1,582,17,2.010328308228017
megabyte1,583,17,2.155767540780232
megabyte1,584,17,1.994222451146716
megabyte1,585,17,1.812895266661336
megabyte1,586,17,1.7259734531469546
megabyte1,587,17,1.9240498057251083
megabyte1,588,17,1.692535577401311
megabyte1,589,17,2.0067370957632074
megabyte1,590,17,1.6757512286433
megabyte1,591,17,1.7461876747882779
megabyte1,592,17,1.787451827325058
megabyte1,593,17,1.6844754642321236
megabyte1,594,17,1.762178367651694
megabyte1,595,17,1.6688738684572029
megabyte1,596,17,1.5784734532512519
megabyte1,597,17,1.769277587482398
megabyte1,598,17,1.7747032908541251
megabyte1,599,17,2.055366215960403
megabyte1,600,17,1.9206989918165918
megabyte1,601,17,1.6906531613613558
megabyte1,602,17,1.718265753037987
megabyte1,603,17,1.8022760423364328
megabyte1,604,17,1.7225665662515388
megabyte1,605,17,1.591093958010541
megabyte1,606,17,1.6876223771138603
megabyte1,607,17,1.7443089896423698
megabyte1,608,17,2.0639863645301912
megabyte1,609,17,1.5903480524961962
megabyte1,610,17,1.935023452671559
megabyte1,611,17,1.7697988378678566
megabyte1,612,17,1.8834683058743684
megabyte1,613,17,2.06047235631726
megabyte1,614,17,1.6493917053533769
megabyte1,615,17,1.5766048986081789
megabyte1,616,17,1.772251971003565
megabyte1,617,17,1.8442886096093785
megabyte1,618,17,1.5650972612511034
megabyte1,619,17,1.5158866877802746
megabyte1,620,17,1.8695217939742705
megabyte1,621,17,1.714638971496533
megabyte1,622,17,1.6624415008759152
megabyte1,623,17,1.6578158477142964
megabyte1,624,17,1.7824308474586679
megabyte1,625,17,1.978426076036688
megabyte1,626,17,1.5481384866412766
megabyte1,627,17,1.691676607681906
megabyte1,628,17,1.5878433646520098
megabyte1,629,17,1.806466624385107
megabyte1,630,17,2.0272951687357814
megabyte1,631,17,1.7755623959241915
megabyte1,632,17,1.5978828046552074
megabyte1,633,17,1.7027169525364916
megabyte1,634,17,1.5752734069059278
megabyte1,635,17,1.5702378824621857
megabyte1,636,17,2.077962904046483
megabyte1,637,17,1.637174575625707
megabyte1,638,17,1.6924381573870102
megabyte1,639,17,1.6414525938894977
megabyte1,640,17,1.6679868255208228
megabyte1,641,17,1.8595830571751495
megabyte1,642,17,1.7592023656995839
megabyte1,643,17,1.6303625720642516
megabyte1,644,17,1.7926063603898914
megabyte1,645,17,1.6232293144128414
megabyte1,646,17,1.5593356847125408
megabyte1,647,17,1.514453073359161
megabyte1,648,17,1.688956363133011
megabyte1,649,17,1.6457593562810535
megabyte1,650,17,1.4708012482486614
megabyte1,651,17,1.8266580290831018
megabyte1,652,17,1.6596592954153568
megabyte1,653,17,2.1804020427049355
megabyte1,654,17,1.8888546412806861
megabyte1,655,17,1.7217532375449789
megabyte1,656,17,1.5354373288821774
megabyte1,657,17,1.502539062798687
megabyte1,658,17,1.652043246563545
megabyte1,659,17,1.474229011570735
megabyte1,660,17,1.4320965450663294
megabyte1,661,17,1.5379347095060862
megabyte1,662,17,1.9433642468046552
megabyte1,663,17,1.6551713290399457
megabyte1,664,17,2.1913463390135686
megabyte1,665,17,1.66422428879101
megabyte1,666,17,1.7797547237141862
megabyte1,667,17,1.642396377265342
megabyte1,668,17,1.667508171927339
megabyte1,669,17,1.5085668458301866
megabyte1,670,17,1.8087690245168684
megabyte1,671,17,1.576950731146455
megabyte1,672,17,1.800852817373101
megabyte1,673,17,1.7933155505284832
megabyte1,674,17,2.1619540825435597
megabyte1,675,17,1.7494576748529425
megabyte1,676,17,1.576726890454262
megabyte1,677,17,1.6596049023603954
megabyte1,678,17,1.393539539397779
megabyte1,679,17,1.5051258645234111
megabyte1,680,17,1.7634675860394018
megabyte1,681,17,1.4083179942205437
megabyte1,682,17,1.6695392770327928
megabyte1,683,17,1.5602393284331506
megabyte1,684,17,1.7923452497178582
megabyte1,685,17,1.609415146904956
megabyte1,686,17,2.1226799385100836
megabyte1,687,17,1.8833578413889138
megabyte1,688,17,1.9710343993180364
megabyte1,689,17,1.5929046663546447
megabyte1,690,17,1.8121243148200723
megabyte1,691,17,1.5573969082786008
megabyte1,692,17,1.5104814700650444
megabyte1,693,17,1.7653424113868417
megabyte1,694,17,1.5254790545421397
megabyte1,695,17,1.4845073850757555
megabyte1,696,17,1.658460923292492
megabyte1,697,17,1.5166279861448912
megabyte1,698,17,1.5092024676683047
megabyte1,699,17,1.4664523329706454
megabyte1,700,17,1.579297267876759
megabyte1,701,17,1.4733192380842999
megabyte1,702,17,1.7647542442373239
megabyte1,703,17,1.6052585858380188
megabyte1,704,17,1.3162769791195625
megabyte1,705,17,1.6039403279509667
megabyte1,706,17,1.5145447315671061
megabyte1,707,17,1.6467505242927287
megabyte1,708,17,1.574776284229489
megabyte1,709,17,1.5637297554139586
megabyte1,710,17,1.8962350983952183
megabyte1,711,17,1.9981340159826602
megabyte1,712,17,1.8035963930251298
megabyte1,713,17,1.5967522384257435
megabyte1,714,17,1.5162481834649217
megabyte1,715,17,1.5374404144006397
megabyte1,716,17,1.4669265829477094
megabyte1,717,17,1.8670413357342681
megabyte1,718,17,1.7564507783513879
megabyte1,719,17,1.5902314377423021
megabyte1,720,17,1.479298410979288
megabyte1,721,17,1.7158636376361818
megabyte1,722,17,1.3239023888627872
megabyte1,723,17,2.033898998172373
megabyte1,724,17,1.484335131304818
megabyte1,725,17,1.5625109292658252
megabyte1,726,17,1.3893112837713728
megabyte1,727,17,1.6013111289861455
megabyte1,728,17,1.695136972499556
megabyte1,729,17,1.300532649573662
megabyte1,730,17,1.637062916432619
megabyte1,731,17,1.3751495366588533
megabyte1,732,17,2.0355783972585697
megabyte1,733,17,1.8818354934019546
megabyte1,734,17,1.575683979560177
megabyte1,735,17,1.4148444946985652
megabyte1,736,17,1.6535914951318713
megabyte1,737,17,1.541426585963502
megabyte1,738,17,1.5039249759400832
megabyte1,739,17,1.3933303356178461
megabyte1,740,17,1.450125715946166
megabyte1,741,17,1.8835807256832078
megabyte1,742,17,1.399004111002057
megabyte1,743,17,2.083980515961032
megabyte1,744,17,1.7063770802365887
megabyte1,745,17,1.3970387407178397
megabyte1,746,17,1.4954882072742361
megabyte1,747,17,1.5397066647230286
megabyte1,748,17,1.7529862947064474
megabyte1,749,17,1.2213307632806065
megabyte1,750,17,1.687573428021234
megabyte1,751,17,1.8431065274807725
megabyte1,752,17,1.5598316298450363
megabyte1,753,17,1.799248000565024
megabyte1,754,17,1.9974888394841641
megabyte1,755,17,1.7172560802091554
megabyte1,756,17,1.660635685612658
megabyte1,757,17,1.700248935124651
megabyte1,758,17,1.8119814875573776
megabyte1,759,17,1.753942540551686
megabyte1,760,17,1.9291736431669595
megabyte1,761,17,1.9467989331747424
megabyte1,762,17,1.6312219689755512
megabyte1,763,17,1.7153098401424571
megabyte1,764,17,2.055482358412473
megabyte1,765,17,2.058789230210262
megabyte1,766,17,1.7233695235181021
megabyte1,767,17,1.7558532501189281
megabyte1,768,17,1.9449056644900238
megabyte1,769,17,1.6884204718544824
megabyte1,770,17,2.0239524098312867
megabyte1,771,17,1.7475627159414857
megabyte1,772,17,1.5351930335482604
megabyte1,773,17,1.6497417675367405
megabyte1,774,17,1.694181388517805
megabyte1,775,17,1.6954092202170212
megabyte1,776,17,1.5707877862293065
megabyte1,777,17,1.9532470719572455
megabyte1,778,17,1.8784735460062043
megabyte1,779,17,1.7405474925095572
megabyte1,780,17,1.561113790589614
megabyte1,781,17,1.7995893001346015
megabyte1,782,17,1.9581881212851726
megabyte1,783,17,1.7909459582948484
megabyte1,784,17,1.6144078378859448
megabyte1,785,17,1.9220206312401804
megabyte1,786,17,1.6637083282244076
megabyte1,787,17,1.6860686239248284
megabyte1,788,17,2.101822305326312
megabyte1,789,17,1.5285187959615631
megabyte1,790,17,1.70959346330158
megabyte1,791,17,1.4500874357616647
megabyte1,792,17,1.5786769632106232
megabyte1,793,17,1.541327541879204
megabyte1,794,17,1.4983804538660879
megabyte1,795,17,1.7561762265357992
megabyte1,796,17,1.491167207674862
megabyte1,797,17,2.0143646045879424
megabyte1,798,17,1.593046729532623
megabyte1,799,17,1.5761000515883428
megabyte1,800,17,1.5950800636458953
megabyte1,801,17,1.8006486358710032
megabyte1,802,17,1.7496452135460652
megabyte1,803,17,1.5842323548286608
megabyte1,804,17,1.9039385234840835
megabyte1,805,17,1.8663186814940185
megabyte1,806,17,1.4930348062323948
megabyte1,807,17,1.8015218821635783
megabyte1,808,17,1.4520812336972846
megabyte1,809,17,1.4549992410176593
megabyte1,810,17,1.3766480116518836
megabyte1,811,17,1.626020898810406
megabyte1,812,17,1.5131562632853406
megabyte1,813,17,1.5648565358219122
megabyte1,814,17,1.444950239404728
megabyte1,815,17,1.5983616917508177
megabyte1,816,17,1.7356377734712565
megabyte1,817,17,1.52698643821055
megabyte1,818,17,1.4807887820075945
megabyte1,819,17,1.6690248444335063
megabyte1,820,17,1.743444085140185
megabyte1,821,17,1.5667979768458353
megabyte1,822,17,1.9828790992018261
megabyte1,823,17,1.633071636625895
megabyte1,824,17,1.9847793124256674
megabyte1,825,17,1.480809171670316
megabyte1,826,17,1.8067506472138886
megabyte1,827,17,1.3924441050388106
megabyte1,828,17,1.5802891292918724
megabyte1,829,17,1.4359227667507408
megabyte1,830,17,2.1251395374817
megabyte1,831,17,1.832563962725198
megabyte1,832,17,1.430530176334439
megabyte1,833,17,1.6663327829879357
megabyte1,834,17,1.9783670523445192
megabyte1,835,17,1.6031198364439
megabyte1,836,17,1.9828663655663608
megabyte1,837,17,2.0247486327002475
megabyte1,838,17,1.6627084993938752
megabyte1,839,17,1.5584395893797167
megabyte1,840,17,1.6240692990795098
megabyte1,841,17,1.4505349558274065
megabyte1,842,17,1.6789658271700467
megabyte1,843,17,1.4711754016585963
megabyte1,844,17,1.9511079407864078
megabyte1,845,17,1.6667797404335483
megabyte1,846,16,1.8827864637151064
megabyte1,847,16,2.0052070440187713
megabyte1,848,16,1.8066667622594368
megabyte1,849,16,1.9007394786542613
megabyte1,850,16,1.8760237503207016
megabyte1,851,16,1.8049690103186644
megabyte1,852,16,1.8382205926505943
megabyte1,853,16,1.5431648527167727
megabyte1,854,16,1.5519736651689657
megabyte1,855,16,1.982461610838342
megabyte1,856,16,1.5722368718913131
megabyte1,857,16,1.5276835188276499
megabyte1,858,16,1.4724529073622443
megabyte1,859,16,2.0453579711091425
megabyte1,860,16,1.4951201180997262
megabyte1,861,16,1.6706925809446185
megabyte1,862,16,1.5595195645814188
megabyte1,863,16,1.8627407917247591
megabyte1,864,16,1.9134367319630545
megabyte1,865,16,1.490124215831515
megabyte1,866,16,1.7804298797989968
megabyte1,867,16,2.1858362927337733
megabyte1,868,16,1.5180231724627393
megabyte1,869,16,1.6503210839255193
megabyte1,870,16,1.4819635162458906
megabyte1,871,16,1.749820636702394
megabyte1,872,16,1.6377879253506007
megabyte1,873,16,1.8040216227080772
megabyte1,874,16,1.6831627769310478
megabyte1,875,16,1.6278136117660822
megabyte1,876,16,2.0059163950785823
megabyte1,877,16,1.7837858354935816
megabyte1,878,16,1.83267734659033
megabyte1,879,16,1.8884815057302338
megabyte1,880,16,1.8982468052101666
megabyte1,881,16,1.6499809052793943
megabyte1,882,16,1.609714348688318
megabyte1,883,16,1.796597531354009
megabyte1,884,16,1.53700485058614
megabyte1,885,16,1.8985007365869624
megabyte1,886,16,1.6261265863778784
megabyte1,887,16,1.645950374792983
megabyte1,888,16,1.7361724887205552
megabyte1,889,16,1.8410495668712772
megabyte1,890,16,1.5978475532827516
megabyte1,891,16,1.8347576344816274
megabyte1,892,16,1.526821382835873
megabyte1,893,16,1.7765096133599776
megabyte1,894,16,1.683003133083421
megabyte1,895,16,1.6715972004960955
megabyte1,896,16,1.8607242735107756
megabyte1,897,16,1.667150897040558
megabyte1,898,16,1.5934246002610806
megabyte1,899,16,1.5747318721476078
megabyte1,900,16,1.4831488545866889
megabyte1,901,16,1.7713964184429871
megabyte1,902,16,1.6428947592256817
megabyte1,903,16,1.5732564952603105
megabyte1,904,16,1.6745378178368302
megabyte1,905,16,1.8254536326657147
megabyte1,906,16,1.7262684380298234
megabyte1,907,16,1.8299820570255694
megabyte1,908,16,1.6022254634904123
megabyte1,909,16,1.7677080574196822
megabyte1,910,16,2.093827279517342
megabyte1,911,16,1.7561069636690028
megabyte1,912,16,1.6478790044304865
megabyte1,913,16,1.621172476167934
megabyte1,914,16,1.7424495080227476
megabyte1,915,16,1.9861213262938795
megabyte1,916,16,1.6695461604500785
megabyte1,917,16,1.9884013789093795
megabyte1,918,16,1.6671706779464186
megabyte1,919,16,2.0417918265036015
megabyte1,920,16,1.9317754436127097
megabyte1,921,16,1.8072401007100707
megabyte1,922,16,2.036127312436013
megabyte1,923,16,1.7833651014746676
megabyte1,924,16,1.7399512173704905
megabyte1,925,16,1.6531547461451044
megabyte1,926,16,1.779922199430093
megabyte1,927,16,1.8008968305773088
megabyte1,928,16,1.6748647638223684
megabyte1,929,16,1.6898312025429185
megabyte1,930,16,1.8244521639155598
megabyte1,931,16,2.0946266363194854
megabyte1,932,16,1.6251355633710383
megabyte1,933,16,1.8348479216696127
megabyte1,934,16,1.8288938696673178
megabyte1,935,16,1.8019094251134995
megabyte1,936,16,1.8170824393071527
megabyte1,937,16,1.9508964523807795
megabyte1,938,16,1.5355742658019056
megabyte1,939,16,1.9173701775374745
megabyte1,940,16,2.1413403635681854
megabyte1,941,16,1.7759711879596325
megabyte1,942,16,1.7195748642072366
megabyte1,943,16,1.7481787006923792
megabyte1,944,16,1.7957746300229456
megabyte1,945,16,1.796381510626285
megabyte1,946,16,1.750030233625209
megabyte1,947,16,1.7785975290322764
megabyte1,948,16,1.8105663783376613
megabyte1,949,16,1.842992650368425
megabyte1,950,16,1.7934489270347245
megabyte1,951,16,1.8397191289163037
megabyte1,952,16,1.675848306315089
megabyte1,953,16,1.779269610072336
megabyte1,954,16,1.6625487347976893
megabyte1,955,16,1.9814940514696293
megabyte1,956,16,1.650993385630844
megabyte1,957,16,1.7440509226881862
megabyte1,958,16,1.7525011865767322
megabyte1,959,16,1.8583097430603024
megabyte1,960,16,1.8686962318976852
megabyte1,961,16,1.859134239490264
megabyte1,962,16,1.8619533061144107
megabyte1,963,16,2.2325897634319816
megabyte1,964,16,2.142765132119978
megabyte1,965,16,1.9250904172011547
megabyte1,966,16,2.0096716741343768
megabyte1,967,16,2.023994618402129
megabyte1,968,16,1.7671842726246298
megabyte1,969,16,1.7151619992096434
megabyte1,970,16,1.6091682274251486
megabyte1,971,16,1.9424363265986617
megabyte1,972,16,1.8270955717367539
megabyte1,973,16,1.9807819242424356
megabyte1,974,16,2.0462110352136613
megabyte1,975,16,1.98997746540089
megabyte1,976,16,1.9416748256884169
megabyte1,977,16,1.7411635392015454
megabyte1,978,16,2.001642549177197
megabyte1,979,16,1.9175616345240967
megabyte1,980,16,1.9084109127093216
megabyte1,981,16,1.9007610639459547
megabyte1,982,16,1.9013909807514433
megabyte1,983,16,1.6811729571751857
megabyte1,984,16,1.7220601381809617
megabyte1,985,16,1.9434582213912834
megabyte1,986,16,1.5161260428453456
megabyte1,987,16,1.8762661505029128
megabyte1,988,16,1.7687023975650524
megabyte1,989,16,1.8470190582852573
megabyte1,990,16,1.7260370713015025
megabyte1,991,16,1.69247781771321
megabyte1,992,16,1.781173396508527
megabyte1,993,16,1.791247134359315
megabyte1,994,16,1.5020004145778088
megabyte1,995,16,1.5486980158015689
megabyte1,996,16,1.935210105151095
megabyte1,997,16,1.5565654821145745
megabyte1,998,16,1.6779296268477772
megabyte1,999,16,1.5205439860815204
megabyte1,1000,16,1.8424501837146492
megabyte1,1001,16,1.9278275765043527
megabyte1,1002,16,1.4374096740035964
megabyte1,1003,16,1.654321656104653
megabyte1,1004,16,1.9290526778135062
megabyte1,1005,16,1.6512264233340552
megabyte1,1006,16,1.9898973473846897
megabyte1,1007,16,1.6232634891884101
megabyte1,1008,16,1.842023468641208
megabyte1,1009,16,2.275281914675307
megabyte1,1010,16,1.728316186305028
megabyte1,1011,16,1.9256881111611177
megabyte1,1012,16,1.8320167771544984
megabyte1,1013,16,1.5761721103566533
megabyte1,1014,16,1.552377345413385
megabyte1,1015,16,1.7578253821314247
megabyte1,1016,16,1.6466913917981207
megabyte1,1017,16,1.9519186967878057
megabyte1,1018,16,1.833476533365973
megabyte1,1019,16,1.7747682274790126
megabyte1,1020,16,2.2631845218048214
megabyte1,1021,16,1.8035362825249073
megabyte1,1022,16,1.7691650585844516
megabyte1,1023,16,1.9076998493120259
megabyte1,1024,16,1.8639623358305115
megabyte1,1025,16,2.0719497122459534
megabyte1,1026,16,1.7131067453442481
megabyte1,1027,16,1.8383145534950973
megabyte1,1028,16,2.0142252210552316
megabyte1,1029,16,1.6714979810016788
megabyte1,1030,16,1.815420997521344
megabyte1,1031,16,1.7336527596449796
megabyte1,1032,16,1.8674462128751965
megabyte1,1033,16,1.8993437344040898
megabyte1,1034,16,2.0084982907372697
megabyte1,1035,16,2.0089088678401006
megabyte1,1036,16,1.8202999815226546
megabyte1,1037,16,1.5211939112795105
megabyte1,1038,16,1.659571139541228
megabyte1,1039,16,1.9427936144006228
megabyte1,1040,16,1.6806804242181448
megabyte1,1041,16,1.83733687590977
megabyte1,1042,16,1.9968306674270924
megabyte1,1043,16,1.9246637240461602
megabyte1,1044,16,1.7160179582392145
megabyte1,1045,16,1.8535033486756738
megabyte1,1046,16,1.901823044227125
megabyte1,1047,16,1.6571514134925294
megabyte1,1048,16,1.987754809451941
megabyte1,1049,16,2.1349950098915236
megabyte1,1050,16,2.0217453178907494
megabyte1,1051,16,1.783838973176113
megabyte1,1052,16,1.9470122863285309
megabyte1,1053,16,1.6861873663973184
megabyte1,1054,16,1.9192255264198805
megabyte1,1055,16,1.7524990841863974
megabyte1,1056,16,2.093063506994898
megabyte1,1057,16,1.625180925774656
megabyte1,1058,16,1.933815440571633
megabyte1,1059,16,2.099127561540751
megabyte1,1060,16,1.9621219926138889
megabyte1,1061,16,1.4496135143382682
megabyte1,1062,16,1.9456915319224097
megabyte1,1063,16,2.0114522743721874
megabyte1,1064,16,2.031881460201382
megabyte1,1065,16,2.0025290081778433
megabyte1,1066,16,1.9883331250226914
megabyte1,1067,16,1.883905236709988
megabyte1,1068,16,2.126002064380903
megabyte1,1069,16,1.7844631358871075
megabyte1,1070,16,1.979224239005557
megabyte1,1071,16,1.4752256438743185
megabyte1,1072,16,2.111375125766138
megabyte1,1073,16,1.7654592583104973
megabyte1,1074,16,1.6719758579138808
megabyte1,1075,16,2.142342636478294
megabyte1,1076,16,1.8658052088466903
megabyte1,1077,16,1.8182738184474687
megabyte1,1078,16,1.727519989721467
megabyte1,1079,16,1.7230775831045673
megabyte1,1080,16,1.7946576290985348
megabyte1,1081,16,1.9433345054138025
megabyte1,1082,16,1.7133382124350993
megabyte1,1083,16,2.1293177322587686
megabyte1,1084,16,1.9034872441132082
megabyte1,1085,16,2.087189843024699
megabyte1,1086,16,1.88996658784054
megabyte1,1087,16,1.614098341202809
megabyte1,1088,16,1.9540900838046626
megabyte1,1089,16,1.6438113396836038
megabyte1,1090,16,1.8201885510558475
megabyte1,1091,16,2.057200015425919
megabyte1,1092,16,1.980014826180254
megabyte1,1093,16,1.7609403398250294
megabyte1,1094,16,1.9043656960972712
megabyte1,1095,16,1.9059689232372798
megabyte1,1096,16,1.765044137797572
megabyte1,1097,16,1.8149632391256614
megabyte1,1098,16,1.9222659299743938
megabyte1,1099,16,1.7269126723341124
megabyte1,1100,16,1.9612042262645208
megabyte1,1101,16,1.916349766053134
megabyte1,1102,16,1.6187257019104229
megabyte1,1103,16,1.7674260654640646
megabyte1,1104,16,1.6521105872404578
megabyte1,1105,16,1.7242188961810683
megabyte1,1106,16,2.062005852937496
megabyte1,1107,16,1.606880798008898
megabyte1,1108,16,1.8243034623313492
megabyte1,1109,16,2.1777764338426286
megabyte1,1110,16,1.7699598125332898
megabyte1,1111,16,1.7316248666971743
megabyte1,1112,16,1.9688448822103535
megabyte1,1113,16,1.8009286319097917
megabyte1,1114,16,1.8904777226667049
megabyte1,1115,16,1.675403770878637
megabyte1,1116,16,2.0698234936166697
megabyte1,1117,16,1.5615524160158134
megabyte1,1118,16,2.0864781522659217
megabyte1,1119,16,1.6304093803890183
megabyte1,1120,16,1.764257476427839
megabyte1,1121,16,2.0263362592604204
megabyte1,1122,16,1.7633650034317034
megabyte1,1123,16,2.1020798391031774
megabyte1,1124,16,1.939945952482822
megabyte1,1125,16,1.8284601538735425
megabyte1,1126,16,1.554947261025272
megabyte1,1127,16,1.9768386578026966
megabyte1,1128,16,1.731012609765021
megabyte1,1129,16,1.7731982349833029
megabyte1,1130,16,1.7061633779925196
megabyte1,1131,16,1.8067878581464907
megabyte1,1132,16,1.712582786913961
megabyte1,1133,16,1.937976267871182
megabyte1,1134,16,1.7508227301368249
megabyte1,1135,16,1.9522316455331947
megabyte1,1136,16,1.7416096421493714
megabyte1,1137,16,1.903778270838242
megabyte1,1138,16,1.822064852393779
megabyte1,1139,16,2.2351924782624293
megabyte1,1140,16,1.7008754826329195
megabyte1,1141,16,1.8188616771740664
megabyte1,1142,16,1.795439529846642
megabyte1,1143,16,1.9022822387881189
megabyte1,1144,16,1.6864418711918328
megabyte1,1145,16,1.9507125283879434
megabyte1,1146,16,2.0461201854436
megabyte1,1147,16,1.7362037628119547
megabyte1,1148,16,1.7915637652110505
megabyte1,1149,16,1.6615495158769378
megabyte1,1150,16,2.1467340360863334
megabyte1,1151,16,1.9192708632878133
megabyte1,1152,16,1.8027285182584432
megabyte1,1153,16,1.7934169955204518
megabyte1,1154,16,1.933660357103876
megabyte1,1155,16,2.0267775996986397
megabyte1,1156,16,1.854651175165976
megabyte1,1157,16,1.9648960323757327
megabyte1,1158,16,2.175538459661244
megabyte1,1159,16,1.7777910562485324
megabyte1,1160,16,2.320497012105406
megabyte1,1161,16,1.7166828801685194
megabyte1,1162,16,1.891817070894638
megabyte1,1163,16,1.726720558420089
megabyte1,1164,16,1.935691212655905
megabyte1,1165,16,1.6954619823134622
megabyte1,1166,16,1.5636206672374522
megabyte1,1167,16,2.2288357383661097
megabyte1,1168,16,1.5704322276413512
megabyte1,1169,16,1.5878028500434007
megabyte1,1170,16,1.9037300456634059
megabyte1,1171,16,1.800657524847965
megabyte1,1172,16,1.4861010094010827
megabyte1,1173,16,2.0773441019452616
megabyte1,1174,16,1.6646131811897278
megabyte1,1175,16,1.8118062802247594
megabyte1,1176,16,1.5798814603546592
megabyte1,1177,16,2.054747402186568
megabyte1,1178,16,1.8050862840505777
megabyte1,1179,16,1.8671406668879984
megabyte1,1180,16,1.5757519358762229
megabyte1,1181,16,1.962641299599757
megabyte1,1182,16,1.5068630646614702
megabyte1,1183,16,1.6014080853190578
megabyte1,1184,16,1.4138926473469695
megabyte1,1185,16,1.7349614416322574
megabyte1,1186,16,1.8137688719152
megabyte1,1187,16,1.5064502444527734
megabyte1,1188,16,1.6457543637929042
megabyte1,1189,16,1.5374216588629737
megabyte1,1190,16,1.6707337467966275
megabyte1,1191,16,1.683102951950638
megabyte1,1192,16,1.7625169489097112
megabyte1,1193,16,1.5073142022351027
megabyte1,1194,16,1.4438885029477748
megabyte1,1195,16,1.5429051273108216
megabyte1,1196,16,1.8521694335048031
megabyte1,1197,16,1.9226709043148293
megabyte1,1198,16,1.9093936910801452
megabyte1,1199,16,1.5492099750538153
megabyte1,1200,16,1.5836653123521691
megabyte1,1201,16,1.5596540393250196
megabyte1,1202,16,1.5810304614805313
megabyte1,1203,16,1.9065557862280567
megabyte1,1204,16,1.6086864818968534
megabyte1,1205,16,1.513149126185476
megabyte1,1206,16,1.8769617788415505
megabyte1,1207,16,1.755781053216609
megabyte1,1208,16,1.5067016545792515
megabyte1,1209,16,1.424199945233023
megabyte1,1210,16,1.7636865954988703
megabyte1,1211,16,1.6072290983919852
megabyte1,1212,16,1.5004287979297315
megabyte1,1213,16,1.6273606265832494
megabyte1,1214,16,2.002740414213023
megabyte1,1215,16,1.4796308832298726
megabyte1,1216,16,1.790932817129905
megabyte1,1217,16,1.9517928222103564
megabyte1,1218,16,1.7363427521809502
megabyte1,1219,16,1.6291995824610095
megabyte1,1220,16,1.5786254021128523
megabyte1,1221,16,1.6357139967574217
megabyte1,1222,16,1.8264461104675838
megabyte1,1223,16,2.092873284487646
megabyte1,1224,16,1.5562754176847933
megabyte1,1225,16,1.4699637930621325
megabyte1,1226,16,1.6365464035149655
megabyte1,1227,16,1.3169553538735297
megabyte1,1228,16,1.7288969965246612
megabyte1,1229,16,1.3352248352388953
megabyte1,1230,16,2.1543892500810564
megabyte1,1231,16,1.407035614166892
megabyte1,1232,16,1.5480566315647764
megabyte1,1233,16,1.5533096111044082
megabyte1,1234,16,1.5514942478735299
megabyte1,1235,16,1.9617291177033964
megabyte1,1236,16,1.339502981166843
megabyte1,1237,16,2.0036081275353115
megabyte1,1238,16,1.8006569046810206
megabyte1,1239,16,1.800465272369565
megabyte1,1240,16,1.546447831253984
megabyte1,1241,16,1.3241451055664775
megabyte1,1242,16,1.8644971005432038
megabyte1,1243,16,1.622931821734552
megabyte1,1244,16,1.8198214064174827
megabyte1,1245,16,1.747902394079743
megabyte1,1246,16,1.7867114494836007
megabyte1,1247,16,1.691186305392143
megabyte1,1248,16,1.7951927674954378
megabyte1,1249,16,1.8901203051595097
megabyte1,1250,16,1.6673669786508878
megabyte1,1251,16,2.019122766991097
megabyte1,1252,16,1.6192608686830208
megabyte1,1253,16,1.6094733891310822
megabyte1,1254,16,1.6050629138311983
megabyte1,1255,16,1.4286036955757373
megabyte1,1256,16,1.5062651168485284
megabyte1,1257,16,1.6093984936663246
megabyte1,1258,16,1.6409669257433557
megabyte1,1259,16,1.7402187235485655
megabyte1,1260,16,1.8178891414897986
megabyte1,1261,16,1.9937722646494218
megabyte1,1262,16,1.7027391322884802
megabyte1,1263,16,1.6501927675683432
megabyte1,1264,16,1.9820188561697034
megabyte1,1265,16,1.7420196401941805
megabyte1,1266,16,1.4885915027361947
megabyte1,1267,16,1.8865572680346274
megabyte1,1268,16,2.260586210723805
megabyte1,1269,16,2.0370264037096324
megabyte1,1270,16,1.9808459579233393
megabyte1,1271,16,1.724490055478108
megabyte1,1272,16,1.6940625935736584
megabyte1,1273,16,1.723876014502274
megabyte1,1274,16,1.6889654246864825
megabyte1,1275,16,1.7149097196129437
megabyte1,1276,16,1.6843758685114336
megabyte1,1277,16,1.652324973623481
megabyte1,1278,16,1.7192982159760646
megabyte1,1279,16,1.4980515806178172
megabyte1,1280,16,1.5330440523135866
megabyte1,1281,16,1.8308531671124204
megabyte1,1282,16,1.8940940057011573
megabyte1,1283,16,1.7791605939584758
megabyte1,1284,16,1.5933343223417888
megabyte1,1285,16,1.914567652979805
megabyte1,1286,16,1.65182176388432
megabyte1,1287,16,1.689764073033826
megabyte1,1288,16,1.572365201949843
megabyte1,1289,16,1.4951634251851547
megabyte1,1290,16,1.8575974724499558
megabyte1,1291,16,1.9017631078762798
megabyte1,1292,16,1.7664680619309137
megabyte1,1293,16,1.7709206012419543
megabyte1,1294,16,2.0519293441974096
megabyte1,1295,16,1.7043728529710434
megabyte1,1296,16,1.6674482967273785
megabyte1,1297,16,2.100970398000688
megabyte1,1298,16,1.5454961191441845
megabyte1,1299,16,1.9711622135568203
megabyte1,1300,16,1.923930135520545
megabyte1,1301,16,1.61043616747161
megabyte1,1302,16,1.7246877803304552
megabyte1,1303,16,1.7120163406890012
megabyte1,1304,16,1.7465367240449323
megabyte1,1305,16,1.7556523951593324
megabyte1,1306,16,1.716528837483472
megabyte1,1307,16,1.671213812148639
megabyte1,1308,16,1.664864693466094
megabyte1,1309,16,1.602384105865003
megabyte1,1310,16,1.9932150180531254
megabyte1,1311,16,1.6643991546371242
megabyte1,1312,16,1.8585944262588399
megabyte1,1313,16,1.6626990896764748
megabyte1,1314,16,1.4889752595296246
megabyte1,1315,16,1.9302819346072781
megabyte1,1316,16,1.6440068269605588
megabyte1,1317,16,1.757686989006948
megabyte1,1318,16,1.766894812365229
megabyte1,1319,16,1.8038188912208197
megabyte1,1320,16,1.9413310420877505
megabyte1,1321,16,2.015832665675296
megabyte1,1322,16,1.6513489530951513
megabyte1,1323,16,1.8111555389707077
megabyte1,1324,16,1.9317644835498655
megabyte1,1325,16,1.9771050815686937
megabyte1,1326,16,2.1963702811013945
megabyte1,1327,16,1.5663253652265103
megabyte1,1328,16,1.5433794452314975
megabyte1,1329,16,1.764822292873122
megabyte1,1330,16,1.8191331087793796
megabyte1,1331,16,1.2867665790371556
megabyte1,1332,16,1.8557289290690155
megabyte1,1333,16,1.463811755184612
megabyte1,1334,16,1.583000924581846
megabyte1,1335,16,1.8822365157952876
megabyte1,1336,16,1.6303993095582325
megabyte1,1337,16,1.6706770842720233
megabyte1,1338,16,1.7802239960477977
megabyte1,1339,16,1.5366757602882284
megabyte1,1340,16,1.5688773071858308
megabyte1,1341,16,1.4120789585139661
megabyte1,1342,16,1.8464002911582293
megabyte1,1343,16,1.3134218829663153
megabyte1,1344,16,1.6207677900231143
megabyte1,1345,16,1.4995725783998084
megabyte1,1346,16,1.6703864839389029
megabyte1,1347,16,1.6323177960768802
megabyte1,1348,16,1.7404885344795258
megabyte1,1349,16,1.7770870713993216
megabyte1,1350,16,1.644923841633194
megabyte1,1351,16,1.6866130682114435
megabyte1,1352,16,1.856962113492999
megabyte1,1353,16,1.7796564855646064
megabyte1,1354,16,1.9888037462199815
megabyte1,1355,16,1.5422955681082722
megabyte1,1356,16,1.6211524195388616
megabyte1,1357,16,1.723754118753696
megabyte1,1358,16,1.5251224304146611
megabyte1,1359,16,1.8581110515596784
megabyte1,1360,16,1.5266199004635643
megabyte1,1361,16,1.6369982718787803
megabyte1,1362,16,1.827750293084663
megabyte1,1363,16,1.5620011462949766
megabyte1,1364,16,1.7119603058157113
megabyte1,1365,16,1.7324516427914227
megabyte1,1366,16,1.4240023153781278
megabyte1,1367,16,1.7998705221111295
megabyte1,1368,16,1.6499190049291412
megabyte1,1369,16,1.566235272636525
megabyte1,1370,16,2.161775362672521
megabyte1,1371,16,1.412233671081619
megabyte1,1372,16,1.3532252430352911
megabyte1,1373,16,1.9412709962333488
megabyte1,1374,16,1.512605250566097
megabyte1,1375,16,1.5826817556237014
megabyte1,1376,16,1.7354615095388368
megabyte1,1377,16,1.6694291547160574
megabyte1,1378,16,1.5020372919688034
megabyte1,1379,16,1.4156948685731365
megabyte1,1380,16,1.4937801630972383
megabyte1,1381,16,2.0238700082879184
megabyte1,1382,16,1.5154430972802897
megabyte1,1383,16,1.505615768441517
megabyte1,1384,16,1.972294423853649
megabyte1,1385,16,1.5971888905646394
megabyte1,1386,16,1.7831873508852898
megabyte1,1387,16,1.8181619234390085
megabyte1,1388,16,1.5188964196359884
megabyte1,1389,16,2.0251543481247354
megabyte1,1390,16,1.7050295671529776
megabyte1,1391,16,1.5700539517148124
megabyte1,1392,16,1.3507707938663402
megabyte1,1393,16,1.7084691834250754
megabyte1,1394,16,1.2229292437270411
megabyte1,1395,16,1.4089232212342844
megabyte1,1396,16,1.756360259901085
megabyte1,1397,16,1.6132281639092867
megabyte1,1398,16,1.6090293098441013
megabyte1,1399,16,1.4436155249101805
megabyte1,1400,16,1.4799100271617203
megabyte1,1401,16,1.6657691295164496
megabyte1,1402,16,1.362962102435747
megabyte1,1403,16,1.4958647320550804
megabyte1,1404,16,1.8306829898109622
megabyte1,1405,16,1.7243940242218938
megabyte1,1406,16,1.8953558427080088
megabyte1,1407,16,1.4811442343621062
megabyte1,1408,16,1.5342955596338321
megabyte1,1409,16,1.5907323325098732
megabyte1,1410,16,1.8957824007564261
megabyte1,1411,16,1.75418560755213
megabyte1,1412,16,1.556240797442226
megabyte1,1413,16,1.6877356233075442
megabyte1,1414,16,2.0404447651635853
megabyte1,1415,16,1.8760603658860475
megabyte1,1416,16,2.033704466866016
megabyte1,1417,16,1.6531668580046353
megabyte1,1418,16,1.6316422354034166
megabyte1,1419,16,1.8675128191966588
megabyte1,1420,16,1.869720306627028
megabyte1,1421,16,1.5404283546111117
megabyte1,1422,16,1.7378056193738032
megabyte1,1423,16,1.5922653715720967
megabyte1,1424,16,1.7184567428230195
megabyte1,1425,16,1.9693453662884401
megabyte1,1426,16,2.423588587580049
megabyte1,1427,16,1.639831722341445
megabyte1,1428,16,1.7503278174486523
megabyte1,1429,16,1.6349770129824641
megabyte1,1430,16,1.754689565167927
megabyte1,1431,16,1.919026016010111
megabyte1,1432,16,1.5959296322687966
megabyte1,1433,16,1.720441970167312
megabyte1,1434,16,1.4792796003823405
megabyte1,1435,16,1.8788074692576258
megabyte1,1436,16,1.7049568499122627
megabyte1,1437,16,1.7271018085646095
megabyte1,1438,16,1.4872295780949891
megabyte1,1439,16,1.6708678726893587
megabyte1,1440,16,1.9545364448475953
megabyte1,1441,16,1.850970063685195
megabyte1,1442,16,2.1301781550111727
megabyte1,1443,16,1.8088334283362248
megabyte1,1444,16,1.9148466299321825
megabyte1,1445,16,1.6190657107709716
megabyte1,1446,16,1.5355563954230431
megabyte1,1447,16,1.8999070862340957
megabyte1,1448,16,1.5620867740199005
megabyte1,1449,16,1.690709247354015
megabyte1,1450,16,1.7438946511753053
megabyte1,1451,16,1.6906579031387556
megabyte1,1452,16,1.7357385049515393
megabyte1,1453,16,1.8018598300726334
megabyte1,1454,16,1.6169273365106493
megabyte1,1455,16,1.7559820526990662
megabyte1,1456,16,1.4916442941001442
megabyte1,1457,16,1.9756807950395348
megabyte1,1458,16,2.210634937882996
megabyte1,1459,16,1.8922790622108348
megabyte1,1460,16,2.0443355539925596
megabyte1,1461,16,1.5924417818220895
megabyte1,1462,16,1.8879872273869662
megabyte1,1463,16,1.5374717471367176
megabyte1,1464,16,1.6001827010090695
megabyte1,1465,16,1.6674400709316024
megabyte1,1466,16,1.8482295414097611
megabyte1,1467,16,1.8244391279477314
megabyte1,1468,16,1.6040155357751367
megabyte1,1469,16,1.89602943422681
megabyte1,1470,16,1.6825629441531795
megabyte1,1471,16,1.6319071689179325
megabyte1,1472,16,1.8554869914819203
megabyte1,1473,16,1.4456291921637057
megabyte1,1474,16,1.772015514393578
megabyte1,1475,16,1.3930613165424834
megabyte1,1476,16,2.188565551208823
megabyte1,1477,16,1.8361337233504276
megabyte1,1478,16,1.7154220596809782
megabyte1,1479,16,1.5761819636398466
megabyte1,1480,16,1.705487431311872
megabyte1,1481,16,1.8515271705652105
megabyte1,1482,16,1.6259831014538373
megabyte1,1483,16,1.4454183705198371
megabyte1,1484,16,1.42301563373789
megabyte1,1485,16,1.6662946144071218
megabyte1,1486,16,1.5531367615067573
megabyte1,1487,16,1.3982218959363033
megabyte1,1488,16,1.9595003130756408
megabyte1,1489,16,1.3490810310549186
megabyte1,1490,16,1.787556965410497
megabyte1,1491,16,1.4752629299416455
megabyte1,1492,16,1.9276668921568694
megabyte1,1493,16,1.5573939258149658
megabyte1,1494,16,1.622794705425135
megabyte1,1495,16,1.6646178995942016
megabyte1,1496,16,1.4394201951940206
megabyte1,1497,16,1.710811755403479
megabyte1,1498,16,1.6546413789101841
megabyte1,1499,16,1.9616896263223775
megabyte1,1500,16,1.6473031802176263
megabyte1,1501,16,1.784193021988653
megabyte1,1502,16,1.9087050234714225
megabyte1,1503,16,1.9123060434940828
megabyte1,1504,16,1.6853111487513193
megabyte1,1505,16,1.5539864203169735
megabyte1,1506,16,1.6865724057988776
megabyte1,1507,16,1.5583155851312713
megabyte1,1508,16,1.689318347225695
megabyte1,1509,16,1.6995231032184654
megabyte1,1510,16,2.179139106767653
megabyte1,1511,16,2.0047412583280337
megabyte1,1512,16,1.8704218458675965
megabyte1,1513,16,1.6920683900198243
megabyte1,1514,16,2.025779876531169
megabyte1,1515,16,1.7214141436076331
megabyte1,1516,16,1.7893024892982314
megabyte1,1517,16,1.6649286240845915
megabyte1,1518,16,1.6030068703034106
megabyte1,1519,16,1.3344607370063621
megabyte1,1520,16,1.3457213894848945
megabyte1,1521,16,1.3873274548283814
megabyte1,1522,16,1.579526828879563
megabyte1,1523,16,1.3717134519616012
megabyte1,1524,16,1.6852565716425998
megabyte1,1525,16,1.681533459091235
megabyte1,1526,16,1.611458111719847
megabyte1,1527,16,1.6372222492216186
megabyte1,1528,16,1.3535786192760173
megabyte1,1529,16,1.734241786002854
megabyte1,1530,16,1.8084583309552915
megabyte1,1531,16,1.655900275993476
megabyte1,1532,16,1.62143551518266
megabyte1,1533,16,1.4363025544775168
megabyte1,1534,16,1.6297465237690567
megabyte1,1535,16,1.8419079814383277
megabyte1,1536,16,1.7063440710012823
megabyte1,1537,16,1.7591693968585262
megabyte1,1538,16,1.8651120112247774
megabyte1,1539,16,1.7472749287865228
megabyte1,1540,16,1.4898189942736322
megabyte1,1541,16,2.0140250365186607
megabyte1,1542,16,2.011964365503076
megabyte1,1543,16,1.8604444704800078
megabyte1,1544,16,1.7808837916088898
megabyte1,1545,16,1.5641504512590163
megabyte1,1546,16,1.4457693848235618
megabyte1,1547,16,2.075064100986867
megabyte1,1548,16,1.978869998528188
megabyte1,1549,16,1.7443745959777415
megabyte1,1550,16,1.4915704802146235
megabyte1,1551,16,1.8155540216223536
megabyte1,1552,16,1.8395807084997768
megabyte1,1553,16,2.0475731844370912
megabyte1,1554,16,1.94698683915026
megabyte1,1555,16,1.885533841131849
megabyte1,1556,16,1.6503269680281827
megabyte1,1557,16,1.42824310692356
megabyte1,1558,16,1.8360047462651687
megabyte1,1559,16,1.3771563761242067
megabyte1,1560,16,1.4905761956255126
megabyte1,1561,16,1.712819236794608
megabyte1,1562,16,1.6080330963058191
megabyte1,1563,16,1.6591141374443084
megabyte1,1564,16,1.8116741520298394
megabyte1,1565,16,1.5205310635122269
megabyte1,1566,16,1.711434405946934
megabyte1,1567,16,1.9215609316962605
megabyte1,1568,16,2.042844482339433
megabyte1,1569,16,1.350931812441863
megabyte1,1570,16,1.8511664397670233
megabyte1,1571,16,2.1923669067864955
megabyte1,1572,16,1.9352271068460458
megabyte1,1573,16,1.9367732122483305
megabyte1,1574,16,1.5830623955847098
megabyte1,1575,16,1.921818189620548
megabyte1,1576,16,1.6299087858752626
megabyte1,1577,16,1.5329436894580926
megabyte1,1578,16,1.7771772653950655
megabyte1,1579,16,1.8906749597425203
megabyte1,1580,16,1.7285928586865298
megabyte1,1581,16,1.5385684522290477
megabyte1,1582,16,1.733071357804859
megabyte1,1583,16,2.0284098479950963
megabyte1,1584,16,1.4747515621239442
megabyte1,1585,16,1.4165676441646826
megabyte1,1586,16,1.543709004632444
megabyte1,1587,16,1.547271324934558
megabyte1,1588,16,1.940467603468187
megabyte1,1589,16,2.165824647935104
megabyte1,1590,16,1.4218372323458484
megabyte1,1591,16,1.5363298217262005
megabyte1,1592,16,1.7277830848407294
megabyte1,1593,16,1.7595340080246182
megabyte1,1594,16,2.0966638160834568
megabyte1,1595,16,1.6131611567718402
megabyte1,1596,16,1.8179552391665572
megabyte1,1597,16,1.7478389312858835
megabyte1,1598,16,1.4695817245941338
megabyte1,1599,16,1.8068690653818205
megabyte1,1600,16,1.6271501911256085
megabyte1,1601,16,1.4313382656107936
megabyte1,1602,16,1.8667673289976836
megabyte1,1603,16,1.8498072883359347
megabyte1,1604,16,1.6511956597867008
megabyte1,1605,16,1.424627314886102
megabyte1,1606,16,1.5114181670242435
megabyte1,1607,16,2.1446013807947653
megabyte1,1608,16,2.2193373058129726
megabyte1,1609,16,1.6642053867224094
megabyte1,1610,16,1.5190035159613402
megabyte1,1611,16,1.8465009035005517
megabyte1,1612,16,1.6009129997358253
megabyte1,1613,16,1.6234170507902683
megabyte1,1614,16,1.6186712370256542
megabyte1,1615,16,1.5400773309864202
megabyte1,1616,16,1.8252775270794368
megabyte1,1617,16,1.5619501554837496
megabyte1,1618,16,1.4314202571477646
megabyte1,1619,16,1.3842908290119402
megabyte1,1620,16,1.1477790770314207
megabyte1,1621,16,1.4345165066852161
megabyte1,1622,16,1.510979611046953
megabyte1,1623,16,1.3854746011856403
megabyte1,1624,16,1.257120130887655
megabyte1,1625,16,1.2490814142999465
megabyte1,1626,16,1.6092074555969145
megabyte1,1627,16,1.2765977393835866
megabyte1,1628,16,1.3545174394810529
megabyte1,1629,16,1.5963485821454846
megabyte1,1630,16,1.4270385298563963
megabyte1,1631,16,1.3084753862600793
megabyte1,1632,16,1.4671427936533756
megabyte1,1633,16,1.418276156338878
megabyte1,1634,16,1.6466210624881605
megabyte1,1635,16,1.3416459579935391
megabyte1,1636,16,1.4292428106319353
megabyte1,1637,16,1.5157179905397618
megabyte1,1638,16,1.50777435135246
megabyte1,1639,16,1.5315873817454841
megabyte1,1640,16,1.3287064825500365
megabyte1,1641,16,1.4477653534310806
megabyte1,1642,16,1.6022780828891654
megabyte1,1643,16,1.3699566389111546
megabyte1,1644,16,1.922305185883747
megabyte1,1645,16,1.8246340492890694
megabyte1,1646,16,1.4483595406161547
megabyte1,1647,16,1.5641331127931144
megabyte1,1648,16,1.4558418222580676
megabyte1,1649,16,1.3556196240536054
megabyte1,1650,16,1.326730780268748
megabyte1,1651,16,1.366596121076624
megabyte1,1652,16,1.6154184826126927
megabyte1,1653,16,1.508023894711467
megabyte1,1654,16,1.396356607351543
megabyte1,1655,16,1.3909745277079708
megabyte1,1656,16,1.3266001717656126
megabyte1,1657,16,1.2543531792922245
megabyte1,1658,16,1.2180845897404928
megabyte1,1659,16,1.5239234372536428
megabyte1,1660,16,1.2530211125027604
megabyte1,1661,16,1.4821662144610825
megabyte1,1662,16,1.490436255838928
megabyte1,1663,16,1.3877623320813335
megabyte1,1664,16,1.4668574919095572
megabyte1,1665,16,1.6665416782946638
megabyte1,1666,16,1.2167949572020145
megabyte1,1667,16,2.018310899163189
megabyte1,1668,16,1.251064034005136
megabyte1,1669,16,1.8265866301039755
megabyte1,1670,16,1.1038493007675936
megabyte1,1671,16,1.394712157835316
megabyte1,1672,16,1.2248033124420319
megabyte1,1673,16,1.3948854794960757
megabyte1,1674,16,1.2844799990599716
megabyte1,1675,16,1.3948247142156385
megabyte1,1676,16,1.5934295161084386
megabyte1,1677,16,1.2543866727371547
megabyte1,1678,16,1.7009652055010969
megabyte1,1679,16,1.2799652524089957
megabyte1,1680,16,1.9503347001361924
megabyte1,1681,16,1.434518318758328
megabyte1,1682,16,1.342032525471693
megabyte1,1683,16,1.5706270455135196
megabyte1,1684,16,1.5076747292934087
megabyte1,1685,16,1.595408667892747
megabyte1,1686,16,1.4226930872695964
megabyte1,1687,16,2.2530633499476798
megabyte1,1688,16,1.596937034996827
megabyte1,1689,16,2.0441405219470066
megabyte1,1690,16,1.430609631168134
megabyte1,1691,16,1.7673524392743063
megabyte1,1692,16,1.6859764539959
megabyte1,1693,16,1.5286813419560343
megabyte1,1694,16,1.3868749828716394
megabyte1,1695,16,1.4655124719321382
megabyte1,1696,16,1.914039137104158
megabyte1,1697,16,1.685875195876623
megabyte1,1698,16,1.4977717125341057
megabyte1,1699,16,1.7015942526777625
megabyte1,1700,16,1.29636522358051
megabyte1,1701,16,1.3849372049494135
megabyte1,1702,16,1.5963018995408174
megabyte1,1703,16,1.5382043086986317
megabyte1,1704,16,1.624726468504954
megabyte1,1705,16,1.5723919091245437
megabyte1,1706,16,1.413513986586346
megabyte1,1707,16,1.4398166318531282
megabyte1,1708,16,2.0514893311730527
megabyte1,1709,16,1.5305392443609591
megabyte1,1710,16,1.723689808217596
megabyte1,1711,16,2.0201931094250005
megabyte1,1712,16,1.6406399253847475
megabyte1,1713,16,1.7316296173425398
megabyte1,1714,16,1.4607171015593143
megabyte1,1715,16,1.290603211794888
megabyte1,1716,16,1.4095697489189378
megabyte1,1717,16,1.42276985211101
megabyte1,1718,16,1.7204372647022321
megabyte1,1719,16,1.311317573377794
megabyte1,1720,16,1.564565978872082
megabyte1,1721,16,1.477370933858163
megabyte1,1722,16,1.4205117113246573
megabyte1,1723,16,1.3560889985263953
megabyte1,1724,16,1.4561934576272302
megabyte1,1725,16,1.9261400162210849
megabyte1,1726,16,1.4836846105492743
megabyte1,1727,16,1.7026966238190322
megabyte1,1728,16,1.6827070566257456
megabyte1,1729,16,1.5766713505582386
megabyte1,1730,16,2.6413462809500388
megabyte1,1731,16,1.6707706828677003
megabyte1,1732,16,1.4471708279406417
megabyte1,1733,16,1.4525922969651113
megabyte1,1734,16,1.7325246960493144
megabyte1,1735,16,1.5326915090451834
megabyte1,1736,16,1.4452610677699733
megabyte1,1737,16,1.4395526646243153
megabyte1,1738,16,1.3402357244633152
megabyte1,1739,16,1.6988637602535153
megabyte1,1740,16,1.9296255222585263
megabyte1,1741,16,1.5263916124995043
megabyte1,1742,16,1.6339668987688338
megabyte1,1743,16,1.5625149666322264
megabyte1,1744,16,2.119362004836211
megabyte1,1745,16,1.4252628234213296
megabyte1,1746,16,1.5220751732564872
megabyte1,1747,16,1.6239361340253133
megabyte1,1748,16,1.872145181398945
megabyte1,1749,16,1.7212887959498466
megabyte1,1750,16,1.7571621921522829
megabyte1,1751,16,1.6368729999071998
megabyte1,1752,16,1.5581871061758903
megabyte1,1753,16,1.3170635155833499
megabyte1,1754,16,1.6985040799116182
megabyte1,1755,16,1.6512286868639285
megabyte1,1756,16,1.4699976817899951
megabyte1,1757,16,1.6489839004689744
megabyte1,1758,16,1.5872180279361428
megabyte1,1759,16,1.6957523858249781
megabyte1,1760,16,1.7720479081902538
megabyte1,1761,16,1.7771367985789346
megabyte1,1762,16,1.2743425751048383
megabyte1,1763,16,1.4286425162339682
megabyte1,1764,16,1.473730747517257
megabyte1,1765,16,1.4635358619205305
megabyte1,1766,16,1.8285362534517329
megabyte1,1767,16,1.667291336458572
megabyte1,1768,16,1.4108920750691976
megabyte1,1769,16,1.8814232500097368
megabyte1,1770,16,1.5251577463654586
megabyte1,1771,16,1.8692988241570714
megabyte1,1772,16,1.6877195412952744
megabyte1,1773,16,1.7046332581034611
megabyte1,1774,16,1.7044483657037601
megabyte1,1775,16,1.588235477051728
megabyte1,1776,16,1.760991396792903
megabyte1,1777,16,1.8911824120239116
megabyte1,1778,16,1.5457362344456032
megabyte1,1779,16,1.5548810677275158
megabyte1,1780,16,1.2823468743675908
megabyte1,1781,16,1.7956035049806833
megabyte1,1782,16,1.811675297539242
megabyte1,1783,16,1.3855160607636285
megabyte1,1784,16,1.9247734638869936
megabyte1,1785,16,1.5104932284146915
megabyte1,1786,16,1.4765047292056437
megabyte1,1787,16,1.6158974048586463
megabyte1,1788,16,1.549771499870469
megabyte1,1789,16,1.4804860074091057
megabyte1,1790,16,1.7620216692275479
megabyte1,1791,16,2.2444974447154666
megabyte1,1792,16,1.5112577199575576
megabyte1,1793,16,1.6014139669845489
megabyte1,1794,16,1.5247296986643988
megabyte1,1795,16,1.5919791901873455
megabyte1,1796,16,1.6728211566031659
megabyte1,1797,16,1.9738399232423318
megabyte1,1798,16,1.454748839689826
megabyte1,1799,16,1.9754272093669651
megabyte1,1800,16,1.5377742448187495
megabyte1,1801,16,1.6630733788548049
megabyte1,1802,16,1.502411360165187
megabyte1,1803,16,1.4436118265740492
megabyte1,1804,16,1.3863855090034114
megabyte1,1805,16,1.3872767110186488
megabyte1,1806,16,1.588882447698678
megabyte1,1807,16,1.8006125892029248
megabyte1,1808,16,1.4396087502290729
megabyte1,1809,16,1.5150710806348588
megabyte1,1810,16,1.4719301511776937
megabyte1,1811,16,1.4528972989693756
megabyte1,1812,16,1.4957073085337598
megabyte1,1813,16,1.52040753635539
megabyte1,1814,16,1.501665782428244
megabyte1,1815,16,1.5191830061077758
megabyte1,1816,16,1.282436565902478
megabyte1,1817,16,1.3772956863420263
megabyte1,1818,16,1.3630029922333673
megabyte1,1819,16,1.4070002769047492
megabyte1,1820,16,1.3604576021039565
megabyte1,1821,16,1.5128709332823278
megabyte1,1822,16,1.588374346415788
megabyte1,1823,16,1.9753173648159377
megabyte1,1824,16,1.6635275988627833
megabyte1,1825,16,1.727168589694312
megabyte1,1826,16,1.5195725211444273
megabyte1,1827,16,1.5889791803267366
megabyte1,1828,16,2.0081010238433925
megabyte1,1829,16,1.8171507997009153
megabyte1,1830,16,1.5131154737790633
megabyte1,1831,16,1.6136820410042287
megabyte1,1832,16,1.57515263352083
megabyte1,1833,16,1.7066229182821917
megabyte1,1834,16,1.7055161499855005
megabyte1,1835,16,1.5484877255344345
megabyte1,1836,16,1.6060301633140834
megabyte1,1837,16,1.6500034846597496
megabyte1,1838,16,1.4958499511585375
megabyte1,1839,16,1.4703942309337343
megabyte1,1840,16,1.4038763015103257
megabyte1,1841,16,1.4245801618109195
megabyte1,1842,16,1.565774300234319
megabyte1,1843,16,1.6706945199946766
megabyte1,1844,16,1.8948442133644472
megabyte1,1845,16,1.6242819368833241
megabyte1,1846,16,1.840211082206805
megabyte1,1847,16,1.4376410095142749
megabyte1,1848,16,1.7618865627681894
megabyte1,1849,16,1.470203092798411
megabyte1,1850,16,1.588275060888136
megabyte1,1851,16,1.6096808342146294
megabyte1,1852,16,1.347744565740834
megabyte1,1853,16,1.8403929520626503
megabyte1,1854,16,1.536967058570808
megabyte1,1855,16,1.5170687150900548
megabyte1,1856,16,1.3376276705567685
megabyte1,1857,16,1.255242538599657
megabyte1,1858,16,1.2046104336464727
megabyte1,1859,16,1.1571214840268393
megabyte1,1860,16,1.7506488996755238
megabyte1,1861,16,1.2934777942574038
megabyte1,1862,16,1.5359701339564458
megabyte1,1863,16,1.4233337354877935
megabyte1,1864,16,1.5896648062610481
megabyte1,1865,16,1.8979862247757977
megabyte1,1866,16,1.4974829891994799
megabyte1,1867,16,1.8596444532404683
megabyte1,1868,16,1.4732990121961376
megabyte1,1869,16,2.127985944046305
megabyte1,1870,16,1.7975155899482993
megabyte1,1871,16,1.51050647825113
megabyte1,1872,16,1.5383638653220946
megabyte1,1873,16,1.6224658031724692
megabyte1,1874,16,1.4146570588145884
megabyte1,1875,16,1.29285798662068
megabyte1,1876,16,1.500142065390794
megabyte1,1877,16,1.6376520982460938
megabyte1,1878,16,1.5579723600090154
megabyte1,1879,16,1.4630720286963663
megabyte1,1880,16,1.3568423383725376
megabyte1,1881,16,1.6339323562587897
megabyte1,1882,16,1.6581956357357013
megabyte1,1883,16,1.4875131226723826
megabyte1,1884,16,1.5434708171962248
megabyte1,1885,16,1.337336158162119
megabyte1,1886,16,1.3052654383390287
megabyte1,1887,16,1.3623329696952458
megabyte1,1888,16,1.274905880339714
megabyte1,1889,16,1.6531678881017187
megabyte1,1890,16,1.2419423505362224
megabyte1,1891,16,1.3309951308122994
megabyte1,1892,16,1.5803017498281429
megabyte1,1893,16,1.670109236597388
megabyte1,1894,16,1.534172776358248
megabyte1,1895,16,1.3245051328665898
megabyte1,1896,16,1.345539445831121
megabyte1,1897,16,1.2712983301016498
megabyte1,1898,16,1.2192261328940637
megabyte1,1899,16,1.5475334185114937
megabyte1,1900,16,1.282954009628062
megabyte1,1901,16,1.1283337644593194
megabyte1,1902,16,1.2323161686781214
megabyte1,1903,16,1.4726929995020248
megabyte1,1904,16,1.3977636487373606
megabyte1,1905,16,1.1769153014161349
megabyte1,1906,16,2.0880280491110144
megabyte1,1907,16,1.5400310197662566
megabyte1,1908,16,1.5068437767007068
megabyte1,1909,16,1.183308344630507
megabyte1,1910,16,1.4295965360616376
megabyte1,1911,16,1.7239947992588678
megabyte1,1912,16,1.3098864181396432
megabyte1,1913,16,1.3538286243860629
megabyte1,1914,16,1.5900334573483381
megabyte1,1915,16,1.7477166635199934
megabyte1,1916,16,1.3367065180486126
megabyte1,1917,16,2.049102057586062
megabyte1,1918,16,1.9014252078415323
megabyte1,1919,16,1.8347751990918133
megabyte1,1920,16,1.7820868883156498
megabyte1,1921,16,1.661909546999484
megabyte1,1922,16,1.6178140820266127
megabyte1,1923,16,1.8302411040737032
megabyte1,1924,16,1.6488509187578746
megabyte1,1925,16,1.6143880882235495
megabyte1,1926,16,1.5527042483469329
megabyte1,1927,16,1.6166685767150903
megabyte1,1928,16,1.7048604383899704
megabyte1,1929,16,1.4916180034704172
megabyte1,1930,16,1.5847927131329385
megabyte1,1931,16,1.741489472144318
megabyte1,1932,16,1.4735087508362348
megabyte1,1933,16,1.2003283123282742
megabyte1,1934,16,1.436739515170807
megabyte1,1935,16,1.6110543686679353
megabyte1,1936,16,1.67565295611273
megabyte1,1937,16,1.5029878284205636
megabyte1,1938,16,1.3135966243257906
megabyte1,1939,16,1.4840271078843346
megabyte1,1940,16,1.4859407107128983
megabyte1,1941,16,1.35917172441614
megabyte1,1942,16,1.9926376911985304
megabyte1,1943,16,1.5307405612840193
megabyte1,1944,16,1.3007446801030575
megabyte1,1945,16,1.563946703254724
megabyte1,1946,16,2.2799370479206242
megabyte1,1947,16,1.4410506102434497
megabyte1,1948,16,1.9512287312716265
megabyte1,1949,16,1.2495793407441707
megabyte1,1950,16,1.1163692063640485
megabyte1,1951,16,1.2599695560813446
megabyte1,1952,16,1.4368595414834322
megabyte1,1953,16,1.6077339489691052
megabyte1,1954,16,1.3738754433658953
megabyte1,1955,16,1.4105621398996233
megabyte1,1956,16,1.3356548300153945
megabyte1,1957,16,1.1530538554017822
megabyte1,1958,16,1.5693598991415705
megabyte1,1959,16,1.3911350976178343
megabyte1,1960,16,1.3180288280913848
megabyte1,1961,16,1.2130894024517118
megabyte1,1962,16,1.1925243601062698
megabyte1,1963,16,1.406285341669635
megabyte1,1964,16,1.7583231734023788
megabyte1,1965,16,1.1702032208931405
megabyte1,1966,16,1.3540411877484166
megabyte1,1967,16,1.4384713807714828
megabyte1,1968,16,1.193309761724561
megabyte1,1969,16,1.3886932560546636
megabyte1,1970,16,1.644959659827522
megabyte1,1971,16,1.5892649870692102
megabyte1,1972,16,1.5878335358233793
megabyte1,1973,16,1.6372623958539865
megabyte1,1974,16,1.3334892414194557
megabyte1,1975,16,1.2641440488476556
megabyte1,1976,16,1.011423725310491
megabyte1,1977,16,1.8948887183032983
megabyte1,1978,16,1.5902037372890256
megabyte1,1979,16,1.294118137355408
megabyte1,1980,16,1.2468682937070494
megabyte1,1981,16,1.287671068709469
megabyte1,1982,16,1.5453833756215258
megabyte1,1983,16,1.3659551757246464
megabyte1,1984,16,1.6445398047516913
megabyte1,1985,16,1.0405207941939798
megabyte1,1986,16,1.6409658921678767
megabyte1,1987,16,1.5257050143093327
megabyte1,1988,16,1.4551499330609592
megabyte1,1989,16,1.4526725485461782
megabyte1,1990,16,1.7651103606617784
megabyte1,1991,16,1.6011176403761762
megabyte1,1992,16,1.5260506709205357
megabyte1,1993,16,2.042214622563026
megabyte1,1994,16,1.9216231277790352
megabyte1,1995,16,1.1840766055926681
megabyte1,1996,16,1.5215190722546728
megabyte1,1997,16,2.620512037668946
megabyte1,1998,16,1.3177246583281779
megabyte1,1999,16,1.236897917179552
megabyte1,2000,16,1.3156227357701837
megabyte1,2001,16,1.3980328488184022
megabyte1,2002,16,1.4894328111897377
megabyte1,2003,16,1.2217063934595485
megabyte1,2004,16,1.435364065384232
megabyte1,2005,16,1.8440006883845184
megabyte1,2006,16,1.3866344380048279
megabyte1,2007,16,1.1433300256660963
megabyte1,2008,16,1.5034860043526854
megabyte1,2009,16,1.4525703307797135
megabyte1,2010,16,1.7012469377998023
megabyte1,2011,16,1.6392607747492036
megabyte1,2012,16,1.354389057655803
megabyte1,2013,16,1.8635346856657857
megabyte1,2014,16,2.0881538648760665
megabyte1,2015,16,1.2840045449826234
megabyte1,2016,16,1.6670409134542008
megabyte1,2017,16,1.770508466103407
megabyte1,2018,16,1.6877848999341538
megabyte1,2019,16,1.5879345669655738
megabyte1,2020,16,1.5723975335992557
megabyte1,2021,16,2.0667308239463935
megabyte1,2022,16,1.3914004146479773
megabyte1,2023,16,1.7403165915079923
megabyte1,2024,16,1.45907482694729
megabyte1,2025,16,1.4804942149258313
megabyte1,2026,16,1.2224139437865242
megabyte1,2027,16,1.10848969872529
megabyte1,2028,16,1.3503488985238172
megabyte1,2029,16,1.5957812165796668
megabyte1,2030,16,1.727138679300595
megabyte1,2031,16,1.656417382181533
megabyte1,2032,16,1.7504510534136664
megabyte1,2033,16,1.3259469683842464
megabyte1,2034,16,1.4375355747833034
megabyte1,2035,16,2.142744803053868
megabyte1,2036,16,1.4873457068375946
megabyte1,2037,16,1.5502786337116068
megabyte1,2038,16,1.6577480233076045
megabyte1,2039,16,1.5484306057300075
megabyte1,2040,16,1.3003615702392108
megabyte1,2041,16,1.3543010167038747
megabyte1,2042,16,1.8081200208385626
megabyte1,2043,16,1.3362117807807643
megabyte1,2044,16,1.795117728995232
megabyte1,2045,16,1.2319638248356157
megabyte1,2046,16,1.4008804851047043
megabyte1,2047,16,2.0278078746426615
megabyte1,2048,16,1.6137115691972446
megabyte1,2049,16,1.2786244943481944
megabyte1,2050,16,1.1824374496222856
megabyte1,2051,16,1.6275426310618957
megabyte1,2052,16,1.3486113586721886
megabyte1,2053,16,1.9076434103959188
megabyte1,2054,16,1.635206181913418
megabyte1,2055,16,1.8331378936233513
megabyte1,2056,16,1.4411122135802183
megabyte1,2057,16,1.457359008168895
megabyte1,2058,16,1.2940837966842178
megabyte1,2059,16,1.2215756617255125
megabyte1,2060,16,1.520523746817966
megabyte1,2061,16,1.11280240034505
megabyte1,2062,16,1.3951170108811366
megabyte1,2063,16,2.049890881835775
megabyte1,2064,16,1.8054511181080921
megabyte1,2065,16,1.3834413745851217
megabyte1,2066,16,1.5737537098880876
megabyte1,2067,16,1.5387212667339172
megabyte1,2068,16,1.2827390308944857
megabyte1,2069,16,1.7977663348088915
megabyte1,2070,16,1.459199041271833
megabyte1,2071,16,1.5092578681869144
megabyte1,2072,16,1.3781991468595547
megabyte1,2073,16,1.5437293161406973
megabyte1,2074,16,1.6171106984888304
megabyte1,2075,16,1.3347921731320564
megabyte1,2076,16,1.820580289079434
megabyte1,2077,16,1.5813226247043346
megabyte1,2078,16,1.4075082600273332
megabyte1,2079,16,1.5591264597443641
megabyte1,2080,16,1.191288043288746
megabyte1,2081,16,1.364066703553962
megabyte1,2082,16,1.2288767122850286
megabyte1,2083,16,1.1033757027786408
megabyte1,2084,16,1.6077651152818733
megabyte1,2085,16,1.1444190548668847
megabyte1,2086,16,1.4842103818642218
megabyte1,2087,16,1.6653831003849624
megabyte1,2088,16,1.3006895803564458
megabyte1,2089,16,1.464264172553314
megabyte1,2090,16,1.1924149950853844
megabyte1,2091,16,1.1180868956570327
megabyte1,2092,16,1.2110986959589123
megabyte1,2093,16,1.5355599850887243
megabyte1,2094,16,1.45817281936214
megabyte1,2095,16,1.0078746611283884
megabyte1,2096,16,1.2801260409908193
megabyte1,2097,16,1.5255681847357678
megabyte1,2098,16,1.3255100617826427
megabyte1,2099,16,1.293658787433112
megabyte1,2100,16,1.2753117131576333
megabyte1,2101,16,1.5021788881140088
megabyte1,2102,16,1.6274726406243514
megabyte1,2103,16,1.283574665497035
megabyte1,2104,16,1.498655841347329
megabyte1,2105,16,1.3376044684164499
megabyte1,2106,16,1.2488958945012971
megabyte1,2107,16,1.4637178478106538
megabyte1,2108,16,1.4755728831173835
megabyte1,2109,16,1.2395885838204352
megabyte1,2110,16,1.8829320174449875
megabyte1,2111,16,1.4339470065850957
megabyte1,2112,16,1.6600259966189026
megabyte1,2113,16,1.4184088335104528
megabyte1,2114,16,1.3401826728727142
megabyte1,2115,16,1.503711792728615
megabyte1,2116,16,1.4229054257528317
megabyte1,2117,16,1.7258173192426995
megabyte1,2118,16,1.7829259007921525
megabyte1,2119,16,1.5420489716040668
megabyte1,2120,16,1.4946510448096517
megabyte1,2121,16,1.4221847165594559
megabyte1,2122,16,1.2984387861303626
megabyte1,2123,16,1.649436522013644
megabyte1,2124,16,1.5471032346381846
megabyte1,2125,16,1.2665188351812076
megabyte1,2126,16,1.7075967125718323
megabyte1,2127,16,1.6710771773291972
megabyte1,2128,16,1.5939713290341049
megabyte1,2129,16,1.5706173115785385
megabyte1,2130,16,1.7857552633494245
megabyte1,2131,16,1.814824732256498
megabyte1,2132,16,1.4801273072149872
megabyte1,2133,16,1.6005162008312188
megabyte1,2134,16,1.625469907706645
megabyte1,2135,16,1.485296145154771
megabyte1,2136,16,1.4088088486296697
megabyte1,2137,16,1.559958623838738
megabyte1,2138,16,1.4035547682304086
megabyte1,2139,16,1.4996236897574253
megabyte1,2140,16,1.982671315783169
megabyte1,2141,16,1.393152049200909
megabyte1,2142,16,1.489569996122357
megabyte1,2143,16,1.6523670746201864
megabyte1,2144,16,1.63124457602695
megabyte1,2145,16,1.6437030078397092
megabyte1,2146,16,1.9121852152789724
megabyte1,2147,16,1.2637122969467691
megabyte1,2148,16,1.8477732094838408
megabyte1,2149,16,1.5107268929778237
megabyte1,2150,16,1.4988759367547524
megabyte1,2151,16,1.4527984490307497
megabyte1,2152,16,1.6842216426938077
megabyte1,2153,16,1.7135544717472249
megabyte1,2154,16,1.4730538308591588
megabyte1,2155,16,1.6835869415312077
megabyte1,2156,16,1.7379350875347537
megabyte1,2157,16,1.8459116039084587
megabyte1,2158,16,1.7100756292749115
megabyte1,2159,16,1.619296961559172
megabyte1,2160,16,1.671376594754479
megabyte1,2161,16,1.4752596700157339
megabyte1,2162,16,1.665314879668128
megabyte1,2163,16,1.938336831278585
megabyte1,2164,16,1.7522149438443917
megabyte1,2165,16,1.52252087439121
megabyte1,2166,16,1.7237618263171266
megabyte1,2167,16,1.649568023078007
megabyte1,2168,16,1.7861757431478296
megabyte1,2169,16,1.637422915509116
megabyte1,2170,16,1.7033312834392316
megabyte1,2171,16,1.7646231184314871
megabyte1,2172,16,2.0777754819219574
megabyte1,2173,16,1.3624304283393445
megabyte1,2174,16,1.8020470645509121
megabyte1,2175,16,1.6587679480611246
megabyte1,2176,16,2.0006387321934653
megabyte1,2177,16,2.014236659389557
megabyte1,2178,16,1.7680409843599618
megabyte1,2179,16,1.6083610710260516
megabyte1,2180,16,1.7259133184396218
megabyte1,2181,16,1.510036187828582
megabyte1,2182,16,1.831517397167792
megabyte1,2183,16,1.4657010212662853
megabyte1,2184,16,1.7327450506122022
megabyte1,2185,16,1.8046482514596318
megabyte1,2186,16,1.5933942892430355
megabyte1,2187,16,2.06090530043486
megabyte1,2188,16,1.4179519970213437
megabyte1,2189,16,1.7203206513539668
megabyte1,2190,16,1.6655713273440849
megabyte1,2191,16,1.7047403003874206
megabyte1,2192,16,1.7558350084608891
megabyte1,2193,16,1.8821721850632593
megabyte1,2194,16,2.0499960072376644
megabyte1,2195,16,1.593708135955614
megabyte1,2196,16,1.8438426400882375
megabyte1,2197,16,1.66947261607811
megabyte1,2198,16,1.6736376105245632
megabyte1,2199,16,1.6153069001916642
megabyte1,2200,16,1.8129737248129554
megabyte1,2201,16,1.7689102568854282
megabyte1,2202,16,1.8923069316373962
megabyte1,2203,16,1.6595170228343954
megabyte1,2204,16,1.799271538959048
megabyte1,2205,16,1.8768665324472003
megabyte1,2206,16,1.8965790623282421
megabyte1,2207,16,1.4368171076962932
megabyte1,2208,16,2.1349776160966716
megabyte1,2209,16,1.7111811462403437
megabyte1,2210,16,1.9680187876699549
megabyte1,2211,16,1.8673750654345538
megabyte1,2212,16,1.691282591562271
megabyte1,2213,16,1.8114910217649556
megabyte1,2214,16,1.6565667584251313
megabyte1,2215,16,1.650317419805385
megabyte1,2216,16,1.6248515846226326
megabyte1,2217,16,1.494556128640381
megabyte1,2218,16,1.4958723887619851
megabyte1,2219,16,1.5130010474217221
megabyte1,2220,16,1.4145671287421369
megabyte1,2221,16,1.4047233653151507
megabyte1,2222,16,1.7927161658571762
megabyte1,2223,16,1.7012050252069593
megabyte1,2224,16,1.6202104499468675
megabyte1,2225,16,1.3791100065444657
megabyte1,2226,16,1.3773464480950068
megabyte1,2227,16,1.5890363020232852
megabyte1,2228,16,1.402121698466942
megabyte1,2229,16,2.040388839269215
megabyte1,2230,16,1.8410627280331437
megabyte1,2231,16,2.0045271240502665
megabyte1,2232,16,1.4402268873186717
megabyte1,2233,16,1.883634563723625
megabyte1,2234,16,1.5645972378546116
megabyte1,2235,16,1.6461177470423172
megabyte1,2236,16,1.486725285480542
megabyte1,2237,16,1.853461313734826
megabyte1,2238,16,1.76807948409363
megabyte1,2239,16,1.6790541951800166
megabyte1,2240,16,1.5163748892989966
megabyte1,2241,16,1.6235617942745937
megabyte1,2242,16,2.0487320033063647
megabyte1,2243,16,1.5762585370445816
megabyte1,2244,16,1.7938326449360482
megabyte1,2245,16,1.3098761275335176
megabyte1,2246,16,1.6848494017960824
megabyte1,2247,16,1.747795031630089
megabyte1,2248,16,1.5159062789289233
megabyte1,2249,16,2.007802932922848
megabyte1,2250,16,2.115367665344625
megabyte1,2251,16,1.6790600370254796
megabyte1,2252,16,1.429467978770566
megabyte1,2253,16,2.0660331131090017
megabyte1,2254,16,1.9155927183666117
megabyte1,2255,16,1.868753687227729
megabyte1,2256,16,1.7951192705367691
megabyte1,2257,16,1.7054056884289914
megabyte1,2258,16,1.5661528474239519
megabyte1,2259,16,1.7162691214321535
megabyte1,2260,16,1.6761017477436522
megabyte1,2261,16,1.9233511398987035
megabyte1,2262,16,1.8613039906666176
megabyte1,2263,16,1.838276062100469
megabyte1,2264,16,1.5457108144358598
megabyte1,2265,16,1.777570077095604
megabyte1,2266,16,1.6494198516773346
megabyte1,2267,16,2.1508059104215507
megabyte1,2268,16,1.9413757062446075
megabyte1,2269,16,2.0489171759544123
megabyte1,2270,16,1.8032405653232064
megabyte1,2271,16,2.1312909046509634
megabyte1,2272,16,1.91971261964883
megabyte1,2273,16,1.8005779322654691
megabyte1,2274,16,1.9992490191993266
megabyte1,2275,16,1.8569317467144804
megabyte1,2276,16,1.7199303478150023
megabyte1,2277,16,1.8569454057691388
megabyte1,2278,16,1.6148384926207535
megabyte1,2279,16,1.711910882590665
megabyte1,2280,16,2.358511198778102
megabyte1,2281,16,2.0114192242196873
megabyte1,2282,16,1.6735988748835235
megabyte1,2283,16,1.9020731982133479
megabyte1,2284,16,1.7242502525059762
megabyte1,2285,16,1.874408778458298
megabyte1,2286,16,1.876349600753748
megabyte1,2287,16,1.530201189160675
megabyte1,2288,16,1.4889525425032712
megabyte1,2289,16,1.6638925012701449
megabyte1,2290,16,1.5414593586800474
megabyte1,2291,16,1.6755600059373432
megabyte1,2292,16,1.8038842258873307
megabyte1,2293,16,1.4370373835102923
megabyte1,2294,16,1.4055108684573017
megabyte1,2295,16,1.7469806587681371
megabyte1,2296,16,1.4492488668651329
megabyte1,2297,16,1.5891077635961257
megabyte1,2298,16,1.669961389192146
megabyte1,2299,16,1.690841458553032
megabyte1,2300,16,1.5457841476916345
megabyte1,2301,16,2.1023083149803155
megabyte1,2302,16,1.6371916353832352
megabyte1,2303,16,1.7799887445578935
megabyte1,2304,16,1.677163874445693
megabyte1,2305,16,1.9225299764664072
megabyte1,2306,16,1.9919132987113806
megabyte1,2307,16,1.6079899574947252
megabyte1,2308,16,1.6644559895475877
megabyte1,2309,16,1.9555439115897246
megabyte1,2310,16,2.087306919995445
megabyte1,2311,16,1.8600035994400692
megabyte1,2312,16,1.6576138854134828
megabyte1,2313,16,1.910811345997104
megabyte1,2314,16,1.584279267908521
megabyte1,2315,16,1.634053471275751
megabyte1,2316,16,1.6423528875886133
megabyte1,2317,16,2.270951293438657
megabyte1,2318,16,1.9915901737440787
megabyte1,2319,16,1.7262529840344774
megabyte1,2320,16,1.5319308321461447
megabyte1,2321,16,2.080807196972356
megabyte1,2322,16,1.7410539758600478
megabyte1,2323,16,1.7278242294229522
megabyte1,2324,16,1.6431727794123026
megabyte1,2325,16,1.4696676314545227
megabyte1,2326,16,1.6154722071803818
megabyte1,2327,16,1.450013793508413
megabyte1,2328,16,1.8381885001058709
megabyte1,2329,16,1.7094467108541322
megabyte1,2330,16,1.542465684933139
megabyte1,2331,16,1.6712344227544438
megabyte1,2332,16,1.671391581306537
megabyte1,2333,16,1.7624491952275856
megabyte1,2334,16,1.560180408600106
megabyte1,2335,16,1.6238912889843893
megabyte1,2336,16,1.5165128928613516
megabyte1,2337,16,1.732429134823314
megabyte1,2338,16,1.6708214254624036
megabyte1,2339,16,2.292777150481534
megabyte1,2340,16,1.892157288110338
megabyte1,2341,16,2.0071717078584315
megabyte1,2342,16,1.6991410425254254
megabyte1,2343,16,1.4226227300174827
megabyte1,2344,16,1.849039390169122
megabyte1,2345,16,1.7136769021209088
megabyte1,2346,16,2.013770389767762
megabyte1,2347,16,1.644322405732363
megabyte1,2348,16,1.362762338873586
megabyte1,2349,16,1.7344290865530672
megabyte1,2350,16,1.515264040516789
megabyte1,2351,16,1.3196437207052696
megabyte1,2352,16,1.5684541652519752
megabyte1,2353,16,1.5755443314895934
megabyte1,2354,16,1.4012850413031324
megabyte1,2355,16,1.8173001671971205
megabyte1,2356,16,1.7769654095459848
megabyte1,2357,16,1.9328695339798032
megabyte1,2358,16,1.335511530411127
megabyte1,2359,16,1.4329652256894578
megabyte1,2360,16,2.0285402076413104
megabyte1,2361,16,1.7809264389691843
megabyte1,2362,16,2.2063857198519687
megabyte1,2363,16,1.5517270630160303
megabyte1,2364,16,1.700819561138607
megabyte1,2365,16,1.8901429572927284
megabyte1,2366,16,1.3971658843142494
megabyte1,2367,16,1.5897370220738118
megabyte1,2368,16,1.7444711800770691
megabyte1,2369,16,1.425192391019451
megabyte1,2370,16,1.635332279473999
megabyte1,2371,16,1.607435703544343
megabyte1,2372,16,1.2885527890329165
megabyte1,2373,16,1.6106887305627406
megabyte1,2374,16,1.9339845951482904
megabyte1,2375,16,1.259839458810701
megabyte1,2376,16,1.6133927465844773
megabyte1,2377,16,1.364186072103025
megabyte1,2378,16,1.5574386301064207
megabyte1,2379,16,1.5682224319300746
megabyte1,2380,16,2.4222918199412447
megabyte1,2381,16,1.6574868880813758
megabyte1,2382,16,1.4844139521909407
megabyte1,2383,16,1.690683134182434
megabyte1,2384,16,1.5882629975809899
megabyte1,2385,16,1.611712497310331
megabyte1,2386,16,2.0083633026108263
megabyte1,2387,16,1.548114230987565
megabyte1,2388,16,1.9117409021684373
megabyte1,2389,16,1.9098592868390178
megabyte1,2390,16,1.4918401941017663
megabyte1,2391,16,1.5831775229623122
megabyte1,2392,16,1.8976606411665966
megabyte1,2393,16,1.421367238865395
megabyte1,2394,16,1.5384372295744553
megabyte1,2395,16,1.2104587778316407
megabyte1,2396,16,1.612962099689274
megabyte1,2397,16,1.90563105499206
megabyte1,2398,16,1.900963413070044
megabyte1,2399,16,1.8441785823288406
megabyte1,2400,16,1.6231367496844216
megabyte1,2401,16,1.7157890255301866
megabyte1,2402,16,1.9649788387314508
megabyte1,2403,16,1.5853349838325188
megabyte1,2404,16,1.4816912848137052
megabyte1,2405,16,1.4443034685836988
megabyte1,2406,16,1.5604673012802808
megabyte1,2407,16,1.4620516077132175
megabyte1,2408,16,1.745276334155945
megabyte1,2409,16,1.7051685841001933
megabyte1,2410,16,1.573303155640653
megabyte1,2411,16,1.562281252730472
megabyte1,2412,16,1.9207566509990086
megabyte1,2413,16,2.1754470381032927
megabyte1,2414,16,1.8143022460922342
megabyte1,2415,16,2.2593389670065456
megabyte1,2416,16,1.7250496618860698
megabyte1,2417,16,1.668635037060157
megabyte1,2418,16,2.0393727360426515
megabyte1,2419,16,1.643094203989374
megabyte1,2420,16,1.4505944968314928
megabyte1,2421,16,1.901254966461783
megabyte1,2422,16,1.5394814733291895
megabyte1,2423,16,1.4746940497913523
megabyte1,2424,16,1.5359511327037971
megabyte1,2425,16,1.7850572418503652
megabyte1,2426,16,1.3238793762828924
megabyte1,2427,16,1.6752470994738557
megabyte1,2428,16,1.6677288810700464
megabyte1,2429,16,1.5568446626208192
megabyte1,2430,16,1.9183500224028684
megabyte1,2431,16,1.7020045877535575
megabyte1,2432,16,1.5863921866538377
megabyte1,2433,16,1.562512777134956
megabyte1,2434,16,1.561041496526451
megabyte1,2435,16,1.9927887630428278
megabyte1,2436,16,1.7590113523237327
megabyte1,2437,16,1.6770886645517067
megabyte1,2438,16,1.5663623995347606
megabyte1,2439,16,1.5621895155060388
megabyte1,2440,16,1.6851143744765869
megabyte1,2441,16,1.6226388214430962
megabyte1,2442,16,1.922547872950396
megabyte1,2443,16,1.6285479778392957
megabyte1,2444,16,1.7069696397504863
megabyte1,2445,16,1.4070312081018148
megabyte1,2446,16,1.8092738708330838
megabyte1,2447,16,1.7691175918405984
megabyte1,2448,16,1.4020604709435616
megabyte1,2449,16,1.5991601385860799
megabyte1,2450,16,1.5782211766039458
megabyte1,2451,16,1.395336321031306
megabyte1,2452,16,1.6442281159600176
megabyte1,2453,16,1.5087581078003318
megabyte1,2454,16,2.0019959696170067
megabyte1,2455,16,1.4269621869066862
megabyte1,2456,16,1.538957069273804
megabyte1,2457,16,2.1904492811254284
megabyte1,2458,16,1.585292026982816
megabyte1,2459,16,1.7843573019098384
megabyte1,2460,16,1.4063994890286207
megabyte1,2461,16,1.437186290796075
megabyte1,2462,16,1.6870927168635508
megabyte1,2463,16,1.723527251580091
megabyte1,2464,16,1.652472266997244
megabyte1,2465,16,1.892976647428564
megabyte1,2466,16,1.5526450810424697
megabyte1,2467,16,1.635055988310757
megabyte1,2468,16,1.592580978030091
megabyte1,2469,16,1.535787285859218
megabyte1,2470,16,1.6943894422318413
megabyte1,2471,16,1.7440651375656697
megabyte1,2472,16,1.5049107748121944
megabyte1,2473,16,1.401202369135361
megabyte1,2474,16,1.663790608029522
megabyte1,2475,16,1.940278347416869
megabyte1,2476,16,1.5344502314868846
megabyte1,2477,16,1.6344184825283639
megabyte1,2478,16,1.586842705476338
megabyte1,2479,16,1.6398105637859353
megabyte1,2480,16,1.6506237894775118
megabyte1,2481,16,1.7362477609357172
megabyte1,2482,16,1.3337582554890521
megabyte1,2483,16,1.6051905675625993
megabyte1,2484,16,2.04699133494757
megabyte1,2485,16,1.4873954141941972
megabyte1,2486,16,1.6530355522004003
megabyte1,2487,16,2.1443082200845387
megabyte1,2488,16,1.398879529314428
megabyte1,2489,16,1.6073907170869632
megabyte1,2490,16,1.4798597004305765
megabyte1,2491,16,1.880834198000163
megabyte1,2492,16,1.757311502163265
megabyte1,2493,16,1.6503290193051385
megabyte1,2494,16,1.5799810533432155
megabyte1,2495,16,1.6908164387562286
megabyte1,2496,16,1.8006718296620239
megabyte1,2497,16,1.8916594029244655
megabyte1,2498,16,1.9197002460041057
megabyte1,2499,16,2.0352226348843607
megabyte1,2500,16,1.5912031882040676
megabyte1,2501,16,1.5815298226542236
megabyte1,2502,16,2.081380561853087
megabyte1,2503,16,1.55546581135315
megabyte1,2504,16,1.8122502644832719
megabyte1,2505,16,1.964818703506509
megabyte1,2506,16,1.6292228640187718
megabyte1,2507,16,1.5438266574062425
megabyte1,2508,16,1.8939687193627757
megabyte1,2509,16,1.5611477628786352
megabyte1,2510,16,1.7170346168619828
megabyte1,2511,16,1.6128416387726512
megabyte1,2512,16,1.679261847808837
megabyte1,2513,16,1.5589426472069892
megabyte1,2514,16,1.4417389469837467
megabyte1,2515,16,1.9017952673186378
megabyte1,2516,16,2.268674203787785
megabyte1,2517,16,1.5654820067713417
megabyte1,2518,16,1.7800897504555617
megabyte1,2519,16,1.683497691590156
megabyte1,2520,16,1.6360914970873943
megabyte1,2521,16,1.8129907923969608
megabyte1,2522,16,1.8814404041277164
megabyte1,2523,16,1.5740856995231822
megabyte1,2524,16,1.7081477590051632
megabyte1,2525,16,1.6732670681008062
megabyte1,2526,16,1.8118680787602235
megabyte1,2527,16,1.4670427125317704
megabyte1,2528,16,1.7179983280745184
megabyte1,2529,16,1.5164422966810895
megabyte1,2530,16,1.4402028400472235
megabyte1,2531,16,1.8939134668231512
megabyte1,2532,16,1.8912019897421146
megabyte1,2533,16,1.455484039941555
megabyte1,2534,16,1.5921651831311552
megabyte1,2535,16,1.3757377943365456
megabyte1,2536,16,1.3234495503717425
megabyte1,2537,16,1.5348684112109572
megabyte1,2538,16,1.6639801875188132
megabyte1,2539,16,1.3528741708297323
megabyte1,2540,16,1.5054522310060814
megabyte1,2541,16,1.999602418633672
megabyte1,2542,16,1.48810590073324
megabyte1,2543,16,1.601512878810911
megabyte1,2544,16,1.3784436143721392
megabyte1,2545,16,1.557120302092226
megabyte1,2546,16,1.8999073137563793
megabyte1,2547,16,1.7796334248115668
megabyte1,2548,16,1.7988868479897195
megabyte1,2549,16,2.0139579801665777
megabyte1,2550,16,2.00384527701416
megabyte1,2551,16,1.726083695523684
megabyte1,2552,16,1.4984149173699735
megabyte1,2553,16,1.4680599325753294
megabyte1,2554,16,1.4901575218737142
megabyte1,2555,16,1.4516522964893044
megabyte1,2556,16,1.537651031237476
megabyte1,2557,16,1.4466536961880776
megabyte1,2558,16,1.3802838557496895
megabyte1,2559,16,1.809901377215039
megabyte1,2560,16,1.461698973244752
megabyte1,2561,16,1.443814445281247
megabyte1,2562,16,1.4671117477431734
megabyte1,2563,16,1.4180488338137336
megabyte1,2564,16,1.6095646390007778
megabyte1,2565,16,1.3426938158287915
megabyte1,2566,16,1.4852254199834505
megabyte1,2567,16,1.6677299791060534
megabyte1,2568,16,1.4525610940973137
megabyte1,2569,16,1.4192558812477227
megabyte1,2570,16,1.340042707560284
megabyte1,2571,16,1.6578587733583814
megabyte1,2572,16,1.3753810496284207
megabyte1,2573,16,1.2376889597503695
megabyte1,2574,16,1.5287721782717552
megabyte1,2575,16,1.5494836962973184
megabyte1,2576,16,1.6170337709236136
megabyte1,2577,16,1.339876303286015
megabyte1,2578,16,1.4854395831525748
megabyte1,2579,16,1.6035829685279526
megabyte1,2580,16,1.5450548809329583
megabyte1,2581,16,1.6575563004189722
megabyte1,2582,16,1.4231570177345887
megabyte1,2583,16,1.5184937211995162
megabyte1,2584,16,1.7437168069269022
megabyte1,2585,16,1.4642269914472128
megabyte1,2586,16,1.8091140259189493
megabyte1,2587,16,1.3630483301983054
megabyte1,2588,16,1.7151720681904192
megabyte1,2589,16,1.4245550373449658
megabyte1,2590,16,1.9312899276377125
megabyte1,2591,16,1.6625847750076015
megabyte1,2592,16,1.7306007372442673
megabyte1,2593,16,1.6902222496719257
megabyte1,2594,16,1.7397500321765753
megabyte1,2595,16,1.4648275148416658
megabyte1,2596,16,1.8281859603651807
megabyte1,2597,16,2.104279710978311
megabyte1,2598,16,1.5789722851537413
megabyte1,2599,16,1.8009712073981943
megabyte1,2600,16,2.0658014826383524
megabyte1,2601,16,1.6331350506960172
megabyte1,2602,16,1.6676914753605194
megabyte1,2603,16,1.8263464205886557
megabyte1,2604,16,1.3394575472935064
megabyte1,2605,16,1.5858681793541338
megabyte1,2606,16,1.7149600965674998
megabyte1,2607,16,1.6438725011797493
megabyte1,2608,16,1.6854513282273484
megabyte1,2609,16,1.7624101604786981
megabyte1,2610,16,1.6392389511100316
megabyte1,2611,16,1.5581440084795632
megabyte1,2612,16,1.86069496485014
megabyte1,2613,16,1.6694737725211146
megabyte1,2614,16,1.9181387747143894
megabyte1,2615,16,2.049377738907279
megabyte1,2616,16,1.9784186743721914
megabyte1,2617,16,1.9166251139792219
megabyte1,2618,16,1.677391081638609
megabyte1,2619,16,1.5996765973370126
megabyte1,2620,16,1.775049679483507
megabyte1,2621,16,1.8309210994456193
megabyte1,2622,16,1.6248206166070787
megabyte1,2623,16,1.6752086838656517
megabyte1,2624,16,1.5165665258057397
megabyte1,2625,16,1.4817577064325296
megabyte1,2626,16,1.5512531593067684
megabyte1,2627,16,1.8450102973103168
megabyte1,2628,16,1.7349465384204477
megabyte1,2629,16,1.5365644949893933
megabyte1,2630,16,1.7259955012402046
megabyte1,2631,16,1.6688817214329879
megabyte1,2632,16,1.4878258321614823
megabyte1,2633,16,1.6330992215376927
megabyte1,2634,16,1.4629503109684288
megabyte1,2635,16,1.8707912386422543
megabyte1,2636,16,1.9166924741788451
megabyte1,2637,16,1.7903271641561744
megabyte1,2638,16,1.719417319944076
megabyte1,2639,16,1.4767660005523595
megabyte1,2640,16,1.3487452642963291
megabyte1,2641,16,1.6593756509378201
megabyte1,2642,16,1.744938778857523
megabyte1,2643,16,1.8021544852088494
megabyte1,2644,16,1.5088873827939155
megabyte1,2645,16,1.5565126684240438
megabyte1,2646,16,1.8579568465803478
megabyte1,2647,16,1.7984486396562953
megabyte1,2648,16,1.6820995451639447
megabyte1,2649,16,1.5500717437212408
megabyte1,2650,16,1.4151381561940062
megabyte1,2651,16,1.5053366533473749
megabyte1,2652,16,2.3754420956309086
megabyte1,2653,16,1.685904830715181
megabyte1,2654,16,1.6032591756934118
megabyte1,2655,16,1.6007102954691221
megabyte1,2656,16,1.5716801365269606
megabyte1,2657,16,1.5905632535077765
megabyte1,2658,16,1.6538598888144398
megabyte1,2659,16,1.4891695826469113
megabyte1,2660,16,1.4894763804376836
megabyte1,2661,16,1.5301122927439963
megabyte1,2662,16,1.9787079001129229
megabyte1,2663,16,1.9818366250659205
megabyte1,2664,16,1.3741502619269446
megabyte1,2665,16,1.7301633759310715
megabyte1,2666,16,1.7448658717269385
megabyte1,2667,16,1.69227137381781
megabyte1,2668,16,1.6073488970053877
megabyte1,2669,16,1.6380018208597051
megabyte1,2670,16,1.852551007640588
megabyte1,2671,16,1.6230347570034032
megabyte1,2672,16,1.690950693519627
megabyte1,2673,16,1.9148755049919364
megabyte1,2674,16,1.732919497030911
megabyte1,2675,16,1.708212382194562
megabyte1,2676,16,1.6613839453852937
megabyte1,2677,16,1.577834468565708
megabyte1,2678,16,1.5085382692058722
megabyte1,2679,16,1.6326066936298989
megabyte1,2680,16,1.6713993669186769
megabyte1,2681,16,1.7552183881777519
megabyte1,2682,16,1.664297544657053
megabyte1,2683,16,1.4633542582349341
megabyte1,2684,16,2.2803041026532673
megabyte1,2685,16,1.8598671557751298
megabyte1,2686,16,1.6740556931288169
megabyte1,2687,16,1.810334813374553
megabyte1,2688,16,1.6520969753857053
megabyte1,2689,16,1.7116521090815802
megabyte1,2690,16,1.7488781181539748
megabyte1,2691,16,1.607240562093377
megabyte1,2692,16,1.453926753461934
megabyte1,2693,16,1.54194245311403
megabyte1,2694,16,1.8171206345180781
megabyte1,2695,16,1.8378067790850834
megabyte1,2696,16,1.3969130972003794
megabyte1,2697,16,1.5276925812096573
megabyte1,2698,16,2.0196391576003374
megabyte1,2699,16,1.5337239337318165
megabyte1,2700,16,1.6634963232819935
megabyte1,2701,16,2.013375332975422
megabyte1,2702,16,1.57438123751205
megabyte1,2703,16,1.5777548779933839
megabyte1,2704,16,1.5290489172906767
megabyte1,2705,16,1.8127236221020941
megabyte1,2706,16,1.4585564675798286
megabyte1,2707,16,1.573416868663502
megabyte1,2708,16,1.5654392383367446
megabyte1,2709,16,1.635809481030605
megabyte1,2710,16,1.5209812811170864
megabyte1,2711,16,1.6341842883183777
megabyte1,2712,16,2.0639893396741402
megabyte1,2713,16,1.8958314040350739
megabyte1,2714,16,1.7721223350506194
megabyte1,2715,16,1.8264068053317715
megabyte1,2716,16,1.7937647319072054
megabyte1,2717,16,2.00638507653469
megabyte1,2718,16,2.110581681935197
megabyte1,2719,16,1.6748728625192042
megabyte1,2720,16,1.7442438448922741
megabyte1,2721,16,1.7852872294041695
megabyte1,2722,16,1.5828327060586729
megabyte1,2723,16,1.7427829863021052
megabyte1,2724,16,1.6586943462074226
megabyte1,2725,16,1.640876750423203
megabyte1,2726,16,1.783100315859024
megabyte1,2727,16,1.718225315508911
megabyte1,2728,16,1.525198561597324
megabyte1,2729,16,1.79092089007302
megabyte1,2730,16,1.537473784267603
megabyte1,2731,16,1.5490242117316313
megabyte1,2732,16,1.4579508250762492
megabyte1,2733,16,1.5051810670275212
megabyte1,2734,16,1.6407972723762259
megabyte1,2735,16,1.5364998807016208
megabyte1,2736,16,1.884438808752666
megabyte1,2737,16,1.5126972158143457
megabyte1,2738,16,1.6744350513603277
megabyte1,2739,16,1.7235388054401075
megabyte1,2740,16,1.558248278035406
megabyte1,2741,16,1.3774387323279602
megabyte1,2742,16,1.6589641433869462
megabyte1,2743,16,1.978400590765251
megabyte1,2744,16,1.5528064283634881
megabyte1,2745,16,2.0221707460318754
megabyte1,2746,16,1.522345042818108
megabyte1,2747,16,1.5625121540911742
megabyte1,2748,16,1.674292230025796
megabyte1,2749,16,1.505544946629581
megabyte1,2750,16,1.9426917910474635
megabyte1,2751,16,1.591485653876635
megabyte1,2752,16,1.4979260264686844
megabyte1,2753,16,1.7311741408088004
megabyte1,2754,16,1.4931750028349755
megabyte1,2755,16,1.4240822784024385
megabyte1,2756,16,1.802829896146387
megabyte1,2757,16,1.5478681519861697
megabyte1,2758,16,1.9367575089838496
megabyte1,2759,16,1.7667768238684094
megabyte1,2760,16,1.6575043646560703
megabyte1,2761,16,2.1223810566797026
megabyte1,2762,16,1.7770738467394718
megabyte1,2763,16,1.572857254968158
megabyte1,2764,16,2.0676077185898234
megabyte1,2765,16,1.5883794166125833
megabyte1,2766,16,1.8142469265414416
megabyte1,2767,16,1.510457487931749
megabyte1,2768,16,1.646606412073393
megabyte1,2769,16,1.4699179901544996
megabyte1,2770,16,1.5851016373427285
megabyte1,2771,16,1.5614253438744616
megabyte1,2772,16,1.4679362389937811
megabyte1,2773,16,1.5527041879442616
megabyte1,2774,16,1.9003794896148998
megabyte1,2775,16,2.0866760611721804
megabyte1,2776,16,1.38385413701365
megabyte1,2777,16,1.6529486745145006
megabyte1,2778,16,1.3810341011826521
megabyte1,2779,16,1.9276158098013603
megabyte1,2780,16,1.6525695951609463
megabyte1,2781,16,1.5147067808251409
megabyte1,2782,16,1.3572282683898005
megabyte1,2783,16,1.518102359508595
megabyte1,2784,16,1.7420836918118758
megabyte1,2785,16,1.4871370531910815
megabyte1,2786,16,1.7008668389988626
megabyte1,2787,16,1.7628442792530867
megabyte1,2788,16,1.947753607938949
megabyte1,2789,16,1.7770205493455713
megabyte1,2790,16,1.7901121281987593
megabyte1,2791,16,1.5675582084226098
megabyte1,2792,16,1.6192746417394266
megabyte1,2793,16,1.7321662203648232
megabyte1,2794,16,1.5484712850847089
megabyte1,2795,16,1.796302250502575
megabyte1,2796,16,1.591519352427891
megabyte1,2797,16,1.5742765093198192
megabyte1,2798,16,1.420213609817023
megabyte1,2799,16,1.292009599903999
megabyte1,2800,16,1.755785873581925
megabyte1,2801,16,1.492793352443472
megabyte1,2802,16,1.8701991733333814
megabyte1,2803,16,1.7285416762762509
megabyte1,2804,16,1.715115008766577
megabyte1,2805,16,1.8930712090938568
megabyte1,2806,16,1.3916631779180602
megabyte1,2807,16,1.7205140375799948
megabyte1,2808,16,2.0020944843561197
megabyte1,2809,16,2.0377566979957904
megabyte1,2810,16,1.7413494887454
megabyte1,2811,16,1.7667171959101726
megabyte1,2812,16,1.7773296845254367
megabyte1,2813,16,1.6668660040791197
megabyte1,2814,16,1.5410514754787032
megabyte1,2815,16,1.4307896696968228
megabyte1,2816,16,1.6728095688045013
megabyte1,2817,16,1.9952519290989703
megabyte1,2818,16,1.7896640862760789
megabyte1,2819,16,1.8070623952057434
megabyte1,2820,16,1.4427064716369875
megabyte1,2821,16,1.8134989975648939
megabyte1,2822,16,1.963583139949978
megabyte1,2823,16,1.6896522055482015
megabyte1,2824,16,1.9317708900932848
megabyte1,2825,16,2.06565525208529
megabyte1,2826,16,1.5811111475004584
megabyte1,2827,16,1.9055871676106615
megabyte1,2828,16,1.7984608783624298
megabyte1,2829,16,1.5881608184727296
megabyte1,2830,16,1.613597055596329
megabyte1,2831,16,1.7068737489657355
megabyte1,2832,16,1.633998749620943
megabyte1,2833,16,2.058705985767574
megabyte1,2834,16,1.7742564450219362
megabyte1,2835,16,1.725311180733744
megabyte1,2836,16,1.5831081950968389
megabyte1,2837,16,1.9242992585319407
megabyte1,2838,16,1.8022461652885642
megabyte1,2839,16,2.205596721054289
megabyte1,2840,16,1.8787361019620228
megabyte1,2841,16,1.5731193159454078
megabyte1,2842,16,1.5948701892151989
megabyte1,2843,16,1.697823602554161
megabyte1,2844,16,1.891269216863261
megabyte1,2845,16,1.7910149094149057
megabyte1,2846,16,1.7184202316052335
megabyte1,2847,16,1.949665900430113
megabyte1,2848,16,1.5677876299797826
megabyte1,2849,16,1.8569931503266486
megabyte1,2850,16,1.9099095663105619
megabyte1,2851,16,1.851395686905518
megabyte1,2852,16,2.0809853221348726
megabyte1,2853,16,1.5286383517036126
megabyte1,2854,16,1.5295754148729817
megabyte1,2855,16,1.4557835458374047
megabyte1,2856,16,1.620463366223699
megabyte1,2857,16,1.5794138016601207
megabyte1,2858,16,1.6932107336258126
megabyte1,2859,16,1.778424373920155
megabyte1,2860,16,1.6921939275939113
megabyte1,2861,16,1.3856255591959006
megabyte1,2862,16,1.643084007120529
megabyte1,2863,16,1.6328740548272223
megabyte1,2864,16,2.2823397865476767
megabyte1,2865,16,1.5625953265445423
megabyte1,2866,16,1.7662118412844285
megabyte1,2867,16,1.893784426764349
megabyte1,2868,16,1.670156877729347
megabyte1,2869,16,1.4422906741650654
megabyte1,2870,16,2.1372056829696175
megabyte1,2871,16,1.5838843622079979
megabyte1,2872,16,1.7310538555402324
megabyte1,2873,16,1.5831272615429213
megabyte1,2874,16,1.613613670526314
megabyte1,2875,16,2.367483990143368
megabyte1,2876,16,1.5797972281334567
megabyte1,2877,16,1.6690738704963026
megabyte1,2878,16,1.5940985662174925
megabyte1,2879,16,1.633972066734792
megabyte1,2880,16,1.7598620777602134
megabyte1,2881,16,1.9538068563317097
megabyte1,2882,16,1.8656647094756367
megabyte1,2883,16,1.6315664576804316
megabyte1,2884,16,1.449559875648968
megabyte1,2885,16,1.7693906425224253
megabyte1,2886,16,1.5343675111169277
megabyte1,2887,16,1.6871259977091726
megabyte1,2888,16,1.6032357234465715
megabyte1,2889,16,1.6526905416754623
megabyte1,2890,16,1.5266600729476478
megabyte1,2891,16,1.7023176053707634
megabyte1,2892,16,1.4413727317011416
megabyte1,2893,16,1.655306485023794
megabyte1,2894,16,1.5105856781343634
megabyte1,2895,16,1.508059569556459
megabyte1,2896,16,1.9330151684977757
megabyte1,2897,16,1.3848127858656438
megabyte1,2898,16,1.5476169367441193
megabyte1,2899,16,1.8214395923962206
megabyte1,2900,16,1.5279917645746282
megabyte1,2901,16,1.7001087977487153
megabyte1,2902,16,1.8106579856134022
megabyte1,2903,16,1.3090448063378508
megabyte1,2904,16,2.2854709898438332
megabyte1,2905,16,1.5538452867073778
megabyte1,2906,16,1.5720657839892764
megabyte1,2907,16,1.8187952364480386
megabyte1,2908,16,1.3810706222718203
megabyte1,2909,16,1.4994049422597429
megabyte1,2910,16,1.607263557143481
megabyte1,2911,16,1.6746477928538313
megabyte1,2912,16,1.6596741093343534
megabyte1,2913,16,1.7200990973391175
megabyte1,2914,16,1.484261960266631
megabyte1,2915,16,1.6833397750756927
megabyte1,2916,16,1.3356194268731751
megabyte1,2917,16,1.26734363305962
megabyte1,2918,16,2.084336489531684
megabyte1,2919,16,1.799393220267882
megabyte1,2920,16,1.8570640976899917
megabyte1,2921,16,1.9627643176514071
megabyte1,2922,16,1.5655817042252411
megabyte1,2923,16,1.5665259824614277
megabyte1,2924,16,2.1049022798005055
megabyte1,2925,16,1.4558353431179887
megabyte1,2926,16,1.821641609608312
megabyte1,2927,16,1.336385576645892
megabyte1,2928,16,1.7280655537292082
megabyte1,2929,16,1.8958109037244908
megabyte1,2930,16,1.5707227599387394
megabyte1,2931,16,1.7502592563737847
megabyte1,2932,16,1.4535631818752817
megabyte1,2933,16,1.9001173223143115
megabyte1,2934,16,1.883198963705284
megabyte1,2935,16,1.6863691603536992
megabyte1,2936,16,1.6053980533407712
megabyte1,2937,16,1.2035957059711733
megabyte1,2938,16,1.7911167623289415
megabyte1,2939,16,1.9168652383568645
megabyte1,2940,16,1.8067973487670232
megabyte1,2941,16,1.7421700981575299
megabyte1,2942,16,1.8309185021950154
megabyte1,2943,16,1.5743937196954736
megabyte1,2944,16,1.5701274531339602
megabyte1,2945,16,1.4767569579864197
megabyte1,2946,16,1.945368601096537
megabyte1,2947,16,1.5370127666648383
megabyte1,2948,16,1.711378733376191
megabyte1,2949,16,1.5359465334240774
megabyte1,2950,16,1.4055327561181967
megabyte1,2951,16,1.6905033183813976
megabyte1,2952,16,1.345072278606857
megabyte1,2953,16,1.896008556548618
megabyte1,2954,16,1.5972795140444578
megabyte1,2955,16,1.4794970931717029
megabyte1,2956,16,1.6310589481307551
megabyte1,2957,16,1.5857171228743872
megabyte1,2958,16,1.4369863027578451
megabyte1,2959,16,1.6544939853317644
megabyte1,2960,16,1.641631421238175
megabyte1,2961,16,1.7449850208758124
megabyte1,2962,16,1.6428182525788826
megabyte1,2963,16,1.530198640012606
megabyte1,2964,16,1.4476742733798473
megabyte1,2965,16,1.414153309421293
megabyte1,2966,16,1.763162616295338
megabyte1,2967,16,1.7439422505051025
megabyte1,2968,16,1.6927931326680747
megabyte1,2969,16,1.5157159384402203
megabyte1,2970,16,1.8526580578758358
megabyte1,2971,16,1.5279581606175452
megabyte1,2972,16,1.7998427273743425
megabyte1,2973,16,1.5049438976233205
megabyte1,2974,16,1.573788554345087
megabyte1,2975,16,1.3378071427202871
megabyte1,2976,16,1.8461449809469888
megabyte1,2977,16,1.962376112607243
megabyte1,2978,16,1.8002716704378914
megabyte1,2979,16,1.6840472356793637
megabyte1,2980,16,1.6839659106699623
megabyte1,2981,16,1.53818940103449
megabyte1,2982,16,1.8291057338253782
megabyte1,2983,16,1.5167490013630964
megabyte1,2984,16,1.844274442920283
megabyte1,2985,16,1.6640734194107172
megabyte1,2986,16,1.8887929411936892
megabyte1,2987,16,1.6110880598333797
megabyte1,2988,16,1.6541855052184378
megabyte1,2989,16,1.5434699556783735
megabyte1,2990,16,1.4480028304162331
megabyte1,2991,16,1.4979867089647334
megabyte1,2992,16,1.929309904623129
megabyte1,2993,16,1.702579642297492
megabyte1,2994,16,1.8487243683180925
megabyte1,2995,16,1.5780669034592996
megabyte1,2996,16,1.678415467035825
megabyte1,2997,16,1.9487862711620358
megabyte1,2998,16,1.6783962549846443
megabyte1,2999,16,1.5361879642611675
megabyte1,3000,16,1.993398354974359
megabyte1,3001,16,1.4519272888673036
megabyte1,3002,16,1.6874896804511847
megabyte1,3003,16,1.6324782538155151
megabyte1,3004,16,1.7304086001966545
megabyte1,3005,16,1.884393233113668
megabyte1,3006,16,1.4472023485396703
megabyte1,3007,16,1.434749078580535
megabyte1,3008,16,1.6555208934912726
megabyte1,3009,16,1.415085888967668
megabyte1,3010,16,1.7760510516607084
megabyte1,3011,16,1.7631484973015514
megabyte1,3012,16,1.5883037637350406
megabyte1,3013,16,1.6868993013197107
megabyte1,3014,16,1.6985715680195566
megabyte1,3015,16,1.421112684351189
megabyte1,3016,16,1.6441049589362695
megabyte1,3017,16,2.165059806732325
megabyte1,3018,16,1.768627766215001
megabyte1,3019,16,2.0601960618054207
megabyte1,3020,16,1.802761778024865
megabyte1,3021,16,1.8031876400713798
megabyte1,3022,16,1.7000401362582835
megabyte1,3023,16,1.7963853422358824
megabyte1,3024,16,1.6971308853859068
megabyte1,3025,16,1.479556253669012
megabyte1,3026,16,1.662825470446952
megabyte1,3027,16,1.7169555628448308
megabyte1,3028,16,1.4488944087589273
megabyte1,3029,16,1.684764005849918
megabyte1,3030,16,1.6103220069546342
megabyte1,3031,16,1.8867117543900065
megabyte1,3032,16,1.6512524910191635
megabyte1,3033,16,1.862248037055529
megabyte1,3034,16,1.6256920742361463
megabyte1,3035,16,1.6793950305183443
megabyte1,3036,16,1.4956580186563782
megabyte1,3037,16,1.8137148003125756
megabyte1,3038,16,2.0204050343217705
megabyte1,3039,16,1.6285754508286767
megabyte1,3040,16,1.5722228349477965
megabyte1,3041,16,1.9027089278439253
megabyte1,3042,16,1.4738958548316796
megabyte1,3043,16,1.7028223579087374
megabyte1,3044,16,1.5507338660549874
megabyte1,3045,16,1.7832510500736345
megabyte1,3046,16,1.5906745938706999
megabyte1,3047,16,2.0873557659865574
megabyte1,3048,16,1.933820906085921
megabyte1,3049,16,2.037591549095723
megabyte1,3050,16,1.6315466301058603
megabyte1,3051,16,1.714599444956098
megabyte1,3052,16,1.6264435357220068
megabyte1,3053,16,1.6493020242492227
megabyte1,3054,16,1.7540470631867073
megabyte1,3055,16,1.6666867766430369
megabyte1,3056,16,1.7565859142234697
megabyte1,3057,16,1.7316370974596547
megabyte1,3058,16,1.5548112332727506
megabyte1,3059,16,1.6527615398596907
megabyte1,3060,16,2.21260685641253
megabyte1,3061,16,1.597899249991892
megabyte1,3062,16,1.6051227407387094
megabyte1,3063,16,1.4986030762209028
megabyte1,3064,16,1.7074140899758163
megabyte1,3065,16,1.7768080019356995
megabyte1,3066,16,1.6505766365212653
megabyte1,3067,16,1.6649042339449374
megabyte1,3068,16,2.1641293604773826
megabyte1,3069,16,1.5976662589282011
megabyte1,3070,16,2.1443258788141675
megabyte1,3071,16,1.7380167435923033
geco22,0,17,1.9004705882352937
geco22,1,17,1.858235294117647
geco22,2,17,1.8550000000000004
geco22,3,17,1.7401764705882357
geco22,4,17,1.8195882352941175
geco22,5,17,1.9283529411764704
geco22,6,17,1.9088823529411765
geco22,7,17,1.7888235294117647
geco22,8,17,1.821235294117647
geco22,9,17,1.8623529411764708
geco22,10,17,1.8834705882352945
geco22,11,17,1.9982352941176473
geco22,12,17,1.8617058823529415
geco22,13,17,1.7831764705882354
geco22,14,17,1.762764705882353
geco22,15,17,1.7795882352941177
geco22,16,17,2.0384705882352945
geco22,17,17,1.7559999999999998
geco22,18,17,1.8752941176470588
geco22,19,17,1.8006470588235293
geco22,20,17,1.8388823529411764
geco22,21,17,1.8247058823529412
geco22,22,17,1.8824117647058822
geco22,23,17,1.7599999999999998
geco22,24,17,1.8687647058823529
geco22,25,17,1.861235294117647
geco22,26,17,1.7564117647058826
geco22,27,17,1.8893529411764707
geco22,28,17,1.7871176470588233
geco22,29,17,1.764058823529412
geco22,30,17,1.7323529411764704
geco22,31,17,1.988058823529412
geco22,32,17,1.7627058823529413
geco22,33,17,1.7825882352941176
geco22,34,17,1.73
geco22,35,17,1.9612352941176472
geco22,36,17,1.8572352941176473
geco22,37,17,1.8912352941176473
geco22,38,17,1.8069411764705883
geco22,39,17,1.7836470588235296
geco22,40,17,1.8368235294117645
geco22,41,17,1.8201176470588236
geco22,42,17,1.7921764705882353
geco22,43,17,1.7322352941176469
geco22,44,17,1.7391764705882355
geco22,45,17,1.8128823529411762
geco22,46,17,1.8754705882352942
geco22,47,17,1.8771176470588233
geco22,48,17,1.875235294117647
geco22,49,17,1.7894117647058827
geco22,50,17,1.917235294117647
geco22,51,17,1.9081764705882354
geco22,52,17,1.8856470588235292
geco22,53,17,1.7896470588235294
geco22,54,17,1.8725294117647058
geco22,55,17,1.910176470588235
geco22,56,17,1.817176470588235
geco22,57,17,1.8168235294117647
geco22,58,17,1.8925882352941177
geco22,59,17,2.2005882352941173
geco22,60,17,1.8152941176470587
geco22,61,17,2.0023529411764707
geco22,62,17,2.0152941176470587
geco22,63,17,1.8970588235294117
geco22,64,17,1.9411764705882353
geco22,65,17,1.9970588235294116
geco22,66,17,1.968235294117647
geco22,67,17,1.9494117647058824
geco22,68,17,1.8699999999999999
geco22,69,17,1.9458823529411768
geco22,70,17,1.903529411764706
geco22,71,17,1.9594117647058824
geco22,72,17,1.903529411764706
geco22,73,17,1.9394117647058824
geco22,74,17,1.8388235294117647
geco22,75,17,1.8541176470588234
geco22,76,17,1.9094117647058828
geco22,77,17,1.9823529411764704
geco22,78,17,1.9288235294117646
geco22,79,17,1.9417647058823528
geco22,80,17,1.9388235294117648
geco22,81,17,2.066470588235294
geco22,82,17,1.7970588235294116
geco22,83,17,1.9205882352941175
geco22,84,17,1.96
geco22,85,17,1.911764705882353
geco22,86,17,1.9700000000000002
geco22,87,17,1.9341176470588233
geco22,88,17,1.9194117647058826
geco22,89,17,1.8917647058823528
geco22,90,17,1.8435294117647059
geco22,91,17,1.9758823529411762
geco22,92,17,2.002352941176471
geco22,93,17,1.8650000000000002
geco22,94,17,1.9002352941176468
geco22,95,17,1.8698823529411766
geco22,96,17,1.945764705882353
geco22,97,17,1.8061764705882355
geco22,98,17,1.9144705882352941
geco22,99,17,1.7858823529411767
geco22,100,17,2.0358823529411763
geco22,101,17,1.974705882352941
geco22,102,17,2.040941176470588
geco22,103,17,1.9458823529411764
geco22,104,17,1.8611764705882354
geco22,105,17,1.9075882352941178
geco22,106,17,1.8884705882352941
geco22,107,17,1.8272941176470587
geco22,108,17,1.837
geco22,109,17,1.8717647058823534
geco22,110,17,2.074705882352941
geco22,111,17,1.899411764705882
geco22,112,17,2.010588235294118
geco22,113,17,1.9752941176470586
geco22,114,17,1.8899999999999997
geco22,115,17,1.8684117647058824
geco22,116,17,1.8230588235294123
geco22,117,17,1.7743529411764705
geco22,118,17,2.0052941176470584
geco22,119,17,2.027647058823529
geco22,120,17,1.9841176470588233
geco22,121,17,1.9364705882352937
geco22,122,17,1.9111764705882355
geco22,123,17,1.9594117647058824
geco22,124,17,1.914411764705882
geco22,125,17,1.8895882352941171
geco22,126,17,1.7625882352941178
geco22,127,17,1.8464705882352939
geco22,128,17,1.9196470588235295
geco22,129,17,2.091176470588235
geco22,130,17,1.9005882352941177
geco22,131,17,1.8894117647058821
geco22,132,17,1.8578235294117647
geco22,133,17,1.9813529411764705
geco22,134,17,1.8362352941176472
geco22,135,17,1.911764705882353
geco22,136,17,1.9539411764705885
geco22,137,17,1.8740588235294118
geco22,138,17,1.8009999999999997
geco22,139,17,1.9294117647058822
geco22,140,17,2.0276470588235296
geco22,141,17,1.8252941176470587
geco22,142,17,1.8953529411764705
geco22,143,17,1.8223529411764705
geco22,144,17,1.8416470588235294
geco22,145,17,2.1088235294117648
geco22,146,17,1.9641176470588235
geco22,147,17,2.0805882352941176
geco22,148,17,1.9447058823529408
geco22,149,17,2.0070588235294116
geco22,150,17,1.8882352941176475
geco22,151,17,1.8864705882352941
geco22,152,17,1.9888235294117649
geco22,153,17,1.9194117647058822
geco22,154,17,1.9029411764705884
geco22,155,17,1.8382352941176472
geco22,156,17,1.8351764705882352
geco22,157,17,1.9299999999999997
geco22,158,17,2.112352941176471
geco22,159,17,1.9588235294117646
geco22,160,17,1.872941176470588
geco22,161,17,1.8988235294117648
geco22,162,17,2.0023529411764707
geco22,163,17,2.18
geco22,164,17,1.921764705882353
geco22,165,17,2.0035294117647062
geco22,166,17,2.0405882352941176
geco22,167,17,1.964117647058823
geco22,168,17,1.9547058823529415
geco22,169,17,1.9276470588235295
geco22,170,17,1.87
geco22,171,17,1.8329411764705885
geco22,172,17,1.921176470588235
geco22,173,17,1.8605882352941179
geco22,174,17,1.9376470588235293
geco22,175,17,1.9176470588235295
geco22,176,17,1.9294117647058826
geco22,177,17,1.8347058823529414
geco22,178,17,1.907647058823529
geco22,179,17,1.9782352941176473
geco22,180,17,1.91
geco22,181,17,1.825411764705882
geco22,182,17,1.8875882352941176
geco22,183,17,1.9257058823529414
geco22,184,17,1.8448823529411764
geco22,185,17,1.857941176470588
geco22,186,17,1.9551176470588232
geco22,187,17,1.8608235294117645
geco22,188,17,1.8840588235294116
geco22,189,17,1.8454117647058823
geco22,190,17,2.038235294117647
geco22,191,17,1.853411764705882
geco22,192,17,1.888647058823529
geco22,193,17,1.9817647058823529
geco22,194,17,1.799411764705882
geco22,195,17,1.8908823529411762
geco22,196,17,1.6982941176470585
geco22,197,17,1.9466470588235292
geco22,198,17,1.8592352941176469
geco22,199,17,1.839235294117647
geco22,200,17,1.8127058823529414
geco22,201,17,1.7398235294117648
geco22,202,17,1.7919411764705881
geco22,203,17,1.8222352941176474
geco22,204,17,1.7307058823529413
geco22,205,17,1.6698235294117647
geco22,206,17,1.865294117647059
geco22,207,17,1.8158823529411763
geco22,208,17,1.7755882352941177
geco22,209,17,1.7645294117647057
geco22,210,17,1.6634117647058821
geco22,211,17,1.8975882352941176
geco22,212,17,1.827470588235294
geco22,213,17,2.000941176470588
geco22,214,17,1.8158235294117646
geco22,215,17,1.765235294117647
geco22,216,17,1.8772352941176467
geco22,217,17,1.8524117647058826
geco22,218,17,1.9179999999999997
geco22,219,17,1.7409999999999999
geco22,220,17,1.8008235294117645
geco22,221,17,1.8435882352941173
geco22,222,17,1.997058823529412
geco22,223,17,1.8566470588235293
geco22,224,17,1.8449411764705883
geco22,225,17,1.765705882352941
geco22,226,17,2.0588235294117645
geco22,227,17,1.7792941176470587
geco22,228,17,1.8070000000000002
geco22,229,17,1.878529411764706
geco22,230,17,1.7940588235294115
geco22,231,17,1.761
geco22,232,17,1.7633705882352944
geco22,233,17,2.000435294117647
geco22,234,17,1.808294117647059
geco22,235,17,2.1200000000000006
geco22,236,17,2.083529411764706
geco22,237,17,1.910588235294118
geco22,238,17,1.9270588235294122
geco22,239,17,1.8211764705882352
geco22,240,17,2.0300000000000002
geco22,241,17,1.9605882352941175
geco22,242,17,1.8058823529411767
geco22,243,17,1.841235294117647
geco22,244,17,1.796
geco22,245,17,1.9338823529411768
geco22,246,17,1.9995882352941177
geco22,247,17,1.7499999999999998
geco22,248,17,2.156470588235294
geco22,249,17,1.869411764705882
geco22,250,17,1.9570588235294115
geco22,251,17,1.9611764705882355
geco22,252,17,1.8268235294117643
geco22,253,17,1.7494117647058822
geco22,254,17,1.7109999999999999
geco22,255,17,1.6913529411764707
geco22,256,17,1.9107647058823527
geco22,257,17,1.828529411764706
geco22,258,17,1.8249411764705883
geco22,259,17,1.8261764705882353
geco22,260,17,1.7655882352941177
geco22,261,17,1.9963529411764707
geco22,262,17,1.830823529411765
geco22,263,17,2.0052941176470584
geco22,264,17,1.973176470588235
geco22,265,17,1.771764705882353
geco22,266,17,1.9500000000000004
geco22,267,17,1.8770588235294117
geco22,268,17,1.721058823529412
geco22,269,17,1.7519411764705883
geco22,270,17,2.0066470588235292
geco22,271,17,1.6949411764705882
geco22,272,17,1.8441764705882358
geco22,273,17,1.9658823529411762
geco22,274,17,1.785470588235294
geco22,275,17,2.037058823529412
geco22,276,17,1.9641176470588235
geco22,277,17,1.91
geco22,278,17,1.9629411764705882
geco22,279,17,1.8005882352941174
geco22,280,17,1.8776470588235294
geco22,281,17,1.7488235294117644
geco22,282,17,2.1929411764705877
geco22,283,17,1.99
geco22,284,17,1.8905882352941177
geco22,285,17,1.9441176470588237
geco22,286,17,1.8499999999999996
geco22,287,17,1.9576470588235295
geco22,288,17,1.8205882352941178
geco22,289,17,1.9158823529411766
geco22,290,17,2.0782352941176474
geco22,291,17,1.9239999999999995
geco22,292,17,1.7564117647058826
geco22,293,17,1.9312352941176472
geco22,294,17,1.8507647058823529
geco22,295,17,1.7828235294117647
geco22,296,17,1.8436470588235294
geco22,297,17,1.6932352941176472
geco22,298,17,1.7274117647058824
geco22,299,17,1.9518823529411766
geco22,300,17,1.8723529411764706
geco22,301,17,1.873411764705882
geco22,302,17,1.9094117647058824
geco22,303,17,1.8279411764705882
geco22,304,17,1.912411764705882
geco22,305,17,1.8525882352941179
geco22,306,17,1.7687058823529411
geco22,307,17,1.9115294117647057
geco22,308,17,1.9196470588235295
geco22,309,17,2.043529411764706
geco22,310,17,1.9576470588235295
geco22,311,17,1.9388235294117648
geco22,312,17,1.8978823529411761
geco22,313,17,1.8828823529411765
geco22,314,17,1.8421176470588236
geco22,315,17,1.906764705882353
geco22,316,17,1.8394117647058823
geco22,317,17,1.971470588235294
geco22,318,17,1.7962941176470593
geco22,319,17,1.8909411764705888
geco22,320,17,2.0835294117647054
geco22,321,17,1.8027647058823528
geco22,322,17,1.7811176470588235
geco22,323,17,1.8623529411764705
geco22,324,17,1.7775294117647058
geco22,325,17,1.9291764705882353
geco22,326,17,1.851470588235294
geco22,327,17,1.925470588235294
geco22,328,17,1.715411764705882
geco22,329,17,1.913
geco22,330,17,1.866529411764706
geco22,331,17,1.769529411764706
geco22,332,17,1.8141176470588234
geco22,333,17,1.9429411764705884
geco22,334,17,1.8200588235294115
geco22,335,17,1.7235294117647058
geco22,336,17,2.155294117647059
geco22,337,17,2.0764705882352934
geco22,338,17,2.142352941176471
geco22,339,17,1.8736470588235294
geco22,340,17,2.0611764705882347
geco22,341,17,1.8470588235294119
geco22,342,17,2.06
geco22,343,17,1.8547058823529408
geco22,344,17,1.991
geco22,345,17,1.7970588235294116
geco22,346,17,1.9089411764705881
geco22,347,17,1.835235294117647
geco22,348,17,1.8618235294117647
geco22,349,17,1.8038823529411765
geco22,350,17,1.9209411764705877
geco22,351,17,1.7122941176470587
geco22,352,17,1.7788235294117651
geco22,353,17,1.9517058823529414
geco22,354,17,1.7781764705882352
geco22,355,17,1.8392352941176473
geco22,356,17,1.9157058823529411
geco22,357,17,2.1082352941176468
geco22,358,17,1.9277058823529412
geco22,359,17,1.8688235294117648
geco22,360,17,1.9199411764705885
geco22,361,17,1.7940588235294121
geco22,362,17,1.9721176470588233
geco22,363,17,1.812647058823529
geco22,364,17,1.745
geco22,365,17,1.873764705882353
geco22,366,17,1.8221176470588236
geco22,367,17,2.009176470588235
geco22,368,17,1.8654705882352938
geco22,369,17,2.0316470588235296
geco22,370,17,1.6898235294117647
geco22,371,17,1.8671764705882352
geco22,372,17,1.943941176470588
geco22,373,17,1.7091176470588234
geco22,374,17,1.7882352941176474
geco22,375,17,1.6803529411764704
geco22,376,17,1.979647058823529
geco22,377,17,1.7497647058823529
geco22,378,17,1.666294117647059
geco22,379,17,1.9168235294117646
geco22,380,17,1.701529411764706
geco22,381,17,1.879882352941176
geco22,382,17,1.6931176470588232
geco22,383,17,1.6431176470588233
geco22,384,17,1.6364117647058825
geco22,385,17,1.6972941176470588
geco22,386,17,1.787764705882353
geco22,387,17,1.876764705882353
geco22,388,17,1.9153529411764705
geco22,389,17,1.9168823529411767
geco22,390,17,2.275294117647059
geco22,391,17,1.8764705882352943
geco22,392,17,1.9441176470588237
geco22,393,17,1.9876470588235298
geco22,394,17,1.967647058823529
geco22,395,17,2.0141176470588236
geco22,396,17,1.9000000000000004
geco22,397,17,1.8899999999999997
geco22,398,17,2.0223529411764702
geco22,399,17,1.7985882352941176
geco22,400,17,2.0335294117647056
geco22,401,17,1.9335294117647057
geco22,402,17,1.9729411764705878
geco22,403,17,1.9417647058823528
geco22,404,17,1.8758823529411763
geco22,405,17,1.842647058823529
geco22,406,17,1.905352941176471
geco22,407,17,1.931764705882353
geco22,408,17,1.8178235294117648
geco22,409,17,2.0095294117647056
geco22,410,17,1.929352941176471
geco22,411,17,1.8450588235294116
geco22,412,17,1.834
geco22,413,17,1.8734705882352942
geco22,414,17,1.9106470588235296
geco22,415,17,1.806764705882353
geco22,416,17,2.17235294117647
geco22,417,17,1.9417647058823533
geco22,418,17,1.9794117647058822
geco22,419,17,1.8405882352941176
geco22,420,17,1.866823529411765
geco22,421,17,1.9031764705882352
geco22,422,17,1.9229411764705882
geco22,423,17,1.849176470588235
geco22,424,17,1.8503529411764705
geco22,425,17,1.834470588235294
geco22,426,17,1.8805882352941177
geco22,427,17,1.996588235294118
geco22,428,17,1.8437058823529413
geco22,429,17,1.8897647058823532
geco22,430,17,1.9022941176470587
geco22,431,17,1.9252352941176465
geco22,432,17,1.8440588235294118
geco22,433,17,1.804235294117647
geco22,434,17,1.8368823529411766
geco22,435,17,1.8338823529411763
geco22,436,17,1.982235294117647
geco22,437,17,1.7704117647058824
geco22,438,17,1.842529411764706
geco22,439,17,1.805529411764706
geco22,440,17,1.901235294117647
geco22,441,17,1.8671176470588233
geco22,442,17,1.806235294117647
geco22,443,17,1.9068823529411765
geco22,444,17,1.794176470588235
geco22,445,17,2.1341176470588232
geco22,446,17,1.9258823529411766
geco22,447,17,1.9352941176470588
geco22,448,17,2.051764705882353
geco22,449,17,1.8476470588235292
geco22,450,17,1.9388235294117648
geco22,451,17,2.0823529411764703
geco22,452,17,1.8976470588235297
geco22,453,17,2.0470588235294116
geco22,454,17,1.9352941176470588
geco22,455,17,1.9882352941176473
geco22,456,17,1.8723529411764706
geco22,457,17,1.8611764705882354
geco22,458,17,2.02
geco22,459,17,2.011764705882353
geco22,460,17,1.9600000000000004
geco22,461,17,1.928235294117647
geco22,462,17,1.9288235294117646
geco22,463,17,1.8599999999999999
geco22,464,17,1.8435294117647054
geco22,465,17,1.9352941176470588
geco22,466,17,2.0717647058823534
geco22,467,17,1.9658823529411762
geco22,468,17,1.8264705882352945
geco22,469,17,2.1229411764705883
geco22,470,17,1.9323529411764706
geco22,471,17,1.9894117647058824
geco22,472,17,1.8264705882352938
geco22,473,17,1.8770588235294117
geco22,474,17,1.9894117647058824
geco22,475,17,2.0258823529411765
geco22,476,17,1.9517647058823528
geco22,477,17,1.8876470588235292
geco22,478,17,1.7450588235294116
geco22,479,17,2.086470588235294
geco22,480,17,1.9
geco22,481,17,2.1188235294117646
geco22,482,17,1.9147058823529415
geco22,483,17,1.8741176470588237
geco22,484,17,1.9400000000000002
geco22,485,17,1.8764705882352943
geco22,486,17,1.8793529411764704
geco22,487,17,1.791470588235294
geco22,488,17,1.755588235294118
geco22,489,17,1.8911764705882352
geco22,490,17,1.766705882352941
geco22,491,17,1.7839999999999996
geco22,492,17,1.768970588235294
geco22,493,17,1.8044823529411762
geco22,494,17,1.8722941176470589
geco22,495,17,1.9590352941176468
geco22,496,17,1.7797411764705886
geco22,497,17,1.7833705882352942
geco22,498,17,1.9841176470588233
geco22,499,17,2.021176470588235
geco22,500,17,1.8788235294117646
geco22,501,17,1.928235294117647
geco22,502,17,1.9058823529411764
geco22,503,17,1.8405882352941176
geco22,504,17,1.859411764705882
geco22,505,17,2.0123529411764705
geco22,506,17,1.9311764705882353
geco22,507,17,2.001176470588235
geco22,508,17,1.8676470588235294
geco22,509,17,1.968235294117647
geco22,510,17,1.8741176470588234
geco22,511,17,1.9894117647058824
geco22,512,17,1.9505882352941175
geco22,513,17,1.9023529411764708
geco22,514,17,1.8970588235294117
geco22,515,17,1.8770588235294117
geco22,516,17,1.8976470588235292
geco22,517,17,1.8505882352941174
geco22,518,17,1.8764705882352943
geco22,519,17,1.997058823529412
geco22,520,17,1.9517647058823524
geco22,521,17,2.038823529411765
geco22,522,17,1.9799999999999998
geco22,523,17,1.8717647058823528
geco22,524,17,1.9041176470588235
geco22,525,17,1.8770588235294117
geco22,526,17,1.967647058823529
geco22,527,17,1.9752941176470586
geco22,528,17,1.9664705882352942
geco22,529,17,1.8805882352941174
geco22,530,17,1.854705882352941
geco22,531,17,1.778823529411765
geco22,532,17,1.8364705882352943
geco22,533,17,2.071764705882353
geco22,534,17,1.9611764705882355
geco22,535,17,1.9376470588235293
geco22,536,17,1.8105882352941178
geco22,537,17,1.8558823529411763
geco22,538,17,1.7938823529411767
geco22,539,17,1.8928823529411767
geco22,540,17,1.8114705882352937
geco22,541,17,1.8250000000000002
geco22,542,17,1.808470588235294
geco22,543,17,1.8987764705882355
geco22,544,17,1.9054235294117645
geco22,545,17,1.7468352941176468
geco22,546,17,1.7712705882352944
geco22,547,17,1.868329411764706
geco22,548,17,1.8889529411764703
geco22,549,17,1.847076470588235
geco22,550,17,1.9324117647058823
geco22,551,17,1.9243235294117644
geco22,552,17,1.8960588235294116
geco22,553,17,1.7824941176470588
geco22,554,17,1.8188588235294119
geco22,555,17,1.8600411764705884
geco22,556,17,1.762911764705882
geco22,557,17,1.8093529411764706
geco22,558,17,1.7243882352941178
geco22,559,17,2.082176470588235
geco22,560,17,1.7467647058823528
geco22,561,17,1.7426470588235294
geco22,562,17,1.6958823529411766
geco22,563,17,1.7515882352941177
geco22,564,17,1.677176470588235
geco22,565,17,1.6816470588235293
geco22,566,17,1.683235294117647
geco22,567,17,1.755941176470588
geco22,568,17,1.713058823529412
geco22,569,17,1.6361764705882351
geco22,570,17,1.8453529411764704
geco22,571,17,1.7201764705882354
geco22,572,17,1.9958823529411764
geco22,573,17,1.7910588235294116
geco22,574,17,1.747705882352941
geco22,575,17,1.8195294117647056
geco22,576,17,1.9035882352941178
geco22,577,17,1.7448235294117647
geco22,578,17,1.8738823529411766
geco22,579,17,1.7718235294117644
geco22,580,17,1.9091764705882355
geco22,581,17,2.1141176470588228
geco22,582,17,1.8853529411764702
geco22,583,17,1.941058823529412
geco22,584,17,1.8841176470588237
geco22,585,17,1.8774705882352938
geco22,586,17,1.825
geco22,587,17,1.7965882352941178
geco22,588,17,1.8267058823529414
geco22,589,17,1.868352941176471
geco22,590,17,1.834941176470588
geco22,591,17,1.856470588235294
geco22,592,17,1.8048235294117647
geco22,593,17,1.8532941176470588
geco22,594,17,1.8106470588235297
geco22,595,17,1.887588235294118
geco22,596,17,1.8238823529411763
geco22,597,17,1.7790000000000001
geco22,598,17,1.914647058823529
geco22,599,17,1.9444117647058823
geco22,600,17,1.8494705882352938
geco22,601,17,1.853764705882353
geco22,602,17,1.830058823529412
geco22,603,17,1.804670588235294
geco22,604,17,1.8509588235294117
geco22,605,17,1.6615470588235297
geco22,606,17,1.8868529411764703
geco22,607,17,1.851535294117647
geco22,608,17,1.8627
geco22,609,17,1.6856
geco22,610,17,1.9037882352941178
geco22,611,17,1.8573235294117647
geco22,612,17,1.760258823529412
geco22,613,17,1.962594117647059
geco22,614,17,1.843194117647059
geco22,615,17,1.7351764705882353
geco22,616,17,1.8405470588235293
geco22,617,17,1.8523235294117646
geco22,618,17,1.835341176470588
geco22,619,17,1.7547882352941175
geco22,620,17,1.8742176470588239
geco22,621,17,1.7459941176470586
geco22,622,17,1.7301235294117647
geco22,623,17,1.8054176470588237
geco22,624,17,1.918364705882353
geco22,625,17,1.8136588235294118
geco22,626,17,1.8154117647058823
geco22,627,17,1.718935294117647
geco22,628,17,1.7477470588235295
geco22,629,17,1.7469705882352944
geco22,630,17,2.0153764705882353
geco22,631,17,1.9000764705882356
geco22,632,17,1.8424470588235293
geco22,633,17,1.9101
geco22,634,17,1.710705882352941
geco22,635,17,1.757194117647059
geco22,636,17,1.7240000000000004
geco22,637,17,1.846735294117647
geco22,638,17,1.769276470588235
geco22,639,17,1.7546411764705885
geco22,640,17,1.7808411764705885
geco22,641,17,1.8292
geco22,642,17,1.6834058823529412
geco22,643,17,1.838341176470588
geco22,644,17,1.8971941176470588
geco22,645,17,1.7374705882352939
geco22,646,17,1.621105882352941
geco22,647,17,1.7712647058823527
geco22,648,17,1.7277647058823526
geco22,649,17,1.7783176470588233
geco22,650,17,1.6278529411764704
geco22,651,17,1.8213235294117645
geco22,652,17,1.9963882352941178
geco22,653,17,1.7352117647058822
geco22,654,17,1.7701588235294117
geco22,655,17,1.7293470588235296
geco22,656,17,1.7753411764705882
geco22,657,17,1.6944117647058823
geco22,658,17,1.795341176470588
geco22,659,17,1.671158823529412
geco22,660,17,1.842229411764706
geco22,661,17,1.7247529411764706
geco22,662,17,1.9316882352941178
geco22,663,17,1.8752176470588238
geco22,664,17,1.9011
geco22,665,17,1.8881647058823527
geco22,666,17,1.8493411764705883
geco22,667,17,1.810158823529412
geco22,668,17,1.7888705882352942
geco22,669,17,1.6472823529411766
geco22,670,17,1.7107117647058823
geco22,671,17,1.761588235294118
geco22,672,17,1.6955352941176467
geco22,673,17,1.7915058823529413
geco22,674,17,1.8827117647058822
geco22,675,17,1.7833470588235292
geco22,676,17,1.8414941176470592
geco22,677,17,1.7511058823529413
geco22,678,17,1.7192411764705882
geco22,679,17,1.6830176470588236
geco22,680,17,1.9628470588235292
geco22,681,17,1.6905117647058825
geco22,682,17,1.819335294117647
geco22,683,17,1.8181705882352943
geco22,684,17,1.7117058823529412
geco22,685,17,1.8175823529411765
geco22,686,17,1.9593529411764705
geco22,687,17,1.9122823529411765
geco22,688,17,1.8440411764705882
geco22,689,17,1.7505176470588233
geco22,690,17,1.8175705882352942
geco22,691,17,1.7999235294117648
geco22,692,17,1.8217
geco22,693,17,1.8334647058823528
geco22,694,17,1.6955941176470588
geco22,695,17,1.739635294117647
geco22,696,17,1.7415823529411765
geco22,697,17,1.851647058823529
geco22,698,17,1.6393470588235293
geco22,699,17,1.7095294117647055
geco22,700,17,1.8244176470588234
geco22,701,17,1.6438176470588233
geco22,702,17,1.7065705882352944
geco22,703,17,1.7936705882352943
geco22,704,17,1.6126117647058826
geco22,705,17,1.639094117647059
geco22,706,17,1.7437941176470586
geco22,707,17,1.989694117647059
geco22,708,17,1.7780117647058824
geco22,709,17,1.7602235294117645
geco22,710,17,1.7666
geco22,711,17,1.8767058823529414
geco22,712,17,1.7189764705882353
geco22,713,17,1.675170588235294
geco22,714,17,1.6556
geco22,715,17,1.8922588235294118
geco22,716,17,1.858735294117647
geco22,717,17,1.6981588235294118
geco22,718,17,1.88
geco22,719,17,1.9520352941176473
geco22,720,17,1.826752941176471
geco22,721,17,1.8489117647058826
geco22,722,17,1.8136529411764708
geco22,723,17,1.8302941176470586
geco22,724,17,1.836329411764706
geco22,725,17,1.741635294117647
geco22,726,17,1.6910764705882355
geco22,727,17,1.699629411764706
geco22,728,17,1.8312058823529411
geco22,729,17,1.6270117647058824
geco22,730,17,1.8046823529411764
geco22,731,17,1.6307058823529414
geco22,732,17,1.9506647058823527
geco22,733,17,1.793923529411765
geco22,734,17,1.6697941176470588
geco22,735,17,1.7183529411764704
geco22,736,17,1.8186882352941176
geco22,737,17,1.682470588235294
geco22,738,17,2.1378823529411757
geco22,739,17,1.8512941176470592
geco22,740,17,1.9024117647058825
geco22,741,17,1.9039999999999997
geco22,742,17,1.8415882352941173
geco22,743,17,1.9326470588235292
geco22,744,17,1.7344705882352942
geco22,745,17,1.7710588235294118
geco22,746,17,1.7663529411764702
geco22,747,17,1.8895882352941176
geco22,748,17,1.8356470588235299
geco22,749,17,1.7552352941176474
geco22,750,17,1.8283529411764707
geco22,751,17,1.9478823529411764
geco22,752,17,1.805058823529412
geco22,753,17,1.832
geco22,754,17,2.1535294117647057
geco22,755,17,2.062941176470588
geco22,756,17,1.9399999999999997
geco22,757,17,1.9852941176470589
geco22,758,17,1.9776470588235293
geco22,759,17,2.0088235294117647
geco22,760,17,1.9388235294117648
geco22,761,17,1.9358823529411762
geco22,762,17,1.9076470588235295
geco22,763,17,1.9388235294117648
geco22,764,17,1.9299999999999997
geco22,765,17,1.9835294117647058
geco22,766,17,2.0335294117647065
geco22,767,17,1.99
geco22,768,17,1.9205882352941175
geco22,769,17,1.9323529411764702
geco22,770,17,1.9170588235294115
geco22,771,17,2.0500000000000003
geco22,772,17,1.8641176470588234
geco22,773,17,1.8511764705882354
geco22,774,17,1.9076470588235295
geco22,775,17,1.9011764705882352
geco22,776,17,1.905882352941176
geco22,777,17,1.9294117647058822
geco22,778,17,2.0670588235294116
geco22,779,17,1.9058823529411768
geco22,780,17,1.921176470588235
geco22,781,17,1.8652941176470588
geco22,782,17,1.9541176470588235
geco22,783,17,1.9376470588235293
geco22,784,17,2.0323529411764705
geco22,785,17,1.9876470588235293
geco22,786,17,1.8982352941176468
geco22,787,17,1.9335294117647057
geco22,788,17,1.9505882352941175
geco22,789,17,1.9117647058823526
geco22,790,17,1.954117647058824
geco22,791,17,1.91
geco22,792,17,1.8531176470588233
geco22,793,17,1.761058823529412
geco22,794,17,1.8078823529411765
geco22,795,17,1.8870588235294117
geco22,796,17,1.825529411764706
geco22,797,17,1.9626470588235296
geco22,798,17,1.756294117647059
geco22,799,17,1.855470588235294
geco22,800,17,1.7448823529411766
geco22,801,17,1.8710000000000002
geco22,802,17,1.7600000000000002
geco22,803,17,1.8482941176470589
geco22,804,17,1.9160588235294118
geco22,805,17,1.8040000000000003
geco22,806,17,1.7621
geco22,807,17,1.852529411764706
geco22,808,17,1.8208647058823528
geco22,809,17,1.854176470588235
geco22,810,17,1.7145529411764704
geco22,811,17,1.7953529411764704
geco22,812,17,1.8824235294117646
geco22,813,17,1.8253529411764706
geco22,814,17,1.7542941176470586
geco22,815,17,1.8804705882352941
geco22,816,17,1.8738882352941173
geco22,817,17,1.7380588235294119
geco22,818,17,1.8772117647058821
geco22,819,17,1.835294117647059
geco22,820,17,1.8471117647058821
geco22,821,17,1.9077647058823535
geco22,822,17,2.2652941176470587
geco22,823,17,2.052941176470588
geco22,824,17,1.8899999999999997
geco22,825,17,1.9047058823529412
geco22,826,17,2.066470588235294
geco22,827,17,1.802352941176471
geco22,828,17,2.0058823529411764
geco22,829,17,1.9323529411764706
geco22,830,17,2.0088235294117647
geco22,831,17,1.9034705882352942
geco22,832,17,1.7947058823529414
geco22,833,17,1.7752941176470587
geco22,834,17,1.861470588235294
geco22,835,17,1.9551764705882353
geco22,836,17,2.079411764705882
geco22,837,17,2.006235294117647
geco22,838,17,1.9941176470588236
geco22,839,17,1.8608235294117643
geco22,840,17,1.943352941176471
geco22,841,17,1.7895294117647058
geco22,842,17,1.9988235294117644
geco22,843,17,2.0258823529411765
geco22,844,17,1.956470588235294
geco22,845,17,1.9870588235294118
geco22,846,17,2.0174705882352946
geco22,847,17,1.9888235294117644
geco22,848,16,2.0199999999999996
geco22,849,16,1.9518749999999998
geco22,850,16,2.033125
geco22,851,16,1.9700000000000002
geco22,852,16,2.01375
geco22,853,16,1.9774999999999994
geco22,854,16,1.9375
geco22,855,16,1.973125
geco22,856,16,1.8902499999999998
geco22,857,16,1.8551875
geco22,858,16,1.8550625
geco22,859,16,1.8963749999999997
geco22,860,16,1.7533749999999997
geco22,861,16,1.8511250000000001
geco22,862,16,1.8495625
geco22,863,16,1.9743750000000002
geco22,864,16,1.8675000000000002
geco22,865,16,1.9343749999999997
geco22,866,16,1.95625
geco22,867,16,1.934375
geco22,868,16,1.896875
geco22,869,16,1.9212499999999997
geco22,870,16,1.8093749999999997
geco22,871,16,1.9712500000000004
geco22,872,16,1.8737499999999998
geco22,873,16,1.7609374999999998
geco22,874,16,1.8384999999999998
geco22,875,16,1.91125
geco22,876,16,2.0556250000000005
geco22,877,16,1.9362499999999996
geco22,878,16,1.7868749999999998
geco22,879,16,1.9662499999999996
geco22,880,16,1.7959999999999998
geco22,881,16,1.780125
geco22,882,16,1.9179374999999999
geco22,883,16,1.806625
geco22,884,16,1.7508125
geco22,885,16,1.9778124999999998
geco22,886,16,1.8082500000000001
geco22,887,16,1.841875
geco22,888,16,1.8624374999999997
geco22,889,16,2.091875
geco22,890,16,1.9931249999999998
geco22,891,16,1.8678124999999999
geco22,892,16,1.86375
geco22,893,16,1.9649999999999999
geco22,894,16,1.771875
geco22,895,16,1.8500000000000003
geco22,896,16,1.959
geco22,897,16,1.7711875000000001
geco22,898,16,1.6943125000000003
geco22,899,16,1.7624374999999999
geco22,900,16,1.6557500000000003
geco22,901,16,1.8680625
geco22,902,16,1.7891874999999995
geco22,903,16,1.9925
geco22,904,16,1.7493750000000001
geco22,905,16,1.8956250000000001
geco22,906,16,1.8975
geco22,907,16,1.8365624999999999
geco22,908,16,1.9961874999999998
geco22,909,16,1.7788749999999998
geco22,910,16,2.005
geco22,911,16,1.8061249999999998
geco22,912,16,1.7683749999999998
geco22,913,16,1.7580624999999999
geco22,914,16,1.8284375000000002
geco22,915,16,1.8847375000000002
geco22,916,16,2.2075
geco22,917,16,1.956875
geco22,918,16,2.0025
geco22,919,16,1.8606250000000002
geco22,920,16,1.90125
geco22,921,16,1.893625
geco22,922,16,2.156875
geco22,923,16,1.869875
geco22,924,16,1.888
geco22,925,16,1.8025
geco22,926,16,1.8664999999999998
geco22,927,16,1.8954375
geco22,928,16,1.7360625
geco22,929,16,1.8610625
geco22,930,16,1.8686249999999998
geco22,931,16,1.9766875
geco22,932,16,1.7595625000000001
geco22,933,16,2.10875
geco22,934,16,1.971875
geco22,935,16,1.9079999999999995
geco22,936,16,1.83375
geco22,937,16,2.1037500000000007
geco22,938,16,1.9387500000000002
geco22,939,16,1.9606249999999998
geco22,940,16,2.05125
geco22,941,16,1.941875
geco22,942,16,1.8906249999999996
geco22,943,16,1.9175
geco22,944,16,1.9287500000000004
geco22,945,16,1.8931250000000002
geco22,946,16,1.9368749999999997
geco22,947,16,1.9549999999999998
geco22,948,16,1.9293749999999998
geco22,949,16,1.9193750000000005
geco22,950,16,1.961875
geco22,951,16,1.91125
geco22,952,16,1.8818749999999997
geco22,953,16,1.9075000000000002
geco22,954,16,1.9318750000000002
geco22,955,16,1.9106249999999998
geco22,956,16,1.911875
geco22,957,16,2.0531249999999996
geco22,958,16,1.9249999999999996
geco22,959,16,1.913125
geco22,960,16,1.9224999999999999
geco22,961,16,1.974375
geco22,962,16,1.9593749999999996
geco22,963,16,2.063125
geco22,964,16,1.9762499999999996
geco22,965,16,2.0368749999999998
geco22,966,16,1.9993749999999997
geco22,967,16,2.001875
geco22,968,16,1.9431250000000002
geco22,969,16,1.9024999999999999
geco22,970,16,1.908125
geco22,971,16,2.03875
geco22,972,16,1.8837499999999996
geco22,973,16,2.005
geco22,974,16,2.015
geco22,975,16,1.925625
geco22,976,16,1.9225
geco22,977,16,1.9356249999999997
geco22,978,16,2.0706249999999997
geco22,979,16,1.9199999999999997
geco22,980,16,1.930625
geco22,981,16,1.8893749999999998
geco22,982,16,1.9599999999999997
geco22,983,16,1.951875
geco22,984,16,1.8956250000000003
geco22,985,16,1.9643749999999998
geco22,986,16,1.925625
geco22,987,16,1.9912499999999997
geco22,988,16,1.9524999999999997
geco22,989,16,1.9143750000000002
geco22,990,16,1.9007499999999995
geco22,991,16,1.834625
geco22,992,16,2.0087499999999996
geco22,993,16,1.991875
geco22,994,16,1.8306250000000002
geco22,995,16,1.8543749999999999
geco22,996,16,1.9675000000000002
geco22,997,16,1.8550000000000002
geco22,998,16,1.8406250000000002
geco22,999,16,1.8493749999999998
geco22,1000,16,2.075
geco22,1001,16,1.975625
geco22,1002,16,1.8043749999999996
geco22,1003,16,1.9299999999999997
geco22,1004,16,1.978125
geco22,1005,16,1.9093749999999998
geco22,1006,16,2.014375
geco22,1007,16,2.0106249999999997
geco22,1008,16,1.966875
geco22,1009,16,1.9606249999999996
geco22,1010,16,1.87625
geco22,1011,16,1.94625
geco22,1012,16,1.9725000000000001
geco22,1013,16,1.881875
geco22,1014,16,1.824375
geco22,1015,16,2.010625
geco22,1016,16,1.7981249999999998
geco22,1017,16,1.9518749999999998
geco22,1018,16,1.918125
geco22,1019,16,1.8575
geco22,1020,16,2.011875
geco22,1021,16,1.9925000000000002
geco22,1022,16,1.8268749999999998
geco22,1023,16,2.0043749999999996
geco22,1024,16,1.9224999999999999
geco22,1025,16,1.9624999999999995
geco22,1026,16,1.7787499999999998
geco22,1027,16,1.9160625
geco22,1028,16,2.0375
geco22,1029,16,1.886875
geco22,1030,16,1.8475000000000001
geco22,1031,16,1.88075
geco22,1032,16,1.973125
geco22,1033,16,2.0287499999999996
geco22,1034,16,2.0025
geco22,1035,16,1.9937500000000001
geco22,1036,16,1.9075
geco22,1037,16,1.88375
geco22,1038,16,1.9249999999999998
geco22,1039,16,1.8531250000000001
geco22,1040,16,1.901875
geco22,1041,16,2.0025
geco22,1042,16,1.96
geco22,1043,16,1.94
geco22,1044,16,1.861875
geco22,1045,16,2.0087500000000005
geco22,1046,16,1.998125
geco22,1047,16,1.906875
geco22,1048,16,2.0175
geco22,1049,16,2.0556249999999996
geco22,1050,16,1.98875
geco22,1051,16,1.9112500000000003
geco22,1052,16,1.9843750000000002
geco22,1053,16,1.8818749999999997
geco22,1054,16,1.9606249999999998
geco22,1055,16,1.90375
geco22,1056,16,2.0231250000000003
geco22,1057,16,1.8406249999999997
geco22,1058,16,1.9718749999999998
geco22,1059,16,2.0218749999999996
geco22,1060,16,2.0056249999999998
geco22,1061,16,1.785625
geco22,1062,16,1.9668750000000004
geco22,1063,16,1.9512499999999997
geco22,1064,16,1.90875
geco22,1065,16,1.9393749999999998
geco22,1066,16,1.988125
geco22,1067,16,1.908125
geco22,1068,16,1.9493750000000003
geco22,1069,16,1.8575
geco22,1070,16,2.0531249999999996
geco22,1071,16,1.9324999999999997
geco22,1072,16,2.081875
geco22,1073,16,1.9231249999999998
geco22,1074,16,1.8968749999999999
geco22,1075,16,1.9687500000000002
geco22,1076,16,1.915
geco22,1077,16,1.9781250000000001
geco22,1078,16,1.7849999999999997
geco22,1079,16,1.858125
geco22,1080,16,1.872875
geco22,1081,16,1.9402499999999998
geco22,1082,16,1.887375
geco22,1083,16,1.9868749999999997
geco22,1084,16,2.041875
geco22,1085,16,1.91125
geco22,1086,16,1.8524999999999996
geco22,1087,16,1.861875
geco22,1088,16,1.9987499999999996
geco22,1089,16,1.8981250000000003
geco22,1090,16,2.0256250000000002
geco22,1091,16,2.009375
geco22,1092,16,1.9243750000000002
geco22,1093,16,1.9118750000000002
geco22,1094,16,2.000625
geco22,1095,16,1.9005
geco22,1096,16,2.0012499999999998
geco22,1097,16,1.9237499999999996
geco22,1098,16,1.903125
geco22,1099,16,1.9293749999999998
geco22,1100,16,2.066875
geco22,1101,16,1.9306249999999998
geco22,1102,16,1.8218750000000001
geco22,1103,16,2.009375
geco22,1104,16,1.9437499999999999
geco22,1105,16,1.838125
geco22,1106,16,2.0325
geco22,1107,16,1.8687500000000001
geco22,1108,16,1.995
geco22,1109,16,1.960625
geco22,1110,16,1.8456249999999996
geco22,1111,16,1.8937499999999996
geco22,1112,16,1.97375
geco22,1113,16,1.9168749999999999
geco22,1114,16,1.9612499999999997
geco22,1115,16,1.9243750000000002
geco22,1116,16,1.998125
geco22,1117,16,1.7606874999999997
geco22,1118,16,2.0118750000000003
geco22,1119,16,1.8385
geco22,1120,16,1.824125
geco22,1121,16,1.9221874999999997
geco22,1122,16,2.03
geco22,1123,16,2.0268749999999995
geco22,1124,16,1.8962500000000002
geco22,1125,16,1.920625
geco22,1126,16,1.8125
geco22,1127,16,1.99125
geco22,1128,16,1.8775
geco22,1129,16,1.9356250000000002
geco22,1130,16,1.9068749999999999
geco22,1131,16,1.9118750000000002
geco22,1132,16,1.8543749999999999
geco22,1133,16,2.0462499999999997
geco22,1134,16,2.046875
geco22,1135,16,2.026875
geco22,1136,16,1.9731249999999998
geco22,1137,16,1.92375
geco22,1138,16,1.944375
geco22,1139,16,2.071875
geco22,1140,16,1.940625
geco22,1141,16,1.938125
geco22,1142,16,1.9131250000000002
geco22,1143,16,1.98
geco22,1144,16,1.8999999999999997
geco22,1145,16,1.94125
geco22,1146,16,1.9899999999999998
geco22,1147,16,1.831875
geco22,1148,16,1.8716874999999997
geco22,1149,16,1.76275
geco22,1150,16,2.11875
geco22,1151,16,1.82625
geco22,1152,16,1.9575
geco22,1153,16,1.9799999999999998
geco22,1154,16,2.056875
geco22,1155,16,1.9375000000000002
geco22,1156,16,1.946875
geco22,1157,16,1.98875
geco22,1158,16,1.91375
geco22,1159,16,1.8249374999999999
geco22,1160,16,2.091875
geco22,1161,16,1.938125
geco22,1162,16,2.0475
geco22,1163,16,1.9631250000000002
geco22,1164,16,2.054375
geco22,1165,16,1.83375
geco22,1166,16,1.8743750000000001
geco22,1167,16,2.0687499999999996
geco22,1168,16,1.9106249999999996
geco22,1169,16,2.0075000000000003
geco22,1170,16,2.0212499999999998
geco22,1171,16,1.93875
geco22,1172,16,1.9162499999999998
geco22,1173,16,2.0250000000000004
geco22,1174,16,1.9537499999999999
geco22,1175,16,1.9787499999999998
geco22,1176,16,1.948125
geco22,1177,16,2.0206250000000003
geco22,1178,16,1.90625
geco22,1179,16,1.9956249999999995
geco22,1180,16,1.8599999999999999
geco22,1181,16,2.048125
geco22,1182,16,1.894375
geco22,1183,16,1.8625
geco22,1184,16,1.936875
geco22,1185,16,1.9768750000000002
geco22,1186,16,1.938125
geco22,1187,16,1.881875
geco22,1188,16,1.9243749999999997
geco22,1189,16,1.925
geco22,1190,16,1.863125
geco22,1191,16,1.9762499999999998
geco22,1192,16,1.9275
geco22,1193,16,1.836875
geco22,1194,16,1.701
geco22,1195,16,2.0949999999999998
geco22,1196,16,1.8831250000000002
geco22,1197,16,1.8700000000000003
geco22,1198,16,1.876875
geco22,1199,16,1.8575
geco22,1200,16,1.9099999999999995
geco22,1201,16,1.9218750000000002
geco22,1202,16,1.9368750000000001
geco22,1203,16,2.084375
geco22,1204,16,1.936875
geco22,1205,16,1.8549999999999998
geco22,1206,16,1.77875
geco22,1207,16,1.7303125000000001
geco22,1208,16,1.8085
geco22,1209,16,1.832875
geco22,1210,16,1.9250000000000003
geco22,1211,16,1.8206249999999997
geco22,1212,16,1.88875
geco22,1213,16,1.9487499999999998
geco22,1214,16,1.9668750000000002
geco22,1215,16,1.8456249999999998
geco22,1216,16,1.9018750000000002
geco22,1217,16,1.9699999999999998
geco22,1218,16,1.900625
geco22,1219,16,2.08
geco22,1220,16,1.908125
geco22,1221,16,2.0018749999999996
geco22,1222,16,1.9168750000000003
geco22,1223,16,1.96625
geco22,1224,16,1.8625
geco22,1225,16,1.8953125
geco22,1226,16,2.0625000000000004
geco22,1227,16,1.8875000000000002
geco22,1228,16,1.9725
geco22,1229,16,1.99625
geco22,1230,16,1.9756250000000002
geco22,1231,16,1.84375
geco22,1232,16,1.8087499999999999
geco22,1233,16,1.9625
geco22,1234,16,1.9449999999999998
geco22,1235,16,1.9775
geco22,1236,16,1.8043749999999998
geco22,1237,16,1.9824999999999997
geco22,1238,16,1.9543749999999998
geco22,1239,16,1.995625
geco22,1240,16,1.9124999999999999
geco22,1241,16,1.8550000000000002
geco22,1242,16,2.035
geco22,1243,16,1.82125
geco22,1244,16,1.9493749999999999
geco22,1245,16,1.936875
geco22,1246,16,2.0237499999999997
geco22,1247,16,1.865625
geco22,1248,16,1.9437499999999999
geco22,1249,16,2.0437499999999997
geco22,1250,16,1.886875
geco22,1251,16,1.9343750000000002
geco22,1252,16,1.84625
geco22,1253,16,1.9318750000000002
geco22,1254,16,1.9175
geco22,1255,16,1.8856249999999999
geco22,1256,16,1.91625
geco22,1257,16,1.95
geco22,1258,16,1.8875000000000002
geco22,1259,16,1.8293750000000002
geco22,1260,16,1.778125
geco22,1261,16,2.124375
geco22,1262,16,1.8875
geco22,1263,16,1.86
geco22,1264,16,1.941125
geco22,1265,16,1.9187500000000002
geco22,1266,16,1.7056250000000004
geco22,1267,16,1.8672499999999999
geco22,1268,16,2.111875
geco22,1269,16,1.9793749999999999
geco22,1270,16,2.064375
geco22,1271,16,1.943125
geco22,1272,16,1.95875
geco22,1273,16,1.92125
geco22,1274,16,1.86375
geco22,1275,16,1.994375
geco22,1276,16,1.985625
geco22,1277,16,1.87875
geco22,1278,16,2.000625
geco22,1279,16,1.770625
geco22,1280,16,2.0112500000000004
geco22,1281,16,1.9962499999999999
geco22,1282,16,1.9281249999999999
geco22,1283,16,1.9637499999999997
geco22,1284,16,1.89375
geco22,1285,16,1.919375
geco22,1286,16,1.8203750000000003
geco22,1287,16,2.071875
geco22,1288,16,1.9481249999999999
geco22,1289,16,1.95875
geco22,1290,16,1.9118750000000002
geco22,1291,16,1.96125
geco22,1292,16,1.9393749999999998
geco22,1293,16,1.8581250000000002
geco22,1294,16,2.0175
geco22,1295,16,1.9531250000000002
geco22,1296,16,1.8656249999999999
geco22,1297,16,1.968125
geco22,1298,16,1.889375
geco22,1299,16,2.03
geco22,1300,16,2.0756249999999996
geco22,1301,16,1.9318749999999996
geco22,1302,16,1.9925
geco22,1303,16,1.8868749999999999
geco22,1304,16,1.8718749999999997
geco22,1305,16,1.9325000000000003
geco22,1306,16,1.97875
geco22,1307,16,1.990625
geco22,1308,16,1.8274999999999997
geco22,1309,16,1.9668750000000004
geco22,1310,16,1.978125
geco22,1311,16,1.841875
geco22,1312,16,1.9831250000000002
geco22,1313,16,1.97
geco22,1314,16,1.7861249999999997
geco22,1315,16,2.0875000000000004
geco22,1316,16,1.8568749999999998
geco22,1317,16,1.9443749999999997
geco22,1318,16,2.0412499999999993
geco22,1319,16,1.906875
geco22,1320,16,2.0193749999999997
geco22,1321,16,1.97625
geco22,1322,16,1.9237500000000003
geco22,1323,16,1.995
geco22,1324,16,1.890625
geco22,1325,16,2.03125
geco22,1326,16,2.0574999999999997
geco22,1327,16,1.9
geco22,1328,16,1.911875
geco22,1329,16,2.00375
geco22,1330,16,2.07125
geco22,1331,16,1.8074999999999999
geco22,1332,16,1.9400000000000004
geco22,1333,16,1.9331250000000002
geco22,1334,16,1.9493749999999999
geco22,1335,16,2.119375
geco22,1336,16,1.948125
geco22,1337,16,1.9625000000000001
geco22,1338,16,1.916875
geco22,1339,16,1.9787500000000002
geco22,1340,16,1.925625
geco22,1341,16,1.955
geco22,1342,16,2.045
geco22,1343,16,1.905
geco22,1344,16,1.9631250000000002
geco22,1345,16,1.861875
geco22,1346,16,1.8850000000000002
geco22,1347,16,2.00375
geco22,1348,16,1.829375
geco22,1349,16,1.9131249999999997
geco22,1350,16,1.89625
geco22,1351,16,1.8424999999999998
geco22,1352,16,2.0018750000000005
geco22,1353,16,1.9412499999999997
geco22,1354,16,2.001875
geco22,1355,16,1.9593749999999999
geco22,1356,16,1.966875
geco22,1357,16,1.8899999999999997
geco22,1358,16,1.9312500000000001
geco22,1359,16,1.8662500000000004
geco22,1360,16,1.8568749999999996
geco22,1361,16,1.9887499999999996
geco22,1362,16,1.9256250000000001
geco22,1363,16,1.94125
geco22,1364,16,2.0037499999999997
geco22,1365,16,2.01625
geco22,1366,16,1.9118750000000002
geco22,1367,16,2.066875
geco22,1368,16,1.8593749999999998
geco22,1369,16,1.9018749999999998
geco22,1370,16,2.0375
geco22,1371,16,1.9193749999999998
geco22,1372,16,1.8643749999999997
geco22,1373,16,1.8962499999999998
geco22,1374,16,2.0225
geco22,1375,16,1.949375
geco22,1376,16,1.9412499999999997
geco22,1377,16,1.9581250000000001
geco22,1378,16,1.8237500000000002
geco22,1379,16,1.8968750000000003
geco22,1380,16,1.945625
geco22,1381,16,1.9875000000000003
geco22,1382,16,1.874375
geco22,1383,16,1.94625
geco22,1384,16,1.925
geco22,1385,16,1.97
geco22,1386,16,1.940625
geco22,1387,16,1.936875
geco22,1388,16,1.879375
geco22,1389,16,2.0106249999999997
geco22,1390,16,1.7925
geco22,1391,16,1.885
geco22,1392,16,1.783125
geco22,1393,16,1.853125
geco22,1394,16,1.6737499999999998
geco22,1395,16,1.8373125
geco22,1396,16,2.05125
geco22,1397,16,1.8218750000000001
geco22,1398,16,1.9993750000000003
geco22,1399,16,1.8993749999999998
geco22,1400,16,1.9725
geco22,1401,16,1.9031249999999997
geco22,1402,16,1.9243750000000002
geco22,1403,16,1.9906249999999999
geco22,1404,16,1.8575
geco22,1405,16,2.0168749999999998
geco22,1406,16,2.024375
geco22,1407,16,1.9875
geco22,1408,16,1.9487500000000002
geco22,1409,16,1.9743750000000002
geco22,1410,16,1.88125
geco22,1411,16,1.908125
geco22,1412,16,1.93
geco22,1413,16,1.933125
geco22,1414,16,2.0412500000000002
geco22,1415,16,2.008125
geco22,1416,16,1.8981249999999998
geco22,1417,16,1.8856250000000003
geco22,1418,16,1.9149999999999998
geco22,1419,16,1.9874999999999998
geco22,1420,16,1.99
geco22,1421,16,1.895625
geco22,1422,16,1.9149999999999998
geco22,1423,16,1.810625
geco22,1424,16,1.8975000000000002
geco22,1425,16,1.935625
geco22,1426,16,1.9887500000000002
geco22,1427,16,1.8524999999999998
geco22,1428,16,1.9149999999999996
geco22,1429,16,1.93
geco22,1430,16,2.0037499999999997
geco22,1431,16,2.02625
geco22,1432,16,1.851875
geco22,1433,16,1.9375000000000004
geco22,1434,16,1.8293749999999995
geco22,1435,16,2.09875
geco22,1436,16,1.881875
geco22,1437,16,1.934375
geco22,1438,16,1.79875
geco22,1439,16,1.9687499999999998
geco22,1440,16,1.9392500000000001
geco22,1441,16,1.9575
geco22,1442,16,2.0725
geco22,1443,16,1.891875
geco22,1444,16,1.9625000000000001
geco22,1445,16,1.9362499999999998
geco22,1446,16,1.821875
geco22,1447,16,1.8243749999999999
geco22,1448,16,1.9375
geco22,1449,16,1.9599999999999997
geco22,1450,16,1.9125
geco22,1451,16,1.8181249999999998
geco22,1452,16,1.8434375000000003
geco22,1453,16,1.9182500000000002
geco22,1454,16,2.09875
geco22,1455,16,2.061875
geco22,1456,16,1.843125
geco22,1457,16,2.0425
geco22,1458,16,1.9231250000000002
geco22,1459,16,1.8993749999999996
geco22,1460,16,1.8980624999999998
geco22,1461,16,1.953125
geco22,1462,16,2.005625
geco22,1463,16,1.909375
geco22,1464,16,1.92
geco22,1465,16,2.03125
geco22,1466,16,1.8293749999999998
geco22,1467,16,1.9562500000000003
geco22,1468,16,1.8987500000000002
geco22,1469,16,1.9600000000000002
geco22,1470,16,1.91875
geco22,1471,16,1.935
geco22,1472,16,1.98125
geco22,1473,16,1.8568749999999998
geco22,1474,16,1.8693750000000002
geco22,1475,16,1.825
geco22,1476,16,2.100625
geco22,1477,16,1.9325
geco22,1478,16,1.921875
geco22,1479,16,1.89625
geco22,1480,16,2.01
geco22,1481,16,2.008125
geco22,1482,16,1.859375
geco22,1483,16,1.8687500000000001
geco22,1484,16,1.8249999999999997
geco22,1485,16,1.9681250000000001
geco22,1486,16,1.8687500000000001
geco22,1487,16,1.8499999999999996
geco22,1488,16,1.9840625
geco22,1489,16,1.7386249999999994
geco22,1490,16,1.8689375000000004
geco22,1491,16,1.90625
geco22,1492,16,2.011875
geco22,1493,16,1.7682499999999999
geco22,1494,16,1.9193125
geco22,1495,16,1.84175
geco22,1496,16,1.6737500000000005
geco22,1497,16,2.1649999999999996
geco22,1498,16,1.9831249999999998
geco22,1499,16,1.899
geco22,1500,16,1.8475000000000001
geco22,1501,16,1.8762499999999998
geco22,1502,16,1.84375
geco22,1503,16,1.8608749999999998
geco22,1504,16,1.844625
geco22,1505,16,1.8068749999999998
geco22,1506,16,1.8889374999999997
geco22,1507,16,1.7888125000000001
geco22,1508,16,2.004375
geco22,1509,16,1.8286874999999998
geco22,1510,16,1.9463125
geco22,1511,16,2.0233125000000003
geco22,1512,16,1.794
geco22,1513,16,1.854125
geco22,1514,16,1.9005624999999997
geco22,1515,16,1.8505000000000003
geco22,1516,16,1.8046875000000002
geco22,1517,16,1.8639374999999998
geco22,1518,16,1.8281874999999999
geco22,1519,16,1.934375
geco22,1520,16,1.9374999999999998
geco22,1521,16,1.9200000000000002
geco22,1522,16,1.913625
geco22,1523,16,2.0462499999999997
geco22,1524,16,2.0037499999999997
geco22,1525,16,1.9843749999999996
geco22,1526,16,1.96125
geco22,1527,16,1.8824999999999998
geco22,1528,16,1.7975625
geco22,1529,16,1.8431874999999998
geco22,1530,16,1.8481250000000002
geco22,1531,16,1.8235624999999998
geco22,1532,16,1.8009374999999999
geco22,1533,16,1.8808749999999999
geco22,1534,16,1.8310624999999998
geco22,1535,16,1.8247874999999996
geco22,1536,16,1.7856687500000001
geco22,1537,16,1.77133125
geco22,1538,16,1.9225812500000001
geco22,1539,16,1.9645562500000002
geco22,1540,16,1.8281749999999999
geco22,1541,16,2.229375
geco22,1542,16,1.91625
geco22,1543,16,1.97875
geco22,1544,16,2.024375
geco22,1545,16,1.905125
geco22,1546,16,1.8504375000000004
geco22,1547,16,2.1412500000000003
geco22,1548,16,1.914375
geco22,1549,16,2.0075000000000003
geco22,1550,16,1.8525
geco22,1551,16,1.9774999999999996
geco22,1552,16,1.9800000000000002
geco22,1553,16,2.01375
geco22,1554,16,1.86625
geco22,1555,16,2.031875
geco22,1556,16,1.9262499999999998
geco22,1557,16,1.909375
geco22,1558,16,2.00375
geco22,1559,16,1.9749999999999999
geco22,1560,16,1.910625
geco22,1561,16,1.9462499999999998
geco22,1562,16,1.84
geco22,1563,16,1.9356250000000002
geco22,1564,16,2.0381249999999995
geco22,1565,16,1.8675
geco22,1566,16,1.9056250000000001
geco22,1567,16,1.9137499999999998
geco22,1568,16,2.04875
geco22,1569,16,1.8143749999999996
geco22,1570,16,2.081875
geco22,1571,16,2.073125
geco22,1572,16,1.9412500000000001
geco22,1573,16,1.966875
geco22,1574,16,1.851875
geco22,1575,16,1.8975000000000004
geco22,1576,16,1.9756250000000004
geco22,1577,16,2.0225
geco22,1578,16,1.8881249999999996
geco22,1579,16,1.9306249999999996
geco22,1580,16,1.8724999999999998
geco22,1581,16,1.9318749999999998
geco22,1582,16,1.90875
geco22,1583,16,1.9556250000000002
geco22,1584,16,1.88625
geco22,1585,16,1.90125
geco22,1586,16,1.7918749999999997
geco22,1587,16,1.881875
geco22,1588,16,2.045
geco22,1589,16,2.058125
geco22,1590,16,1.849375
geco22,1591,16,1.921875
geco22,1592,16,1.9756249999999997
geco22,1593,16,2.006875
geco22,1594,16,1.9937499999999997
geco22,1595,16,2.013125
geco22,1596,16,2.069375
geco22,1597,16,1.926875
geco22,1598,16,1.8475
geco22,1599,16,1.9424999999999997
geco22,1600,16,1.7915
geco22,1601,16,1.84475
geco22,1602,16,1.8315625
geco22,1603,16,1.7695625
geco22,1604,16,1.7963749999999998
geco22,1605,16,1.8050625
geco22,1606,16,1.7934375000000002
geco22,1607,16,1.975
geco22,1608,16,2.1743750000000004
geco22,1609,16,2.01875
geco22,1610,16,1.7712499999999998
geco22,1611,16,1.9800000000000002
geco22,1612,16,1.8824999999999998
geco22,1613,16,1.92
geco22,1614,16,1.876375
geco22,1615,16,1.8375000000000001
geco22,1616,16,1.840125
geco22,1617,16,1.8795625
geco22,1618,16,1.8254375
geco22,1619,16,1.70025
geco22,1620,16,1.5498749999999997
geco22,1621,16,1.5721874999999998
geco22,1622,16,1.626375
geco22,1623,16,1.7740624999999999
geco22,1624,16,1.6661250000000003
geco22,1625,16,1.5696249999999998
geco22,1626,16,1.5602937499999998
geco22,1627,16,1.6406437499999997
geco22,1628,16,1.6261749999999997
geco22,1629,16,1.6059375
geco22,1630,16,1.7638749999999996
geco22,1631,16,1.6828125
geco22,1632,16,1.5876875
geco22,1633,16,1.58943125
geco22,1634,16,1.6596874999999998
geco22,1635,16,1.56716875
geco22,1636,16,1.6289562500000003
geco22,1637,16,1.7028125
geco22,1638,16,1.7062499999999998
geco22,1639,16,1.5982625
geco22,1640,16,1.5660187499999998
geco22,1641,16,1.6499625
geco22,1642,16,1.7622874999999998
geco22,1643,16,1.54283125
geco22,1644,16,1.96981875
geco22,1645,16,2.0460125
geco22,1646,16,1.7643499999999999
geco22,1647,16,1.8014937499999997
geco22,1648,16,1.737225
geco22,1649,16,1.7055375000000002
geco22,1650,16,1.5737874999999995
geco22,1651,16,1.71543125
geco22,1652,16,1.9389375000000002
geco22,1653,16,2.0856250000000003
geco22,1654,16,1.8888750000000003
geco22,1655,16,1.6972500000000001
geco22,1656,16,1.7305
geco22,1657,16,1.8530625
geco22,1658,16,1.6371250000000002
geco22,1659,16,1.8200874999999999
geco22,1660,16,1.5775000000000001
geco22,1661,16,1.9494375
geco22,1662,16,2.088125
geco22,1663,16,2.035625
geco22,1664,16,1.8498125
geco22,1665,16,1.9308125
geco22,1666,16,1.6566874999999999
geco22,1667,16,1.8843124999999998
geco22,1668,16,1.6933125
geco22,1669,16,2.0518125
geco22,1670,16,1.6637499999999996
geco22,1671,16,1.7540000000000004
geco22,1672,16,1.553
geco22,1673,16,1.7444374999999996
geco22,1674,16,1.5536874999999999
geco22,1675,16,1.5623749999999998
geco22,1676,16,1.6302500000000004
geco22,1677,16,1.4463125
geco22,1678,16,2.1205
geco22,1679,16,1.5639999999999998
geco22,1680,16,2.082375
geco22,1681,16,1.8990624999999999
geco22,1682,16,1.7126874999999997
geco22,1683,16,1.7587499999999996
geco22,1684,16,1.63160625
geco22,1685,16,1.6218124999999999
geco22,1686,16,2.0758687499999997
geco22,1687,16,1.9701875
geco22,1688,16,1.7350750000000001
geco22,1689,16,1.9322500000000002
geco22,1690,16,1.6753374999999997
geco22,1691,16,1.8478750000000002
geco22,1692,16,2.0277125
geco22,1693,16,1.9296875000000004
geco22,1694,16,1.6800749999999998
geco22,1695,16,1.7429375
geco22,1696,16,1.7780625
geco22,1697,16,1.6767499999999997
geco22,1698,16,1.5870124999999997
geco22,1699,16,1.7102500000000003
geco22,1700,16,1.6024812499999999
geco22,1701,16,1.5446250000000001
geco22,1702,16,1.83450625
geco22,1703,16,1.6411875
geco22,1704,16,1.642075
geco22,1705,16,1.8713124999999995
geco22,1706,16,1.7486249999999999
geco22,1707,16,1.7002500000000003
geco22,1708,16,2.33125
geco22,1709,16,1.7423125000000002
geco22,1710,16,1.8374375
geco22,1711,16,1.7113125
geco22,1712,16,1.7473125
geco22,1713,16,1.7573125
geco22,1714,16,1.6638125000000001
geco22,1715,16,1.6645
geco22,1716,16,1.9457499999999994
geco22,1717,16,2.033125
geco22,1718,16,1.8248125
geco22,1719,16,1.6738125
geco22,1720,16,1.6116874999999997
geco22,1721,16,1.7926874999999998
geco22,1722,16,1.6661874999999997
geco22,1723,16,1.5669375
geco22,1724,16,1.6914999999999998
geco22,1725,16,1.956875
geco22,1726,16,1.7524374999999999
geco22,1727,16,1.9241250000000003
geco22,1728,16,1.6388125
geco22,1729,16,1.899
geco22,1730,16,2.3843750000000004
geco22,1731,16,1.9030000000000002
geco22,1732,16,1.8250000000000002
geco22,1733,16,1.8194375
geco22,1734,16,1.9235000000000004
geco22,1735,16,1.8933124999999997
geco22,1736,16,1.7781875
geco22,1737,16,1.8249999999999995
geco22,1738,16,1.8680625
geco22,1739,16,1.8961875000000001
geco22,1740,16,2.164375
geco22,1741,16,1.8149374999999999
geco22,1742,16,1.8937499999999996
geco22,1743,16,1.83975
geco22,1744,16,2.16125
geco22,1745,16,1.7694375000000002
geco22,1746,16,1.806375
geco22,1747,16,1.78075
geco22,1748,16,1.8513125000000001
geco22,1749,16,1.8059999999999998
geco22,1750,16,1.8356875000000001
geco22,1751,16,1.9211125000000002
geco22,1752,16,1.7292937499999999
geco22,1753,16,1.7643875000000002
geco22,1754,16,1.961375
geco22,1755,16,2.2862500000000003
geco22,1756,16,1.834375
geco22,1757,16,1.9387499999999998
geco22,1758,16,1.9587500000000002
geco22,1759,16,1.8956250000000001
geco22,1760,16,1.8938125
geco22,1761,16,1.8566249999999997
geco22,1762,16,1.6714375
geco22,1763,16,1.6670000000000003
geco22,1764,16,1.7290625
geco22,1765,16,1.6403750000000001
geco22,1766,16,1.795375
geco22,1767,16,1.7361250000000001
geco22,1768,16,1.5879374999999998
geco22,1769,16,1.9431249999999998
geco22,1770,16,1.781125
geco22,1771,16,1.9509375000000002
geco22,1772,16,1.9739374999999997
geco22,1773,16,1.791
geco22,1774,16,1.74725
geco22,1775,16,1.6914375
geco22,1776,16,1.94625
geco22,1777,16,1.9352500000000004
geco22,1778,16,1.8500937499999999
geco22,1779,16,1.7550500000000002
geco22,1780,16,1.6583124999999999
geco22,1781,16,1.84661875
geco22,1782,16,1.8751875
geco22,1783,16,1.72629375
geco22,1784,16,1.83775
geco22,1785,16,1.7858
geco22,1786,16,1.7228124999999999
geco22,1787,16,1.8141125000000002
geco22,1788,16,1.7853124999999996
geco22,1789,16,2.009375
geco22,1790,16,1.7291249999999998
geco22,1791,16,2.26125
geco22,1792,16,1.953125
geco22,1793,16,1.985
geco22,1794,16,1.974375
geco22,1795,16,1.760125
geco22,1796,16,1.8900625000000002
geco22,1797,16,2.085
geco22,1798,16,1.7051250000000002
geco22,1799,16,1.9212500000000001
geco22,1800,16,1.96
geco22,1801,16,1.900875
geco22,1802,16,1.765875
geco22,1803,16,1.6856874999999998
geco22,1804,16,1.741375
geco22,1805,16,1.6728750000000006
geco22,1806,16,2.058125
geco22,1807,16,1.7090625000000002
geco22,1808,16,1.7364374999999999
geco22,1809,16,1.7308125
geco22,1810,16,1.7065
geco22,1811,16,1.8457500000000002
geco22,1812,16,1.6126874999999996
geco22,1813,16,1.635625
geco22,1814,16,1.6717499999999996
geco22,1815,16,1.7214375
geco22,1816,16,1.8411875000000002
geco22,1817,16,1.7026812500000001
geco22,1818,16,1.6981625000000002
geco22,1819,16,1.6864750000000002
geco22,1820,16,1.68859375
geco22,1821,16,1.63380625
geco22,1822,16,1.81926875
geco22,1823,16,1.970875
geco22,1824,16,1.9255624999999996
geco22,1825,16,1.6548125
geco22,1826,16,1.7635062500000003
geco22,1827,16,2.1148125
geco22,1828,16,1.878375
geco22,1829,16,2.0775
geco22,1830,16,1.8594375
geco22,1831,16,1.9475000000000002
geco22,1832,16,1.9820624999999996
geco22,1833,16,1.8375000000000001
geco22,1834,16,1.9775
geco22,1835,16,1.8670624999999998
geco22,1836,16,1.9356250000000002
geco22,1837,16,1.7794999999999996
geco22,1838,16,1.7539375000000001
geco22,1839,16,1.9956250000000002
geco22,1840,16,1.8909375
geco22,1841,16,1.8643750000000003
geco22,1842,16,1.843625
geco22,1843,16,1.898
geco22,1844,16,1.8388124999999997
geco22,1845,16,1.9502499999999998
geco22,1846,16,1.8350625
geco22,1847,16,1.7735625000000002
geco22,1848,16,1.8934375
geco22,1849,16,1.7861875
geco22,1850,16,1.7951875000000002
geco22,1851,16,1.91325
geco22,1852,16,1.8399999999999999
geco22,1853,16,1.9250000000000003
geco22,1854,16,1.9616875
geco22,1855,16,1.8974374999999997
geco22,1856,16,1.7599374999999997
geco22,1857,16,1.8041874999999998
geco22,1858,16,1.785125
geco22,1859,16,1.7569375000000003
geco22,1860,16,2.1618749999999998
geco22,1861,16,1.8399999999999999
geco22,1862,16,1.7906250000000001
geco22,1863,16,1.8125000000000002
geco22,1864,16,1.925625
geco22,1865,16,1.9168124999999998
geco22,1866,16,1.8868749999999999
geco22,1867,16,1.99175
geco22,1868,16,1.7776875
geco22,1869,16,1.7733125
geco22,1870,16,1.883625
geco22,1871,16,1.8636875000000002
geco22,1872,16,1.9260624999999998
geco22,1873,16,1.963125
geco22,1874,16,1.8074375000000003
geco22,1875,16,1.8609999999999998
geco22,1876,16,1.8785625000000004
geco22,1877,16,1.7914375000000002
geco22,1878,16,1.841375
geco22,1879,16,1.777375
geco22,1880,16,1.7225625
geco22,1881,16,1.7681624999999996
geco22,1882,16,1.73525
geco22,1883,16,2.0504375
geco22,1884,16,2.169375
geco22,1885,16,1.8925000000000003
geco22,1886,16,1.8512499999999998
geco22,1887,16,2.071875
geco22,1888,16,1.9837500000000001
geco22,1889,16,1.9428750000000001
geco22,1890,16,1.9268750000000003
geco22,1891,16,1.92
geco22,1892,16,1.8925624999999997
geco22,1893,16,1.9463125000000003
geco22,1894,16,1.9346249999999998
geco22,1895,16,1.814375
geco22,1896,16,1.8775624999999998
geco22,1897,16,2.094375
geco22,1898,16,1.9243750000000002
geco22,1899,16,1.9093750000000003
geco22,1900,16,1.83
geco22,1901,16,1.855
geco22,1902,16,1.8619374999999998
geco22,1903,16,2.020625
geco22,1904,16,1.81
geco22,1905,16,1.7821249999999997
geco22,1906,16,1.8396874999999997
geco22,1907,16,1.8243750000000003
geco22,1908,16,1.7974374999999998
geco22,1909,16,1.6170625
geco22,1910,16,1.7971875
geco22,1911,16,1.70025
geco22,1912,16,1.7253124999999998
geco22,1913,16,1.7606875
geco22,1914,16,1.9442500000000003
geco22,1915,16,1.8166875000000002
geco22,1916,16,1.8654374999999999
geco22,1917,16,1.8710625000000003
geco22,1918,16,1.7818750000000003
geco22,1919,16,1.8157875
geco22,1920,16,1.7851937500000004
geco22,1921,16,1.83183125
geco22,1922,16,1.7749812499999997
geco22,1923,16,2.1066875
geco22,1924,16,1.8856875000000004
geco22,1925,16,1.9987499999999998
geco22,1926,16,1.9787499999999996
geco22,1927,16,1.8857499999999998
geco22,1928,16,1.9432500000000001
geco22,1929,16,1.8075625
geco22,1930,16,1.9895
geco22,1931,16,2.1418749999999998
geco22,1932,16,1.9000625000000002
geco22,1933,16,1.890125
geco22,1934,16,1.9924999999999997
geco22,1935,16,1.82525
geco22,1936,16,1.7688749999999998
geco22,1937,16,1.7055
geco22,1938,16,1.748375
geco22,1939,16,1.7723125
geco22,1940,16,1.8003125000000002
geco22,1941,16,1.9713750000000003
geco22,1942,16,1.9426249999999998
geco22,1943,16,1.8719375
geco22,1944,16,1.7875625000000002
geco22,1945,16,1.7557500000000001
geco22,1946,16,2.016375
geco22,1947,16,1.8046875
geco22,1948,16,1.8750625
geco22,1949,16,1.7427499999999996
geco22,1950,16,1.8331875
geco22,1951,16,2.043125
geco22,1952,16,1.8217499999999998
geco22,1953,16,1.7310625000000002
geco22,1954,16,1.7688125000000001
geco22,1955,16,1.7930625
geco22,1956,16,1.8201874999999998
geco22,1957,16,1.789625
geco22,1958,16,1.831125
geco22,1959,16,1.9063124999999999
geco22,1960,16,1.7045625
geco22,1961,16,1.6868750000000001
geco22,1962,16,1.7647500000000003
geco22,1963,16,1.6624375
geco22,1964,16,1.8361874999999996
geco22,1965,16,1.7096874999999998
geco22,1966,16,1.7259375
geco22,1967,16,1.6815
geco22,1968,16,1.8705625
geco22,1969,16,1.76525
geco22,1970,16,1.7277500000000001
geco22,1971,16,1.9406874999999997
geco22,1972,16,1.8734375
geco22,1973,16,1.9736875000000003
geco22,1974,16,1.8014375
geco22,1975,16,1.7203124999999997
geco22,1976,16,1.8829375000000004
geco22,1977,16,2.0796875
geco22,1978,16,1.9715625
geco22,1979,16,1.9056250000000003
geco22,1980,16,1.946875
geco22,1981,16,1.8926874999999999
geco22,1982,16,1.8288125000000002
geco22,1983,16,1.9225
geco22,1984,16,1.8755624999999998
geco22,1985,16,1.8356875
geco22,1986,16,2.0999999999999996
geco22,1987,16,1.766
geco22,1988,16,1.6881249999999999
geco22,1989,16,1.721375
geco22,1990,16,1.7880625
geco22,1991,16,1.8076875000000001
geco22,1992,16,1.6965000000000001
geco22,1993,16,1.8591875
geco22,1994,16,1.957375
geco22,1995,16,1.8508124999999995
geco22,1996,16,1.7360625
geco22,1997,16,2.1518749999999995
geco22,1998,16,1.8635000000000002
geco22,1999,16,1.7325
geco22,2000,16,1.9375625
geco22,2001,16,1.7963125
geco22,2002,16,2.051375
geco22,2003,16,1.7884375000000003
geco22,2004,16,1.8214375
geco22,2005,16,2.0021875
geco22,2006,16,1.840375
geco22,2007,16,1.7125625
geco22,2008,16,1.8491875000000002
geco22,2009,16,1.7415625000000001
geco22,2010,16,1.9683124999999997
geco22,2011,16,1.7481250000000002
geco22,2012,16,1.689
geco22,2013,16,1.9571250000000002
geco22,2014,16,2.138125
geco22,2015,16,1.8412499999999998
geco22,2016,16,1.9387500000000004
geco22,2017,16,1.9046249999999998
geco22,2018,16,1.818375
geco22,2019,16,1.87125
geco22,2020,16,1.7728125000000003
geco22,2021,16,1.970375
geco22,2022,16,1.8290625
geco22,2023,16,1.99625
geco22,2024,16,1.936875
geco22,2025,16,1.8063749999999998
geco22,2026,16,1.7763750000000003
geco22,2027,16,1.697625
geco22,2028,16,1.815625
geco22,2029,16,1.6904375000000003
geco22,2030,16,1.8031249999999996
geco22,2031,16,1.985375
geco22,2032,16,1.9987500000000005
geco22,2033,16,1.9109375
geco22,2034,16,1.8381875000000003
geco22,2035,16,1.9008750000000003
geco22,2036,16,2.083125
geco22,2037,16,1.936125
geco22,2038,16,1.9412500000000001
geco22,2039,16,2.0036875
geco22,2040,16,1.858
geco22,2041,16,1.80825
geco22,2042,16,1.9773749999999999
geco22,2043,16,1.7751250000000003
geco22,2044,16,2.0060625
geco22,2045,16,1.6570000000000003
geco22,2046,16,1.7174375
geco22,2047,16,1.788625
geco22,2048,16,1.8217500000000002
geco22,2049,16,1.6816874999999998
geco22,2050,16,1.6371249999999997
geco22,2051,16,1.683625
geco22,2052,16,1.637
geco22,2053,16,2.0939374999999996
geco22,2054,16,1.9933750000000001
geco22,2055,16,1.7536125
geco22,2056,16,2.0360625
geco22,2057,16,1.72775
geco22,2058,16,1.6698750000000004
geco22,2059,16,1.6818124999999997
geco22,2060,16,1.9235624999999998
geco22,2061,16,1.5200625
geco22,2062,16,1.750125
geco22,2063,16,1.69275
geco22,2064,16,1.9713749999999997
geco22,2065,16,1.9050624999999997
geco22,2066,16,1.6530000000000002
geco22,2067,16,1.6318124999999997
geco22,2068,16,1.5363124999999997
geco22,2069,16,1.8761875000000001
geco22,2070,16,1.7209374999999996
geco22,2071,16,1.70075
geco22,2072,16,1.70575
geco22,2073,16,1.7836250000000002
geco22,2074,16,1.6411875
geco22,2075,16,1.8774375
geco22,2076,16,1.7698749999999996
geco22,2077,16,1.9909999999999997
geco22,2078,16,1.7633124999999998
geco22,2079,16,1.8861875
geco22,2080,16,1.7357500000000001
geco22,2081,16,1.803625
geco22,2082,16,1.7331875
geco22,2083,16,1.8822499999999998
geco22,2084,16,1.8279999999999998
geco22,2085,16,1.7895
geco22,2086,16,1.7428749999999997
geco22,2087,16,1.8051250000000003
geco22,2088,16,1.9549374999999998
geco22,2089,16,1.7610625
geco22,2090,16,1.762875
geco22,2091,16,1.7210624999999995
geco22,2092,16,1.7371874999999999
geco22,2093,16,1.7630624999999998
geco22,2094,16,1.9570624999999997
geco22,2095,16,1.5988749999999998
geco22,2096,16,1.8886250000000002
geco22,2097,16,2.0399999999999996
geco22,2098,16,2.036
geco22,2099,16,1.723125
geco22,2100,16,1.6344999999999998
geco22,2101,16,1.7462499999999996
geco22,2102,16,1.85925
geco22,2103,16,1.9460000000000002
geco22,2104,16,1.9005
geco22,2105,16,1.6423125
geco22,2106,16,1.6156875000000002
geco22,2107,16,1.6192499999999999
geco22,2108,16,1.7068750000000004
geco22,2109,16,1.50225
geco22,2110,16,1.8666875
geco22,2111,16,1.8971875000000002
geco22,2112,16,1.7362812500000004
geco22,2113,16,1.6630375000000002
geco22,2114,16,1.6375375
geco22,2115,16,1.6436874999999995
geco22,2116,16,1.588
geco22,2117,16,2.1144374999999997
geco22,2118,16,1.9679375
geco22,2119,16,2.0753125
geco22,2120,16,1.8341249999999998
geco22,2121,16,1.68075
geco22,2122,16,1.6699374999999999
geco22,2123,16,1.770125
geco22,2124,16,1.863375
geco22,2125,16,1.7370625000000002
geco22,2126,16,1.8157500000000002
geco22,2127,16,1.7683749999999996
geco22,2128,16,1.8554812499999997
geco22,2129,16,1.70945
geco22,2130,16,1.873375
geco22,2131,16,1.82025
geco22,2132,16,1.7585625
geco22,2133,16,1.960375
geco22,2134,16,1.79206875
geco22,2135,16,1.7338125
geco22,2136,16,1.797
geco22,2137,16,1.8020625
geco22,2138,16,1.79066875
geco22,2139,16,1.7155
geco22,2140,16,2.1412500000000003
geco22,2141,16,1.7646875000000002
geco22,2142,16,1.8251874999999997
geco22,2143,16,1.7068125
geco22,2144,16,1.7819374999999997
geco22,2145,16,1.756875
geco22,2146,16,1.813875
geco22,2147,16,1.6056875000000002
geco22,2148,16,1.69073125
geco22,2149,16,1.6880062499999997
geco22,2150,16,2.0157500000000006
geco22,2151,16,1.8426874999999998
geco22,2152,16,1.8204375000000002
geco22,2153,16,1.8441874999999996
geco22,2154,16,1.8207499999999996
geco22,2155,16,1.8679375
geco22,2156,16,2.0931249999999997
geco22,2157,16,1.814625
geco22,2158,16,2.100625
geco22,2159,16,1.8818749999999997
geco22,2160,16,1.9618749999999994
geco22,2161,16,1.799375
geco22,2162,16,1.9518749999999996
geco22,2163,16,1.9612500000000002
geco22,2164,16,1.935625
geco22,2165,16,1.7850000000000001
geco22,2166,16,1.8121875
geco22,2167,16,1.9148749999999999
geco22,2168,16,1.8283124999999998
geco22,2169,16,2.0775
geco22,2170,16,1.9837500000000001
geco22,2171,16,1.8813750000000002
geco22,2172,16,1.9646875
geco22,2173,16,1.6919999999999997
geco22,2174,16,1.8251875
geco22,2175,16,1.8234374999999998
geco22,2176,16,1.7870625
geco22,2177,16,1.9017500000000003
geco22,2178,16,1.8501875
geco22,2179,16,1.7974999999999999
geco22,2180,16,1.89975
geco22,2181,16,1.830625
geco22,2182,16,2.1393750000000002
geco22,2183,16,1.8931249999999997
geco22,2184,16,1.9956250000000002
geco22,2185,16,1.923125
geco22,2186,16,1.8768749999999998
geco22,2187,16,1.8580625000000004
geco22,2188,16,1.8003125
geco22,2189,16,1.8023125
geco22,2190,16,1.8614375
geco22,2191,16,1.8671875
geco22,2192,16,2.06625
geco22,2193,16,1.8933125
geco22,2194,16,1.9273125000000002
geco22,2195,16,1.7076250000000002
geco22,2196,16,1.7665000000000002
geco22,2197,16,1.7938749999999999
geco22,2198,16,1.723625
geco22,2199,16,1.73175
geco22,2200,16,1.9764374999999998
geco22,2201,16,1.873125
geco22,2202,16,1.91425
geco22,2203,16,1.7986875
geco22,2204,16,1.965625
geco22,2205,16,1.8037499999999997
geco22,2206,16,1.8396249999999998
geco22,2207,16,1.7912499999999998
geco22,2208,16,2.079625
geco22,2209,16,1.9212499999999997
geco22,2210,16,2.06
geco22,2211,16,1.8756249999999999
geco22,2212,16,1.889375
geco22,2213,16,2.073125
geco22,2214,16,1.930625
geco22,2215,16,1.8978125000000001
geco22,2216,16,1.9606249999999998
geco22,2217,16,1.858125
geco22,2218,16,2.020625
geco22,2219,16,1.94875
geco22,2220,16,1.908125
geco22,2221,16,1.823875
geco22,2222,16,1.874125
geco22,2223,16,1.857375
geco22,2224,16,1.7791249999999998
geco22,2225,16,1.8571875
geco22,2226,16,1.6604374999999998
geco22,2227,16,1.7971875000000002
geco22,2228,16,1.8020625
geco22,2229,16,2.056625
geco22,2230,16,1.9787499999999998
geco22,2231,16,2.068125
geco22,2232,16,1.935
geco22,2233,16,1.930625
geco22,2234,16,1.9168750000000006
geco22,2235,16,2.0056249999999998
geco22,2236,16,1.8287500000000003
geco22,2237,16,1.9649999999999999
geco22,2238,16,1.9418749999999998
geco22,2239,16,1.9162499999999998
geco22,2240,16,1.883
geco22,2241,16,1.799375
geco22,2242,16,1.8414374999999996
geco22,2243,16,1.9469375
geco22,2244,16,1.8158124999999998
geco22,2245,16,1.6398750000000002
geco22,2246,16,1.8029374999999999
geco22,2247,16,1.91
geco22,2248,16,1.7864375
geco22,2249,16,2.0142875
geco22,2250,16,1.9143124999999999
geco22,2251,16,1.8413437499999998
geco22,2252,16,1.680275
geco22,2253,16,1.8375
geco22,2254,16,1.8808875
geco22,2255,16,1.8976000000000002
geco22,2256,16,1.8846874999999998
geco22,2257,16,1.7965187500000002
geco22,2258,16,1.6898687500000003
geco22,2259,16,1.9361937500000002
geco22,2260,16,1.7945624999999998
geco22,2261,16,2.251875
geco22,2262,16,1.95875
geco22,2263,16,1.9075000000000002
geco22,2264,16,1.92
geco22,2265,16,1.8218125
geco22,2266,16,1.7946874999999998
geco22,2267,16,2.061875
geco22,2268,16,1.9287499999999997
geco22,2269,16,1.975
geco22,2270,16,1.8950000000000002
geco22,2271,16,2.03125
geco22,2272,16,1.9006250000000002
geco22,2273,16,1.9262499999999996
geco22,2274,16,1.8312500000000003
geco22,2275,16,1.944375
geco22,2276,16,1.9287499999999997
geco22,2277,16,1.979375
geco22,2278,16,1.8412499999999998
geco22,2279,16,1.8962500000000002
geco22,2280,16,2.0987500000000003
geco22,2281,16,1.9468750000000004
geco22,2282,16,1.8512499999999998
geco22,2283,16,1.9662499999999998
geco22,2284,16,1.8776249999999997
geco22,2285,16,1.990625
geco22,2286,16,1.93375
geco22,2287,16,1.8306249999999997
geco22,2288,16,1.8543749999999997
geco22,2289,16,1.9356250000000002
geco22,2290,16,1.8881249999999998
geco22,2291,16,1.79125
geco22,2292,16,2.049375
geco22,2293,16,1.9881250000000001
geco22,2294,16,1.841875
geco22,2295,16,1.8974999999999995
geco22,2296,16,1.8123750000000003
geco22,2297,16,1.951875
geco22,2298,16,1.9774999999999998
geco22,2299,16,1.8843749999999997
geco22,2300,16,1.83125
geco22,2301,16,1.8953125
geco22,2302,16,2.069375
geco22,2303,16,1.9364375
geco22,2304,16,1.9293749999999998
geco22,2305,16,1.8587500000000001
geco22,2306,16,2.024375
geco22,2307,16,1.940625
geco22,2308,16,1.9324999999999999
geco22,2309,16,2.0300000000000002
geco22,2310,16,1.888125
geco22,2311,16,1.9725000000000001
geco22,2312,16,1.860625
geco22,2313,16,2.006875
geco22,2314,16,1.8443749999999999
geco22,2315,16,1.943125
geco22,2316,16,1.7836874999999999
geco22,2317,16,2.13
geco22,2318,16,1.8844375000000002
geco22,2319,16,2.0443749999999996
geco22,2320,16,1.9181249999999996
geco22,2321,16,1.9962500000000003
geco22,2322,16,1.886875
geco22,2323,16,1.9318749999999998
geco22,2324,16,1.8918749999999998
geco22,2325,16,1.9224999999999997
geco22,2326,16,1.943125
geco22,2327,16,1.77375
geco22,2328,16,1.9375
geco22,2329,16,1.948125
geco22,2330,16,1.9293750000000003
geco22,2331,16,1.9743749999999998
geco22,2332,16,1.8637499999999998
geco22,2333,16,1.9743750000000002
geco22,2334,16,1.866875
geco22,2335,16,1.9837500000000003
geco22,2336,16,1.7547499999999998
geco22,2337,16,1.91875
geco22,2338,16,1.924375
geco22,2339,16,1.954375
geco22,2340,16,1.9518750000000002
geco22,2341,16,1.923125
geco22,2342,16,1.8850000000000002
geco22,2343,16,1.835625
geco22,2344,16,1.82125
geco22,2345,16,1.990625
geco22,2346,16,1.9893750000000001
geco22,2347,16,1.889375
geco22,2348,16,1.785625
geco22,2349,16,1.939375
geco22,2350,16,1.8675000000000002
geco22,2351,16,1.7799999999999998
geco22,2352,16,1.8443749999999997
geco22,2353,16,1.8475000000000001
geco22,2354,16,1.8312499999999998
geco22,2355,16,1.9431250000000004
geco22,2356,16,2.05125
geco22,2357,16,1.885
geco22,2358,16,1.91375
geco22,2359,16,2.0006250000000003
geco22,2360,16,2.0125
geco22,2361,16,1.8493750000000004
geco22,2362,16,2.00375
geco22,2363,16,1.878125
geco22,2364,16,1.8543749999999997
geco22,2365,16,2.0887499999999997
geco22,2366,16,1.8706250000000002
geco22,2367,16,1.8287499999999999
geco22,2368,16,2.0412500000000002
geco22,2369,16,1.9568750000000001
geco22,2370,16,1.8768750000000003
geco22,2371,16,1.9525000000000001
geco22,2372,16,1.8668749999999998
geco22,2373,16,1.9275000000000002
geco22,2374,16,1.748125
geco22,2375,16,1.7344374999999996
geco22,2376,16,1.8528749999999998
geco22,2377,16,1.8531875
geco22,2378,16,1.85575
geco22,2379,16,1.8783750000000001
geco22,2380,16,2.2406250000000005
geco22,2381,16,2.084375
geco22,2382,16,1.835
geco22,2383,16,2.009375
geco22,2384,16,1.774875
geco22,2385,16,1.9725000000000001
geco22,2386,16,2.021875
geco22,2387,16,1.771875
geco22,2388,16,1.9936874999999998
geco22,2389,16,1.982125
geco22,2390,16,1.8036874999999999
geco22,2391,16,1.94525
geco22,2392,16,2.055
geco22,2393,16,1.90875
geco22,2394,16,1.99125
geco22,2395,16,1.8762500000000002
geco22,2396,16,1.835625
geco22,2397,16,2.03375
geco22,2398,16,1.8691875000000002
geco22,2399,16,1.98875
geco22,2400,16,1.845625
geco22,2401,16,1.995
geco22,2402,16,2.0131249999999996
geco22,2403,16,1.86125
geco22,2404,16,1.8681249999999998
geco22,2405,16,1.8599999999999999
geco22,2406,16,1.8337500000000002
geco22,2407,16,1.88475
geco22,2408,16,1.874125
geco22,2409,16,1.895625
geco22,2410,16,1.8714374999999996
geco22,2411,16,1.740125
geco22,2412,16,2.22625
geco22,2413,16,2.045
geco22,2414,16,1.9468750000000004
geco22,2415,16,1.9381249999999999
geco22,2416,16,1.988125
geco22,2417,16,1.8512499999999998
geco22,2418,16,1.9706249999999998
geco22,2419,16,1.9856250000000002
geco22,2420,16,1.8575000000000002
geco22,2421,16,2.044375
geco22,2422,16,1.9412500000000001
geco22,2423,16,1.7442499999999996
geco22,2424,16,2.0056249999999998
geco22,2425,16,1.901875
geco22,2426,16,1.9300000000000002
geco22,2427,16,1.945625
geco22,2428,16,1.85375
geco22,2429,16,1.888125
geco22,2430,16,2.099375
geco22,2431,16,1.921875
geco22,2432,16,1.9468750000000001
geco22,2433,16,1.939375
geco22,2434,16,1.96875
geco22,2435,16,1.9474999999999998
geco22,2436,16,1.991875
geco22,2437,16,1.9981250000000002
geco22,2438,16,1.901875
geco22,2439,16,1.9324999999999999
geco22,2440,16,1.8806249999999995
geco22,2441,16,1.9149999999999996
geco22,2442,16,1.94
geco22,2443,16,1.8449999999999998
geco22,2444,16,1.942875
geco22,2445,16,1.7768750000000004
geco22,2446,16,1.9626874999999997
geco22,2447,16,1.966875
geco22,2448,16,1.9274999999999998
geco22,2449,16,1.9874999999999998
geco22,2450,16,1.9331249999999998
geco22,2451,16,1.9693749999999999
geco22,2452,16,1.8518750000000002
geco22,2453,16,1.9174999999999998
geco22,2454,16,1.9537500000000003
geco22,2455,16,1.8362499999999995
geco22,2456,16,1.9187499999999997
geco22,2457,16,2.003125
geco22,2458,16,1.8575
geco22,2459,16,2.03625
geco22,2460,16,1.834375
geco22,2461,16,1.8531250000000001
geco22,2462,16,1.939375
geco22,2463,16,2.03375
geco22,2464,16,2.0187500000000003
geco22,2465,16,1.8768750000000005
geco22,2466,16,1.9243749999999997
geco22,2467,16,2.00875
geco22,2468,16,1.808125
geco22,2469,16,1.9306249999999998
geco22,2470,16,1.9031250000000002
geco22,2471,16,2.0337499999999995
geco22,2472,16,1.933125
geco22,2473,16,1.858125
geco22,2474,16,1.94625
geco22,2475,16,1.855
geco22,2476,16,1.8381250000000002
geco22,2477,16,1.9724999999999997
geco22,2478,16,1.8943749999999997
geco22,2479,16,1.9175000000000004
geco22,2480,16,1.8931250000000002
geco22,2481,16,1.8450000000000002
geco22,2482,16,1.7606874999999997
geco22,2483,16,1.7822500000000001
geco22,2484,16,1.9473125
geco22,2485,16,1.836875
geco22,2486,16,1.7531875000000001
geco22,2487,16,2.0949999999999998
geco22,2488,16,1.7625000000000004
geco22,2489,16,1.9456250000000002
geco22,2490,16,1.89125
geco22,2491,16,1.979375
geco22,2492,16,1.7768749999999998
geco22,2493,16,1.9025
geco22,2494,16,1.99125
geco22,2495,16,1.8312499999999998
geco22,2496,16,1.8043749999999996
geco22,2497,16,1.9787500000000002
geco22,2498,16,1.896875
geco22,2499,16,1.9718749999999998
geco22,2500,16,1.7806250000000001
geco22,2501,16,1.8003125
geco22,2502,16,1.8675000000000004
geco22,2503,16,1.98
geco22,2504,16,1.8875625
geco22,2505,16,1.930625
geco22,2506,16,1.8675
geco22,2507,16,1.7994375000000002
geco22,2508,16,1.971
geco22,2509,16,1.7034375
geco22,2510,16,1.8205624999999999
geco22,2511,16,1.9318749999999998
geco22,2512,16,2.08625
geco22,2513,16,1.9156250000000001
geco22,2514,16,1.855
geco22,2515,16,1.9043750000000004
geco22,2516,16,1.9562499999999998
geco22,2517,16,1.96375
geco22,2518,16,1.89375
geco22,2519,16,1.97
geco22,2520,16,1.873125
geco22,2521,16,2.015
geco22,2522,16,2.1593750000000003
geco22,2523,16,1.8462500000000002
geco22,2524,16,1.9449999999999998
geco22,2525,16,1.960625
geco22,2526,16,2.0974999999999997
geco22,2527,16,1.94
geco22,2528,16,1.7712500000000002
geco22,2529,16,1.82425
geco22,2530,16,1.9301874999999997
geco22,2531,16,1.9331249999999998
geco22,2532,16,1.7788749999999998
geco22,2533,16,1.8662500000000002
geco22,2534,16,1.9035
geco22,2535,16,1.7656250000000004
geco22,2536,16,1.77125
geco22,2537,16,1.8406250000000004
geco22,2538,16,1.8257500000000002
geco22,2539,16,1.7443125000000002
geco22,2540,16,1.8374375
geco22,2541,16,1.8636875
geco22,2542,16,1.967625
geco22,2543,16,1.8993125000000002
geco22,2544,16,1.8267499999999999
geco22,2545,16,1.79875
geco22,2546,16,1.8358750000000001
geco22,2547,16,1.9030625
geco22,2548,16,1.8112500000000002
geco22,2549,16,1.9711874999999999
geco22,2550,16,2.023875
geco22,2551,16,1.9199374999999999
geco22,2552,16,1.8504999999999998
geco22,2553,16,1.7531875000000001
geco22,2554,16,1.7645
geco22,2555,16,1.7530624999999997
geco22,2556,16,1.8113124999999999
geco22,2557,16,1.754375
geco22,2558,16,1.8241874999999996
geco22,2559,16,1.9752499999999997
geco22,2560,16,1.7950000000000002
geco22,2561,16,1.8039375
geco22,2562,16,1.88175
geco22,2563,16,1.9004375000000002
geco22,2564,16,1.7336874999999998
geco22,2565,16,1.7991875000000002
geco22,2566,16,1.7773124999999999
geco22,2567,16,1.65578125
geco22,2568,16,1.8701625
geco22,2569,16,1.9336250000000001
geco22,2570,16,1.7523750000000002
geco22,2571,16,1.927125
geco22,2572,16,1.6209374999999997
geco22,2573,16,1.5548125
geco22,2574,16,1.8989999999999998
geco22,2575,16,1.6126875
geco22,2576,16,1.8362500000000002
geco22,2577,16,1.6600000000000001
geco22,2578,16,2.0041875
geco22,2579,16,1.892625
geco22,2580,16,1.7441874999999996
geco22,2581,16,2.0384375000000006
geco22,2582,16,1.7478125
geco22,2583,16,1.767625
geco22,2584,16,1.6354374999999997
geco22,2585,16,1.80375
geco22,2586,16,1.9974999999999998
geco22,2587,16,1.7183749999999998
geco22,2588,16,2.039375
geco22,2589,16,1.79625
geco22,2590,16,1.9605625
geco22,2591,16,1.9856250000000002
geco22,2592,16,1.8148125
geco22,2593,16,1.7645625000000003
geco22,2594,16,1.8981875
geco22,2595,16,1.6714375
geco22,2596,16,1.7370625000000004
geco22,2597,16,1.9105
geco22,2598,16,2.038125
geco22,2599,16,1.8613125000000001
geco22,2600,16,1.8515624999999996
geco22,2601,16,1.7971249999999999
geco22,2602,16,1.868875
geco22,2603,16,1.9584374999999998
geco22,2604,16,1.6781874999999995
geco22,2605,16,1.7754374999999998
geco22,2606,16,1.7731875
geco22,2607,16,1.6191875
geco22,2608,16,1.7980625
geco22,2609,16,1.8056875
geco22,2610,16,1.8066874999999998
geco22,2611,16,1.6152499999999999
geco22,2612,16,1.798625
geco22,2613,16,1.7569375
geco22,2614,16,1.8483125000000002
geco22,2615,16,1.9583125
geco22,2616,16,1.9003750000000001
geco22,2617,16,1.887375
geco22,2618,16,1.7220000000000004
geco22,2619,16,1.8049374999999999
geco22,2620,16,1.70295
geco22,2621,16,1.85980625
geco22,2622,16,1.7284999999999997
geco22,2623,16,1.7298937499999996
geco22,2624,16,1.7547125000000001
geco22,2625,16,1.727125
geco22,2626,16,1.7188625
geco22,2627,16,2.0344375
geco22,2628,16,1.7820000000000003
geco22,2629,16,2.065625
geco22,2630,16,1.7470625
geco22,2631,16,1.7536250000000002
geco22,2632,16,1.7006249999999998
geco22,2633,16,1.726875
geco22,2634,16,1.7231875
geco22,2635,16,1.8638124999999997
geco22,2636,16,1.90575
geco22,2637,16,2.01275
geco22,2638,16,1.6901249999999997
geco22,2639,16,1.6120625000000002
geco22,2640,16,1.6400624999999998
geco22,2641,16,1.9328124999999998
geco22,2642,16,1.8492499999999998
geco22,2643,16,2.0225000000000004
geco22,2644,16,1.7706874999999997
geco22,2645,16,1.989375
geco22,2646,16,1.8675000000000002
geco22,2647,16,2.0368749999999998
geco22,2648,16,1.95025
geco22,2649,16,1.8240000000000003
geco22,2650,16,1.9293749999999998
geco22,2651,16,1.7631875
geco22,2652,16,2.080625
geco22,2653,16,1.995625
geco22,2654,16,1.86675
geco22,2655,16,1.8406874999999998
geco22,2656,16,1.8258125
geco22,2657,16,1.9027500000000002
geco22,2658,16,1.8036249999999998
geco22,2659,16,1.8238750000000001
geco22,2660,16,1.7939375
geco22,2661,16,2.05625
geco22,2662,16,1.9143750000000002
geco22,2663,16,1.88625
geco22,2664,16,1.9925
geco22,2665,16,1.9718750000000005
geco22,2666,16,1.9100000000000001
geco22,2667,16,1.9831249999999998
geco22,2668,16,1.8218750000000004
geco22,2669,16,1.879375
geco22,2670,16,1.9968750000000002
geco22,2671,16,1.809375
geco22,2672,16,1.9618750000000003
geco22,2673,16,2.0287500000000005
geco22,2674,16,1.955625
geco22,2675,16,1.9425000000000003
geco22,2676,16,1.9643750000000002
geco22,2677,16,1.9493750000000003
geco22,2678,16,1.8950000000000002
geco22,2679,16,2.0043750000000005
geco22,2680,16,1.9593749999999996
geco22,2681,16,1.8837499999999998
geco22,2682,16,2.0149999999999997
geco22,2683,16,1.8406250000000004
geco22,2684,16,2.02375
geco22,2685,16,2.05125
geco22,2686,16,2.021875
geco22,2687,16,1.9625
geco22,2688,16,1.940625
geco22,2689,16,1.90125
geco22,2690,16,1.8949999999999998
geco22,2691,16,1.9143749999999997
geco22,2692,16,1.831875
geco22,2693,16,1.97875
geco22,2694,16,1.966875
geco22,2695,16,1.9648125000000003
geco22,2696,16,1.8249375000000003
geco22,2697,16,1.791875
geco22,2698,16,1.8188875000000002
geco22,2699,16,1.827875
geco22,2700,16,1.86856875
geco22,2701,16,1.9393750000000005
geco22,2702,16,1.7776874999999996
geco22,2703,16,1.7832
geco22,2704,16,1.8089374999999996
geco22,2705,16,1.85721875
geco22,2706,16,1.8024375000000001
geco22,2707,16,1.8971874999999998
geco22,2708,16,1.84953125
geco22,2709,16,1.832875
geco22,2710,16,1.7687000000000002
geco22,2711,16,1.8539375
geco22,2712,16,1.8974125
geco22,2713,16,1.77975
geco22,2714,16,1.81080625
geco22,2715,16,1.8918125000000001
geco22,2716,16,1.7917499999999997
geco22,2717,16,1.9545625000000002
geco22,2718,16,1.8311875
geco22,2719,16,1.8090625
geco22,2720,16,1.7956250000000002
geco22,2721,16,1.8987499999999997
geco22,2722,16,1.809125
geco22,2723,16,1.8251437499999996
geco22,2724,16,1.7238562500000003
geco22,2725,16,1.8183250000000002
geco22,2726,16,2.266875
geco22,2727,16,1.990625
geco22,2728,16,1.805
geco22,2729,16,2.0060624999999996
geco22,2730,16,1.8116875
geco22,2731,16,1.8129374999999999
geco22,2732,16,1.8325000000000002
geco22,2733,16,2.046875
geco22,2734,16,1.9656249999999997
geco22,2735,16,1.849375
geco22,2736,16,2.095625
geco22,2737,16,1.9293750000000005
geco22,2738,16,1.9543750000000002
geco22,2739,16,1.8569375
geco22,2740,16,1.8096250000000003
geco22,2741,16,1.7474374999999998
geco22,2742,16,1.8407500000000003
geco22,2743,16,2.06125
geco22,2744,16,1.8487500000000001
geco22,2745,16,1.8543749999999999
geco22,2746,16,1.8130624999999998
geco22,2747,16,1.8451875000000002
geco22,2748,16,1.8288125
geco22,2749,16,1.7798749999999999
geco22,2750,16,1.8803749999999995
geco22,2751,16,2.03625
geco22,2752,16,1.8534375
geco22,2753,16,1.948625
geco22,2754,16,1.8610625
geco22,2755,16,1.7383749999999998
geco22,2756,16,1.8949375
geco22,2757,16,1.8111249999999999
geco22,2758,16,1.867625
geco22,2759,16,1.9618750000000003
geco22,2760,16,1.9051874999999998
geco22,2761,16,2.09
geco22,2762,16,1.7534999999999998
geco22,2763,16,1.7802499999999997
geco22,2764,16,1.9113125
geco22,2765,16,1.913875
geco22,2766,16,2.03625
geco22,2767,16,1.7891249999999999
geco22,2768,16,1.924375
geco22,2769,16,1.9195624999999996
geco22,2770,16,1.8990625000000003
geco22,2771,16,1.8656875
geco22,2772,16,2.10625
geco22,2773,16,1.8141875
geco22,2774,16,1.8931875
geco22,2775,16,1.9800624999999996
geco22,2776,16,1.8043125
geco22,2777,16,1.8138750000000001
geco22,2778,16,1.696
geco22,2779,16,2.05875
geco22,2780,16,2.191875
geco22,2781,16,1.7922499999999997
geco22,2782,16,2.045
geco22,2783,16,1.9281249999999999
geco22,2784,16,1.85575
geco22,2785,16,1.777875
geco22,2786,16,1.848625
geco22,2787,16,2.0749999999999997
geco22,2788,16,2.1081250000000002
geco22,2789,16,1.910625
geco22,2790,16,1.93
geco22,2791,16,1.92625
geco22,2792,16,1.8431250000000001
geco22,2793,16,1.9343750000000002
geco22,2794,16,1.89625
geco22,2795,16,1.9649999999999999
geco22,2796,16,1.8937499999999998
geco22,2797,16,1.90875
geco22,2798,16,1.9086249999999998
geco22,2799,16,1.6948749999999997
geco22,2800,16,1.8996250000000001
geco22,2801,16,2.14125
geco22,2802,16,1.8956250000000001
geco22,2803,16,2.095625
geco22,2804,16,1.9449999999999998
geco22,2805,16,1.9425000000000001
geco22,2806,16,1.9981250000000002
geco22,2807,16,1.9162499999999998
geco22,2808,16,1.966875
geco22,2809,16,1.9012499999999999
geco22,2810,16,1.946875
geco22,2811,16,1.9393749999999998
geco22,2812,16,1.8606250000000002
geco22,2813,16,2.0200000000000005
geco22,2814,16,1.933125
geco22,2815,16,1.82875
geco22,2816,16,1.85875
geco22,2817,16,2.031875
geco22,2818,16,1.8343749999999996
geco22,2819,16,2.095
geco22,2820,16,1.8431249999999997
geco22,2821,16,2.01625
geco22,2822,16,1.9506249999999996
geco22,2823,16,1.8525000000000003
geco22,2824,16,1.9306249999999998
geco22,2825,16,2.0199999999999996
geco22,2826,16,1.8475
geco22,2827,16,1.846125
geco22,2828,16,1.9487499999999995
geco22,2829,16,1.8621874999999999
geco22,2830,16,1.8906249999999998
geco22,2831,16,1.918125
geco22,2832,16,1.8112500000000002
geco22,2833,16,1.909375
geco22,2834,16,1.9875
geco22,2835,16,1.958125
geco22,2836,16,1.9049999999999994
geco22,2837,16,2.005625
geco22,2838,16,1.8338125
geco22,2839,16,2.0268749999999995
geco22,2840,16,2.016875
geco22,2841,16,1.8625000000000003
geco22,2842,16,1.9487500000000004
geco22,2843,16,1.8875000000000002
geco22,2844,16,2.0475
geco22,2845,16,1.9525
geco22,2846,16,1.8612499999999998
geco22,2847,16,1.9371874999999996
geco22,2848,16,1.8479375
geco22,2849,16,1.9825
geco22,2850,16,1.9387500000000002
geco22,2851,16,1.9168749999999999
geco22,2852,16,1.999375
geco22,2853,16,2.0225
geco22,2854,16,1.9681249999999997
geco22,2855,16,1.97
geco22,2856,16,1.9906249999999999
geco22,2857,16,1.94375
geco22,2858,16,2.0406250000000004
geco22,2859,16,2.030625
geco22,2860,16,1.9662499999999998
geco22,2861,16,1.8456249999999998
geco22,2862,16,1.9537499999999997
geco22,2863,16,1.8731250000000002
geco22,2864,16,2.0175
geco22,2865,16,2.02875
geco22,2866,16,1.9112499999999997
geco22,2867,16,1.9881250000000004
geco22,2868,16,1.9831249999999998
geco22,2869,16,1.8631250000000004
geco22,2870,16,1.915
geco22,2871,16,1.9268749999999997
geco22,2872,16,1.9525000000000003
geco22,2873,16,1.985
geco22,2874,16,1.860625
geco22,2875,16,2.02375
geco22,2876,16,1.886875
geco22,2877,16,1.841875
geco22,2878,16,1.974375
geco22,2879,16,1.9512500000000002
geco22,2880,16,1.96625
geco22,2881,16,2.004375
geco22,2882,16,1.951875
geco22,2883,16,1.9249999999999998
geco22,2884,16,1.9212499999999997
geco22,2885,16,2.038125
geco22,2886,16,1.993125
geco22,2887,16,1.98375
geco22,2888,16,1.9587500000000002
geco22,2889,16,1.9449999999999998
geco22,2890,16,1.7762499999999999
geco22,2891,16,1.9101875
geco22,2892,16,1.8372499999999996
geco22,2893,16,1.9400000000000002
geco22,2894,16,1.97875
geco22,2895,16,1.9937500000000001
geco22,2896,16,1.89875
geco22,2897,16,1.8949999999999998
geco22,2898,16,1.93
geco22,2899,16,1.8687500000000001
geco22,2900,16,1.985
geco22,2901,16,1.9699999999999998
geco22,2902,16,2.0081249999999997
geco22,2903,16,1.9049999999999998
geco22,2904,16,2.11125
geco22,2905,16,2.004375
geco22,2906,16,1.9106249999999996
geco22,2907,16,1.9643749999999995
geco22,2908,16,1.866875
geco22,2909,16,1.9219999999999997
geco22,2910,16,1.9693749999999999
geco22,2911,16,1.8643750000000001
geco22,2912,16,2.019375
geco22,2913,16,1.9667499999999998
geco22,2914,16,1.8275000000000001
geco22,2915,16,1.814375
geco22,2916,16,1.753625
geco22,2917,16,1.8549999999999998
geco22,2918,16,2.021875
geco22,2919,16,1.89875
geco22,2920,16,2.103125
geco22,2921,16,1.9656249999999997
geco22,2922,16,1.8331250000000001
geco22,2923,16,1.981875
geco22,2924,16,1.9487500000000004
geco22,2925,16,1.8849999999999998
geco22,2926,16,1.914375
geco22,2927,16,1.8537499999999998
geco22,2928,16,1.901875
geco22,2929,16,1.9968750000000002
geco22,2930,16,1.883125
geco22,2931,16,1.9462500000000003
geco22,2932,16,2.00625
geco22,2933,16,1.9462499999999998
geco22,2934,16,1.9737500000000003
geco22,2935,16,1.97375
geco22,2936,16,1.8950000000000002
geco22,2937,16,1.796875
geco22,2938,16,1.9362499999999998
geco22,2939,16,1.8775
geco22,2940,16,2.0118750000000003
geco22,2941,16,1.98625
geco22,2942,16,1.9862500000000003
geco22,2943,16,2.00875
geco22,2944,16,1.9618750000000003
geco22,2945,16,1.931875
geco22,2946,16,1.872625
geco22,2947,16,1.9031250000000002
geco22,2948,16,1.7850000000000001
geco22,2949,16,1.7733124999999998
geco22,2950,16,1.7861875
geco22,2951,16,2.045
geco22,2952,16,1.7315625
geco22,2953,16,2.1993749999999994
geco22,2954,16,1.9256250000000001
geco22,2955,16,1.85875
geco22,2956,16,1.9825000000000004
geco22,2957,16,1.9462499999999998
geco22,2958,16,1.8362499999999995
geco22,2959,16,2.063125
geco22,2960,16,1.819375
geco22,2961,16,1.84375
geco22,2962,16,1.888125
geco22,2963,16,1.8835624999999998
geco22,2964,16,1.7768749999999998
geco22,2965,16,1.6803125
geco22,2966,16,1.9026249999999998
geco22,2967,16,1.8624999999999998
geco22,2968,16,1.8608125
geco22,2969,16,1.7683749999999998
geco22,2970,16,2.034125
geco22,2971,16,1.8968749999999999
geco22,2972,16,2.065
geco22,2973,16,1.9281249999999996
geco22,2974,16,1.940625
geco22,2975,16,1.8749999999999998
geco22,2976,16,1.954375
geco22,2977,16,1.9775
geco22,2978,16,1.8756249999999999
geco22,2979,16,2.0225000000000004
geco22,2980,16,1.9556249999999997
geco22,2981,16,1.82125
geco22,2982,16,2.0825
geco22,2983,16,1.9343750000000004
geco22,2984,16,2.0012499999999998
geco22,2985,16,1.786875
geco22,2986,16,1.909375
geco22,2987,16,1.8993749999999998
geco22,2988,16,2.0643749999999996
geco22,2989,16,1.86375
geco22,2990,16,1.8681249999999998
geco22,2991,16,1.919375
geco22,2992,16,1.9875
geco22,2993,16,1.8556249999999999
geco22,2994,16,2.0387500000000003
geco22,2995,16,1.8381250000000002
geco22,2996,16,2.025625
geco22,2997,16,2.035625
geco22,2998,16,1.9856249999999993
geco22,2999,16,1.8737499999999998
geco22,3000,16,1.975625
geco22,3001,16,1.9087500000000002
geco22,3002,16,1.9225000000000003
geco22,3003,16,1.9687500000000002
geco22,3004,16,1.9006250000000002
geco22,3005,16,1.9543750000000002
geco22,3006,16,1.7917500000000002
geco22,3007,16,1.7741875
geco22,3008,16,2.056875
geco22,3009,16,1.8731875
geco22,3010,16,1.9618750000000003
geco22,3011,16,2.06625
geco22,3012,16,1.8112500000000002
geco22,3013,16,2.0056249999999998
geco22,3014,16,1.990625
geco22,3015,16,1.7518749999999998
geco22,3016,16,1.7712499999999998
geco22,3017,16,1.8874999999999997
geco22,3018,16,1.95125
geco22,3019,16,1.93625
geco22,3020,16,1.960625
geco22,3021,16,1.8824999999999998
geco22,3022,16,2.0275
geco22,3023,16,1.8112500000000002
geco22,3024,16,1.925
geco22,3025,16,1.77625
geco22,3026,16,2.088125
geco22,3027,16,2.0106249999999997
geco22,3028,16,1.85875
geco22,3029,16,1.9437499999999999
geco22,3030,16,2.098125
geco22,3031,16,2.0106249999999997
geco22,3032,16,1.890625
geco22,3033,16,1.9612500000000002
geco22,3034,16,1.845625
geco22,3035,16,1.79125
geco22,3036,16,1.91875
geco22,3037,16,2.0124999999999997
geco22,3038,16,1.9031249999999997
geco22,3039,16,1.930625
geco22,3040,16,1.8868749999999999
geco22,3041,16,2.0568750000000002
geco22,3042,16,1.8418749999999997
geco22,3043,16,1.9068750000000005
geco22,3044,16,1.7703749999999998
geco22,3045,16,1.8564374999999997
geco22,3046,16,1.7663125000000002
geco22,3047,16,1.8110625
geco22,3048,16,1.9621875000000002
geco22,3049,16,1.95025
geco22,3050,16,1.8669999999999995
geco22,3051,16,1.8749374999999997
geco22,3052,16,1.8657500000000002
geco22,3053,16,1.8913125000000002
geco22,3054,16,1.928125
geco22,3055,16,1.773875
geco22,3056,16,1.8480625000000002
geco22,3057,16,1.8798124999999999
geco22,3058,16,1.8184999999999998
geco22,3059,16,1.7484374999999999
geco22,3060,16,2.17125
geco22,3061,16,1.9568750000000004
geco22,3062,16,1.9568750000000001
geco22,3063,16,1.871875
geco22,3064,16,1.8954375
geco22,3065,16,1.8883124999999998
geco22,3066,16,1.846375
geco22,3067,16,1.809375
geco22,3068,16,1.8478125
geco22,3069,16,1.7974375
geco22,3070,16,1.8870624999999996
geco22,3071,16,2.0081249999999997
