model,model_window_position,base_count,mean_bpb
carbon1,0,17,1.8418477563297047
carbon1,1,17,1.8782725474413704
carbon1,2,17,1.872849569601171
carbon1,3,17,1.8432874258826761
carbon1,4,17,1.8757278147865744
carbon1,5,17,2.0113289636724136
carbon1,6,17,1.8803753081490011
carbon1,7,17,1.8075081250246834
carbon1,8,17,2.0745015494963703
carbon1,9,17,1.950713971081902
carbon1,10,17,1.9737532349193798
carbon1,11,17,1.9428061246871948
carbon1,12,17,1.6782903951757095
carbon1,13,17,1.9382535639931173
carbon1,14,17,1.99254871115965
carbon1,15,17,1.9570073029574226
carbon1,16,17,1.7537993823780733
carbon1,17,17,2.170675950891831
carbon1,18,17,1.9004923315609203
carbon1,19,17,2.014531037386726
carbon1,20,17,1.8050801964367138
carbon1,21,17,1.9088330058490528
carbon1,22,17,1.9459359926335953
carbon1,23,17,1.928218596121844
carbon1,24,17,2.130966004203348
carbon1,25,17,1.9543136849122889
carbon1,26,17,2.008534361334408
carbon1,27,17,2.001935790566837
carbon1,28,17,1.993705483043895
carbon1,29,17,1.8753411208882051
carbon1,30,17,2.125700922573314
carbon1,31,17,1.9146380073883955
carbon1,32,17,1.92166628557093
carbon1,33,17,1.8720524731804342
carbon1,34,17,1.8744708860621733
carbon1,35,17,1.9117876361398136
carbon1,36,17,1.8861034337212057
carbon1,37,17,1.8410812616348267
carbon1,38,17,1.7691480903064503
carbon1,39,17,1.821686765726875
carbon1,40,17,1.8233122264637667
carbon1,41,17,2.0696734961341408
carbon1,42,17,2.0862977224237778
carbon1,43,17,1.8167508630191578
carbon1,44,17,1.9903334659688614
carbon1,45,17,1.8570597276968115
carbon1,46,17,1.9870189077713911
carbon1,47,17,1.9437112457611982
carbon1,48,17,1.843940159853767
carbon1,49,17,1.9497523272738737
carbon1,50,17,1.8366870459388285
carbon1,51,17,1.7844699971816118
carbon1,52,17,1.9012860199984383
carbon1,53,17,1.83415266345529
carbon1,54,17,1.9862676411867142
carbon1,55,17,2.0238640466157127
carbon1,56,17,1.8468449098222397
carbon1,57,17,1.7138326834229862
carbon1,58,17,1.9188214908627903
carbon1,59,17,1.8642339706420898
carbon1,60,17,1.729316325748668
carbon1,61,17,1.7585118973956388
carbon1,62,17,1.960836130030015
carbon1,63,17,1.9501931492020101
carbon1,64,17,1.9463225813472973
carbon1,65,17,1.7741765835705925
carbon1,66,17,2.138861331869574
carbon1,67,17,1.6431247526231934
carbon1,68,17,1.8423557386678808
carbon1,69,17,1.7283589015988743
carbon1,70,17,1.8308956377646501
carbon1,71,17,1.7670636597801657
carbon1,72,17,1.8256383768337614
carbon1,73,17,1.9054338940802742
carbon1,74,17,1.7722096622866743
carbon1,75,17,1.6494620280230747
carbon1,76,17,1.870717226582415
carbon1,77,17,1.8447817204629673
carbon1,78,17,1.6934493236681993
carbon1,79,17,1.887248183874523
carbon1,80,17,2.023092797573875
carbon1,81,17,1.7829816906767733
carbon1,82,17,1.5956524785827189
carbon1,83,17,1.821517903576879
carbon1,84,17,1.6985415218069273
carbon1,85,17,1.7401262523935122
carbon1,86,17,1.8753432539456032
carbon1,87,17,1.8551220578305863
carbon1,88,17,1.7916669280213469
carbon1,89,17,1.690288864514407
carbon1,90,17,1.671321256305365
carbon1,91,17,1.9702940138385576
carbon1,92,17,1.6052693198708927
carbon1,93,17,1.9643828947754467
carbon1,94,17,1.8800076978171574
carbon1,95,17,1.8308203825179268
carbon1,96,17,1.8638251705423874
carbon1,97,17,1.9423297215253115
carbon1,98,17,2.0032319207401836
carbon1,99,17,1.7738817154484636
carbon1,100,17,1.8717924873618519
carbon1,101,17,1.7545518200187122
carbon1,102,17,1.718260618255419
carbon1,103,17,1.8081553889548077
carbon1,104,17,1.7632224980522604
carbon1,105,17,1.8218513779780443
carbon1,106,17,1.8208026399507242
carbon1,107,17,1.8537427064250498
carbon1,108,17,1.6892817465259748
carbon1,109,17,1.7972121707656805
carbon1,110,17,1.8211492389878805
carbon1,111,17,1.7654871401541374
carbon1,112,17,1.8728006784530247
carbon1,113,17,1.6375149988076265
carbon1,114,17,1.6579837543780314
carbon1,115,17,2.001679183257853
carbon1,116,17,1.7305042717386694
carbon1,117,17,1.9541542595800232
carbon1,118,17,1.698350410689326
carbon1,119,17,2.011606707730714
carbon1,120,17,1.6729171849129831
carbon1,121,17,1.6800084431820057
carbon1,122,17,1.837420380290817
carbon1,123,17,1.78693790120237
carbon1,124,17,1.7704506310469963
carbon1,125,17,1.7225508646053427
carbon1,126,17,1.8548630072790033
carbon1,127,17,1.8457031148102354
carbon1,128,17,1.765194092384156
carbon1,129,17,1.5658540324691463
carbon1,130,17,1.7707802732201183
carbon1,131,17,1.7164218175937147
carbon1,132,17,1.6561054626808447
carbon1,133,17,1.7730176453204716
carbon1,134,17,1.6791800339432323
carbon1,135,17,1.789197946076884
carbon1,136,17,1.9144949189880316
carbon1,137,17,1.7186329934526892
carbon1,138,17,1.9541463810293114
carbon1,139,17,1.7641891399946283
carbon1,140,17,1.865321617354365
carbon1,141,17,1.8346901842776466
carbon1,142,17,1.7743151832152815
carbon1,143,17,1.68512259248425
carbon1,144,17,1.9207732859889375
carbon1,145,17,1.9962732271455668
carbon1,146,17,1.7910994710948538
carbon1,147,17,1.7497884563225157
carbon1,148,17,1.9143738119917757
carbon1,149,17,2.000696421107825
carbon1,150,17,1.7899051658151781
carbon1,151,17,1.6398512398933662
carbon1,152,17,2.015038243111442
carbon1,153,17,1.5347137221080416
carbon1,154,17,1.7232913758386583
carbon1,155,17,1.781072483781506
carbon1,156,17,1.6876363405848251
carbon1,157,17,2.0611823821330773
carbon1,158,17,1.8011581040918827
carbon1,159,17,1.66272303856471
carbon1,160,17,1.9270114944699932
carbon1,161,17,1.8764790414887316
carbon1,162,17,1.6495905926122385
carbon1,163,17,1.7955150994307854
carbon1,164,17,1.7546674317735083
carbon1,165,17,1.8341291323304176
carbon1,166,17,1.9245490168823915
carbon1,167,17,1.753006315406631
carbon1,168,17,1.820514841169557
carbon1,169,17,1.7011497637585682
carbon1,170,17,1.647418133695336
carbon1,171,17,1.6529635525144197
carbon1,172,17,1.8807555057984942
carbon1,173,17,2.001040407401674
carbon1,174,17,1.8398531006430001
carbon1,175,17,1.9248015408349388
carbon1,176,17,1.925974713967127
carbon1,177,17,2.0746340249829434
carbon1,178,17,2.0903170568978084
carbon1,179,17,1.5534518628435976
carbon1,180,17,1.9158224277198315
carbon1,181,17,1.7911607505863203
carbon1,182,17,1.8812439044499223
carbon1,183,17,1.680617669268566
carbon1,184,17,1.7355689575128697
carbon1,185,17,2.0806394565631363
carbon1,186,17,1.650192702846492
carbon1,187,17,1.809245576534201
carbon1,188,17,1.8506416834014303
carbon1,189,17,1.7722721606054728
carbon1,190,17,1.7799723862725145
carbon1,191,17,1.7806302802089382
carbon1,192,17,1.8083720318973064
carbon1,193,17,1.894657271421131
carbon1,194,17,1.8316887820906498
carbon1,195,17,1.732510302654084
carbon1,196,17,1.8685502033023274
carbon1,197,17,1.6393121643101467
carbon1,198,17,1.7988622152410887
carbon1,199,17,1.7879487559856737
carbon1,200,17,1.6505875810980797
carbon1,201,17,1.796882696230622
carbon1,202,17,1.77238071140121
carbon1,203,17,1.7156021375866497
carbon1,204,17,1.4418953205184901
carbon1,205,17,1.681429976652212
carbon1,206,17,1.9979021880118286
carbon1,207,17,2.0539987810394345
carbon1,208,17,1.9943555955062895
carbon1,209,17,2.044909736031995
carbon1,210,17,1.7905609867919017
carbon1,211,17,1.787971975391402
carbon1,212,17,1.6639670370256199
carbon1,213,17,2.05888301528552
carbon1,214,17,1.699849755010184
carbon1,215,17,1.7750287551213713
carbon1,216,17,1.8655210205299013
carbon1,217,17,1.904350581633694
carbon1,218,17,1.8848017208168613
carbon1,219,17,1.849176862003172
carbon1,220,17,1.7364031055613476
carbon1,221,17,1.7395204730770166
carbon1,222,17,1.6637372103903223
carbon1,223,17,1.7133044994929258
carbon1,224,17,2.0325988187071156
carbon1,225,17,1.7818499090259565
carbon1,226,17,1.8212856076219504
carbon1,227,17,2.1447873279890595
carbon1,228,17,1.7631610728362028
carbon1,229,17,1.7258008310900015
carbon1,230,17,1.847067543908077
carbon1,231,17,1.8133038490572397
carbon1,232,17,1.8495004483882118
carbon1,233,17,2.0767097096232807
carbon1,234,17,1.9016154491178252
carbon1,235,17,1.900443478323081
carbon1,236,17,1.9320550230605638
carbon1,237,17,1.7722516690983492
carbon1,238,17,1.7538026817800367
carbon1,239,17,1.8564371190526907
carbon1,240,17,1.840264547999729
carbon1,241,17,1.7901275841080968
carbon1,242,17,1.7206873127861935
carbon1,243,17,1.8065770232283018
carbon1,244,17,1.8065689770395266
carbon1,245,17,1.9120109701419579
carbon1,246,17,1.97732662990251
carbon1,247,17,1.6868483863551826
carbon1,248,17,2.2948162472423386
carbon1,249,17,1.6086894920205368
carbon1,250,17,1.5916128639570053
carbon1,251,17,1.9187913116286783
carbon1,252,17,1.6225509216789813
carbon1,253,17,1.7568075992714833
carbon1,254,17,1.9847966685672016
carbon1,255,17,1.77624479242984
carbon1,256,17,1.8985339902779634
carbon1,257,17,1.9789742465843172
carbon1,258,17,1.628663354772417
carbon1,259,17,1.7399243912385667
carbon1,260,17,1.7766329539830195
carbon1,261,17,1.6592825389850665
carbon1,262,17,1.8676474471302593
carbon1,263,17,1.956581678460626
carbon1,264,17,2.021032239036525
carbon1,265,17,2.0094956130556323
carbon1,266,17,1.6926702942480059
carbon1,267,17,1.6267474954399992
carbon1,268,17,1.8209962595035047
carbon1,269,17,1.762492696152014
carbon1,270,17,1.6895423059844796
carbon1,271,17,1.8262595917262576
carbon1,272,17,1.9132259784485488
carbon1,273,17,1.8043675320770811
carbon1,274,17,1.577189371756771
carbon1,275,17,1.8206788478967022
carbon1,276,17,2.1969843912760125
carbon1,277,17,1.9701452845817102
carbon1,278,17,1.6926396528587622
carbon1,279,17,1.8686349378789173
carbon1,280,17,1.6841585582450909
carbon1,281,17,1.74061486223603
carbon1,282,17,1.6615226437502049
carbon1,283,17,1.7377167958218385
carbon1,284,17,1.6357739306986332
carbon1,285,17,1.6594745486098177
carbon1,286,17,1.663156418458504
carbon1,287,17,2.157813958604546
carbon1,288,17,1.6681780000491178
carbon1,289,17,1.6137427791733951
carbon1,290,17,1.761569094241542
carbon1,291,17,1.6099322531372309
carbon1,292,17,1.7102599996416008
carbon1,293,17,1.620511287932887
carbon1,294,17,1.9058955147972
carbon1,295,17,2.0809795216602436
carbon1,296,17,1.6281119556549717
carbon1,297,17,1.5938653970027672
carbon1,298,17,1.851605106035576
carbon1,299,17,2.0358649313668993
carbon1,300,17,1.7173072296085166
carbon1,301,17,1.8021283113014173
carbon1,302,17,1.702136211206808
carbon1,303,17,1.783577998442685
carbon1,304,17,1.8057421666076954
carbon1,305,17,1.807759804322439
carbon1,306,17,1.6192626989008312
carbon1,307,17,1.797710753593813
carbon1,308,17,1.8589553969419177
carbon1,309,17,1.8090377566130722
carbon1,310,17,1.5836950473706513
carbon1,311,17,1.6857657785363056
carbon1,312,17,1.760686643586001
carbon1,313,17,1.6223757110316963
carbon1,314,17,1.8743670111631645
carbon1,315,17,1.5204698410542572
carbon1,316,17,1.6206071560873705
carbon1,317,17,1.9279520128141432
carbon1,318,17,1.8851834946202444
carbon1,319,17,1.7096619075164199
carbon1,320,17,1.7409293906872763
carbon1,321,17,1.7831256360034733
carbon1,322,17,1.938425387529766
carbon1,323,17,1.6668898147695206
carbon1,324,17,1.890820319791708
carbon1,325,17,1.9952473581275518
carbon1,326,17,1.6180072828360341
carbon1,327,17,1.749905498479219
carbon1,328,17,1.7436447349541329
carbon1,329,17,1.7185084173346268
carbon1,330,17,1.6291863152702504
carbon1,331,17,1.89683148667545
carbon1,332,17,1.7798503886031753
carbon1,333,17,1.534879675025449
carbon1,334,17,1.8568934557192467
carbon1,335,17,1.5260154405499207
carbon1,336,17,1.788636227905312
carbon1,337,17,1.5458691170000856
carbon1,338,17,1.7353893035255812
carbon1,339,17,1.7910989009063034
carbon1,340,17,2.0382829877164435
carbon1,341,17,1.8819627924000515
carbon1,342,17,1.7827208032283712
carbon1,343,17,1.6377479258705587
carbon1,344,17,1.8370993152699049
carbon1,345,17,1.777751085403211
carbon1,346,17,1.8117411303169586
carbon1,347,17,1.7640768433099283
carbon1,348,17,1.6091286716708804
carbon1,349,17,2.0326636178309427
carbon1,350,17,1.6513267301899546
carbon1,351,17,1.8001590931021116
carbon1,352,17,1.690222184666816
carbon1,353,17,1.762265800662777
carbon1,354,17,1.7019648875438553
carbon1,355,17,1.6537993986926534
carbon1,356,17,1.8174111839274274
carbon1,357,17,1.8195205904981668
carbon1,358,17,1.8340389946585192
carbon1,359,17,1.964153730255716
carbon1,360,17,1.6941290788681191
carbon1,361,17,1.7334548785789485
carbon1,362,17,1.6074355414739865
carbon1,363,17,1.7600597012788057
carbon1,364,17,1.9537164531100322
carbon1,365,17,1.9148586686043179
carbon1,366,17,1.682309107389301
carbon1,367,17,1.8901524168220074
carbon1,368,17,1.804267252850182
carbon1,369,17,1.6912287785397733
carbon1,370,17,1.6479918332770467
carbon1,371,17,1.67440833025338
carbon1,372,17,1.554485285654664
carbon1,373,17,1.8353622411377728
carbon1,374,17,1.6684675125733894
carbon1,375,17,1.6565923926365727
carbon1,376,17,1.8848649604136454
carbon1,377,17,1.5653578470296718
carbon1,378,17,1.8140216946382732
carbon1,379,17,1.9461169478976552
carbon1,380,17,1.811785472146071
carbon1,381,17,1.6464411728084087
carbon1,382,17,1.9032285483006168
carbon1,383,17,2.0931099554633392
carbon1,384,17,1.652456078431843
carbon1,385,17,1.7435470122350927
carbon1,386,17,1.508312590091544
carbon1,387,17,1.787175034994588
carbon1,388,17,1.8057572572108578
carbon1,389,17,1.8845369500272415
carbon1,390,17,1.72624680523158
carbon1,391,17,1.6152774646659107
carbon1,392,17,1.82156938495224
carbon1,393,17,1.450315446647651
carbon1,394,17,1.8998591279720558
carbon1,395,17,1.6964211165904999
carbon1,396,17,1.6922284477828617
carbon1,397,17,1.6700382351546603
carbon1,398,17,1.788739527356537
carbon1,399,17,1.846653993077138
carbon1,400,17,1.5823854250723826
carbon1,401,17,1.689025528728962
carbon1,402,17,1.5855558544999975
carbon1,403,17,1.7506043760325103
carbon1,404,17,1.8987274376456351
carbon1,405,17,1.6295635570388507
carbon1,406,17,2.061565677744939
carbon1,407,17,1.5925182431169294
carbon1,408,17,1.9798291646601522
carbon1,409,17,1.9380150148371125
carbon1,410,17,1.7555974003694512
carbon1,411,17,1.9067579393877703
carbon1,412,17,1.6671498983769732
carbon1,413,17,1.5344081939581562
carbon1,414,17,1.7689489211394067
carbon1,415,17,1.8424070696072543
carbon1,416,17,1.558959318763193
carbon1,417,17,1.8332158475018598
carbon1,418,17,1.7323503289919566
carbon1,419,17,1.8918127705726553
carbon1,420,17,1.7608688324142028
carbon1,421,17,2.119185739415972
carbon1,422,17,1.5743035393602707
carbon1,423,17,1.6270030229078496
carbon1,424,17,1.8353807791957961
carbon1,425,17,1.7981068396612125
carbon1,426,17,1.8003248908173513
carbon1,427,17,1.909101475851939
carbon1,428,17,1.7917176082401591
carbon1,429,17,1.6550812673042803
carbon1,430,17,1.9623642460278727
carbon1,431,17,1.5974005397190065
carbon1,432,17,1.8262968872920335
carbon1,433,17,1.8238023295998573
carbon1,434,17,1.939543147900087
carbon1,435,17,1.786039917565444
carbon1,436,17,1.801225218045361
carbon1,437,17,1.6935090600129437
carbon1,438,17,1.559248436406693
carbon1,439,17,1.9442976810421575
carbon1,440,17,1.8262162495623617
carbon1,441,17,1.6935390494763851
carbon1,442,17,1.7275062990100944
carbon1,443,17,1.6836817292496562
carbon1,444,17,1.6622839235043263
carbon1,445,17,1.875994294114849
carbon1,446,17,1.8147673389929182
carbon1,447,17,1.828550692757263
carbon1,448,17,1.6706009438151823
carbon1,449,17,1.8607531264424324
carbon1,450,17,1.6399331789135057
carbon1,451,17,1.8592733229674838
carbon1,452,17,1.5069576057550662
carbon1,453,17,1.529237415312844
carbon1,454,17,1.728065706022522
carbon1,455,17,1.9451173595426714
carbon1,456,17,1.5003294665366411
carbon1,457,17,1.892156121225151
carbon1,458,17,1.70333112546188
carbon1,459,17,1.61770049170317
carbon1,460,17,1.732200823176433
carbon1,461,17,1.8652978721896516
carbon1,462,17,1.6774201492559822
carbon1,463,17,1.8779230464578551
carbon1,464,17,1.5298755365040373
carbon1,465,17,1.4984957763158224
carbon1,466,17,1.7699229437857866
carbon1,467,17,1.7083716734367258
carbon1,468,17,1.7981462636277736
carbon1,469,17,1.8349575217648901
carbon1,470,17,1.7093499923015343
carbon1,471,17,1.730890706400661
carbon1,472,17,1.9006998288609527
carbon1,473,17,1.6520145708585487
carbon1,474,17,1.6454011563156896
carbon1,475,17,1.6197869635104913
carbon1,476,17,1.5766732082976138
carbon1,477,17,1.689875426263932
carbon1,478,17,1.7337209022439577
carbon1,479,17,1.6341654778293826
carbon1,480,17,1.9003023932797505
carbon1,481,17,1.8006351958850728
carbon1,482,17,1.8895769990871059
carbon1,483,17,1.8254268917748158
carbon1,484,17,1.8466266716885216
carbon1,485,17,1.915973021703608
carbon1,486,17,1.7330580781186546
carbon1,487,17,1.7066781065865035
carbon1,488,17,1.873979722012711
carbon1,489,17,1.8085601050406694
carbon1,490,17,1.813232640735805
carbon1,491,17,1.6272617971853298
carbon1,492,17,1.6594131567707175
carbon1,493,17,1.8702879773096783
carbon1,494,17,1.9306508255026795
carbon1,495,17,1.7360538022921366
carbon1,496,17,1.7513561635552084
carbon1,497,17,1.6553114034673746
carbon1,498,17,1.9575950840131982
carbon1,499,17,1.756546017357751
carbon1,500,17,1.6932513618513065
carbon1,501,17,1.5905711283797728
carbon1,502,17,1.9125352980130736
carbon1,503,17,1.7808506787918947
carbon1,504,17,1.5375340354135807
carbon1,505,17,1.6105085041319185
carbon1,506,17,2.0639311524573714
carbon1,507,17,1.5700482212774016
carbon1,508,17,1.8098163449150675
carbon1,509,17,1.7198761784855057
carbon1,510,17,1.8097141574356048
carbon1,511,17,1.6187361799563993
carbon1,512,17,1.8134285007767819
carbon1,513,17,1.5384526446680813
carbon1,514,17,1.726202202741714
carbon1,515,17,1.8528658113825847
carbon1,516,17,1.8889564100570757
carbon1,517,17,1.836878450724351
carbon1,518,17,1.995460178483935
carbon1,519,17,1.7040795736453112
carbon1,520,17,1.6783380279974902
carbon1,521,17,1.7368430344059187
carbon1,522,17,1.7591847971437828
carbon1,523,17,1.925039958619677
carbon1,524,17,1.580334243720726
carbon1,525,17,1.8064506064881296
carbon1,526,17,1.780601551372777
carbon1,527,17,1.6413298115572508
carbon1,528,17,1.8777214099023052
carbon1,529,17,1.7296882028527119
carbon1,530,17,1.6915566069347894
carbon1,531,17,2.1228325783055935
carbon1,532,17,1.633230629541418
carbon1,533,17,1.7698765795349198
carbon1,534,17,1.7064126779270523
carbon1,535,17,1.8503582946791806
carbon1,536,17,1.613691387917189
carbon1,537,17,1.6597489928278852
carbon1,538,17,1.8753065503038027
carbon1,539,17,1.540455790455727
carbon1,540,17,1.63600378939608
carbon1,541,17,1.7362823301159285
carbon1,542,17,1.9816228668890237
carbon1,543,17,1.8876025388017297
carbon1,544,17,1.84506243423504
carbon1,545,17,1.4538342825630133
carbon1,546,17,1.8610811282688862
carbon1,547,17,1.8743645095211618
carbon1,548,17,1.8392076473135281
carbon1,549,17,1.7192155668950255
carbon1,550,17,1.8704272170058067
carbon1,551,17,1.7921949671581388
carbon1,552,17,1.849664152640959
carbon1,553,17,1.8525530847118181
carbon1,554,17,1.5821076481438734
carbon1,555,17,1.8505786169210778
carbon1,556,17,2.0257384961690095
carbon1,557,17,1.700576665427755
carbon1,558,17,1.56857343182406
carbon1,559,17,1.8116468296331518
carbon1,560,17,1.7995907134951694
carbon1,561,17,1.7606249729938366
carbon1,562,17,1.9119537832653697
carbon1,563,17,1.8927692604415558
carbon1,564,17,1.9112468952422632
carbon1,565,17,2.019736074924688
carbon1,566,17,1.7724184417987572
carbon1,567,17,1.7493450130774255
carbon1,568,17,1.8563825940055882
carbon1,569,17,1.7938674102701686
carbon1,570,17,1.681332311456037
carbon1,571,17,1.65493735397125
carbon1,572,17,1.7723723187604372
carbon1,573,17,1.6684578438015545
carbon1,574,17,1.8376129477777903
carbon1,575,17,1.7573932746753973
carbon1,576,17,1.5518556087524356
carbon1,577,17,1.9539588118958122
carbon1,578,17,1.7491133847438238
carbon1,579,17,1.5646473769208087
carbon1,580,17,1.8952262547853238
carbon1,581,17,1.747959887554102
carbon1,582,17,1.840467812767362
carbon1,583,17,1.9830943016773637
carbon1,584,17,1.7038729287245695
carbon1,585,17,1.9271672325592268
carbon1,586,17,1.7828558874042595
carbon1,587,17,2.0701513312318744
carbon1,588,17,1.8733116884524112
carbon1,589,17,1.6985487163286
carbon1,590,17,1.7201827969949912
carbon1,591,17,1.6265543575453407
carbon1,592,17,1.837115136851721
carbon1,593,17,1.7665955136146616
carbon1,594,17,1.761104616089998
carbon1,595,17,1.6359831264023394
carbon1,596,17,1.7950685540186788
carbon1,597,17,1.907589066938004
carbon1,598,17,1.848718541838667
carbon1,599,17,1.9348746036343716
carbon1,600,17,2.078812298447113
carbon1,601,17,1.7305319941438295
carbon1,602,17,1.699872585999615
carbon1,603,17,1.715528523275519
carbon1,604,17,1.8360033978105468
carbon1,605,17,1.7635303964180982
carbon1,606,17,1.8831772696336402
carbon1,607,17,1.6550350861952585
carbon1,608,17,1.8945635258055784
carbon1,609,17,1.64049612648566
carbon1,610,17,1.8097248295705546
carbon1,611,17,1.7027919050306082
carbon1,612,17,1.8662002284408492
carbon1,613,17,1.847257685738013
carbon1,614,17,1.7176543093313847
carbon1,615,17,1.7621442903490627
carbon1,616,17,1.7452244973905824
carbon1,617,17,1.8207089039770996
carbon1,618,17,1.8868608804940081
carbon1,619,17,1.918268679298789
carbon1,620,17,1.7689223224845003
carbon1,621,17,1.8788290088722372
carbon1,622,17,1.6952666590428527
carbon1,623,17,1.8204632211914833
carbon1,624,17,1.5957924721844714
carbon1,625,17,1.7929210101856905
carbon1,626,17,1.739971564617008
carbon1,627,17,1.7955543833839542
carbon1,628,17,1.8980811534942512
carbon1,629,17,1.6992239809649832
carbon1,630,17,1.8596005071064128
carbon1,631,17,1.945865813314038
carbon1,632,17,1.6745391843895263
carbon1,633,17,1.9312928323907887
carbon1,634,17,1.9232224362957127
carbon1,635,17,1.7410687195027577
carbon1,636,17,1.6016754730851115
carbon1,637,17,1.912335805101868
carbon1,638,17,1.8157123618156594
carbon1,639,17,1.7233996238449918
carbon1,640,17,1.82223805292126
carbon1,641,17,1.9771039525923484
carbon1,642,17,2.0507761660744164
carbon1,643,17,2.450301359681522
carbon1,644,17,1.71214593116961
carbon1,645,17,1.8586610743008993
carbon1,646,17,1.89136353776078
carbon1,647,17,2.1712313294410706
carbon1,648,17,1.865394907839158
carbon1,649,17,2.1028044714647183
carbon1,650,17,1.749502988422618
carbon1,651,17,2.002093595616958
carbon1,652,17,1.7991492117152494
carbon1,653,17,2.04816737946342
carbon1,654,17,2.012739286703222
carbon1,655,17,2.057242919416989
carbon1,656,17,2.1371430929969337
carbon1,657,17,1.8567317794351017
carbon1,658,17,1.8879637437708237
carbon1,659,17,1.9713764541289385
carbon1,660,17,1.7808110749020296
carbon1,661,17,2.21824153731851
carbon1,662,17,1.808564964462729
carbon1,663,17,1.8676881299299353
carbon1,664,17,2.0047202951767864
carbon1,665,17,1.7585139590151169
carbon1,666,17,1.9335032491122974
carbon1,667,17,2.00065775829203
carbon1,668,17,1.9677195268518783
carbon1,669,17,1.9482883004581226
carbon1,670,17,1.9347566857057459
carbon1,671,17,1.8132888078689575
carbon1,672,17,1.974827009088853
carbon1,673,17,1.9909520149230957
carbon1,674,17,1.8052320620592903
carbon1,675,17,1.8860919422963087
carbon1,676,17,1.9551040249712326
carbon1,677,17,1.9034480627845316
carbon1,678,17,1.966841666137471
carbon1,679,17,1.712075997801388
carbon1,680,17,1.984856549431296
carbon1,681,17,1.8208063209758085
carbon1,682,17,1.834753436200759
carbon1,683,17,1.8245142452857073
carbon1,684,17,1.7778786157860476
carbon1,685,17,1.7903743912191952
carbon1,686,17,1.6991625936592327
carbon1,687,17,1.6210472461055307
carbon1,688,17,1.8834180463762844
carbon1,689,17,2.0055665864663967
carbon1,690,17,1.9550224963356466
carbon1,691,17,1.798730913330527
carbon1,692,17,1.9645139680189245
carbon1,693,17,1.9143935862709494
carbon1,694,17,2.06594613720389
carbon1,695,17,1.9318099740673513
carbon1,696,17,1.7370451653704924
carbon1,697,17,1.689941322102266
carbon1,698,17,1.8000033883487476
carbon1,699,17,1.8319935938891243
carbon1,700,17,2.158096860436832
carbon1,701,17,1.7870298027992249
carbon1,702,17,2.1725857047473682
carbon1,703,17,1.8868055483874153
carbon1,704,17,1.706944697043475
carbon1,705,17,1.9172906419810127
carbon1,706,17,1.9849224300945507
carbon1,707,17,1.870686327709871
carbon1,708,17,1.7357735423480762
carbon1,709,17,1.7160811003516703
carbon1,710,17,1.847950311268077
carbon1,711,17,1.81410910802729
carbon1,712,17,1.7208119139951819
carbon1,713,17,2.057536994709688
carbon1,714,17,1.9356625080108643
carbon1,715,17,1.8386789630441105
carbon1,716,17,2.03979650665732
carbon1,717,17,1.763265609741211
carbon1,718,17,1.665692504714517
carbon1,719,17,1.8982090389027315
carbon1,720,17,1.8380730572868795
carbon1,721,17,1.7465551495552063
carbon1,722,17,2.060365873224595
carbon1,723,17,2.0258083063013412
carbon1,724,17,1.7880945380996256
carbon1,725,17,1.9571913095081555
carbon1,726,17,1.820850926287034
carbon1,727,17,1.900883625535404
carbon1,728,17,1.6060686391942642
carbon1,729,17,1.9302504343145035
carbon1,730,17,2.008080580655266
carbon1,731,17,2.145609974861145
carbon1,732,17,1.668678427443785
carbon1,733,17,2.0073443861568676
carbon1,734,17,1.8600225378485287
carbon1,735,17,1.9225576414781458
carbon1,736,17,2.0351647769703582
carbon1,737,17,1.8122106369803934
carbon1,738,17,2.0181448529748356
carbon1,739,17,1.8566855823292452
carbon1,740,17,1.9052151722066544
carbon1,741,17,1.8952820826979244
carbon1,742,17,1.9249264843323652
carbon1,743,17,1.830173885121065
carbon1,744,17,1.752014712375753
carbon1,745,17,1.940831268534941
carbon1,746,17,1.9654915613286636
carbon1,747,17,1.8214328367920483
carbon1,748,17,1.9556931257247925
carbon1,749,17,2.1899527451571297
carbon1,750,17,1.8566476527382345
carbon1,751,17,1.7735339753768022
carbon1,752,17,1.7907987903146183
carbon1,753,17,1.9122569596066195
carbon1,754,17,2.1036543004653034
carbon1,755,17,1.8503772581324858
carbon1,756,17,2.0411032999263092
carbon1,757,17,2.0799846438800587
carbon1,758,17,2.024253894301022
carbon1,759,17,1.6602140314438765
carbon1,760,17,1.6988504073199104
carbon1,761,17,2.197789199212018
carbon1,762,17,1.7777202550102682
carbon1,763,17,1.836769955999711
carbon1,764,17,1.9513621119891895
carbon1,765,17,1.780832760474261
carbon1,766,17,2.2314935151268456
carbon1,767,17,1.9384090690051807
carbon1,768,17,2.0061402250738705
carbon1,769,17,1.9164496169370764
carbon1,770,17,1.8705526169608622
carbon1,771,17,1.8778176097308887
carbon1,772,17,1.8718043565750122
carbon1,773,17,2.017968065598432
carbon1,774,17,1.783769081620609
carbon1,775,17,1.9431068827124203
carbon1,776,17,1.9478986964506262
carbon1,777,17,1.9004217316122616
carbon1,778,17,1.751383578076082
carbon1,779,17,1.9486543290755327
carbon1,780,17,1.5950748482171226
carbon1,781,17,1.6732731593005798
carbon1,782,17,1.7083677842336542
carbon1,783,17,1.7807303369045258
carbon1,784,17,2.101887688917272
carbon1,785,17,1.8771667831084307
carbon1,786,17,1.8712251256493961
carbon1,787,17,1.859120109502007
carbon1,788,17,1.6110638274865992
carbon1,789,17,2.0004463826908783
carbon1,790,17,2.016138090806849
carbon1,791,17,1.7439257116878735
carbon1,792,17,2.0821443165049835
carbon1,793,17,1.7858745105126326
carbon1,794,17,1.6065882163889267
carbon1,795,17,1.9115077555179596
carbon1,796,17,1.8663924932479858
carbon1,797,17,1.7962293484631706
carbon1,798,17,1.7979863741818596
carbon1,799,17,1.8569510614170748
carbon1,800,17,2.034601730458877
carbon1,801,17,1.8178966956980087
carbon1,802,17,1.9965232119840735
carbon1,803,17,1.8082783958491158
carbon1,804,17,1.9522826741723454
carbon1,805,17,1.9788553714752197
carbon1,806,17,1.8396114461562212
carbon1,807,17,1.9099015909082748
carbon1,808,17,1.983082553919624
carbon1,809,17,1.946023197735057
carbon1,810,17,2.08454796145944
carbon1,811,17,1.935488413361942
carbon1,812,17,1.8443546575658463
carbon1,813,17,1.7998482339522417
carbon1,814,17,1.7418104199802174
carbon1,815,17,1.9732349900638355
carbon1,816,17,1.540997045881608
carbon1,817,17,1.9123604227514828
carbon1,818,17,1.7645181697957657
carbon1,819,17,1.9542380851857803
carbon1,820,17,2.0522591366487393
carbon1,821,17,1.7995649541125578
carbon1,822,17,1.717118361416985
carbon1,823,17,1.866909104235032
carbon1,824,17,1.9773955976261812
carbon1,825,17,1.9742568170323092
carbon1,826,17,1.8106477190466488
carbon1,827,17,1.6954740776735193
carbon1,828,17,1.4894787634120268
carbon1,829,17,2.1156605341855217
carbon1,830,17,1.5762461003135233
carbon1,831,17,1.7487217117758358
carbon1,832,17,1.9979239491855396
carbon1,833,17,1.890390297945808
carbon1,834,17,2.01617895154392
carbon1,835,17,1.9673740057384266
carbon1,836,17,2.0701365961748013
carbon1,837,17,1.8961686316658468
carbon1,838,17,2.1760080211302815
carbon1,839,17,1.7189796742270975
carbon1,840,17,1.9225823809118832
carbon1,841,17,1.916793423540452
carbon1,842,17,1.9781909164260416
carbon1,843,17,2.1091152710073136
carbon1,844,17,1.90227192289689
carbon1,845,17,1.833102682057549
carbon1,846,17,1.872643800342784
carbon1,847,17,2.2056027861202465
carbon1,848,16,2.032128319144249
carbon1,849,16,1.8795363008975983
carbon1,850,16,1.7473966032266617
carbon1,851,16,1.8540626838803291
carbon1,852,16,1.7341377213597298
carbon1,853,16,1.8404677882790565
carbon1,854,16,1.7745967023074627
carbon1,855,16,1.7568941935896873
carbon1,856,16,1.8455897867679596
carbon1,857,16,1.9565709419548512
carbon1,858,16,1.7920328136533499
carbon1,859,16,1.893314078450203
carbon1,860,16,2.089466392993927
carbon1,861,16,1.824696809053421
carbon1,862,16,1.9393422678112984
carbon1,863,16,2.112487368285656
carbon1,864,16,1.6808547731488943
carbon1,865,16,1.900961633771658
carbon1,866,16,1.981039583683014
carbon1,867,16,1.7945865467190742
carbon1,868,16,1.8629652485251427
carbon1,869,16,1.926409736275673
carbon1,870,16,1.701326347887516
carbon1,871,16,1.7136963121592999
carbon1,872,16,1.9859487563371658
carbon1,873,16,1.9070339277386665
carbon1,874,16,1.9228563234210014
carbon1,875,16,1.753786526620388
carbon1,876,16,1.812054667621851
carbon1,877,16,2.1348390206694603
carbon1,878,16,1.815499186515808
carbon1,879,16,1.691296685487032
carbon1,880,16,1.8070319890975952
carbon1,881,16,1.7875575199723244
carbon1,882,16,1.8836841844022274
carbon1,883,16,1.978963941335678
carbon1,884,16,1.7761640176177025
carbon1,885,16,1.883753128349781
carbon1,886,16,1.7423431444913149
carbon1,887,16,1.867495097219944
carbon1,888,16,2.3644750490784645
carbon1,889,16,1.728739783167839
carbon1,890,16,1.9217320904135704
carbon1,891,16,1.8970938697457314
carbon1,892,16,1.7143622189760208
carbon1,893,16,2.3078587651252747
carbon1,894,16,1.893405795097351
carbon1,895,16,2.0174484476447105
carbon1,896,16,1.9627321362495422
carbon1,897,16,1.9838216565549374
carbon1,898,16,1.746696576476097
carbon1,899,16,1.8762533217668533
carbon1,900,16,2.2143720537424088
carbon1,901,16,1.6639154180884361
carbon1,902,16,1.849672943353653
carbon1,903,16,1.687675341963768
carbon1,904,16,1.9969012513756752
carbon1,905,16,1.7731971442699432
carbon1,906,16,2.234666645526886
carbon1,907,16,1.8079535216093063
carbon1,908,16,1.7123316824436188
carbon1,909,16,1.60176782310009
carbon1,910,16,2.031386360526085
carbon1,911,16,2.1384802237153053
carbon1,912,16,1.7727300077676773
carbon1,913,16,1.7735990323126316
carbon1,914,16,1.96582792699337
carbon1,915,16,2.040480263531208
carbon1,916,16,1.7740180306136608
carbon1,917,16,1.943217746913433
carbon1,918,16,1.8128101974725723
carbon1,919,16,1.883940726518631
carbon1,920,16,1.8579122871160507
carbon1,921,16,1.7843360975384712
carbon1,922,16,1.9032995700836182
carbon1,923,16,1.689858801662922
carbon1,924,16,1.630997709929943
carbon1,925,16,1.8438124358654022
carbon1,926,16,1.8234227076172829
carbon1,927,16,1.8374778553843498
carbon1,928,16,1.7985274940729141
carbon1,929,16,2.005612999200821
carbon1,930,16,1.712079243734479
carbon1,931,16,2.2361706867814064
carbon1,932,16,2.0988033190369606
carbon1,933,16,1.7310148421674967
carbon1,934,16,1.9206462651491165
carbon1,935,16,1.873013261705637
carbon1,936,16,1.9417780563235283
carbon1,937,16,1.750311717391014
carbon1,938,16,1.8412158787250519
carbon1,939,16,2.0029544085264206
carbon1,940,16,1.995265081524849
carbon1,941,16,1.8836769312620163
carbon1,942,16,1.6655428186058998
carbon1,943,16,1.8257933370769024
carbon1,944,16,1.950874350965023
carbon1,945,16,1.9015758000314236
carbon1,946,16,1.8717953190207481
carbon1,947,16,1.6951187252998352
carbon1,948,16,1.811987092718482
carbon1,949,16,2.067340701818466
carbon1,950,16,1.8341544196009636
carbon1,951,16,2.0819369442760944
carbon1,952,16,1.844130877405405
carbon1,953,16,1.7977431491017342
carbon1,954,16,1.7648239247500896
carbon1,955,16,1.8576032146811485
carbon1,956,16,1.5773566365242004
carbon1,957,16,1.700020421296358
carbon1,958,16,2.0249274000525475
carbon1,959,16,2.1028837859630585
carbon1,960,16,1.831139162182808
carbon1,961,16,2.12457937002182
carbon1,962,16,2.174436002969742
carbon1,963,16,1.8131835851818323
carbon1,964,16,1.8229213431477547
carbon1,965,16,1.6927916258573532
carbon1,966,16,1.6771288588643074
carbon1,967,16,2.0821268036961555
carbon1,968,16,1.7744973115622997
carbon1,969,16,1.7379170656204224
carbon1,970,16,1.7552977800369263
carbon1,971,16,1.8560009822249413
carbon1,972,16,1.8156315796077251
carbon1,973,16,1.881217584013939
carbon1,974,16,1.920532301068306
carbon1,975,16,2.093278154730797
carbon1,976,16,1.933551199734211
carbon1,977,16,1.8842785134911537
carbon1,978,16,1.7376459911465645
carbon1,979,16,1.832452155649662
carbon1,980,16,1.8247476071119308
carbon1,981,16,2.0820886120200157
carbon1,982,16,1.9830082431435585
carbon1,983,16,1.912598118185997
carbon1,984,16,1.6817754805088043
carbon1,985,16,1.9355444349348545
carbon1,986,16,1.7724903300404549
carbon1,987,16,1.7966612204909325
carbon1,988,16,1.8477830812335014
carbon1,989,16,2.0167913660407066
carbon1,990,16,1.8753232788294554
carbon1,991,16,1.856754370033741
carbon1,992,16,1.9597300365567207
carbon1,993,16,1.9449064210057259
carbon1,994,16,1.9976172745227814
carbon1,995,16,2.11254071444273
carbon1,996,16,1.9982776306569576
carbon1,997,16,1.9219629988074303
carbon1,998,16,1.869463749229908
carbon1,999,16,1.81125383451581
carbon1,1000,16,1.982053317129612
carbon1,1001,16,1.778769738972187
carbon1,1002,16,2.0616257339715958
carbon1,1003,16,1.7550341412425041
carbon1,1004,16,1.88153675198555
carbon1,1005,16,1.705325722694397
carbon1,1006,16,1.7528462409973145
carbon1,1007,16,1.870239719748497
carbon1,1008,16,1.7849414087831974
carbon1,1009,16,1.8775616437196732
carbon1,1010,16,1.722733661532402
carbon1,1011,16,1.921698808670044
carbon1,1012,16,2.0403701290488243
carbon1,1013,16,1.7020833864808083
carbon1,1014,16,2.271219328045845
carbon1,1015,16,1.834849238395691
carbon1,1016,16,2.0764909833669662
carbon1,1017,16,1.7899040058255196
carbon1,1018,16,1.924476996064186
carbon1,1019,16,1.7053565233945847
carbon1,1020,16,1.742717545479536
carbon1,1021,16,2.059587389230728
carbon1,1022,16,1.7043432667851448
carbon1,1023,16,1.8273748643696308
carbon1,1024,16,1.7444736920297146
carbon1,1025,16,1.7484762705862522
carbon1,1026,16,1.9211303889751434
carbon1,1027,16,1.7329395152628422
carbon1,1028,16,2.043163999915123
carbon1,1029,16,1.8878205679357052
carbon1,1030,16,1.8132591471076012
carbon1,1031,16,1.7449601516127586
carbon1,1032,16,1.6753041222691536
carbon1,1033,16,1.6314916238188744
carbon1,1034,16,2.059158317744732
carbon1,1035,16,2.323530003428459
carbon1,1036,16,1.8467486202716827
carbon1,1037,16,1.8419958651065826
carbon1,1038,16,1.5106672756373882
carbon1,1039,16,1.8721710592508316
carbon1,1040,16,1.7849382162094116
carbon1,1041,16,1.7071090005338192
carbon1,1042,16,2.1553479805588722
carbon1,1043,16,2.0678475499153137
carbon1,1044,16,1.4786063060164452
carbon1,1045,16,1.9229105710983276
carbon1,1046,16,1.9435111060738564
carbon1,1047,16,1.9485986232757568
carbon1,1048,16,2.181333415210247
carbon1,1049,16,1.6606806218624115
carbon1,1050,16,1.8071987964212894
carbon1,1051,16,1.9220887273550034
carbon1,1052,16,2.0938475281000137
carbon1,1053,16,1.8307207971811295
carbon1,1054,16,1.8835002779960632
carbon1,1055,16,1.865704819560051
carbon1,1056,16,2.021165370941162
carbon1,1057,16,2.0027493238449097
carbon1,1058,16,1.8688208498060703
carbon1,1059,16,1.6576094813644886
carbon1,1060,16,1.5601357445120811
carbon1,1061,16,1.9255760684609413
carbon1,1062,16,1.5755764860659838
carbon1,1063,16,1.7376820631325245
carbon1,1064,16,1.8324540629982948
carbon1,1065,16,1.932959657162428
carbon1,1066,16,1.8906516209244728
carbon1,1067,16,1.9566537663340569
carbon1,1068,16,2.03604094684124
carbon1,1069,16,1.9488165751099586
carbon1,1070,16,2.0628382936120033
carbon1,1071,16,2.034124866127968
carbon1,1072,16,2.135370835661888
carbon1,1073,16,1.864352934062481
carbon1,1074,16,1.9001061916351318
carbon1,1075,16,1.9063507318496704
carbon1,1076,16,1.7981024757027626
carbon1,1077,16,2.0130575597286224
carbon1,1078,16,1.9695245996117592
carbon1,1079,16,1.8437016233801842
carbon1,1080,16,1.7193853333592415
carbon1,1081,16,1.7242803797125816
carbon1,1082,16,1.735592544078827
carbon1,1083,16,1.865178681910038
carbon1,1084,16,1.783924360293895
carbon1,1085,16,1.9794013164937496
carbon1,1086,16,1.8483732044696808
carbon1,1087,16,1.821637824177742
carbon1,1088,16,1.960132285952568
carbon1,1089,16,2.0207419097423553
carbon1,1090,16,2.312134675681591
carbon1,1091,16,1.9616086408495903
carbon1,1092,16,1.7209214381873608
carbon1,1093,16,1.8534104228019714
carbon1,1094,16,2.16271935403347
carbon1,1095,16,1.9147602766752243
carbon1,1096,16,1.8837664350867271
carbon1,1097,16,1.8624510690569878
carbon1,1098,16,1.884168565273285
carbon1,1099,16,1.7712966799736023
carbon1,1100,16,2.040799744427204
carbon1,1101,16,2.164162080734968
carbon1,1102,16,1.8306400552392006
carbon1,1103,16,1.8668552115559578
carbon1,1104,16,1.9711265936493874
carbon1,1105,16,2.0872383266687393
carbon1,1106,16,1.8720742352306843
carbon1,1107,16,1.7592211849987507
carbon1,1108,16,1.727248914539814
carbon1,1109,16,1.786999374628067
carbon1,1110,16,1.8802481554448605
carbon1,1111,16,1.9221587851643562
carbon1,1112,16,1.6792003326117992
carbon1,1113,16,2.071025352925062
carbon1,1114,16,2.066185049712658
carbon1,1115,16,1.6868098974227905
carbon1,1116,16,1.7878317460417747
carbon1,1117,16,2.0376021414995193
carbon1,1118,16,1.9338571801781654
carbon1,1119,16,1.5825891476124525
carbon1,1120,16,1.617374874651432
carbon1,1121,16,1.8534566685557365
carbon1,1122,16,1.982392929494381
carbon1,1123,16,2.2693387642502785
carbon1,1124,16,1.894091010093689
carbon1,1125,16,1.7544486038386822
carbon1,1126,16,1.756107418332249
carbon1,1127,16,1.920203298330307
carbon1,1128,16,1.8501065205782652
carbon1,1129,16,1.9586857035756111
carbon1,1130,16,1.8480176255106926
carbon1,1131,16,1.784823976457119
carbon1,1132,16,1.9272541999816895
carbon1,1133,16,1.8913257494568825
carbon1,1134,16,2.1272320300340652
carbon1,1135,16,1.5463838200084865
carbon1,1136,16,1.6049051582813263
carbon1,1137,16,1.9845637492835522
carbon1,1138,16,1.8524053320288658
carbon1,1139,16,1.8776154033839703
carbon1,1140,16,1.7770610228180885
carbon1,1141,16,1.723831407725811
carbon1,1142,16,2.12744153290987
carbon1,1143,16,2.0348516926169395
carbon1,1144,16,2.0282560363411903
carbon1,1145,16,1.6907842149958014
carbon1,1146,16,1.7364570051431656
carbon1,1147,16,1.9283191189169884
carbon1,1148,16,1.697186440229416
carbon1,1149,16,2.042025163769722
carbon1,1150,16,1.9534367509186268
carbon1,1151,16,1.7803367674350739
carbon1,1152,16,1.9836441650986671
carbon1,1153,16,1.6354528714437038
carbon1,1154,16,1.3641829583793879
carbon1,1155,16,1.9760934188961983
carbon1,1156,16,1.8917429856956005
carbon1,1157,16,2.1178666800260544
carbon1,1158,16,1.7930858209729195
carbon1,1159,16,1.897818684577942
carbon1,1160,16,1.9620676040649414
carbon1,1161,16,1.876953847706318
carbon1,1162,16,1.9331290945410728
carbon1,1163,16,2.0422384664416313
carbon1,1164,16,2.1141254045069218
carbon1,1165,16,1.7099382728338242
carbon1,1166,16,2.001096934080124
carbon1,1167,16,2.0741514712572098
carbon1,1168,16,1.789637413341552
carbon1,1169,16,1.9584882548078895
carbon1,1170,16,1.5634072367101908
carbon1,1171,16,1.8491791896522045
carbon1,1172,16,1.9639864042401314
carbon1,1173,16,2.0195854902267456
carbon1,1174,16,1.803990475833416
carbon1,1175,16,1.7215200066566467
carbon1,1176,16,1.6447343993932009
carbon1,1177,16,1.9336261143907905
carbon1,1178,16,1.8568459711968899
carbon1,1179,16,1.8757681474089622
carbon1,1180,16,1.9188973009586334
carbon1,1181,16,1.842818945646286
carbon1,1182,16,1.7586632738821208
carbon1,1183,16,1.815661758184433
carbon1,1184,16,1.9635279700160027
carbon1,1185,16,1.8326324820518494
carbon1,1186,16,1.7685950994491577
carbon1,1187,16,2.102171264588833
carbon1,1188,16,2.236590512096882
carbon1,1189,16,1.710976307746023
carbon1,1190,16,1.732739970088005
carbon1,1191,16,1.7570277526974678
carbon1,1192,16,1.952736034989357
carbon1,1193,16,1.7826732955873013
carbon1,1194,16,1.9686613008379936
carbon1,1195,16,1.6653122487477958
carbon1,1196,16,1.547703243792057
carbon1,1197,16,1.8757468089461327
carbon1,1198,16,1.8178152963519096
carbon1,1199,16,2.019114464521408
carbon1,1200,16,2.0024046897888184
carbon1,1201,16,1.7015825025737286
carbon1,1202,16,1.8079402223229408
carbon1,1203,16,1.7050783038139343
carbon1,1204,16,1.7910365397110581
carbon1,1205,16,1.8282934315502644
carbon1,1206,16,1.8997212573885918
carbon1,1207,16,1.908940814435482
carbon1,1208,16,1.9420919492840767
carbon1,1209,16,1.72360248118639
carbon1,1210,16,2.126512549817562
carbon1,1211,16,2.069195693358779
carbon1,1212,16,1.6912365891039371
carbon1,1213,16,1.982659937813878
carbon1,1214,16,1.9222057731822133
carbon1,1215,16,1.8108547031879425
carbon1,1216,16,1.8616770766675472
carbon1,1217,16,1.796298559755087
carbon1,1218,16,1.7567514404654503
carbon1,1219,16,1.859049379825592
carbon1,1220,16,1.8993949070572853
carbon1,1221,16,1.9520534947514534
carbon1,1222,16,1.756432173307985
carbon1,1223,16,1.784260643646121
carbon1,1224,16,2.033254474401474
carbon1,1225,16,1.896974191069603
carbon1,1226,16,1.797295168042183
carbon1,1227,16,1.91539466381073
carbon1,1228,16,1.819279782474041
carbon1,1229,16,1.8465122729539871
carbon1,1230,16,1.7201041299849749
carbon1,1231,16,1.8055443838238716
carbon1,1232,16,1.9269133359193802
carbon1,1233,16,1.800176978111267
carbon1,1234,16,1.8712155297398567
carbon1,1235,16,2.017840951681137
carbon1,1236,16,2.019842479377985
carbon1,1237,16,1.8417551771271974
carbon1,1238,16,1.846095323562622
carbon1,1239,16,1.8717798627912998
carbon1,1240,16,2.1697763353586197
carbon1,1241,16,1.8875661604106426
carbon1,1242,16,1.7177831660956144
carbon1,1243,16,1.9654215797781944
carbon1,1244,16,1.8080637119710445
carbon1,1245,16,1.899789184331894
carbon1,1246,16,1.761648247949779
carbon1,1247,16,1.833239659667015
carbon1,1248,16,1.6699668690562248
carbon1,1249,16,1.7360100522637367
carbon1,1250,16,1.9284792095422745
carbon1,1251,16,2.155733674764633
carbon1,1252,16,1.7340328134596348
carbon1,1253,16,1.9156275130808353
carbon1,1254,16,1.9846141040325165
carbon1,1255,16,1.6409263387322426
carbon1,1256,16,1.8017264977097511
carbon1,1257,16,1.764208547770977
carbon1,1258,16,1.9068518988788128
carbon1,1259,16,1.9382147789001465
carbon1,1260,16,1.624736124649644
carbon1,1261,16,2.1163687631487846
carbon1,1262,16,1.9450000151991844
carbon1,1263,16,1.7929386086761951
carbon1,1264,16,1.8966326350346208
carbon1,1265,16,1.9224031269550323
carbon1,1266,16,1.8758192900568247
carbon1,1267,16,1.8146129921078682
carbon1,1268,16,2.1932925060391426
carbon1,1269,16,1.8784867525100708
carbon1,1270,16,2.0698812678456306
carbon1,1271,16,1.8211636245250702
carbon1,1272,16,1.8221104145050049
carbon1,1273,16,2.0730809839442372
carbon1,1274,16,1.9734871312975883
carbon1,1275,16,1.9680432509630919
carbon1,1276,16,1.8695367723703384
carbon1,1277,16,1.7916524112224579
carbon1,1278,16,1.8989636823534966
carbon1,1279,16,1.8856049329042435
carbon1,1280,16,1.7593950778245926
carbon1,1281,16,1.9173000641167164
carbon1,1282,16,1.8672312945127487
carbon1,1283,16,2.2664400078356266
carbon1,1284,16,2.006773218512535
carbon1,1285,16,2.1099014654755592
carbon1,1286,16,1.7971001863479614
carbon1,1287,16,1.9676809683442116
carbon1,1288,16,1.9748081490397453
carbon1,1289,16,1.8101106360554695
carbon1,1290,16,1.9754593539983034
carbon1,1291,16,1.9774236306548119
carbon1,1292,16,1.9778777211904526
carbon1,1293,16,2.1053400337696075
carbon1,1294,16,1.8737207353115082
carbon1,1295,16,1.9494994208216667
carbon1,1296,16,1.8601832836866379
carbon1,1297,16,2.0514226779341698
carbon1,1298,16,1.9066664762794971
carbon1,1299,16,1.8466677591204643
carbon1,1300,16,1.779604472219944
carbon1,1301,16,1.7532266229391098
carbon1,1302,16,1.9176309294998646
carbon1,1303,16,2.07157851010561
carbon1,1304,16,1.8106098994612694
carbon1,1305,16,1.9978118389844894
carbon1,1306,16,1.889954037964344
carbon1,1307,16,2.1134166717529297
carbon1,1308,16,2.341849323362112
carbon1,1309,16,2.010973133146763
carbon1,1310,16,1.8847143948078156
carbon1,1311,16,1.8495652228593826
carbon1,1312,16,1.852440744638443
carbon1,1313,16,1.7550747320055962
carbon1,1314,16,2.098859526216984
carbon1,1315,16,1.8952071890234947
carbon1,1316,16,1.888371281325817
carbon1,1317,16,1.8830121122300625
carbon1,1318,16,1.9728115946054459
carbon1,1319,16,2.0229614078998566
carbon1,1320,16,1.980175033211708
carbon1,1321,16,1.9041821733117104
carbon1,1322,16,2.151400923728943
carbon1,1323,16,2.055969536304474
carbon1,1324,16,2.062777951359749
carbon1,1325,16,1.6801507323980331
carbon1,1326,16,1.9170560352504253
carbon1,1327,16,1.8708735033869743
carbon1,1328,16,1.6870519667863846
carbon1,1329,16,2.0019603297114372
carbon1,1330,16,1.8140140026807785
carbon1,1331,16,1.7428835034370422
carbon1,1332,16,1.9149381816387177
carbon1,1333,16,1.8818686828017235
carbon1,1334,16,1.8779133334755898
carbon1,1335,16,1.939280278980732
carbon1,1336,16,1.8493461087346077
carbon1,1337,16,1.7231290563941002
carbon1,1338,16,1.7428585141897202
carbon1,1339,16,1.9960835725069046
carbon1,1340,16,1.9249683022499084
carbon1,1341,16,1.8038360103964806
carbon1,1342,16,1.815401017665863
carbon1,1343,16,1.905673772096634
carbon1,1344,16,2.0715064853429794
carbon1,1345,16,1.9057566598057747
carbon1,1346,16,1.6865300200879574
carbon1,1347,16,1.9387733563780785
carbon1,1348,16,1.915175661444664
carbon1,1349,16,1.9559458866715431
carbon1,1350,16,1.9390728175640106
carbon1,1351,16,1.8929829970002174
carbon1,1352,16,1.795199315994978
carbon1,1353,16,1.8547104895114899
carbon1,1354,16,1.9824988692998886
carbon1,1355,16,1.7337776198983192
carbon1,1356,16,1.89218420535326
carbon1,1357,16,1.9082358554005623
carbon1,1358,16,1.8043607752770185
carbon1,1359,16,1.772926650941372
carbon1,1360,16,1.9708281382918358
carbon1,1361,16,1.7910178005695343
carbon1,1362,16,1.5777058228850365
carbon1,1363,16,1.907159484922886
carbon1,1364,16,1.7833375856280327
carbon1,1365,16,2.0329608246684074
carbon1,1366,16,2.1075262501835823
carbon1,1367,16,1.7619361579418182
carbon1,1368,16,1.7169679254293442
carbon1,1369,16,1.968562312424183
carbon1,1370,16,1.9472009763121605
carbon1,1371,16,1.8519664108753204
carbon1,1372,16,1.9885576963424683
carbon1,1373,16,1.844434067606926
carbon1,1374,16,1.9279596991837025
carbon1,1375,16,2.0468617230653763
carbon1,1376,16,1.8922939375042915
carbon1,1377,16,1.8056922182440758
carbon1,1378,16,1.8034198358654976
carbon1,1379,16,2.046711876988411
carbon1,1380,16,1.8146256543695927
carbon1,1381,16,1.9706413224339485
carbon1,1382,16,1.7918141931295395
carbon1,1383,16,1.9335946440696716
carbon1,1384,16,1.9646719321608543
carbon1,1385,16,2.0750488862395287
carbon1,1386,16,1.790299091488123
carbon1,1387,16,1.956036500632763
carbon1,1388,16,1.8495945185422897
carbon1,1389,16,2.0993322134017944
carbon1,1390,16,1.950591467320919
carbon1,1391,16,1.8522521778941154
carbon1,1392,16,1.8924041539430618
carbon1,1393,16,1.804385557770729
carbon1,1394,16,1.9234131425619125
carbon1,1395,16,2.017827421426773
carbon1,1396,16,1.8571455255150795
carbon1,1397,16,1.7566675320267677
carbon1,1398,16,1.7986369505524635
carbon1,1399,16,2.1734302639961243
carbon1,1400,16,2.1305261328816414
carbon1,1401,16,2.100246988236904
carbon1,1402,16,1.911252200603485
carbon1,1403,16,1.6959938406944275
carbon1,1404,16,1.7285588532686234
carbon1,1405,16,1.920026645064354
carbon1,1406,16,2.113479245454073
carbon1,1407,16,1.836244598031044
carbon1,1408,16,1.826997198164463
carbon1,1409,16,1.8596673607826233
carbon1,1410,16,1.6982417404651642
carbon1,1411,16,2.056769259274006
carbon1,1412,16,1.8921325132250786
carbon1,1413,16,1.9054381996393204
carbon1,1414,16,2.024544410407543
carbon1,1415,16,1.854906253516674
carbon1,1416,16,1.8647964000701904
carbon1,1417,16,1.98684261739254
carbon1,1418,16,1.6780380085110664
carbon1,1419,16,1.8200251683592796
carbon1,1420,16,1.8141910433769226
carbon1,1421,16,1.7948605343699455
carbon1,1422,16,1.859587635844946
carbon1,1423,16,2.199469678103924
carbon1,1424,16,1.8526974022388458
carbon1,1425,16,1.9790589734911919
carbon1,1426,16,1.8331346735358238
carbon1,1427,16,1.783385083079338
carbon1,1428,16,1.820323869585991
carbon1,1429,16,1.9453205093741417
carbon1,1430,16,1.815033696591854
carbon1,1431,16,1.847322478890419
carbon1,1432,16,1.906767725944519
carbon1,1433,16,1.8039197698235512
carbon1,1434,16,1.963488508015871
carbon1,1435,16,1.7473186254501343
carbon1,1436,16,1.6477369517087936
carbon1,1437,16,2.0832002982497215
carbon1,1438,16,2.097479484975338
carbon1,1439,16,2.0055190548300743
carbon1,1440,16,1.7966519817709923
carbon1,1441,16,1.9754828363656998
carbon1,1442,16,2.002439707517624
carbon1,1443,16,1.9953893199563026
carbon1,1444,16,1.7969453856348991
carbon1,1445,16,1.7863142639398575
carbon1,1446,16,1.7021438218653202
carbon1,1447,16,1.7729291021823883
carbon1,1448,16,2.1116760075092316
carbon1,1449,16,1.7253564968705177
carbon1,1450,16,2.17787829041481
carbon1,1451,16,1.903831858187914
carbon1,1452,16,2.2085652574896812
carbon1,1453,16,1.9052954316139221
carbon1,1454,16,1.8749810568988323
carbon1,1455,16,1.7203179560601711
carbon1,1456,16,1.9734614863991737
carbon1,1457,16,1.6148542147129774
carbon1,1458,16,1.8054186776280403
carbon1,1459,16,1.8052617833018303
carbon1,1460,16,1.8006171360611916
carbon1,1461,16,2.043508395552635
carbon1,1462,16,1.9981484897434711
carbon1,1463,16,1.6890952959656715
carbon1,1464,16,2.224974192911759
carbon1,1465,16,1.893869198858738
carbon1,1466,16,1.7381579726934433
carbon1,1467,16,1.8099883943796158
carbon1,1468,16,1.9145973846316338
carbon1,1469,16,1.8607769403606653
carbon1,1470,16,1.8057174645364285
carbon1,1471,16,1.9683617055416107
carbon1,1472,16,1.9624665239825845
carbon1,1473,16,2.0782649517059326
carbon1,1474,16,1.797099657356739
carbon1,1475,16,2.0966814514249563
carbon1,1476,16,1.9017085656523705
carbon1,1477,16,1.9052580744028091
carbon1,1478,16,2.07779261469841
carbon1,1479,16,1.933096095919609
carbon1,1480,16,1.8900750949978828
carbon1,1481,16,1.8213758058845997
carbon1,1482,16,1.6971146576106548
carbon1,1483,16,1.878375120460987
carbon1,1484,16,1.8266936838626862
carbon1,1485,16,1.8108948841691017
carbon1,1486,16,1.7248461544513702
carbon1,1487,16,1.746344180777669
carbon1,1488,16,1.6692396439611912
carbon1,1489,16,1.9370956122875214
carbon1,1490,16,1.806520089507103
carbon1,1491,16,1.8690668120980263
carbon1,1492,16,1.9056250005960464
carbon1,1493,16,1.972384788095951
carbon1,1494,16,1.8657570220530033
carbon1,1495,16,1.9949845001101494
carbon1,1496,16,2.159442439675331
carbon1,1497,16,1.9838162809610367
carbon1,1498,16,1.9871566444635391
carbon1,1499,16,1.6095873154699802
carbon1,1500,16,2.0640215948224068
carbon1,1501,16,1.8730652630329132
carbon1,1502,16,1.7666034810245037
carbon1,1503,16,1.8012252748012543
carbon1,1504,16,1.9886998310685158
carbon1,1505,16,2.17784471064806
carbon1,1506,16,1.975372463464737
carbon1,1507,16,2.0929104685783386
carbon1,1508,16,2.057926394045353
carbon1,1509,16,2.0278534293174744
carbon1,1510,16,1.8453454375267029
carbon1,1511,16,1.8236005455255508
carbon1,1512,16,1.8467511683702469
carbon1,1513,16,1.9831762313842773
carbon1,1514,16,2.089862607419491
carbon1,1515,16,2.1937547773122787
carbon1,1516,16,1.976973980665207
carbon1,1517,16,1.8412048071622849
carbon1,1518,16,1.7408437728881836
carbon1,1519,16,2.0762513801455498
carbon1,1520,16,1.9997589886188507
carbon1,1521,16,1.9607907682657242
carbon1,1522,16,1.8455261588096619
carbon1,1523,16,1.7699912935495377
carbon1,1524,16,2.010839566588402
carbon1,1525,16,1.8843272104859352
carbon1,1526,16,1.9478289857506752
carbon1,1527,16,1.8775806799530983
carbon1,1528,16,1.8939172104001045
carbon1,1529,16,1.9005257710814476
carbon1,1530,16,2.0507341995835304
carbon1,1531,16,1.95954330265522
carbon1,1532,16,1.9661742225289345
carbon1,1533,16,1.9458750784397125
carbon1,1534,16,1.9727899208664894
carbon1,1535,16,2.1069625914096832
carbon1,1536,16,1.6394010484218597
carbon1,1537,16,1.669994316995144
carbon1,1538,16,1.9137964695692062
carbon1,1539,16,1.7404105141758919
carbon1,1540,16,1.9119515717029572
carbon1,1541,16,1.8067015185952187
carbon1,1542,16,1.8301813304424286
carbon1,1543,16,1.6927822269499302
carbon1,1544,16,1.8372489288449287
carbon1,1545,16,2.0266780704259872
carbon1,1546,16,2.021555796265602
carbon1,1547,16,1.8132157400250435
carbon1,1548,16,1.6267121210694313
carbon1,1549,16,1.9414081275463104
carbon1,1550,16,1.7415087819099426
carbon1,1551,16,1.963149480521679
carbon1,1552,16,1.9690359383821487
carbon1,1553,16,2.005960375070572
carbon1,1554,16,2.122731424868107
carbon1,1555,16,1.8940100222826004
carbon1,1556,16,1.7739382162690163
carbon1,1557,16,2.118752121925354
carbon1,1558,16,1.7542104497551918
carbon1,1559,16,1.9173241034150124
carbon1,1560,16,1.7613854184746742
carbon1,1561,16,2.228926606476307
carbon1,1562,16,1.9227348044514656
carbon1,1563,16,1.970382958650589
carbon1,1564,16,2.063631221652031
carbon1,1565,16,2.035196930170059
carbon1,1566,16,1.6926231682300568
carbon1,1567,16,2.0691077187657356
carbon1,1568,16,2.023861676454544
carbon1,1569,16,1.8190366551280022
carbon1,1570,16,1.949907373636961
carbon1,1571,16,1.8348336964845657
carbon1,1572,16,2.058715857565403
carbon1,1573,16,1.9402418471872807
carbon1,1574,16,1.9532285258173943
carbon1,1575,16,1.736752726137638
carbon1,1576,16,1.952519804239273
carbon1,1577,16,1.759416177868843
carbon1,1578,16,2.2974790781736374
carbon1,1579,16,1.8343695811927319
carbon1,1580,16,1.8468234837055206
carbon1,1581,16,1.7963436469435692
carbon1,1582,16,2.0253612026572227
carbon1,1583,16,2.041988804936409
carbon1,1584,16,1.8656146004796028
carbon1,1585,16,1.8619239032268524
carbon1,1586,16,1.9177089929580688
carbon1,1587,16,1.9029943197965622
carbon1,1588,16,2.0689284428954124
carbon1,1589,16,1.9917021915316582
carbon1,1590,16,2.0806786343455315
carbon1,1591,16,2.1770117804408073
carbon1,1592,16,2.0037549138069153
carbon1,1593,16,1.9843572229146957
carbon1,1594,16,1.8704527989029884
carbon1,1595,16,2.132258079946041
carbon1,1596,16,1.7087138276547194
carbon1,1597,16,1.7586686834692955
carbon1,1598,16,1.8342445269227028
carbon1,1599,16,1.731602594256401
carbon1,1600,16,1.7065908256918192
carbon1,1601,16,1.7774641290307045
carbon1,1602,16,1.7499150037765503
carbon1,1603,16,1.7096438594162464
carbon1,1604,16,2.0938560143113136
carbon1,1605,16,1.8491351902484894
carbon1,1606,16,1.8338551772758365
carbon1,1607,16,1.927077703177929
carbon1,1608,16,2.153395287692547
carbon1,1609,16,1.9899345934391022
carbon1,1610,16,1.9492280781269073
carbon1,1611,16,2.0741689577698708
carbon1,1612,16,2.057274006307125
carbon1,1613,16,2.074269749224186
carbon1,1614,16,1.7151368632912636
carbon1,1615,16,1.5780984982848167
carbon1,1616,16,1.8650949709117413
carbon1,1617,16,1.8105125688016415
carbon1,1618,16,1.8686852529644966
carbon1,1619,16,1.9203594401478767
carbon1,1620,16,1.967172458767891
carbon1,1621,16,1.8342819549143314
carbon1,1622,16,2.045702651143074
carbon1,1623,16,2.0661937594413757
carbon1,1624,16,1.9497619718313217
carbon1,1625,16,2.074620209634304
carbon1,1626,16,1.7941968515515327
carbon1,1627,16,1.9858758561313152
carbon1,1628,16,1.832790806889534
carbon1,1629,16,2.0202732384204865
carbon1,1630,16,1.8394377864897251
carbon1,1631,16,1.9910640567541122
carbon1,1632,16,1.9903394728899002
carbon1,1633,16,2.1774065643548965
carbon1,1634,16,1.7260798066854477
carbon1,1635,16,1.9520124346017838
carbon1,1636,16,1.9322417825460434
carbon1,1637,16,2.0111920684576035
carbon1,1638,16,1.9653480648994446
carbon1,1639,16,2.21778055280447
carbon1,1640,16,1.8488726764917374
carbon1,1641,16,1.9116214960813522
carbon1,1642,16,1.8325574323534966
carbon1,1643,16,2.071625180542469
carbon1,1644,16,2.2361026033759117
carbon1,1645,16,2.229842387139797
carbon1,1646,16,1.751181147992611
carbon1,1647,16,2.037081517279148
carbon1,1648,16,1.8991314508020878
carbon1,1649,16,2.0172135084867477
carbon1,1650,16,1.9490217827260494
carbon1,1651,16,1.9339719265699387
carbon1,1652,16,1.9371186047792435
carbon1,1653,16,1.7691612839698792
carbon1,1654,16,1.8930035382509232
carbon1,1655,16,1.9824296161532402
carbon1,1656,16,2.073739729821682
carbon1,1657,16,2.0385010465979576
carbon1,1658,16,2.01557869464159
carbon1,1659,16,1.7627438008785248
carbon1,1660,16,2.1180858612060547
carbon1,1661,16,1.9798408597707748
carbon1,1662,16,1.844586119055748
carbon1,1663,16,1.9449553787708282
carbon1,1664,16,1.8368353471159935
carbon1,1665,16,1.9386902824044228
carbon1,1666,16,1.8994894996285439
carbon1,1667,16,1.8567372187972069
carbon1,1668,16,1.6185310781002045
carbon1,1669,16,1.9642696753144264
carbon1,1670,16,1.8597562685608864
carbon1,1671,16,2.153281792998314
carbon1,1672,16,2.001102216541767
carbon1,1673,16,1.9206898733973503
carbon1,1674,16,1.8507802486419678
carbon1,1675,16,1.7527927979826927
carbon1,1676,16,2.037718676030636
carbon1,1677,16,1.89312694221735
carbon1,1678,16,1.9572825506329536
carbon1,1679,16,1.8923050910234451
carbon1,1680,16,1.8499375954270363
carbon1,1681,16,1.877403847873211
carbon1,1682,16,1.8970625549554825
carbon1,1683,16,2.063306286931038
carbon1,1684,16,2.003597170114517
carbon1,1685,16,2.012598231434822
carbon1,1686,16,2.119335025548935
carbon1,1687,16,2.048834905028343
carbon1,1688,16,1.6813826486468315
carbon1,1689,16,2.161550171673298
carbon1,1690,16,1.8599389716982841
carbon1,1691,16,2.0478087216615677
carbon1,1692,16,1.8345462381839752
carbon1,1693,16,1.8683086037635803
carbon1,1694,16,1.8534553498029709
carbon1,1695,16,1.983869694173336
carbon1,1696,16,1.8548285476863384
carbon1,1697,16,2.08132591098547
carbon1,1698,16,1.8147367909550667
carbon1,1699,16,2.0288698747754097
carbon1,1700,16,2.066606193780899
carbon1,1701,16,2.0188953429460526
carbon1,1702,16,2.0163834244012833
carbon1,1703,16,1.9766901433467865
carbon1,1704,16,1.7891900837421417
carbon1,1705,16,1.9313770681619644
carbon1,1706,16,1.701885163784027
carbon1,1707,16,1.8023819401860237
carbon1,1708,16,2.1935181990265846
carbon1,1709,16,2.0327484756708145
carbon1,1710,16,1.9846974797546864
carbon1,1711,16,2.1744300350546837
carbon1,1712,16,1.9079950377345085
carbon1,1713,16,1.8292395398020744
carbon1,1714,16,2.0142695605754852
carbon1,1715,16,1.8043180778622627
carbon1,1716,16,1.9345753975212574
carbon1,1717,16,2.0384156107902527
carbon1,1718,16,1.9891221150755882
carbon1,1719,16,1.7726791501045227
carbon1,1720,16,2.011677496135235
carbon1,1721,16,2.096738465130329
carbon1,1722,16,1.9228054955601692
carbon1,1723,16,1.7439173012971878
carbon1,1724,16,1.9432212486863136
carbon1,1725,16,2.0795925930142403
carbon1,1726,16,2.0258306488394737
carbon1,1727,16,1.7214478626847267
carbon1,1728,16,2.1319250017404556
carbon1,1729,16,2.0294208973646164
carbon1,1730,16,1.8746287450194359
carbon1,1731,16,1.9866076707839966
carbon1,1732,16,2.002313792705536
carbon1,1733,16,1.9305220544338226
carbon1,1734,16,2.024911865592003
carbon1,1735,16,1.9551449492573738
carbon1,1736,16,1.9364927485585213
carbon1,1737,16,1.8885592073202133
carbon1,1738,16,2.0535978823900223
carbon1,1739,16,1.9750494882464409
carbon1,1740,16,2.0770745277404785
carbon1,1741,16,1.758626788854599
carbon1,1742,16,1.892294816672802
carbon1,1743,16,1.7987432703375816
carbon1,1744,16,2.062147617340088
carbon1,1745,16,1.9555144160985947
carbon1,1746,16,1.7096824161708355
carbon1,1747,16,2.0589277669787407
carbon1,1748,16,1.6426518559455872
carbon1,1749,16,1.9166287630796432
carbon1,1750,16,1.9757737964391708
carbon1,1751,16,1.8570123612880707
carbon1,1752,16,1.8377524018287659
carbon1,1753,16,1.6832032948732376
carbon1,1754,16,1.7903499826788902
carbon1,1755,16,1.6552552729845047
carbon1,1756,16,2.1023985370993614
carbon1,1757,16,1.8173817954957485
carbon1,1758,16,1.7160158343613148
carbon1,1759,16,1.972274899482727
carbon1,1760,16,1.788748886436224
carbon1,1761,16,1.7608909457921982
carbon1,1762,16,2.0226650163531303
carbon1,1763,16,1.8158627077937126
carbon1,1764,16,2.164366476237774
carbon1,1765,16,2.146047055721283
carbon1,1766,16,1.7733391150832176
carbon1,1767,16,1.819822832942009
carbon1,1768,16,1.9514766559004784
carbon1,1769,16,2.1194824650883675
carbon1,1770,16,1.8156457990407944
carbon1,1771,16,1.9527925476431847
carbon1,1772,16,2.0064987167716026
carbon1,1773,16,1.7962249964475632
carbon1,1774,16,1.9963487833738327
carbon1,1775,16,1.8885740116238594
carbon1,1776,16,1.8907693792134523
carbon1,1777,16,2.217529498040676
carbon1,1778,16,2.02107360213995
carbon1,1779,16,1.9915357381105423
carbon1,1780,16,1.8202514350414276
carbon1,1781,16,2.225447177886963
carbon1,1782,16,1.79459348320961
carbon1,1783,16,1.9550245255231857
carbon1,1784,16,1.8568240776658058
carbon1,1785,16,1.822758600115776
carbon1,1786,16,2.229799263179302
carbon1,1787,16,1.9957470931112766
carbon1,1788,16,1.9740344136953354
carbon1,1789,16,2.0848303958773613
carbon1,1790,16,1.8578009903430939
carbon1,1791,16,2.1364140436053276
carbon1,1792,16,1.6433385759592056
carbon1,1793,16,2.0572428330779076
carbon1,1794,16,1.8896727040410042
carbon1,1795,16,2.0659067183732986
carbon1,1796,16,1.8905770480632782
carbon1,1797,16,1.9454153701663017
carbon1,1798,16,1.833445243537426
carbon1,1799,16,1.8396872729063034
carbon1,1800,16,1.9547653645277023
carbon1,1801,16,1.828264020383358
carbon1,1802,16,1.819389447569847
carbon1,1803,16,2.070179022848606
carbon1,1804,16,1.6586201637983322
carbon1,1805,16,1.9063214361667633
carbon1,1806,16,1.782924473285675
carbon1,1807,16,2.061963804066181
carbon1,1808,16,2.019090212881565
carbon1,1809,16,1.8351348266005516
carbon1,1810,16,1.9036060646176338
carbon1,1811,16,1.790691688656807
carbon1,1812,16,2.078970644623041
carbon1,1813,16,1.8396002799272537
carbon1,1814,16,2.0175474733114243
carbon1,1815,16,2.1676314547657967
carbon1,1816,16,1.7320929244160652
carbon1,1817,16,1.8368482887744904
carbon1,1818,16,1.9179813638329506
carbon1,1819,16,2.2431049048900604
carbon1,1820,16,1.6284520104527473
carbon1,1821,16,1.9143134988844395
carbon1,1822,16,2.0489373207092285
carbon1,1823,16,1.7083847299218178
carbon1,1824,16,1.8750127330422401
carbon1,1825,16,1.827924758195877
carbon1,1826,16,1.9519559666514397
carbon1,1827,16,1.82736936211586
carbon1,1828,16,1.8996374234557152
carbon1,1829,16,1.8868032842874527
carbon1,1830,16,1.7796557415276766
carbon1,1831,16,1.9872940257191658
carbon1,1832,16,1.8903035894036293
carbon1,1833,16,1.9093041568994522
carbon1,1834,16,2.009300857782364
carbon1,1835,16,1.943769983947277
carbon1,1836,16,2.15849419683218
carbon1,1837,16,2.0087520256638527
carbon1,1838,16,1.791446391493082
carbon1,1839,16,1.8194783627986908
carbon1,1840,16,1.85210432857275
carbon1,1841,16,2.0223400443792343
carbon1,1842,16,1.7573217526078224
carbon1,1843,16,1.968401774764061
carbon1,1844,16,2.0953795090317726
carbon1,1845,16,1.9736547321081161
carbon1,1846,16,1.8757080882787704
carbon1,1847,16,1.9923992231488228
carbon1,1848,16,2.0074165165424347
carbon1,1849,16,1.9828893095254898
carbon1,1850,16,1.9244398102164268
carbon1,1851,16,1.8246384486556053
carbon1,1852,16,1.934212177991867
carbon1,1853,16,1.9213780909776688
carbon1,1854,16,1.7672197595238686
carbon1,1855,16,1.8189552053809166
carbon1,1856,16,1.891654685139656
carbon1,1857,16,1.7988433241844177
carbon1,1858,16,1.8628254309296608
carbon1,1859,16,2.126400262117386
carbon1,1860,16,1.8029263764619827
carbon1,1861,16,1.9781168773770332
carbon1,1862,16,2.064286045730114
carbon1,1863,16,2.0902347341179848
carbon1,1864,16,1.8847570195794106
carbon1,1865,16,1.8346612975001335
carbon1,1866,16,1.8135604709386826
carbon1,1867,16,1.787106692790985
carbon1,1868,16,1.9267395213246346
carbon1,1869,16,1.8099033907055855
carbon1,1870,16,1.7838151827454567
carbon1,1871,16,1.9483749866485596
carbon1,1872,16,1.8021340668201447
carbon1,1873,16,1.7545560896396637
carbon1,1874,16,1.6785496845841408
carbon1,1875,16,2.119470849633217
carbon1,1876,16,1.9560965225100517
carbon1,1877,16,1.9513274170458317
carbon1,1878,16,1.795730346813798
carbon1,1879,16,1.855482280254364
carbon1,1880,16,1.9786227494478226
carbon1,1881,16,1.814493902027607
carbon1,1882,16,1.8019621595740318
carbon1,1883,16,1.8844678439199924
carbon1,1884,16,1.753590915352106
carbon1,1885,16,1.7559417486190796
carbon1,1886,16,1.8027372360229492
carbon1,1887,16,1.8489873930811882
carbon1,1888,16,2.0108457133173943
carbon1,1889,16,2.0257164388895035
carbon1,1890,16,1.6447912529110909
carbon1,1891,16,1.7408402785658836
carbon1,1892,16,1.8730637356638908
carbon1,1893,16,1.7395127899944782
carbon1,1894,16,1.8263735324144363
carbon1,1895,16,1.814255215227604
carbon1,1896,16,1.866598691791296
carbon1,1897,16,1.8617379367351532
carbon1,1898,16,1.8805908486247063
carbon1,1899,16,1.729926772415638
carbon1,1900,16,1.9159610345959663
carbon1,1901,16,1.9451304003596306
carbon1,1902,16,2.0782728269696236
carbon1,1903,16,1.6932673528790474
carbon1,1904,16,1.8743327036499977
carbon1,1905,16,2.082122728228569
carbon1,1906,16,1.8268712311983109
carbon1,1907,16,1.8217484205961227
carbon1,1908,16,1.8630193993449211
carbon1,1909,16,1.8366137370467186
carbon1,1910,16,1.9328204616904259
carbon1,1911,16,1.7861914038658142
carbon1,1912,16,1.7245764210820198
carbon1,1913,16,2.006296433508396
carbon1,1914,16,1.7465000227093697
carbon1,1915,16,1.8305446580052376
carbon1,1916,16,1.8418522775173187
carbon1,1917,16,1.9891186133027077
carbon1,1918,16,1.870681345462799
carbon1,1919,16,2.133829154074192
carbon1,1920,16,1.8189857713878155
carbon1,1921,16,1.9678620733320713
carbon1,1922,16,1.8609242215752602
carbon1,1923,16,1.7411491125822067
carbon1,1924,16,1.749573677778244
carbon1,1925,16,1.8316141441464424
carbon1,1926,16,2.0422568768262863
carbon1,1927,16,1.9036279395222664
carbon1,1928,16,1.7095632776618004
carbon1,1929,16,1.9909042865037918
carbon1,1930,16,1.8700095117092133
carbon1,1931,16,2.198548376560211
carbon1,1932,16,1.884581569582224
carbon1,1933,16,1.9118785932660103
carbon1,1934,16,1.7502137273550034
carbon1,1935,16,1.9290493205189705
carbon1,1936,16,1.8918676748871803
carbon1,1937,16,1.824620421975851
carbon1,1938,16,2.0425202026963234
carbon1,1939,16,2.0566950365900993
carbon1,1940,16,2.1167051419615746
carbon1,1941,16,1.646643964573741
carbon1,1942,16,1.7838877774775028
carbon1,1943,16,1.8547648042440414
carbon1,1944,16,2.1046085730195045
carbon1,1945,16,1.894521303474903
carbon1,1946,16,1.6363064870238304
carbon1,1947,16,1.7318394891917706
carbon1,1948,16,1.835087701678276
carbon1,1949,16,2.1376815512776375
carbon1,1950,16,1.9254086390137672
carbon1,1951,16,2.1197399944067
carbon1,1952,16,1.631488785147667
carbon1,1953,16,2.091484047472477
carbon1,1954,16,1.724126435816288
carbon1,1955,16,1.7921178415417671
carbon1,1956,16,1.769539987668395
carbon1,1957,16,1.8374442011117935
carbon1,1958,16,1.5874846130609512
carbon1,1959,16,1.71253851801157
carbon1,1960,16,1.7121134996414185
carbon1,1961,16,1.7849689796566963
carbon1,1962,16,1.5787968412041664
carbon1,1963,16,1.8921967670321465
carbon1,1964,16,1.7646242938935757
carbon1,1965,16,2.0167862847447395
carbon1,1966,16,1.896192952990532
carbon1,1967,16,1.931264154613018
carbon1,1968,16,1.7894112095236778
carbon1,1969,16,1.9025172889232635
carbon1,1970,16,1.9280839934945107
carbon1,1971,16,1.8284548334777355
carbon1,1972,16,2.0918738916516304
carbon1,1973,16,1.771606631577015
carbon1,1974,16,1.8297024220228195
carbon1,1975,16,1.7901404276490211
carbon1,1976,16,2.118562690913677
carbon1,1977,16,1.8322673216462135
carbon1,1978,16,1.875485010445118
carbon1,1979,16,1.8224762603640556
carbon1,1980,16,2.094780607149005
carbon1,1981,16,1.989089585840702
carbon1,1982,16,1.6988917887210846
carbon1,1983,16,1.7525778710842133
carbon1,1984,16,1.9944022819399834
carbon1,1985,16,1.8225822113454342
carbon1,1986,16,1.5854483470320702
carbon1,1987,16,2.000991530716419
carbon1,1988,16,1.8573768995702267
carbon1,1989,16,1.772952526807785
carbon1,1990,16,2.0677127689123154
carbon1,1991,16,1.8744825413450599
carbon1,1992,16,1.9055479634553194
carbon1,1993,16,2.0308506786823273
carbon1,1994,16,1.996251828968525
carbon1,1995,16,1.6723935790359974
carbon1,1996,16,1.746544137597084
carbon1,1997,16,1.957563430070877
carbon1,1998,16,1.6365797445178032
carbon1,1999,16,1.744649976491928
carbon1,2000,16,1.953528456389904
carbon1,2001,16,2.127096474170685
carbon1,2002,16,2.048077881336212
carbon1,2003,16,1.9426597207784653
carbon1,2004,16,1.9459833279252052
carbon1,2005,16,1.7861387878656387
carbon1,2006,16,1.8094249367713928
carbon1,2007,16,2.014759574085474
carbon1,2008,16,1.8235949277877808
carbon1,2009,16,2.0238749608397484
carbon1,2010,16,1.8935364782810211
carbon1,2011,16,1.902329746633768
carbon1,2012,16,2.0425873920321465
carbon1,2013,16,1.7363735660910606
carbon1,2014,16,1.9514016807079315
carbon1,2015,16,2.0479395911097527
carbon1,2016,16,2.0461963145062327
carbon1,2017,16,1.810946624726057
carbon1,2018,16,1.8078762665390968
carbon1,2019,16,2.0706725046038628
carbon1,2020,16,2.015640154480934
carbon1,2021,16,2.1690832152962685
carbon1,2022,16,1.7391512021422386
carbon1,2023,16,2.0081347599625587
carbon1,2024,16,2.1050967946648598
carbon1,2025,16,1.9099322110414505
carbon1,2026,16,1.7081209644675255
carbon1,2027,16,2.143744260072708
carbon1,2028,16,2.077671341598034
carbon1,2029,16,1.7704533711075783
carbon1,2030,16,2.057447575032711
carbon1,2031,16,1.8550324961543083
carbon1,2032,16,1.8210232257843018
carbon1,2033,16,1.9474688842892647
carbon1,2034,16,1.879486232995987
carbon1,2035,16,1.8609994798898697
carbon1,2036,16,1.9062466770410538
carbon1,2037,16,1.8860142305493355
carbon1,2038,16,1.7257196232676506
carbon1,2039,16,2.080678977072239
carbon1,2040,16,1.9065761491656303
carbon1,2041,16,1.775952734053135
carbon1,2042,16,1.910429172217846
carbon1,2043,16,1.954191006720066
carbon1,2044,16,1.8441197127103806
carbon1,2045,16,2.092614024877548
carbon1,2046,16,1.755014806985855
carbon1,2047,16,2.0139411836862564
carbon1,2048,16,2.0184659734368324
carbon1,2049,16,2.0399940758943558
carbon1,2050,16,1.642347291111946
carbon1,2051,16,1.8573080524802208
carbon1,2052,16,1.8263265416026115
carbon1,2053,16,2.033411644399166
carbon1,2054,16,2.271870896220207
carbon1,2055,16,2.030712813138962
carbon1,2056,16,2.142002187669277
carbon1,2057,16,1.8492160364985466
carbon1,2058,16,2.008912891149521
carbon1,2059,16,1.7433100491762161
carbon1,2060,16,1.908186413347721
carbon1,2061,16,1.780304029583931
carbon1,2062,16,1.900198519229889
carbon1,2063,16,2.049737758934498
carbon1,2064,16,1.9906448796391487
carbon1,2065,16,1.9509122297167778
carbon1,2066,16,1.9657157808542252
carbon1,2067,16,2.041182354092598
carbon1,2068,16,1.9956039488315582
carbon1,2069,16,2.0022666081786156
carbon1,2070,16,1.9351082146167755
carbon1,2071,16,2.010476127266884
carbon1,2072,16,1.7176799327135086
carbon1,2073,16,1.8729545399546623
carbon1,2074,16,1.8199197426438332
carbon1,2075,16,1.9108230844140053
carbon1,2076,16,1.7094405889511108
carbon1,2077,16,1.9863800182938576
carbon1,2078,16,1.9153859168291092
carbon1,2079,16,2.0219541788101196
carbon1,2080,16,2.0014433339238167
carbon1,2081,16,1.7576305270195007
carbon1,2082,16,1.7188738882541656
carbon1,2083,16,2.096921131014824
carbon1,2084,16,1.9407126605510712
carbon1,2085,16,1.9679350070655346
carbon1,2086,16,1.8327294364571571
carbon1,2087,16,2.1178129389882088
carbon1,2088,16,1.8777072131633759
carbon1,2089,16,2.0144515931606293
carbon1,2090,16,1.9605425521731377
carbon1,2091,16,1.9801320731639862
carbon1,2092,16,1.9541135653853416
carbon1,2093,16,1.9668519422411919
carbon1,2094,16,1.7286827340722084
carbon1,2095,16,1.9281014204025269
carbon1,2096,16,1.9753720983862877
carbon1,2097,16,1.8947384506464005
carbon1,2098,16,2.0259021148085594
carbon1,2099,16,2.1572470143437386
carbon1,2100,16,1.9603229239583015
carbon1,2101,16,1.7079055458307266
carbon1,2102,16,1.7436620891094208
carbon1,2103,16,1.7932741791009903
carbon1,2104,16,1.9945655018091202
carbon1,2105,16,2.0728433579206467
carbon1,2106,16,1.8466534856706858
carbon1,2107,16,1.6400584056973457
carbon1,2108,16,1.8410426266491413
carbon1,2109,16,1.9195887967944145
carbon1,2110,16,2.017658345401287
carbon1,2111,16,1.8978230506181717
carbon1,2112,16,2.17740198969841
carbon1,2113,16,2.0969259813427925
carbon1,2114,16,1.941483374685049
carbon1,2115,16,1.8978906720876694
carbon1,2116,16,1.9381458833813667
carbon1,2117,16,1.9784371852874756
carbon1,2118,16,1.785075582563877
carbon1,2119,16,1.9124473631381989
carbon1,2120,16,1.7761321030557156
carbon1,2121,16,1.8218479678034782
carbon1,2122,16,1.9786680415272713
carbon1,2123,16,2.0107261538505554
carbon1,2124,16,2.0766293853521347
carbon1,2125,16,1.9194100573658943
carbon1,2126,16,1.8059945963323116
carbon1,2127,16,2.0840131416916847
carbon1,2128,16,2.175439730286598
carbon1,2129,16,2.3578161373734474
carbon1,2130,16,1.585361530072987
carbon1,2131,16,1.9163995031267405
carbon1,2132,16,1.7206888496875763
carbon1,2133,16,1.8845272809267044
carbon1,2134,16,1.9211045280098915
carbon1,2135,16,1.8766706213355064
carbon1,2136,16,1.834814116358757
carbon1,2137,16,1.9096014946699142
carbon1,2138,16,1.7652909383177757
carbon1,2139,16,1.9278641045093536
carbon1,2140,16,1.9446433559060097
carbon1,2141,16,1.9632842764258385
carbon1,2142,16,1.8803206868469715
carbon1,2143,16,2.133468337357044
carbon1,2144,16,1.7270793356001377
carbon1,2145,16,1.9820812791585922
carbon1,2146,16,1.7992584183812141
carbon1,2147,16,1.8197773844003677
carbon1,2148,16,1.9342931974679232
carbon1,2149,16,1.7254065722227097
carbon1,2150,16,1.716091312468052
carbon1,2151,16,1.7636264935135841
carbon1,2152,16,1.924913004040718
carbon1,2153,16,2.149695187807083
carbon1,2154,16,1.8038704115897417
carbon1,2155,16,2.2030906081199646
carbon1,2156,16,1.9952939599752426
carbon1,2157,16,1.8941951394081116
carbon1,2158,16,2.1099424734711647
carbon1,2159,16,1.7863191440701485
carbon1,2160,16,1.9914413765072823
carbon1,2161,16,1.839205488562584
carbon1,2162,16,2.0305055528879166
carbon1,2163,16,2.03661697357893
carbon1,2164,16,1.990878589451313
carbon1,2165,16,1.765277698636055
carbon1,2166,16,1.9729909226298332
carbon1,2167,16,2.095492161810398
carbon1,2168,16,1.7963435128331184
carbon1,2169,16,2.013870306313038
carbon1,2170,16,1.973424308001995
carbon1,2171,16,1.8076295033097267
carbon1,2172,16,2.087767004966736
carbon1,2173,16,1.8716033399105072
carbon1,2174,16,2.083044245839119
carbon1,2175,16,1.8423342108726501
carbon1,2176,16,2.020432375371456
carbon1,2177,16,1.9755184799432755
carbon1,2178,16,1.560409054160118
carbon1,2179,16,1.6312896013259888
carbon1,2180,16,1.9036920070648193
carbon1,2181,16,1.7813318818807602
carbon1,2182,16,1.774891309440136
carbon1,2183,16,1.77363520860672
carbon1,2184,16,1.8264097347855568
carbon1,2185,16,1.95282843708992
carbon1,2186,16,1.5755710266530514
carbon1,2187,16,1.8168767914175987
carbon1,2188,16,2.00128710269928
carbon1,2189,16,1.767514169216156
carbon1,2190,16,1.8899509012699127
carbon1,2191,16,1.7397586349397898
carbon1,2192,16,2.0290758199989796
carbon1,2193,16,1.7560906633734703
carbon1,2194,16,1.7031529918313026
carbon1,2195,16,1.8290414437651634
carbon1,2196,16,1.912828467786312
carbon1,2197,16,1.7567037492990494
carbon1,2198,16,2.0139693915843964
carbon1,2199,16,2.30996485799551
carbon1,2200,16,1.9386567920446396
carbon1,2201,16,2.0421294942498207
carbon1,2202,16,1.8179020136594772
carbon1,2203,16,1.7734912633895874
carbon1,2204,16,1.9181829169392586
carbon1,2205,16,1.9804456681013107
carbon1,2206,16,1.7420149110257626
carbon1,2207,16,1.774214306846261
carbon1,2208,16,1.9148670211434364
carbon1,2209,16,1.9067476838827133
carbon1,2210,16,2.206839233636856
carbon1,2211,16,1.693793661892414
carbon1,2212,16,1.78080103546381
carbon1,2213,16,1.8140728697180748
carbon1,2214,16,1.8224872685968876
carbon1,2215,16,1.9069745913147926
carbon1,2216,16,1.9719370752573013
carbon1,2217,16,1.8840819299221039
carbon1,2218,16,1.8397550508379936
carbon1,2219,16,2.0249577537178993
carbon1,2220,16,2.084684696048498
carbon1,2221,16,1.822097085416317
carbon1,2222,16,2.0263592060655355
carbon1,2223,16,1.995512381196022
carbon1,2224,16,1.9575087279081345
carbon1,2225,16,1.7805166244506836
carbon1,2226,16,1.9093851521611214
carbon1,2227,16,1.7911866419017315
carbon1,2228,16,1.9449691995978355
carbon1,2229,16,2.1103877276182175
carbon1,2230,16,1.8378779888153076
carbon1,2231,16,1.835934355854988
carbon1,2232,16,1.9563468992710114
carbon1,2233,16,1.8873205333948135
carbon1,2234,16,1.7943966686725616
carbon1,2235,16,1.764325050637126
carbon1,2236,16,1.8177854120731354
carbon1,2237,16,1.6928659714758396
carbon1,2238,16,1.6959111988544464
carbon1,2239,16,1.8704179376363754
carbon1,2240,16,1.7951596155762672
carbon1,2241,16,2.0139568150043488
carbon1,2242,16,1.9689724333584309
carbon1,2243,16,1.6376596726477146
carbon1,2244,16,2.1507528722286224
carbon1,2245,16,1.9440863654017448
carbon1,2246,16,2.071716330945492
carbon1,2247,16,1.8884365484118462
carbon1,2248,16,1.66379876434803
carbon1,2249,16,2.038122821599245
carbon1,2250,16,1.7809505686163902
carbon1,2251,16,2.0320608243346214
carbon1,2252,16,1.6840860359370708
carbon1,2253,16,1.8200776055455208
carbon1,2254,16,2.029970295727253
carbon1,2255,16,1.9308813884854317
carbon1,2256,16,1.841038852930069
carbon1,2257,16,1.9112817123532295
carbon1,2258,16,1.8661771193146706
carbon1,2259,16,2.0476728826761246
carbon1,2260,16,1.8686069920659065
carbon1,2261,16,1.9157073497772217
carbon1,2262,16,2.0547740682959557
carbon1,2263,16,1.8143815323710442
carbon1,2264,16,1.9221811657771468
carbon1,2265,16,2.026458591222763
carbon1,2266,16,1.9961176067590714
carbon1,2267,16,2.122973967343569
carbon1,2268,16,1.7203908078372478
carbon1,2269,16,1.9178905561566353
carbon1,2270,16,1.9050717875361443
carbon1,2271,16,1.83183154463768
carbon1,2272,16,2.0358926504850388
carbon1,2273,16,1.8598993569612503
carbon1,2274,16,1.5549147352576256
carbon1,2275,16,1.7943199798464775
carbon1,2276,16,1.887433223426342
carbon1,2277,16,2.005996994674206
carbon1,2278,16,2.1088300719857216
carbon1,2279,16,1.8863101871684194
carbon1,2280,16,1.7836139872670174
carbon1,2281,16,1.5753036066889763
carbon1,2282,16,1.703880436718464
carbon1,2283,16,1.884485837072134
carbon1,2284,16,2.131296284496784
carbon1,2285,16,1.7409293465316296
carbon1,2286,16,1.635224089026451
carbon1,2287,16,1.840612344443798
carbon1,2288,16,1.959010049700737
carbon1,2289,16,1.8227529153227806
carbon1,2290,16,1.7176219038665295
carbon1,2291,16,1.7965444875881076
carbon1,2292,16,1.6831501414999366
carbon1,2293,16,1.7777458159253001
carbon1,2294,16,1.6681647896766663
carbon1,2295,16,2.1694177985191345
carbon1,2296,16,1.9025783762335777
carbon1,2297,16,2.071330063045025
carbon1,2298,16,1.8510804772377014
carbon1,2299,16,1.840193153358996
carbon1,2300,16,1.8893233658745885
carbon1,2301,16,1.7766649890691042
carbon1,2302,16,1.8187063559889793
carbon1,2303,16,1.684720754623413
carbon1,2304,16,1.7920086979866028
carbon1,2305,16,1.7854930236935616
carbon1,2306,16,1.7554571963846684
carbon1,2307,16,2.0589775294065475
carbon1,2308,16,1.9738275408744812
carbon1,2309,16,1.9734818190336227
carbon1,2310,16,1.9953109920024872
carbon1,2311,16,1.7676672921516001
carbon1,2312,16,1.6410915907472372
carbon1,2313,16,1.5549976583570242
carbon1,2314,16,1.8331610448658466
carbon1,2315,16,1.8822202757000923
carbon1,2316,16,1.8491480723023415
carbon1,2317,16,2.208974801003933
carbon1,2318,16,1.7061891462653875
carbon1,2319,16,1.6968927308917046
carbon1,2320,16,1.7019401714205742
carbon1,2321,16,1.4874462392181158
carbon1,2322,16,2.0426007620990276
carbon1,2323,16,1.7870250372216105
carbon1,2324,16,1.7215156676247716
carbon1,2325,16,1.8371468158438802
carbon1,2326,16,1.9137599244713783
carbon1,2327,16,1.8943172693252563
carbon1,2328,16,1.6248762719333172
carbon1,2329,16,1.8746057972311974
carbon1,2330,16,1.8524910658597946
carbon1,2331,16,2.0801303163170815
carbon1,2332,16,2.11835365742445
carbon1,2333,16,1.9004415944218636
carbon1,2334,16,1.7969395238906145
carbon1,2335,16,1.835625048726797
carbon1,2336,16,1.8851166740059853
carbon1,2337,16,1.9208268709480762
carbon1,2338,16,1.7800743747502565
carbon1,2339,16,1.7232305258512497
carbon1,2340,16,1.9656301066279411
carbon1,2341,16,1.903415508568287
carbon1,2342,16,2.082081053406
carbon1,2343,16,1.5741985458880663
carbon1,2344,16,1.8127155881375074
carbon1,2345,16,2.0873275324702263
carbon1,2346,16,1.4767952151596546
carbon1,2347,16,1.9339540749788284
carbon1,2348,16,1.706122301518917
carbon1,2349,16,1.9299507588148117
carbon1,2350,16,1.7971563190221786
carbon1,2351,16,2.077116657048464
carbon1,2352,16,2.062891371548176
carbon1,2353,16,1.7574379742145538
carbon1,2354,16,1.6728223264217377
carbon1,2355,16,1.8487828522920609
carbon1,2356,16,2.143126852810383
carbon1,2357,16,1.7952465154230595
carbon1,2358,16,1.9659748673439026
carbon1,2359,16,2.230115383863449
carbon1,2360,16,1.8806149512529373
carbon1,2361,16,2.130728118121624
carbon1,2362,16,1.8587458059191704
carbon1,2363,16,2.1162275969982147
carbon1,2364,16,1.9601898938417435
carbon1,2365,16,1.9276045858860016
carbon1,2366,16,1.7807715609669685
carbon1,2367,16,1.9522358402609825
carbon1,2368,16,1.9337064549326897
carbon1,2369,16,1.8710929900407791
carbon1,2370,16,1.751695640385151
carbon1,2371,16,1.982404574751854
carbon1,2372,16,1.7763589471578598
carbon1,2373,16,1.732095628976822
carbon1,2374,16,2.0997314751148224
carbon1,2375,16,1.8659281134605408
carbon1,2376,16,1.8086462393403053
carbon1,2377,16,2.168325550854206
carbon1,2378,16,1.7121319398283958
carbon1,2379,16,2.0278098806738853
carbon1,2380,16,1.9707968458533287
carbon1,2381,16,1.984964780509472
carbon1,2382,16,1.9118368737399578
carbon1,2383,16,1.9833248034119606
carbon1,2384,16,1.7315156236290932
carbon1,2385,16,1.9816328808665276
carbon1,2386,16,2.1642261147499084
carbon1,2387,16,1.8513118699193
carbon1,2388,16,1.8981821238994598
carbon1,2389,16,1.9360449314117432
carbon1,2390,16,1.7685449570417404
carbon1,2391,16,2.054641529917717
carbon1,2392,16,1.7601771354675293
carbon1,2393,16,1.7321086302399635
carbon1,2394,16,1.789215788245201
carbon1,2395,16,1.966980054974556
carbon1,2396,16,1.9487220421433449
carbon1,2397,16,1.7799834609031677
carbon1,2398,16,2.219665490090847
carbon1,2399,16,1.9462457820773125
carbon1,2400,16,2.070198893547058
carbon1,2401,16,1.9668302610516548
carbon1,2402,16,2.0375987216830254
carbon1,2403,16,1.8154331520199776
carbon1,2404,16,1.8949997574090958
carbon1,2405,16,1.990124560892582
carbon1,2406,16,2.1579402312636375
carbon1,2407,16,1.8303179293870926
carbon1,2408,16,2.2000588327646255
carbon1,2409,16,1.9263236969709396
carbon1,2410,16,1.7296145558357239
carbon1,2411,16,1.9638457372784615
carbon1,2412,16,2.105686206370592
carbon1,2413,16,1.8241494446992874
carbon1,2414,16,1.8653883337974548
carbon1,2415,16,2.03082861751318
carbon1,2416,16,1.8922488614916801
carbon1,2417,16,1.9050306305289268
carbon1,2418,16,1.7798747718334198
carbon1,2419,16,1.8747926875948906
carbon1,2420,16,1.9731861986219883
carbon1,2421,16,2.1161618903279305
carbon1,2422,16,1.921756587922573
carbon1,2423,16,1.7862315997481346
carbon1,2424,16,1.8863486796617508
carbon1,2425,16,2.027018316090107
carbon1,2426,16,1.9491673707962036
carbon1,2427,16,1.8872222229838371
carbon1,2428,16,1.8618445098400116
carbon1,2429,16,1.8229973837733269
carbon1,2430,16,1.8874515444040298
carbon1,2431,16,2.100093014538288
carbon1,2432,16,2.151389457285404
carbon1,2433,16,1.9943417385220528
carbon1,2434,16,1.9336464330554008
carbon1,2435,16,1.7627197429537773
carbon1,2436,16,1.9199757426977158
carbon1,2437,16,1.8970847427845001
carbon1,2438,16,1.9267860800027847
carbon1,2439,16,2.059846304357052
carbon1,2440,16,2.079086236655712
carbon1,2441,16,1.9111279249191284
carbon1,2442,16,2.157361276447773
carbon1,2443,16,1.9230481088161469
carbon1,2444,16,1.8325293138623238
carbon1,2445,16,1.7823915630578995
carbon1,2446,16,2.0599910244345665
carbon1,2447,16,1.8873967081308365
carbon1,2448,16,1.71587435901165
carbon1,2449,16,1.8537841439247131
carbon1,2450,16,1.7363316267728806
carbon1,2451,16,1.8545848354697227
carbon1,2452,16,1.9070982486009598
carbon1,2453,16,1.9757025390863419
carbon1,2454,16,1.9275048300623894
carbon1,2455,16,2.0928260013461113
carbon1,2456,16,1.9635125920176506
carbon1,2457,16,1.886177122592926
carbon1,2458,16,1.85091020911932
carbon1,2459,16,2.01993465423584
carbon1,2460,16,1.8231701403856277
carbon1,2461,16,1.960357666015625
carbon1,2462,16,2.0233607962727547
carbon1,2463,16,1.8594917207956314
carbon1,2464,16,1.9511149749159813
carbon1,2465,16,1.7225697115063667
carbon1,2466,16,1.774719975888729
carbon1,2467,16,1.812153846025467
carbon1,2468,16,1.9014436155557632
carbon1,2469,16,2.0452043935656548
carbon1,2470,16,2.0073985308408737
carbon1,2471,16,1.9935247972607613
carbon1,2472,16,1.8542921636253595
carbon1,2473,16,1.8406448168680072
carbon1,2474,16,1.945804732851684
carbon1,2475,16,1.8841325771063566
carbon1,2476,16,1.9273914508521557
carbon1,2477,16,1.886071002110839
carbon1,2478,16,1.6090195663273335
carbon1,2479,16,1.9195538619533181
carbon1,2480,16,1.7429328188300133
carbon1,2481,16,1.8803424257785082
carbon1,2482,16,1.7723409701138735
carbon1,2483,16,1.712762365117669
carbon1,2484,16,1.7962126964703202
carbon1,2485,16,1.6562378702219576
carbon1,2486,16,1.9285712596029043
carbon1,2487,16,1.8593270853161812
carbon1,2488,16,1.9932144107297063
carbon1,2489,16,1.729513455182314
carbon1,2490,16,1.668586230603978
carbon1,2491,16,1.8320132517255843
carbon1,2492,16,1.9005864679347724
carbon1,2493,16,1.964317183708772
carbon1,2494,16,1.8743868609890342
carbon1,2495,16,1.793836428085342
carbon1,2496,16,1.8511045286431909
carbon1,2497,16,1.8520735236816108
carbon1,2498,16,1.6641974481754005
carbon1,2499,16,1.830499797128141
carbon1,2500,16,1.5728038679808378
carbon1,2501,16,1.7530863899737597
carbon1,2502,16,1.7208833303302526
carbon1,2503,16,1.7568532784935087
carbon1,2504,16,1.9304465239401907
carbon1,2505,16,1.6089471760205925
carbon1,2506,16,1.7782637234777212
carbon1,2507,16,2.2464091032743454
carbon1,2508,16,2.073961878195405
carbon1,2509,16,1.985055498080328
carbon1,2510,16,1.7680641962215304
carbon1,2511,16,2.006287381052971
carbon1,2512,16,1.8100828221067786
carbon1,2513,16,1.5894650425761938
carbon1,2514,16,1.8355983793735504
carbon1,2515,16,1.8583649257197976
carbon1,2516,16,1.937724739429541
carbon1,2517,16,1.7365038476418704
carbon1,2518,16,1.7559310094220564
carbon1,2519,16,1.7422611897345632
carbon1,2520,16,1.9039318738505244
carbon1,2521,16,1.9564953052904457
carbon1,2522,16,1.7552726161666214
carbon1,2523,16,2.0168235453311354
carbon1,2524,16,1.5242399000562727
carbon1,2525,16,1.7094776034355164
carbon1,2526,16,1.7590044755488634
carbon1,2527,16,1.9248189572244883
carbon1,2528,16,1.8278047237545252
carbon1,2529,16,1.907185509800911
carbon1,2530,16,1.850341686513275
carbon1,2531,16,1.9078361205756664
carbon1,2532,16,1.7695028665475547
carbon1,2533,16,1.8668210189789534
carbon1,2534,16,1.807995435781777
carbon1,2535,16,1.845045419759117
carbon1,2536,16,1.7018638839945197
carbon1,2537,16,1.7860113671049476
carbon1,2538,16,1.8381607377668843
carbon1,2539,16,1.8709309995174408
carbon1,2540,16,1.9315511446911842
carbon1,2541,16,1.7922957222908735
carbon1,2542,16,1.6747014420107007
carbon1,2543,16,1.9562415237305686
carbon1,2544,16,1.9509547533234581
carbon1,2545,16,1.6588177543599159
carbon1,2546,16,1.834016942884773
carbon1,2547,16,1.9965240843594074
carbon1,2548,16,1.6078428346663713
carbon1,2549,16,1.845579338958487
carbon1,2550,16,1.847318084386643
carbon1,2551,16,1.6629632858093828
carbon1,2552,16,2.283986859023571
carbon1,2553,16,2.3978666588664055
carbon1,2554,16,2.0893744975328445
carbon1,2555,16,1.7954171691089869
carbon1,2556,16,1.7727915048599243
carbon1,2557,16,1.8335386663675308
carbon1,2558,16,1.8618816491216421
carbon1,2559,16,1.884364627301693
carbon1,2560,16,2.0039908960461617
carbon1,2561,16,1.917519822716713
carbon1,2562,16,1.9617289043962955
carbon1,2563,16,1.7491354532539845
carbon1,2564,16,1.8047897443175316
carbon1,2565,16,1.7699210867285728
carbon1,2566,16,1.9069565832614899
carbon1,2567,16,1.8009200934320688
carbon1,2568,16,1.9892469085752964
carbon1,2569,16,1.807005487382412
carbon1,2570,16,1.5973928645253181
carbon1,2571,16,1.9239389821887016
carbon1,2572,16,1.6397343948483467
carbon1,2573,16,1.8758829534053802
carbon1,2574,16,1.8029819205403328
carbon1,2575,16,1.7865368574857712
carbon1,2576,16,1.9081357941031456
carbon1,2577,16,1.9363892264664173
carbon1,2578,16,1.8845990300178528
carbon1,2579,16,1.898906771093607
carbon1,2580,16,1.8502507247030735
carbon1,2581,16,1.870811529806815
carbon1,2582,16,1.7972821854054928
carbon1,2583,16,2.094618149101734
carbon1,2584,16,1.871057465672493
carbon1,2585,16,2.054976239800453
carbon1,2586,16,1.9284971877932549
carbon1,2587,16,1.96793781965971
carbon1,2588,16,1.604539904743433
carbon1,2589,16,2.054085925221443
carbon1,2590,16,1.713766472414136
carbon1,2591,16,1.9236207157373428
carbon1,2592,16,1.6885971128940582
carbon1,2593,16,1.659283820539713
carbon1,2594,16,1.722200583666563
carbon1,2595,16,1.9586204513907433
carbon1,2596,16,1.775092326104641
carbon1,2597,16,2.0407732874155045
carbon1,2598,16,1.6228375807404518
carbon1,2599,16,1.7912886813282967
carbon1,2600,16,1.9680943563580513
carbon1,2601,16,1.9111613109707832
carbon1,2602,16,1.9349959529936314
carbon1,2603,16,1.6735941469669342
carbon1,2604,16,1.8569226413965225
carbon1,2605,16,1.7443745397031307
carbon1,2606,16,1.8227073922753334
carbon1,2607,16,2.0285158529877663
carbon1,2608,16,2.026437371969223
carbon1,2609,16,1.8686977550387383
carbon1,2610,16,1.8875173181295395
carbon1,2611,16,1.8930861502885818
carbon1,2612,16,1.7428627125918865
carbon1,2613,16,2.005262792110443
carbon1,2614,16,2.1677354872226715
carbon1,2615,16,1.9069640785455704
carbon1,2616,16,1.4973422847688198
carbon1,2617,16,1.8126612920314074
carbon1,2618,16,1.7939488887786865
carbon1,2619,16,1.7905791476368904
carbon1,2620,16,2.1098716035485268
carbon1,2621,16,1.9398223161697388
carbon1,2622,16,1.7785108238458633
carbon1,2623,16,1.7818936109542847
carbon1,2624,16,1.9175763204693794
carbon1,2625,16,2.01539196819067
carbon1,2626,16,2.026027724146843
carbon1,2627,16,1.8949492275714874
carbon1,2628,16,2.0551616325974464
carbon1,2629,16,1.8175351321697235
carbon1,2630,16,2.0099064335227013
carbon1,2631,16,1.9325639754533768
carbon1,2632,16,1.8865014165639877
carbon1,2633,16,2.0878041461110115
carbon1,2634,16,1.8179629780352116
carbon1,2635,16,1.9493956714868546
carbon1,2636,16,1.9806320890784264
carbon1,2637,16,1.8857964500784874
carbon1,2638,16,2.0087207704782486
carbon1,2639,16,1.6448937505483627
carbon1,2640,16,2.218901477754116
carbon1,2641,16,1.9530098661780357
carbon1,2642,16,1.8450770266354084
carbon1,2643,16,1.8639501109719276
carbon1,2644,16,2.08014477789402
carbon1,2645,16,1.9829712063074112
carbon1,2646,16,1.888773187994957
carbon1,2647,16,1.9684249497950077
carbon1,2648,16,1.808140642940998
carbon1,2649,16,2.1207184717059135
carbon1,2650,16,2.056984521448612
carbon1,2651,16,2.142274521291256
carbon1,2652,16,1.9120224714279175
carbon1,2653,16,1.87293591350317
carbon1,2654,16,1.6544031724333763
carbon1,2655,16,2.002001866698265
carbon1,2656,16,1.8974073603749275
carbon1,2657,16,2.1550537049770355
carbon1,2658,16,1.8975218571722507
carbon1,2659,16,1.8240599259734154
carbon1,2660,16,1.8485069572925568
carbon1,2661,16,1.926756463944912
carbon1,2662,16,2.118140757083893
carbon1,2663,16,1.7357249706983566
carbon1,2664,16,1.797078788280487
carbon1,2665,16,1.7038630321621895
carbon1,2666,16,2.0942715257406235
carbon1,2667,16,1.793051227927208
carbon1,2668,16,1.8584762588143349
carbon1,2669,16,2.0412431582808495
carbon1,2670,16,1.9052234217524529
carbon1,2671,16,1.908651553094387
carbon1,2672,16,2.0576558336615562
carbon1,2673,16,1.7693024724721909
carbon1,2674,16,1.7661080807447433
carbon1,2675,16,2.0082773119211197
carbon1,2676,16,1.9513158611953259
carbon1,2677,16,1.723817765712738
carbon1,2678,16,1.8299341648817062
carbon1,2679,16,1.9244975745677948
carbon1,2680,16,1.7957788556814194
carbon1,2681,16,1.91690231859684
carbon1,2682,16,1.9356889240443707
carbon1,2683,16,2.011476553976536
carbon1,2684,16,2.0758795738220215
carbon1,2685,16,1.9888992309570312
carbon1,2686,16,1.7262517474591732
carbon1,2687,16,2.2799501791596413
carbon1,2688,16,1.5995206385850906
carbon1,2689,16,2.0059997215867043
carbon1,2690,16,2.2222097367048264
carbon1,2691,16,1.8920911848545074
carbon1,2692,16,2.1982725858688354
carbon1,2693,16,1.9618276581168175
carbon1,2694,16,1.8770355209708214
carbon1,2695,16,2.0629853531718254
carbon1,2696,16,2.025027923285961
carbon1,2697,16,1.8977327719330788
carbon1,2698,16,1.9217618703842163
carbon1,2699,16,1.896455965936184
carbon1,2700,16,1.7585222870111465
carbon1,2701,16,1.8211524412035942
carbon1,2702,16,1.8687977101653814
carbon1,2703,16,1.7761744782328606
carbon1,2704,16,2.001434128731489
carbon1,2705,16,1.692998468875885
carbon1,2706,16,1.8601476177573204
carbon1,2707,16,1.8411865383386612
carbon1,2708,16,1.9115453138947487
carbon1,2709,16,1.8910573348402977
carbon1,2710,16,2.1853249073028564
carbon1,2711,16,1.8214659094810486
carbon1,2712,16,1.8432358168065548
carbon1,2713,16,2.0014583840966225
carbon1,2714,16,1.6714088842272758
carbon1,2715,16,1.7885900810360909
carbon1,2716,16,1.8139795139431953
carbon1,2717,16,1.991513043642044
carbon1,2718,16,1.9065912440419197
carbon1,2719,16,1.766340784728527
carbon1,2720,16,2.166431948542595
carbon1,2721,16,1.9103696644306183
carbon1,2722,16,1.9871856421232224
carbon1,2723,16,1.922249786555767
carbon1,2724,16,1.883249282836914
carbon1,2725,16,1.9212362170219421
carbon1,2726,16,2.105884589254856
carbon1,2727,16,1.783300094306469
carbon1,2728,16,1.831208474934101
carbon1,2729,16,1.9049934893846512
carbon1,2730,16,1.9412706568837166
carbon1,2731,16,2.1337026730179787
carbon1,2732,16,2.0300070866942406
carbon1,2733,16,2.0832542032003403
carbon1,2734,16,1.884014517068863
carbon1,2735,16,2.1839589029550552
carbon1,2736,16,1.7505178060382605
carbon1,2737,16,2.0034231059253216
carbon1,2738,16,2.0982929468154907
carbon1,2739,16,1.7834748774766922
carbon1,2740,16,1.878489438444376
carbon1,2741,16,1.9920614659786224
carbon1,2742,16,1.8592918831855059
carbon1,2743,16,1.7840673252940178
carbon1,2744,16,2.127543717622757
carbon1,2745,16,2.288352847099304
carbon1,2746,16,1.9372492507100105
carbon1,2747,16,1.9112498834729195
carbon1,2748,16,1.829328266903758
carbon1,2749,16,1.9583221450448036
carbon1,2750,16,1.866410255432129
carbon1,2751,16,1.8188521917909384
carbon1,2752,16,2.043661966919899
carbon1,2753,16,1.8592959195375443
carbon1,2754,16,1.5996091440320015
carbon1,2755,16,1.7169326916337013
carbon1,2756,16,1.9511890327557921
carbon1,2757,16,1.7204308416694403
carbon1,2758,16,1.8479409292340279
carbon1,2759,16,1.9401151910424232
carbon1,2760,16,1.9624195024371147
carbon1,2761,16,1.6291348598897457
carbon1,2762,16,1.7736716158688068
carbon1,2763,16,1.7108032330870628
carbon1,2764,16,2.136374868452549
carbon1,2765,16,1.9284134656190872
carbon1,2766,16,1.834553062915802
carbon1,2767,16,1.7563810795545578
carbon1,2768,16,1.8300789156928658
carbon1,2769,16,1.7047207280993462
carbon1,2770,16,2.0734670609235764
carbon1,2771,16,1.969583421945572
carbon1,2772,16,1.9673650935292244
carbon1,2773,16,1.8590011522173882
carbon1,2774,16,1.9854065477848053
carbon1,2775,16,1.8648126870393753
carbon1,2776,16,1.8805039077997208
carbon1,2777,16,2.0191305056214333
carbon1,2778,16,1.62245535524562
carbon1,2779,16,2.005149684846401
carbon1,2780,16,1.743040256202221
carbon1,2781,16,1.6914635300636292
carbon1,2782,16,2.199791133403778
carbon1,2783,16,2.02294310182333
carbon1,2784,16,1.9642676785588264
carbon1,2785,16,2.121853455901146
carbon1,2786,16,1.727001678198576
carbon1,2787,16,1.861894516274333
carbon1,2788,16,1.6845720298588276
carbon1,2789,16,1.974755272269249
carbon1,2790,16,1.7647496536374092
carbon1,2791,16,1.85724625736475
carbon1,2792,16,1.965208888053894
carbon1,2793,16,2.14231176674366
carbon1,2794,16,2.0206089168787003
carbon1,2795,16,1.703479740768671
carbon1,2796,16,1.8307351225521415
carbon1,2797,16,2.00003864208702
carbon1,2798,16,1.8362079001963139
carbon1,2799,16,2.052111953496933
carbon1,2800,16,1.9994307979941368
carbon1,2801,16,1.952709622681141
carbon1,2802,16,2.131265439093113
carbon1,2803,16,2.0124379321932793
carbon1,2804,16,1.6970942951738834
carbon1,2805,16,1.9053261950612068
carbon1,2806,16,1.9246837422251701
carbon1,2807,16,1.7690696120262146
carbon1,2808,16,2.160381816327572
carbon1,2809,16,2.140546575188637
carbon1,2810,16,1.7457907646894455
carbon1,2811,16,1.7992441123351455
carbon1,2812,16,2.0892251059412956
carbon1,2813,16,2.047605387866497
carbon1,2814,16,1.6223609149456024
carbon1,2815,16,1.9504665210843086
carbon1,2816,16,1.857886165380478
carbon1,2817,16,1.8035559952259064
carbon1,2818,16,1.665183387696743
carbon1,2819,16,2.0824538990855217
carbon1,2820,16,1.7882802858948708
carbon1,2821,16,2.0752626582980156
carbon1,2822,16,1.8680119812488556
carbon1,2823,16,1.9045213907957077
carbon1,2824,16,1.9253359735012054
carbon1,2825,16,2.062120422720909
carbon1,2826,16,1.7651798836886883
carbon1,2827,16,1.8709645569324493
carbon1,2828,16,1.8730261698365211
carbon1,2829,16,1.8645474798977375
carbon1,2830,16,1.6223439872264862
carbon1,2831,16,1.9610421732068062
carbon1,2832,16,1.7703518625348806
carbon1,2833,16,1.772206261754036
carbon1,2834,16,1.9946061670780182
carbon1,2835,16,2.047203280031681
carbon1,2836,16,2.1188099905848503
carbon1,2837,16,1.764542005956173
carbon1,2838,16,1.716956386808306
carbon1,2839,16,1.7739605084061623
carbon1,2840,16,1.8999769613146782
carbon1,2841,16,1.9906951487064362
carbon1,2842,16,1.8901065662503242
carbon1,2843,16,1.8234015181660652
carbon1,2844,16,1.617038581520319
carbon1,2845,16,1.8169845044612885
carbon1,2846,16,1.9548971876502037
carbon1,2847,16,2.001719666644931
carbon1,2848,16,1.6777736768126488
carbon1,2849,16,1.9803416207432747
carbon1,2850,16,1.6480002962052822
carbon1,2851,16,2.125409312546253
carbon1,2852,16,1.861055862158537
carbon1,2853,16,1.8341710418462753
carbon1,2854,16,1.9191392436623573
carbon1,2855,16,1.7837591916322708
carbon1,2856,16,1.808882236480713
carbon1,2857,16,2.110436536371708
carbon1,2858,16,1.8303973600268364
carbon1,2859,16,1.7425726167857647
carbon1,2860,16,1.8819274753332138
carbon1,2861,16,1.8279349729418755
carbon1,2862,16,2.061938129365444
carbon1,2863,16,2.1681495010852814
carbon1,2864,16,1.7587321102619171
carbon1,2865,16,1.7789103612303734
carbon1,2866,16,1.8918200582265854
carbon1,2867,16,1.8543867096304893
carbon1,2868,16,1.7365485355257988
carbon1,2869,16,1.8886342458426952
carbon1,2870,16,1.9941283240914345
carbon1,2871,16,2.02436114102602
carbon1,2872,16,1.8901435360312462
carbon1,2873,16,1.8287388309836388
carbon1,2874,16,1.9230411686003208
carbon1,2875,16,1.91402817517519
carbon1,2876,16,2.0649637579917908
carbon1,2877,16,1.732538141310215
carbon1,2878,16,1.8354509957134724
carbon1,2879,16,2.177027612924576
carbon1,2880,16,1.8499152469448745
carbon1,2881,16,1.9242501761764288
carbon1,2882,16,1.933070570230484
carbon1,2883,16,1.874231904745102
carbon1,2884,16,1.9336316660046577
carbon1,2885,16,1.7746113538742065
carbon1,2886,16,1.978062130510807
carbon1,2887,16,1.6768816411495209
carbon1,2888,16,2.0988205149769783
carbon1,2889,16,1.8682023473083973
carbon1,2890,16,2.0396152660250664
carbon1,2891,16,1.8556498363614082
carbon1,2892,16,2.0227644741535187
carbon1,2893,16,1.7911925911903381
carbon1,2894,16,1.9167423769831657
carbon1,2895,16,1.8388329595327377
carbon1,2896,16,1.7326903566718102
carbon1,2897,16,1.9401012510061264
carbon1,2898,16,1.4945505391806364
carbon1,2899,16,1.7136453818529844
carbon1,2900,16,1.8944160975515842
carbon1,2901,16,1.859103824943304
carbon1,2902,16,1.8461655527353287
carbon1,2903,16,1.8063091710209846
carbon1,2904,16,1.6559487283229828
carbon1,2905,16,1.772747777402401
carbon1,2906,16,1.857265330851078
carbon1,2907,16,1.5947716725058854
carbon1,2908,16,2.0619551613926888
carbon1,2909,16,1.7861504778265953
carbon1,2910,16,1.893276596441865
carbon1,2911,16,1.9881696943193674
carbon1,2912,16,1.8643752187490463
carbon1,2913,16,2.1578123196959496
carbon1,2914,16,1.997402224689722
carbon1,2915,16,1.897908978164196
carbon1,2916,16,1.812694358639419
carbon1,2917,16,1.9588028863072395
carbon1,2918,16,1.7279282063245773
carbon1,2919,16,1.9589588791131973
carbon1,2920,16,2.046212248504162
carbon1,2921,16,1.910610392689705
carbon1,2922,16,1.864154938608408
carbon1,2923,16,1.7294722311198711
carbon1,2924,16,1.807739831507206
carbon1,2925,16,1.6925180964171886
carbon1,2926,16,1.9406301230192184
carbon1,2927,16,2.0062045976519585
carbon1,2928,16,2.0598762556910515
carbon1,2929,16,1.9286277666687965
carbon1,2930,16,1.8491074964404106
carbon1,2931,16,1.9142581559717655
carbon1,2932,16,1.8997244220227003
carbon1,2933,16,1.9072996899485588
carbon1,2934,16,1.7920049019157887
carbon1,2935,16,1.7052387353032827
carbon1,2936,16,1.7957713268697262
carbon1,2937,16,1.7652464546263218
carbon1,2938,16,1.8859397992491722
carbon1,2939,16,2.1148588210344315
carbon1,2940,16,1.998394038528204
carbon1,2941,16,2.155357800424099
carbon1,2942,16,1.8939865753054619
carbon1,2943,16,2.1250691413879395
carbon1,2944,16,1.80070043168962
carbon1,2945,16,1.8256830275058746
carbon1,2946,16,1.582226064230781
carbon1,2947,16,1.964306779205799
carbon1,2948,16,1.7809138484299183
carbon1,2949,16,1.9125187918543816
carbon1,2950,16,1.9730870425701141
carbon1,2951,16,1.966451346874237
carbon1,2952,16,1.8703244589269161
carbon1,2953,16,1.6132925264537334
carbon1,2954,16,2.1560294777154922
carbon1,2955,16,1.5813547987490892
carbon1,2956,16,1.9266268610954285
carbon1,2957,16,1.7527658343315125
carbon1,2958,16,2.060805857181549
carbon1,2959,16,1.7533039972186089
carbon1,2960,16,1.9711980447173119
carbon1,2961,16,1.8847781494259834
carbon1,2962,16,2.1783234030008316
carbon1,2963,16,1.6650795489549637
carbon1,2964,16,1.6315956469625235
carbon1,2965,16,1.895499873906374
carbon1,2966,16,1.7479346320033073
carbon1,2967,16,1.8290725089609623
carbon1,2968,16,1.8502509966492653
carbon1,2969,16,2.1841278597712517
carbon1,2970,16,1.627572599798441
carbon1,2971,16,1.7429288998246193
carbon1,2972,16,1.961460880935192
carbon1,2973,16,2.003235222771764
carbon1,2974,16,1.869797669351101
carbon1,2975,16,1.9806179106235504
carbon1,2976,16,1.7901473008096218
carbon1,2977,16,1.9690925180912018
carbon1,2978,16,1.9584250524640083
carbon1,2979,16,1.7587056010961533
carbon1,2980,16,1.826600581407547
carbon1,2981,16,2.091529905796051
carbon1,2982,16,1.6082053508143872
carbon1,2983,16,1.7952611595392227
carbon1,2984,16,1.8347576558589935
carbon1,2985,16,1.7339943125844002
carbon1,2986,16,2.2188277915120125
carbon1,2987,16,1.7204285338521004
carbon1,2988,16,1.7368145287036896
carbon1,2989,16,2.0016501620411873
carbon1,2990,16,1.744134895503521
carbon1,2991,16,1.760514859110117
carbon1,2992,16,1.9961684569716454
carbon1,2993,16,1.984191007912159
carbon1,2994,16,1.6365326158702374
carbon1,2995,16,2.239573687314987
carbon1,2996,16,1.50969373062253
carbon1,2997,16,1.82602206338197
carbon1,2998,16,1.69467961974442
carbon1,2999,16,1.8009617775678635
carbon1,3000,16,1.7126563917845488
carbon1,3001,16,1.8306707069277763
carbon1,3002,16,2.0717971697449684
carbon1,3003,16,1.8310207799077034
carbon1,3004,16,1.7632021605968475
carbon1,3005,16,1.805005855858326
carbon1,3006,16,1.8301166668534279
carbon1,3007,16,1.6022801399230957
carbon1,3008,16,1.694233424961567
carbon1,3009,16,1.624138966202736
carbon1,3010,16,1.8341463804244995
carbon1,3011,16,2.0539035871624947
carbon1,3012,16,1.9284427056554705
carbon1,3013,16,1.8363826554268599
carbon1,3014,16,2.070494368672371
carbon1,3015,16,2.0704517662525177
carbon1,3016,16,1.807518556714058
carbon1,3017,16,1.9615435972809792
carbon1,3018,16,1.9062049016356468
carbon1,3019,16,2.020766869187355
carbon1,3020,16,1.8453938886523247
carbon1,3021,16,1.7100910618901253
carbon1,3022,16,1.9418260231614113
carbon1,3023,16,1.9327329844236374
carbon1,3024,16,1.6443064734339714
carbon1,3025,16,1.7585435584187508
carbon1,3026,16,1.7531913742423058
carbon1,3027,16,1.6960426792502403
carbon1,3028,16,2.1376738846302032
carbon1,3029,16,1.97445946931839
carbon1,3030,16,1.7271834090352058
carbon1,3031,16,1.948601372539997
carbon1,3032,16,1.9500036463141441
carbon1,3033,16,1.8462978564202785
carbon1,3034,16,1.6299412548542023
carbon1,3035,16,1.9805968329310417
carbon1,3036,16,1.7667367532849312
carbon1,3037,16,2.237661547958851
carbon1,3038,16,2.1071168705821037
carbon1,3039,16,2.0052816793322563
carbon1,3040,16,1.9738893136382103
carbon1,3041,16,1.8332242965698242
carbon1,3042,16,1.9181754440069199
carbon1,3043,16,1.9141784608364105
carbon1,3044,16,1.7134066596627235
carbon1,3045,16,2.0420247837901115
carbon1,3046,16,1.919374741613865
carbon1,3047,16,1.8722419068217278
carbon1,3048,16,2.0673995688557625
carbon1,3049,16,1.9306787624955177
carbon1,3050,16,2.004508428275585
carbon1,3051,16,1.7432214841246605
carbon1,3052,16,1.828530177474022
carbon1,3053,16,2.0199711993336678
carbon1,3054,16,1.6140853352844715
carbon1,3055,16,1.8736412152647972
carbon1,3056,16,1.9969645738601685
carbon1,3057,16,1.8937195092439651
carbon1,3058,16,1.7533994615077972
carbon1,3059,16,1.8752000257372856
carbon1,3060,16,1.6034500636160374
carbon1,3061,16,1.7523429915308952
carbon1,3062,16,2.0813466012477875
carbon1,3063,16,1.9411809518933296
carbon1,3064,16,1.932925172150135
carbon1,3065,16,1.8571948632597923
carbon1,3066,16,1.804437518119812
carbon1,3067,16,1.6558108776807785
carbon1,3068,16,2.051956854760647
carbon1,3069,16,1.7915598526597023
carbon1,3070,16,1.8398369327187538
carbon1,3071,16,1.7890643253922462
