model,model_window_position,base_count,mean_bpb
megabyte1,0,16,1.9926857145636907
megabyte1,1,16,1.9539055748930783
megabyte1,2,16,1.8923059657528287
megabyte1,3,16,1.9417295347818824
megabyte1,4,16,1.8993278534239946
megabyte1,5,16,1.9690812509722675
megabyte1,6,16,2.03961704437473
megabyte1,7,16,1.8621602171392424
megabyte1,8,16,1.9944673782400006
megabyte1,9,16,2.173192414184195
megabyte1,10,16,2.0626649078829002
megabyte1,11,16,1.9726242478134781
megabyte1,12,16,1.9158936348450177
megabyte1,13,16,2.021200629703256
megabyte1,14,16,1.9886260769233886
megabyte1,15,16,2.14457298800716
megabyte1,16,16,1.9236658058192924
megabyte1,17,16,2.0059988181703536
megabyte1,18,16,1.7881429718476687
megabyte1,19,16,2.115667904466683
megabyte1,20,16,1.810644201230954
megabyte1,21,16,2.063777289016337
megabyte1,22,16,1.8766209365736441
megabyte1,23,16,1.8872671782117283
megabyte1,24,16,2.1172965868374836
megabyte1,25,16,1.8205295626987061
megabyte1,26,16,1.90135070358563
megabyte1,27,16,1.9349585092019665
megabyte1,28,16,2.1092391876264562
megabyte1,29,16,2.21842738763682
megabyte1,30,16,1.9589778546641976
megabyte1,31,16,2.0586034116584786
megabyte1,32,16,2.022392773858761
megabyte1,33,16,1.7593138266130988
megabyte1,34,16,2.107114673251505
megabyte1,35,16,1.7692729748470502
megabyte1,36,16,1.8630715887049643
megabyte1,37,16,1.9448864715836156
megabyte1,38,16,1.8774951276178724
megabyte1,39,16,2.135917657800714
megabyte1,40,16,1.9107946110898673
megabyte1,41,16,1.8058700478397562
megabyte1,42,16,2.0949510648187033
megabyte1,43,16,1.9931969854555343
megabyte1,44,16,1.989013026887014
megabyte1,45,16,1.9976215736620282
megabyte1,46,16,2.0564049786818472
megabyte1,47,16,1.9837816148378962
megabyte1,48,16,1.9492124564546311
megabyte1,49,16,2.0164375374914933
megabyte1,50,16,1.8098278565038364
megabyte1,51,16,2.0884781209657173
megabyte1,52,16,2.3337496978534435
megabyte1,53,16,1.804748019820873
megabyte1,54,16,1.9295420326869694
megabyte1,55,16,2.033798339841675
megabyte1,56,16,1.9572046562936976
megabyte1,57,16,1.821229930064161
megabyte1,58,16,2.00504049234973
megabyte1,59,16,1.9218415550411612
megabyte1,60,16,1.826259590489557
megabyte1,61,16,2.0398027258875775
megabyte1,62,16,2.0902272595382487
megabyte1,63,16,1.709258011020159
megabyte1,64,16,1.8709164502893743
megabyte1,65,16,1.87766289546407
megabyte1,66,16,1.859894007607753
megabyte1,67,16,1.9628899691605832
megabyte1,68,16,1.851937328890528
megabyte1,69,16,1.7549609102183898
megabyte1,70,16,1.9233698231864298
megabyte1,71,16,2.064181504717946
megabyte1,72,16,1.7567507992825337
megabyte1,73,16,2.040656334588755
megabyte1,74,16,2.065784896773943
megabyte1,75,16,1.8776627467036733
megabyte1,76,16,1.7401955213130385
megabyte1,77,16,2.054695233431789
megabyte1,78,16,1.8889006228280087
megabyte1,79,16,1.9650341270811977
megabyte1,80,16,1.8835277026509827
megabyte1,81,16,1.5747252804458265
megabyte1,82,16,1.8642920894808468
megabyte1,83,16,1.7191617929975902
megabyte1,84,16,2.005845045837677
megabyte1,85,16,2.02587609296022
megabyte1,86,16,1.9779204284273397
megabyte1,87,16,2.016562596138457
megabyte1,88,16,1.952182549481071
megabyte1,89,16,2.001017718041145
megabyte1,90,16,2.1766955331330635
megabyte1,91,16,1.9738580497216816
megabyte1,92,16,1.904570089609843
megabyte1,93,16,1.9762897580199472
megabyte1,94,16,1.8996857805575291
megabyte1,95,16,1.699861660670407
megabyte1,96,16,1.84811337587958
megabyte1,97,16,1.9465869691221698
megabyte1,98,16,2.007258614446213
megabyte1,99,16,1.8432521318472028
megabyte1,100,16,2.2025948462196574
megabyte1,101,16,2.079397804684775
megabyte1,102,16,1.9902499194876175
megabyte1,103,16,1.9774389023303511
megabyte1,104,16,2.1129800983405427
megabyte1,105,16,1.9450952382368223
megabyte1,106,16,1.8152666498064116
megabyte1,107,16,2.0904621223001714
megabyte1,108,16,2.2356298100242835
megabyte1,109,16,2.1237569763463275
megabyte1,110,16,2.044878735743398
megabyte1,111,16,2.098758333245937
megabyte1,112,16,1.9799564347476561
megabyte1,113,16,1.7105866184960545
megabyte1,114,16,1.6795203526463114
megabyte1,115,16,1.9303755466182655
megabyte1,116,16,1.9300657353591975
megabyte1,117,16,1.8142751463754905
megabyte1,118,16,2.118635060331531
megabyte1,119,16,1.9616111107902783
megabyte1,120,16,1.6914517067465562
megabyte1,121,16,1.9269494461129886
megabyte1,122,16,1.8500548959475374
megabyte1,123,16,1.7457631630541157
megabyte1,124,16,2.1357085975679984
megabyte1,125,16,2.016929499051759
megabyte1,126,16,2.0927067648200377
megabyte1,127,16,1.9315711772624413
megabyte1,128,16,1.9066028930736967
megabyte1,129,16,1.926720187214412
megabyte1,130,16,2.3179160855749847
megabyte1,131,16,2.0682968703551246
megabyte1,132,16,1.874813071138392
megabyte1,133,16,2.2158039466490167
megabyte1,134,16,2.1798240601783334
megabyte1,135,16,1.9006928198519955
megabyte1,136,16,2.0943560721191763
megabyte1,137,16,2.03002670489723
megabyte1,138,16,1.909477712396325
megabyte1,139,16,2.140107353246453
megabyte1,140,16,2.045043177311845
megabyte1,141,16,2.003090863287553
megabyte1,142,16,1.8588282381781192
megabyte1,143,16,1.8645930771672135
megabyte1,144,16,2.1307395586226723
megabyte1,145,16,1.9509257468228305
megabyte1,146,16,2.1921535119047166
megabyte1,147,16,1.8570768000909106
megabyte1,148,16,1.9350327450419644
megabyte1,149,16,2.0386642278568403
megabyte1,150,16,1.764825461171223
megabyte1,151,16,1.7810045704475659
megabyte1,152,16,2.1196564655591525
megabyte1,153,16,1.7645141340100254
megabyte1,154,16,2.08421177734921
megabyte1,155,16,1.9600139733185356
megabyte1,156,16,1.9661424970158583
megabyte1,157,16,1.7516166864493004
megabyte1,158,16,1.780546015015983
megabyte1,159,16,1.6792830462456025
megabyte1,160,16,2.0532884453190663
megabyte1,161,16,2.2745685954094745
megabyte1,162,16,2.1273265233552956
megabyte1,163,16,2.1081177098501658
megabyte1,164,16,1.9332689660190063
megabyte1,165,16,1.9009156025743061
megabyte1,166,16,2.0997427877748875
megabyte1,167,16,1.9432974290454073
megabyte1,168,16,2.094427380288392
megabyte1,169,16,1.9462531065058686
megabyte1,170,16,2.093416285767679
megabyte1,171,16,1.867577069053601
megabyte1,172,16,1.9806035076705262
megabyte1,173,16,2.0124907009415236
megabyte1,174,16,1.7350146514904348
megabyte1,175,16,2.051359860547375
megabyte1,176,16,2.1346411755117187
megabyte1,177,16,1.9669036494747518
megabyte1,178,16,1.768574361132976
megabyte1,179,16,1.939557963762936
megabyte1,180,16,1.9836489787695988
megabyte1,181,16,2.0653607290997305
megabyte1,182,16,1.8528548576667676
megabyte1,183,16,1.7356327484130527
megabyte1,184,16,1.7469501922965314
megabyte1,185,16,1.9064907246125469
megabyte1,186,16,2.1360791334754774
megabyte1,187,16,2.057471415849754
megabyte1,188,16,2.000306942516058
megabyte1,189,16,2.056250286073987
megabyte1,190,16,1.9260172145366328
megabyte1,191,16,1.976341002837304
megabyte1,192,16,2.2065704279881775
megabyte1,193,16,1.9366080664612775
megabyte1,194,16,2.192289415725687
megabyte1,195,16,1.9407319162231125
megabyte1,196,16,1.8461256326108682
megabyte1,197,16,2.106449306813588
megabyte1,198,16,1.953676613796538
megabyte1,199,16,1.9655745751568445
megabyte1,200,16,1.943972929248698
megabyte1,201,16,1.8555411487759141
megabyte1,202,16,2.0563321495126825
megabyte1,203,16,2.0149218921954044
megabyte1,204,16,2.0198621919162583
megabyte1,205,16,2.092034736635204
megabyte1,206,16,1.741560374050042
megabyte1,207,16,2.085195733235773
megabyte1,208,16,2.291781190916406
megabyte1,209,16,2.1923618438434453
megabyte1,210,16,1.9792273539914575
megabyte1,211,16,2.0261228372843645
megabyte1,212,16,1.6647201486885586
megabyte1,213,16,1.938803657685822
megabyte1,214,16,1.9279925959898219
megabyte1,215,16,2.0411836174034397
megabyte1,216,16,1.7394106306430563
megabyte1,217,16,1.9227341933429019
megabyte1,218,16,1.7752949831559457
megabyte1,219,16,1.8673561231925753
megabyte1,220,16,1.9524506086035252
megabyte1,221,16,2.00952923367657
megabyte1,222,16,1.720566556975079
megabyte1,223,16,1.8829670408039556
megabyte1,224,16,1.9715126959585436
megabyte1,225,16,1.8061051967491513
megabyte1,226,16,1.9641461160503029
megabyte1,227,16,1.598790304200771
megabyte1,228,16,1.9806415544272578
megabyte1,229,16,2.000669519800223
megabyte1,230,16,2.0424274460399734
megabyte1,231,16,1.857134337868356
megabyte1,232,16,1.9807989019679442
megabyte1,233,16,1.6591170200867325
megabyte1,234,16,1.9654050894108948
megabyte1,235,16,1.8994565916069914
megabyte1,236,16,1.7806969181255958
megabyte1,237,16,1.995681878670979
megabyte1,238,16,2.0606797785513375
megabyte1,239,16,1.9532355672303303
megabyte1,240,16,1.8144067518015903
megabyte1,241,16,1.682381488506637
megabyte1,242,16,1.8438967329536002
megabyte1,243,16,1.9921102364039758
megabyte1,244,16,1.9611476465060353
megabyte1,245,16,1.97830271035623
megabyte1,246,16,2.042890293565424
megabyte1,247,16,2.0099903862592785
megabyte1,248,16,2.0517743706996963
megabyte1,249,16,2.0139387315929604
megabyte1,250,16,1.9139635811240392
megabyte1,251,16,1.7849413540944856
megabyte1,252,16,1.7952008967327093
megabyte1,253,16,1.9088385936429029
megabyte1,254,16,1.914703964356493
megabyte1,255,16,2.0869621454601015
megabyte1,256,16,2.002973214354306
megabyte1,257,16,2.260003359363749
megabyte1,258,16,1.810994172264958
megabyte1,259,16,1.883922825614416
megabyte1,260,16,1.9160440396978822
megabyte1,261,16,1.8364986054321935
megabyte1,262,16,1.6698437380393323
megabyte1,263,16,1.8087751758588348
megabyte1,264,16,1.6617255620168137
megabyte1,265,16,1.8417056214066103
megabyte1,266,16,1.7986171300372622
megabyte1,267,16,2.0730740342457095
megabyte1,268,16,1.8457880673134452
megabyte1,269,16,1.820302107980967
megabyte1,270,16,2.099492048688665
megabyte1,271,16,1.8080472909293002
megabyte1,272,16,1.834449736060229
megabyte1,273,16,1.777970288323826
megabyte1,274,16,1.7891362762364729
megabyte1,275,16,1.6929204884034492
megabyte1,276,16,1.9221577599626192
megabyte1,277,16,1.8133890054827586
megabyte1,278,16,1.9266683215519957
megabyte1,279,16,2.1147235674731717
megabyte1,280,16,1.7675091172282222
megabyte1,281,16,2.0950690196680086
megabyte1,282,16,1.8211105047264151
megabyte1,283,16,1.8540174661077782
megabyte1,284,16,1.8120843647102007
megabyte1,285,16,1.7492793136200109
megabyte1,286,16,1.9312203171216498
megabyte1,287,16,1.9121679099765354
megabyte1,288,16,2.002459021157972
megabyte1,289,16,1.8769959222041814
megabyte1,290,16,1.9261920807908368
megabyte1,291,16,1.9729711878368161
megabyte1,292,16,2.2486049088703512
megabyte1,293,16,1.7896777671091997
megabyte1,294,16,1.8124398591709499
megabyte1,295,16,2.161302211873522
megabyte1,296,16,1.8458356886824605
megabyte1,297,16,1.8930922472915208
megabyte1,298,16,1.8335162661128488
megabyte1,299,16,2.007009743170855
megabyte1,300,16,1.7550434318950594
megabyte1,301,16,1.8730301523998487
megabyte1,302,16,1.9558873075441303
megabyte1,303,16,2.03314884784333
megabyte1,304,16,1.8694548367859483
megabyte1,305,16,1.918353539149868
megabyte1,306,16,1.833282917413068
megabyte1,307,16,1.7801943183646378
megabyte1,308,16,1.881933960038018
megabyte1,309,16,1.804604709003457
megabyte1,310,16,2.0677310577410957
megabyte1,311,16,1.7914390294047522
megabyte1,312,16,1.6547871996754917
megabyte1,313,16,1.7925452891490463
megabyte1,314,16,1.9461915780479158
megabyte1,315,16,1.884717955758366
megabyte1,316,16,1.861049787965456
megabyte1,317,16,2.1524452248415336
megabyte1,318,16,1.6818775994521815
megabyte1,319,16,2.024166020301734
megabyte1,320,16,1.9262233328190665
megabyte1,321,16,1.8230939424713453
megabyte1,322,16,1.833302485905065
megabyte1,323,16,1.7113741197891517
megabyte1,324,16,1.9813125406926673
megabyte1,325,16,1.8684418862793735
megabyte1,326,16,1.873306144867252
megabyte1,327,16,1.806832652575031
megabyte1,328,16,2.0148459449338985
megabyte1,329,16,1.8758484495428418
megabyte1,330,16,1.823809532313967
megabyte1,331,16,1.923290928877154
megabyte1,332,16,2.118030732452732
megabyte1,333,16,1.7024501283088167
megabyte1,334,16,1.8352294477327298
megabyte1,335,16,1.8479152279519484
megabyte1,336,16,1.6897863254876193
megabyte1,337,16,1.8691019216935298
megabyte1,338,16,1.8690953262444356
megabyte1,339,16,1.6131810880378752
megabyte1,340,16,2.081384327095535
megabyte1,341,16,1.8691782100270542
megabyte1,342,16,2.013644838699293
megabyte1,343,16,1.8172390849530786
megabyte1,344,16,1.8902684496193745
megabyte1,345,16,1.6589491457165955
megabyte1,346,16,1.7810989915546558
megabyte1,347,16,1.8836599352154826
megabyte1,348,16,1.6460153148073378
megabyte1,349,16,2.159327460983965
megabyte1,350,16,1.9257055131572005
megabyte1,351,16,2.0584891774423353
megabyte1,352,16,2.008579840599876
megabyte1,353,16,1.8604492819876333
megabyte1,354,16,1.9151291607017358
megabyte1,355,16,1.8199726848932296
megabyte1,356,16,1.7285220549911708
megabyte1,357,16,1.8645948305037956
megabyte1,358,16,1.6903681852977566
megabyte1,359,16,2.0644546804527435
megabyte1,360,16,2.047785990539553
megabyte1,361,16,1.7668345674006538
megabyte1,362,16,1.889614480053687
megabyte1,363,16,1.9419735553918793
megabyte1,364,16,1.7270026580326454
megabyte1,365,16,1.904483688371224
megabyte1,366,16,2.053277128746437
megabyte1,367,16,1.8147942902611724
megabyte1,368,16,1.6128964342209526
megabyte1,369,16,1.9649467656839885
megabyte1,370,16,1.8252676294472052
megabyte1,371,16,1.8201576272113509
megabyte1,372,16,1.8441424449055235
megabyte1,373,16,2.062597451277563
megabyte1,374,16,1.809307730189889
megabyte1,375,16,1.8414671454549494
megabyte1,376,16,2.096042601540204
megabyte1,377,16,1.7512161431713413
megabyte1,378,16,1.726781706068706
megabyte1,379,16,1.9827975501432031
megabyte1,380,16,1.8106994732348147
megabyte1,381,16,2.15569582342161
megabyte1,382,16,1.948621777721519
megabyte1,383,16,1.7485315469769664
megabyte1,384,16,1.7580028942143329
megabyte1,385,16,1.8657564744490254
megabyte1,386,16,2.1430415588833265
megabyte1,387,16,1.750813336043961
megabyte1,388,16,1.7899923085616936
megabyte1,389,16,2.0176137820878393
megabyte1,390,16,1.937174375310318
megabyte1,391,16,1.8119216627284103
megabyte1,392,16,1.7083677703801468
megabyte1,393,16,1.8783241333411456
megabyte1,394,16,1.9929255843858766
megabyte1,395,16,1.875142287761627
megabyte1,396,16,1.8832521564782134
megabyte1,397,16,1.7062948390982309
megabyte1,398,16,1.4747523029238476
megabyte1,399,16,1.8520932811289155
megabyte1,400,16,1.773741361987302
megabyte1,401,16,1.9488582054721784
megabyte1,402,16,2.131483456305927
megabyte1,403,16,1.6478642981026446
megabyte1,404,16,1.8838935103441907
megabyte1,405,16,1.6393465157777931
megabyte1,406,16,1.8667775919389542
megabyte1,407,16,1.822671287064418
megabyte1,408,16,1.9790130568774287
megabyte1,409,16,1.790858263580796
megabyte1,410,16,1.899247033906844
megabyte1,411,16,1.906723537225179
megabyte1,412,16,2.1464786715369812
megabyte1,413,16,1.708948711579019
megabyte1,414,16,1.6938842315207974
megabyte1,415,16,1.7710317095478265
megabyte1,416,16,1.5602080419100366
megabyte1,417,16,1.9557080597907206
megabyte1,418,16,1.7721271651895083
megabyte1,419,16,1.7186433664415524
megabyte1,420,16,1.9539393285327464
megabyte1,421,16,1.8211610999531858
megabyte1,422,16,1.5519966431378154
megabyte1,423,16,2.09748412800187
megabyte1,424,16,1.8128364436854614
megabyte1,425,16,2.0889332839770964
megabyte1,426,16,1.754148886560418
megabyte1,427,16,1.836416256511428
megabyte1,428,16,1.9937421287395112
megabyte1,429,16,2.179370024276986
megabyte1,430,16,1.848624658065654
megabyte1,431,16,1.9509986947729077
megabyte1,432,16,1.6576361214779434
megabyte1,433,16,1.8173321125700954
megabyte1,434,16,1.5581974008689974
megabyte1,435,16,1.9408151044554867
megabyte1,436,16,1.7232869082721551
megabyte1,437,16,2.0108816913508503
megabyte1,438,16,2.0351241683371826
megabyte1,439,16,1.8626036006405207
megabyte1,440,16,1.8553950600687974
megabyte1,441,16,2.0466892519111637
megabyte1,442,16,1.8105902923467856
megabyte1,443,16,1.9972676068132236
megabyte1,444,16,1.9895166425195927
megabyte1,445,16,1.7029564312349836
megabyte1,446,16,2.034873948303881
megabyte1,447,16,2.1383442080737844
megabyte1,448,16,1.8914708685461818
megabyte1,449,16,2.289380753336101
megabyte1,450,16,1.8362498878005167
megabyte1,451,16,1.9036506342284594
megabyte1,452,16,1.8738914793489474
megabyte1,453,16,1.788230019212821
megabyte1,454,16,1.7064172904649848
megabyte1,455,16,1.806906598581848
megabyte1,456,16,1.9226360276002612
megabyte1,457,16,1.825979644675398
megabyte1,458,16,1.748774753945036
megabyte1,459,16,1.6820976429719763
megabyte1,460,16,1.8062437677567103
megabyte1,461,16,1.9280849142130994
megabyte1,462,16,1.8731293663682012
megabyte1,463,16,1.7552691008073775
megabyte1,464,16,1.8492991994393981
megabyte1,465,16,1.9629126542688975
megabyte1,466,16,1.9144929687199963
megabyte1,467,16,1.5851609420779618
megabyte1,468,16,1.713765535353933
megabyte1,469,16,1.8388095780856037
megabyte1,470,16,2.058394348634667
megabyte1,471,16,2.072449420964795
megabyte1,472,16,1.8186203903807445
megabyte1,473,16,1.9336977523737746
megabyte1,474,16,1.9610815560672954
megabyte1,475,16,2.0669088426055864
megabyte1,476,16,1.8835729832062946
megabyte1,477,16,2.0432270431363655
megabyte1,478,16,1.7950381988351787
megabyte1,479,16,1.807804797680698
megabyte1,480,16,1.9739820719657015
megabyte1,481,16,1.9272462994119963
megabyte1,482,16,1.8269374628177164
megabyte1,483,16,1.987299276707044
megabyte1,484,16,1.8930180240212957
megabyte1,485,16,1.9261306293936897
megabyte1,486,16,1.6131421159063968
megabyte1,487,16,2.0221400963845078
megabyte1,488,16,1.6706805323336225
megabyte1,489,16,1.7071670830975891
megabyte1,490,16,2.0031811612285035
megabyte1,491,16,1.9443010064167927
megabyte1,492,16,1.9986608149788256
megabyte1,493,16,1.8560932328551827
megabyte1,494,16,1.7417203604865257
megabyte1,495,16,1.9989524571096673
megabyte1,496,16,1.9383227237710121
megabyte1,497,16,1.748596416446654
megabyte1,498,16,1.8013244086633593
megabyte1,499,16,1.889558938420724
megabyte1,500,16,1.8966006076177275
megabyte1,501,16,1.8968794287005355
megabyte1,502,16,1.9279259423398352
megabyte1,503,16,2.054004166746746
megabyte1,504,16,1.8389207272754875
megabyte1,505,16,1.7383780501907764
megabyte1,506,16,1.6416848083452318
megabyte1,507,16,1.7745648693068106
megabyte1,508,16,1.713866866533568
megabyte1,509,16,1.924325779158644
megabyte1,510,16,1.7743574677789473
megabyte1,511,16,1.8433761725552016
megabyte1,512,16,2.052580202674799
megabyte1,513,16,2.217044784898006
megabyte1,514,16,1.816169892907503
megabyte1,515,16,1.8150864824856672
megabyte1,516,16,1.9223711969258852
megabyte1,517,16,1.9687857257596737
megabyte1,518,16,1.869018082524084
megabyte1,519,16,1.8130185457575494
megabyte1,520,16,2.1028689251977117
megabyte1,521,16,1.935228786223617
megabyte1,522,16,2.273200914827036
megabyte1,523,16,1.7594043347980644
megabyte1,524,16,1.9260192022325398
megabyte1,525,16,1.749156435362586
megabyte1,526,16,1.8724398564007134
megabyte1,527,16,1.7641238195311901
megabyte1,528,16,2.0929743164489425
megabyte1,529,16,1.6524492015498788
megabyte1,530,16,1.6837377366870303
megabyte1,531,16,1.9788914142923082
megabyte1,532,16,1.8305981146470556
megabyte1,533,16,1.8717709095245798
megabyte1,534,16,1.7983853893883825
megabyte1,535,16,1.9696735388343711
megabyte1,536,16,1.70339806193142
megabyte1,537,16,1.8309132235399916
megabyte1,538,16,1.9812472791940756
megabyte1,539,16,1.8875481654095758
megabyte1,540,16,1.862378245035038
megabyte1,541,16,1.6636314813002973
megabyte1,542,16,1.6154441528087489
megabyte1,543,16,1.7522844254130865
megabyte1,544,16,2.0083902046563713
megabyte1,545,16,1.8498871877510128
megabyte1,546,16,1.8101549395517826
megabyte1,547,16,1.6041708149282945
megabyte1,548,16,1.9231724854843444
megabyte1,549,16,1.8335546062711066
megabyte1,550,16,1.895700530675475
megabyte1,551,16,1.489749757425533
megabyte1,552,16,1.9084275654632425
megabyte1,553,16,1.8487904853665598
megabyte1,554,16,1.7873033662315103
megabyte1,555,16,1.7658124285638972
megabyte1,556,16,1.8310880871896633
megabyte1,557,16,1.908197366442341
megabyte1,558,16,1.6499692863772133
megabyte1,559,16,1.88577171779265
megabyte1,560,16,1.9427856654817584
megabyte1,561,16,1.767674320261069
megabyte1,562,16,1.766791597798
megabyte1,563,16,2.1351042598666825
megabyte1,564,16,1.867153962398947
megabyte1,565,16,1.6778645583757095
megabyte1,566,16,1.769290069081395
megabyte1,567,16,1.7416838425056285
megabyte1,568,16,1.6916529327610073
megabyte1,569,16,1.9930211896068506
megabyte1,570,16,1.8331188317921117
megabyte1,571,16,1.8746704185927479
megabyte1,572,16,2.071846584428262
megabyte1,573,16,1.5982379873591919
megabyte1,574,16,1.816597245014535
megabyte1,575,16,2.007647306107175
megabyte1,576,16,1.9453409634712684
megabyte1,577,16,1.7544760890824564
megabyte1,578,16,1.9059282414783383
megabyte1,579,16,1.887157679401008
megabyte1,580,16,1.7610010096003206
megabyte1,581,16,2.054327778894657
megabyte1,582,16,1.8896956167959231
megabyte1,583,16,1.93300632116292
megabyte1,584,16,1.9049872741177059
megabyte1,585,16,1.9447053210250063
megabyte1,586,16,1.601089087982966
megabyte1,587,16,1.9416429338881107
megabyte1,588,16,1.7564634855680037
megabyte1,589,16,1.9697136839680798
megabyte1,590,16,1.981106084581674
megabyte1,591,16,1.7618691463966907
megabyte1,592,16,1.868761961368249
megabyte1,593,16,1.492939986188366
megabyte1,594,16,1.9389751464439935
megabyte1,595,16,1.9023992859989347
megabyte1,596,16,1.9439180182663618
megabyte1,597,16,2.202062112605583
megabyte1,598,16,1.7570355324276983
megabyte1,599,16,1.7857751487915827
megabyte1,600,16,1.6982133801651413
megabyte1,601,16,2.1087381618722616
megabyte1,602,16,2.006398381187143
megabyte1,603,16,1.837130070111041
megabyte1,604,16,1.8340914227169602
megabyte1,605,16,1.747512165778278
megabyte1,606,16,1.6916233547585482
megabyte1,607,16,1.759159561655704
megabyte1,608,16,1.8239793008035885
megabyte1,609,16,1.7107321935389943
megabyte1,610,16,1.640888703134738
megabyte1,611,16,1.5531371300884493
megabyte1,612,16,1.6166685624654988
megabyte1,613,16,2.405965637095557
megabyte1,614,16,1.9161056338689253
megabyte1,615,16,1.629799838402556
megabyte1,616,16,2.212301883350294
megabyte1,617,16,1.874862068326535
megabyte1,618,16,1.7865875556378201
megabyte1,619,16,1.8886667758260345
megabyte1,620,16,1.9651451757664125
megabyte1,621,16,1.8547762241102905
megabyte1,622,16,1.827972117037491
megabyte1,623,16,1.8497697880276565
megabyte1,624,16,1.907231696648252
megabyte1,625,16,1.6887922118159358
megabyte1,626,16,2.0278890231918094
megabyte1,627,16,1.5932781024178042
megabyte1,628,16,2.0428597690914825
megabyte1,629,16,1.9745983594674426
megabyte1,630,16,1.8726568157388441
megabyte1,631,16,1.9154407096455957
megabyte1,632,16,1.948667390473178
megabyte1,633,16,1.8235682237348212
megabyte1,634,16,1.7234221810174164
megabyte1,635,16,1.9090284903627506
megabyte1,636,16,1.7842021060372824
megabyte1,637,16,1.8874526492810442
megabyte1,638,16,2.220007653453932
megabyte1,639,16,1.7464912377715451
megabyte1,640,16,2.0287729487636783
megabyte1,641,16,1.9977354261267943
megabyte1,642,16,1.872254119398379
megabyte1,643,16,1.712693974076267
megabyte1,644,16,1.808488835976787
megabyte1,645,16,2.036103121501126
megabyte1,646,16,1.9167993074543324
megabyte1,647,16,1.974259611114685
megabyte1,648,16,2.153249582598611
megabyte1,649,16,1.8525010306780263
megabyte1,650,16,1.8767606932837013
megabyte1,651,16,1.6747613429192145
megabyte1,652,16,1.9569971791651595
megabyte1,653,16,1.9724614065481418
megabyte1,654,16,1.8492072863044324
megabyte1,655,16,1.8687526811663313
megabyte1,656,16,1.9314981524641246
megabyte1,657,16,1.985233484853635
megabyte1,658,16,1.8447488847124656
megabyte1,659,16,2.0429294163128526
megabyte1,660,16,1.9045995244410676
megabyte1,661,16,2.017706777866597
megabyte1,662,16,2.2337390971086704
megabyte1,663,16,1.8664763120877033
megabyte1,664,16,2.0295015584462055
megabyte1,665,16,2.0291871339892924
megabyte1,666,16,1.913481644186434
megabyte1,667,16,1.855814557622994
megabyte1,668,16,1.833804953968905
megabyte1,669,16,1.873470370200027
megabyte1,670,16,2.0249734382492712
megabyte1,671,16,2.026579532465689
megabyte1,672,16,1.884784444829057
megabyte1,673,16,1.9089277441687826
megabyte1,674,16,1.8945140577035415
megabyte1,675,16,1.738993431676065
megabyte1,676,16,1.8972405097456577
megabyte1,677,16,1.9458983785286659
megabyte1,678,16,1.9191244300093817
megabyte1,679,16,2.0854991706759676
megabyte1,680,16,1.926701819554471
megabyte1,681,16,2.145659735142493
megabyte1,682,16,1.8531408741302844
megabyte1,683,16,2.0532050715735135
megabyte1,684,16,1.8861942032230836
megabyte1,685,16,2.044052668227493
megabyte1,686,16,1.958481647909982
megabyte1,687,16,2.047858989174519
megabyte1,688,16,2.015704285337895
megabyte1,689,16,1.9551543949374954
megabyte1,690,16,1.8772881186609929
megabyte1,691,16,1.9091162877317926
megabyte1,692,16,1.8360978603231866
megabyte1,693,16,1.6898546348515076
megabyte1,694,16,1.734975943453314
megabyte1,695,16,2.0550396963678867
megabyte1,696,16,1.9061449819420146
megabyte1,697,16,1.8278290053154151
megabyte1,698,16,2.14315007474286
megabyte1,699,16,2.015541728790968
megabyte1,700,16,1.9953669628962774
megabyte1,701,16,1.9326486156604228
megabyte1,702,16,2.029500691775565
megabyte1,703,16,1.8044324887392373
megabyte1,704,16,1.786690046255845
megabyte1,705,16,1.8858918470262258
megabyte1,706,16,1.9635693786832134
megabyte1,707,16,1.92163395435466
megabyte1,708,16,1.8618893056439296
megabyte1,709,16,2.143574129372643
megabyte1,710,16,1.8490568801384433
megabyte1,711,16,1.7662757559356332
megabyte1,712,16,1.9598723265075664
megabyte1,713,16,1.7931845313467283
megabyte1,714,16,1.7138121573883183
megabyte1,715,16,1.7950552774109227
megabyte1,716,16,1.9243111650395393
megabyte1,717,16,1.8604350070946787
megabyte1,718,16,1.9919320847351627
megabyte1,719,16,2.1024885320071185
megabyte1,720,16,1.7461656809393638
megabyte1,721,16,2.004383948990387
megabyte1,722,16,2.071816966448577
megabyte1,723,16,1.6487298552985212
megabyte1,724,16,1.8219293344584144
megabyte1,725,16,1.8178033907654165
megabyte1,726,16,1.8446901951001848
megabyte1,727,16,1.9279148712657237
megabyte1,728,16,1.9269228656304258
megabyte1,729,16,1.7309676284357793
megabyte1,730,16,1.8863995886928069
megabyte1,731,16,1.883437075572413
megabyte1,732,16,1.7066983685300061
megabyte1,733,16,1.8876178665597405
megabyte1,734,16,1.9305107475501178
megabyte1,735,16,1.6393513805897677
megabyte1,736,16,1.826320409119109
megabyte1,737,16,1.8263729609634203
megabyte1,738,16,1.8257081270663575
megabyte1,739,16,2.1421378099042583
megabyte1,740,16,1.9824659410837944
megabyte1,741,16,1.7803753438787124
megabyte1,742,16,2.0659790292803373
megabyte1,743,16,1.8220022916998724
megabyte1,744,16,1.8196245748106776
megabyte1,745,16,1.9006229315642686
megabyte1,746,16,1.6044637534757615
megabyte1,747,16,1.8130530666681668
megabyte1,748,16,1.9809634746501907
megabyte1,749,16,1.6860307151892804
megabyte1,750,16,2.141188934485792
megabyte1,751,16,2.004880984733064
megabyte1,752,16,1.9775027401664307
megabyte1,753,16,1.8293717895636954
megabyte1,754,16,2.0211278122026908
megabyte1,755,16,1.9659754939750194
megabyte1,756,16,2.2753288903089772
megabyte1,757,16,1.896204481604511
megabyte1,758,16,1.9503026784458968
megabyte1,759,16,1.859522512549586
megabyte1,760,16,2.1114756673025252
megabyte1,761,16,2.4079670020237987
megabyte1,762,16,1.5264686766322724
megabyte1,763,16,1.7280700241667664
megabyte1,764,16,2.070784219341785
megabyte1,765,16,1.7266429658182834
megabyte1,766,16,1.8732674982816948
megabyte1,767,16,2.133042155219495
megabyte1,768,16,1.8586781475525602
megabyte1,769,16,2.0564921157493634
megabyte1,770,16,2.1580799244307585
megabyte1,771,16,1.9113563158427818
megabyte1,772,16,2.049809562897038
megabyte1,773,16,1.9500042275837193
megabyte1,774,16,2.024983988055785
megabyte1,775,16,1.9368232560661414
megabyte1,776,16,1.7560373752497713
megabyte1,777,16,2.281282776066904
megabyte1,778,16,1.9700215998325157
megabyte1,779,16,2.11104706802427
megabyte1,780,16,2.1130155807469015
megabyte1,781,16,1.970911138906713
megabyte1,782,16,1.6483445067837343
megabyte1,783,16,2.0483195909304843
megabyte1,784,16,1.9849275336497398
megabyte1,785,16,1.7074297106546852
megabyte1,786,16,1.8034203173368413
megabyte1,787,16,1.9060055089052446
megabyte1,788,16,1.928377811839802
megabyte1,789,16,1.827057115981534
megabyte1,790,16,2.0973312478634742
megabyte1,791,16,2.120232763559991
megabyte1,792,16,2.004373349624592
megabyte1,793,16,1.9521528554302197
megabyte1,794,16,1.9795519503586712
megabyte1,795,16,1.7570714123700595
megabyte1,796,16,1.8344307494221157
megabyte1,797,16,2.0314664955425434
megabyte1,798,16,2.0413409609960036
megabyte1,799,16,2.132522201863104
megabyte1,800,16,1.79578643801819
megabyte1,801,16,2.028610428571917
megabyte1,802,16,2.009681567213395
megabyte1,803,16,1.9729937570674745
megabyte1,804,16,1.7392500878365156
megabyte1,805,16,1.9309007450669229
megabyte1,806,16,1.8153071715157576
megabyte1,807,16,1.7500147179143657
megabyte1,808,16,1.9334774498088927
megabyte1,809,16,2.0006844555772716
megabyte1,810,16,1.894364622177544
megabyte1,811,16,1.7583355162525747
megabyte1,812,16,1.7367695815198827
megabyte1,813,16,1.7688237728399214
megabyte1,814,16,1.9799275764466935
megabyte1,815,16,1.7717172520169475
megabyte1,816,16,1.8112008600970375
megabyte1,817,16,2.1996510608394844
megabyte1,818,16,1.616447123429693
megabyte1,819,16,1.758805534883526
megabyte1,820,16,1.8547280947576466
megabyte1,821,16,2.1896115886760414
megabyte1,822,16,1.948329335663542
megabyte1,823,16,1.9067489405134923
megabyte1,824,16,2.0242346873572066
megabyte1,825,16,1.934528616860021
megabyte1,826,16,1.8765656427641217
megabyte1,827,16,1.8079911510203024
megabyte1,828,16,1.9774619745644748
megabyte1,829,16,1.8707816850131957
megabyte1,830,16,1.6617879376435598
megabyte1,831,16,1.9993736269971492
megabyte1,832,16,2.064046884549586
megabyte1,833,16,2.1585576609248065
megabyte1,834,16,2.0296960871465015
megabyte1,835,16,1.896262759952118
megabyte1,836,16,1.871145713705159
megabyte1,837,16,1.8134716392924346
megabyte1,838,16,2.06761060900895
megabyte1,839,16,2.005931230298479
megabyte1,840,16,1.8181320919276243
megabyte1,841,16,2.029511483276706
megabyte1,842,16,1.8357739034197937
megabyte1,843,16,1.7885772305903556
megabyte1,844,16,2.0131239735678665
megabyte1,845,16,1.9074039180175701
megabyte1,846,16,1.812411717640541
megabyte1,847,16,1.8648238260287169
megabyte1,848,16,1.9928759921198655
megabyte1,849,16,1.8239364860958862
megabyte1,850,16,1.9834756576838548
megabyte1,851,16,2.072236013396143
megabyte1,852,16,1.8654234780585655
megabyte1,853,16,1.7500880944904984
megabyte1,854,16,1.8115511539749802
megabyte1,855,16,1.8380211777554796
megabyte1,856,16,2.0529190821399905
megabyte1,857,16,1.9308905497098539
megabyte1,858,16,1.7277851789802834
megabyte1,859,16,2.0368924857255646
megabyte1,860,16,1.9316482885490371
megabyte1,861,16,1.6889968098501411
megabyte1,862,16,1.9361231005997606
megabyte1,863,16,1.8190087279931566
megabyte1,864,16,1.8505273615741447
megabyte1,865,16,1.6875606713263276
megabyte1,866,16,1.9411740129615893
megabyte1,867,16,2.269794013368633
megabyte1,868,16,1.81204602784111
megabyte1,869,16,1.8907992378516425
megabyte1,870,16,1.8118075530866944
megabyte1,871,16,1.924704901495871
megabyte1,872,16,1.9353289472635054
megabyte1,873,16,1.6739625569210619
megabyte1,874,16,1.9349747891813316
megabyte1,875,16,2.10176782908627
megabyte1,876,16,2.0599681749727528
megabyte1,877,16,1.9960893129257242
megabyte1,878,16,1.9326662173882845
megabyte1,879,16,1.9209561527912038
megabyte1,880,16,1.976471580604853
megabyte1,881,16,1.9731750638471262
megabyte1,882,16,1.902006744434946
megabyte1,883,16,2.006427634332398
megabyte1,884,16,2.246801772233916
megabyte1,885,16,1.7701811143090111
megabyte1,886,16,1.7159638233090124
megabyte1,887,16,2.0032821161990757
megabyte1,888,16,1.9426436137640715
megabyte1,889,16,1.9780040677616697
megabyte1,890,16,1.8507552233254048
megabyte1,891,16,1.6159040897619263
megabyte1,892,16,1.7040687702925152
megabyte1,893,16,2.13401467679857
megabyte1,894,16,2.0613706573510466
megabyte1,895,16,1.79543671780629
megabyte1,896,16,1.9723362573255618
megabyte1,897,16,1.7657085212427686
megabyte1,898,16,2.133912168878985
megabyte1,899,16,1.8915647024127336
megabyte1,900,16,1.9187172980619518
megabyte1,901,16,1.8939017151053879
megabyte1,902,16,1.7796869847697316
megabyte1,903,16,2.0520977073544193
megabyte1,904,16,1.7071671824691284
megabyte1,905,16,1.6923963969537728
megabyte1,906,16,2.1698145920270684
megabyte1,907,16,2.019399628070503
megabyte1,908,16,1.9545556882165154
megabyte1,909,16,1.8090393264277769
megabyte1,910,16,1.8652406824523
megabyte1,911,16,1.9830194293240615
megabyte1,912,16,1.8873927673927247
megabyte1,913,16,1.987132777943293
megabyte1,914,16,1.8261076938710867
megabyte1,915,16,1.966014528024333
megabyte1,916,16,2.1389370992824324
megabyte1,917,16,1.626853940817494
megabyte1,918,16,1.8673156319121562
megabyte1,919,16,2.1640806409071227
megabyte1,920,16,1.888933859096737
megabyte1,921,16,1.8959424621456429
megabyte1,922,16,1.9202602743714876
megabyte1,923,16,1.8824279162936493
megabyte1,924,16,1.8948345387257695
megabyte1,925,16,2.0173908725168213
megabyte1,926,16,1.729209671259861
megabyte1,927,16,2.205551557538686
megabyte1,928,16,1.9583008650550486
megabyte1,929,16,1.7252232754960528
megabyte1,930,16,2.0280473580110123
megabyte1,931,16,1.9504092468759895
megabyte1,932,16,2.087686695391678
megabyte1,933,16,1.9502032570632992
megabyte1,934,16,1.9178281166233082
megabyte1,935,16,1.9450674996820436
megabyte1,936,16,2.1078821828200516
megabyte1,937,16,2.026426386768322
megabyte1,938,16,2.119118128815654
megabyte1,939,16,2.2470982541803775
megabyte1,940,16,1.889444210161137
megabyte1,941,16,1.8896220003720834
megabyte1,942,16,1.8308248407534238
megabyte1,943,16,2.0310338628063596
megabyte1,944,16,1.8036126665872645
megabyte1,945,16,1.8915389582491275
megabyte1,946,16,1.9314038131271039
megabyte1,947,16,2.0456776116574096
megabyte1,948,16,2.147200526165492
megabyte1,949,16,1.8410205348519282
megabyte1,950,16,1.9184289436152528
megabyte1,951,16,1.922532611332488
megabyte1,952,16,1.8005631685909609
megabyte1,953,16,1.8495972800971185
megabyte1,954,16,1.9763395921558702
megabyte1,955,16,1.872888458080018
megabyte1,956,16,1.9758190798872362
megabyte1,957,16,1.9035340759152009
megabyte1,958,16,1.9652472467939779
megabyte1,959,16,1.9652714126102946
megabyte1,960,16,2.2129735031488367
megabyte1,961,16,2.190430521301033
megabyte1,962,16,1.75593693037015
megabyte1,963,16,1.7808086984042266
megabyte1,964,16,1.8449726362672227
megabyte1,965,16,1.903224145521572
megabyte1,966,16,1.948565166115414
megabyte1,967,16,1.8834169115612207
megabyte1,968,16,1.772802369468805
megabyte1,969,16,1.721460015207915
megabyte1,970,16,2.0810106959030907
megabyte1,971,16,1.672668281081594
megabyte1,972,16,1.7612838194955196
megabyte1,973,16,2.211668752991319
megabyte1,974,16,1.610201201070539
megabyte1,975,16,1.9576029631209413
megabyte1,976,16,1.8003439958621634
megabyte1,977,16,1.955301258064547
megabyte1,978,16,1.7912899595525584
megabyte1,979,16,2.002050193878535
megabyte1,980,16,2.055614637535869
megabyte1,981,16,1.693809539523558
megabyte1,982,16,1.8225375485550777
megabyte1,983,16,2.204464729069923
megabyte1,984,16,1.8219744952590142
megabyte1,985,16,2.002347280864768
megabyte1,986,16,1.9083465482340936
megabyte1,987,16,1.8890940881836393
megabyte1,988,16,2.0769502406016427
megabyte1,989,16,1.7563536005984275
megabyte1,990,16,1.88054335914112
megabyte1,991,16,1.9835580165316697
megabyte1,992,16,1.8130679284106488
megabyte1,993,16,1.935815869501484
megabyte1,994,16,1.980729000430447
megabyte1,995,16,1.7953566597297563
megabyte1,996,16,1.6991100811829223
megabyte1,997,16,2.0664039354997628
megabyte1,998,16,1.63602348621404
megabyte1,999,16,1.932388687928169
megabyte1,1000,16,2.0470823317294538
megabyte1,1001,16,2.1985281235384213
megabyte1,1002,16,1.7106688058523085
megabyte1,1003,16,1.9678350637788116
megabyte1,1004,16,1.8579128528417834
megabyte1,1005,16,1.8952792411761699
megabyte1,1006,16,1.99947679873421
megabyte1,1007,16,1.8259974439758142
megabyte1,1008,16,1.9817174410637932
megabyte1,1009,16,1.8280508392021215
megabyte1,1010,16,1.9069005267466603
megabyte1,1011,16,1.7664326075417898
megabyte1,1012,16,1.9522623009424598
megabyte1,1013,16,1.8750169930093255
megabyte1,1014,16,1.702940199498775
megabyte1,1015,16,1.740375055104098
megabyte1,1016,16,1.793347972357453
megabyte1,1017,16,1.6816284221960809
megabyte1,1018,16,1.8994214616634348
megabyte1,1019,16,1.762028699167585
megabyte1,1020,16,1.6628186017908606
megabyte1,1021,16,2.0103468186438347
megabyte1,1022,16,1.9023090950848147
megabyte1,1023,16,1.7924350392621622
megabyte1,1024,16,2.136998475796668
megabyte1,1025,16,2.0053835604682275
megabyte1,1026,16,2.0307012955273547
megabyte1,1027,16,2.0191658041360725
megabyte1,1028,16,2.0952056071674665
megabyte1,1029,16,1.9118396683001586
megabyte1,1030,16,1.9452923704934257
megabyte1,1031,16,1.8244616253900847
megabyte1,1032,16,2.2076053002404126
megabyte1,1033,16,2.0297941587865806
megabyte1,1034,16,1.8755649062152135
megabyte1,1035,16,2.131861538610554
megabyte1,1036,16,2.003933043530171
megabyte1,1037,16,1.94735508473034
megabyte1,1038,16,2.399452226082918
megabyte1,1039,16,1.8826549400785588
megabyte1,1040,16,2.1072514002679177
megabyte1,1041,16,1.881749334609926
megabyte1,1042,16,2.0510144974942186
megabyte1,1043,16,2.044146347175025
megabyte1,1044,16,1.9054693881571336
megabyte1,1045,16,2.0109263554231442
megabyte1,1046,16,1.7879503705968633
megabyte1,1047,16,1.852714222171019
megabyte1,1048,16,1.7947670466025238
megabyte1,1049,16,1.8917216847032132
megabyte1,1050,16,1.9474787912511586
megabyte1,1051,16,1.987154614441531
megabyte1,1052,16,1.8508407356284833
megabyte1,1053,16,2.116673950400011
megabyte1,1054,16,1.851167104279975
megabyte1,1055,16,1.9790916787307467
megabyte1,1056,16,1.835497597529227
megabyte1,1057,16,2.4061620643884782
megabyte1,1058,16,2.202979501957745
megabyte1,1059,16,1.6631614424335917
megabyte1,1060,16,1.862974728473931
megabyte1,1061,16,1.8404706013707997
megabyte1,1062,16,2.03024351245772
megabyte1,1063,16,2.0557970124865275
megabyte1,1064,16,1.9131458472009684
megabyte1,1065,16,1.9159306872512687
megabyte1,1066,16,1.803054079098944
megabyte1,1067,16,1.9174151838536067
megabyte1,1068,16,1.7919871529211873
megabyte1,1069,16,2.0283930217160724
megabyte1,1070,16,1.7512286426845851
megabyte1,1071,16,1.7441724015584734
megabyte1,1072,16,1.935842579459632
megabyte1,1073,16,2.124647374339635
megabyte1,1074,16,1.645571083741483
megabyte1,1075,16,2.0898986168480738
megabyte1,1076,16,1.7158790043596526
megabyte1,1077,16,2.000737876498587
megabyte1,1078,16,1.8486409489927158
megabyte1,1079,16,1.8929451428889328
megabyte1,1080,16,1.946762726652253
megabyte1,1081,16,2.1255870651611937
megabyte1,1082,16,2.028528905843327
megabyte1,1083,16,1.790883730993741
megabyte1,1084,16,1.8420526952616527
megabyte1,1085,16,1.6993335960597864
megabyte1,1086,16,1.9639638465490303
megabyte1,1087,16,1.773239108058717
megabyte1,1088,16,1.8304962836576153
megabyte1,1089,16,1.888611615638605
megabyte1,1090,16,1.8439456949547455
megabyte1,1091,16,1.8862475341588831
megabyte1,1092,16,1.9255119761590798
megabyte1,1093,16,1.8361163829856324
megabyte1,1094,16,1.834010589620867
megabyte1,1095,16,1.8577200906725921
megabyte1,1096,16,2.0394638652951915
megabyte1,1097,16,1.8241285799200972
megabyte1,1098,16,1.9093045908917514
megabyte1,1099,16,2.062441903619222
megabyte1,1100,16,2.0915300860070873
megabyte1,1101,16,1.7164373288416368
megabyte1,1102,16,2.0430862847820235
megabyte1,1103,16,1.9143570152511176
megabyte1,1104,16,1.9536547674530647
megabyte1,1105,16,2.040949648500841
megabyte1,1106,16,1.88475203105704
megabyte1,1107,16,1.792105782676346
megabyte1,1108,16,1.9177879316147173
megabyte1,1109,16,1.9415560690411986
megabyte1,1110,16,1.8056199272764062
megabyte1,1111,16,1.7174772032586785
megabyte1,1112,16,1.866490529547146
megabyte1,1113,16,2.0130030142869937
megabyte1,1114,16,1.7390069638837726
megabyte1,1115,16,1.8994196495344433
megabyte1,1116,16,2.0893992120958487
megabyte1,1117,16,1.8905918944355498
megabyte1,1118,16,1.8412697386819774
megabyte1,1119,16,1.9967980838345856
megabyte1,1120,16,1.8473342447281211
megabyte1,1121,16,1.8659022051683996
megabyte1,1122,16,1.8805895845462777
megabyte1,1123,16,2.0257202457028116
megabyte1,1124,16,2.0028098683650564
megabyte1,1125,16,1.9959032356378468
megabyte1,1126,16,1.9355327272790008
megabyte1,1127,16,1.8546285802440674
megabyte1,1128,16,1.8786237083115689
megabyte1,1129,16,2.1416527711142006
megabyte1,1130,16,2.1534870940114494
megabyte1,1131,16,2.0531954074068484
megabyte1,1132,16,1.970906211046192
megabyte1,1133,16,2.013711542895074
megabyte1,1134,16,1.938171166201237
megabyte1,1135,16,1.9288661713227355
megabyte1,1136,16,2.033255708062781
megabyte1,1137,16,1.8847424407751276
megabyte1,1138,16,1.9508418859114758
megabyte1,1139,16,2.0946103500333226
megabyte1,1140,16,1.8067966141537106
megabyte1,1141,16,2.15761024435353
megabyte1,1142,16,1.9472010965044098
megabyte1,1143,16,1.8319768648276487
megabyte1,1144,16,1.8779884927283392
megabyte1,1145,16,2.1202084410774353
megabyte1,1146,16,1.524328355169844
megabyte1,1147,16,1.882672121204262
megabyte1,1148,16,1.673679371336398
megabyte1,1149,16,2.0391754747952344
megabyte1,1150,16,1.6811396017052238
megabyte1,1151,16,1.7413921531288494
megabyte1,1152,16,2.098160770103721
megabyte1,1153,16,1.8665718538768876
megabyte1,1154,16,1.8157685624988167
megabyte1,1155,16,1.8918421024970482
megabyte1,1156,16,1.8326955891833232
megabyte1,1157,16,2.000542811120528
megabyte1,1158,16,2.0122128031384205
megabyte1,1159,16,1.9194976062575277
megabyte1,1160,16,1.6594001750989573
megabyte1,1161,16,1.8957657848471121
megabyte1,1162,16,1.9544285353072506
megabyte1,1163,16,1.8441756890775103
megabyte1,1164,16,1.9922791471345889
megabyte1,1165,16,1.7100143046998748
megabyte1,1166,16,1.9094396075588083
megabyte1,1167,16,1.7986529417884236
megabyte1,1168,16,1.9699138600970587
megabyte1,1169,16,1.9848945431754312
megabyte1,1170,16,1.8998572050877458
megabyte1,1171,16,1.7925623087838374
megabyte1,1172,16,1.6941978345448772
megabyte1,1173,16,1.902420047787164
megabyte1,1174,16,2.018076866825927
megabyte1,1175,16,1.8395284603420707
megabyte1,1176,16,1.8143977090100796
megabyte1,1177,16,1.9776791399677438
megabyte1,1178,16,1.9195267865436199
megabyte1,1179,16,1.8217861728534794
megabyte1,1180,16,1.88644653044422
megabyte1,1181,16,1.8427239759710394
megabyte1,1182,16,1.7590991487189718
megabyte1,1183,16,1.9395289514136034
megabyte1,1184,16,1.8364675193354625
megabyte1,1185,16,2.127683780339268
megabyte1,1186,16,1.7521012351997416
megabyte1,1187,16,2.123597987468394
megabyte1,1188,16,1.7902695411723641
megabyte1,1189,16,1.8001948932451288
megabyte1,1190,16,2.0952942943516613
megabyte1,1191,16,1.988355944165558
megabyte1,1192,16,2.1333288106816655
megabyte1,1193,16,1.890954967856628
megabyte1,1194,16,1.870523568880908
megabyte1,1195,16,1.868103739919392
megabyte1,1196,16,2.0069315523565336
megabyte1,1197,16,1.9930824750516205
megabyte1,1198,16,1.9361509958070422
megabyte1,1199,16,1.8409821581445764
megabyte1,1200,16,2.061122109522605
megabyte1,1201,16,1.859605334890263
megabyte1,1202,16,2.0435576479117428
megabyte1,1203,16,1.859020918727431
megabyte1,1204,16,1.9639015764153644
megabyte1,1205,16,1.8441588061112975
megabyte1,1206,16,1.781402788879255
megabyte1,1207,16,1.7832494603372029
megabyte1,1208,16,2.0785961324575326
megabyte1,1209,16,1.8309367264165253
megabyte1,1210,16,2.076535223078678
megabyte1,1211,16,1.7952862973763994
megabyte1,1212,16,1.748927194601067
megabyte1,1213,16,1.9241697299328249
megabyte1,1214,16,1.9460059841003883
megabyte1,1215,16,1.7958452566636498
megabyte1,1216,16,1.8204121861013791
megabyte1,1217,16,1.9934921750392756
megabyte1,1218,16,1.6435156160405302
megabyte1,1219,16,1.8045980612391987
megabyte1,1220,16,1.716666686382054
megabyte1,1221,16,1.8768694593901945
megabyte1,1222,16,1.8559993840444424
megabyte1,1223,16,1.9290551013875805
megabyte1,1224,16,1.807178146770226
megabyte1,1225,16,2.0433049876003273
megabyte1,1226,16,2.035555813642694
megabyte1,1227,16,1.7413389661157297
megabyte1,1228,16,1.8958448141648316
megabyte1,1229,16,1.9428594832614139
megabyte1,1230,16,1.8594526232649071
megabyte1,1231,16,2.048658306972054
megabyte1,1232,16,1.700387763705994
megabyte1,1233,16,1.676843594784505
megabyte1,1234,16,2.0629741282216347
megabyte1,1235,16,1.9150962342441853
megabyte1,1236,16,1.6777579180502193
megabyte1,1237,16,2.1440137250597147
megabyte1,1238,16,2.024553867007285
megabyte1,1239,16,2.027263645352567
megabyte1,1240,16,2.0675665485204613
megabyte1,1241,16,1.931453208195322
megabyte1,1242,16,1.9104889533793736
megabyte1,1243,16,1.9703916868650106
megabyte1,1244,16,1.822653799893017
megabyte1,1245,16,2.105853683959202
megabyte1,1246,16,1.8351380227040888
megabyte1,1247,16,1.869728068894597
megabyte1,1248,16,1.7498503046664404
megabyte1,1249,16,1.8847545601464146
megabyte1,1250,16,1.8068376220065638
megabyte1,1251,16,2.049653150855151
megabyte1,1252,16,1.646328271600279
megabyte1,1253,16,2.007535407475949
megabyte1,1254,16,2.045171651859013
megabyte1,1255,16,1.789756086020154
megabyte1,1256,16,1.9047917544464175
megabyte1,1257,16,1.9447777249637381
megabyte1,1258,16,1.934383488086316
megabyte1,1259,16,1.9023224020838123
megabyte1,1260,16,1.7537207231480065
megabyte1,1261,16,2.0363563664442705
megabyte1,1262,16,2.1047290732392345
megabyte1,1263,16,1.8833485461849424
megabyte1,1264,16,1.9108206443606388
megabyte1,1265,16,1.5652360203946851
megabyte1,1266,16,1.9700116428617644
megabyte1,1267,16,1.772085750001324
megabyte1,1268,16,1.930095801257858
megabyte1,1269,16,1.8206380036900112
megabyte1,1270,16,1.947712418219849
megabyte1,1271,16,1.8164985759595964
megabyte1,1272,16,2.1295823146908153
megabyte1,1273,16,1.903440968970254
megabyte1,1274,16,1.8674203886547323
megabyte1,1275,16,1.9116960325210592
megabyte1,1276,16,1.7521284005674362
megabyte1,1277,16,1.9845251945961415
megabyte1,1278,16,2.271060108136653
megabyte1,1279,16,1.9134320801210996
megabyte1,1280,16,1.5789886402927316
megabyte1,1281,16,1.9970059530874582
megabyte1,1282,16,1.9504665582352236
megabyte1,1283,16,1.9968354846941165
megabyte1,1284,16,1.9120494398057584
megabyte1,1285,16,1.9625528634069576
megabyte1,1286,16,1.8599523320188482
megabyte1,1287,16,1.8948124404329303
megabyte1,1288,16,1.8343125251710248
megabyte1,1289,16,2.0332353903618614
megabyte1,1290,16,1.9940019803079725
megabyte1,1291,16,1.890939148391767
megabyte1,1292,16,1.996068645408717
megabyte1,1293,16,1.9097678256593023
megabyte1,1294,16,2.2381535639672236
megabyte1,1295,16,2.238508980689068
megabyte1,1296,16,1.7263877214901078
megabyte1,1297,16,1.7564175481815845
megabyte1,1298,16,1.805951033958007
megabyte1,1299,16,1.9066370674134945
megabyte1,1300,16,1.856835504622011
megabyte1,1301,16,2.1080293018087777
megabyte1,1302,16,2.074463247781117
megabyte1,1303,16,1.9669632756011477
megabyte1,1304,16,2.0666166361486287
megabyte1,1305,16,1.996113125188021
megabyte1,1306,16,1.984164349608475
megabyte1,1307,16,1.7075365658294999
megabyte1,1308,16,1.842879433055521
megabyte1,1309,16,1.7070083639436313
megabyte1,1310,16,1.7919628697502599
megabyte1,1311,16,1.9885691851698322
megabyte1,1312,16,2.070721904455534
megabyte1,1313,16,1.90392880979594
megabyte1,1314,16,1.9751151933664135
megabyte1,1315,16,1.9852214324065436
megabyte1,1316,16,1.9325150899948942
megabyte1,1317,16,2.1126132081384075
megabyte1,1318,16,2.033934860585801
megabyte1,1319,16,1.9473571627262296
megabyte1,1320,16,1.9830410170490764
megabyte1,1321,16,1.9386019115186044
megabyte1,1322,16,2.09238726844266
megabyte1,1323,16,1.758309100629254
megabyte1,1324,16,1.6334578037311718
megabyte1,1325,16,1.990059278214996
megabyte1,1326,16,1.7925048991334795
megabyte1,1327,16,2.045767525282951
megabyte1,1328,16,2.069850163584431
megabyte1,1329,16,2.013246681623657
megabyte1,1330,16,1.9460365516362024
megabyte1,1331,16,1.9471336649715782
megabyte1,1332,16,1.99433143428238
megabyte1,1333,16,1.8606680629916277
megabyte1,1334,16,2.191224320386452
megabyte1,1335,16,1.8492864380023046
megabyte1,1336,16,1.986956301947619
megabyte1,1337,16,1.8631392873173964
megabyte1,1338,16,2.0787308006900123
megabyte1,1339,16,1.8396244917402877
megabyte1,1340,16,2.067902966891969
megabyte1,1341,16,2.039223939298207
megabyte1,1342,16,1.8575802639626913
megabyte1,1343,16,2.1442687588347003
megabyte1,1344,16,1.846011611863672
megabyte1,1345,16,1.9171269004784055
megabyte1,1346,16,2.09661248148304
megabyte1,1347,16,1.8880622647247016
megabyte1,1348,16,1.8774667384569719
megabyte1,1349,16,1.8893778698500132
megabyte1,1350,16,2.274152633492216
megabyte1,1351,16,1.920374267757265
megabyte1,1352,16,1.8558761959272647
megabyte1,1353,16,1.8407322344431043
megabyte1,1354,16,1.8572198164054976
megabyte1,1355,16,1.9219757385847247
megabyte1,1356,16,1.9562010288982934
megabyte1,1357,16,1.7751235039293563
megabyte1,1358,16,2.035071854718164
megabyte1,1359,16,1.8898872516381842
megabyte1,1360,16,2.0541953297168236
megabyte1,1361,16,2.1290373559580855
megabyte1,1362,16,1.882663982061319
megabyte1,1363,16,1.904154129530629
megabyte1,1364,16,1.8577668787962103
megabyte1,1365,16,1.7174337517311997
megabyte1,1366,16,1.779801753539299
megabyte1,1367,16,2.076829691722412
megabyte1,1368,16,2.0454655784878804
megabyte1,1369,16,1.8543524300492216
megabyte1,1370,16,2.0298184617876456
megabyte1,1371,16,1.774462864657224
megabyte1,1372,16,2.05982664421992
megabyte1,1373,16,1.985227619818341
megabyte1,1374,16,2.0084945368612823
megabyte1,1375,16,1.9258123983947646
megabyte1,1376,16,2.0094385877973093
megabyte1,1377,16,2.0833015513513686
megabyte1,1378,16,2.013768974419079
megabyte1,1379,16,1.8976871871195626
megabyte1,1380,16,1.7572671939552964
megabyte1,1381,16,1.9365638118768547
megabyte1,1382,16,2.0138327689094826
megabyte1,1383,16,2.153760939349705
megabyte1,1384,16,1.9513524074519328
megabyte1,1385,16,1.8231549407156837
megabyte1,1386,16,1.8843043559619934
megabyte1,1387,16,1.8627457923844242
megabyte1,1388,16,1.8088577823130034
megabyte1,1389,16,1.7851148443231475
megabyte1,1390,16,1.8951587925319164
megabyte1,1391,16,1.9465867875604008
megabyte1,1392,16,2.0069748344026026
megabyte1,1393,16,1.8837493025364038
megabyte1,1394,16,1.9045213474428273
megabyte1,1395,16,1.8675325959683393
megabyte1,1396,16,1.9066433987474765
megabyte1,1397,16,1.9060255941670978
megabyte1,1398,16,2.1285982592694506
megabyte1,1399,16,1.8940517527578098
megabyte1,1400,16,2.0299370744000074
megabyte1,1401,16,1.9222714781519306
megabyte1,1402,16,2.105566069131432
megabyte1,1403,16,2.0017580820046277
megabyte1,1404,16,1.9715313810815198
megabyte1,1405,16,2.1751594317041554
megabyte1,1406,16,2.122877367648856
megabyte1,1407,16,1.9516059033139914
megabyte1,1408,16,1.9240323367534642
megabyte1,1409,16,1.8398224323654975
megabyte1,1410,16,1.9507134098814642
megabyte1,1411,16,2.0022715229385835
megabyte1,1412,16,2.0126064880445678
megabyte1,1413,16,1.9108649019430706
megabyte1,1414,16,1.9969755085368213
megabyte1,1415,16,1.9597656336514877
megabyte1,1416,16,1.9580776609984443
megabyte1,1417,16,1.946060377108441
megabyte1,1418,16,1.8383936585091796
megabyte1,1419,16,1.7497749674112675
megabyte1,1420,16,1.8846768012958564
megabyte1,1421,16,1.8809866701997753
megabyte1,1422,16,1.9528800550310264
megabyte1,1423,16,1.9695142887865715
megabyte1,1424,16,1.8648183150967994
megabyte1,1425,16,1.9890604100839606
megabyte1,1426,16,1.9540155447039789
megabyte1,1427,16,2.1330378106370294
megabyte1,1428,16,2.1033279425819775
megabyte1,1429,16,1.9473168238784622
megabyte1,1430,16,2.0760269302342453
megabyte1,1431,16,1.8996773573683328
megabyte1,1432,16,1.9406449106108954
megabyte1,1433,16,1.970487282236096
megabyte1,1434,16,1.895075702216649
megabyte1,1435,16,1.9620039243648406
megabyte1,1436,16,2.069166596640419
megabyte1,1437,16,1.8918284286050135
megabyte1,1438,16,2.395818969600545
megabyte1,1439,16,1.8785055257209167
megabyte1,1440,16,1.9444592636613631
megabyte1,1441,16,1.8453859088119584
megabyte1,1442,16,1.809374862110367
megabyte1,1443,16,1.7923557860067472
megabyte1,1444,16,2.094284196465873
megabyte1,1445,16,2.0958126969575854
megabyte1,1446,16,1.9389872986422998
megabyte1,1447,16,1.7778199892039623
megabyte1,1448,16,1.9312715196310877
megabyte1,1449,16,2.0921741521290134
megabyte1,1450,16,1.9196994552522784
megabyte1,1451,16,2.0525788417163255
megabyte1,1452,16,1.8680854154523625
megabyte1,1453,16,1.9210623137707166
megabyte1,1454,16,1.8517386707447572
megabyte1,1455,16,1.8642373518960362
megabyte1,1456,16,1.7653095366607516
megabyte1,1457,16,1.9922143991954182
megabyte1,1458,16,1.8790401909001284
megabyte1,1459,16,1.9802604417152019
megabyte1,1460,16,1.851806806821315
megabyte1,1461,16,1.824074425467388
megabyte1,1462,16,1.9504439874759603
megabyte1,1463,16,1.9660932168452894
megabyte1,1464,16,1.6390532148634953
megabyte1,1465,16,1.9631348419005104
megabyte1,1466,16,2.087719847442783
megabyte1,1467,16,1.9302074135232512
megabyte1,1468,16,1.860127979670686
megabyte1,1469,16,1.8995354949345904
megabyte1,1470,16,2.0958951956191276
megabyte1,1471,16,2.1322494548753577
megabyte1,1472,16,2.0226097773420335
megabyte1,1473,16,2.0115372786917227
megabyte1,1474,16,1.9599952813345567
megabyte1,1475,16,1.8261135134106652
megabyte1,1476,16,2.00187728157516
megabyte1,1477,16,1.9104342312413138
megabyte1,1478,16,1.7558833885399558
megabyte1,1479,16,2.0638930916014435
megabyte1,1480,16,1.8153892540147232
megabyte1,1481,16,1.7347490443326117
megabyte1,1482,16,2.0024834086291614
megabyte1,1483,16,1.9528152499609284
megabyte1,1484,16,1.7763522273810488
megabyte1,1485,16,1.9249316550630653
megabyte1,1486,16,1.9763927363414429
megabyte1,1487,16,1.9366094242594587
megabyte1,1488,16,1.837320088812341
megabyte1,1489,16,1.9199116599262844
megabyte1,1490,16,1.9281614197992067
megabyte1,1491,16,1.7711729518858066
megabyte1,1492,16,1.9621228957589398
megabyte1,1493,16,1.8477547300492534
megabyte1,1494,16,2.0514853876968417
megabyte1,1495,16,1.943624201696275
megabyte1,1496,16,1.663366869695214
megabyte1,1497,16,1.89607060807589
megabyte1,1498,16,2.0100728434190134
megabyte1,1499,16,1.8090547431132467
megabyte1,1500,16,1.7994783215307062
megabyte1,1501,16,2.100623100505762
megabyte1,1502,16,1.8343534986458374
megabyte1,1503,16,2.114065380917236
megabyte1,1504,16,2.0615996879467704
megabyte1,1505,16,1.9746912363330156
megabyte1,1506,16,2.026704596545402
megabyte1,1507,16,1.9201280649222006
megabyte1,1508,16,2.1441719037386546
megabyte1,1509,16,1.8628023083836511
megabyte1,1510,16,1.883819951493542
megabyte1,1511,16,1.8354030428304784
megabyte1,1512,16,2.026317355248124
megabyte1,1513,16,1.937100423050681
megabyte1,1514,16,1.8996586707163685
megabyte1,1515,16,2.0037567148437367
megabyte1,1516,16,1.8954368879544268
megabyte1,1517,16,1.971239847958698
megabyte1,1518,16,1.7489662782573236
megabyte1,1519,16,1.7737796309129574
megabyte1,1520,16,2.1795889195467923
megabyte1,1521,16,2.217041016311153
megabyte1,1522,16,1.62840037574292
megabyte1,1523,16,1.8774964597485246
megabyte1,1524,16,2.0018107422532805
megabyte1,1525,16,2.0347258052134722
megabyte1,1526,16,1.8834930445128708
megabyte1,1527,16,1.9171995544020872
megabyte1,1528,16,1.930835676659251
megabyte1,1529,16,1.838549825630075
megabyte1,1530,16,1.778832459432454
megabyte1,1531,16,1.7096999606448524
megabyte1,1532,16,2.0464177546781253
megabyte1,1533,16,2.0663747737428593
megabyte1,1534,16,1.9042226689914363
megabyte1,1535,16,1.938800755467254
megabyte1,1536,16,1.9408333066494599
megabyte1,1537,16,2.034218662440844
megabyte1,1538,16,1.893032365435787
megabyte1,1539,16,2.000071241276601
megabyte1,1540,16,1.987305699797668
megabyte1,1541,16,1.9275814781294325
megabyte1,1542,16,2.0377657907874274
megabyte1,1543,16,2.006976315100246
megabyte1,1544,16,1.8742412428165467
megabyte1,1545,16,1.8675129432396689
megabyte1,1546,16,2.0615623255200917
megabyte1,1547,16,1.9419357732123708
megabyte1,1548,16,1.8413276239212057
megabyte1,1549,16,1.9982828117023468
megabyte1,1550,16,2.077122170062387
megabyte1,1551,16,1.9181739616633466
megabyte1,1552,16,1.9241881389871625
megabyte1,1553,16,1.9666790911621725
megabyte1,1554,16,1.82465316640149
megabyte1,1555,16,2.1317117262216354
megabyte1,1556,16,1.8858829292369366
megabyte1,1557,16,2.0960332454966744
megabyte1,1558,16,2.129458790065891
megabyte1,1559,16,2.2127982124395094
megabyte1,1560,16,1.9294111701992782
megabyte1,1561,16,2.0527027267349065
megabyte1,1562,16,2.034039640875085
megabyte1,1563,16,2.1357634114685773
megabyte1,1564,16,1.7669070458942029
megabyte1,1565,16,1.8761135022371835
megabyte1,1566,16,1.8764956553450642
megabyte1,1567,16,1.6932042519492905
megabyte1,1568,16,2.133949142390763
megabyte1,1569,16,1.9440645065466011
megabyte1,1570,16,1.905884895690464
megabyte1,1571,16,1.8905504485956197
megabyte1,1572,16,2.0095473069044507
megabyte1,1573,16,1.81919393501068
megabyte1,1574,16,1.8591440477796857
megabyte1,1575,16,2.1111356836304456
megabyte1,1576,16,1.9427005979717094
megabyte1,1577,16,1.9281756598975925
megabyte1,1578,16,1.8149952724872525
megabyte1,1579,16,2.0742643759206825
megabyte1,1580,16,2.116855948892229
megabyte1,1581,16,2.235233321588469
megabyte1,1582,16,2.0309968542752483
megabyte1,1583,16,1.8045827617009627
megabyte1,1584,16,2.069757766829527
megabyte1,1585,16,1.820552498698841
megabyte1,1586,16,1.9690831942304976
megabyte1,1587,16,2.0735878015313585
megabyte1,1588,16,2.116933857226209
megabyte1,1589,16,2.07770276268255
megabyte1,1590,16,1.8772548138085399
megabyte1,1591,16,1.9739533958855124
megabyte1,1592,16,1.9718093272700483
megabyte1,1593,16,1.7880728791468292
megabyte1,1594,16,1.9025724308649774
megabyte1,1595,16,2.055149506400818
megabyte1,1596,16,1.805641707356296
megabyte1,1597,16,1.9870955127564516
megabyte1,1598,16,1.9677530167550048
megabyte1,1599,16,2.0100582661128827
megabyte1,1600,16,1.8342470311882082
megabyte1,1601,16,2.010338429409764
megabyte1,1602,16,2.076249129874243
megabyte1,1603,16,1.8751306329763548
megabyte1,1604,16,1.9651148109983745
megabyte1,1605,16,2.0418024027422312
megabyte1,1606,16,1.8793586458115292
megabyte1,1607,16,1.7979427435576258
megabyte1,1608,16,1.778106224919738
megabyte1,1609,16,1.9127415278420168
megabyte1,1610,16,2.1372849313941478
megabyte1,1611,16,2.061113017802371
megabyte1,1612,16,1.8625373307520365
megabyte1,1613,16,2.1336598678355645
megabyte1,1614,16,1.895389404602696
megabyte1,1615,16,1.8820764474241545
megabyte1,1616,16,1.90390684026115
megabyte1,1617,16,1.8754948852940054
megabyte1,1618,16,1.8506181453599169
megabyte1,1619,16,1.892026727566083
megabyte1,1620,16,1.8149093482994614
megabyte1,1621,16,2.0642654320224363
megabyte1,1622,16,1.7802609873368374
megabyte1,1623,16,1.9811726731973047
megabyte1,1624,16,2.1703189891063674
megabyte1,1625,16,1.7969449473841612
megabyte1,1626,16,1.818494318626428
megabyte1,1627,16,1.798143058757894
megabyte1,1628,16,1.8316791200985245
megabyte1,1629,16,2.111656174938783
megabyte1,1630,16,1.8734827268973144
megabyte1,1631,16,1.9808968505435558
megabyte1,1632,16,1.9128489035047906
megabyte1,1633,16,1.987264788656181
megabyte1,1634,16,1.9254937629653561
megabyte1,1635,16,1.8292799145471348
megabyte1,1636,16,1.8658041045630793
megabyte1,1637,16,2.0378427230513214
megabyte1,1638,16,1.9742544375299698
megabyte1,1639,16,1.8543497959977118
megabyte1,1640,16,1.958302519406701
megabyte1,1641,16,1.8686512479761703
megabyte1,1642,16,1.8501790322914142
megabyte1,1643,16,1.9526694121964383
megabyte1,1644,16,2.3337126814636675
megabyte1,1645,16,2.0830899271143113
megabyte1,1646,16,1.8625022083191638
megabyte1,1647,16,1.8137176856411745
megabyte1,1648,16,1.9147713098066692
megabyte1,1649,16,1.7764908004174698
megabyte1,1650,16,1.928996294468475
megabyte1,1651,16,2.043310986152664
megabyte1,1652,16,1.6998961845741163
megabyte1,1653,16,1.9311348088583642
megabyte1,1654,16,1.8498875584479957
megabyte1,1655,16,2.1088790157762065
megabyte1,1656,16,1.9229175700565884
megabyte1,1657,16,1.761350713586785
megabyte1,1658,16,1.9666883887875042
megabyte1,1659,16,1.7423876396677938
megabyte1,1660,16,1.9641705776700238
megabyte1,1661,16,1.7330420634752322
megabyte1,1662,16,1.7600941758372295
megabyte1,1663,16,2.061945590582455
megabyte1,1664,16,1.9732556136508264
megabyte1,1665,16,2.0349159094185847
megabyte1,1666,16,1.9266560705158904
megabyte1,1667,16,1.8535978078843949
megabyte1,1668,16,2.0597721531420214
megabyte1,1669,16,1.817014553716286
megabyte1,1670,16,1.841078340101299
megabyte1,1671,16,2.0638135861379867
megabyte1,1672,16,2.0043248549158936
megabyte1,1673,16,1.7361806535153492
megabyte1,1674,16,1.8245019051125786
megabyte1,1675,16,2.1656422836465117
megabyte1,1676,16,2.0006087156603156
megabyte1,1677,16,1.867776382610059
megabyte1,1678,16,1.9955781706453946
megabyte1,1679,16,1.9248831256861492
megabyte1,1680,16,1.907340415393433
megabyte1,1681,16,1.786258407036235
megabyte1,1682,16,1.784633604664675
megabyte1,1683,16,1.8805858309143095
megabyte1,1684,16,1.948153772178562
megabyte1,1685,16,2.2091043378694244
megabyte1,1686,16,1.9598112238435415
megabyte1,1687,16,2.043356305308238
megabyte1,1688,16,2.125633303072816
megabyte1,1689,16,1.9285918829985103
megabyte1,1690,16,1.9338853607817534
megabyte1,1691,16,1.953359704408172
megabyte1,1692,16,1.8576587434005576
megabyte1,1693,16,1.852662920417118
megabyte1,1694,16,1.800088154149839
megabyte1,1695,16,1.7706081427358447
megabyte1,1696,16,1.9832176618678554
megabyte1,1697,16,1.910342493040933
megabyte1,1698,16,1.8203007127803619
megabyte1,1699,16,2.0292544870070466
megabyte1,1700,16,2.020986333787973
megabyte1,1701,16,2.1158443570658543
megabyte1,1702,16,1.8990990958197997
megabyte1,1703,16,1.9965896407619392
megabyte1,1704,16,1.8583257254122405
megabyte1,1705,16,1.8730561514969382
megabyte1,1706,16,2.0030899553013244
megabyte1,1707,16,1.969449283968492
megabyte1,1708,16,2.105508437498217
megabyte1,1709,16,1.8333974568581939
megabyte1,1710,16,1.9929939363454576
megabyte1,1711,16,1.7219273254155205
megabyte1,1712,16,1.970953082551018
megabyte1,1713,16,1.908125777569434
megabyte1,1714,16,1.8285828779415838
megabyte1,1715,16,1.8888798648837086
megabyte1,1716,16,2.166231593543632
megabyte1,1717,16,2.2054383857053104
megabyte1,1718,16,1.8945502384210813
megabyte1,1719,16,1.9085237479731902
megabyte1,1720,16,1.8884541880897527
megabyte1,1721,16,1.9665644890209344
megabyte1,1722,16,2.1661737986321046
megabyte1,1723,16,1.8642487683811075
megabyte1,1724,16,1.8998956778232574
megabyte1,1725,16,2.140713432044814
megabyte1,1726,16,1.849513265266935
megabyte1,1727,16,1.8544693161680081
megabyte1,1728,16,1.8349814641684743
megabyte1,1729,16,1.8386528465367202
megabyte1,1730,16,2.116728853634473
megabyte1,1731,16,1.9160014938684222
megabyte1,1732,16,2.0835228479717567
megabyte1,1733,16,1.9258065488084792
megabyte1,1734,16,2.003180540750306
megabyte1,1735,16,1.9493901201407773
megabyte1,1736,16,2.097066726131493
megabyte1,1737,16,1.9705450034473373
megabyte1,1738,16,1.7565871095173595
megabyte1,1739,16,1.9827052037669073
megabyte1,1740,16,1.8979060655218496
megabyte1,1741,16,1.898183688399179
megabyte1,1742,16,1.9792174830154394
megabyte1,1743,16,2.0156195793995106
megabyte1,1744,16,1.7872974478951
megabyte1,1745,16,2.020430136246423
megabyte1,1746,16,2.071001309191821
megabyte1,1747,16,1.7458210057560786
megabyte1,1748,16,2.121828888311324
megabyte1,1749,16,1.7663577813206712
megabyte1,1750,16,1.9227671894353708
megabyte1,1751,16,1.848487960540885
megabyte1,1752,16,1.7269320655237388
megabyte1,1753,16,1.9029937329902613
megabyte1,1754,16,1.8619086401942455
megabyte1,1755,16,2.043761876222299
megabyte1,1756,16,1.900850174705391
megabyte1,1757,16,2.055236869345096
megabyte1,1758,16,1.8906819399725876
megabyte1,1759,16,1.8911798871852472
megabyte1,1760,16,1.8186544150179464
megabyte1,1761,16,1.925002349838499
megabyte1,1762,16,2.204583396322673
megabyte1,1763,16,2.0083478965806565
megabyte1,1764,16,1.8752377396270783
megabyte1,1765,16,1.9627075781859302
megabyte1,1766,16,1.9610107923351525
megabyte1,1767,16,1.835349053541887
megabyte1,1768,16,1.857068900915741
megabyte1,1769,16,1.7617243988848834
megabyte1,1770,16,2.1467091024993583
megabyte1,1771,16,1.8763379332480006
megabyte1,1772,16,1.7889682398206126
megabyte1,1773,16,1.9101208539888075
megabyte1,1774,16,1.847134556982177
megabyte1,1775,16,1.735791370287131
megabyte1,1776,16,2.1329994549665057
megabyte1,1777,16,1.7733904108487628
megabyte1,1778,16,1.8925138420658625
megabyte1,1779,16,2.087368763892123
megabyte1,1780,16,1.777243512620769
megabyte1,1781,16,1.9855572078503332
megabyte1,1782,16,1.9887308977298324
megabyte1,1783,16,2.049106509328975
megabyte1,1784,16,1.8946452784560908
megabyte1,1785,16,1.8633831275665824
megabyte1,1786,16,1.8129694060312647
megabyte1,1787,16,1.8376041782890078
megabyte1,1788,16,1.8879914559645208
megabyte1,1789,16,1.9139187007667282
megabyte1,1790,16,1.9415462997129056
megabyte1,1791,16,1.7773403933847172
megabyte1,1792,16,2.0064270169213634
megabyte1,1793,16,1.852299399407042
megabyte1,1794,16,2.1030672923781135
megabyte1,1795,16,1.8923512042265367
megabyte1,1796,16,1.931556480982609
megabyte1,1797,16,1.9475973561784008
megabyte1,1798,16,2.0535617499469545
megabyte1,1799,16,2.185457360237658
megabyte1,1800,16,1.922672363592333
megabyte1,1801,16,2.0185985306212744
megabyte1,1802,16,1.952776500804929
megabyte1,1803,16,1.8177839419281963
megabyte1,1804,16,2.2396689542826875
megabyte1,1805,16,1.9502036280059318
megabyte1,1806,16,2.105957877905892
megabyte1,1807,16,1.8036728401686006
megabyte1,1808,16,1.836275078127726
megabyte1,1809,16,1.8781890038608997
megabyte1,1810,16,2.0087660682770174
megabyte1,1811,16,1.9246723956159169
megabyte1,1812,16,1.847590039026556
megabyte1,1813,16,1.951796657430788
megabyte1,1814,16,1.931654105327952
megabyte1,1815,16,1.999717410044978
megabyte1,1816,16,1.958894398403641
megabyte1,1817,16,1.92492853537171
megabyte1,1818,16,1.985801920184659
megabyte1,1819,16,1.9322922373811307
megabyte1,1820,16,1.825943658758089
megabyte1,1821,16,1.9616919647277995
megabyte1,1822,16,1.874887108156973
megabyte1,1823,16,2.029050938974196
megabyte1,1824,16,2.0268225039830408
megabyte1,1825,16,1.8197079734013595
megabyte1,1826,16,1.9036079244648878
megabyte1,1827,16,1.9067056948775487
megabyte1,1828,16,1.999545646874948
megabyte1,1829,16,1.8826495481169023
megabyte1,1830,16,1.9175186244226436
megabyte1,1831,16,1.965869651859594
megabyte1,1832,16,2.1141566725463274
megabyte1,1833,16,1.9972012573590152
megabyte1,1834,16,1.7805440178902192
megabyte1,1835,16,1.8473889795398268
megabyte1,1836,16,2.0254792035003883
megabyte1,1837,16,1.9650932689348577
megabyte1,1838,16,1.840386356686724
megabyte1,1839,16,2.156905600830943
megabyte1,1840,16,1.8366418556196353
megabyte1,1841,16,1.9907947816962257
megabyte1,1842,16,1.7749926753636875
megabyte1,1843,16,2.036043297509345
megabyte1,1844,16,1.933879887548302
megabyte1,1845,16,1.7210774019577109
megabyte1,1846,16,2.000282915081796
megabyte1,1847,16,2.0617121269672034
megabyte1,1848,16,1.8853498535238478
megabyte1,1849,16,2.014830811287586
megabyte1,1850,16,1.9130888214957067
megabyte1,1851,16,1.7694541337669814
megabyte1,1852,16,2.074228520986396
megabyte1,1853,16,1.8357098149667883
megabyte1,1854,16,2.1501699293129364
megabyte1,1855,16,2.1613796072048816
megabyte1,1856,16,1.7967158165935917
megabyte1,1857,16,2.1019550319756766
megabyte1,1858,16,1.8364086403648519
megabyte1,1859,16,1.8701138797077257
megabyte1,1860,16,1.9339987365769373
megabyte1,1861,16,1.9554924655439478
megabyte1,1862,16,1.8597095790128528
megabyte1,1863,16,1.858207543809973
megabyte1,1864,16,2.147894095640047
megabyte1,1865,16,2.0121411109164242
megabyte1,1866,16,1.912830395036477
megabyte1,1867,16,1.7670279160693352
megabyte1,1868,16,1.7383673991589486
megabyte1,1869,16,1.814376258614451
megabyte1,1870,16,1.9577481754616115
megabyte1,1871,16,1.911291531066498
megabyte1,1872,16,1.8806846195079157
megabyte1,1873,16,2.2294935197398864
megabyte1,1874,16,1.895205982179504
megabyte1,1875,16,2.0405567848850272
megabyte1,1876,16,1.7906881937143173
megabyte1,1877,16,1.8034260082205416
megabyte1,1878,16,1.8730224557615232
megabyte1,1879,16,1.9837102744659125
megabyte1,1880,16,1.946795552690673
megabyte1,1881,16,1.9464523456825273
megabyte1,1882,16,1.7497670943380599
megabyte1,1883,16,1.7986553802727112
megabyte1,1884,16,1.9411691136687141
megabyte1,1885,16,1.866988004597888
megabyte1,1886,16,1.7713994181276915
megabyte1,1887,16,2.0338101657467678
megabyte1,1888,16,1.9575656774895531
megabyte1,1889,16,2.02172853327634
megabyte1,1890,16,1.8095187511190294
megabyte1,1891,16,1.8253815386223573
megabyte1,1892,16,1.866292234489906
megabyte1,1893,16,1.8763287038577938
megabyte1,1894,16,1.9325130969464486
megabyte1,1895,16,2.105838103396624
megabyte1,1896,16,1.878025317630815
megabyte1,1897,16,1.8404358900924325
megabyte1,1898,16,1.6923612126921144
megabyte1,1899,16,1.9203019766450753
megabyte1,1900,16,1.7943405888812634
megabyte1,1901,16,1.8980720113493295
megabyte1,1902,16,1.7943152768477355
megabyte1,1903,16,1.9831488373581063
megabyte1,1904,16,2.054175809089104
megabyte1,1905,16,2.016944839802326
megabyte1,1906,16,1.5792356918095953
megabyte1,1907,16,1.8511583388857242
megabyte1,1908,16,2.049875329890428
megabyte1,1909,16,2.071211547062817
megabyte1,1910,16,1.7811412601688568
megabyte1,1911,16,1.9951487567901256
megabyte1,1912,16,1.9646808854953601
megabyte1,1913,16,2.0781017803143826
megabyte1,1914,16,1.7933634995330225
megabyte1,1915,16,1.8345929843806055
megabyte1,1916,16,1.9460196315652034
megabyte1,1917,16,1.6490921428188714
megabyte1,1918,16,1.9925778357528903
megabyte1,1919,16,1.7744336097692508
megabyte1,1920,16,1.8303446901143712
megabyte1,1921,16,1.7343053654883596
megabyte1,1922,16,1.8743852681875461
megabyte1,1923,16,1.951603912584889
megabyte1,1924,16,1.8127653594470012
megabyte1,1925,16,1.7271735734398848
megabyte1,1926,16,1.8928993009128012
megabyte1,1927,16,1.8166667715842135
megabyte1,1928,16,1.9087414526972535
megabyte1,1929,16,1.9303041629615258
megabyte1,1930,16,1.8122814804679832
megabyte1,1931,16,1.7575163399791802
megabyte1,1932,16,1.757541318299685
megabyte1,1933,16,2.045014924027987
megabyte1,1934,16,1.9749762809976776
megabyte1,1935,16,1.7123444465778512
megabyte1,1936,16,1.8788510732925334
megabyte1,1937,16,1.8684878142263637
megabyte1,1938,16,1.718379308349302
megabyte1,1939,16,1.8577211914031952
megabyte1,1940,16,1.7441983443064009
megabyte1,1941,16,1.7851113250427253
megabyte1,1942,16,1.8725679626645548
megabyte1,1943,16,2.057012762345863
megabyte1,1944,16,2.094542668187282
megabyte1,1945,16,2.049115067368212
megabyte1,1946,16,1.7767562501568104
megabyte1,1947,16,2.2513413212211595
megabyte1,1948,16,1.957041237244799
megabyte1,1949,16,1.7848385226248173
megabyte1,1950,16,2.2251760331991455
megabyte1,1951,16,1.892645559426782
megabyte1,1952,16,1.909476404802302
megabyte1,1953,16,1.846798145909343
megabyte1,1954,16,1.6442534521676757
megabyte1,1955,16,2.141630788702371
megabyte1,1956,16,1.9311072387311496
megabyte1,1957,16,1.9528158393466386
megabyte1,1958,16,1.9700661395172958
megabyte1,1959,16,1.6713780882170246
megabyte1,1960,16,1.8684097299215896
megabyte1,1961,16,1.878561406786538
megabyte1,1962,16,1.707313753143196
megabyte1,1963,16,1.6949470950589705
megabyte1,1964,16,1.6737831889210826
megabyte1,1965,16,1.8271709934833587
megabyte1,1966,16,1.9529672927765427
megabyte1,1967,16,1.9601527456212546
megabyte1,1968,16,2.041016012408888
megabyte1,1969,16,1.8645712565953958
megabyte1,1970,16,1.8805833426156962
megabyte1,1971,16,1.6791053627300647
megabyte1,1972,16,1.7120258698491673
megabyte1,1973,16,1.813973429197109
megabyte1,1974,16,1.8105111471099482
megabyte1,1975,16,1.930693770591545
megabyte1,1976,16,1.6785929213951878
megabyte1,1977,16,1.5670905196981966
megabyte1,1978,16,1.809177009582099
megabyte1,1979,16,1.5938871748762542
megabyte1,1980,16,1.8580399940947585
megabyte1,1981,16,1.8424336378509882
megabyte1,1982,16,1.8598151234345301
megabyte1,1983,16,1.7607341677317827
megabyte1,1984,16,2.05149335884363
megabyte1,1985,16,1.7715137484672123
megabyte1,1986,16,1.6787783462691397
megabyte1,1987,16,1.831679254935745
megabyte1,1988,16,1.7738159644479672
megabyte1,1989,16,1.9266493432011584
megabyte1,1990,16,1.6874653093690335
megabyte1,1991,16,1.914120486925934
megabyte1,1992,16,1.8083770972248128
megabyte1,1993,16,1.9145964982906265
megabyte1,1994,16,1.7798174761118297
megabyte1,1995,16,1.6657150587031846
megabyte1,1996,16,1.861470414859508
megabyte1,1997,16,1.7922496555566503
megabyte1,1998,16,1.7428728319769906
megabyte1,1999,16,1.9308132230338817
megabyte1,2000,16,1.776804158249006
megabyte1,2001,16,1.662890199812524
megabyte1,2002,16,2.014048365264583
megabyte1,2003,16,1.7460238765916898
megabyte1,2004,16,1.9080615826583327
megabyte1,2005,16,1.7610286530745938
megabyte1,2006,16,1.8329965627338467
megabyte1,2007,16,1.7528243902484855
megabyte1,2008,16,1.7308285511460102
megabyte1,2009,16,1.8381539397599125
megabyte1,2010,16,1.9103656468968389
megabyte1,2011,16,1.7475773008765985
megabyte1,2012,16,1.960412561764008
megabyte1,2013,16,1.8674509028117334
megabyte1,2014,16,1.6988470104297317
megabyte1,2015,16,1.6406533882689296
megabyte1,2016,16,1.7839315888500948
megabyte1,2017,16,1.9509881105558806
megabyte1,2018,16,1.919438325013496
megabyte1,2019,16,2.018479373671929
megabyte1,2020,16,1.786609654057221
megabyte1,2021,16,1.945580324068338
megabyte1,2022,16,2.048951392751275
megabyte1,2023,16,1.9462415859424538
megabyte1,2024,16,1.8616703993931558
megabyte1,2025,16,1.820647371927582
megabyte1,2026,16,1.7937388748618512
megabyte1,2027,16,1.8258256700176814
megabyte1,2028,16,2.1825886809609014
megabyte1,2029,16,1.9811240609599572
megabyte1,2030,16,2.0463648017669636
megabyte1,2031,16,1.896119351074005
megabyte1,2032,16,1.8657130987094739
megabyte1,2033,16,2.0393903466831613
megabyte1,2034,16,1.8297478999475585
megabyte1,2035,16,1.9378133974927623
megabyte1,2036,16,2.0101880253096884
megabyte1,2037,16,1.9527074878717297
megabyte1,2038,16,1.7927127143410522
megabyte1,2039,16,1.8384229932291998
megabyte1,2040,16,1.7036967668940906
megabyte1,2041,16,1.8648964880817975
megabyte1,2042,16,1.9593546989693105
megabyte1,2043,16,1.778989756347002
megabyte1,2044,16,1.8463528132080138
megabyte1,2045,16,1.8579854646253375
megabyte1,2046,16,1.9095041955595622
megabyte1,2047,16,1.8689922065982914
megabyte1,2048,16,2.1082888275627205
megabyte1,2049,16,1.7542962081541547
megabyte1,2050,16,1.9427148928886473
megabyte1,2051,16,1.8363557233470489
megabyte1,2052,16,1.7095047550827518
megabyte1,2053,16,1.7053240543947998
megabyte1,2054,16,1.9781598520466925
megabyte1,2055,16,1.8572665136184976
megabyte1,2056,16,1.6790420943612094
megabyte1,2057,16,1.808585504494021
megabyte1,2058,16,1.8627077986424192
megabyte1,2059,16,2.016532782079973
megabyte1,2060,16,1.9671146421326762
megabyte1,2061,16,1.8819798064839763
megabyte1,2062,16,1.8979606130579623
megabyte1,2063,16,2.0824985809652374
megabyte1,2064,16,1.5944194156166311
megabyte1,2065,16,1.649446355022052
megabyte1,2066,16,1.8053059191789973
megabyte1,2067,16,2.0089569852982705
megabyte1,2068,16,1.898469071122159
megabyte1,2069,16,1.954106284956331
megabyte1,2070,16,1.7837308642312613
megabyte1,2071,16,1.9448354307787505
megabyte1,2072,16,1.7362541135275171
megabyte1,2073,16,1.6456279919121746
megabyte1,2074,16,1.9106367625991376
megabyte1,2075,16,1.8895501434953796
megabyte1,2076,16,1.8030570459105217
megabyte1,2077,16,1.6312972616480537
megabyte1,2078,16,1.7748995512517063
megabyte1,2079,16,1.5334782887934624
megabyte1,2080,16,1.7381133012111698
megabyte1,2081,16,1.8064534864885915
megabyte1,2082,16,1.886310445401056
megabyte1,2083,16,1.9370235156662128
megabyte1,2084,16,1.745445302826996
megabyte1,2085,16,2.201015218800417
megabyte1,2086,16,1.8989703442190788
megabyte1,2087,16,1.868516440603143
megabyte1,2088,16,1.9671921119360476
megabyte1,2089,16,1.7569005182720643
megabyte1,2090,16,1.770374757947907
megabyte1,2091,16,1.8275177081510483
megabyte1,2092,16,1.9321262307658345
megabyte1,2093,16,1.889669134197997
megabyte1,2094,16,1.837300959637207
megabyte1,2095,16,1.7370009237983248
megabyte1,2096,16,1.922929662922411
megabyte1,2097,16,1.7057003141579177
megabyte1,2098,16,1.709609264319975
megabyte1,2099,16,1.9337843942771005
megabyte1,2100,16,1.874501052796083
megabyte1,2101,16,1.8829977198688959
megabyte1,2102,16,1.919930667381141
megabyte1,2103,16,1.789876695680094
megabyte1,2104,16,2.013272699101855
megabyte1,2105,16,1.6669221911280359
megabyte1,2106,16,1.7953487315624894
megabyte1,2107,16,1.8562406953280273
megabyte1,2108,16,2.1017656945043623
megabyte1,2109,16,1.7852464392714587
megabyte1,2110,16,1.7204638852063494
megabyte1,2111,16,1.7789471852045682
megabyte1,2112,16,1.7061117723853005
megabyte1,2113,16,1.8532763132572219
megabyte1,2114,16,2.049491653213088
megabyte1,2115,16,2.150201013713633
megabyte1,2116,16,1.833807496276157
megabyte1,2117,16,1.7179042873920627
megabyte1,2118,16,1.7878845168776039
megabyte1,2119,16,1.8343226039876848
megabyte1,2120,16,1.9266181354842506
megabyte1,2121,16,1.8811379425362977
megabyte1,2122,16,1.9574726065784107
megabyte1,2123,16,1.822759305101511
megabyte1,2124,16,2.0805797664248997
megabyte1,2125,16,1.7558351374882448
megabyte1,2126,16,1.808482995550869
megabyte1,2127,16,2.1638201152012786
megabyte1,2128,16,1.8537616035909668
megabyte1,2129,16,2.0023344329294392
megabyte1,2130,16,2.0963281618575365
megabyte1,2131,16,1.9695238195762854
megabyte1,2132,16,1.8490563551327375
megabyte1,2133,16,1.9102126429048014
megabyte1,2134,16,1.8718415964543276
megabyte1,2135,16,1.9043480786430478
megabyte1,2136,16,1.8732586302308967
megabyte1,2137,16,1.8717632546141623
megabyte1,2138,16,1.9485391899241091
megabyte1,2139,16,1.6645728902032895
megabyte1,2140,16,1.752735206265769
megabyte1,2141,16,1.6981603472855875
megabyte1,2142,16,2.1032015424325605
megabyte1,2143,16,1.7521700117959327
megabyte1,2144,16,1.818223048463626
megabyte1,2145,16,2.2130415366308576
megabyte1,2146,16,2.1051525257103956
megabyte1,2147,16,1.843141579996672
megabyte1,2148,16,1.6769458978218508
megabyte1,2149,16,2.0209271245764167
megabyte1,2150,16,1.8123901387345198
megabyte1,2151,16,1.8736060668290244
megabyte1,2152,16,1.9462952862310958
megabyte1,2153,16,1.8550945306303792
megabyte1,2154,16,1.8325035504220526
megabyte1,2155,16,1.9605025721301923
megabyte1,2156,16,2.0970023519588548
megabyte1,2157,16,1.9799373501261899
megabyte1,2158,16,1.9599962035892304
megabyte1,2159,16,1.9020507552906103
megabyte1,2160,16,1.880724841662264
megabyte1,2161,16,1.6607527029437816
megabyte1,2162,16,2.0971393800011406
megabyte1,2163,16,2.171583986401043
megabyte1,2164,16,1.8350979838910084
megabyte1,2165,16,1.9352765923822148
megabyte1,2166,16,1.8931844654945202
megabyte1,2167,16,1.9146791944793222
megabyte1,2168,16,1.9407938081273415
megabyte1,2169,16,1.9717053874947903
megabyte1,2170,16,1.7452975290166912
megabyte1,2171,16,1.8891857784757395
megabyte1,2172,16,1.895611846252134
megabyte1,2173,16,1.8189445799605006
megabyte1,2174,16,1.5855172480081674
megabyte1,2175,16,1.7922747964136083
megabyte1,2176,16,1.6263421969875955
megabyte1,2177,16,1.7313510724279828
megabyte1,2178,16,1.9197929278279495
megabyte1,2179,16,1.7294998811470002
megabyte1,2180,16,1.8588920199851278
megabyte1,2181,16,1.8955477072525841
megabyte1,2182,16,1.5394572077005024
megabyte1,2183,16,1.9748504689358364
megabyte1,2184,16,1.7428005771877682
megabyte1,2185,16,1.8533926306833006
megabyte1,2186,16,1.8317119190043785
megabyte1,2187,16,2.214462259207129
megabyte1,2188,16,1.7795426549709947
megabyte1,2189,16,1.6978916533896449
megabyte1,2190,16,1.8941863328480661
megabyte1,2191,16,1.7736468056646335
megabyte1,2192,16,1.7499740862340916
megabyte1,2193,16,1.753158688526755
megabyte1,2194,16,1.8947013173739538
megabyte1,2195,16,1.9667844806300385
megabyte1,2196,16,1.7711836260584513
megabyte1,2197,16,1.8354437587947057
megabyte1,2198,16,2.054517021495182
megabyte1,2199,16,1.6351265867927007
megabyte1,2200,16,2.0348427955173265
megabyte1,2201,16,1.7073080100104545
megabyte1,2202,16,1.8595869923900303
megabyte1,2203,16,1.96799086916084
megabyte1,2204,16,1.7142044315445373
megabyte1,2205,16,1.6996172772266065
megabyte1,2206,16,1.7436064946178553
megabyte1,2207,16,1.6836816337224647
megabyte1,2208,16,1.7809098528515164
megabyte1,2209,16,1.8154089671589948
megabyte1,2210,16,1.967705909053427
megabyte1,2211,16,2.070034344279936
megabyte1,2212,16,1.976205242215444
megabyte1,2213,16,1.8460978744940906
megabyte1,2214,16,1.7538628579072075
megabyte1,2215,16,1.7282940166194294
megabyte1,2216,16,1.7266981561913637
megabyte1,2217,16,1.8975362913815341
megabyte1,2218,16,1.84446855714765
megabyte1,2219,16,1.8879749119129248
megabyte1,2220,16,2.027215800045643
megabyte1,2221,16,1.6489079439777568
megabyte1,2222,16,1.8343262750070342
megabyte1,2223,16,1.7635070751377986
megabyte1,2224,16,1.5604805293938189
megabyte1,2225,16,1.871077062627908
megabyte1,2226,16,1.9441151957591025
megabyte1,2227,16,2.0017854174707774
megabyte1,2228,16,1.8606666300773997
megabyte1,2229,16,1.8833039590846283
megabyte1,2230,16,1.7246811631583643
megabyte1,2231,16,1.778338772235602
megabyte1,2232,16,1.7265378754679188
megabyte1,2233,16,1.9155685296961233
megabyte1,2234,16,1.8184877216915383
megabyte1,2235,16,2.1495134872880444
megabyte1,2236,16,1.7242186877700483
megabyte1,2237,16,1.5952358744469028
megabyte1,2238,16,2.2132329088100935
megabyte1,2239,16,1.8370698714264964
megabyte1,2240,16,1.8609623278518423
megabyte1,2241,16,2.0058998357819795
megabyte1,2242,16,1.883807901000478
megabyte1,2243,16,1.797178959650496
megabyte1,2244,16,1.7589914856811248
megabyte1,2245,16,2.0505948863280627
megabyte1,2246,16,1.8041119952132318
megabyte1,2247,16,1.755000816182409
megabyte1,2248,16,1.7353227073413784
megabyte1,2249,16,1.7174354047585478
megabyte1,2250,16,1.9778422923747507
megabyte1,2251,16,1.8271172791167412
megabyte1,2252,16,1.7125294261116233
megabyte1,2253,16,1.6970297668161802
megabyte1,2254,16,1.6672687096245349
megabyte1,2255,16,1.7895417923967827
megabyte1,2256,16,1.6630278669364917
megabyte1,2257,16,1.9253750376033023
megabyte1,2258,16,1.7790872350363698
megabyte1,2259,16,1.9286992246684118
megabyte1,2260,16,1.7077070554297908
megabyte1,2261,16,2.055742800030881
megabyte1,2262,16,1.9224655010576015
megabyte1,2263,16,1.834641031663412
megabyte1,2264,16,1.6736612012039995
megabyte1,2265,16,1.9432954229144999
megabyte1,2266,16,1.701950718093702
megabyte1,2267,16,1.8282703818837303
megabyte1,2268,16,1.8801137592607087
megabyte1,2269,16,1.6607792891704591
megabyte1,2270,16,1.783054238699392
megabyte1,2271,16,1.6883424933783093
megabyte1,2272,16,2.006676060090197
megabyte1,2273,16,1.7852050975365894
megabyte1,2274,16,1.7411335014095235
megabyte1,2275,16,1.8713925111161738
megabyte1,2276,16,1.7142616545256453
megabyte1,2277,16,1.722449970231751
megabyte1,2278,16,1.8673882108342819
megabyte1,2279,16,1.8710832729917666
megabyte1,2280,16,1.9387632647254955
megabyte1,2281,16,1.8035365423317846
megabyte1,2282,16,1.6681126105322563
megabyte1,2283,16,1.7290278965718655
megabyte1,2284,16,2.1117012686727787
megabyte1,2285,16,1.9930731223269047
megabyte1,2286,16,1.6537644072817095
megabyte1,2287,16,1.7952950621377008
megabyte1,2288,16,1.981360410346626
megabyte1,2289,16,1.9101940159263067
megabyte1,2290,16,1.909289634882162
megabyte1,2291,16,1.9690901898331565
megabyte1,2292,16,1.925999113125824
megabyte1,2293,16,1.6135211562838967
megabyte1,2294,16,1.874922680932929
megabyte1,2295,16,1.8292001390332555
megabyte1,2296,16,1.8926538824909571
megabyte1,2297,16,1.9681491000912488
megabyte1,2298,16,1.8367470083279553
megabyte1,2299,16,1.9739644291298113
megabyte1,2300,16,1.7943275827015581
megabyte1,2301,16,1.8917587297028449
megabyte1,2302,16,1.7797252237540668
megabyte1,2303,16,2.237470154152633
megabyte1,2304,16,1.8658192627509582
megabyte1,2305,16,1.9415077964093437
megabyte1,2306,16,1.9203593276802189
megabyte1,2307,16,1.9651430106164267
megabyte1,2308,16,1.8587751875103085
megabyte1,2309,16,1.7413794926148352
megabyte1,2310,16,1.989261879440188
megabyte1,2311,16,1.7123694080952165
megabyte1,2312,16,1.810008844437013
megabyte1,2313,16,2.13462439832637
megabyte1,2314,16,1.723524373771686
megabyte1,2315,16,1.9102521569477413
megabyte1,2316,16,1.8493190980792917
megabyte1,2317,16,1.9216654182536401
megabyte1,2318,16,2.0240444925748373
megabyte1,2319,16,1.937399228556289
megabyte1,2320,16,2.073289354783313
megabyte1,2321,16,1.8051671657220503
megabyte1,2322,16,1.7999687172841878
megabyte1,2323,16,1.8935256492430999
megabyte1,2324,16,1.939607235922123
megabyte1,2325,16,1.7269021836292564
megabyte1,2326,16,1.94920736816246
megabyte1,2327,16,1.8635485020943716
megabyte1,2328,16,1.8771289585298987
megabyte1,2329,16,1.7062853306375672
megabyte1,2330,16,1.8433948172740224
megabyte1,2331,16,1.9308291808446616
megabyte1,2332,16,1.8304591557611332
megabyte1,2333,16,1.8313156991341666
megabyte1,2334,16,2.0035186640872733
megabyte1,2335,16,2.1010606065058397
megabyte1,2336,16,1.8576323329846252
megabyte1,2337,16,2.053363025869473
megabyte1,2338,16,1.9086659616887527
megabyte1,2339,16,1.9134091332045038
megabyte1,2340,16,1.8521699367684148
megabyte1,2341,16,1.7806848051506463
megabyte1,2342,16,1.916880764811829
megabyte1,2343,16,1.915880363699426
megabyte1,2344,16,1.8283036589675918
megabyte1,2345,16,2.0192610954032584
megabyte1,2346,16,1.7370469871364569
megabyte1,2347,16,2.19234940286525
megabyte1,2348,16,1.925638313072033
megabyte1,2349,16,2.0052342601016813
megabyte1,2350,16,1.9183713827252429
megabyte1,2351,16,1.8875314728731656
megabyte1,2352,16,1.7416334942757292
megabyte1,2353,16,1.990831682936548
megabyte1,2354,16,2.0671757883000184
megabyte1,2355,16,1.893217052470264
megabyte1,2356,16,1.8352171407483988
megabyte1,2357,16,1.773559290708696
megabyte1,2358,16,1.6228316775469467
megabyte1,2359,16,1.8641445188486763
megabyte1,2360,16,2.0461454712082916
megabyte1,2361,16,1.8630531846625853
megabyte1,2362,16,1.7966329125461298
megabyte1,2363,16,1.7504181143887432
megabyte1,2364,16,1.8130044567623673
megabyte1,2365,16,1.8203131327976776
megabyte1,2366,16,1.8551776737818182
megabyte1,2367,16,1.7335183271717431
megabyte1,2368,16,1.6989819880473975
megabyte1,2369,16,2.152343779489158
megabyte1,2370,16,1.9414252566637096
megabyte1,2371,16,1.834839232899372
megabyte1,2372,16,1.9435724032169135
megabyte1,2373,16,2.049542457670718
megabyte1,2374,16,1.7585231553034317
megabyte1,2375,16,2.111322273994437
megabyte1,2376,16,1.6185888771802226
megabyte1,2377,16,2.1754651993807133
megabyte1,2378,16,1.9411181304827052
megabyte1,2379,16,2.1957205874992183
megabyte1,2380,16,2.048373282173348
megabyte1,2381,16,1.771028881138986
megabyte1,2382,16,1.851309833632551
megabyte1,2383,16,1.9491098020181987
megabyte1,2384,16,1.748566957175111
megabyte1,2385,16,1.7818893807187726
megabyte1,2386,16,1.9453581544096603
megabyte1,2387,16,1.7936393611625423
megabyte1,2388,16,1.8238520864621046
megabyte1,2389,16,1.7989021081221566
megabyte1,2390,16,1.9274520891751936
megabyte1,2391,16,1.9801164081253095
megabyte1,2392,16,1.8399021223743668
megabyte1,2393,16,2.079084666293963
megabyte1,2394,16,1.8727891851595568
megabyte1,2395,16,1.844973620100113
megabyte1,2396,16,1.68721840865984
megabyte1,2397,16,1.7280685879813402
megabyte1,2398,16,1.715487354074544
megabyte1,2399,16,1.8162924604400468
megabyte1,2400,16,1.9700049327051288
megabyte1,2401,16,1.7361519556762677
megabyte1,2402,16,1.7786372769700098
megabyte1,2403,16,2.03173437827025
megabyte1,2404,16,1.6846502788761253
megabyte1,2405,16,1.7695214106869066
megabyte1,2406,16,2.0581624549153994
megabyte1,2407,16,1.8045501368610044
megabyte1,2408,16,1.959929790668874
megabyte1,2409,16,1.8801521397728842
megabyte1,2410,16,2.138049142177331
megabyte1,2411,16,2.043430752234271
megabyte1,2412,16,1.8450567835342868
megabyte1,2413,16,1.7009993177060558
megabyte1,2414,16,1.750410032540834
megabyte1,2415,16,1.71349233922892
megabyte1,2416,16,1.9281498445919123
megabyte1,2417,16,1.7679702055884308
megabyte1,2418,16,1.8474722211620969
megabyte1,2419,16,1.7580984999527265
megabyte1,2420,16,1.7153089818335001
megabyte1,2421,16,2.0560782908760524
megabyte1,2422,16,1.8745035951902507
megabyte1,2423,16,1.8815749115372533
megabyte1,2424,16,1.9527751471783032
megabyte1,2425,16,1.8467220463169978
megabyte1,2426,16,1.9364029639777047
megabyte1,2427,16,1.7111126859701073
megabyte1,2428,16,1.5886419235850915
megabyte1,2429,16,2.1221244044258416
megabyte1,2430,16,1.7008278248739597
megabyte1,2431,16,1.6693955003425842
megabyte1,2432,16,2.0850202093440737
megabyte1,2433,16,1.8128143620983383
megabyte1,2434,16,1.7472235864163814
megabyte1,2435,16,1.8442552825695084
megabyte1,2436,16,1.8247374929026414
megabyte1,2437,16,2.3094392927533014
megabyte1,2438,16,1.8095721176189004
megabyte1,2439,16,1.9790934959607984
megabyte1,2440,16,1.6266983089946816
megabyte1,2441,16,1.8600748446749635
megabyte1,2442,16,1.9392813965991833
megabyte1,2443,16,2.001748189805969
megabyte1,2444,16,1.8526809362553494
megabyte1,2445,16,1.9032066364184244
megabyte1,2446,16,1.6202475504864309
megabyte1,2447,16,1.8605022756877958
megabyte1,2448,16,1.860651967056413
megabyte1,2449,16,1.79185930345238
megabyte1,2450,16,2.2412587996429796
megabyte1,2451,16,2.014423260057232
megabyte1,2452,16,1.8521778747448046
megabyte1,2453,16,1.8981950905413043
megabyte1,2454,16,2.0298272882257646
megabyte1,2455,16,1.951243955585739
megabyte1,2456,16,2.000863284632117
megabyte1,2457,16,1.8738537353364797
megabyte1,2458,16,1.9106729851940587
megabyte1,2459,16,1.9991732008003906
megabyte1,2460,16,2.1896789600758924
megabyte1,2461,16,1.8960273093203062
megabyte1,2462,16,1.9616696437978782
megabyte1,2463,16,1.6658868164623024
megabyte1,2464,16,1.9368163421911138
megabyte1,2465,16,1.915185467499098
megabyte1,2466,16,1.7714988588708676
megabyte1,2467,16,2.0051217510626267
megabyte1,2468,16,2.0103793851895837
megabyte1,2469,16,1.933263440428896
megabyte1,2470,16,1.8727765723403924
megabyte1,2471,16,1.811336253732508
megabyte1,2472,16,1.8583173917944111
megabyte1,2473,16,1.852072141488059
megabyte1,2474,16,1.983106329837916
megabyte1,2475,16,1.7975445003105255
megabyte1,2476,16,1.7339255369660194
megabyte1,2477,16,1.732224499951471
megabyte1,2478,16,1.6727203145265956
megabyte1,2479,16,1.9376972384859998
megabyte1,2480,16,2.103751634384167
megabyte1,2481,16,1.8306417971932698
megabyte1,2482,16,1.7827391186082255
megabyte1,2483,16,1.9207550958278008
megabyte1,2484,16,1.5998129313909017
megabyte1,2485,16,2.1006751072578056
megabyte1,2486,16,1.7568199080358307
megabyte1,2487,16,2.0296658547208195
megabyte1,2488,16,1.8531576788389632
megabyte1,2489,16,1.9758413753970194
megabyte1,2490,16,1.7444081830465121
megabyte1,2491,16,1.8399214490743963
megabyte1,2492,16,2.043034160041835
megabyte1,2493,16,1.8426069381587544
megabyte1,2494,16,1.6775535538201554
megabyte1,2495,16,1.883297961576344
megabyte1,2496,16,1.96489352111315
megabyte1,2497,16,1.8421870305312487
megabyte1,2498,16,1.9722469207126279
megabyte1,2499,16,1.8803507320344477
megabyte1,2500,16,1.8689512085180715
megabyte1,2501,16,1.8032797598268469
megabyte1,2502,16,1.9437995135260093
megabyte1,2503,16,1.7833368323612817
megabyte1,2504,16,1.892346867846558
megabyte1,2505,16,1.7544795674489493
megabyte1,2506,16,1.8234331425472723
megabyte1,2507,16,1.8339530562768007
megabyte1,2508,16,1.7565137489299625
megabyte1,2509,16,1.854111239373306
megabyte1,2510,16,1.8107274617265523
megabyte1,2511,16,2.1092422488585414
megabyte1,2512,16,1.8369063601313518
megabyte1,2513,16,1.7886943146402392
megabyte1,2514,16,1.9742106194214368
megabyte1,2515,16,1.6606121548445458
megabyte1,2516,16,1.6804617601499472
megabyte1,2517,16,2.020065584034071
megabyte1,2518,16,1.9152334589764815
megabyte1,2519,16,2.0255445554283886
megabyte1,2520,16,1.7697833643082426
megabyte1,2521,16,1.7765811899388628
megabyte1,2522,16,2.011375251789153
megabyte1,2523,16,1.8166834289461848
megabyte1,2524,16,1.8953099553995258
megabyte1,2525,16,1.8375210590216202
megabyte1,2526,16,1.7493148289581733
megabyte1,2527,16,1.8622972391407584
megabyte1,2528,16,2.2624468094058154
megabyte1,2529,16,1.5747815315265892
megabyte1,2530,16,1.8587940313485547
megabyte1,2531,16,1.718635896257914
megabyte1,2532,16,2.0419855191565532
megabyte1,2533,16,1.7691618329850651
megabyte1,2534,16,1.8364624107818464
megabyte1,2535,16,1.7090956312564356
megabyte1,2536,16,1.5723666070381372
megabyte1,2537,16,1.932977200636005
megabyte1,2538,16,1.7058274939613185
megabyte1,2539,16,2.025843506924415
megabyte1,2540,16,2.0698798860390015
megabyte1,2541,16,1.8183128483042674
megabyte1,2542,16,1.803283340265912
megabyte1,2543,16,1.950734970880506
megabyte1,2544,16,2.1277293423435073
megabyte1,2545,16,1.822314296072284
megabyte1,2546,16,1.6189001713121445
megabyte1,2547,16,1.7496256473931304
megabyte1,2548,16,1.7627827867953054
megabyte1,2549,16,1.59242403888224
megabyte1,2550,16,1.829302239416834
megabyte1,2551,16,1.9202260269487108
megabyte1,2552,16,2.024884455174606
megabyte1,2553,16,1.9108382574281981
megabyte1,2554,16,1.591502694910205
megabyte1,2555,16,1.8104636188033894
megabyte1,2556,16,1.9104721071505344
megabyte1,2557,16,1.9774249365100458
megabyte1,2558,16,1.77025410620712
megabyte1,2559,16,1.7674117630045836
megabyte1,2560,16,2.0279357410990215
megabyte1,2561,16,1.8726660103349382
megabyte1,2562,16,1.7841741419369597
megabyte1,2563,16,1.6285996656309685
megabyte1,2564,16,2.033925964275263
megabyte1,2565,16,1.939906167066312
megabyte1,2566,16,1.9103081629288812
megabyte1,2567,16,1.7695493573533787
megabyte1,2568,16,1.7744044755212687
megabyte1,2569,16,1.7189086953383457
megabyte1,2570,16,1.7300697871161026
megabyte1,2571,16,1.880933793935511
megabyte1,2572,16,1.8523206502850325
megabyte1,2573,16,1.8393052745355722
megabyte1,2574,16,1.7206138951677177
megabyte1,2575,16,1.7043489164248793
megabyte1,2576,16,1.7744014802398438
megabyte1,2577,16,1.7833931871427164
megabyte1,2578,16,1.7940395175736163
megabyte1,2579,16,1.9797789135560144
megabyte1,2580,16,1.634666384047379
megabyte1,2581,16,2.378355385106294
megabyte1,2582,16,1.9045127218484463
megabyte1,2583,16,1.9450006621081766
megabyte1,2584,16,1.7273353912418672
megabyte1,2585,16,2.0245691286390963
megabyte1,2586,16,1.8304339986168061
megabyte1,2587,16,1.7967241802497773
megabyte1,2588,16,1.976717995213872
megabyte1,2589,16,1.8007906590150353
megabyte1,2590,16,1.7855711258254445
megabyte1,2591,16,1.8121694925136858
megabyte1,2592,16,2.162093619176067
megabyte1,2593,16,1.9113913358892536
megabyte1,2594,16,1.8774716108079998
megabyte1,2595,16,1.8607800270175887
megabyte1,2596,16,1.7286103156052324
megabyte1,2597,16,1.9054934486376025
megabyte1,2598,16,1.875807245018635
megabyte1,2599,16,1.781384640748962
megabyte1,2600,16,1.9034254584657937
megabyte1,2601,16,2.2344918483425076
megabyte1,2602,16,1.6522957535719918
megabyte1,2603,16,2.0645541207455267
megabyte1,2604,16,2.024834658451652
megabyte1,2605,16,1.8867172948697097
megabyte1,2606,16,1.8437978751193929
megabyte1,2607,16,1.9574292862109468
megabyte1,2608,16,1.7453629101782295
megabyte1,2609,16,2.0322796755394688
megabyte1,2610,16,1.8023895417446876
megabyte1,2611,16,1.9290463522571606
megabyte1,2612,16,1.8725020217298451
megabyte1,2613,16,1.905997221314859
megabyte1,2614,16,1.8225551518860805
megabyte1,2615,16,1.8243378003460942
megabyte1,2616,16,1.802790167503721
megabyte1,2617,16,1.870480456348233
megabyte1,2618,16,1.8187073142886339
megabyte1,2619,16,1.9817644050618093
megabyte1,2620,16,1.8221777853653955
megabyte1,2621,16,1.8615960063554655
megabyte1,2622,16,1.9382320397307562
megabyte1,2623,16,1.963514643785302
megabyte1,2624,16,1.9177409457755283
megabyte1,2625,16,1.9399376979011411
megabyte1,2626,16,1.9421048870887165
megabyte1,2627,16,1.8071873697567413
megabyte1,2628,16,1.848323298056597
megabyte1,2629,16,1.9117913063521432
megabyte1,2630,16,1.9973379823412627
megabyte1,2631,16,2.0319190310382673
megabyte1,2632,16,1.655199691434902
megabyte1,2633,16,1.6735368644250008
megabyte1,2634,16,1.9779186510687012
megabyte1,2635,16,1.9705244727106612
megabyte1,2636,16,1.911213736392762
megabyte1,2637,16,1.8421628891075048
megabyte1,2638,16,1.9707159486766654
megabyte1,2639,16,1.9312250026504232
megabyte1,2640,16,1.6754492649595438
megabyte1,2641,16,1.7251890758158943
megabyte1,2642,16,1.8970064042628165
megabyte1,2643,16,1.8097282929228728
megabyte1,2644,16,1.6959071843438787
megabyte1,2645,16,1.9556102947781129
megabyte1,2646,16,1.9915262436273065
megabyte1,2647,16,2.0244929834517675
megabyte1,2648,16,2.245796976424187
megabyte1,2649,16,1.9273583763256648
megabyte1,2650,16,1.9311222013023692
megabyte1,2651,16,1.8308979503617242
megabyte1,2652,16,1.6459351411696876
megabyte1,2653,16,1.7738126723261087
megabyte1,2654,16,1.740068840315041
megabyte1,2655,16,1.8473300643450712
megabyte1,2656,16,1.7859358186080487
megabyte1,2657,16,2.122265498324495
megabyte1,2658,16,2.192019558987755
megabyte1,2659,16,1.7491353726767318
megabyte1,2660,16,1.9235146669454826
megabyte1,2661,16,1.851566908754084
megabyte1,2662,16,1.696695190597925
megabyte1,2663,16,2.0050395669702508
megabyte1,2664,16,1.7445382693744775
megabyte1,2665,16,2.0144119181186286
megabyte1,2666,16,1.9212036519862141
megabyte1,2667,16,1.9635248652850836
megabyte1,2668,16,1.7454447303577199
megabyte1,2669,16,1.856538965516677
megabyte1,2670,16,1.8303574569824042
megabyte1,2671,16,1.619499944519722
megabyte1,2672,16,2.014984996939634
megabyte1,2673,16,1.7426504179471793
megabyte1,2674,16,1.7955651513490125
megabyte1,2675,16,1.7813763663230955
megabyte1,2676,16,2.2199203463926405
megabyte1,2677,16,2.033567191511622
megabyte1,2678,16,1.66860372494039
megabyte1,2679,16,1.8369160903756208
megabyte1,2680,16,1.7302421206723204
megabyte1,2681,16,1.9706022244661507
megabyte1,2682,16,1.909271565864289
megabyte1,2683,16,1.8069732080057304
megabyte1,2684,16,1.7066817581614562
megabyte1,2685,16,1.7472113597074461
megabyte1,2686,16,1.6752821862840714
megabyte1,2687,16,1.7038794574463485
megabyte1,2688,16,1.962784169835039
megabyte1,2689,16,2.176567120167433
megabyte1,2690,16,2.0369406507332264
megabyte1,2691,16,1.848501533228455
megabyte1,2692,16,1.9318103589235236
megabyte1,2693,16,1.991122150311838
megabyte1,2694,16,1.7342307322159853
megabyte1,2695,16,1.8594107206074237
megabyte1,2696,16,1.8702805956565831
megabyte1,2697,16,1.8255464455200163
megabyte1,2698,16,1.8505035866614246
megabyte1,2699,16,1.7456948233004734
megabyte1,2700,16,1.6390531463920988
megabyte1,2701,16,2.0819520414871033
megabyte1,2702,16,1.688442899675642
megabyte1,2703,16,1.7078624506860596
megabyte1,2704,16,1.7214245284419256
megabyte1,2705,16,1.6672294847702411
megabyte1,2706,16,1.5267155541192927
megabyte1,2707,16,1.802883993515352
megabyte1,2708,16,1.6471891192304575
megabyte1,2709,16,1.7834589049790641
megabyte1,2710,16,1.716689805138072
megabyte1,2711,16,1.806035886686128
megabyte1,2712,16,1.6385455611062263
megabyte1,2713,16,2.036808653213165
megabyte1,2714,16,2.1948440852531474
megabyte1,2715,16,1.9541355829301241
megabyte1,2716,16,1.6404663529267238
megabyte1,2717,16,1.7368158474952335
megabyte1,2718,16,1.7859349009138668
megabyte1,2719,16,1.7655094337435022
megabyte1,2720,16,1.8018509062059684
megabyte1,2721,16,1.9844495344289683
megabyte1,2722,16,1.6698546670649517
megabyte1,2723,16,1.8462056681714931
megabyte1,2724,16,1.5917184128564692
megabyte1,2725,16,1.7032352353744533
megabyte1,2726,16,2.048187488090625
megabyte1,2727,16,1.9112249137310862
megabyte1,2728,16,1.8760222639737316
megabyte1,2729,16,1.9857818685686581
megabyte1,2730,16,1.8267092351682117
megabyte1,2731,16,1.7503837555770663
megabyte1,2732,16,1.9556853979290714
megabyte1,2733,16,1.9145969213465144
megabyte1,2734,16,1.7663234747397538
megabyte1,2735,16,1.7605253422243148
megabyte1,2736,16,1.863054682019836
megabyte1,2737,16,1.6572490687654469
megabyte1,2738,16,1.8951349522428553
megabyte1,2739,16,1.8609357187594346
megabyte1,2740,16,1.7586653570519553
megabyte1,2741,16,2.021444621723692
megabyte1,2742,16,1.7960942164967386
megabyte1,2743,16,1.7995433791388578
megabyte1,2744,16,1.8365677531069127
megabyte1,2745,16,1.804569358300641
megabyte1,2746,16,1.7123810971112665
megabyte1,2747,16,1.8695709941406282
megabyte1,2748,16,1.7411006548727654
megabyte1,2749,16,2.0201250909858475
megabyte1,2750,16,1.9216271969424545
megabyte1,2751,16,1.9110552951609092
megabyte1,2752,16,1.6354433390532745
megabyte1,2753,16,1.7637005950703557
megabyte1,2754,16,1.7526147589128511
megabyte1,2755,16,1.8722030745625307
megabyte1,2756,16,1.8789113098858485
megabyte1,2757,16,1.7649263179630534
megabyte1,2758,16,1.584707021193115
megabyte1,2759,16,1.776716267642826
megabyte1,2760,16,1.8551912392295469
megabyte1,2761,16,1.9477514201762978
megabyte1,2762,16,1.7359809291802604
megabyte1,2763,16,1.8993855643871034
megabyte1,2764,16,1.7817766919511275
megabyte1,2765,16,1.7975748045715794
megabyte1,2766,16,1.4910426021734644
megabyte1,2767,16,1.7488189365939601
megabyte1,2768,16,1.8266849637656437
megabyte1,2769,16,2.0389539368802794
megabyte1,2770,16,2.0927728182925587
megabyte1,2771,16,1.8156309214546986
megabyte1,2772,16,1.727288364466544
megabyte1,2773,16,1.6385996309992588
megabyte1,2774,16,1.9451697220483786
megabyte1,2775,16,1.8814851218472863
megabyte1,2776,16,1.9004821873101816
megabyte1,2777,16,1.8745615641350377
megabyte1,2778,16,1.9452568291594412
megabyte1,2779,16,1.707253027338522
megabyte1,2780,16,1.7857394957439916
megabyte1,2781,16,1.8113899151864148
megabyte1,2782,16,1.7657571190637524
megabyte1,2783,16,1.8408678947898938
megabyte1,2784,16,1.8796200599911062
megabyte1,2785,16,1.8698758632750274
megabyte1,2786,16,1.8175711563567156
megabyte1,2787,16,1.9091555224967474
megabyte1,2788,16,1.990848883847256
megabyte1,2789,16,1.7841453913946665
megabyte1,2790,16,1.8289646932298533
megabyte1,2791,16,1.9294693818660629
megabyte1,2792,16,2.0775951869113416
megabyte1,2793,16,1.815309077946257
megabyte1,2794,16,1.9238609843442323
megabyte1,2795,16,1.9574894266414353
megabyte1,2796,16,1.7900460614281397
megabyte1,2797,16,1.8762881097055997
megabyte1,2798,16,1.9419319638432837
megabyte1,2799,16,1.845287920047843
megabyte1,2800,16,1.9765621663073571
megabyte1,2801,16,1.9618539162113637
megabyte1,2802,16,1.9957481395983172
megabyte1,2803,16,2.043302122456596
megabyte1,2804,16,2.1036497854236282
megabyte1,2805,16,1.9092035905767761
megabyte1,2806,16,1.6570919555725403
megabyte1,2807,16,1.8106139761217395
megabyte1,2808,16,1.9023932030474031
megabyte1,2809,16,1.9358192727174444
megabyte1,2810,16,1.821515153055845
megabyte1,2811,16,2.1147831983677903
megabyte1,2812,16,1.9632867647246164
megabyte1,2813,16,1.931136383834838
megabyte1,2814,16,2.073088885903958
megabyte1,2815,16,1.8390785532325542
megabyte1,2816,16,2.013034381523511
megabyte1,2817,16,1.9721907661214026
megabyte1,2818,16,1.899281767936963
megabyte1,2819,16,1.9303414625017257
megabyte1,2820,16,1.974659175661979
megabyte1,2821,16,2.0651529144443086
megabyte1,2822,16,1.8937207662476319
megabyte1,2823,16,1.8432602051289
megabyte1,2824,16,1.9866694559818272
megabyte1,2825,16,1.9967850738487494
megabyte1,2826,16,1.8318100232610657
megabyte1,2827,16,1.9697363695949035
megabyte1,2828,16,1.9521482727008888
megabyte1,2829,16,1.8892936259412305
megabyte1,2830,16,1.9965353636921102
megabyte1,2831,16,1.9836783062494958
megabyte1,2832,16,2.202007663046634
megabyte1,2833,16,1.707470579974926
megabyte1,2834,16,1.8078759944484857
megabyte1,2835,16,1.8185111211970881
megabyte1,2836,16,1.9751315442549828
megabyte1,2837,16,1.8414348920314985
megabyte1,2838,16,2.117547003342873
megabyte1,2839,16,1.8962831046191617
megabyte1,2840,16,1.8528056745798818
megabyte1,2841,16,1.9355106164643552
megabyte1,2842,16,1.878103997852001
megabyte1,2843,16,1.9068726979675832
megabyte1,2844,16,2.107522887454431
megabyte1,2845,16,1.863340339399478
megabyte1,2846,16,1.8464500299959752
megabyte1,2847,16,2.0011874796211644
megabyte1,2848,16,2.020076377134384
megabyte1,2849,16,2.123262306949564
megabyte1,2850,16,1.9011450358853323
megabyte1,2851,16,1.8891623789319563
megabyte1,2852,16,1.8736615815263808
megabyte1,2853,16,2.020170798539144
megabyte1,2854,16,1.947043174049094
megabyte1,2855,16,2.1389698979615273
megabyte1,2856,16,1.9520419252133019
megabyte1,2857,16,1.8019120287917927
megabyte1,2858,16,2.0033738838424946
megabyte1,2859,16,2.017183712719538
megabyte1,2860,16,1.8840477846447727
megabyte1,2861,16,1.9104104390725825
megabyte1,2862,16,1.9622727412809922
megabyte1,2863,16,1.7888010237938017
megabyte1,2864,16,1.6915270507191085
megabyte1,2865,16,1.977084923007787
megabyte1,2866,16,2.077144882638491
megabyte1,2867,16,1.922251628977491
megabyte1,2868,16,1.946242598490415
megabyte1,2869,16,1.784563591588385
megabyte1,2870,16,1.9545277989351866
megabyte1,2871,16,1.7700698644726638
megabyte1,2872,16,1.9902463773433021
megabyte1,2873,16,1.6304692806005656
megabyte1,2874,16,1.8990027799078626
megabyte1,2875,16,2.0461342506738642
megabyte1,2876,16,2.0551639289019388
megabyte1,2877,16,2.0474064933530016
megabyte1,2878,16,1.9653108337190033
megabyte1,2879,16,2.045184470374469
megabyte1,2880,16,1.9789101476432345
megabyte1,2881,16,1.8497040343614366
megabyte1,2882,16,2.0900100407863826
megabyte1,2883,16,1.8099777529277081
megabyte1,2884,16,1.9276722427620956
megabyte1,2885,16,1.950873309604087
megabyte1,2886,16,1.9332965983745232
megabyte1,2887,16,2.0799469956527226
megabyte1,2888,16,1.7323871896019332
megabyte1,2889,16,2.0059694640849663
megabyte1,2890,16,1.9819812606005323
megabyte1,2891,16,1.9323262534428929
megabyte1,2892,16,1.7909203810016183
megabyte1,2893,16,1.8058559733818622
megabyte1,2894,16,1.8869949211797836
megabyte1,2895,16,1.951065614677128
megabyte1,2896,16,2.0379164881303353
megabyte1,2897,16,1.7342738549805814
megabyte1,2898,16,1.80297416894805
megabyte1,2899,16,1.8189479148191325
megabyte1,2900,16,1.9210104864964965
megabyte1,2901,16,2.1050726209351702
megabyte1,2902,16,1.834171337598868
megabyte1,2903,16,1.944356119106103
megabyte1,2904,16,2.1439819353368725
megabyte1,2905,16,1.9366923699117562
megabyte1,2906,16,2.1681674385255802
megabyte1,2907,16,1.886943509271898
megabyte1,2908,16,1.879856822029296
megabyte1,2909,16,1.7608171484920851
megabyte1,2910,16,1.8641512746942537
megabyte1,2911,16,1.9204975576492875
megabyte1,2912,16,1.93665932591361
megabyte1,2913,16,1.8935064730267603
megabyte1,2914,16,1.7347167052453165
megabyte1,2915,16,1.961594599677254
megabyte1,2916,16,1.8679620187076764
megabyte1,2917,16,1.8393848412365377
megabyte1,2918,16,2.1701847075551273
megabyte1,2919,16,1.9055077639903941
megabyte1,2920,16,2.013976344438146
megabyte1,2921,16,1.8799754610511095
megabyte1,2922,16,1.9489874421106497
megabyte1,2923,16,1.986362276788433
megabyte1,2924,16,2.1215330414481812
megabyte1,2925,16,1.8502086915148197
megabyte1,2926,16,2.002538093494962
megabyte1,2927,16,1.831429641883957
megabyte1,2928,16,2.0282277734788585
megabyte1,2929,16,1.9882138064133763
megabyte1,2930,16,1.789947841434903
megabyte1,2931,16,1.8952962183317767
megabyte1,2932,16,1.8612395457623037
megabyte1,2933,16,1.699508568084642
megabyte1,2934,16,2.043731319690133
megabyte1,2935,16,1.946283251930999
megabyte1,2936,16,1.7049545522872425
megabyte1,2937,16,1.997832899049148
megabyte1,2938,16,1.9437747089335642
megabyte1,2939,16,1.9509653552462871
megabyte1,2940,16,2.1148483395971502
megabyte1,2941,16,1.9963241602302035
megabyte1,2942,16,1.771444082409631
megabyte1,2943,16,1.858235611284254
megabyte1,2944,16,2.1174266893494322
megabyte1,2945,16,1.8246056369216248
megabyte1,2946,16,2.2200516803846737
megabyte1,2947,16,1.9067209104966931
megabyte1,2948,16,1.9670186413569306
megabyte1,2949,16,1.9967819292133036
megabyte1,2950,16,1.7455276125074868
megabyte1,2951,16,2.025778682940393
megabyte1,2952,16,1.9738972454810078
megabyte1,2953,16,1.8448833649832548
megabyte1,2954,16,1.7256834737365256
megabyte1,2955,16,2.0735201609413005
megabyte1,2956,16,1.9765399166953599
megabyte1,2957,16,1.7884530712841542
megabyte1,2958,16,2.126357145255703
megabyte1,2959,16,1.950029433075038
megabyte1,2960,16,1.759224553991792
megabyte1,2961,16,1.843178647390541
megabyte1,2962,16,1.8137633165064406
megabyte1,2963,16,1.8298377781233943
megabyte1,2964,16,2.0020057496913926
megabyte1,2965,16,2.033435455366224
megabyte1,2966,16,1.8448848847902561
megabyte1,2967,16,1.8560481445155612
megabyte1,2968,16,2.1142466296788966
megabyte1,2969,16,1.9563294580510755
megabyte1,2970,16,1.976230345930956
megabyte1,2971,16,2.0924229457042642
megabyte1,2972,16,1.7407200959842568
megabyte1,2973,16,1.7392464502669678
megabyte1,2974,16,1.8817997048382216
megabyte1,2975,16,1.9411533657828859
megabyte1,2976,16,1.801078000907231
megabyte1,2977,16,1.8744920982269881
megabyte1,2978,16,1.879617843172303
megabyte1,2979,16,1.8273518315296546
megabyte1,2980,16,2.032965409810562
megabyte1,2981,16,1.8333663371119695
megabyte1,2982,16,1.834608539175902
megabyte1,2983,16,1.8411508979291265
megabyte1,2984,16,2.005993122729996
megabyte1,2985,16,1.9564461002509068
megabyte1,2986,16,1.8098536749935652
megabyte1,2987,16,1.9944669635323828
megabyte1,2988,16,1.818398867726697
megabyte1,2989,16,2.058880185545234
megabyte1,2990,16,2.0144307743949397
megabyte1,2991,16,1.8083165125071297
megabyte1,2992,16,1.8658902359566487
megabyte1,2993,16,2.0061857171082016
megabyte1,2994,16,1.9447438326508044
megabyte1,2995,16,1.874594305928119
megabyte1,2996,16,1.8604584818923597
megabyte1,2997,16,1.9679465866834842
megabyte1,2998,16,1.579095744786668
megabyte1,2999,16,1.993116850796778
megabyte1,3000,16,1.6719080112896174
megabyte1,3001,16,1.7867066826750333
megabyte1,3002,16,1.993302638835957
megabyte1,3003,16,1.9763165128639038
megabyte1,3004,16,1.9248395856324703
megabyte1,3005,16,2.0807116517281306
megabyte1,3006,16,1.9591179183362206
megabyte1,3007,16,1.9934969927074415
megabyte1,3008,16,1.93933122636918
megabyte1,3009,16,1.8785375141803646
megabyte1,3010,16,1.9789106188030363
megabyte1,3011,16,1.824084801957338
megabyte1,3012,16,1.9192933887029637
megabyte1,3013,16,1.8799628976323066
megabyte1,3014,16,1.8943388611553102
megabyte1,3015,16,2.1511255806520606
megabyte1,3016,16,2.1019864576597045
megabyte1,3017,16,1.8422301185604988
megabyte1,3018,16,2.0444872037026443
megabyte1,3019,16,1.8450429513432267
megabyte1,3020,16,1.8381303387314791
megabyte1,3021,16,1.9551500155279045
megabyte1,3022,16,1.8127593499435664
megabyte1,3023,16,1.8635041250232272
megabyte1,3024,16,2.0060426534776594
megabyte1,3025,16,1.721809969307451
megabyte1,3026,16,1.911181474465927
megabyte1,3027,16,1.9994413322969753
megabyte1,3028,16,1.9466351129163306
megabyte1,3029,16,1.9297736437085966
megabyte1,3030,16,1.8563517909870868
megabyte1,3031,16,1.7838320354928974
megabyte1,3032,16,2.031099969536367
megabyte1,3033,16,2.015322004603759
megabyte1,3034,16,1.9944054544648337
megabyte1,3035,16,1.9610428165856058
megabyte1,3036,16,1.879299096794437
megabyte1,3037,16,1.791503804950429
megabyte1,3038,16,1.9994099919953938
megabyte1,3039,16,2.200301818441269
megabyte1,3040,16,1.9376673503241468
megabyte1,3041,16,1.7966230672444785
megabyte1,3042,16,1.891126855961151
megabyte1,3043,16,2.073737560629382
megabyte1,3044,16,1.9448932141865933
megabyte1,3045,16,1.9970115683473586
megabyte1,3046,16,1.8460500092606433
megabyte1,3047,16,2.1267637997262954
megabyte1,3048,16,1.8860165388819412
megabyte1,3049,16,2.05068639097289
megabyte1,3050,16,1.7633455602597783
megabyte1,3051,16,2.0617951411507054
megabyte1,3052,16,1.9971969450088622
megabyte1,3053,16,2.0203378643715477
megabyte1,3054,16,2.095474220066882
megabyte1,3055,16,1.9554646627872563
megabyte1,3056,16,1.8681329957444686
megabyte1,3057,16,1.9335733197524199
megabyte1,3058,16,1.8719448856042389
megabyte1,3059,16,1.987813181226011
megabyte1,3060,16,2.075855932819507
megabyte1,3061,16,1.984952215853607
megabyte1,3062,16,1.9074915541814317
megabyte1,3063,16,1.914868016982331
megabyte1,3064,16,1.7332990726337485
megabyte1,3065,16,1.915499733053708
megabyte1,3066,16,1.8352479067507677
megabyte1,3067,16,2.0850538052506877
megabyte1,3068,16,1.7135611758543217
megabyte1,3069,16,2.0856439302473193
megabyte1,3070,16,2.0417146697983934
megabyte1,3071,16,1.9351203444307477
