model,model_window_position,base_count,mean_bpb
carbon1,0,17,1.9338101078482235
carbon1,1,17,2.080094575881958
carbon1,2,17,2.110387185040642
carbon1,3,17,1.9089440457961138
carbon1,4,17,1.9461994030896355
carbon1,5,17,1.9110784250147201
carbon1,6,17,1.628161584629732
carbon1,7,17,1.9045231833177454
carbon1,8,17,1.8850487680996166
carbon1,9,17,1.8744272063760197
carbon1,10,17,1.8974547456292545
carbon1,11,17,2.0521431740592506
carbon1,12,17,1.969827694051406
carbon1,13,17,2.056270858820747
carbon1,14,17,1.8569198916940128
carbon1,15,17,1.9444058151806103
carbon1,16,17,2.0584818405263565
carbon1,17,17,1.9109150381649243
carbon1,18,17,1.7482637096853817
carbon1,19,17,2.053983646280625
carbon1,20,17,1.960296911351821
carbon1,21,17,2.0281367512310253
carbon1,22,17,1.955631452448228
carbon1,23,17,1.7974084475461174
carbon1,24,17,1.7967152174781351
carbon1,25,17,2.0537841039545395
carbon1,26,17,2.122561174280503
carbon1,27,17,1.8130708371891695
carbon1,28,17,1.9604626613504745
carbon1,29,17,1.8348135948181152
carbon1,30,17,1.9118030632243437
carbon1,31,17,2.013403534889221
carbon1,32,17,2.0295369274475994
carbon1,33,17,1.8620307936387903
carbon1,34,17,1.9250382745967192
carbon1,35,17,1.8944780826568604
carbon1,36,17,1.979902842465569
carbon1,37,17,2.0278041503008675
carbon1,38,17,2.286364050472484
carbon1,39,17,1.9929642186445349
carbon1,40,17,2.0220317560083725
carbon1,41,17,2.03239039813771
carbon1,42,17,1.933835786931655
carbon1,43,17,1.9363027951296639
carbon1,44,17,1.9111126871669994
carbon1,45,17,1.9537355549195234
carbon1,46,17,2.0372914566713223
carbon1,47,17,1.8527221749810612
carbon1,48,17,2.072343342444476
carbon1,49,17,1.989910034572377
carbon1,50,17,1.7112263791701372
carbon1,51,17,1.8822988201590145
carbon1,52,17,2.0938440841787003
carbon1,53,17,1.908330103930305
carbon1,54,17,2.0549164239098046
carbon1,55,17,1.9756271698895622
carbon1,56,17,1.971000257660361
carbon1,57,17,2.013947697246776
carbon1,58,17,2.0499948683907006
carbon1,59,17,2.038141839644488
carbon1,60,17,1.8149177887860466
carbon1,61,17,1.9077490287668564
carbon1,62,17,1.8173925385755652
carbon1,63,17,2.0985666092704323
carbon1,64,17,1.9646442146862255
carbon1,65,17,1.9555898413938635
carbon1,66,17,1.7868074599434347
carbon1,67,17,1.89712954268736
carbon1,68,17,1.905003968407126
carbon1,69,17,2.0490383611005893
carbon1,70,17,1.8028752873925602
carbon1,71,17,1.8937168892692118
carbon1,72,17,2.1121648339664234
carbon1,73,17,1.923392043394201
carbon1,74,17,1.8594456981210148
carbon1,75,17,1.922809495645411
carbon1,76,17,1.9612765943302828
carbon1,77,17,2.050702326438006
carbon1,78,17,1.8126599297803991
carbon1,79,17,2.20816232176388
carbon1,80,17,2.0155087989919327
carbon1,81,17,1.9152809802223654
carbon1,82,17,1.9817299842834473
carbon1,83,17,1.9240417059730082
carbon1,84,17,1.8792973897036385
carbon1,85,17,1.885399927111233
carbon1,86,17,1.7490899352466358
carbon1,87,17,1.9625601908739876
carbon1,88,17,1.9328256424735575
carbon1,89,17,1.7900520843618057
carbon1,90,17,1.7508869942496805
carbon1,91,17,1.7701464646002825
carbon1,92,17,1.9329371662700878
carbon1,93,17,1.8177328074679655
carbon1,94,17,2.0442038283628574
carbon1,95,17,1.8343825971379
carbon1,96,17,1.9026033106972189
carbon1,97,17,1.8930556739077848
carbon1,98,17,2.0510609710917755
carbon1,99,17,2.156029427752775
carbon1,100,17,1.9070752929238712
carbon1,101,17,2.0910298964556526
carbon1,102,17,1.8740085082895614
carbon1,103,17,1.9601111482171452
carbon1,104,17,2.1594119282329785
carbon1,105,17,1.9495586297091316
carbon1,106,17,1.8384223966037525
carbon1,107,17,2.169915570932276
carbon1,108,17,1.8397512926774866
carbon1,109,17,1.9112122409483965
carbon1,110,17,1.8668218290104586
carbon1,111,17,1.7436148839838364
carbon1,112,17,1.9875014459385592
carbon1,113,17,1.849220500272863
carbon1,114,17,1.9704243295332964
carbon1,115,17,1.7716653452200049
carbon1,116,17,1.8727777179549723
carbon1,117,17,2.178435767398161
carbon1,118,17,2.272467115346123
carbon1,119,17,1.9297537803649902
carbon1,120,17,1.982350559795604
carbon1,121,17,1.7521247092415304
carbon1,122,17,2.080362600438735
carbon1,123,17,1.9824837586458992
carbon1,124,17,1.952157833996941
carbon1,125,17,2.0742799955255844
carbon1,126,17,1.840703480383929
carbon1,127,17,1.9726456333609188
carbon1,128,17,2.1513988901587093
carbon1,129,17,1.9671277579139261
carbon1,130,17,2.0168175136341766
carbon1,131,17,1.9577948626349955
carbon1,132,17,2.0238525657092823
carbon1,133,17,1.9702544072095085
carbon1,134,17,1.847873884088853
carbon1,135,17,1.9795281676685108
carbon1,136,17,1.881568950765273
carbon1,137,17,1.8984573799021103
carbon1,138,17,1.7934825174948748
carbon1,139,17,1.9342445661039913
carbon1,140,17,1.8292962593190811
carbon1,141,17,2.0945837287341846
carbon1,142,17,1.8371635675430298
carbon1,143,17,2.0760516384068657
carbon1,144,17,1.7786108395632576
carbon1,145,17,1.818459055002998
carbon1,146,17,1.858157242045683
carbon1,147,17,1.8636630107374752
carbon1,148,17,1.9791272247538847
carbon1,149,17,2.0241290961994842
carbon1,150,17,1.8738394204308004
carbon1,151,17,1.8368513549075407
carbon1,152,17,2.009597354075488
carbon1,153,17,1.8514901890474207
carbon1,154,17,1.9201620291261112
carbon1,155,17,1.775987148284912
carbon1,156,17,1.9998998291352217
carbon1,157,17,1.7064182460308075
carbon1,158,17,1.974657102542765
carbon1,159,17,1.919499495450188
carbon1,160,17,2.256246980498819
carbon1,161,17,1.8849048684625065
carbon1,162,17,1.881685263970319
carbon1,163,17,1.8731595768648035
carbon1,164,17,1.8931033961913164
carbon1,165,17,1.7009040222448462
carbon1,166,17,2.1169293978635
carbon1,167,17,1.979171731892754
carbon1,168,17,2.148164952502531
carbon1,169,17,1.7562774840523214
carbon1,170,17,1.9321675791459925
carbon1,171,17,2.0118835042504704
carbon1,172,17,1.9351672074374031
carbon1,173,17,1.7987521886825562
carbon1,174,17,1.7758559234002058
carbon1,175,17,2.0610384029500626
carbon1,176,17,2.0431859984117398
carbon1,177,17,1.908834341694327
carbon1,178,17,2.184977608568528
carbon1,179,17,2.0285471747903263
carbon1,180,17,1.9961935982984655
carbon1,181,17,1.9535017784904032
carbon1,182,17,1.959697681314805
carbon1,183,17,1.9646898928810568
carbon1,184,17,1.8089745781000923
carbon1,185,17,1.9343748793882483
carbon1,186,17,1.7084602433092453
carbon1,187,17,1.8945771420703215
carbon1,188,17,1.8434864492977368
carbon1,189,17,1.8547181557206547
carbon1,190,17,1.8445861129199757
carbon1,191,17,1.8930159456589644
carbon1,192,17,1.9395498387953813
carbon1,193,17,1.9703743177301742
carbon1,194,17,1.891076354419484
carbon1,195,17,1.9898245755363912
carbon1,196,17,1.8728994411580704
carbon1,197,17,1.7971459837520825
carbon1,198,17,1.7603620150510002
carbon1,199,17,1.8031445145606995
carbon1,200,17,2.030827969312668
carbon1,201,17,1.895522166700924
carbon1,202,17,1.8630265698713415
carbon1,203,17,1.7803865863996393
carbon1,204,17,1.9365867762004627
carbon1,205,17,1.8718014762682074
carbon1,206,17,1.7847749213961994
carbon1,207,17,1.7476407885551453
carbon1,208,17,1.8783352278611238
carbon1,209,17,2.0770648227018467
carbon1,210,17,1.8276129540275126
carbon1,211,17,1.8042391871704775
carbon1,212,17,1.8929319346652311
carbon1,213,17,2.0526173219961277
carbon1,214,17,1.712458042537465
carbon1,215,17,2.0635923006955315
carbon1,216,17,2.074070965542513
carbon1,217,17,2.142806277555578
carbon1,218,17,1.7637360902393566
carbon1,219,17,1.818331811357947
carbon1,220,17,1.8793389604372137
carbon1,221,17,1.9856571379829855
carbon1,222,17,1.7201721142320072
carbon1,223,17,1.815285556456622
carbon1,224,17,1.8674330623710858
carbon1,225,17,1.9851578614291023
carbon1,226,17,1.8818858949577106
carbon1,227,17,1.7877734969643986
carbon1,228,17,2.0027007635901954
carbon1,229,17,1.8994662796749788
carbon1,230,17,1.9700236250372494
carbon1,231,17,2.0860340805614697
carbon1,232,17,1.9429396846715141
carbon1,233,17,1.7807246656978832
carbon1,234,17,2.107404302148258
carbon1,235,17,1.8414627033121445
carbon1,236,17,2.0078855262083164
carbon1,237,17,2.207296616890851
carbon1,238,17,1.8910456685458912
carbon1,239,17,1.9559794313767378
carbon1,240,17,1.6476158499717712
carbon1,241,17,1.9057416565277998
carbon1,242,17,2.002242593204274
carbon1,243,17,1.8301755821003634
carbon1,244,17,1.790553850286147
carbon1,245,17,1.8603623824961044
carbon1,246,17,2.048307082232307
carbon1,247,17,1.8138467143563664
carbon1,248,17,2.0188346680472877
carbon1,249,17,1.8350849432103775
carbon1,250,17,2.135702858952915
carbon1,251,17,1.9541365399080164
carbon1,252,17,1.6888031792991303
carbon1,253,17,1.8563381363363827
carbon1,254,17,1.9916792915147894
carbon1,255,17,2.037383374045877
carbon1,256,17,1.9472764449961044
carbon1,257,17,1.9774918696459602
carbon1,258,17,1.736032419344958
carbon1,259,17,1.908884560360628
carbon1,260,17,1.8098688861903023
carbon1,261,17,1.779125690460205
carbon1,262,17,2.057771493406857
carbon1,263,17,2.028784429325777
carbon1,264,17,2.0434900522232056
carbon1,265,17,1.8787268189822925
carbon1,266,17,1.9310866734560799
carbon1,267,17,1.9165066831252153
carbon1,268,17,1.8791169629377478
carbon1,269,17,2.048008743454428
carbon1,270,17,1.8704820766168482
carbon1,271,17,1.840454620473525
carbon1,272,17,1.9181628227233887
carbon1,273,17,1.9493925045518314
carbon1,274,17,1.7468896858832414
carbon1,275,17,1.9440361962598913
carbon1,276,17,1.777200213249992
carbon1,277,17,1.6451346181771334
carbon1,278,17,1.8208017498254776
carbon1,279,17,2.0278807037016926
carbon1,280,17,1.9593620650908525
carbon1,281,17,2.0938204106162575
carbon1,282,17,1.6071488033322727
carbon1,283,17,1.9161649732028736
carbon1,284,17,1.877654657644384
carbon1,285,17,1.8399967375923605
carbon1,286,17,1.938568511429955
carbon1,287,17,1.8457936258877026
carbon1,288,17,1.8028561087215649
carbon1,289,17,1.8907250025693108
carbon1,290,17,1.9555263799779556
carbon1,291,17,1.9545691013336182
carbon1,292,17,1.9484204895356123
carbon1,293,17,2.063704287304598
carbon1,294,17,1.6499000682550318
carbon1,295,17,1.8769871697706335
carbon1,296,17,1.7681367327185238
carbon1,297,17,1.9625030335258036
carbon1,298,17,1.9187737633200252
carbon1,299,17,2.115753236938925
carbon1,300,17,1.7935914677732132
carbon1,301,17,1.7799277796464807
carbon1,302,17,1.6825895958087023
carbon1,303,17,1.7829839622273165
carbon1,304,17,1.7654616762610043
carbon1,305,17,1.8134281354791977
carbon1,306,17,1.751500534660676
carbon1,307,17,1.6116046690765549
carbon1,308,17,1.7010340164689457
carbon1,309,17,1.8553063220837538
carbon1,310,17,2.016981666578966
carbon1,311,17,1.8398473438094645
carbon1,312,17,1.6790658936781042
carbon1,313,17,1.6747487485408783
carbon1,314,17,1.9289296076578253
carbon1,315,17,1.9482546273399801
carbon1,316,17,1.7868849565001095
carbon1,317,17,1.8312563265071196
carbon1,318,17,1.631338918033768
carbon1,319,17,1.7299392135704266
carbon1,320,17,1.6879288764560925
carbon1,321,17,2.0099130553357742
carbon1,322,17,1.8301705647917355
carbon1,323,17,1.943583204465754
carbon1,324,17,2.3117705864064835
carbon1,325,17,2.012821747976191
carbon1,326,17,1.9684260487556458
carbon1,327,17,1.7893114019842709
carbon1,328,17,1.9185808616525986
carbon1,329,17,1.897218479829676
carbon1,330,17,1.7925304174423218
carbon1,331,17,1.8754673389827503
carbon1,332,17,1.7098132547210245
carbon1,333,17,1.8168583897983326
carbon1,334,17,1.9812881736194385
carbon1,335,17,1.8986561368493473
carbon1,336,17,1.9597287809147554
carbon1,337,17,1.9720773767022526
carbon1,338,17,1.7274134895380806
carbon1,339,17,1.5954034994630253
carbon1,340,17,1.9440402563880472
carbon1,341,17,1.8847175906686222
carbon1,342,17,1.986202317125657
carbon1,343,17,1.7776392593103296
carbon1,344,17,1.891222638242385
carbon1,345,17,1.8549025759977453
carbon1,346,17,2.218713606105131
carbon1,347,17,2.0677660282920387
carbon1,348,17,2.035708890241735
carbon1,349,17,1.8322074623668896
carbon1,350,17,1.8414388263926786
carbon1,351,17,2.042470034431009
carbon1,352,17,1.809140286024879
carbon1,353,17,1.7721679210662842
carbon1,354,17,1.8042251923504997
carbon1,355,17,1.9810137398102705
carbon1,356,17,1.8839637812446146
carbon1,357,17,1.885935804423164
carbon1,358,17,1.856481341754689
carbon1,359,17,1.8772417026407577
carbon1,360,17,1.885937792413375
carbon1,361,17,1.9442729459089392
carbon1,362,17,1.9016707504496855
carbon1,363,17,1.9462284621070414
carbon1,364,17,1.9801484276266659
carbon1,365,17,1.8827491998672485
carbon1,366,17,1.867017603972379
carbon1,367,17,1.910270193043877
carbon1,368,17,2.1076065372018253
carbon1,369,17,2.0088954602970794
carbon1,370,17,1.9411310939227833
carbon1,371,17,2.0017078904544605
carbon1,372,17,2.0144147592432358
carbon1,373,17,2.0390390578438256
carbon1,374,17,2.139727978145375
carbon1,375,17,1.6291973170112162
carbon1,376,17,1.758785927996916
carbon1,377,17,2.0741604847066544
carbon1,378,17,1.8152660061331356
carbon1,379,17,1.9382685282651115
carbon1,380,17,1.9905981666901533
carbon1,381,17,2.0383802862728344
carbon1,382,17,1.9308251493117388
carbon1,383,17,1.8784163909799911
carbon1,384,17,1.891535190974965
carbon1,385,17,1.9431528133504532
carbon1,386,17,1.9692177912768196
carbon1,387,17,1.816931864794563
carbon1,388,17,1.9680570995106417
carbon1,389,17,1.9229367620804731
carbon1,390,17,1.8878349916023367
carbon1,391,17,1.6511752184699564
carbon1,392,17,1.9604648176361532
carbon1,393,17,1.8124154420459972
carbon1,394,17,1.9653447656070484
carbon1,395,17,1.927819518481984
carbon1,396,17,1.472629320972106
carbon1,397,17,1.750055162345662
carbon1,398,17,2.1683108350809883
carbon1,399,17,1.667990515337271
carbon1,400,17,1.7219662210520577
carbon1,401,17,2.0146224428625668
carbon1,402,17,1.5646047828828586
carbon1,403,17,1.6915257687077803
carbon1,404,17,1.9661802000859205
carbon1,405,17,1.9402863286873873
carbon1,406,17,1.8745109386303846
carbon1,407,17,1.9754612147808075
carbon1,408,17,1.6813402614172768
carbon1,409,17,1.7663447707891464
carbon1,410,17,1.7192159260020536
carbon1,411,17,1.6346484931076275
carbon1,412,17,2.114201505394543
carbon1,413,17,1.978774276726386
carbon1,414,17,1.8572482116082136
carbon1,415,17,1.7582490593194962
carbon1,416,17,1.7969156126765644
carbon1,417,17,2.2014816718942978
carbon1,418,17,1.9338510352022507
carbon1,419,17,1.8397792542681974
carbon1,420,17,1.6224991245304836
carbon1,421,17,1.764266296344645
carbon1,422,17,1.6493856784175425
carbon1,423,17,1.8642011197174297
carbon1,424,17,1.8618894473594778
carbon1,425,17,1.7411617058164932
carbon1,426,17,1.6822892611517626
carbon1,427,17,1.7938704385476953
carbon1,428,17,1.7770439175998463
carbon1,429,17,1.7772588423069786
carbon1,430,17,1.8221050904077642
carbon1,431,17,1.8920221802066355
carbon1,432,17,1.906536472194335
carbon1,433,17,1.7544695717446945
carbon1,434,17,1.8642520624048569
carbon1,435,17,2.037102047134848
carbon1,436,17,1.8429954735671772
carbon1,437,17,1.9006951021797516
carbon1,438,17,1.6310057640075684
carbon1,439,17,1.9933573515976177
carbon1,440,17,1.8295789799269508
carbon1,441,17,1.9880360084421493
carbon1,442,17,1.8072796691866482
carbon1,443,17,1.988507965031792
carbon1,444,17,2.0800433719859406
carbon1,445,17,1.972789550528807
carbon1,446,17,2.058911681175232
carbon1,447,17,2.055798656800214
carbon1,448,17,2.0587729425991284
carbon1,449,17,1.8917556650498335
carbon1,450,17,2.1543754549587475
carbon1,451,17,2.1877795808455525
carbon1,452,17,1.9042856991291046
carbon1,453,17,2.0874529165380142
carbon1,454,17,1.8756937551147796
carbon1,455,17,1.6224829195176853
carbon1,456,17,1.789466042728985
carbon1,457,17,1.8643028245252722
carbon1,458,17,1.8330847024917603
carbon1,459,17,1.9085605319808512
carbon1,460,17,2.059078472502091
carbon1,461,17,1.8981603664510391
carbon1,462,17,1.8269304212401896
carbon1,463,17,1.770966096835978
carbon1,464,17,1.7475886976017672
carbon1,465,17,1.821625621879802
carbon1,466,17,2.0121334703529583
carbon1,467,17,1.7002951117122875
carbon1,468,17,1.7318622741629095
carbon1,469,17,1.5155570156434004
carbon1,470,17,1.6841585127746357
carbon1,471,17,1.7377718126072603
carbon1,472,17,1.647127528400982
carbon1,473,17,1.824124672833611
carbon1,474,17,1.5046661469866247
carbon1,475,17,1.4448212139746721
carbon1,476,17,1.63978992840823
carbon1,477,17,1.7433168853030485
carbon1,478,17,2.040536750765408
carbon1,479,17,1.7435347744647194
carbon1,480,17,2.1154054166639553
carbon1,481,17,1.935121757142684
carbon1,482,17,1.8076907738166696
carbon1,483,17,1.8699210777002222
carbon1,484,17,1.8995422738439895
carbon1,485,17,1.6435522270553253
carbon1,486,17,1.644061778398121
carbon1,487,17,1.9116672198562061
carbon1,488,17,1.9493632009800743
carbon1,489,17,1.7617640241104013
carbon1,490,17,2.0136457339805713
carbon1,491,17,1.9098447990768097
carbon1,492,17,1.5694304660839193
carbon1,493,17,1.6668599423240213
carbon1,494,17,1.9289623691755182
carbon1,495,17,1.9214059114456177
carbon1,496,17,1.6992299127228119
carbon1,497,17,1.8332216853604597
carbon1,498,17,1.5402515705894022
carbon1,499,17,1.6995871102108675
carbon1,500,17,1.7269463355050367
carbon1,501,17,1.7318040535730475
carbon1,502,17,2.1075495069517807
carbon1,503,17,1.7199560789500965
carbon1,504,17,1.8929447987500359
carbon1,505,17,2.013927294927485
carbon1,506,17,1.980970347628874
carbon1,507,17,2.149880184846766
carbon1,508,17,1.6956492557245142
carbon1,509,17,1.953768243684488
carbon1,510,17,2.4771089904448567
carbon1,511,17,1.9286867730757769
carbon1,512,17,1.9455475035835714
carbon1,513,17,1.9278666271882898
carbon1,514,17,1.7764190645778881
carbon1,515,17,1.9386908762595232
carbon1,516,17,1.6405009557219112
carbon1,517,17,1.8988474730183096
carbon1,518,17,1.8551255201592165
carbon1,519,17,1.6421115521122427
carbon1,520,17,1.8831645548343658
carbon1,521,17,1.6983703199554891
carbon1,522,17,1.817506606964504
carbon1,523,17,1.850574387346997
carbon1,524,17,1.6363117528312348
carbon1,525,17,2.1901726337040173
carbon1,526,17,1.5672930163495682
carbon1,527,17,1.718447570415104
carbon1,528,17,1.6537370307042318
carbon1,529,17,1.6423295569770477
carbon1,530,17,1.7048753410139506
carbon1,531,17,2.0464831844848743
carbon1,532,17,1.6137270469437628
carbon1,533,17,1.8439089585753048
carbon1,534,17,1.6812802595908152
carbon1,535,17,1.960464616470477
carbon1,536,17,1.9088298222597908
carbon1,537,17,1.7251210416502811
carbon1,538,17,1.8561570701353691
carbon1,539,17,1.8225035514025127
carbon1,540,17,1.4248234258197687
carbon1,541,17,1.8921547514550827
carbon1,542,17,1.7063810829730595
carbon1,543,17,1.733846009873292
carbon1,544,17,1.8329783864319324
carbon1,545,17,1.7387234099647577
carbon1,546,17,1.5851997814195997
carbon1,547,17,1.8095007016159155
carbon1,548,17,1.7424719254760181
carbon1,549,17,1.9888767705244177
carbon1,550,17,1.7176608438877499
carbon1,551,17,1.901009301052374
carbon1,552,17,1.4114434909732902
carbon1,553,17,1.738291579134324
carbon1,554,17,1.6206181421875954
carbon1,555,17,1.7124367895371773
carbon1,556,17,1.7143812604686792
carbon1,557,17,1.7063442157471882
carbon1,558,17,1.7172618197167622
carbon1,559,17,2.0226278164807487
carbon1,560,17,1.8407684490084648
carbon1,561,17,2.080871592111447
carbon1,562,17,1.6979357372311985
carbon1,563,17,1.6112633012235165
carbon1,564,17,1.5634337182649796
carbon1,565,17,1.618813095285612
carbon1,566,17,1.7345266508705475
carbon1,567,17,1.905636084430358
carbon1,568,17,1.737724067971987
carbon1,569,17,1.84877713199924
carbon1,570,17,1.938940429402625
carbon1,571,17,1.664663912180592
carbon1,572,17,1.8056298607193373
carbon1,573,17,1.651070566738353
carbon1,574,17,1.7584126262980349
carbon1,575,17,1.9406226987347883
carbon1,576,17,1.6344905005877508
carbon1,577,17,1.9427034015602924
carbon1,578,17,1.8246640019557054
carbon1,579,17,1.814685218693579
carbon1,580,17,1.8827097288825934
carbon1,581,17,1.7438230795018814
carbon1,582,17,1.469083823811482
carbon1,583,17,1.6509314161889694
carbon1,584,17,1.59092741130906
carbon1,585,17,1.820635553011123
carbon1,586,17,1.6342809927814148
carbon1,587,17,1.7524525255841368
carbon1,588,17,1.820491297827924
carbon1,589,17,1.667371367706972
carbon1,590,17,1.6106844062314314
carbon1,591,17,1.6422646860865986
carbon1,592,17,1.6979795703116585
carbon1,593,17,1.6806969300788992
carbon1,594,17,1.6253536082804203
carbon1,595,17,1.548436351120472
carbon1,596,17,1.5782764667973799
carbon1,597,17,1.863163944114657
carbon1,598,17,1.741760328412056
carbon1,599,17,1.687145520659054
carbon1,600,17,1.7364576643004137
carbon1,601,17,1.9256589002907276
carbon1,602,17,1.8613954366129988
carbon1,603,17,1.7358798682689667
carbon1,604,17,1.8297836925177013
carbon1,605,17,2.0743871988619076
carbon1,606,17,1.6381635788609
carbon1,607,17,1.9735318154973143
carbon1,608,17,1.8816208997193504
carbon1,609,17,2.052956523702425
carbon1,610,17,1.7594068663961746
carbon1,611,17,1.762456840452026
carbon1,612,17,1.348832511507413
carbon1,613,17,1.789895871982855
carbon1,614,17,1.8770603686571121
carbon1,615,17,1.7617443449356978
carbon1,616,17,1.9438408972585903
carbon1,617,17,1.720250269069391
carbon1,618,17,1.921925594263217
carbon1,619,17,1.7861036390942686
carbon1,620,17,1.8536991152693243
carbon1,621,17,1.9840923039352192
carbon1,622,17,1.7626942746779497
carbon1,623,17,1.7426210054579903
carbon1,624,17,1.6435848478885258
carbon1,625,17,1.8221879167591823
carbon1,626,17,1.752205921446576
carbon1,627,17,1.8044502551064772
carbon1,628,17,1.7672701197512009
carbon1,629,17,2.0512252344804653
carbon1,630,17,1.6933320269865149
carbon1,631,17,1.7605781222091001
carbon1,632,17,1.7776395643458647
carbon1,633,17,1.661265311872258
carbon1,634,17,1.8707679667893578
carbon1,635,17,1.9391987814622766
carbon1,636,17,1.740641118849025
carbon1,637,17,1.776470753199914
carbon1,638,17,2.121127388056587
carbon1,639,17,1.8769275239285301
carbon1,640,17,1.604289421263863
carbon1,641,17,1.8543992182787727
carbon1,642,17,1.5732020740123356
carbon1,643,17,1.6316455379128456
carbon1,644,17,1.6494235054535025
carbon1,645,17,1.5566481847096891
carbon1,646,17,1.7209102441282833
carbon1,647,17,1.546113751390401
carbon1,648,17,1.5690424123450237
carbon1,649,17,1.6570602909607046
carbon1,650,17,1.6266114895834642
carbon1,651,17,1.6603736956329906
carbon1,652,17,1.6823989880435608
carbon1,653,17,1.6763436377925032
carbon1,654,17,1.287494468886186
carbon1,655,17,1.8925092765951859
carbon1,656,17,1.8014317926238566
carbon1,657,17,1.7469818758613922
carbon1,658,17,1.9191416703602846
carbon1,659,17,1.8250762535368694
carbon1,660,17,1.927775444353328
carbon1,661,17,1.906031215453849
carbon1,662,17,1.6310991239460075
carbon1,663,17,1.7217705486451877
carbon1,664,17,1.603146687588271
carbon1,665,17,2.1017322610406315
carbon1,666,17,1.7546817230827667
carbon1,667,17,1.9240573057357002
carbon1,668,17,1.6703881415374138
carbon1,669,17,1.7756649553775787
carbon1,670,17,1.8181995043859762
carbon1,671,17,1.800234614926226
carbon1,672,17,1.904548737932654
carbon1,673,17,1.6933669691138409
carbon1,674,17,1.6449084608432125
carbon1,675,17,1.7306584115414059
carbon1,676,17,1.8715460331124418
carbon1,677,17,1.791479290846516
carbon1,678,17,1.926556144567097
carbon1,679,17,1.6773053824025042
carbon1,680,17,1.7812696202274632
carbon1,681,17,1.7308264690286972
carbon1,682,17,1.6761402571026016
carbon1,683,17,1.6603315634762539
carbon1,684,17,1.7211884909912067
carbon1,685,17,1.7785952308160418
carbon1,686,17,1.676831181435024
carbon1,687,17,1.6728477905340053
carbon1,688,17,1.5978468248949331
carbon1,689,17,1.6560575861264677
carbon1,690,17,1.6768024701844244
carbon1,691,17,1.5816757985774208
carbon1,692,17,1.7069001611979568
carbon1,693,17,1.672065964954741
carbon1,694,17,1.6395338984096752
carbon1,695,17,1.7358832692398745
carbon1,696,17,1.4732669050640919
carbon1,697,17,1.6988596819779451
carbon1,698,17,1.7357281854047495
carbon1,699,17,1.5724864317213787
carbon1,700,17,1.5542954131960869
carbon1,701,17,2.043043801013161
carbon1,702,17,1.5972539896474165
carbon1,703,17,1.6554822713574942
carbon1,704,17,1.6512630044975702
carbon1,705,17,2.105143758742248
carbon1,706,17,1.9090937371639645
carbon1,707,17,1.8953243739464705
carbon1,708,17,1.625183064271422
carbon1,709,17,1.9273392186664484
carbon1,710,17,1.915467869490385
carbon1,711,17,2.075344454277964
carbon1,712,17,1.6731430875027882
carbon1,713,17,1.9772650560035425
carbon1,714,17,1.8305926821468508
carbon1,715,17,1.8568153278354336
carbon1,716,17,1.9335252235040945
carbon1,717,17,2.020865267033086
carbon1,718,17,1.871811004684252
carbon1,719,17,1.9239891175838078
carbon1,720,17,1.6831307699356008
carbon1,721,17,1.9283872601740502
carbon1,722,17,1.8529395916882683
carbon1,723,17,1.9067422712550444
carbon1,724,17,2.023042141514666
carbon1,725,17,1.7919652891509674
carbon1,726,17,1.7516156185199232
carbon1,727,17,1.8740301579236984
carbon1,728,17,1.8206783048808575
carbon1,729,17,1.9447912350296974
carbon1,730,17,1.9325183310052927
carbon1,731,17,1.852100703646155
carbon1,732,17,1.7888582062852734
carbon1,733,17,1.9224301098900682
carbon1,734,17,1.8475962706348474
carbon1,735,17,1.7210801217485876
carbon1,736,17,1.8067689678248238
carbon1,737,17,1.846103265443269
carbon1,738,17,1.696072041111834
carbon1,739,17,1.5959586237064178
carbon1,740,17,1.7706195102895008
carbon1,741,17,1.7995081329170395
carbon1,742,17,1.855090846910196
carbon1,743,17,1.8439137729651787
carbon1,744,17,1.7598015838028753
carbon1,745,17,1.9369328631197704
carbon1,746,17,1.7782965596107876
carbon1,747,17,1.8698086416458382
carbon1,748,17,1.981877603513353
carbon1,749,17,1.8425151228028185
carbon1,750,17,1.7275838018121088
carbon1,751,17,1.8523035176536615
carbon1,752,17,1.8136581303003956
carbon1,753,17,1.69212887041709
carbon1,754,17,1.8488438716706108
carbon1,755,17,1.9217185215914951
carbon1,756,17,1.6300102492027424
carbon1,757,17,1.7196992786929888
carbon1,758,17,1.726843462928253
carbon1,759,17,1.7424644117846209
carbon1,760,17,1.6788292312446762
carbon1,761,17,1.7994328605778076
carbon1,762,17,1.8690624542753487
carbon1,763,17,1.8145205319366033
carbon1,764,17,1.8981387036688186
carbon1,765,17,1.7406094775480383
carbon1,766,17,1.5923813217703033
carbon1,767,17,1.822809654123643
carbon1,768,17,1.9791642545777208
carbon1,769,17,1.870120571597534
carbon1,770,17,1.9529673794613165
carbon1,771,17,1.7260344966369516
carbon1,772,17,1.7473604775526945
carbon1,773,17,1.8805563471773092
carbon1,774,17,1.7827705781468575
carbon1,775,17,1.9916362473193336
carbon1,776,17,2.1121576533598057
carbon1,777,17,1.9111077112748343
carbon1,778,17,1.9549531726276173
carbon1,779,17,1.7624932089272667
carbon1,780,17,1.6358492320732159
carbon1,781,17,1.7833782050977736
carbon1,782,17,1.8341701970819164
carbon1,783,17,1.8432057521799032
carbon1,784,17,1.8029544108054216
carbon1,785,17,1.7934476921663565
carbon1,786,17,1.6252962370567463
carbon1,787,17,2.0123897308812424
carbon1,788,17,1.7547203273895908
carbon1,789,17,1.8837275294696583
carbon1,790,17,1.8530040343894678
carbon1,791,17,1.7480480486855787
carbon1,792,17,1.6327141708530046
carbon1,793,17,1.8283763926695376
carbon1,794,17,1.747372991679346
carbon1,795,17,1.8505959313581972
carbon1,796,17,1.7575758108321358
carbon1,797,17,1.803937814253218
carbon1,798,17,1.9923779473585241
carbon1,799,17,1.7445937946219654
carbon1,800,17,2.242222792962018
carbon1,801,17,2.2034879712497486
carbon1,802,17,2.047185818938648
carbon1,803,17,2.1260434915037716
carbon1,804,17,1.692273092620513
carbon1,805,17,1.8357169768389534
carbon1,806,17,1.981963368023143
carbon1,807,17,2.1048256649690518
carbon1,808,17,2.1421051376006184
carbon1,809,17,2.1311015802271225
carbon1,810,17,1.8869982537101297
carbon1,811,17,1.8467790238997515
carbon1,812,17,2.0248500669703766
carbon1,813,17,1.7611579965142643
carbon1,814,17,1.8543878162608427
carbon1,815,17,1.8777246825835283
carbon1,816,17,1.7595211688209982
carbon1,817,17,1.6939948656979729
carbon1,818,17,1.772570764317232
carbon1,819,17,1.775515359990737
carbon1,820,17,1.8030640658210306
carbon1,821,17,1.746725601308486
carbon1,822,17,2.08381748900694
carbon1,823,17,1.6961112478200127
carbon1,824,17,1.6865871408406425
carbon1,825,17,1.8616768858012032
carbon1,826,17,2.257817303433138
carbon1,827,17,1.9582074863069199
carbon1,828,17,1.7221661315244787
carbon1,829,17,1.8059293627738953
carbon1,830,17,2.0168612757149864
carbon1,831,17,1.7463307976722717
carbon1,832,17,2.031835955732009
carbon1,833,17,2.019003664746004
carbon1,834,17,1.6878743417122786
carbon1,835,17,1.7655706440701204
carbon1,836,17,1.9073866886251114
carbon1,837,17,1.9678555306266337
carbon1,838,17,2.027212746003095
carbon1,839,17,1.7607518364401424
carbon1,840,17,1.615845734582228
carbon1,841,17,1.8073186997105093
carbon1,842,17,2.113985201891731
carbon1,843,17,1.9137124454273897
carbon1,844,17,1.8653901254429537
carbon1,845,17,2.198554284432355
carbon1,846,17,1.762465657556758
carbon1,847,17,1.878434708889793
carbon1,848,16,1.9583275094628334
carbon1,849,16,1.981708213686943
carbon1,850,16,1.855731301009655
carbon1,851,16,1.9749561995267868
carbon1,852,16,1.600313488394022
carbon1,853,16,1.7244037762284279
carbon1,854,16,1.8218653723597527
carbon1,855,16,1.7199648395180702
carbon1,856,16,2.0487267896533012
carbon1,857,16,1.9599339663982391
carbon1,858,16,1.8080480881035328
carbon1,859,16,1.903665654361248
carbon1,860,16,2.1043377816677094
carbon1,861,16,1.8128731101751328
carbon1,862,16,1.8281992748379707
carbon1,863,16,2.027842365205288
carbon1,864,16,1.667537486180663
carbon1,865,16,1.8772790301591158
carbon1,866,16,1.9875229969620705
carbon1,867,16,2.06706166267395
carbon1,868,16,1.791767206043005
carbon1,869,16,1.993963211774826
carbon1,870,16,2.022135753184557
carbon1,871,16,1.9635752215981483
carbon1,872,16,1.823724515736103
carbon1,873,16,1.9967933967709541
carbon1,874,16,1.8530321717262268
carbon1,875,16,1.8826862499117851
carbon1,876,16,1.5863479524850845
carbon1,877,16,1.878675177693367
carbon1,878,16,2.026704825460911
carbon1,879,16,1.9028235003352165
carbon1,880,16,2.05889730155468
carbon1,881,16,1.9201206117868423
carbon1,882,16,1.7314850687980652
carbon1,883,16,1.8715416640043259
carbon1,884,16,1.8592231310904026
carbon1,885,16,1.7738943472504616
carbon1,886,16,2.2348117530345917
carbon1,887,16,1.8628710620105267
carbon1,888,16,2.003268413245678
carbon1,889,16,1.907673392444849
carbon1,890,16,1.99751615524292
carbon1,891,16,1.7895133644342422
carbon1,892,16,1.9617394618690014
carbon1,893,16,2.020008809864521
carbon1,894,16,1.8913588356226683
carbon1,895,16,2.1060889661312103
carbon1,896,16,1.8744153082370758
carbon1,897,16,1.9973068237304688
carbon1,898,16,1.875724546611309
carbon1,899,16,2.1488644778728485
carbon1,900,16,1.7498462796211243
carbon1,901,16,2.1116302385926247
carbon1,902,16,1.9160429388284683
carbon1,903,16,1.9051978886127472
carbon1,904,16,2.046462334692478
carbon1,905,16,2.000122256577015
carbon1,906,16,1.9094441793859005
carbon1,907,16,2.063377119600773
carbon1,908,16,1.9718267768621445
carbon1,909,16,2.0002156421542168
carbon1,910,16,1.905041940510273
carbon1,911,16,1.991090439260006
carbon1,912,16,1.7204624786973
carbon1,913,16,1.7847826555371284
carbon1,914,16,1.9982901886105537
carbon1,915,16,2.049627795815468
carbon1,916,16,1.8681951984763145
carbon1,917,16,1.9088313803076744
carbon1,918,16,1.789359049871564
carbon1,919,16,1.8731550499796867
carbon1,920,16,1.994588702917099
carbon1,921,16,1.905472420156002
carbon1,922,16,1.7591439709067345
carbon1,923,16,2.0182829201221466
carbon1,924,16,1.769126258790493
carbon1,925,16,2.0708823278546333
carbon1,926,16,1.9426100850105286
carbon1,927,16,2.126222051680088
carbon1,928,16,1.9483283758163452
carbon1,929,16,1.8613929003477097
carbon1,930,16,1.737190391868353
carbon1,931,16,2.11286997795105
carbon1,932,16,2.009957432746887
carbon1,933,16,2.019602343440056
carbon1,934,16,2.0268454253673553
carbon1,935,16,2.105373688042164
carbon1,936,16,1.7732363753020763
carbon1,937,16,1.9381874203681946
carbon1,938,16,1.9164165407419205
carbon1,939,16,1.7394773624837399
carbon1,940,16,2.1148757934570312
carbon1,941,16,1.9410782679915428
carbon1,942,16,1.8549172952771187
carbon1,943,16,2.058709792792797
carbon1,944,16,1.8665311597287655
carbon1,945,16,2.045672170817852
carbon1,946,16,1.9256123378872871
carbon1,947,16,1.8781068995594978
carbon1,948,16,1.9623592104762793
carbon1,949,16,1.759278878569603
carbon1,950,16,1.8651164695620537
carbon1,951,16,1.9334276989102364
carbon1,952,16,1.971964456140995
carbon1,953,16,1.7182999476790428
carbon1,954,16,1.7016899958252907
carbon1,955,16,2.054586410522461
carbon1,956,16,1.9539770856499672
carbon1,957,16,1.8868833556771278
carbon1,958,16,1.8230771720409393
carbon1,959,16,1.883284367620945
carbon1,960,16,2.002290904521942
carbon1,961,16,2.0180350244045258
carbon1,962,16,2.082965224981308
carbon1,963,16,1.9127727150917053
carbon1,964,16,2.0498741194605827
carbon1,965,16,1.9499232843518257
carbon1,966,16,1.9816715493798256
carbon1,967,16,1.9261766523122787
carbon1,968,16,1.962232805788517
carbon1,969,16,1.89631537348032
carbon1,970,16,1.8959828466176987
carbon1,971,16,1.9081470146775246
carbon1,972,16,1.9357736110687256
carbon1,973,16,1.8373311012983322
carbon1,974,16,2.1743668764829636
carbon1,975,16,1.8785580396652222
carbon1,976,16,2.0055509507656097
carbon1,977,16,1.9911212846636772
carbon1,978,16,1.8082378432154655
carbon1,979,16,2.1031039506196976
carbon1,980,16,1.9184683561325073
carbon1,981,16,1.8669457957148552
carbon1,982,16,2.134742811322212
carbon1,983,16,1.9394215047359467
carbon1,984,16,1.8711838573217392
carbon1,985,16,1.9194552898406982
carbon1,986,16,1.9476903453469276
carbon1,987,16,2.064636468887329
carbon1,988,16,2.0130163431167603
carbon1,989,16,1.9198415875434875
carbon1,990,16,1.850584328174591
carbon1,991,16,1.9664800241589546
carbon1,992,16,1.982324168086052
carbon1,993,16,1.9801759645342827
carbon1,994,16,1.9056238383054733
carbon1,995,16,1.931157574057579
carbon1,996,16,1.928799970075488
carbon1,997,16,1.8536457400768995
carbon1,998,16,1.8522339519113302
carbon1,999,16,1.7607383392751217
carbon1,1000,16,1.800713799893856
carbon1,1001,16,1.8025341629981995
carbon1,1002,16,1.8755262792110443
carbon1,1003,16,1.882843827828765
carbon1,1004,16,1.9371959157288074
carbon1,1005,16,1.8389649596065283
carbon1,1006,16,1.936538577079773
carbon1,1007,16,1.911011002957821
carbon1,1008,16,1.6360101383179426
carbon1,1009,16,1.7149867489933968
carbon1,1010,16,1.8770642131567001
carbon1,1011,16,1.9096015393733978
carbon1,1012,16,2.1302326396107674
carbon1,1013,16,2.009375534951687
carbon1,1014,16,1.5398858971893787
carbon1,1015,16,1.7677107881754637
carbon1,1016,16,1.859397443011403
carbon1,1017,16,1.8459965027868748
carbon1,1018,16,1.8478919044137
carbon1,1019,16,1.8815522640943527
carbon1,1020,16,1.789983682334423
carbon1,1021,16,1.9521511942148209
carbon1,1022,16,1.9166006445884705
carbon1,1023,16,1.8429853096604347
carbon1,1024,16,1.7858475372195244
carbon1,1025,16,1.8492361679673195
carbon1,1026,16,1.7134173326194286
carbon1,1027,16,1.6482045017182827
carbon1,1028,16,1.8499611765146255
carbon1,1029,16,1.6070463508367538
carbon1,1030,16,1.9580537974834442
carbon1,1031,16,1.9113131985068321
carbon1,1032,16,1.723908670246601
carbon1,1033,16,1.8782449681311846
carbon1,1034,16,1.802855484187603
carbon1,1035,16,1.842400312423706
carbon1,1036,16,1.819328673183918
carbon1,1037,16,1.7578750848770142
carbon1,1038,16,1.8737173546105623
carbon1,1039,16,1.6772215999662876
carbon1,1040,16,2.1988970264792442
carbon1,1041,16,2.165932971984148
carbon1,1042,16,2.312906727194786
carbon1,1043,16,2.0709323585033417
carbon1,1044,16,1.7462408812716603
carbon1,1045,16,2.0064323730766773
carbon1,1046,16,1.692410464398563
carbon1,1047,16,2.0495099872350693
carbon1,1048,16,1.954183230176568
carbon1,1049,16,1.7435155399143696
carbon1,1050,16,1.769026200287044
carbon1,1051,16,1.8297320986166596
carbon1,1052,16,1.8625901388004422
carbon1,1053,16,1.7401651591062546
carbon1,1054,16,1.9259133953601122
carbon1,1055,16,1.8714103698730469
carbon1,1056,16,1.8049282375723124
carbon1,1057,16,1.6108023077249527
carbon1,1058,16,1.9085574839264154
carbon1,1059,16,1.7871458679437637
carbon1,1060,16,2.1446971371769905
carbon1,1061,16,2.027695119380951
carbon1,1062,16,1.5123120648786426
carbon1,1063,16,1.934453840367496
carbon1,1064,16,1.6310116983950138
carbon1,1065,16,1.6434989469125867
carbon1,1066,16,1.7908137673512101
carbon1,1067,16,1.703320700675249
carbon1,1068,16,1.9502000911161304
carbon1,1069,16,1.7834279779344797
carbon1,1070,16,2.0727401319891214
carbon1,1071,16,2.0728484466671944
carbon1,1072,16,1.99978905916214
carbon1,1073,16,2.0018517300486565
carbon1,1074,16,1.6571103930473328
carbon1,1075,16,1.7930068522691727
carbon1,1076,16,1.827313657850027
carbon1,1077,16,1.9081414006650448
carbon1,1078,16,1.8721008747816086
carbon1,1079,16,1.8941816836595535
carbon1,1080,16,1.7995012891478837
carbon1,1081,16,1.7953983023762703
carbon1,1082,16,1.8183842692524195
carbon1,1083,16,1.8336263429373503
carbon1,1084,16,1.871625181287527
carbon1,1085,16,1.745558281429112
carbon1,1086,16,1.892004752997309
carbon1,1087,16,1.7442717961966991
carbon1,1088,16,1.8499061847105622
carbon1,1089,16,1.6516863834112883
carbon1,1090,16,1.6532045640051365
carbon1,1091,16,1.8382576014846563
carbon1,1092,16,1.6406627278774977
carbon1,1093,16,1.7660866752266884
carbon1,1094,16,1.6175733916461468
carbon1,1095,16,1.7324719075113535
carbon1,1096,16,1.7041789209470153
carbon1,1097,16,1.8361462652683258
carbon1,1098,16,1.7621137723326683
carbon1,1099,16,1.6416574795730412
carbon1,1100,16,1.7678987504914403
carbon1,1101,16,1.6570661384612322
carbon1,1102,16,1.6929207984358072
carbon1,1103,16,1.6598340719938278
carbon1,1104,16,1.8826404535211623
carbon1,1105,16,2.0050125140696764
carbon1,1106,16,1.9990810975432396
carbon1,1107,16,1.8502424573525786
carbon1,1108,16,1.6647087819874287
carbon1,1109,16,1.7544649373739958
carbon1,1110,16,2.14682231284678
carbon1,1111,16,1.8356844456866384
carbon1,1112,16,2.0021615736186504
carbon1,1113,16,1.5255453987047076
carbon1,1114,16,2.1188179180026054
carbon1,1115,16,1.7132423054426908
carbon1,1116,16,1.553671132773161
carbon1,1117,16,2.1654841667041183
carbon1,1118,16,1.710663802921772
carbon1,1119,16,1.7292293338105083
carbon1,1120,16,1.8261441737413406
carbon1,1121,16,2.00462984200567
carbon1,1122,16,1.686323745176196
carbon1,1123,16,1.781369157601148
carbon1,1124,16,1.7101699537597597
carbon1,1125,16,1.863284906372428
carbon1,1126,16,1.7592395124956965
carbon1,1127,16,1.74292460270226
carbon1,1128,16,1.7219710797071457
carbon1,1129,16,1.783146140165627
carbon1,1130,16,1.8270607069134712
carbon1,1131,16,1.8922118358314037
carbon1,1132,16,1.750754227861762
carbon1,1133,16,1.9023378221318126
carbon1,1134,16,1.5877252677455544
carbon1,1135,16,1.6361170946620405
carbon1,1136,16,1.8553463071584702
carbon1,1137,16,1.8427904704585671
carbon1,1138,16,1.8318545874208212
carbon1,1139,16,1.8361087823286653
carbon1,1140,16,1.8226611334830523
carbon1,1141,16,1.6829610662534833
carbon1,1142,16,1.7005278319120407
carbon1,1143,16,1.7016703225672245
carbon1,1144,16,1.7936894223093987
carbon1,1145,16,1.9094093702733517
carbon1,1146,16,2.027627588249743
carbon1,1147,16,1.6169313490390778
carbon1,1148,16,1.777617733925581
carbon1,1149,16,1.6126590883359313
carbon1,1150,16,1.8890311615541577
carbon1,1151,16,1.8640613732859492
carbon1,1152,16,1.861046252772212
carbon1,1153,16,1.7204815987497568
carbon1,1154,16,1.9150847531855106
carbon1,1155,16,1.501180924475193
carbon1,1156,16,1.5688547771424055
carbon1,1157,16,1.709076676517725
carbon1,1158,16,1.646430678665638
carbon1,1159,16,1.44023690931499
carbon1,1160,16,1.5945779047906399
carbon1,1161,16,1.9688449874520302
carbon1,1162,16,1.6053660362958908
carbon1,1163,16,1.9001425877213478
carbon1,1164,16,1.7584234587848186
carbon1,1165,16,1.5721405539661646
carbon1,1166,16,2.0523470789194107
carbon1,1167,16,1.9997311607003212
carbon1,1168,16,1.8871523663401604
carbon1,1169,16,1.9687298461794853
carbon1,1170,16,2.2882699221372604
carbon1,1171,16,1.9020596072077751
carbon1,1172,16,2.026887036859989
carbon1,1173,16,1.9136617928743362
carbon1,1174,16,1.947151206433773
carbon1,1175,16,1.9137019850313663
carbon1,1176,16,1.5238849837332964
carbon1,1177,16,1.8768117651343346
carbon1,1178,16,1.7912748754024506
carbon1,1179,16,1.9538667798042297
carbon1,1180,16,1.9684500023722649
carbon1,1181,16,2.0780313163995743
carbon1,1182,16,1.716396950185299
carbon1,1183,16,2.209897756576538
carbon1,1184,16,1.9839448034763336
carbon1,1185,16,2.175939694046974
carbon1,1186,16,1.929582767188549
carbon1,1187,16,2.211100086569786
carbon1,1188,16,1.8752484023571014
carbon1,1189,16,2.0123230144381523
carbon1,1190,16,1.9735226035118103
carbon1,1191,16,2.0328102335333824
carbon1,1192,16,1.8279065117239952
carbon1,1193,16,1.9236898720264435
carbon1,1194,16,1.6401640912517905
carbon1,1195,16,1.9529182128608227
carbon1,1196,16,1.990954466164112
carbon1,1197,16,1.8108596876263618
carbon1,1198,16,1.9045313950628042
carbon1,1199,16,1.8979721367359161
carbon1,1200,16,1.8194399024359882
carbon1,1201,16,1.9690738320350647
carbon1,1202,16,2.06876240670681
carbon1,1203,16,1.9010693579912186
carbon1,1204,16,1.7908896505832672
carbon1,1205,16,1.9434869959950447
carbon1,1206,16,1.8584424201399088
carbon1,1207,16,1.7459795027971268
carbon1,1208,16,1.7450746670365334
carbon1,1209,16,1.7990260776132345
carbon1,1210,16,1.9104465851560235
carbon1,1211,16,2.0252630040049553
carbon1,1212,16,1.7356050349771976
carbon1,1213,16,1.8338006753474474
carbon1,1214,16,1.847321102861315
carbon1,1215,16,1.9560098983347416
carbon1,1216,16,1.7846305165439844
carbon1,1217,16,1.9416353292763233
carbon1,1218,16,1.692442163825035
carbon1,1219,16,1.9229985419660807
carbon1,1220,16,1.7050020778551698
carbon1,1221,16,1.8323938474059105
carbon1,1222,16,1.8715062364935875
carbon1,1223,16,1.8616336416453123
carbon1,1224,16,1.7237969134002924
carbon1,1225,16,1.8061409182846546
carbon1,1226,16,1.9798234030604362
carbon1,1227,16,1.7949653416872025
carbon1,1228,16,1.9887778833508492
carbon1,1229,16,1.843043725937605
carbon1,1230,16,1.5962282242253423
carbon1,1231,16,1.6762448567897081
carbon1,1232,16,1.875984687358141
carbon1,1233,16,1.8707593474537134
carbon1,1234,16,1.7293093940243125
carbon1,1235,16,1.7709806710481644
carbon1,1236,16,1.6836510319262743
carbon1,1237,16,1.7825172934681177
carbon1,1238,16,1.816975323483348
carbon1,1239,16,1.7760499715805054
carbon1,1240,16,1.9162986055016518
carbon1,1241,16,1.9152961373329163
carbon1,1242,16,2.12016449123621
carbon1,1243,16,1.9225494638085365
carbon1,1244,16,1.9452420268207788
carbon1,1245,16,1.8399894069880247
carbon1,1246,16,2.0878945738077164
carbon1,1247,16,2.133730284869671
carbon1,1248,16,1.915797047317028
carbon1,1249,16,1.8005740270018578
carbon1,1250,16,2.0420117676258087
carbon1,1251,16,1.9047655165195465
carbon1,1252,16,1.8909128606319427
carbon1,1253,16,2.0287033766508102
carbon1,1254,16,2.047454234212637
carbon1,1255,16,1.811178645119071
carbon1,1256,16,1.885669056326151
carbon1,1257,16,1.809923818334937
carbon1,1258,16,1.8508267253637314
carbon1,1259,16,1.873967744410038
carbon1,1260,16,1.9703983142971992
carbon1,1261,16,1.738085442688316
carbon1,1262,16,1.8238467099145055
carbon1,1263,16,1.8493881719186902
carbon1,1264,16,1.7769064214080572
carbon1,1265,16,1.9904323033988476
carbon1,1266,16,1.5928341886028647
carbon1,1267,16,1.8522712644189596
carbon1,1268,16,2.026055032387376
carbon1,1269,16,1.878344589844346
carbon1,1270,16,1.900395207107067
carbon1,1271,16,2.098681814968586
carbon1,1272,16,1.8280056286603212
carbon1,1273,16,2.0302459774538875
carbon1,1274,16,1.75979657843709
carbon1,1275,16,1.9646809282712638
carbon1,1276,16,1.884047033265233
carbon1,1277,16,1.921146103180945
carbon1,1278,16,1.7321550834458321
carbon1,1279,16,1.7803078326396644
carbon1,1280,16,2.2422338277101517
carbon1,1281,16,1.8360782274976373
carbon1,1282,16,1.867047568783164
carbon1,1283,16,1.8286370877176523
carbon1,1284,16,1.71225526323542
carbon1,1285,16,1.8830476547591388
carbon1,1286,16,1.906351116951555
carbon1,1287,16,1.7939979024231434
carbon1,1288,16,1.8262221021577716
carbon1,1289,16,1.8712643086910248
carbon1,1290,16,1.7137881200760603
carbon1,1291,16,1.9188529374077916
carbon1,1292,16,1.9178701359778643
carbon1,1293,16,1.7446677051484585
carbon1,1294,16,1.7575743328779936
carbon1,1295,16,1.8163216295652092
carbon1,1296,16,1.7607619035989046
carbon1,1297,16,1.7108908160589635
carbon1,1298,16,1.7886475510895252
carbon1,1299,16,1.7177246653009206
carbon1,1300,16,1.6876105414703488
carbon1,1301,16,1.7774131810292602
carbon1,1302,16,1.6142703271470964
carbon1,1303,16,1.6371665301267058
carbon1,1304,16,1.675929139368236
carbon1,1305,16,1.780356083996594
carbon1,1306,16,1.8625420182943344
carbon1,1307,16,2.257343962788582
carbon1,1308,16,1.5466754771769047
carbon1,1309,16,1.7925723232328892
carbon1,1310,16,1.7482871394604445
carbon1,1311,16,1.9864707672968507
carbon1,1312,16,1.7598240412771702
carbon1,1313,16,1.9737509489059448
carbon1,1314,16,1.777328816242516
carbon1,1315,16,1.7500921040773392
carbon1,1316,16,1.8784564016386867
carbon1,1317,16,1.6366834049113095
carbon1,1318,16,1.9509126548655331
carbon1,1319,16,1.843211080878973
carbon1,1320,16,1.9056856252718717
carbon1,1321,16,1.878657452762127
carbon1,1322,16,1.7551229847595096
carbon1,1323,16,2.1372703164815903
carbon1,1324,16,2.0183885348960757
carbon1,1325,16,1.9614836517721415
carbon1,1326,16,1.687596577219665
carbon1,1327,16,1.8631584020331502
carbon1,1328,16,1.8657573284581304
carbon1,1329,16,1.8592473771423101
carbon1,1330,16,1.892489306628704
carbon1,1331,16,1.8044288428500295
carbon1,1332,16,1.8467204878106713
carbon1,1333,16,2.0090275667607784
carbon1,1334,16,1.8607170637696981
carbon1,1335,16,1.897156578488648
carbon1,1336,16,1.727326319552958
carbon1,1337,16,1.8369852006435394
carbon1,1338,16,1.926172561943531
carbon1,1339,16,2.077398717403412
carbon1,1340,16,1.7017040252685547
carbon1,1341,16,1.8583534308709204
carbon1,1342,16,1.9431662894785404
carbon1,1343,16,1.9221865609288216
carbon1,1344,16,1.929322992451489
carbon1,1345,16,1.9590872507542372
carbon1,1346,16,1.8393550338223577
carbon1,1347,16,1.8137810649350286
carbon1,1348,16,2.0220601949840784
carbon1,1349,16,1.8925260547548532
carbon1,1350,16,1.7472457604017109
carbon1,1351,16,1.7551035154610872
carbon1,1352,16,2.0362001806497574
carbon1,1353,16,2.153241403400898
carbon1,1354,16,1.8176180911250412
carbon1,1355,16,1.924589516595006
carbon1,1356,16,1.5103662149049342
carbon1,1357,16,1.9100274094380438
carbon1,1358,16,1.7639582259580493
carbon1,1359,16,2.2790967002511024
carbon1,1360,16,2.136664755642414
carbon1,1361,16,2.1181303709745407
carbon1,1362,16,1.6692370399832726
carbon1,1363,16,2.0181550420820713
carbon1,1364,16,1.8790375366806984
carbon1,1365,16,1.9591231979429722
carbon1,1366,16,1.9788637459278107
carbon1,1367,16,1.8104875981807709
carbon1,1368,16,1.9037433490157127
carbon1,1369,16,1.7622684435918927
carbon1,1370,16,1.8033702266402543
carbon1,1371,16,1.8472972633317113
carbon1,1372,16,1.8567397519946098
carbon1,1373,16,1.7494776863604784
carbon1,1374,16,1.8130158665589988
carbon1,1375,16,1.9171230271458626
carbon1,1376,16,1.9464098257012665
carbon1,1377,16,1.8522147368639708
carbon1,1378,16,1.8595122825354338
carbon1,1379,16,1.91007820982486
carbon1,1380,16,1.7035734839737415
carbon1,1381,16,1.7577264728024602
carbon1,1382,16,1.7444612823892385
carbon1,1383,16,1.8105172691866755
carbon1,1384,16,1.9695699699223042
carbon1,1385,16,1.7387826424092054
carbon1,1386,16,1.843846880365163
carbon1,1387,16,1.7708315746858716
carbon1,1388,16,1.7175184362567961
carbon1,1389,16,1.6750151496380568
carbon1,1390,16,1.69752936065197
carbon1,1391,16,1.9033756628632545
carbon1,1392,16,1.6688436574768275
carbon1,1393,16,1.9881519083864987
carbon1,1394,16,1.8652379331178963
carbon1,1395,16,1.8143061939626932
carbon1,1396,16,1.904858734458685
carbon1,1397,16,1.9168184422887862
carbon1,1398,16,1.6803128295578063
carbon1,1399,16,1.9265600331127644
carbon1,1400,16,1.8350010877475142
carbon1,1401,16,1.8886849973350763
carbon1,1402,16,1.8495932156220078
carbon1,1403,16,1.9793289173394442
carbon1,1404,16,1.8213088139891624
carbon1,1405,16,1.9311918960884213
carbon1,1406,16,1.8515510531142354
carbon1,1407,16,1.759032285772264
carbon1,1408,16,1.6988333808258176
carbon1,1409,16,1.7419784236699343
carbon1,1410,16,1.7711943336762488
carbon1,1411,16,1.864330606535077
carbon1,1412,16,1.7868082411587238
carbon1,1413,16,1.9191557308658957
carbon1,1414,16,1.8954646121710539
carbon1,1415,16,1.884733121842146
carbon1,1416,16,1.8741676211357117
carbon1,1417,16,1.700888260267675
carbon1,1418,16,1.9244439648464322
carbon1,1419,16,1.704159339889884
carbon1,1420,16,1.8582814987748861
carbon1,1421,16,1.7145000528544188
carbon1,1422,16,1.626825485844165
carbon1,1423,16,1.9006661977618933
carbon1,1424,16,1.8082415526732802
carbon1,1425,16,1.7816915903240442
carbon1,1426,16,1.7322396002709866
carbon1,1427,16,1.696383224800229
carbon1,1428,16,1.8938678200356662
carbon1,1429,16,1.8858330454677343
carbon1,1430,16,1.7138924589380622
carbon1,1431,16,1.9331088652834296
carbon1,1432,16,1.9971677511930466
carbon1,1433,16,1.9303594026714563
carbon1,1434,16,1.8071605786681175
carbon1,1435,16,1.8282665768638253
carbon1,1436,16,1.910467613954097
carbon1,1437,16,1.7329492897260934
carbon1,1438,16,1.7110634548589587
carbon1,1439,16,1.7615821091458201
carbon1,1440,16,1.6950350366532803
carbon1,1441,16,2.0179401878267527
carbon1,1442,16,1.78551216237247
carbon1,1443,16,1.8964141178876162
carbon1,1444,16,1.8598792403936386
carbon1,1445,16,2.0579102262854576
carbon1,1446,16,1.6714974278584123
carbon1,1447,16,1.9106770679354668
carbon1,1448,16,1.7219637762755156
carbon1,1449,16,1.8731463588774204
carbon1,1450,16,1.8903168309479952
carbon1,1451,16,1.8244207026436925
carbon1,1452,16,1.6610691379755735
carbon1,1453,16,1.595504466444254
carbon1,1454,16,1.8097831532359123
carbon1,1455,16,1.9055775851011276
carbon1,1456,16,1.759332314133644
carbon1,1457,16,1.8557299338281155
carbon1,1458,16,1.7019950421527028
carbon1,1459,16,1.7980713043361902
carbon1,1460,16,1.8274628855288029
carbon1,1461,16,1.6963616199791431
carbon1,1462,16,1.86149915587157
carbon1,1463,16,1.6255736509338021
carbon1,1464,16,1.658322751056403
carbon1,1465,16,1.9778881035745144
carbon1,1466,16,1.7629747726023197
carbon1,1467,16,1.9837458487600088
carbon1,1468,16,1.907160246744752
carbon1,1469,16,1.6622755392454565
carbon1,1470,16,1.7178004020825028
carbon1,1471,16,1.848011908121407
carbon1,1472,16,2.0653008623048663
carbon1,1473,16,2.1815134286880493
carbon1,1474,16,2.004078531637788
carbon1,1475,16,1.7975966548547149
carbon1,1476,16,1.7609075121581554
carbon1,1477,16,2.238084852695465
carbon1,1478,16,1.7701507955789566
carbon1,1479,16,1.7693196162581444
carbon1,1480,16,1.9589586853981018
carbon1,1481,16,1.9744772762060165
carbon1,1482,16,1.8528647515922785
carbon1,1483,16,2.009978087618947
carbon1,1484,16,1.9068570788949728
carbon1,1485,16,1.6493490934371948
carbon1,1486,16,1.8149792971089482
carbon1,1487,16,1.6635176721028984
carbon1,1488,16,1.6207018059212714
carbon1,1489,16,1.6811533253639936
carbon1,1490,16,1.725003993138671
carbon1,1491,16,1.815680406987667
carbon1,1492,16,1.7590920198708773
carbon1,1493,16,2.0663216337561607
carbon1,1494,16,1.775759743526578
carbon1,1495,16,2.1082155629992485
carbon1,1496,16,1.9722404591739178
carbon1,1497,16,2.0816359519958496
carbon1,1498,16,2.2382250502705574
carbon1,1499,16,2.274506688117981
carbon1,1500,16,2.0377726405858994
carbon1,1501,16,1.9991892576217651
carbon1,1502,16,1.9047375582158566
carbon1,1503,16,1.8764812350273132
carbon1,1504,16,1.888581819832325
carbon1,1505,16,1.7883882001042366
carbon1,1506,16,1.9988361969590187
carbon1,1507,16,1.9674353264272213
carbon1,1508,16,1.7775731980800629
carbon1,1509,16,2.1768909320235252
carbon1,1510,16,1.900095097720623
carbon1,1511,16,2.0850347131490707
carbon1,1512,16,2.0134305208921432
carbon1,1513,16,1.9445019662380219
carbon1,1514,16,1.8059647977352142
carbon1,1515,16,2.0313050895929337
carbon1,1516,16,1.959011271595955
carbon1,1517,16,1.9991429522633553
carbon1,1518,16,2.023824267089367
carbon1,1519,16,2.1099201142787933
carbon1,1520,16,1.9461932480335236
carbon1,1521,16,1.9739374667406082
carbon1,1522,16,1.8674862086772919
carbon1,1523,16,2.023180730640888
carbon1,1524,16,1.9442844167351723
carbon1,1525,16,2.0966571494936943
carbon1,1526,16,1.8922204375267029
carbon1,1527,16,1.9287792071700096
carbon1,1528,16,2.092182978987694
carbon1,1529,16,1.9248844608664513
carbon1,1530,16,1.7330080568790436
carbon1,1531,16,2.102655939757824
carbon1,1532,16,1.8686105087399483
carbon1,1533,16,1.9414818063378334
carbon1,1534,16,1.9152854308485985
carbon1,1535,16,2.0180215165019035
carbon1,1536,16,1.6016143951565027
carbon1,1537,16,1.9166118502616882
carbon1,1538,16,1.8797823786735535
carbon1,1539,16,1.8061964698135853
carbon1,1540,16,1.8271539360284805
carbon1,1541,16,1.8264541141688824
carbon1,1542,16,1.7095994241535664
carbon1,1543,16,1.8127832561731339
carbon1,1544,16,1.6750553268939257
carbon1,1545,16,1.9235423104837537
carbon1,1546,16,1.872103601694107
carbon1,1547,16,1.7972177155315876
carbon1,1548,16,1.662670897319913
carbon1,1549,16,1.7563853338360786
carbon1,1550,16,1.7603992354124784
carbon1,1551,16,1.9662340097129345
carbon1,1552,16,1.8710091672837734
carbon1,1553,16,1.6459487490355968
carbon1,1554,16,1.7880757078528404
carbon1,1555,16,1.8868568316102028
carbon1,1556,16,2.0533525720238686
carbon1,1557,16,1.838429357856512
carbon1,1558,16,1.9573151655495167
carbon1,1559,16,1.934694953262806
carbon1,1560,16,1.8745771571993828
carbon1,1561,16,1.9242233969271183
carbon1,1562,16,1.8282511085271835
carbon1,1563,16,1.685445761308074
carbon1,1564,16,1.8125614896416664
carbon1,1565,16,2.0550146996974945
carbon1,1566,16,2.038366287946701
carbon1,1567,16,1.9341579303145409
carbon1,1568,16,1.956144668161869
carbon1,1569,16,1.758778303861618
carbon1,1570,16,1.9544701427221298
carbon1,1571,16,1.7995321322232485
carbon1,1572,16,1.9513280158862472
carbon1,1573,16,1.93316750228405
carbon1,1574,16,1.7381098214536905
carbon1,1575,16,1.8781506232917309
carbon1,1576,16,1.7282221224159002
carbon1,1577,16,1.8888358771800995
carbon1,1578,16,1.8537644110620022
carbon1,1579,16,1.7472268864512444
carbon1,1580,16,1.9172120969742537
carbon1,1581,16,1.7025971245020628
carbon1,1582,16,1.6815039524808526
carbon1,1583,16,1.9403439834713936
carbon1,1584,16,1.8602269291877747
carbon1,1585,16,1.8848405331373215
carbon1,1586,16,1.833299994468689
carbon1,1587,16,1.783532852306962
carbon1,1588,16,1.6766324052587152
carbon1,1589,16,1.786915272474289
carbon1,1590,16,1.8983741961419582
carbon1,1591,16,2.014518406242132
carbon1,1592,16,1.8533244878053665
carbon1,1593,16,1.877247679978609
carbon1,1594,16,1.8949438463896513
carbon1,1595,16,1.9161301609128714
carbon1,1596,16,1.7840948225930333
carbon1,1597,16,1.6026753960177302
carbon1,1598,16,1.9073812616989017
carbon1,1599,16,1.8858960587531328
carbon1,1600,16,1.7221925295889378
carbon1,1601,16,1.8552243746817112
carbon1,1602,16,1.7248407248407602
carbon1,1603,16,1.8098634015768766
carbon1,1604,16,2.0419157333672047
carbon1,1605,16,1.693013439886272
carbon1,1606,16,1.828247455880046
carbon1,1607,16,1.8948874529451132
carbon1,1608,16,1.6954271038994193
carbon1,1609,16,1.9056700635701418
carbon1,1610,16,1.8921666033565998
carbon1,1611,16,2.031917793676257
carbon1,1612,16,2.026326951570809
carbon1,1613,16,1.6964023858308792
carbon1,1614,16,1.5826773354783654
carbon1,1615,16,1.7648746967315674
carbon1,1616,16,2.1305503472685814
carbon1,1617,16,1.7817551493644714
carbon1,1618,16,1.7362544927746058
carbon1,1619,16,2.119159661233425
carbon1,1620,16,1.6831021904945374
carbon1,1621,16,1.7259806767106056
carbon1,1622,16,1.7502501923590899
carbon1,1623,16,1.6933749467134476
carbon1,1624,16,1.8067857716232538
carbon1,1625,16,1.7490187846124172
carbon1,1626,16,1.7739321440458298
carbon1,1627,16,1.6880608536303043
carbon1,1628,16,1.6928442846983671
carbon1,1629,16,2.031941126100719
carbon1,1630,16,1.9251991137862206
carbon1,1631,16,1.9199078287929296
carbon1,1632,16,1.6611746856942773
carbon1,1633,16,1.7777050472795963
carbon1,1634,16,1.71847552806139
carbon1,1635,16,1.6576670836657286
carbon1,1636,16,1.689463721588254
carbon1,1637,16,1.7700110543519258
carbon1,1638,16,1.564076354727149
carbon1,1639,16,1.6742827370762825
carbon1,1640,16,1.8964077234268188
carbon1,1641,16,1.7095316872000694
carbon1,1642,16,1.721136282198131
carbon1,1643,16,2.055660161189735
carbon1,1644,16,2.272966157644987
carbon1,1645,16,1.931262464262545
carbon1,1646,16,1.9318817369639874
carbon1,1647,16,1.7676628567278385
carbon1,1648,16,1.8593830727040768
carbon1,1649,16,2.045783245936036
carbon1,1650,16,1.6301216762512922
carbon1,1651,16,1.8683232851326466
carbon1,1652,16,1.9156294334679842
carbon1,1653,16,1.9853803310543299
carbon1,1654,16,1.8233444578945637
carbon1,1655,16,1.6512004137039185
carbon1,1656,16,1.563027705065906
carbon1,1657,16,1.9163761883974075
carbon1,1658,16,1.7882669288665056
carbon1,1659,16,1.7761251851916313
carbon1,1660,16,1.9980156477540731
carbon1,1661,16,2.006956184282899
carbon1,1662,16,1.7709597665816545
carbon1,1663,16,1.855149133130908
carbon1,1664,16,1.8435696065425873
carbon1,1665,16,1.9793322514742613
carbon1,1666,16,1.7401452362537384
carbon1,1667,16,1.7417089706286788
carbon1,1668,16,1.8003863375633955
carbon1,1669,16,1.666588569059968
carbon1,1670,16,1.7854612935334444
carbon1,1671,16,1.8035663291811943
carbon1,1672,16,1.8412580899894238
carbon1,1673,16,1.9566781520843506
carbon1,1674,16,1.6517166309058666
carbon1,1675,16,1.7297876849770546
carbon1,1676,16,1.864919084124267
carbon1,1677,16,1.7933479035273194
carbon1,1678,16,2.0853343587368727
carbon1,1679,16,1.8203930789604783
carbon1,1680,16,1.4785719541832805
carbon1,1681,16,2.073872424662113
carbon1,1682,16,2.0072124898433685
carbon1,1683,16,1.8863832354545593
carbon1,1684,16,1.7156881801784039
carbon1,1685,16,1.7911617159843445
carbon1,1686,16,1.8307823929935694
carbon1,1687,16,2.121053329668939
carbon1,1688,16,1.99212131742388
carbon1,1689,16,1.7457861471921206
carbon1,1690,16,1.8464592136442661
carbon1,1691,16,1.993307638913393
carbon1,1692,16,1.6921462984755635
carbon1,1693,16,1.683629552833736
carbon1,1694,16,1.8459354089573026
carbon1,1695,16,1.6827851356938481
carbon1,1696,16,1.9567799624055624
carbon1,1697,16,1.9586391281336546
carbon1,1698,16,1.9277455173432827
carbon1,1699,16,1.6765577774494886
carbon1,1700,16,1.758708806708455
carbon1,1701,16,1.7009461112320423
carbon1,1702,16,1.8674600198864937
carbon1,1703,16,2.1058597415685654
carbon1,1704,16,1.768111945129931
carbon1,1705,16,1.879441725090146
carbon1,1706,16,1.8055108785629272
carbon1,1707,16,1.8662358652800322
carbon1,1708,16,1.8625872544944286
carbon1,1709,16,1.6328862123191357
carbon1,1710,16,1.9415915124118328
carbon1,1711,16,1.6606114283204079
carbon1,1712,16,1.9273652508854866
carbon1,1713,16,2.147835537791252
carbon1,1714,16,2.145204074680805
carbon1,1715,16,1.8968848548829556
carbon1,1716,16,1.811080941464752
carbon1,1717,16,1.8506613578647375
carbon1,1718,16,1.891232941299677
carbon1,1719,16,1.7765620313584805
carbon1,1720,16,1.9003399312496185
carbon1,1721,16,1.832763485610485
carbon1,1722,16,1.8038610722869635
carbon1,1723,16,1.6148847751319408
carbon1,1724,16,1.8703836845234036
carbon1,1725,16,1.8059958592057228
carbon1,1726,16,2.0143735632300377
carbon1,1727,16,1.8044365495443344
carbon1,1728,16,2.1042064242064953
carbon1,1729,16,1.6033164588734508
carbon1,1730,16,1.811913300305605
carbon1,1731,16,1.850037595257163
carbon1,1732,16,1.8622361030429602
carbon1,1733,16,1.8271066807210445
carbon1,1734,16,1.7750530652701855
carbon1,1735,16,1.8845667764544487
carbon1,1736,16,2.0060206474736333
carbon1,1737,16,1.776491484604776
carbon1,1738,16,1.788706572726369
carbon1,1739,16,1.8367542447522283
carbon1,1740,16,1.8291864909697324
carbon1,1741,16,1.9698444940149784
carbon1,1742,16,1.6521475985646248
carbon1,1743,16,2.0181767500471324
carbon1,1744,16,2.057334065437317
carbon1,1745,16,1.8707498218864202
carbon1,1746,16,1.7121381741017103
carbon1,1747,16,2.0963777638971806
carbon1,1748,16,1.9120851727202535
carbon1,1749,16,1.948796909302473
carbon1,1750,16,1.7649919670075178
carbon1,1751,16,1.8747781571000814
carbon1,1752,16,1.622796680778265
carbon1,1753,16,2.069057174026966
carbon1,1754,16,2.0348279401659966
carbon1,1755,16,1.8228087164461613
carbon1,1756,16,1.8326679337769747
carbon1,1757,16,1.798592937644571
carbon1,1758,16,1.9625319987535477
carbon1,1759,16,1.9411312071606517
carbon1,1760,16,1.8972086030989885
carbon1,1761,16,1.8661486599594355
carbon1,1762,16,1.6285620126873255
carbon1,1763,16,1.6531163100153208
carbon1,1764,16,1.7126234760507941
carbon1,1765,16,1.7672804780304432
carbon1,1766,16,1.7964137941598892
carbon1,1767,16,1.7866439409554005
carbon1,1768,16,1.9612734653055668
carbon1,1769,16,1.8370056618005037
carbon1,1770,16,1.8522677347064018
carbon1,1771,16,1.8151725698262453
carbon1,1772,16,2.0466089472174644
carbon1,1773,16,1.7822608314454556
carbon1,1774,16,1.8854461163282394
carbon1,1775,16,1.831828247755766
carbon1,1776,16,1.7271960228681564
carbon1,1777,16,1.7502834610641003
carbon1,1778,16,1.693020075559616
carbon1,1779,16,1.8398398086428642
carbon1,1780,16,1.93899367749691
carbon1,1781,16,1.7151063308119774
carbon1,1782,16,1.863602489233017
carbon1,1783,16,2.0115435868501663
carbon1,1784,16,1.7957047931849957
carbon1,1785,16,2.0268140099942684
carbon1,1786,16,1.9619684666395187
carbon1,1787,16,1.9435173273086548
carbon1,1788,16,1.7832219488918781
carbon1,1789,16,1.9608088470995426
carbon1,1790,16,1.6846285536885262
carbon1,1791,16,1.788668405264616
carbon1,1792,16,1.8190249353647232
carbon1,1793,16,1.9876080602407455
carbon1,1794,16,1.8107318729162216
carbon1,1795,16,1.7116394359618425
carbon1,1796,16,2.035683758556843
carbon1,1797,16,1.9436547197401524
carbon1,1798,16,2.0449239015579224
carbon1,1799,16,1.8703141137957573
carbon1,1800,16,1.872963773086667
carbon1,1801,16,1.7669298574328423
carbon1,1802,16,2.1456116810441017
carbon1,1803,16,1.917719729244709
carbon1,1804,16,1.9450569599866867
carbon1,1805,16,1.8151943683624268
carbon1,1806,16,1.933874323964119
carbon1,1807,16,1.8556920140981674
carbon1,1808,16,2.086185745894909
carbon1,1809,16,1.9806033372879028
carbon1,1810,16,1.8337943032383919
carbon1,1811,16,1.9540560990571976
carbon1,1812,16,1.7682736814022064
carbon1,1813,16,2.0649894028902054
carbon1,1814,16,1.8356111347675323
carbon1,1815,16,1.9413724318146706
carbon1,1816,16,1.8431343659758568
carbon1,1817,16,1.9378583431243896
carbon1,1818,16,1.9282766953110695
carbon1,1819,16,1.6036223657429218
carbon1,1820,16,1.7920736782252789
carbon1,1821,16,1.9878501668572426
carbon1,1822,16,1.7909674867987633
carbon1,1823,16,1.75936184450984
carbon1,1824,16,2.129401072859764
carbon1,1825,16,2.030978985130787
carbon1,1826,16,1.8064497113227844
carbon1,1827,16,2.0244797095656395
carbon1,1828,16,1.9568532407283783
carbon1,1829,16,1.941298522055149
carbon1,1830,16,1.742545209825039
carbon1,1831,16,1.9740338325500488
carbon1,1832,16,1.946139134466648
carbon1,1833,16,1.8382893279194832
carbon1,1834,16,1.9026201143860817
carbon1,1835,16,2.0227919295430183
carbon1,1836,16,1.8682150766253471
carbon1,1837,16,1.8785907253623009
carbon1,1838,16,1.86876330524683
carbon1,1839,16,1.731737595051527
carbon1,1840,16,1.8667689189314842
carbon1,1841,16,1.9242169968783855
carbon1,1842,16,2.0086495503783226
carbon1,1843,16,1.918245054781437
carbon1,1844,16,2.009986713528633
carbon1,1845,16,2.0353320091962814
carbon1,1846,16,1.892533853650093
carbon1,1847,16,1.9858663082122803
carbon1,1848,16,1.9902232512831688
carbon1,1849,16,1.9966285154223442
carbon1,1850,16,1.9183354154229164
carbon1,1851,16,1.968454249203205
carbon1,1852,16,1.8422905206680298
carbon1,1853,16,1.9203812889754772
carbon1,1854,16,1.7761326022446156
carbon1,1855,16,2.124449148774147
carbon1,1856,16,1.9680892452597618
carbon1,1857,16,2.017503134906292
carbon1,1858,16,1.893469624221325
carbon1,1859,16,1.9857837334275246
carbon1,1860,16,1.7368845045566559
carbon1,1861,16,1.8227820992469788
carbon1,1862,16,1.927131213247776
carbon1,1863,16,1.84151291847229
carbon1,1864,16,1.9629275649785995
carbon1,1865,16,2.0402030050754547
carbon1,1866,16,1.772506169974804
carbon1,1867,16,2.0180095210671425
carbon1,1868,16,2.0378735810518265
carbon1,1869,16,1.9237245842814445
carbon1,1870,16,1.987464115023613
carbon1,1871,16,1.9078353121876717
carbon1,1872,16,1.8623294606804848
carbon1,1873,16,1.8715913444757462
carbon1,1874,16,2.152414493262768
carbon1,1875,16,1.9627715572714806
carbon1,1876,16,1.9238639026880264
carbon1,1877,16,1.9071901589632034
carbon1,1878,16,1.8381284549832344
carbon1,1879,16,1.781483270227909
carbon1,1880,16,1.9693922102451324
carbon1,1881,16,1.8098461963236332
carbon1,1882,16,1.9676691386848688
carbon1,1883,16,1.8876442834734917
carbon1,1884,16,1.8518123477697372
carbon1,1885,16,1.9317925814539194
carbon1,1886,16,1.8557702377438545
carbon1,1887,16,1.8988261967897415
carbon1,1888,16,2.206816680729389
carbon1,1889,16,1.937332533299923
carbon1,1890,16,1.8904764726758003
carbon1,1891,16,1.8102594316005707
carbon1,1892,16,2.0637446865439415
carbon1,1893,16,1.8712366428226233
carbon1,1894,16,1.992609305307269
carbon1,1895,16,1.8222028613090515
carbon1,1896,16,1.8912637010216713
carbon1,1897,16,1.8588930554687977
carbon1,1898,16,1.9694216400384903
carbon1,1899,16,1.931957684457302
carbon1,1900,16,2.063156671822071
carbon1,1901,16,1.9343089759349823
carbon1,1902,16,1.900540504604578
carbon1,1903,16,1.8614211082458496
carbon1,1904,16,1.8197218179702759
carbon1,1905,16,1.9879413545131683
carbon1,1906,16,2.0008055977523327
carbon1,1907,16,1.9404044300317764
carbon1,1908,16,1.8466775640845299
carbon1,1909,16,1.8404860608279705
carbon1,1910,16,1.889937050640583
carbon1,1911,16,2.19418116658926
carbon1,1912,16,1.736180080100894
carbon1,1913,16,1.8775540441274643
carbon1,1914,16,1.7964564487338066
carbon1,1915,16,1.8734200224280357
carbon1,1916,16,2.0748133286833763
carbon1,1917,16,1.9510986506938934
carbon1,1918,16,1.8800382390618324
carbon1,1919,16,1.7872608751058578
carbon1,1920,16,1.8772950507700443
carbon1,1921,16,1.8382393643260002
carbon1,1922,16,1.8911817818880081
carbon1,1923,16,1.8798170536756516
carbon1,1924,16,1.9158468320965767
carbon1,1925,16,1.9961704462766647
carbon1,1926,16,1.8700101487338543
carbon1,1927,16,1.7903186902403831
carbon1,1928,16,2.0838025137782097
carbon1,1929,16,2.004753939807415
carbon1,1930,16,1.8851113021373749
carbon1,1931,16,2.1055470779538155
carbon1,1932,16,1.7445024028420448
carbon1,1933,16,2.1062491089105606
carbon1,1934,16,2.0090134292840958
carbon1,1935,16,1.9575265944004059
carbon1,1936,16,2.0151434391736984
carbon1,1937,16,1.987990029156208
carbon1,1938,16,1.77731055021286
carbon1,1939,16,1.8057996705174446
carbon1,1940,16,1.9613447934389114
carbon1,1941,16,1.9303809255361557
carbon1,1942,16,1.8540954813361168
carbon1,1943,16,1.8790243417024612
carbon1,1944,16,1.7192368172109127
carbon1,1945,16,1.9817264638841152
carbon1,1946,16,1.7536123506724834
carbon1,1947,16,1.8927462734282017
carbon1,1948,16,1.9489112310111523
carbon1,1949,16,1.8378011882305145
carbon1,1950,16,1.8531556017696857
carbon1,1951,16,1.8051886409521103
carbon1,1952,16,1.796357786282897
carbon1,1953,16,2.045981988310814
carbon1,1954,16,1.9624886251986027
carbon1,1955,16,1.797592170536518
carbon1,1956,16,1.9217693731188774
carbon1,1957,16,2.09230450540781
carbon1,1958,16,2.018836449831724
carbon1,1959,16,2.0586523711681366
carbon1,1960,16,1.9116039797663689
carbon1,1961,16,1.9329310357570648
carbon1,1962,16,1.8142201900482178
carbon1,1963,16,2.1554180532693863
carbon1,1964,16,1.8440651036798954
carbon1,1965,16,1.9016244783997536
carbon1,1966,16,2.0283203721046448
carbon1,1967,16,1.9716299176216125
carbon1,1968,16,1.8299475647509098
carbon1,1969,16,2.0783116221427917
carbon1,1970,16,2.099053308367729
carbon1,1971,16,1.9778004065155983
carbon1,1972,16,2.0549834072589874
carbon1,1973,16,2.0412974804639816
carbon1,1974,16,2.0595012046396732
carbon1,1975,16,1.991491585969925
carbon1,1976,16,1.7980126235634089
carbon1,1977,16,1.9188239611685276
carbon1,1978,16,1.9683106392621994
carbon1,1979,16,1.9874736219644547
carbon1,1980,16,1.960705939680338
carbon1,1981,16,2.248534619808197
carbon1,1982,16,2.0016542077064514
carbon1,1983,16,1.977839395403862
carbon1,1984,16,1.9742679074406624
carbon1,1985,16,1.8799326419830322
carbon1,1986,16,1.8845899403095245
carbon1,1987,16,1.924622267484665
carbon1,1988,16,1.9590021446347237
carbon1,1989,16,2.035466246306896
carbon1,1990,16,1.9470459967851639
carbon1,1991,16,1.865382544696331
carbon1,1992,16,1.9286158308386803
carbon1,1993,16,2.0092972815036774
carbon1,1994,16,2.044371873140335
carbon1,1995,16,1.8749359175562859
carbon1,1996,16,1.7912339121103287
carbon1,1997,16,1.9810491129755974
carbon1,1998,16,1.9703389257192612
carbon1,1999,16,2.029429905116558
carbon1,2000,16,1.9291487783193588
carbon1,2001,16,2.0943473428487778
carbon1,2002,16,2.0203614234924316
carbon1,2003,16,1.903795138001442
carbon1,2004,16,1.8976307734847069
carbon1,2005,16,1.8523057028651237
carbon1,2006,16,1.958582989871502
carbon1,2007,16,1.883786365389824
carbon1,2008,16,1.9599565863609314
carbon1,2009,16,1.9175951033830643
carbon1,2010,16,1.8503532782196999
carbon1,2011,16,1.8520600199699402
carbon1,2012,16,1.9525019824504852
carbon1,2013,16,2.0049717500805855
carbon1,2014,16,1.9354083463549614
carbon1,2015,16,1.8322491869330406
carbon1,2016,16,2.179017871618271
carbon1,2017,16,1.802068144083023
carbon1,2018,16,1.9174310490489006
carbon1,2019,16,1.8477489054203033
carbon1,2020,16,2.033002607524395
carbon1,2021,16,1.9881770759820938
carbon1,2022,16,2.064660258591175
carbon1,2023,16,2.077010340988636
carbon1,2024,16,1.8798330277204514
carbon1,2025,16,1.9213217869400978
carbon1,2026,16,2.014513485133648
carbon1,2027,16,1.9045058563351631
carbon1,2028,16,1.897197537124157
carbon1,2029,16,1.9560781046748161
carbon1,2030,16,1.99562219530344
carbon1,2031,16,1.978691004216671
carbon1,2032,16,1.9755819439888
carbon1,2033,16,1.8257227763533592
carbon1,2034,16,1.723501754924655
carbon1,2035,16,1.9342064075171947
carbon1,2036,16,1.8272594958543777
carbon1,2037,16,1.8109058365225792
carbon1,2038,16,1.963562848046422
carbon1,2039,16,1.7960423920303583
carbon1,2040,16,1.8615464137401432
carbon1,2041,16,1.8898336254060268
carbon1,2042,16,1.7806151467375457
carbon1,2043,16,1.7293439414352179
carbon1,2044,16,1.6962365554645658
carbon1,2045,16,1.6523702037520707
carbon1,2046,16,1.829635268310085
carbon1,2047,16,1.6489352494245395
carbon1,2048,16,1.7528489637188613
carbon1,2049,16,1.7638165135867894
carbon1,2050,16,1.8278347355080768
carbon1,2051,16,1.8661511677782983
carbon1,2052,16,1.570011266390793
carbon1,2053,16,1.7166504675988108
carbon1,2054,16,1.89644041727297
carbon1,2055,16,1.9454295958857983
carbon1,2056,16,1.6905163272749633
carbon1,2057,16,1.8095494912704453
carbon1,2058,16,1.8335877610952593
carbon1,2059,16,1.9609699155553244
carbon1,2060,16,1.7705219173803926
carbon1,2061,16,1.8079182086512446
carbon1,2062,16,2.01287455460988
carbon1,2063,16,1.6858663836028427
carbon1,2064,16,1.8006278508109972
carbon1,2065,16,1.68624617846217
carbon1,2066,16,1.8134214106248692
carbon1,2067,16,1.8383775742258877
carbon1,2068,16,1.8729005544446409
carbon1,2069,16,1.9288511481136084
carbon1,2070,16,1.9369374834932387
carbon1,2071,16,2.076524796895683
carbon1,2072,16,1.7401859909296036
carbon1,2073,16,1.7076996152754873
carbon1,2074,16,1.7481764731928706
carbon1,2075,16,1.7606052462942898
carbon1,2076,16,1.5352660729549825
carbon1,2077,16,1.72936484310776
carbon1,2078,16,1.7119563343003392
carbon1,2079,16,1.8005340786185116
carbon1,2080,16,1.8065825048834085
carbon1,2081,16,1.8566310051828623
carbon1,2082,16,1.5667935088276863
carbon1,2083,16,1.8191406624391675
carbon1,2084,16,1.878539432073012
carbon1,2085,16,1.6602478316053748
carbon1,2086,16,1.9085355061106384
carbon1,2087,16,1.8062855009920895
carbon1,2088,16,1.7540720202960074
carbon1,2089,16,1.7199865004513413
carbon1,2090,16,1.8506543259136379
carbon1,2091,16,1.9391042166389525
carbon1,2092,16,1.7591863670386374
carbon1,2093,16,1.7565275821834803
carbon1,2094,16,1.851872291881591
carbon1,2095,16,1.6410624273121357
carbon1,2096,16,1.723844562890008
carbon1,2097,16,1.897934049833566
carbon1,2098,16,1.9089604332111776
carbon1,2099,16,1.759226812981069
carbon1,2100,16,1.8348358548246324
carbon1,2101,16,1.7357952282764018
carbon1,2102,16,1.6890275916084647
carbon1,2103,16,1.7601333758793771
carbon1,2104,16,1.6102100214920938
carbon1,2105,16,1.8488954375497997
carbon1,2106,16,1.51387804094702
carbon1,2107,16,1.7990431422367692
carbon1,2108,16,1.749884840566665
carbon1,2109,16,1.5402401541359723
carbon1,2110,16,1.6888458337634802
carbon1,2111,16,1.9038397436961532
carbon1,2112,16,1.3844880512915552
carbon1,2113,16,1.7468007835559547
carbon1,2114,16,1.8953446275554597
carbon1,2115,16,1.7571007646620274
carbon1,2116,16,1.828039849177003
carbon1,2117,16,1.886149444617331
carbon1,2118,16,1.5750497947447002
carbon1,2119,16,1.8443403164856136
carbon1,2120,16,1.8042970350943506
carbon1,2121,16,2.0528871440328658
carbon1,2122,16,1.7378501170314848
carbon1,2123,16,1.85553796030581
carbon1,2124,16,1.6906064143404365
carbon1,2125,16,1.8274459086824208
carbon1,2126,16,1.7730387952178717
carbon1,2127,16,1.8307439708150923
carbon1,2128,16,1.9372888896614313
carbon1,2129,16,1.8123830752447248
carbon1,2130,16,1.7496339874342084
carbon1,2131,16,1.892708461266011
carbon1,2132,16,1.8401713073253632
carbon1,2133,16,1.7041041143238544
carbon1,2134,16,1.7489627706818283
carbon1,2135,16,1.7483449331484735
carbon1,2136,16,1.8384150911588222
carbon1,2137,16,2.044696852331981
carbon1,2138,16,1.9034215284045786
carbon1,2139,16,1.7470687325112522
carbon1,2140,16,1.7162277922034264
carbon1,2141,16,2.108527342788875
carbon1,2142,16,1.5423352040816098
carbon1,2143,16,1.8136267671361566
carbon1,2144,16,1.7933156487997621
carbon1,2145,16,1.8417531014420092
carbon1,2146,16,1.7977465274743736
carbon1,2147,16,1.7769339918158948
carbon1,2148,16,1.8455960587598383
carbon1,2149,16,2.1156727224588394
carbon1,2150,16,1.703813030384481
carbon1,2151,16,1.8439365369267762
carbon1,2152,16,1.7902284529991448
carbon1,2153,16,1.7230512890964746
carbon1,2154,16,1.780150149948895
carbon1,2155,16,1.7566786659881473
carbon1,2156,16,1.650338145904243
carbon1,2157,16,1.8095190301537514
carbon1,2158,16,1.9635165520012379
carbon1,2159,16,1.7988979639485478
carbon1,2160,16,1.5822346257045865
carbon1,2161,16,1.8497405014932156
carbon1,2162,16,1.7146904719993472
carbon1,2163,16,1.6880443096160889
carbon1,2164,16,1.6576015148311853
carbon1,2165,16,1.7871496751904488
carbon1,2166,16,1.688239935785532
carbon1,2167,16,1.5611633150838315
carbon1,2168,16,1.8443941338919103
carbon1,2169,16,1.694290341809392
carbon1,2170,16,1.6552587691694498
carbon1,2171,16,1.8044362915679812
carbon1,2172,16,1.7477765262592584
carbon1,2173,16,1.800185564905405
carbon1,2174,16,1.8030989808030427
carbon1,2175,16,1.8525615902617574
carbon1,2176,16,1.834467655979097
carbon1,2177,16,1.727124271914363
carbon1,2178,16,1.7903493116609752
carbon1,2179,16,1.7496911673806608
carbon1,2180,16,1.678676726296544
carbon1,2181,16,1.7057042894884944
carbon1,2182,16,1.7947885356843472
carbon1,2183,16,1.7593572698533535
carbon1,2184,16,1.6700391764752567
carbon1,2185,16,1.7363019259646535
carbon1,2186,16,1.7639892119914293
carbon1,2187,16,1.8731892071664333
carbon1,2188,16,1.84855942055583
carbon1,2189,16,1.9178715348243713
carbon1,2190,16,1.831927499966696
carbon1,2191,16,1.794494670117274
carbon1,2192,16,2.096653825370595
carbon1,2193,16,1.532399784307927
carbon1,2194,16,1.9752208585850894
carbon1,2195,16,1.9194758972153068
carbon1,2196,16,1.6293823027517647
carbon1,2197,16,1.8834663999732584
carbon1,2198,16,1.756692960858345
carbon1,2199,16,1.635336241684854
carbon1,2200,16,1.8764920714311302
carbon1,2201,16,1.9232228533364832
carbon1,2202,16,2.0723943156190217
carbon1,2203,16,1.7126594244036824
carbon1,2204,16,1.9183359693270177
carbon1,2205,16,1.7555168513208628
carbon1,2206,16,1.782596233766526
carbon1,2207,16,1.7636436379980296
carbon1,2208,16,1.6460593987139873
carbon1,2209,16,1.7907643576618284
carbon1,2210,16,1.7586484110215679
carbon1,2211,16,1.8419673608150333
carbon1,2212,16,1.8735978724434972
carbon1,2213,16,1.8633398623205721
carbon1,2214,16,1.816835041041486
carbon1,2215,16,1.7265071070287377
carbon1,2216,16,1.656794048496522
carbon1,2217,16,1.8821814444381744
carbon1,2218,16,1.8547563087195158
carbon1,2219,16,1.8639994992408901
carbon1,2220,16,1.7817291679093614
carbon1,2221,16,1.8064089273102582
carbon1,2222,16,1.7300671599805355
carbon1,2223,16,1.914980730973184
carbon1,2224,16,1.9340829637367278
carbon1,2225,16,1.7979085273109376
carbon1,2226,16,1.6135168715845793
carbon1,2227,16,1.8168341332348064
carbon1,2228,16,1.9598619102034718
carbon1,2229,16,1.7853945391252637
carbon1,2230,16,1.6993640328291804
carbon1,2231,16,1.7025252259336412
carbon1,2232,16,1.8564401181647554
carbon1,2233,16,2.0140295680612326
carbon1,2234,16,1.9699121629819274
carbon1,2235,16,1.6261936316732317
carbon1,2236,16,1.8310988717712462
carbon1,2237,16,1.6468736669048667
carbon1,2238,16,1.8576211887411773
carbon1,2239,16,1.739376604091376
carbon1,2240,16,1.7900418837089092
carbon1,2241,16,1.7722871960140765
carbon1,2242,16,1.721203432418406
carbon1,2243,16,1.856307334266603
carbon1,2244,16,1.685895356000401
carbon1,2245,16,1.9035250139422715
carbon1,2246,16,1.72530172416009
carbon1,2247,16,1.7728086858987808
carbon1,2248,16,1.7137179072014987
carbon1,2249,16,1.8647813540883362
carbon1,2250,16,1.7437281243037432
carbon1,2251,16,1.6498644284438342
carbon1,2252,16,1.873929436551407
carbon1,2253,16,1.5845678797923028
carbon1,2254,16,1.817062359303236
carbon1,2255,16,1.8698748857714236
carbon1,2256,16,1.6160227340878919
carbon1,2257,16,1.9013280081562698
carbon1,2258,16,1.853734164033085
carbon1,2259,16,1.790140983182937
carbon1,2260,16,1.776960616465658
carbon1,2261,16,1.8087094379588962
carbon1,2262,16,1.7806281673256308
carbon1,2263,16,2.007829412817955
carbon1,2264,16,1.912646661978215
carbon1,2265,16,1.707081325352192
carbon1,2266,16,1.8385226312093437
carbon1,2267,16,1.8405964360572398
carbon1,2268,16,1.7348269699141383
carbon1,2269,16,1.7232043594121933
carbon1,2270,16,1.7907697781920433
carbon1,2271,16,1.718717498704791
carbon1,2272,16,1.65621218085289
carbon1,2273,16,1.8322075884789228
carbon1,2274,16,1.4169059847481549
carbon1,2275,16,1.791248869150877
carbon1,2276,16,1.6198266251012683
carbon1,2277,16,1.8506336780264974
carbon1,2278,16,1.6389961587265134
carbon1,2279,16,1.9245532546192408
carbon1,2280,16,1.6532983658835292
carbon1,2281,16,1.81930167414248
carbon1,2282,16,1.8150339243002236
carbon1,2283,16,1.8996804049238563
carbon1,2284,16,1.859988521784544
carbon1,2285,16,1.7836758410558105
carbon1,2286,16,1.6115079976152629
carbon1,2287,16,1.83233411796391
carbon1,2288,16,1.7853986555710435
carbon1,2289,16,1.8741317447274923
carbon1,2290,16,1.8082099230960011
carbon1,2291,16,2.002945475280285
carbon1,2292,16,2.0067074296530336
carbon1,2293,16,1.7993674117606133
carbon1,2294,16,1.8029510518535972
carbon1,2295,16,1.8383092978037894
carbon1,2296,16,1.8364118030294776
carbon1,2297,16,1.686951534356922
carbon1,2298,16,1.7674419339746237
carbon1,2299,16,1.8465084303170443
carbon1,2300,16,1.7245445692678913
carbon1,2301,16,1.8391580791212618
carbon1,2302,16,2.1550620570778847
carbon1,2303,16,1.811146413674578
carbon1,2304,16,1.9232456684112549
carbon1,2305,16,1.8216468412429094
carbon1,2306,16,2.037517376244068
carbon1,2307,16,1.9195319153368473
carbon1,2308,16,1.8811221793293953
carbon1,2309,16,1.9307104153558612
carbon1,2310,16,1.7991901491768658
carbon1,2311,16,1.8410995388403535
carbon1,2312,16,1.8559260470792651
carbon1,2313,16,2.0755563117563725
carbon1,2314,16,2.1896931529045105
carbon1,2315,16,1.795658248476684
carbon1,2316,16,1.797294246032834
carbon1,2317,16,1.8492886070162058
carbon1,2318,16,1.7912154346704483
carbon1,2319,16,1.9309986755251884
carbon1,2320,16,1.7793042287230492
carbon1,2321,16,2.0283698216080666
carbon1,2322,16,1.8321496285498142
carbon1,2323,16,1.902774602174759
carbon1,2324,16,2.063877910375595
carbon1,2325,16,1.690406657755375
carbon1,2326,16,2.0374152064323425
carbon1,2327,16,1.7997942343354225
carbon1,2328,16,1.6215524971485138
carbon1,2329,16,2.223741799592972
carbon1,2330,16,1.8140494152903557
carbon1,2331,16,1.947666086256504
carbon1,2332,16,1.821249458938837
carbon1,2333,16,1.8489479571580887
carbon1,2334,16,1.9450623095035553
carbon1,2335,16,1.8751810006797314
carbon1,2336,16,1.7843434512615204
carbon1,2337,16,1.8168716207146645
carbon1,2338,16,1.9819109290838242
carbon1,2339,16,2.0755833983421326
carbon1,2340,16,2.097421295940876
carbon1,2341,16,2.0489227399230003
carbon1,2342,16,1.9233729466795921
carbon1,2343,16,2.1425593122839928
carbon1,2344,16,1.791529156267643
carbon1,2345,16,1.9823658242821693
carbon1,2346,16,1.8103014267981052
carbon1,2347,16,2.06430771201849
carbon1,2348,16,1.8808495700359344
carbon1,2349,16,1.9977037236094475
carbon1,2350,16,1.8388168066740036
carbon1,2351,16,2.160832367837429
carbon1,2352,16,1.9015156477689743
carbon1,2353,16,1.9047693759202957
carbon1,2354,16,2.0913160368800163
carbon1,2355,16,2.139759324491024
carbon1,2356,16,1.887283381074667
carbon1,2357,16,1.9012864157557487
carbon1,2358,16,1.6809849180281162
carbon1,2359,16,1.8223195299506187
carbon1,2360,16,2.049051061272621
carbon1,2361,16,1.9047102704644203
carbon1,2362,16,1.9846830442547798
carbon1,2363,16,2.0010670721530914
carbon1,2364,16,1.8951420858502388
carbon1,2365,16,2.007419064640999
carbon1,2366,16,1.9559946581721306
carbon1,2367,16,2.052192986011505
carbon1,2368,16,1.8804250210523605
carbon1,2369,16,1.9961998835206032
carbon1,2370,16,2.0168257355690002
carbon1,2371,16,2.0078233629465103
carbon1,2372,16,1.9978290274739265
carbon1,2373,16,2.041951760649681
carbon1,2374,16,2.1194851472973824
carbon1,2375,16,2.004574693739414
carbon1,2376,16,1.8330544382333755
carbon1,2377,16,1.7979533225297928
carbon1,2378,16,1.9842917993664742
carbon1,2379,16,1.8730562329292297
carbon1,2380,16,1.9060879945755005
carbon1,2381,16,1.8313290178775787
carbon1,2382,16,2.008032787591219
carbon1,2383,16,1.8723249956965446
carbon1,2384,16,1.9085137769579887
carbon1,2385,16,1.8229376375675201
carbon1,2386,16,1.9862380623817444
carbon1,2387,16,2.126650795340538
carbon1,2388,16,1.6810888946056366
carbon1,2389,16,1.8430733233690262
carbon1,2390,16,2.0180555284023285
carbon1,2391,16,1.8718880638480186
carbon1,2392,16,1.974254034459591
carbon1,2393,16,1.9362751096487045
carbon1,2394,16,1.8224266394972801
carbon1,2395,16,1.9983427822589874
carbon1,2396,16,1.933299072086811
carbon1,2397,16,1.8978207483887672
carbon1,2398,16,1.8975091874599457
carbon1,2399,16,1.8875568732619286
carbon1,2400,16,2.0383669063448906
carbon1,2401,16,1.7867053598165512
carbon1,2402,16,1.9378315284848213
carbon1,2403,16,1.9295182824134827
carbon1,2404,16,1.9235911071300507
carbon1,2405,16,1.983753316104412
carbon1,2406,16,1.8986153677105904
carbon1,2407,16,1.9216344207525253
carbon1,2408,16,2.0141798332333565
carbon1,2409,16,1.8476611822843552
carbon1,2410,16,1.9773666262626648
carbon1,2411,16,1.921594850718975
carbon1,2412,16,2.0584213584661484
carbon1,2413,16,1.850172258913517
carbon1,2414,16,1.8606527000665665
carbon1,2415,16,1.9873980842530727
carbon1,2416,16,1.955125518143177
carbon1,2417,16,2.0813757702708244
carbon1,2418,16,1.7280396483838558
carbon1,2419,16,2.038570761680603
carbon1,2420,16,2.1382597386837006
carbon1,2421,16,1.9113115053623915
carbon1,2422,16,1.9435418173670769
carbon1,2423,16,1.8302647843956947
carbon1,2424,16,1.9924071803689003
carbon1,2425,16,1.858530469238758
carbon1,2426,16,1.9046987444162369
carbon1,2427,16,2.071856088936329
carbon1,2428,16,1.8658872991800308
carbon1,2429,16,1.9774990305304527
carbon1,2430,16,1.95396226644516
carbon1,2431,16,1.875926412642002
carbon1,2432,16,1.8432935550808907
carbon1,2433,16,1.8122105300426483
carbon1,2434,16,1.7692544013261795
carbon1,2435,16,1.9450047761201859
carbon1,2436,16,1.7856909111142159
carbon1,2437,16,1.54375833645463
carbon1,2438,16,2.051423706114292
carbon1,2439,16,2.14242747426033
carbon1,2440,16,1.996638149023056
carbon1,2441,16,1.9692040458321571
carbon1,2442,16,1.822343371808529
carbon1,2443,16,1.8339788019657135
carbon1,2444,16,1.9780478775501251
carbon1,2445,16,1.8800520524382591
carbon1,2446,16,1.9986589029431343
carbon1,2447,16,1.9397618472576141
carbon1,2448,16,1.9306390210986137
carbon1,2449,16,1.9158087894320488
carbon1,2450,16,2.042123928666115
carbon1,2451,16,1.860229667276144
carbon1,2452,16,2.0061645805835724
carbon1,2453,16,1.8671064898371696
carbon1,2454,16,2.0775656178593636
carbon1,2455,16,2.155271604657173
carbon1,2456,16,2.10177955776453
carbon1,2457,16,1.8735961988568306
carbon1,2458,16,1.965700887143612
carbon1,2459,16,1.8465645834803581
carbon1,2460,16,1.9534547179937363
carbon1,2461,16,1.9519870728254318
carbon1,2462,16,1.8267564661800861
carbon1,2463,16,2.108697474002838
carbon1,2464,16,2.1037853211164474
carbon1,2465,16,2.1982799395918846
carbon1,2466,16,1.852600671350956
carbon1,2467,16,1.9561931788921356
carbon1,2468,16,2.0162007212638855
carbon1,2469,16,1.9050849452614784
carbon1,2470,16,1.9691201522946358
carbon1,2471,16,1.9432289227843285
carbon1,2472,16,1.8304578810930252
carbon1,2473,16,1.9896794557571411
carbon1,2474,16,2.0293565914034843
carbon1,2475,16,1.9436598271131516
carbon1,2476,16,2.0200314670801163
carbon1,2477,16,1.924035705626011
carbon1,2478,16,1.9048641473054886
carbon1,2479,16,1.9371632412075996
carbon1,2480,16,1.9702487736940384
carbon1,2481,16,1.9457191228866577
carbon1,2482,16,1.9069220945239067
carbon1,2483,16,1.9482080191373825
carbon1,2484,16,1.9324910044670105
carbon1,2485,16,1.9677644595503807
carbon1,2486,16,1.9260152354836464
carbon1,2487,16,1.897569216787815
carbon1,2488,16,1.8929954171180725
carbon1,2489,16,1.8948672860860825
carbon1,2490,16,1.6733613088726997
carbon1,2491,16,1.718679554760456
carbon1,2492,16,2.015325114130974
carbon1,2493,16,2.0348570868372917
carbon1,2494,16,1.9210177287459373
carbon1,2495,16,1.924217514693737
carbon1,2496,16,1.7579950913786888
carbon1,2497,16,2.0260469019412994
carbon1,2498,16,2.163250222802162
carbon1,2499,16,1.8625533655285835
carbon1,2500,16,2.1059886142611504
carbon1,2501,16,1.921757958829403
carbon1,2502,16,1.9850433617830276
carbon1,2503,16,1.9436819702386856
carbon1,2504,16,1.9744894281029701
carbon1,2505,16,1.9891082793474197
carbon1,2506,16,1.8485746160149574
carbon1,2507,16,2.033764161169529
carbon1,2508,16,1.997696153819561
carbon1,2509,16,1.953247383236885
carbon1,2510,16,1.8441572338342667
carbon1,2511,16,1.952483631670475
carbon1,2512,16,1.9128793776035309
carbon1,2513,16,2.126322291791439
carbon1,2514,16,2.1411028280854225
carbon1,2515,16,1.9774974584579468
carbon1,2516,16,1.9931202083826065
carbon1,2517,16,1.9477783218026161
carbon1,2518,16,1.9451123774051666
carbon1,2519,16,1.9408336654305458
carbon1,2520,16,2.1318050399422646
carbon1,2521,16,1.9566707089543343
carbon1,2522,16,2.1069626584649086
carbon1,2523,16,2.092424087226391
carbon1,2524,16,2.026980385184288
carbon1,2525,16,1.98907882720232
carbon1,2526,16,2.0906105786561966
carbon1,2527,16,1.8736642636358738
carbon1,2528,16,1.9182389304041862
carbon1,2529,16,2.0237048640847206
carbon1,2530,16,1.9130950346589088
carbon1,2531,16,2.1086232140660286
carbon1,2532,16,1.8254090994596481
carbon1,2533,16,2.004236876964569
carbon1,2534,16,1.9860852286219597
carbon1,2535,16,2.0019901022315025
carbon1,2536,16,1.924554355442524
carbon1,2537,16,1.9548470228910446
carbon1,2538,16,1.8139903172850609
carbon1,2539,16,1.892822653055191
carbon1,2540,16,1.9712124466896057
carbon1,2541,16,1.887074887752533
carbon1,2542,16,1.9835320934653282
carbon1,2543,16,1.957094967365265
carbon1,2544,16,1.8449506387114525
carbon1,2545,16,2.03906686604023
carbon1,2546,16,1.988285854458809
carbon1,2547,16,1.9268869534134865
carbon1,2548,16,2.093382738530636
carbon1,2549,16,1.963227666914463
carbon1,2550,16,1.870664349757135
carbon1,2551,16,1.9725480191409588
carbon1,2552,16,1.937309317290783
carbon1,2553,16,1.8789105415344238
carbon1,2554,16,1.8295990694314241
carbon1,2555,16,1.9391774199903011
carbon1,2556,16,1.8011369034647942
carbon1,2557,16,1.9932605847716331
carbon1,2558,16,2.11901643127203
carbon1,2559,16,2.006413146853447
carbon1,2560,16,2.25704425573349
carbon1,2561,16,2.0517413541674614
carbon1,2562,16,1.9372413828969002
carbon1,2563,16,1.9171460270881653
carbon1,2564,16,2.071005754172802
carbon1,2565,16,2.0304382517933846
carbon1,2566,16,2.0401527360081673
carbon1,2567,16,1.8712052926421165
carbon1,2568,16,1.9515231102705002
carbon1,2569,16,2.01757350564003
carbon1,2570,16,1.9795176461338997
carbon1,2571,16,1.923355869948864
carbon1,2572,16,2.0173114463686943
carbon1,2573,16,2.0534226298332214
carbon1,2574,16,2.050920307636261
carbon1,2575,16,1.9096545428037643
carbon1,2576,16,2.046868219971657
carbon1,2577,16,2.042722024023533
carbon1,2578,16,2.010412648320198
carbon1,2579,16,2.0105782449245453
carbon1,2580,16,1.7312638238072395
carbon1,2581,16,1.864140696823597
carbon1,2582,16,1.9074062556028366
carbon1,2583,16,1.9880023747682571
carbon1,2584,16,1.840605489909649
carbon1,2585,16,1.8903290405869484
carbon1,2586,16,1.921278439462185
carbon1,2587,16,1.93154276907444
carbon1,2588,16,2.039677269756794
carbon1,2589,16,1.8206190913915634
carbon1,2590,16,1.853093110024929
carbon1,2591,16,2.007127568125725
carbon1,2592,16,1.7743862606585026
carbon1,2593,16,1.727231714874506
carbon1,2594,16,2.0298330411314964
carbon1,2595,16,1.836930913850665
carbon1,2596,16,1.813656009733677
carbon1,2597,16,1.868536315858364
carbon1,2598,16,1.6194347646087408
carbon1,2599,16,1.608654923737049
carbon1,2600,16,1.7267804853618145
carbon1,2601,16,1.9194813314825296
carbon1,2602,16,1.746064379811287
carbon1,2603,16,1.8521910905838013
carbon1,2604,16,1.9661500826478004
carbon1,2605,16,1.8594208415597677
carbon1,2606,16,1.9815318807959557
carbon1,2607,16,2.1096244007349014
carbon1,2608,16,1.9324866272509098
carbon1,2609,16,2.0909866765141487
carbon1,2610,16,1.8969896137714386
carbon1,2611,16,1.994071863591671
carbon1,2612,16,1.8967952653765678
carbon1,2613,16,2.0443311631679535
carbon1,2614,16,1.818452037870884
carbon1,2615,16,1.8999995850026608
carbon1,2616,16,1.7059854995459318
carbon1,2617,16,1.7123839743435383
carbon1,2618,16,1.7395315049216151
carbon1,2619,16,1.7429315652698278
carbon1,2620,16,1.9814699217677116
carbon1,2621,16,1.8993529351428151
carbon1,2622,16,1.7011319659650326
carbon1,2623,16,1.6738847475498915
carbon1,2624,16,1.923001472838223
carbon1,2625,16,1.9137660479173064
carbon1,2626,16,2.01120781339705
carbon1,2627,16,1.9343561828136444
carbon1,2628,16,1.6551193874329329
carbon1,2629,16,1.8693927517160773
carbon1,2630,16,1.8585096057504416
carbon1,2631,16,1.7057815082371235
carbon1,2632,16,1.8457844741642475
carbon1,2633,16,1.6878144228830934
carbon1,2634,16,1.7144319340586662
carbon1,2635,16,1.6946164993569255
carbon1,2636,16,2.377842091023922
carbon1,2637,16,1.854372039437294
carbon1,2638,16,1.9418405201286077
carbon1,2639,16,2.082120567560196
carbon1,2640,16,1.8669807203114033
carbon1,2641,16,2.047578126192093
carbon1,2642,16,1.7506340704858303
carbon1,2643,16,1.8567046858370304
carbon1,2644,16,1.7602899130433798
carbon1,2645,16,1.800430342555046
carbon1,2646,16,2.0003693848848343
carbon1,2647,16,1.974587781354785
carbon1,2648,16,1.9921803958714008
carbon1,2649,16,1.8192571252584457
carbon1,2650,16,1.8168262839317322
carbon1,2651,16,1.8924719039350748
carbon1,2652,16,1.586546191945672
carbon1,2653,16,1.6565017253160477
carbon1,2654,16,1.6175468061119318
carbon1,2655,16,2.008162949234247
carbon1,2656,16,1.7339711962267756
carbon1,2657,16,1.8618586058728397
carbon1,2658,16,1.521537283435464
carbon1,2659,16,1.7428792053833604
carbon1,2660,16,1.7309164456091821
carbon1,2661,16,1.7557889688760042
carbon1,2662,16,1.7005863524973392
carbon1,2663,16,1.876752870157361
carbon1,2664,16,1.8110593538731337
carbon1,2665,16,1.7357555162161589
carbon1,2666,16,1.6386783933266997
carbon1,2667,16,1.8661236688494682
carbon1,2668,16,1.7442242791876197
carbon1,2669,16,2.0124980234541
carbon1,2670,16,1.6479990389198065
carbon1,2671,16,1.6381336897611618
carbon1,2672,16,1.7486776178702712
carbon1,2673,16,1.8576815444976091
carbon1,2674,16,1.8615521360188723
carbon1,2675,16,1.7955461516976357
carbon1,2676,16,1.6731612184084952
carbon1,2677,16,1.6733342022635043
carbon1,2678,16,1.8675865116529167
carbon1,2679,16,1.8640560135245323
carbon1,2680,16,1.841060190461576
carbon1,2681,16,1.909194846637547
carbon1,2682,16,1.8266985593363643
carbon1,2683,16,1.8469128459692001
carbon1,2684,16,1.7343090027570724
carbon1,2685,16,1.839874630793929
carbon1,2686,16,1.800106080248952
carbon1,2687,16,1.9302950277924538
carbon1,2688,16,1.7313868254423141
carbon1,2689,16,1.9039414823055267
carbon1,2690,16,1.6932566124014556
carbon1,2691,16,1.8855094742029905
carbon1,2692,16,1.787091078236699
carbon1,2693,16,1.8793065887875855
carbon1,2694,16,1.7371923830360174
carbon1,2695,16,1.6809829166159034
carbon1,2696,16,2.249672144651413
carbon1,2697,16,1.9897035220637918
carbon1,2698,16,1.7545319916680455
carbon1,2699,16,1.9521917263045907
carbon1,2700,16,1.6047217920422554
carbon1,2701,16,1.934704493265599
carbon1,2702,16,2.0197877241298556
carbon1,2703,16,1.9028461007401347
carbon1,2704,16,1.8309957773890346
carbon1,2705,16,1.9285856934729964
carbon1,2706,16,1.7505744472146034
carbon1,2707,16,1.8250802163966
carbon1,2708,16,1.7565437557641417
carbon1,2709,16,1.844590187072754
carbon1,2710,16,1.9375288505107164
carbon1,2711,16,1.8503766283392906
carbon1,2712,16,1.9217903763055801
carbon1,2713,16,1.7543730707839131
carbon1,2714,16,1.825416979379952
carbon1,2715,16,1.7346454095095396
carbon1,2716,16,1.7466229633428156
carbon1,2717,16,1.709827027283609
carbon1,2718,16,2.066866658627987
carbon1,2719,16,1.860408694949001
carbon1,2720,16,1.8266523061320186
carbon1,2721,16,1.8738549747504294
carbon1,2722,16,1.8501906860619783
carbon1,2723,16,1.7670565024018288
carbon1,2724,16,1.9258489981293678
carbon1,2725,16,1.8760052435100079
carbon1,2726,16,1.7807794432155788
carbon1,2727,16,1.6753818551078439
carbon1,2728,16,1.8697024788707495
carbon1,2729,16,1.6073507154360414
carbon1,2730,16,1.6700632451102138
carbon1,2731,16,1.7028978252783418
carbon1,2732,16,2.04713578033261
carbon1,2733,16,1.6197655438445508
carbon1,2734,16,1.792140178848058
carbon1,2735,16,1.9323554621078074
carbon1,2736,16,1.8697060318663716
carbon1,2737,16,2.000449356622994
carbon1,2738,16,1.9005191596224904
carbon1,2739,16,1.707097196020186
carbon1,2740,16,1.8114989306777716
carbon1,2741,16,1.6894782865419984
carbon1,2742,16,1.692109178751707
carbon1,2743,16,1.7909481190145016
carbon1,2744,16,1.9001302979886532
carbon1,2745,16,1.7658171262592077
carbon1,2746,16,1.7443501064553857
carbon1,2747,16,1.9676493098959327
carbon1,2748,16,1.876626396086067
carbon1,2749,16,1.7302907267585397
carbon1,2750,16,1.9423231629189104
carbon1,2751,16,1.959338211454451
carbon1,2752,16,1.7422903897240758
carbon1,2753,16,1.8526775985956192
carbon1,2754,16,1.7323916852474213
carbon1,2755,16,1.806867305189371
carbon1,2756,16,1.7503072395920753
carbon1,2757,16,1.7284399033524096
carbon1,2758,16,1.8186195213347673
carbon1,2759,16,1.9337407571729273
carbon1,2760,16,1.51080383034423
carbon1,2761,16,1.8853786634281278
carbon1,2762,16,1.7684954842552543
carbon1,2763,16,1.7449003625661135
carbon1,2764,16,1.6731907771900296
carbon1,2765,16,1.7954405238851905
carbon1,2766,16,1.7219380289316177
carbon1,2767,16,1.8304767129011452
carbon1,2768,16,1.8996312632225454
carbon1,2769,16,1.6934812813997269
carbon1,2770,16,1.749971692217514
carbon1,2771,16,1.762484370265156
carbon1,2772,16,1.6940070681739599
carbon1,2773,16,1.6661800399888307
carbon1,2774,16,1.9323373609222472
carbon1,2775,16,1.7831336660310626
carbon1,2776,16,1.9378657017368823
carbon1,2777,16,1.7129170717671514
carbon1,2778,16,1.7841057484038174
carbon1,2779,16,1.8399718697182834
carbon1,2780,16,1.6149995252490044
carbon1,2781,16,1.7204946959391236
carbon1,2782,16,1.7700062971562147
carbon1,2783,16,1.8878959896974266
carbon1,2784,16,1.9379818041343242
carbon1,2785,16,1.5720704309642315
carbon1,2786,16,1.7138555319979787
carbon1,2787,16,1.8081281073391438
carbon1,2788,16,1.6179400673136115
carbon1,2789,16,1.6118208932457492
carbon1,2790,16,1.996406686026603
carbon1,2791,16,2.136866355314851
carbon1,2792,16,1.779846917022951
carbon1,2793,16,1.967537042684853
carbon1,2794,16,1.7072081197984517
carbon1,2795,16,1.749368151417002
carbon1,2796,16,2.0066728368401527
carbon1,2797,16,1.890212339349091
carbon1,2798,16,1.6214975379407406
carbon1,2799,16,1.9500241433270276
carbon1,2800,16,1.8091722428798676
carbon1,2801,16,1.9011168028227985
carbon1,2802,16,1.7479902831837535
carbon1,2803,16,2.087900566868484
carbon1,2804,16,1.867320345249027
carbon1,2805,16,1.7120958878658712
carbon1,2806,16,1.9145839787088335
carbon1,2807,16,1.8397023305296898
carbon1,2808,16,1.69082760065794
carbon1,2809,16,1.9710859707556665
carbon1,2810,16,1.8858704656595364
carbon1,2811,16,1.874741998501122
carbon1,2812,16,1.7278624065220356
carbon1,2813,16,1.791361253708601
carbon1,2814,16,1.7123149507679045
carbon1,2815,16,1.831346839433536
carbon1,2816,16,1.810549404239282
carbon1,2817,16,1.9300408456474543
carbon1,2818,16,1.8293178789317608
carbon1,2819,16,1.807397123426199
carbon1,2820,16,2.049150161445141
carbon1,2821,16,1.847578545100987
carbon1,2822,16,1.8719361801631749
carbon1,2823,16,1.8585899979807436
carbon1,2824,16,1.9138428387232125
carbon1,2825,16,1.934111506678164
carbon1,2826,16,1.6137507436797023
carbon1,2827,16,1.9749411433003843
carbon1,2828,16,1.8121312903240323
carbon1,2829,16,1.888801327208057
carbon1,2830,16,1.7718061574269086
carbon1,2831,16,1.6802363428287208
carbon1,2832,16,1.7631441690027714
carbon1,2833,16,1.7936245538294315
carbon1,2834,16,1.7200073194690049
carbon1,2835,16,1.8874317416921258
carbon1,2836,16,1.9303711297689006
carbon1,2837,16,2.1143022552132607
carbon1,2838,16,1.7496497128158808
carbon1,2839,16,1.7340298295021057
carbon1,2840,16,2.2230434641242027
carbon1,2841,16,1.8490553162992
carbon1,2842,16,1.9784680604934692
carbon1,2843,16,1.7605744376778603
carbon1,2844,16,1.684843217022717
carbon1,2845,16,1.9017476327717304
carbon1,2846,16,1.593459322117269
carbon1,2847,16,1.8212769515812397
carbon1,2848,16,1.7605894953012466
carbon1,2849,16,1.8190871067345142
carbon1,2850,16,1.4243429698981345
carbon1,2851,16,1.6164334651548415
carbon1,2852,16,1.7722049860749394
carbon1,2853,16,1.9247358865104616
carbon1,2854,16,1.8121222630143166
carbon1,2855,16,1.9012106619775295
carbon1,2856,16,1.5912912355270237
carbon1,2857,16,1.8115283029619604
carbon1,2858,16,1.7267536090221256
carbon1,2859,16,1.6742882886901498
carbon1,2860,16,1.862995739094913
carbon1,2861,16,1.6294710612855852
carbon1,2862,16,1.7631744192913175
carbon1,2863,16,1.5470101577229798
carbon1,2864,16,1.5271469242870808
carbon1,2865,16,1.8205564502859488
carbon1,2866,16,1.7817742137704045
carbon1,2867,16,1.7483285057824105
carbon1,2868,16,1.943204341456294
carbon1,2869,16,1.9248220836743712
carbon1,2870,16,1.8808455094695091
carbon1,2871,16,1.6300133587792516
carbon1,2872,16,1.8553763285744935
carbon1,2873,16,1.7329810664523393
carbon1,2874,16,1.3416755353100598
carbon1,2875,16,1.6404669769108295
carbon1,2876,16,1.6193697578273714
carbon1,2877,16,1.9368585429619998
carbon1,2878,16,1.9373546487186104
carbon1,2879,16,2.1303439997136593
carbon1,2880,16,1.7911490565165877
carbon1,2881,16,1.9916490651667118
carbon1,2882,16,1.9080739663913846
carbon1,2883,16,1.9049787810072303
carbon1,2884,16,1.9201050531119108
carbon1,2885,16,1.995454984717071
carbon1,2886,16,1.5550374567974359
carbon1,2887,16,1.8010783880017698
carbon1,2888,16,1.7784771387232468
carbon1,2889,16,1.5804710714146495
carbon1,2890,16,1.862334062345326
carbon1,2891,16,1.606614156626165
carbon1,2892,16,1.8490728670731187
carbon1,2893,16,1.68268251279369
carbon1,2894,16,1.9215136645361781
carbon1,2895,16,1.9208835302852094
carbon1,2896,16,1.6178572289645672
carbon1,2897,16,1.8892789045348763
carbon1,2898,16,1.5816846741363406
carbon1,2899,16,1.7622020617127419
carbon1,2900,16,1.8227454437874258
carbon1,2901,16,1.9326979154720902
carbon1,2902,16,1.7103887691628188
carbon1,2903,16,1.82951192650944
carbon1,2904,16,1.8952927337959409
carbon1,2905,16,1.7659112440887839
carbon1,2906,16,1.700639905873686
carbon1,2907,16,2.0023094811476767
carbon1,2908,16,1.6392081526573747
carbon1,2909,16,1.7503059599548578
carbon1,2910,16,1.8581999726593494
carbon1,2911,16,1.647477097576484
carbon1,2912,16,1.5364431431517005
carbon1,2913,16,2.1157034765928984
carbon1,2914,16,1.853255880996585
carbon1,2915,16,1.8195484466850758
carbon1,2916,16,2.0350563438842073
carbon1,2917,16,2.234823366161436
carbon1,2918,16,1.7466345629654825
carbon1,2919,16,1.6441118945367634
carbon1,2920,16,1.8327792212367058
carbon1,2921,16,1.9921923333313316
carbon1,2922,16,1.595025632996112
carbon1,2923,16,1.8386736253742129
carbon1,2924,16,1.9224807494319975
carbon1,2925,16,1.8781717603560537
carbon1,2926,16,1.7865158456843346
carbon1,2927,16,1.8087587538175285
carbon1,2928,16,1.6678153802640736
carbon1,2929,16,1.674302788451314
carbon1,2930,16,1.7917415145784616
carbon1,2931,16,1.8031045850366354
carbon1,2932,16,1.542992056813091
carbon1,2933,16,2.0107275396585464
carbon1,2934,16,1.8487171865999699
carbon1,2935,16,1.8213868127204478
carbon1,2936,16,1.6329341479577124
carbon1,2937,16,1.5981001949403435
carbon1,2938,16,1.5985580310225487
carbon1,2939,16,1.628621264360845
carbon1,2940,16,1.444050092017278
carbon1,2941,16,1.7809481624281034
carbon1,2942,16,1.5693570023868233
carbon1,2943,16,1.7270722603425384
carbon1,2944,16,1.7420904752798378
carbon1,2945,16,1.6441631438210607
carbon1,2946,16,1.7360346398781985
carbon1,2947,16,1.5883941650390625
carbon1,2948,16,1.5892220344394445
carbon1,2949,16,1.8994387839920819
carbon1,2950,16,1.7743605067953467
carbon1,2951,16,1.7446422474458814
carbon1,2952,16,1.5158984577283263
carbon1,2953,16,1.9372492462862283
carbon1,2954,16,1.7555932514369488
carbon1,2955,16,2.0581114287488163
carbon1,2956,16,1.7701082602143288
carbon1,2957,16,1.9341651685535908
carbon1,2958,16,1.599283196264878
carbon1,2959,16,1.7821200261823833
carbon1,2960,16,1.8511617546901107
carbon1,2961,16,1.6823683283291757
carbon1,2962,16,1.7990206086542457
carbon1,2963,16,1.9150149933993816
carbon1,2964,16,1.6848210557363927
carbon1,2965,16,1.572048001922667
carbon1,2966,16,1.9236664706841111
carbon1,2967,16,1.741663832217455
carbon1,2968,16,1.6116463160142303
carbon1,2969,16,2.087481088936329
carbon1,2970,16,2.102313376031816
carbon1,2971,16,2.080817623063922
carbon1,2972,16,1.8319178097881377
carbon1,2973,16,1.7389495400711894
carbon1,2974,16,1.9812832800671458
carbon1,2975,16,1.9207071317359805
carbon1,2976,16,1.571187769062817
carbon1,2977,16,1.6549640549346805
carbon1,2978,16,1.5900409016758204
carbon1,2979,16,1.8479464696720243
carbon1,2980,16,1.7837724015116692
carbon1,2981,16,1.9635822549462318
carbon1,2982,16,1.730252439621836
carbon1,2983,16,1.6610140455886722
carbon1,2984,16,1.858331366442144
carbon1,2985,16,1.4807789968326688
carbon1,2986,16,1.7369649950414896
carbon1,2987,16,1.678256906569004
carbon1,2988,16,1.6991872587241232
carbon1,2989,16,1.718551037600264
carbon1,2990,16,1.7873750384896994
carbon1,2991,16,1.890723162330687
carbon1,2992,16,1.7429190361872315
carbon1,2993,16,1.8975501153618097
carbon1,2994,16,1.709859219379723
carbon1,2995,16,1.8245322555303574
carbon1,2996,16,1.6754804707597941
carbon1,2997,16,1.7020204784348607
carbon1,2998,16,1.7977650258690119
carbon1,2999,16,1.9713604836724699
carbon1,3000,16,1.621045361738652
carbon1,3001,16,1.8296888154000044
carbon1,3002,16,1.8280081320554018
carbon1,3003,16,1.63026573183015
carbon1,3004,16,1.8897007962223142
carbon1,3005,16,1.6997450306080282
carbon1,3006,16,1.6000781105831265
carbon1,3007,16,1.6900996514596045
carbon1,3008,16,1.6258042296394706
carbon1,3009,16,1.8194063233677298
carbon1,3010,16,1.662026034668088
carbon1,3011,16,1.9075762694701552
carbon1,3012,16,1.8895534905605018
carbon1,3013,16,1.6379072600975633
carbon1,3014,16,1.7417855942621827
carbon1,3015,16,1.7503991280682385
carbon1,3016,16,1.7394344960339367
carbon1,3017,16,1.9671493438072503
carbon1,3018,16,1.6209998526610434
carbon1,3019,16,1.7472873143851757
carbon1,3020,16,1.9290250451304018
carbon1,3021,16,1.8972778068855405
carbon1,3022,16,1.8435092754662037
carbon1,3023,16,1.801096752518788
carbon1,3024,16,1.8211069498211145
carbon1,3025,16,1.8590488634072244
carbon1,3026,16,1.7246122788637877
carbon1,3027,16,1.7598403207957745
carbon1,3028,16,1.8490717830136418
carbon1,3029,16,1.7048263680189848
carbon1,3030,16,1.660750261042267
carbon1,3031,16,1.9977743620984256
carbon1,3032,16,1.8277405984699726
carbon1,3033,16,1.7412699088454247
carbon1,3034,16,1.7347717136144638
carbon1,3035,16,2.0631983913481236
carbon1,3036,16,1.5967057514935732
carbon1,3037,16,2.108937479555607
carbon1,3038,16,1.8742691986262798
carbon1,3039,16,1.7269726414233446
carbon1,3040,16,1.842442473396659
carbon1,3041,16,1.956565210595727
carbon1,3042,16,1.6870945198461413
carbon1,3043,16,1.9768513394519687
carbon1,3044,16,1.7307244390249252
carbon1,3045,16,1.7848485568538308
carbon1,3046,16,1.774525540880859
carbon1,3047,16,1.8646445674821734
carbon1,3048,16,1.6226963340304792
carbon1,3049,16,2.0451368177309632
carbon1,3050,16,1.9385689664632082
carbon1,3051,16,1.8390602823346853
carbon1,3052,16,1.6200350634753704
carbon1,3053,16,1.82691665366292
carbon1,3054,16,1.7353552505373955
carbon1,3055,16,2.2281653434038162
carbon1,3056,16,1.9331300724297762
carbon1,3057,16,1.8097478915005922
carbon1,3058,16,1.7662491966038942
carbon1,3059,16,1.8205659100785851
carbon1,3060,16,1.9812153745442629
carbon1,3061,16,1.9365193014964461
carbon1,3062,16,2.136947102844715
carbon1,3063,16,1.6861795876175165
carbon1,3064,16,1.8989072982221842
carbon1,3065,16,1.8890968319028616
carbon1,3066,16,1.800763756968081
carbon1,3067,16,1.710665781982243
carbon1,3068,16,1.8122668974101543
carbon1,3069,16,1.7563792895525694
carbon1,3070,16,1.8994070868939161
carbon1,3071,16,1.7174758054316044
