model,model_window_position,base_count,mean_bpb
carbon1,0,17,2.0267534676720116
carbon1,1,17,2.0504489015130436
carbon1,2,17,1.9403220905977137
carbon1,3,17,2.0118728595621445
carbon1,4,17,1.9725556373596191
carbon1,5,17,1.9777568298227646
carbon1,6,17,1.8679077765520882
carbon1,7,17,1.9564071332707125
carbon1,8,17,1.9426294985939474
carbon1,9,17,1.8460814602234785
carbon1,10,17,1.9600997181499706
carbon1,11,17,1.941075878984788
carbon1,12,17,2.0177680744844326
carbon1,13,17,1.852826763601864
carbon1,14,17,2.0033514850279865
carbon1,15,17,1.842259407043457
carbon1,16,17,2.066693158710704
carbon1,17,17,1.9994287911583395
carbon1,18,17,2.0250815082998836
carbon1,19,17,1.8579413645407732
carbon1,20,17,1.8033087779493893
carbon1,21,17,1.6755147260778092
carbon1,22,17,1.8948968158048742
carbon1,23,17,1.7879823200842913
carbon1,24,17,1.8659304099924423
carbon1,25,17,1.6513745083528406
carbon1,26,17,1.9987452941782333
carbon1,27,17,2.211868044208078
carbon1,28,17,1.9609709907980526
carbon1,29,17,2.1860081728766945
carbon1,30,17,1.6612519656910616
carbon1,31,17,1.8301042879329008
carbon1,32,17,2.037317584542667
carbon1,33,17,1.933279952582191
carbon1,34,17,1.8210231135873234
carbon1,35,17,2.084739565849304
carbon1,36,17,1.984537173719967
carbon1,37,17,1.818898649776683
carbon1,38,17,2.008126167690053
carbon1,39,17,1.9915625488056856
carbon1,40,17,1.9053170891369091
carbon1,41,17,2.098987810751971
carbon1,42,17,1.8828655551461613
carbon1,43,17,1.9197644556269926
carbon1,44,17,1.9332511986003202
carbon1,45,17,1.992926744853749
carbon1,46,17,2.213294730466955
carbon1,47,17,1.9725975779926075
carbon1,48,17,1.82522653130924
carbon1,49,17,2.142678884898915
carbon1,50,17,1.9080889470436995
carbon1,51,17,1.8648347644244923
carbon1,52,17,1.9109791096519022
carbon1,53,17,1.8366885956595926
carbon1,54,17,1.969203135546516
carbon1,55,17,2.0241935112897087
carbon1,56,17,1.965369140400606
carbon1,57,17,2.0374544788809383
carbon1,58,17,1.8081077477511238
carbon1,59,17,1.8747597792569328
carbon1,60,17,2.049671842771418
carbon1,61,17,1.8234495205037735
carbon1,62,17,2.1704706654829136
carbon1,63,17,1.8657183506909538
carbon1,64,17,1.8796665037379545
carbon1,65,17,1.7779330295674942
carbon1,66,17,1.7682928618262796
carbon1,67,17,1.930017565979677
carbon1,68,17,1.8653807780321907
carbon1,69,17,1.897657920332516
carbon1,70,17,1.8044941285077263
carbon1,71,17,2.0787822919733383
carbon1,72,17,1.811154982622932
carbon1,73,17,2.095176389988731
carbon1,74,17,1.8180506825447083
carbon1,75,17,1.997972491909476
carbon1,76,17,1.8962152004241943
carbon1,77,17,1.8001273099113912
carbon1,78,17,1.916024130933425
carbon1,79,17,2.0050254218718586
carbon1,80,17,1.870844700757195
carbon1,81,17,2.0847745011834538
carbon1,82,17,1.778721809387207
carbon1,83,17,1.9461918788797714
carbon1,84,17,1.9401816971161787
carbon1,85,17,2.0277953147888184
carbon1,86,17,1.942912964259877
carbon1,87,17,1.975792225669412
carbon1,88,17,1.9695740447324865
carbon1,89,17,1.8686653305502499
carbon1,90,17,1.9975831333328695
carbon1,91,17,1.9568798682268929
carbon1,92,17,1.9133694031659294
carbon1,93,17,1.7696430683135986
carbon1,94,17,1.8115574822706335
carbon1,95,17,1.9206832156461828
carbon1,96,17,1.7000962145188276
carbon1,97,17,1.8290274704203886
carbon1,98,17,1.8148263622732723
carbon1,99,17,1.9533175089780022
carbon1,100,17,1.9059800400453455
carbon1,101,17,1.9754439311869003
carbon1,102,17,2.0155012397205128
carbon1,103,17,1.8223017594393562
carbon1,104,17,1.8457558575798483
carbon1,105,17,1.8001503173042745
carbon1,106,17,1.8579495303771074
carbon1,107,17,2.2042627194348503
carbon1,108,17,2.2002050946740543
carbon1,109,17,1.7962537442936617
carbon1,110,17,1.9416526626138126
carbon1,111,17,1.9722542552387012
carbon1,112,17,1.9750789544161629
carbon1,113,17,2.1444722834755394
carbon1,114,17,1.7291644688914805
carbon1,115,17,1.8285623613525839
carbon1,116,17,1.8564723940456616
carbon1,117,17,1.9591149863074808
carbon1,118,17,1.8614754887188183
carbon1,119,17,1.9856951236724854
carbon1,120,17,2.058404200217303
carbon1,121,17,1.8823405223734238
carbon1,122,17,2.048233011189629
carbon1,123,17,2.0828882806441364
carbon1,124,17,1.914158680859734
carbon1,125,17,1.9790977379854988
carbon1,126,17,2.079076227019815
carbon1,127,17,1.8725420166464413
carbon1,128,17,2.0009530361960914
carbon1,129,17,1.9581527219099157
carbon1,130,17,1.7693377698169035
carbon1,131,17,1.7881363770541023
carbon1,132,17,1.9905514927471386
carbon1,133,17,1.7070398260565365
carbon1,134,17,1.866726510664996
carbon1,135,17,1.90677212266361
carbon1,136,17,1.9218255421694588
carbon1,137,17,1.9366829184924854
carbon1,138,17,1.8047607646268957
carbon1,139,17,1.7339179095099955
carbon1,140,17,1.853526399416082
carbon1,141,17,1.8410585557713228
carbon1,142,17,1.955009236055262
carbon1,143,17,1.8048776318045223
carbon1,144,17,1.7195893666323494
carbon1,145,17,1.9691825228578903
carbon1,146,17,1.9158783625153935
carbon1,147,17,2.168114290517919
carbon1,148,17,1.9266088499742395
carbon1,149,17,1.6864606001797844
carbon1,150,17,1.8565119364682365
carbon1,151,17,1.9052596232470345
carbon1,152,17,1.8761927450404448
carbon1,153,17,1.807024079210618
carbon1,154,17,1.8085133783957537
carbon1,155,17,1.8696461425108069
carbon1,156,17,1.8295904748580034
carbon1,157,17,1.8778492212295532
carbon1,158,17,1.9011469413252438
carbon1,159,17,1.806555888232063
carbon1,160,17,1.8872939979328829
carbon1,161,17,1.8817384698811699
carbon1,162,17,2.002289856181425
carbon1,163,17,2.1905134565689983
carbon1,164,17,1.9387511155184578
carbon1,165,17,1.8739381748087265
carbon1,166,17,2.1304620644625496
carbon1,167,17,2.0009398811003742
carbon1,168,17,1.8819051419987398
carbon1,169,17,1.9407283067703247
carbon1,170,17,1.7940660574856926
carbon1,171,17,2.0406005522784065
carbon1,172,17,2.0371825765160954
carbon1,173,17,2.051980221972746
carbon1,174,17,1.9493959931766285
carbon1,175,17,1.8237054137622608
carbon1,176,17,1.88957380547243
carbon1,177,17,1.830027362879585
carbon1,178,17,1.851575206307804
carbon1,179,17,1.8731857958961935
carbon1,180,17,1.9184113705859465
carbon1,181,17,1.8594694488188799
carbon1,182,17,1.8970697977963615
carbon1,183,17,1.9445767753264482
carbon1,184,17,1.9327571251813103
carbon1,185,17,1.7974673719967114
carbon1,186,17,2.0031768364064835
carbon1,187,17,2.0239619227016674
carbon1,188,17,2.0354868313845467
carbon1,189,17,1.8029655638863058
carbon1,190,17,1.8357300933669596
carbon1,191,17,2.02758810450049
carbon1,192,17,2.1286406026167026
carbon1,193,17,1.9074857725816614
carbon1,194,17,2.0912480073816635
carbon1,195,17,1.8102977556340836
carbon1,196,17,1.7192417313070858
carbon1,197,17,1.811768700094784
carbon1,198,17,1.7046354544513367
carbon1,199,17,1.9103455455864178
carbon1,200,17,1.9372698804911446
carbon1,201,17,1.6668575353482191
carbon1,202,17,1.9262458015890682
carbon1,203,17,2.084796197274152
carbon1,204,17,1.9169708560494816
carbon1,205,17,1.9587838860119091
carbon1,206,17,1.9647539854049683
carbon1,207,17,1.9922172462238985
carbon1,208,17,2.073062216534334
carbon1,209,17,1.8152535522685331
carbon1,210,17,1.7923270183451034
carbon1,211,17,2.029033299754648
carbon1,212,17,1.8915038073764128
carbon1,213,17,2.052397517596974
carbon1,214,17,1.8134526715559118
carbon1,215,17,2.098871006685145
carbon1,216,17,1.8873728864333208
carbon1,217,17,1.8208462631001192
carbon1,218,17,2.03528350241044
carbon1,219,17,2.012278584872975
carbon1,220,17,1.913072109222412
carbon1,221,17,1.9478604513056137
carbon1,222,17,2.02161144509035
carbon1,223,17,1.9287529272191666
carbon1,224,17,1.9641540751737707
carbon1,225,17,1.8909121751785278
carbon1,226,17,1.825441332424388
carbon1,227,17,2.01366821457358
carbon1,228,17,1.6764835539986105
carbon1,229,17,2.014070847455193
carbon1,230,17,1.9306927288279814
carbon1,231,17,1.6737348752863266
carbon1,232,17,1.9038834221222822
carbon1,233,17,1.8786188153659595
carbon1,234,17,1.9992353705798878
carbon1,235,17,2.1617890386020435
carbon1,236,17,1.9596985788906323
carbon1,237,17,2.2411695859011482
carbon1,238,17,1.830863917575163
carbon1,239,17,1.907318767379312
carbon1,240,17,1.8383190491620232
carbon1,241,17,1.9736343762453865
carbon1,242,17,1.8284452873117782
carbon1,243,17,1.9367185760946835
carbon1,244,17,1.9897709944668938
carbon1,245,17,2.1108415547539208
carbon1,246,17,1.8347733967444475
carbon1,247,17,1.7327986394657808
carbon1,248,17,1.7899790371165556
carbon1,249,17,2.064492660410264
carbon1,250,17,2.1227806035210106
carbon1,251,17,1.8981255994123571
carbon1,252,17,1.7011138341006111
carbon1,253,17,2.0912110384772804
carbon1,254,17,1.8540419340133667
carbon1,255,17,2.0623417321373436
carbon1,256,17,1.933140333961038
carbon1,257,17,2.0470096714356365
carbon1,258,17,2.1428049241795257
carbon1,259,17,1.930893617517808
carbon1,260,17,1.7949621046290678
carbon1,261,17,2.1368982301038852
carbon1,262,17,2.0642309819950775
carbon1,263,17,2.0366277133717254
carbon1,264,17,1.875337120364694
carbon1,265,17,1.7626857126460356
carbon1,266,17,2.042216525358312
carbon1,267,17,1.8328271473155302
carbon1,268,17,1.7596215500551111
carbon1,269,17,1.8920384715585148
carbon1,270,17,2.10607013982885
carbon1,271,17,1.891323769793791
carbon1,272,17,1.858140749089858
carbon1,273,17,1.9229866126004387
carbon1,274,17,1.84572153932908
carbon1,275,17,1.983665150754592
carbon1,276,17,2.001599802690394
carbon1,277,17,1.9450382064370548
carbon1,278,17,1.8581826546612907
carbon1,279,17,2.1555513073416317
carbon1,280,17,2.0029158451977898
carbon1,281,17,1.776351188912111
carbon1,282,17,1.9695694727056168
carbon1,283,17,1.925527151893167
carbon1,284,17,2.026301657452303
carbon1,285,17,2.0478542552274814
carbon1,286,17,1.950633911525502
carbon1,287,17,1.8380919765023624
carbon1,288,17,1.8756629158468807
carbon1,289,17,1.8379906205569996
carbon1,290,17,1.7381878600401037
carbon1,291,17,1.7379427587284761
carbon1,292,17,1.8731328529470108
carbon1,293,17,1.8892394093906177
carbon1,294,17,1.9599316681132597
carbon1,295,17,1.8113190005807316
carbon1,296,17,2.03366921228521
carbon1,297,17,2.191237912458532
carbon1,298,17,1.8690677109886618
carbon1,299,17,1.8996220616733326
carbon1,300,17,2.192764071857228
carbon1,301,17,1.935567764674916
carbon1,302,17,1.9230518130695118
carbon1,303,17,1.9330309068455416
carbon1,304,17,1.86051887624404
carbon1,305,17,1.9484268777510698
carbon1,306,17,1.8009893824072445
carbon1,307,17,1.9004422776839311
carbon1,308,17,1.9457899121677174
carbon1,309,17,1.9170980313244987
carbon1,310,17,2.0137209752026726
carbon1,311,17,1.992046461385839
carbon1,312,17,1.8342372687423931
carbon1,313,17,1.7207044222775627
carbon1,314,17,1.8968367716845345
carbon1,315,17,1.8548897872952854
carbon1,316,17,1.925865145290599
carbon1,317,17,1.9720322314430685
carbon1,318,17,2.0757832457037533
carbon1,319,17,1.7438124207889332
carbon1,320,17,1.9625497214934404
carbon1,321,17,1.9392102255540735
carbon1,322,17,1.6629353060441858
carbon1,323,17,1.9646730983958525
carbon1,324,17,1.9478502343682682
carbon1,325,17,1.8617296779856962
carbon1,326,17,1.8286011569640215
carbon1,327,17,1.8635397588505465
carbon1,328,17,1.9910316747777603
carbon1,329,17,1.884086153086494
carbon1,330,17,1.8979555333361906
carbon1,331,17,1.8417494752827812
carbon1,332,17,1.8242698627359726
carbon1,333,17,1.9473614201826208
carbon1,334,17,2.0414445680730484
carbon1,335,17,1.9340685816372143
carbon1,336,17,2.0476087787572075
carbon1,337,17,2.1063890316907097
carbon1,338,17,2.07717099610497
carbon1,339,17,2.0384591747732723
carbon1,340,17,1.8633428601657642
carbon1,341,17,1.9130230300566728
carbon1,342,17,1.9640618983437033
carbon1,343,17,2.069673180580139
carbon1,344,17,1.9347922240986544
carbon1,345,17,2.012202999171089
carbon1,346,17,1.97144816903507
carbon1,347,17,1.876642661936143
carbon1,348,17,1.7360180265763228
carbon1,349,17,2.1065572149613323
carbon1,350,17,1.9835644329295439
carbon1,351,17,2.1983912341734944
carbon1,352,17,1.9624657701043522
carbon1,353,17,1.8776441812515259
carbon1,354,17,1.9780658203012802
carbon1,355,17,1.8953666967504166
carbon1,356,17,1.9148096827899708
carbon1,357,17,1.970291824901805
carbon1,358,17,2.058056354522705
carbon1,359,17,1.9175610051435583
carbon1,360,17,1.868815979536842
carbon1,361,17,2.0766296246472526
carbon1,362,17,1.7626189764808207
carbon1,363,17,2.018806576728821
carbon1,364,17,1.8658811204573686
carbon1,365,17,1.8645451489616842
carbon1,366,17,2.127415292403277
carbon1,367,17,2.0340119389926685
carbon1,368,17,1.88499214368708
carbon1,369,17,2.148495821391835
carbon1,370,17,1.923499668345732
carbon1,371,17,1.6415186839945175
carbon1,372,17,1.7754626484478222
carbon1,373,17,1.9365804335650276
carbon1,374,17,2.077251802472507
carbon1,375,17,2.0749268111060646
carbon1,376,17,1.8673981077530806
carbon1,377,17,1.830397837302264
carbon1,378,17,1.9959817774155562
carbon1,379,17,1.8358119095073027
carbon1,380,17,1.9075489692828234
carbon1,381,17,1.7984001916997574
carbon1,382,17,1.870427313972922
carbon1,383,17,1.9677620705436258
carbon1,384,17,1.8303900185753317
carbon1,385,17,1.903293202905094
carbon1,386,17,1.8647465565625359
carbon1,387,17,1.9327894659603344
carbon1,388,17,1.99366514823016
carbon1,389,17,1.968399258220897
carbon1,390,17,1.9942315115648157
carbon1,391,17,1.659082896569196
carbon1,392,17,2.037708001978257
carbon1,393,17,2.008165149127736
carbon1,394,17,1.7258185078116024
carbon1,395,17,1.839648211703581
carbon1,396,17,1.8453435196596033
carbon1,397,17,2.0070943692151237
carbon1,398,17,1.944906332913567
carbon1,399,17,1.9215631940785576
carbon1,400,17,1.6915747768738691
carbon1,401,17,2.1045598282533535
carbon1,402,17,2.166070422705482
carbon1,403,17,2.0289314845029045
carbon1,404,17,1.956489184323479
carbon1,405,17,1.9989292481366325
carbon1,406,17,2.079835330738741
carbon1,407,17,1.7416381397668053
carbon1,408,17,1.7646769776063806
carbon1,409,17,1.759771697661456
carbon1,410,17,1.964499129968531
carbon1,411,17,2.1067783201442047
carbon1,412,17,2.041929273044362
carbon1,413,17,1.859662048956927
carbon1,414,17,1.9683035997783436
carbon1,415,17,1.7826475781552933
carbon1,416,17,1.8411063096102547
carbon1,417,17,1.9440948261934168
carbon1,418,17,1.8832632583730362
carbon1,419,17,1.9421630116070019
carbon1,420,17,2.1469725791145775
carbon1,421,17,1.9977187268874224
carbon1,422,17,2.0568138921962067
carbon1,423,17,1.8472566253998701
carbon1,424,17,2.141711101812475
carbon1,425,17,1.9843131654402788
carbon1,426,17,2.0531349848298466
carbon1,427,17,1.7356952849556417
carbon1,428,17,1.9773348008885103
carbon1,429,17,1.8034383864963757
carbon1,430,17,1.8402502677019905
carbon1,431,17,2.148453102392309
carbon1,432,17,1.8680661355747896
carbon1,433,17,1.8710465571459602
carbon1,434,17,1.8712694083943087
carbon1,435,17,1.899285176221062
carbon1,436,17,1.8710456455455107
carbon1,437,17,1.792932201834286
carbon1,438,17,1.8192956061924206
carbon1,439,17,1.9125334375044878
carbon1,440,17,1.9947454543674694
carbon1,441,17,1.8680850793333614
carbon1,442,17,1.8410039509043974
carbon1,443,17,2.0041862024980435
carbon1,444,17,1.9305695435580086
carbon1,445,17,2.2086579659405876
carbon1,446,17,2.1256094960605396
carbon1,447,17,1.8182923302930944
carbon1,448,17,1.8362437697017895
carbon1,449,17,1.945994594517876
carbon1,450,17,1.7585363317938412
carbon1,451,17,1.8855209350585938
carbon1,452,17,2.0539883725783405
carbon1,453,17,1.7222298383712769
carbon1,454,17,2.0239312789019417
carbon1,455,17,2.015750590492697
carbon1,456,17,1.7366293949239395
carbon1,457,17,2.2108354077619663
carbon1,458,17,1.9711916236316456
carbon1,459,17,1.8471256564645206
carbon1,460,17,1.9287875540116255
carbon1,461,17,1.888864327879513
carbon1,462,17,1.855883142527412
carbon1,463,17,1.7791484103483313
carbon1,464,17,1.9891269697862513
carbon1,465,17,1.9909598967608284
carbon1,466,17,2.100424009210923
carbon1,467,17,1.8045033076230217
carbon1,468,17,1.8645364186343025
carbon1,469,17,1.9799420903710758
carbon1,470,17,2.0075812830644497
carbon1,471,17,2.0024737891028908
carbon1,472,17,1.8839373869054459
carbon1,473,17,1.8692284541971542
carbon1,474,17,1.7891303686534656
carbon1,475,17,2.0356888911303352
carbon1,476,17,1.9448559214087093
carbon1,477,17,1.9623087644577026
carbon1,478,17,2.0956629234201767
carbon1,479,17,1.8525289858088774
carbon1,480,17,1.6611389693091898
carbon1,481,17,1.8406139051212984
carbon1,482,17,1.8237177203683292
carbon1,483,17,1.919347181039698
carbon1,484,17,1.983232904882992
carbon1,485,17,2.047435017193065
carbon1,486,17,1.6708965827437008
carbon1,487,17,1.8492326806573307
carbon1,488,17,1.8962415106156294
carbon1,489,17,1.8873446408440084
carbon1,490,17,1.834341617191539
carbon1,491,17,1.9768913142821367
carbon1,492,17,1.9360663399976843
carbon1,493,17,1.8412706396159004
carbon1,494,17,2.0612861549153045
carbon1,495,17,1.9068918228149414
carbon1,496,17,2.061477030024809
carbon1,497,17,2.0481349019443287
carbon1,498,17,1.8643272939850302
carbon1,499,17,1.9506716097102446
carbon1,500,17,2.0483706768821266
carbon1,501,17,2.0497022797079647
carbon1,502,17,1.8827646269517786
carbon1,503,17,2.2092913880067715
carbon1,504,17,1.8644139836816227
carbon1,505,17,1.856242951224832
carbon1,506,17,2.2199678701512955
carbon1,507,17,1.964840811841628
carbon1,508,17,2.060086067985086
carbon1,509,17,1.9997786774354822
carbon1,510,17,1.6713500583873075
carbon1,511,17,2.006005146924187
carbon1,512,17,1.9501474955502678
carbon1,513,17,1.7570248211131376
carbon1,514,17,1.9209584278218887
carbon1,515,17,1.883168620221755
carbon1,516,17,1.800320260664996
carbon1,517,17,1.8056549675324385
carbon1,518,17,1.7369860936613644
carbon1,519,17,2.1805969757192276
carbon1,520,17,1.99041266301099
carbon1,521,17,1.895303768270156
carbon1,522,17,1.867825695696999
carbon1,523,17,1.9725356312359081
carbon1,524,17,2.099629942108603
carbon1,525,17,2.0547361233655144
carbon1,526,17,2.0493496235679176
carbon1,527,17,1.8776004805284388
carbon1,528,17,1.9118922528098612
carbon1,529,17,2.0833276860854206
carbon1,530,17,2.011179110583137
carbon1,531,17,1.8987887817270614
carbon1,532,17,2.1040395077537086
carbon1,533,17,1.9039316177368164
carbon1,534,17,2.2676987016902252
carbon1,535,17,1.8416460997918074
carbon1,536,17,1.9356916687067818
carbon1,537,17,2.0463615165037266
carbon1,538,17,2.0135561788783356
carbon1,539,17,2.067436365520253
carbon1,540,17,1.9959280771367691
carbon1,541,17,2.016286716741674
carbon1,542,17,1.995799232931698
carbon1,543,17,2.017434036030489
carbon1,544,17,1.92372745626113
carbon1,545,17,1.89448679895962
carbon1,546,17,1.7575571537017822
carbon1,547,17,2.043754816055298
carbon1,548,17,1.927058219909668
carbon1,549,17,1.9956713494132547
carbon1,550,17,1.9799783510320328
carbon1,551,17,1.9603222538443172
carbon1,552,17,1.6560861643622904
carbon1,553,17,1.8218934430795557
carbon1,554,17,2.088353220154257
carbon1,555,17,1.8998511959524715
carbon1,556,17,1.8999414514092838
carbon1,557,17,1.9681250698426191
carbon1,558,17,1.6089043021202087
carbon1,559,17,1.835211340118857
carbon1,560,17,1.827178046983831
carbon1,561,17,2.0042554560829613
carbon1,562,17,1.7702776333864998
carbon1,563,17,1.931415789267596
carbon1,564,17,1.8282985336640303
carbon1,565,17,1.8450165075414322
carbon1,566,17,1.91017082158257
carbon1,567,17,1.896703509723439
carbon1,568,17,1.9135963101597393
carbon1,569,17,1.9900347222300137
carbon1,570,17,1.8793004663551556
carbon1,571,17,1.9059705348575817
carbon1,572,17,1.7244947938358082
carbon1,573,17,2.1845246343051685
carbon1,574,17,1.890482467763564
carbon1,575,17,1.8276408419889563
carbon1,576,17,2.018748395583209
carbon1,577,17,1.5774872364366757
carbon1,578,17,1.9350342680426205
carbon1,579,17,1.9240990666782154
carbon1,580,17,2.1154171579024372
carbon1,581,17,1.7742861298953785
carbon1,582,17,1.959282282520743
carbon1,583,17,1.867185957291547
carbon1,584,17,1.7376064097180086
carbon1,585,17,1.683079695000368
carbon1,586,17,1.804064715609831
carbon1,587,17,1.8888307634521933
carbon1,588,17,1.8034982330658857
carbon1,589,17,1.9963169413454391
carbon1,590,17,2.016362460220561
carbon1,591,17,1.7692823304849512
carbon1,592,17,1.87524231041179
carbon1,593,17,1.8028812969432157
carbon1,594,17,1.709942407467786
carbon1,595,17,1.9619056126650642
carbon1,596,17,1.9592016023748062
carbon1,597,17,1.7922741946052103
carbon1,598,17,1.9217901370104622
carbon1,599,17,1.8803853778278126
carbon1,600,17,1.8854095760513754
carbon1,601,17,1.8883244149825151
carbon1,602,17,1.9607974010355331
carbon1,603,17,1.6306577675482805
carbon1,604,17,1.7266979462960188
carbon1,605,17,1.892399367164163
carbon1,606,17,1.9431977727833916
carbon1,607,17,2.0069943456088795
carbon1,608,17,1.818027699694914
carbon1,609,17,2.1530071637209724
carbon1,610,17,1.9681081982219921
carbon1,611,17,2.0515471205991855
carbon1,612,17,1.8773701015640707
carbon1,613,17,1.919810042661779
carbon1,614,17,1.8754272881676168
carbon1,615,17,2.1759877415264355
carbon1,616,17,1.8851049998227287
carbon1,617,17,1.7887463219025557
carbon1,618,17,2.2236004997702206
carbon1,619,17,1.970349133014679
carbon1,620,17,1.9391169688280891
carbon1,621,17,1.854607392759884
carbon1,622,17,2.015807691742392
carbon1,623,17,1.9815082199433272
carbon1,624,17,2.1242305390975056
carbon1,625,17,1.6511614112293018
carbon1,626,17,1.8157846086165483
carbon1,627,17,1.9690365370582132
carbon1,628,17,2.007625930449542
carbon1,629,17,1.8047093293246101
carbon1,630,17,2.2297324713538673
carbon1,631,17,1.9171256458058077
carbon1,632,17,2.111001028734095
carbon1,633,17,2.0683143419377945
carbon1,634,17,2.0439137921613804
carbon1,635,17,1.9634188133127548
carbon1,636,17,1.8793919086456299
carbon1,637,17,2.0238128830404842
carbon1,638,17,2.1490579633151783
carbon1,639,17,1.8310600028318518
carbon1,640,17,1.9477798728381885
carbon1,641,17,1.9473067802541397
carbon1,642,17,1.8826322625665104
carbon1,643,17,1.8950873122495764
carbon1,644,17,1.9380375918220072
carbon1,645,17,1.8960585453931023
carbon1,646,17,1.9604184417163624
carbon1,647,17,2.137352529694052
carbon1,648,17,1.8861567413105684
carbon1,649,17,1.955728951622458
carbon1,650,17,1.8407747745513916
carbon1,651,17,1.8734163466621847
carbon1,652,17,1.9972569872351253
carbon1,653,17,1.9018001065534704
carbon1,654,17,1.9868314336327946
carbon1,655,17,1.8185539105359245
carbon1,656,17,2.0884022432215072
carbon1,657,17,1.849042717148276
carbon1,658,17,2.0249068526660694
carbon1,659,17,1.9149994008681352
carbon1,660,17,1.781947118394515
carbon1,661,17,2.0468009219450107
carbon1,662,17,1.9080299559761495
carbon1,663,17,1.7847711338716394
carbon1,664,17,1.9087900554432589
carbon1,665,17,1.9706001351861393
carbon1,666,17,2.1202698314891144
carbon1,667,17,1.948590923758114
carbon1,668,17,1.811777528594522
carbon1,669,17,1.9424892523709465
carbon1,670,17,1.806991324705236
carbon1,671,17,1.912047400194056
carbon1,672,17,1.8856794658829183
carbon1,673,17,1.76053883748896
carbon1,674,17,1.9405306016697603
carbon1,675,17,1.8650613532346838
carbon1,676,17,2.0331630917156445
carbon1,677,17,2.090268885388094
carbon1,678,17,1.8004667969310986
carbon1,679,17,2.076231185127707
carbon1,680,17,2.074305597473593
carbon1,681,17,1.8577791031669169
carbon1,682,17,2.0825173644458546
carbon1,683,17,2.0709877434898827
carbon1,684,17,1.916203260421753
carbon1,685,17,1.97232424511629
carbon1,686,17,2.0622364282608032
carbon1,687,17,1.9931785920087028
carbon1,688,17,1.982234793550828
carbon1,689,17,2.0053099323721493
carbon1,690,17,1.8590692842707914
carbon1,691,17,1.9374809755998499
carbon1,692,17,2.0043538949068855
carbon1,693,17,2.14494709407582
carbon1,694,17,1.8534799463608687
carbon1,695,17,1.9693499032188864
carbon1,696,17,1.8774720360251034
carbon1,697,17,1.8654746448292452
carbon1,698,17,1.972862958908081
carbon1,699,17,2.018124047447653
carbon1,700,17,1.898424457101261
carbon1,701,17,1.986513278063606
carbon1,702,17,1.9760910062228931
carbon1,703,17,1.8556982068454517
carbon1,704,17,1.9496097985435934
carbon1,705,17,1.9034539040397196
carbon1,706,17,2.044430227840648
carbon1,707,17,1.8373632851768942
carbon1,708,17,1.7988166879205143
carbon1,709,17,1.9969515309614294
carbon1,710,17,1.9422722143285416
carbon1,711,17,1.9760670732049381
carbon1,712,17,1.9375877099878647
carbon1,713,17,1.996571653029498
carbon1,714,17,1.8146059653338265
carbon1,715,17,2.0670277581495395
carbon1,716,17,1.9446666205630583
carbon1,717,17,1.9017212320776546
carbon1,718,17,1.8280212248072905
carbon1,719,17,1.9540985542185165
carbon1,720,17,2.0500514542355255
carbon1,721,17,1.8088745509876925
carbon1,722,17,1.9144977751900167
carbon1,723,17,2.057153912151561
carbon1,724,17,1.8503342831836027
carbon1,725,17,2.0164469340268303
carbon1,726,17,1.8628602378508623
carbon1,727,17,1.8796805704341215
carbon1,728,17,1.8455997635336483
carbon1,729,17,2.043816194814794
carbon1,730,17,1.8782503780196695
carbon1,731,17,1.8485222774393417
carbon1,732,17,1.6682733367471134
carbon1,733,17,2.0154784006230972
carbon1,734,17,1.8573244038750143
carbon1,735,17,1.9232928332160502
carbon1,736,17,1.9765013736837052
carbon1,737,17,1.916605416466208
carbon1,738,17,1.9508106357911055
carbon1,739,17,2.1331886473823998
carbon1,740,17,1.9760329372742598
carbon1,741,17,2.059188295813168
carbon1,742,17,1.930318327511058
carbon1,743,17,1.808361944030313
carbon1,744,17,2.010735084028805
carbon1,745,17,1.862253925379585
carbon1,746,17,1.953659194357255
carbon1,747,17,1.6817050120409798
carbon1,748,17,1.9690913382698507
carbon1,749,17,1.8210186011650984
carbon1,750,17,1.6278115826494552
carbon1,751,17,1.878901341382195
carbon1,752,17,1.8016406052252825
carbon1,753,17,1.8440064542433794
carbon1,754,17,1.8975428412942326
carbon1,755,17,1.743939427768483
carbon1,756,17,1.9342144044006573
carbon1,757,17,1.9645287429585176
carbon1,758,17,1.8175627694410437
carbon1,759,17,1.9034230849322151
carbon1,760,17,1.902824135387645
carbon1,761,17,2.0265461206436157
carbon1,762,17,1.8564554645734674
carbon1,763,17,1.9253331773421343
carbon1,764,17,1.8568723219282486
carbon1,765,17,1.924674111254075
carbon1,766,17,1.8023165955263025
carbon1,767,17,1.7927228913587683
carbon1,768,17,1.8343114326981937
carbon1,769,17,1.86833335722194
carbon1,770,17,1.6955024319536545
carbon1,771,17,1.7253774895387537
carbon1,772,17,1.7096825978335213
carbon1,773,17,1.958404456867891
carbon1,774,17,1.9500978764365702
carbon1,775,17,1.8401942007681902
carbon1,776,17,1.8616796065779293
carbon1,777,17,1.953751248471877
carbon1,778,17,1.8708303290254928
carbon1,779,17,1.8881815601797665
carbon1,780,17,1.8560008196269764
carbon1,781,17,1.7311705000260298
carbon1,782,17,1.8151972854838652
carbon1,783,17,1.61201670590569
carbon1,784,17,1.9170350818073048
carbon1,785,17,1.7205022363101734
carbon1,786,17,1.9606254802030676
carbon1,787,17,1.866162244011374
carbon1,788,17,1.710466791601742
carbon1,789,17,1.9618621643851786
carbon1,790,17,1.8594131189234115
carbon1,791,17,1.7943714436362772
carbon1,792,17,1.55541731504833
carbon1,793,17,1.876838438651141
carbon1,794,17,1.6951644946547115
carbon1,795,17,1.8703726530075073
carbon1,796,17,1.722367945839377
carbon1,797,17,1.7980232379015755
carbon1,798,17,1.768145904821508
carbon1,799,17,2.1473499326144947
carbon1,800,17,1.8165294878623064
carbon1,801,17,1.9184302862952738
carbon1,802,17,1.9252375048749588
carbon1,803,17,1.8659756393993603
carbon1,804,17,1.7864909487612106
carbon1,805,17,1.6996989425490885
carbon1,806,17,1.7950999421231888
carbon1,807,17,1.9264321467455696
carbon1,808,17,2.027043251430287
carbon1,809,17,1.785216682097491
carbon1,810,17,1.799266078892876
carbon1,811,17,1.7950823447283577
carbon1,812,17,1.8407339769251205
carbon1,813,17,1.7183032456566305
carbon1,814,17,1.8161488911684822
carbon1,815,17,1.929353685940013
carbon1,816,17,1.671577530748704
carbon1,817,17,2.0079261625514313
carbon1,818,17,1.8421598374843597
carbon1,819,17,1.7655335384256698
carbon1,820,17,1.799405476626228
carbon1,821,17,1.7825464676408207
carbon1,822,17,1.7746082035934223
carbon1,823,17,1.9663909007521236
carbon1,824,17,1.9611035094541662
carbon1,825,17,1.736687958240509
carbon1,826,17,1.7954018676982206
carbon1,827,17,1.6853869417134453
carbon1,828,17,1.5876667604726904
carbon1,829,17,1.8903153188088362
carbon1,830,17,1.8122594777275534
carbon1,831,17,2.0277496295816757
carbon1,832,17,1.7064578638357275
carbon1,833,17,2.0066658538930557
carbon1,834,17,2.103632990051718
carbon1,835,17,1.7131644627627205
carbon1,836,17,1.8492651651887333
carbon1,837,17,2.0266719074810253
carbon1,838,17,1.9596724650439095
carbon1,839,17,1.9923816989449894
carbon1,840,17,1.8548584545359892
carbon1,841,17,1.6596036360544317
carbon1,842,17,1.7066022122607512
carbon1,843,17,2.0086317202624153
carbon1,844,17,2.0160220791311825
carbon1,845,17,1.7265224877525778
carbon1,846,17,2.1834645569324493
carbon1,847,17,1.8712577328962439
carbon1,848,16,1.8877002894878387
carbon1,849,16,1.9260485544800758
carbon1,850,16,2.2835846841335297
carbon1,851,16,1.9235376939177513
carbon1,852,16,1.948223076760769
carbon1,853,16,1.828313522040844
carbon1,854,16,1.7587381228804588
carbon1,855,16,1.6471097320318222
carbon1,856,16,2.0423737168312073
carbon1,857,16,1.8296582326292992
carbon1,858,16,1.8462780639529228
carbon1,859,16,1.8861307203769684
carbon1,860,16,1.9181636460125446
carbon1,861,16,1.9854117184877396
carbon1,862,16,1.8060548678040504
carbon1,863,16,2.082671970129013
carbon1,864,16,1.8029714673757553
carbon1,865,16,1.8061829432845116
carbon1,866,16,2.1255682557821274
carbon1,867,16,1.9851692095398903
carbon1,868,16,2.2609291300177574
carbon1,869,16,1.913913108408451
carbon1,870,16,1.9857939779758453
carbon1,871,16,1.7939495593309402
carbon1,872,16,1.8179214224219322
carbon1,873,16,1.8533810749650002
carbon1,874,16,1.8312057852745056
carbon1,875,16,2.1002916619181633
carbon1,876,16,1.586655579507351
carbon1,877,16,2.0723292529582977
carbon1,878,16,1.8040545359253883
carbon1,879,16,2.0503477416932583
carbon1,880,16,1.9506492465734482
carbon1,881,16,1.7842901311814785
carbon1,882,16,1.8297467157244682
carbon1,883,16,1.966322161257267
carbon1,884,16,1.8721151016652584
carbon1,885,16,2.1504902616143227
carbon1,886,16,1.7716211527585983
carbon1,887,16,1.9597337022423744
carbon1,888,16,1.672362219542265
carbon1,889,16,1.8479368314146996
carbon1,890,16,1.9224307872354984
carbon1,891,16,1.8981222286820412
carbon1,892,16,1.8396412804722786
carbon1,893,16,2.0497682094573975
carbon1,894,16,1.8020044416189194
carbon1,895,16,2.0288135185837746
carbon1,896,16,1.7646828591823578
carbon1,897,16,2.039964698255062
carbon1,898,16,1.830381877720356
carbon1,899,16,1.9729589372873306
carbon1,900,16,1.9038095474243164
carbon1,901,16,1.9236225858330727
carbon1,902,16,1.9015196040272713
carbon1,903,16,1.9597559198737144
carbon1,904,16,1.864087164402008
carbon1,905,16,2.033397078514099
carbon1,906,16,1.868761571124196
carbon1,907,16,1.9739882946014404
carbon1,908,16,1.812596682459116
carbon1,909,16,1.7550952844321728
carbon1,910,16,2.0862129777669907
carbon1,911,16,1.9413220062851906
carbon1,912,16,1.9060210399329662
carbon1,913,16,1.9054009318351746
carbon1,914,16,1.747657224535942
carbon1,915,16,1.7300081998109818
carbon1,916,16,1.7845115214586258
carbon1,917,16,1.9451518282294273
carbon1,918,16,1.9704827181994915
carbon1,919,16,1.9712649807333946
carbon1,920,16,1.6953410506248474
carbon1,921,16,1.9723975881934166
carbon1,922,16,1.856776736676693
carbon1,923,16,1.8799517676234245
carbon1,924,16,1.7841844409704208
carbon1,925,16,1.846420280635357
carbon1,926,16,1.944480523467064
carbon1,927,16,2.0693682953715324
carbon1,928,16,1.9813874885439873
carbon1,929,16,2.0635207146406174
carbon1,930,16,2.042210590094328
carbon1,931,16,1.9946826621890068
carbon1,932,16,1.8447430282831192
carbon1,933,16,1.9483005106449127
carbon1,934,16,1.8177060037851334
carbon1,935,16,2.1099064648151398
carbon1,936,16,2.3500141203403473
carbon1,937,16,1.933532178401947
carbon1,938,16,1.8622875362634659
carbon1,939,16,1.9411242939531803
carbon1,940,16,1.9531831666827202
carbon1,941,16,1.8846014440059662
carbon1,942,16,1.681071698665619
carbon1,943,16,2.125221349298954
carbon1,944,16,1.8693109937012196
carbon1,945,16,1.805445335805416
carbon1,946,16,1.9383579529821873
carbon1,947,16,1.9128572419285774
carbon1,948,16,1.8063701670616865
carbon1,949,16,1.8122836370021105
carbon1,950,16,1.6165265310555696
carbon1,951,16,1.610836555249989
carbon1,952,16,1.7537880083546042
carbon1,953,16,1.7261698301881552
carbon1,954,16,1.7779830540530384
carbon1,955,16,1.881760748103261
carbon1,956,16,1.640700675547123
carbon1,957,16,1.6414166167378426
carbon1,958,16,1.810339655727148
carbon1,959,16,1.8927931860089302
carbon1,960,16,1.878661036491394
carbon1,961,16,1.7639172971248627
carbon1,962,16,2.1162607111036777
carbon1,963,16,2.072551116347313
carbon1,964,16,1.9095753841102123
carbon1,965,16,1.7781719490885735
carbon1,966,16,1.996588259935379
carbon1,967,16,1.7863087877631187
carbon1,968,16,1.9235419780015945
carbon1,969,16,1.7461421824991703
carbon1,970,16,1.8997196927666664
carbon1,971,16,1.8685504011809826
carbon1,972,16,2.213212162256241
carbon1,973,16,1.9079061970114708
carbon1,974,16,2.0729742981493473
carbon1,975,16,1.8870196864008904
carbon1,976,16,2.0339402332901955
carbon1,977,16,1.9667479172348976
carbon1,978,16,1.6935347244143486
carbon1,979,16,1.796215459704399
carbon1,980,16,1.878656655550003
carbon1,981,16,1.831213939934969
carbon1,982,16,1.9010203629732132
carbon1,983,16,1.9140529483556747
carbon1,984,16,1.9145188704133034
carbon1,985,16,1.958990290760994
carbon1,986,16,2.157375656068325
carbon1,987,16,1.867815311998129
carbon1,988,16,1.895046703517437
carbon1,989,16,1.9890485629439354
carbon1,990,16,1.7946471124887466
carbon1,991,16,1.8676499500870705
carbon1,992,16,1.985086739063263
carbon1,993,16,1.7701788023114204
carbon1,994,16,1.9977796599268913
carbon1,995,16,1.9274227246642113
carbon1,996,16,1.841013789176941
carbon1,997,16,1.7388185933232307
carbon1,998,16,2.106657825410366
carbon1,999,16,1.8615060448646545
carbon1,1000,16,1.8095088824629784
carbon1,1001,16,1.7892385944724083
carbon1,1002,16,2.074403587728739
carbon1,1003,16,1.7598249576985836
carbon1,1004,16,1.7313689477741718
carbon1,1005,16,1.978913590312004
carbon1,1006,16,1.8264503590762615
carbon1,1007,16,1.926389753818512
carbon1,1008,16,2.1314723566174507
carbon1,1009,16,2.1773826405406
carbon1,1010,16,1.8135393261909485
carbon1,1011,16,2.031429059803486
carbon1,1012,16,1.7664458081126213
carbon1,1013,16,1.706284061074257
carbon1,1014,16,1.7390222810208797
carbon1,1015,16,1.8475439511239529
carbon1,1016,16,1.9054539129137993
carbon1,1017,16,1.9866356551647186
carbon1,1018,16,1.9296051040291786
carbon1,1019,16,1.7425636537373066
carbon1,1020,16,2.007620759308338
carbon1,1021,16,2.1016515493392944
carbon1,1022,16,1.7552407160401344
carbon1,1023,16,1.9299629554152489
carbon1,1024,16,2.0067904219031334
carbon1,1025,16,2.152025520801544
carbon1,1026,16,2.036220535635948
carbon1,1027,16,1.802111804485321
carbon1,1028,16,1.8996533006429672
carbon1,1029,16,1.8416996449232101
carbon1,1030,16,1.9952647984027863
carbon1,1031,16,1.8280390799045563
carbon1,1032,16,1.9956072941422462
carbon1,1033,16,1.8155658766627312
carbon1,1034,16,1.9411550015211105
carbon1,1035,16,1.8042862117290497
carbon1,1036,16,1.7234275341033936
carbon1,1037,16,1.9310998544096947
carbon1,1038,16,1.8434837497770786
carbon1,1039,16,2.0213379561901093
carbon1,1040,16,1.921760579571128
carbon1,1041,16,1.8714391998946667
carbon1,1042,16,1.7280611209571362
carbon1,1043,16,1.7382604107260704
carbon1,1044,16,1.6501183984801173
carbon1,1045,16,1.6909355628304183
carbon1,1046,16,1.551674879156053
carbon1,1047,16,1.9014410078525543
carbon1,1048,16,1.869838546961546
carbon1,1049,16,1.4960687067359686
carbon1,1050,16,1.6446434035897255
carbon1,1051,16,1.5655534658581018
carbon1,1052,16,1.9522642754018307
carbon1,1053,16,1.9241288602352142
carbon1,1054,16,1.9830419458448887
carbon1,1055,16,1.8565264232456684
carbon1,1056,16,1.929090902209282
carbon1,1057,16,1.9739271234720945
carbon1,1058,16,1.8134310767054558
carbon1,1059,16,1.604182243347168
carbon1,1060,16,1.7445370629429817
carbon1,1061,16,1.5741656571626663
carbon1,1062,16,1.5056107603013515
carbon1,1063,16,1.5367274954915047
carbon1,1064,16,1.900160288438201
carbon1,1065,16,2.0306608974933624
carbon1,1066,16,2.017593264579773
carbon1,1067,16,1.8850337006151676
carbon1,1068,16,1.7767854891717434
carbon1,1069,16,2.0340967290103436
carbon1,1070,16,2.126798927783966
carbon1,1071,16,1.7497363723814487
carbon1,1072,16,2.0394907891750336
carbon1,1073,16,1.7477548606693745
carbon1,1074,16,1.9369394853711128
carbon1,1075,16,1.805859237909317
carbon1,1076,16,1.7672513276338577
carbon1,1077,16,1.9643014669418335
carbon1,1078,16,2.1166510805487633
carbon1,1079,16,2.1436061933636665
carbon1,1080,16,1.8039057105779648
carbon1,1081,16,1.916693091392517
carbon1,1082,16,1.9554133042693138
carbon1,1083,16,1.8160672262310982
carbon1,1084,16,1.8882414475083351
carbon1,1085,16,1.8173291236162186
carbon1,1086,16,1.9716898426413536
carbon1,1087,16,1.8213247433304787
carbon1,1088,16,1.805673897266388
carbon1,1089,16,1.933698333799839
carbon1,1090,16,1.9419628232717514
carbon1,1091,16,2.0152733772993088
carbon1,1092,16,2.1478062458336353
carbon1,1093,16,1.998625636100769
carbon1,1094,16,1.9592476934194565
carbon1,1095,16,2.0661803632974625
carbon1,1096,16,2.0433391109108925
carbon1,1097,16,2.0928718224167824
carbon1,1098,16,1.798032820224762
carbon1,1099,16,2.0096315294504166
carbon1,1100,16,1.8477505315095186
carbon1,1101,16,2.159492999315262
carbon1,1102,16,1.7963814493268728
carbon1,1103,16,1.9014997258782387
carbon1,1104,16,1.8681904524564743
carbon1,1105,16,1.8556266501545906
carbon1,1106,16,1.9301897482946515
carbon1,1107,16,2.1986932680010796
carbon1,1108,16,1.7545630978420377
carbon1,1109,16,1.6313631534576416
carbon1,1110,16,1.8062451360747218
carbon1,1111,16,1.912890681065619
carbon1,1112,16,1.9708635183051229
carbon1,1113,16,1.782808294519782
carbon1,1114,16,1.7457809774205089
carbon1,1115,16,1.9335511811077595
carbon1,1116,16,1.7067377883940935
carbon1,1117,16,2.357814759016037
carbon1,1118,16,2.1743060424923897
carbon1,1119,16,2.0792654380202293
carbon1,1120,16,1.893433777615428
carbon1,1121,16,2.088670179247856
carbon1,1122,16,2.037752389907837
carbon1,1123,16,1.925858773291111
carbon1,1124,16,1.8812681082636118
carbon1,1125,16,1.941577859222889
carbon1,1126,16,1.7879779376089573
carbon1,1127,16,1.8120313361287117
carbon1,1128,16,2.0563343316316605
carbon1,1129,16,1.9474714249372482
carbon1,1130,16,1.9333721976727247
carbon1,1131,16,2.0194310024380684
carbon1,1132,16,1.9587226063013077
carbon1,1133,16,1.9505485743284225
carbon1,1134,16,1.893650822341442
carbon1,1135,16,2.068974070250988
carbon1,1136,16,2.0267680436372757
carbon1,1137,16,2.015460040420294
carbon1,1138,16,1.8987441807985306
carbon1,1139,16,1.7806114852428436
carbon1,1140,16,1.8250941676087677
carbon1,1141,16,1.8550826581194997
carbon1,1142,16,1.8431881442666054
carbon1,1143,16,1.8897622963413596
carbon1,1144,16,1.816162707284093
carbon1,1145,16,1.9240261763334274
carbon1,1146,16,1.7650262285023928
carbon1,1147,16,1.7223142832517624
carbon1,1148,16,1.9604377672076225
carbon1,1149,16,1.9748064130544662
carbon1,1150,16,1.842748984694481
carbon1,1151,16,1.8664291054010391
carbon1,1152,16,1.7643523700535297
carbon1,1153,16,2.1049322336912155
carbon1,1154,16,1.8209946528077126
carbon1,1155,16,1.8835548758506775
carbon1,1156,16,1.9300557076931
carbon1,1157,16,1.7731453403830528
carbon1,1158,16,1.9414362460374832
carbon1,1159,16,2.149769574403763
carbon1,1160,16,1.938439965248108
carbon1,1161,16,2.00136648863554
carbon1,1162,16,2.013914078474045
carbon1,1163,16,1.8022163063287735
carbon1,1164,16,2.1154950335621834
carbon1,1165,16,1.8510096669197083
carbon1,1166,16,1.8088534027338028
carbon1,1167,16,2.0005452930927277
carbon1,1168,16,2.035902053117752
carbon1,1169,16,1.994451381266117
carbon1,1170,16,1.7649074010550976
carbon1,1171,16,1.849996693432331
carbon1,1172,16,2.0699905082583427
carbon1,1173,16,2.017762251198292
carbon1,1174,16,1.9308234229683876
carbon1,1175,16,1.9447868689894676
carbon1,1176,16,2.124987617135048
carbon1,1177,16,2.1601762026548386
carbon1,1178,16,1.846968837082386
carbon1,1179,16,1.987702153623104
carbon1,1180,16,1.9536818787455559
carbon1,1181,16,1.8391187489032745
carbon1,1182,16,1.8770146295428276
carbon1,1183,16,2.141892582178116
carbon1,1184,16,1.8490409329533577
carbon1,1185,16,1.7421464398503304
carbon1,1186,16,1.9990129470825195
carbon1,1187,16,1.8597422540187836
carbon1,1188,16,1.8541807010769844
carbon1,1189,16,1.8044906705617905
carbon1,1190,16,2.087018184363842
carbon1,1191,16,2.0311883464455605
carbon1,1192,16,2.1225027441978455
carbon1,1193,16,1.7640320621430874
carbon1,1194,16,2.060977026820183
carbon1,1195,16,2.2550635412335396
carbon1,1196,16,1.9569861143827438
carbon1,1197,16,2.1687991842627525
carbon1,1198,16,2.039198726415634
carbon1,1199,16,1.8577728271484375
carbon1,1200,16,2.0029554963111877
carbon1,1201,16,1.9853374883532524
carbon1,1202,16,1.8983920738101006
carbon1,1203,16,1.862716592848301
carbon1,1204,16,1.8721280172467232
carbon1,1205,16,1.9243749156594276
carbon1,1206,16,1.778309803456068
carbon1,1207,16,2.0407942086458206
carbon1,1208,16,1.822787344455719
carbon1,1209,16,2.2045183703303337
carbon1,1210,16,1.8974349722266197
carbon1,1211,16,1.9713778346776962
carbon1,1212,16,2.0691970586776733
carbon1,1213,16,1.8946620002388954
carbon1,1214,16,2.0528388023376465
carbon1,1215,16,2.009163610637188
carbon1,1216,16,1.991919182240963
carbon1,1217,16,1.7785184159874916
carbon1,1218,16,1.8517861813306808
carbon1,1219,16,2.055924192070961
carbon1,1220,16,2.137919209897518
carbon1,1221,16,2.024861216545105
carbon1,1222,16,1.872862659394741
carbon1,1223,16,1.7850934192538261
carbon1,1224,16,2.0926545560359955
carbon1,1225,16,2.1555012986063957
carbon1,1226,16,1.988388929516077
carbon1,1227,16,1.865039087831974
carbon1,1228,16,2.0541863590478897
carbon1,1229,16,2.0478619933128357
carbon1,1230,16,1.9304860532283783
carbon1,1231,16,1.9060632437467575
carbon1,1232,16,2.019852414727211
carbon1,1233,16,1.9611412659287453
carbon1,1234,16,2.00275806337595
carbon1,1235,16,1.8317863196134567
carbon1,1236,16,1.6910229623317719
carbon1,1237,16,1.9967800416052341
carbon1,1238,16,1.8599710166454315
carbon1,1239,16,1.8500908985733986
carbon1,1240,16,1.8003614470362663
carbon1,1241,16,2.0010334625840187
carbon1,1242,16,2.120278589427471
carbon1,1243,16,2.0624237433075905
carbon1,1244,16,2.104489289224148
carbon1,1245,16,1.8007247522473335
carbon1,1246,16,1.9755810648202896
carbon1,1247,16,1.8606872409582138
carbon1,1248,16,1.7379199638962746
carbon1,1249,16,1.8626758903265
carbon1,1250,16,1.7931970730423927
carbon1,1251,16,1.865805722773075
carbon1,1252,16,2.017590433359146
carbon1,1253,16,1.9834664165973663
carbon1,1254,16,1.9019525572657585
carbon1,1255,16,1.8191447779536247
carbon1,1256,16,1.897613286972046
carbon1,1257,16,1.922046959400177
carbon1,1258,16,1.877121940255165
carbon1,1259,16,1.745059110224247
carbon1,1260,16,2.2544796466827393
carbon1,1261,16,2.031223364174366
carbon1,1262,16,1.824049361050129
carbon1,1263,16,1.9643291011452675
carbon1,1264,16,1.9390785098075867
carbon1,1265,16,1.9345613196492195
carbon1,1266,16,1.8556769713759422
carbon1,1267,16,1.916891872882843
carbon1,1268,16,1.8505451902747154
carbon1,1269,16,1.9171971306204796
carbon1,1270,16,1.9462936520576477
carbon1,1271,16,1.7741753309965134
carbon1,1272,16,2.0614596158266068
carbon1,1273,16,1.7056092396378517
carbon1,1274,16,1.7296402975916862
carbon1,1275,16,1.7160865515470505
carbon1,1276,16,1.8735316619277
carbon1,1277,16,1.837856076657772
carbon1,1278,16,1.8182743936777115
carbon1,1279,16,1.7772572487592697
carbon1,1280,16,1.7003230601549149
carbon1,1281,16,1.6378955617547035
carbon1,1282,16,1.941668413579464
carbon1,1283,16,1.742401823401451
carbon1,1284,16,1.85169168561697
carbon1,1285,16,1.6805045008659363
carbon1,1286,16,1.9697831347584724
carbon1,1287,16,2.0500165671110153
carbon1,1288,16,1.6779446303844452
carbon1,1289,16,2.038330651819706
carbon1,1290,16,1.9197887554764748
carbon1,1291,16,2.082843042910099
carbon1,1292,16,2.0326424315571785
carbon1,1293,16,1.886134147644043
carbon1,1294,16,1.8274158611893654
carbon1,1295,16,2.0108912140130997
carbon1,1296,16,1.8455355390906334
carbon1,1297,16,1.7782983481884003
carbon1,1298,16,1.7623813673853874
carbon1,1299,16,1.941270686686039
carbon1,1300,16,1.6985312774777412
carbon1,1301,16,1.8102308064699173
carbon1,1302,16,1.8436129912734032
carbon1,1303,16,2.217419356107712
carbon1,1304,16,1.858282908797264
carbon1,1305,16,2.019326813519001
carbon1,1306,16,1.6533404290676117
carbon1,1307,16,1.9468391314148903
carbon1,1308,16,1.7376211807131767
carbon1,1309,16,1.7918241918087006
carbon1,1310,16,1.8168892040848732
carbon1,1311,16,1.9353993088006973
carbon1,1312,16,1.7235916405916214
carbon1,1313,16,1.8037138283252716
carbon1,1314,16,1.9304375406354666
carbon1,1315,16,1.9399398118257523
carbon1,1316,16,1.7311644926667213
carbon1,1317,16,1.8302737213671207
carbon1,1318,16,1.932145543396473
carbon1,1319,16,1.846121471375227
carbon1,1320,16,1.9176016934216022
carbon1,1321,16,1.880387730896473
carbon1,1322,16,1.7984900251030922
carbon1,1323,16,1.8144118506461382
carbon1,1324,16,1.9260927960276604
carbon1,1325,16,1.9558956436812878
carbon1,1326,16,2.2050770223140717
carbon1,1327,16,2.0386017858982086
carbon1,1328,16,2.0317655131220818
carbon1,1329,16,2.108388550579548
carbon1,1330,16,2.0845564007759094
carbon1,1331,16,1.7998767644166946
carbon1,1332,16,1.7172438241541386
carbon1,1333,16,1.8389725610613823
carbon1,1334,16,2.1051622480154037
carbon1,1335,16,1.9279324300587177
carbon1,1336,16,1.9522160664200783
carbon1,1337,16,2.0465935319662094
carbon1,1338,16,1.9629576168954372
carbon1,1339,16,1.7322816774249077
carbon1,1340,16,1.9183766692876816
carbon1,1341,16,1.9790691807866096
carbon1,1342,16,2.0634395852684975
carbon1,1343,16,1.8863864913582802
carbon1,1344,16,1.5684990957379341
carbon1,1345,16,1.8461987227201462
carbon1,1346,16,1.7317192777991295
carbon1,1347,16,2.0989163368940353
carbon1,1348,16,1.7744902074337006
carbon1,1349,16,1.7760226503014565
carbon1,1350,16,2.2396263480186462
carbon1,1351,16,2.121163673698902
carbon1,1352,16,1.98041420429945
carbon1,1353,16,1.8149536773562431
carbon1,1354,16,2.0472091510891914
carbon1,1355,16,1.972936362028122
carbon1,1356,16,1.6439908593893051
carbon1,1357,16,1.81150072067976
carbon1,1358,16,1.8530687242746353
carbon1,1359,16,1.9271310120821
carbon1,1360,16,1.7737385928630829
carbon1,1361,16,1.933426097035408
carbon1,1362,16,1.858661249279976
carbon1,1363,16,1.9015466421842575
carbon1,1364,16,1.7943912521004677
carbon1,1365,16,1.8284575697034597
carbon1,1366,16,2.153185598552227
carbon1,1367,16,1.7363647669553757
carbon1,1368,16,2.016859482973814
carbon1,1369,16,2.078741952776909
carbon1,1370,16,2.1103368550539017
carbon1,1371,16,1.8166233077645302
carbon1,1372,16,2.015731453895569
carbon1,1373,16,1.8830607384443283
carbon1,1374,16,2.0212907642126083
carbon1,1375,16,1.7288950607180595
carbon1,1376,16,1.8201122879981995
carbon1,1377,16,2.0222839415073395
carbon1,1378,16,1.9379582479596138
carbon1,1379,16,1.8730996921658516
carbon1,1380,16,1.947188839316368
carbon1,1381,16,1.9299645349383354
carbon1,1382,16,2.0315949842333794
carbon1,1383,16,1.8991771340370178
carbon1,1384,16,1.892883077263832
carbon1,1385,16,1.9958471208810806
carbon1,1386,16,1.5864481143653393
carbon1,1387,16,1.667157493531704
carbon1,1388,16,1.9236164204776287
carbon1,1389,16,1.982177808880806
carbon1,1390,16,1.9032137170433998
carbon1,1391,16,1.9305937141180038
carbon1,1392,16,1.5223418027162552
carbon1,1393,16,1.8501978740096092
carbon1,1394,16,1.9736029356718063
carbon1,1395,16,1.7077955715358257
carbon1,1396,16,1.6773719675838947
carbon1,1397,16,1.7902708649635315
carbon1,1398,16,1.703979253768921
carbon1,1399,16,1.9987913183867931
carbon1,1400,16,1.9213757924735546
carbon1,1401,16,2.106565333902836
carbon1,1402,16,2.0239421539008617
carbon1,1403,16,1.8696936815977097
carbon1,1404,16,1.8476905673742294
carbon1,1405,16,2.0452353209257126
carbon1,1406,16,2.0645949952304363
carbon1,1407,16,1.768207386136055
carbon1,1408,16,1.9069727808237076
carbon1,1409,16,1.8064194843173027
carbon1,1410,16,2.0128664821386337
carbon1,1411,16,1.8550673797726631
carbon1,1412,16,2.010405093431473
carbon1,1413,16,1.8097246065735817
carbon1,1414,16,1.882521815598011
carbon1,1415,16,2.0122956708073616
carbon1,1416,16,1.7486687861382961
carbon1,1417,16,1.8888140693306923
carbon1,1418,16,1.9372327849268913
carbon1,1419,16,2.0107995197176933
carbon1,1420,16,1.7136062756180763
carbon1,1421,16,1.822817176580429
carbon1,1422,16,1.9726876392960548
carbon1,1423,16,1.8911434821784496
carbon1,1424,16,1.9062468633055687
carbon1,1425,16,1.8689466454088688
carbon1,1426,16,1.6987112760543823
carbon1,1427,16,1.7880050167441368
carbon1,1428,16,1.7634985335171223
carbon1,1429,16,2.0715765729546547
carbon1,1430,16,1.9732362106442451
carbon1,1431,16,2.032873012125492
carbon1,1432,16,1.823702946305275
carbon1,1433,16,1.9557643607258797
carbon1,1434,16,1.8452089950442314
carbon1,1435,16,2.0011372230947018
carbon1,1436,16,2.031398184597492
carbon1,1437,16,1.6697164326906204
carbon1,1438,16,1.9173679500818253
carbon1,1439,16,1.963365688920021
carbon1,1440,16,1.9439177811145782
carbon1,1441,16,2.0477624014019966
carbon1,1442,16,1.8811477571725845
carbon1,1443,16,2.0193170681595802
carbon1,1444,16,2.004870556294918
carbon1,1445,16,2.165884956717491
carbon1,1446,16,1.8787267208099365
carbon1,1447,16,1.8535461872816086
carbon1,1448,16,1.9540410339832306
carbon1,1449,16,1.8975790590047836
carbon1,1450,16,1.9939090088009834
carbon1,1451,16,1.9764624014496803
carbon1,1452,16,1.7406694293022156
carbon1,1453,16,1.8645289689302444
carbon1,1454,16,1.8575381860136986
carbon1,1455,16,2.074747182428837
carbon1,1456,16,1.8534159660339355
carbon1,1457,16,2.1464236229658127
carbon1,1458,16,1.6214524023234844
carbon1,1459,16,1.8195175379514694
carbon1,1460,16,2.0429255291819572
carbon1,1461,16,1.8409195691347122
carbon1,1462,16,1.990607276558876
carbon1,1463,16,1.8115095347166061
carbon1,1464,16,1.9343820549547672
carbon1,1465,16,1.756759136915207
carbon1,1466,16,1.9397397711873055
carbon1,1467,16,1.9877160638570786
carbon1,1468,16,1.9537187665700912
carbon1,1469,16,1.7807283103466034
carbon1,1470,16,1.7765379771590233
carbon1,1471,16,1.908863551914692
carbon1,1472,16,1.947955071926117
carbon1,1473,16,2.0052316412329674
carbon1,1474,16,1.8397244475781918
carbon1,1475,16,2.0524771362543106
carbon1,1476,16,1.5095658116042614
carbon1,1477,16,2.0749918073415756
carbon1,1478,16,2.17875736951828
carbon1,1479,16,1.730579437687993
carbon1,1480,16,1.8001990914344788
carbon1,1481,16,1.79917324334383
carbon1,1482,16,1.7643478140234947
carbon1,1483,16,1.8032494112849236
carbon1,1484,16,1.8634290732443333
carbon1,1485,16,1.930751033127308
carbon1,1486,16,2.0007596388459206
carbon1,1487,16,2.034874454140663
carbon1,1488,16,1.5415415139868855
carbon1,1489,16,2.1294033713638783
carbon1,1490,16,1.9618944898247719
carbon1,1491,16,2.21534675732255
carbon1,1492,16,2.0514327958226204
carbon1,1493,16,1.8373080119490623
carbon1,1494,16,1.532232142984867
carbon1,1495,16,2.0461983680725098
carbon1,1496,16,1.8579561412334442
carbon1,1497,16,1.787047602236271
carbon1,1498,16,2.050780303776264
carbon1,1499,16,1.78244087100029
carbon1,1500,16,1.910522848367691
carbon1,1501,16,1.9775941893458366
carbon1,1502,16,1.9054748564958572
carbon1,1503,16,1.7125113680958748
carbon1,1504,16,1.819793775677681
carbon1,1505,16,1.775640808045864
carbon1,1506,16,1.766066424548626
carbon1,1507,16,1.8508030734956264
carbon1,1508,16,1.9448211565613747
carbon1,1509,16,1.7704639360308647
carbon1,1510,16,1.7801267355680466
carbon1,1511,16,2.153099976480007
carbon1,1512,16,1.8767494522035122
carbon1,1513,16,2.044608250260353
carbon1,1514,16,1.8232645504176617
carbon1,1515,16,1.9431891366839409
carbon1,1516,16,1.990994356572628
carbon1,1517,16,1.7051741480827332
carbon1,1518,16,1.6833313554525375
carbon1,1519,16,2.1085858084261417
carbon1,1520,16,2.0683885663747787
carbon1,1521,16,2.110937736928463
carbon1,1522,16,2.237092524766922
carbon1,1523,16,2.0184909775853157
carbon1,1524,16,1.7668798938393593
carbon1,1525,16,2.022489607334137
carbon1,1526,16,1.919065497815609
carbon1,1527,16,2.275963358581066
carbon1,1528,16,1.8015481308102608
carbon1,1529,16,2.070824146270752
carbon1,1530,16,1.8990821316838264
carbon1,1531,16,2.1841669008135796
carbon1,1532,16,1.9975102841854095
carbon1,1533,16,1.979300893843174
carbon1,1534,16,1.8247846961021423
carbon1,1535,16,2.017479956150055
carbon1,1536,16,1.9342189505696297
carbon1,1537,16,1.7701878026127815
carbon1,1538,16,1.9197248294949532
carbon1,1539,16,2.252931982278824
carbon1,1540,16,1.9851539358496666
carbon1,1541,16,1.9726968705654144
carbon1,1542,16,2.1774579510092735
carbon1,1543,16,1.945918269455433
carbon1,1544,16,2.110537640750408
carbon1,1545,16,1.997585043311119
carbon1,1546,16,1.968011036515236
carbon1,1547,16,1.8051545843482018
carbon1,1548,16,1.9464842304587364
carbon1,1549,16,1.9941461160779
carbon1,1550,16,1.9952529892325401
carbon1,1551,16,1.9140708893537521
carbon1,1552,16,1.862068071961403
carbon1,1553,16,2.0686399936676025
carbon1,1554,16,2.0064321160316467
carbon1,1555,16,1.8408962488174438
carbon1,1556,16,2.0058438926935196
carbon1,1557,16,2.1226893588900566
carbon1,1558,16,1.9462261199951172
carbon1,1559,16,2.046368472278118
carbon1,1560,16,1.794142235070467
carbon1,1561,16,2.1645832136273384
carbon1,1562,16,2.0670480206608772
carbon1,1563,16,1.991821400821209
carbon1,1564,16,2.0304848328232765
carbon1,1565,16,1.8322858959436417
carbon1,1566,16,1.9612019434571266
carbon1,1567,16,1.9666832014918327
carbon1,1568,16,1.9427402541041374
carbon1,1569,16,1.9911563023924828
carbon1,1570,16,2.0413443446159363
carbon1,1571,16,1.9439269378781319
carbon1,1572,16,1.899902306497097
carbon1,1573,16,1.8636365495622158
carbon1,1574,16,1.9407821297645569
carbon1,1575,16,1.9899171590805054
carbon1,1576,16,1.8963310271501541
carbon1,1577,16,1.9530094638466835
carbon1,1578,16,2.060501605272293
carbon1,1579,16,1.917951561510563
carbon1,1580,16,1.9184842556715012
carbon1,1581,16,1.975445196032524
carbon1,1582,16,1.943928562104702
carbon1,1583,16,1.8735909461975098
carbon1,1584,16,1.703124056570232
carbon1,1585,16,1.903649888932705
carbon1,1586,16,2.017748683691025
carbon1,1587,16,1.8793458044528961
carbon1,1588,16,1.8615256920456886
carbon1,1589,16,1.9283872842788696
carbon1,1590,16,1.758251454681158
carbon1,1591,16,1.8579901307821274
carbon1,1592,16,1.853265292942524
carbon1,1593,16,1.9395922422409058
carbon1,1594,16,1.9612054526805878
carbon1,1595,16,1.9524971656501293
carbon1,1596,16,1.9368897676467896
carbon1,1597,16,1.9240892678499222
carbon1,1598,16,1.8510883152484894
carbon1,1599,16,1.8464793115854263
carbon1,1600,16,2.0341130942106247
carbon1,1601,16,1.8785564303398132
carbon1,1602,16,1.8012755438685417
carbon1,1603,16,1.9731488227844238
carbon1,1604,16,2.0119450241327286
carbon1,1605,16,2.0871496573090553
carbon1,1606,16,1.962980031967163
carbon1,1607,16,2.02965846657753
carbon1,1608,16,1.9131283909082413
carbon1,1609,16,1.8847673833370209
carbon1,1610,16,1.919648602604866
carbon1,1611,16,1.8912404999136925
carbon1,1612,16,2.032957263290882
carbon1,1613,16,1.880556844174862
carbon1,1614,16,2.022324800491333
carbon1,1615,16,1.9058964997529984
carbon1,1616,16,1.9335262924432755
carbon1,1617,16,2.046532206237316
carbon1,1618,16,2.0056522712111473
carbon1,1619,16,1.794689580798149
carbon1,1620,16,1.7296924516558647
carbon1,1621,16,1.9348058998584747
carbon1,1622,16,1.9610368832945824
carbon1,1623,16,1.9176453277468681
carbon1,1624,16,1.9484132453799248
carbon1,1625,16,2.1687777042388916
carbon1,1626,16,1.7392332032322884
carbon1,1627,16,1.7609974294900894
carbon1,1628,16,2.001766189932823
carbon1,1629,16,1.934750497341156
carbon1,1630,16,2.098304510116577
carbon1,1631,16,1.9310517385601997
carbon1,1632,16,1.8172762766480446
carbon1,1633,16,1.960915021598339
carbon1,1634,16,2.0467016622424126
carbon1,1635,16,1.867434836924076
carbon1,1636,16,2.056591212749481
carbon1,1637,16,2.0015770569443703
carbon1,1638,16,2.110241062939167
carbon1,1639,16,1.9489987567067146
carbon1,1640,16,2.0551888793706894
carbon1,1641,16,2.0719615146517754
carbon1,1642,16,1.9921136498451233
carbon1,1643,16,2.070052854716778
carbon1,1644,16,1.8417269736528397
carbon1,1645,16,2.0150308161973953
carbon1,1646,16,1.8281302228569984
carbon1,1647,16,1.8797490075230598
carbon1,1648,16,1.9818665459752083
carbon1,1649,16,1.8876387029886246
carbon1,1650,16,1.9376262426376343
carbon1,1651,16,1.871919460594654
carbon1,1652,16,1.9270523861050606
carbon1,1653,16,1.687375545501709
carbon1,1654,16,1.8357234373688698
carbon1,1655,16,1.9018838852643967
carbon1,1656,16,1.672264639288187
carbon1,1657,16,1.8812166713178158
carbon1,1658,16,2.235093228518963
carbon1,1659,16,1.9698736742138863
carbon1,1660,16,1.8250214979052544
carbon1,1661,16,1.8847927525639534
carbon1,1662,16,1.974077731370926
carbon1,1663,16,2.0116148851811886
carbon1,1664,16,1.9189587756991386
carbon1,1665,16,1.874161634594202
carbon1,1666,16,2.0317640714347363
carbon1,1667,16,1.9413703978061676
carbon1,1668,16,1.8843317702412605
carbon1,1669,16,2.006019949913025
carbon1,1670,16,1.8517350628972054
carbon1,1671,16,1.916784942150116
carbon1,1672,16,1.9254279248416424
carbon1,1673,16,1.9521992951631546
carbon1,1674,16,2.1268723011016846
carbon1,1675,16,1.754791498184204
carbon1,1676,16,1.8377643823623657
carbon1,1677,16,1.9497693479061127
carbon1,1678,16,2.0178679823875427
carbon1,1679,16,1.9817811623215675
carbon1,1680,16,1.8180639818310738
carbon1,1681,16,1.8432995304465294
carbon1,1682,16,2.055374540388584
carbon1,1683,16,1.9931760802865028
carbon1,1684,16,1.841733232140541
carbon1,1685,16,1.9469175264239311
carbon1,1686,16,1.7978508919477463
carbon1,1687,16,1.897989809513092
carbon1,1688,16,1.8095452412962914
carbon1,1689,16,2.042742006480694
carbon1,1690,16,1.983017474412918
carbon1,1691,16,2.1099882423877716
carbon1,1692,16,1.8870655074715614
carbon1,1693,16,1.8887193873524666
carbon1,1694,16,1.7968163564801216
carbon1,1695,16,2.0785548388957977
carbon1,1696,16,1.8610317781567574
carbon1,1697,16,1.8256012722849846
carbon1,1698,16,1.9876620154827833
carbon1,1699,16,1.9303925856947899
carbon1,1700,16,1.9619914665818214
carbon1,1701,16,1.8207560777664185
carbon1,1702,16,1.9960355311632156
carbon1,1703,16,2.11444129422307
carbon1,1704,16,1.855572436004877
carbon1,1705,16,2.0891237184405327
carbon1,1706,16,1.8619979806244373
carbon1,1707,16,1.9091521129012108
carbon1,1708,16,1.8345077186822891
carbon1,1709,16,1.9555397182703018
carbon1,1710,16,1.9631535708904266
carbon1,1711,16,1.7021229267120361
carbon1,1712,16,1.8020384758710861
carbon1,1713,16,1.928640142083168
carbon1,1714,16,1.9311181083321571
carbon1,1715,16,1.8934465646743774
carbon1,1716,16,1.8400369249284267
carbon1,1717,16,1.9800273701548576
carbon1,1718,16,1.9570348002016544
carbon1,1719,16,1.860297366976738
carbon1,1720,16,1.9858323559165
carbon1,1721,16,1.8670498952269554
carbon1,1722,16,1.7625226378440857
carbon1,1723,16,1.9432273097336292
carbon1,1724,16,1.9458055049180984
carbon1,1725,16,1.9207125082612038
carbon1,1726,16,1.9031850099563599
carbon1,1727,16,1.8860310539603233
carbon1,1728,16,1.6948490450158715
carbon1,1729,16,1.9403821509331465
carbon1,1730,16,1.8975875917822123
carbon1,1731,16,1.9097355157136917
carbon1,1732,16,1.7870899960398674
carbon1,1733,16,1.9292294532060623
carbon1,1734,16,2.009414814412594
carbon1,1735,16,1.9830715656280518
carbon1,1736,16,1.9586827754974365
carbon1,1737,16,2.139182522892952
carbon1,1738,16,1.8439505025744438
carbon1,1739,16,2.025595098733902
carbon1,1740,16,1.901964657008648
carbon1,1741,16,1.8930832743644714
carbon1,1742,16,1.8322234209626913
carbon1,1743,16,1.7647778019309044
carbon1,1744,16,2.071015603840351
carbon1,1745,16,1.8500587791204453
carbon1,1746,16,1.988529421389103
carbon1,1747,16,1.9117029905319214
carbon1,1748,16,2.095720201730728
carbon1,1749,16,1.8653745651245117
carbon1,1750,16,1.8777775540947914
carbon1,1751,16,1.8632314130663872
carbon1,1752,16,2.0034476667642593
carbon1,1753,16,1.8527172058820724
carbon1,1754,16,1.7618178874254227
carbon1,1755,16,1.8679530024528503
carbon1,1756,16,1.934363529086113
carbon1,1757,16,2.14997910708189
carbon1,1758,16,1.91758281737566
carbon1,1759,16,2.0234583914279938
carbon1,1760,16,1.9902296960353851
carbon1,1761,16,1.768665887415409
carbon1,1762,16,2.1308086663484573
carbon1,1763,16,1.7455655634403229
carbon1,1764,16,1.7482947632670403
carbon1,1765,16,1.9214901328086853
carbon1,1766,16,1.822956807911396
carbon1,1767,16,1.8432887122035027
carbon1,1768,16,1.9228552505373955
carbon1,1769,16,1.9518830701708794
carbon1,1770,16,1.89699537307024
carbon1,1771,16,2.074199177324772
carbon1,1772,16,2.043084032833576
carbon1,1773,16,2.176406256854534
carbon1,1774,16,1.89866653829813
carbon1,1775,16,1.9544140845537186
carbon1,1776,16,1.8365578949451447
carbon1,1777,16,1.8845864683389664
carbon1,1778,16,1.932108849287033
carbon1,1779,16,1.8042160272598267
carbon1,1780,16,1.9502993896603584
carbon1,1781,16,1.9211232736706734
carbon1,1782,16,2.160352110862732
carbon1,1783,16,2.1293268874287605
carbon1,1784,16,1.847359023988247
carbon1,1785,16,1.888355791568756
carbon1,1786,16,2.177792079746723
carbon1,1787,16,2.0112917199730873
carbon1,1788,16,1.9130313321948051
carbon1,1789,16,2.02468378841877
carbon1,1790,16,1.934843897819519
carbon1,1791,16,1.941425397992134
carbon1,1792,16,1.9036377593874931
carbon1,1793,16,2.07023436576128
carbon1,1794,16,1.7378517054021358
carbon1,1795,16,2.1430581882596016
carbon1,1796,16,1.761720024049282
carbon1,1797,16,1.886067770421505
carbon1,1798,16,1.7721251770853996
carbon1,1799,16,1.983050413429737
carbon1,1800,16,1.9042548090219498
carbon1,1801,16,1.8483517691493034
carbon1,1802,16,1.910391941666603
carbon1,1803,16,1.9377990439534187
carbon1,1804,16,2.016894966363907
carbon1,1805,16,1.77228145301342
carbon1,1806,16,1.8505629673600197
carbon1,1807,16,1.797025639563799
carbon1,1808,16,1.8985066637396812
carbon1,1809,16,2.085365701466799
carbon1,1810,16,1.7467885613441467
carbon1,1811,16,1.9457701221108437
carbon1,1812,16,1.9269743859767914
carbon1,1813,16,1.858587808907032
carbon1,1814,16,1.862660065293312
carbon1,1815,16,1.8553418386727571
carbon1,1816,16,2.06913610547781
carbon1,1817,16,2.0986756086349487
carbon1,1818,16,1.8235402554273605
carbon1,1819,16,2.052734039723873
carbon1,1820,16,1.7681067995727062
carbon1,1821,16,1.9850807003676891
carbon1,1822,16,1.9640364274382591
carbon1,1823,16,1.788847140967846
carbon1,1824,16,1.834370944648981
carbon1,1825,16,1.955568753182888
carbon1,1826,16,1.9046859070658684
carbon1,1827,16,1.9513888508081436
carbon1,1828,16,2.20853041857481
carbon1,1829,16,1.877434179186821
carbon1,1830,16,1.6923105046153069
carbon1,1831,16,1.8082305938005447
carbon1,1832,16,1.856505960226059
carbon1,1833,16,1.8276494517922401
carbon1,1834,16,2.0092772990465164
carbon1,1835,16,1.832303710281849
carbon1,1836,16,1.7048107385635376
carbon1,1837,16,1.8329693526029587
carbon1,1838,16,1.8660882711410522
carbon1,1839,16,1.966847125440836
carbon1,1840,16,2.0212150290608406
carbon1,1841,16,1.8838367089629173
carbon1,1842,16,1.9954143390059471
carbon1,1843,16,1.8408276438713074
carbon1,1844,16,2.028437778353691
carbon1,1845,16,2.033322110772133
carbon1,1846,16,2.217477284371853
carbon1,1847,16,1.7455019764602184
carbon1,1848,16,1.6509172692894936
carbon1,1849,16,1.7974630892276764
carbon1,1850,16,1.9413451477885246
carbon1,1851,16,1.6699525713920593
carbon1,1852,16,1.7831416204571724
carbon1,1853,16,1.9203313179314137
carbon1,1854,16,1.775716507807374
carbon1,1855,16,1.8311525359749794
carbon1,1856,16,1.6797859780490398
carbon1,1857,16,1.9800763130187988
carbon1,1858,16,1.9200735166668892
carbon1,1859,16,1.7148693799972534
carbon1,1860,16,1.5686345733702183
carbon1,1861,16,1.8273397237062454
carbon1,1862,16,1.9896501526236534
carbon1,1863,16,1.862613096833229
carbon1,1864,16,1.9283659011125565
carbon1,1865,16,1.7553074210882187
carbon1,1866,16,1.7546907104551792
carbon1,1867,16,1.8287137262523174
carbon1,1868,16,1.8041839897632599
carbon1,1869,16,1.7633133791387081
carbon1,1870,16,1.9956422820687294
carbon1,1871,16,1.9103912934660912
carbon1,1872,16,1.8221236169338226
carbon1,1873,16,2.113615244626999
carbon1,1874,16,1.8016808405518532
carbon1,1875,16,2.0602050125598907
carbon1,1876,16,1.9282102435827255
carbon1,1877,16,1.7876257188618183
carbon1,1878,16,1.9590744003653526
carbon1,1879,16,1.9883968010544777
carbon1,1880,16,1.943265900015831
carbon1,1881,16,1.7875909954309464
carbon1,1882,16,1.986304558813572
carbon1,1883,16,1.9134738892316818
carbon1,1884,16,1.8445898406207561
carbon1,1885,16,1.9761614799499512
carbon1,1886,16,1.6618512906134129
carbon1,1887,16,1.8337623104453087
carbon1,1888,16,1.9487584456801414
carbon1,1889,16,1.949674941599369
carbon1,1890,16,1.9110775142908096
carbon1,1891,16,1.8393981158733368
carbon1,1892,16,1.734459787607193
carbon1,1893,16,1.8607397340238094
carbon1,1894,16,1.7779092341661453
carbon1,1895,16,1.8981098905205727
carbon1,1896,16,2.1072351709008217
carbon1,1897,16,1.7121177464723587
carbon1,1898,16,1.8165604323148727
carbon1,1899,16,1.926625818014145
carbon1,1900,16,1.8084550127387047
carbon1,1901,16,1.8546704202890396
carbon1,1902,16,1.778528869152069
carbon1,1903,16,2.085507795214653
carbon1,1904,16,1.795757345855236
carbon1,1905,16,1.9980646446347237
carbon1,1906,16,1.9625240415334702
carbon1,1907,16,1.870967335999012
carbon1,1908,16,1.7451266907155514
carbon1,1909,16,1.8192773200571537
carbon1,1910,16,1.8640667423605919
carbon1,1911,16,1.828231267631054
carbon1,1912,16,1.979544673115015
carbon1,1913,16,1.9057032614946365
carbon1,1914,16,1.8019731752574444
carbon1,1915,16,1.9573541060090065
carbon1,1916,16,1.9988639652729034
carbon1,1917,16,1.8585672974586487
carbon1,1918,16,1.9008354619145393
carbon1,1919,16,1.9017927423119545
carbon1,1920,16,2.061520591378212
carbon1,1921,16,2.0033836364746094
carbon1,1922,16,1.956606812775135
carbon1,1923,16,1.902105636894703
carbon1,1924,16,1.95938191562891
carbon1,1925,16,1.7495799213647842
carbon1,1926,16,1.9947306364774704
carbon1,1927,16,2.0251982137560844
carbon1,1928,16,1.8808301165699959
carbon1,1929,16,1.978953167796135
carbon1,1930,16,1.9812642559409142
carbon1,1931,16,2.110592134296894
carbon1,1932,16,1.8321767076849937
carbon1,1933,16,1.8385447934269905
carbon1,1934,16,1.756049394607544
carbon1,1935,16,2.0082461312413216
carbon1,1936,16,1.8237777724862099
carbon1,1937,16,1.8787893280386925
carbon1,1938,16,1.9765880107879639
carbon1,1939,16,1.9785723015666008
carbon1,1940,16,1.9962533190846443
carbon1,1941,16,2.085601083934307
carbon1,1942,16,1.813673198223114
carbon1,1943,16,1.9111919179558754
carbon1,1944,16,1.7603592686355114
carbon1,1945,16,1.6830365657806396
carbon1,1946,16,1.7390479296445847
carbon1,1947,16,2.0027332976460457
carbon1,1948,16,2.003564514219761
carbon1,1949,16,1.8686687722802162
carbon1,1950,16,1.8040757477283478
carbon1,1951,16,2.0092926546931267
carbon1,1952,16,1.9365730956196785
carbon1,1953,16,1.9004549980163574
carbon1,1954,16,1.8227748312056065
carbon1,1955,16,1.7970564141869545
carbon1,1956,16,1.879767268896103
carbon1,1957,16,1.9321263283491135
carbon1,1958,16,1.9407915100455284
carbon1,1959,16,2.0286241248250008
carbon1,1960,16,1.8768455311655998
carbon1,1961,16,1.9654286801815033
carbon1,1962,16,1.8111490905284882
carbon1,1963,16,2.08519683778286
carbon1,1964,16,1.9044695124030113
carbon1,1965,16,1.835000216960907
carbon1,1966,16,1.9182309433817863
carbon1,1967,16,1.9810819774866104
carbon1,1968,16,1.8177725970745087
carbon1,1969,16,1.772002175450325
carbon1,1970,16,2.083347871899605
carbon1,1971,16,1.8760244622826576
carbon1,1972,16,2.063842795789242
carbon1,1973,16,2.102445252239704
carbon1,1974,16,1.943175084888935
carbon1,1975,16,2.02248065918684
carbon1,1976,16,1.8299732580780983
carbon1,1977,16,1.8951672613620758
carbon1,1978,16,1.8761799037456512
carbon1,1979,16,1.945439375936985
carbon1,1980,16,1.8742500692605972
carbon1,1981,16,1.7001242339611053
carbon1,1982,16,1.965886689722538
carbon1,1983,16,2.001584477722645
carbon1,1984,16,1.9315078258514404
carbon1,1985,16,1.934576764702797
carbon1,1986,16,1.7322542071342468
carbon1,1987,16,1.899230681359768
carbon1,1988,16,1.9724679291248322
carbon1,1989,16,1.9374514520168304
carbon1,1990,16,1.8259589299559593
carbon1,1991,16,1.94949459284544
carbon1,1992,16,1.8413371369242668
carbon1,1993,16,1.7801420986652374
carbon1,1994,16,1.8127375394105911
carbon1,1995,16,1.8020497113466263
carbon1,1996,16,1.7714421898126602
carbon1,1997,16,2.0280584320425987
carbon1,1998,16,2.000276170670986
carbon1,1999,16,1.9903517812490463
carbon1,2000,16,1.928526610136032
carbon1,2001,16,2.014758378267288
carbon1,2002,16,2.006066210567951
carbon1,2003,16,1.974846214056015
carbon1,2004,16,1.8111282363533974
carbon1,2005,16,2.1043335869908333
carbon1,2006,16,2.0766472071409225
carbon1,2007,16,2.0434885174036026
carbon1,2008,16,1.8877816945314407
carbon1,2009,16,1.9758187755942345
carbon1,2010,16,1.903851479291916
carbon1,2011,16,1.865270048379898
carbon1,2012,16,1.8252861872315407
carbon1,2013,16,2.1160054802894592
carbon1,2014,16,1.9819633439183235
carbon1,2015,16,2.101548284292221
carbon1,2016,16,2.0131515823304653
carbon1,2017,16,1.8455301821231842
carbon1,2018,16,2.026584416627884
carbon1,2019,16,1.7998607084155083
carbon1,2020,16,2.0285529866814613
carbon1,2021,16,1.8693640381097794
carbon1,2022,16,1.8839623406529427
carbon1,2023,16,1.8699001520872116
carbon1,2024,16,1.9597211331129074
carbon1,2025,16,2.0254596695303917
carbon1,2026,16,1.9397559240460396
carbon1,2027,16,1.998601645231247
carbon1,2028,16,1.7919675037264824
carbon1,2029,16,2.086676523089409
carbon1,2030,16,2.11263969540596
carbon1,2031,16,1.9551913514733315
carbon1,2032,16,1.8530677482485771
carbon1,2033,16,1.8483356684446335
carbon1,2034,16,2.084404096007347
carbon1,2035,16,2.035420209169388
carbon1,2036,16,1.7185974828898907
carbon1,2037,16,2.017917424440384
carbon1,2038,16,2.0376229360699654
carbon1,2039,16,2.104764237999916
carbon1,2040,16,1.836630780249834
carbon1,2041,16,1.7663244232535362
carbon1,2042,16,1.853264331817627
carbon1,2043,16,1.9322647973895073
carbon1,2044,16,1.8301779925823212
carbon1,2045,16,1.9802264496684074
carbon1,2046,16,1.6470822393894196
carbon1,2047,16,1.6452598720788956
carbon1,2048,16,1.8449734449386597
carbon1,2049,16,1.8643230572342873
carbon1,2050,16,1.9386191740632057
carbon1,2051,16,1.8528318628668785
carbon1,2052,16,1.8499777242541313
carbon1,2053,16,1.8722262009978294
carbon1,2054,16,1.8338800370693207
carbon1,2055,16,2.0979688689112663
carbon1,2056,16,1.7612324804067612
carbon1,2057,16,1.9315047711133957
carbon1,2058,16,1.7676337026059628
carbon1,2059,16,1.8057356402277946
carbon1,2060,16,2.078026868402958
carbon1,2061,16,2.0346826389431953
carbon1,2062,16,1.8399712070822716
carbon1,2063,16,1.8825184926390648
carbon1,2064,16,1.8627046346664429
carbon1,2065,16,1.7052350640296936
carbon1,2066,16,2.1299802511930466
carbon1,2067,16,1.875573106110096
carbon1,2068,16,1.9047159552574158
carbon1,2069,16,2.002392314374447
carbon1,2070,16,1.831553153693676
carbon1,2071,16,2.1163481920957565
carbon1,2072,16,1.7649103477597237
carbon1,2073,16,2.066042736172676
carbon1,2074,16,2.0161029994487762
carbon1,2075,16,1.9643370658159256
carbon1,2076,16,2.096220925450325
carbon1,2077,16,1.902912437915802
carbon1,2078,16,1.969497486948967
carbon1,2079,16,2.0189607739448547
carbon1,2080,16,1.9188129007816315
carbon1,2081,16,2.1264806538820267
carbon1,2082,16,1.786761298775673
carbon1,2083,16,1.736426204442978
carbon1,2084,16,1.7788874506950378
carbon1,2085,16,1.9136383011937141
carbon1,2086,16,1.9193537905812263
carbon1,2087,16,1.7682551592588425
carbon1,2088,16,1.8617035523056984
carbon1,2089,16,1.7385514006018639
carbon1,2090,16,1.9050040617585182
carbon1,2091,16,2.0161947682499886
carbon1,2092,16,1.9421106278896332
carbon1,2093,16,1.9162444174289703
carbon1,2094,16,1.771107966080308
carbon1,2095,16,2.242343321442604
carbon1,2096,16,1.8400709442794323
carbon1,2097,16,1.9315088391304016
carbon1,2098,16,2.0802848860621452
carbon1,2099,16,1.7600690238177776
carbon1,2100,16,1.747524231672287
carbon1,2101,16,1.6894373036921024
carbon1,2102,16,1.848324615508318
carbon1,2103,16,1.8967020958662033
carbon1,2104,16,1.9486570172011852
carbon1,2105,16,1.9480528011918068
carbon1,2106,16,1.896911345422268
carbon1,2107,16,1.9563356190919876
carbon1,2108,16,1.9962446726858616
carbon1,2109,16,1.8579473942518234
carbon1,2110,16,1.8309291079640388
carbon1,2111,16,1.7324513122439384
carbon1,2112,16,2.176187202334404
carbon1,2113,16,1.95858795940876
carbon1,2114,16,1.9260557368397713
carbon1,2115,16,1.7509138360619545
carbon1,2116,16,1.8180749788880348
carbon1,2117,16,1.959964781999588
carbon1,2118,16,1.7566073387861252
carbon1,2119,16,2.018570728600025
carbon1,2120,16,1.9257771149277687
carbon1,2121,16,2.038604184985161
carbon1,2122,16,1.8006843850016594
carbon1,2123,16,2.0954940393567085
carbon1,2124,16,1.6809852607548237
carbon1,2125,16,1.6325279772281647
carbon1,2126,16,1.9450300559401512
carbon1,2127,16,1.8739893957972527
carbon1,2128,16,1.9231532886624336
carbon1,2129,16,1.830419972538948
carbon1,2130,16,1.793175034224987
carbon1,2131,16,1.932463988661766
carbon1,2132,16,1.7726131081581116
carbon1,2133,16,2.00816148519516
carbon1,2134,16,1.7672012820839882
carbon1,2135,16,1.857829988002777
carbon1,2136,16,2.018765442073345
carbon1,2137,16,1.983157530426979
carbon1,2138,16,1.9183329716324806
carbon1,2139,16,1.8983459919691086
carbon1,2140,16,1.8255735114216805
carbon1,2141,16,2.0008777379989624
carbon1,2142,16,1.8081412836909294
carbon1,2143,16,1.8063846454024315
carbon1,2144,16,1.9204837381839752
carbon1,2145,16,1.8513914421200752
carbon1,2146,16,1.9901785030961037
carbon1,2147,16,2.0103642717003822
carbon1,2148,16,1.6788449101150036
carbon1,2149,16,1.9675198905169964
carbon1,2150,16,1.8518838956952095
carbon1,2151,16,1.9257314875721931
carbon1,2152,16,1.7345770969986916
carbon1,2153,16,1.8736291453242302
carbon1,2154,16,1.794605989009142
carbon1,2155,16,1.8682034090161324
carbon1,2156,16,1.827966347336769
carbon1,2157,16,1.9284987151622772
carbon1,2158,16,1.868036463856697
carbon1,2159,16,2.0308603420853615
carbon1,2160,16,1.9889595098793507
carbon1,2161,16,1.901162251830101
carbon1,2162,16,1.726285083219409
carbon1,2163,16,1.7242806404829025
carbon1,2164,16,1.8352787792682648
carbon1,2165,16,1.9806312546133995
carbon1,2166,16,2.1208561584353447
carbon1,2167,16,1.7861082926392555
carbon1,2168,16,1.7805831208825111
carbon1,2169,16,1.9245684668421745
carbon1,2170,16,1.9547254741191864
carbon1,2171,16,2.0126302428543568
carbon1,2172,16,2.0126835331320763
carbon1,2173,16,1.7356680184602737
carbon1,2174,16,2.1821242794394493
carbon1,2175,16,2.2016667127609253
carbon1,2176,16,2.095038689672947
carbon1,2177,16,1.9339712038636208
carbon1,2178,16,1.8585221692919731
carbon1,2179,16,1.9533044919371605
carbon1,2180,16,1.93273264169693
carbon1,2181,16,1.8611693680286407
carbon1,2182,16,2.1134719625115395
carbon1,2183,16,2.0103125870227814
carbon1,2184,16,1.7808590233325958
carbon1,2185,16,1.9844496250152588
carbon1,2186,16,1.9327032566070557
carbon1,2187,16,1.7239283174276352
carbon1,2188,16,2.1213506683707237
carbon1,2189,16,1.990720510482788
carbon1,2190,16,2.037354953587055
carbon1,2191,16,1.9494002684950829
carbon1,2192,16,1.8597874864935875
carbon1,2193,16,1.8534370362758636
carbon1,2194,16,1.9931325241923332
carbon1,2195,16,2.15211833268404
carbon1,2196,16,1.9949301220476627
carbon1,2197,16,2.063828356564045
carbon1,2198,16,1.8400377705693245
carbon1,2199,16,1.745301067829132
carbon1,2200,16,2.0250991359353065
carbon1,2201,16,1.8674219399690628
carbon1,2202,16,1.7946714498102665
carbon1,2203,16,1.674121767282486
carbon1,2204,16,2.0943387150764465
carbon1,2205,16,2.1068362295627594
carbon1,2206,16,1.7238553240895271
carbon1,2207,16,1.749324269592762
carbon1,2208,16,1.570902742445469
carbon1,2209,16,1.8030076697468758
carbon1,2210,16,1.9773282557725906
carbon1,2211,16,1.8276426643133163
carbon1,2212,16,1.9557133689522743
carbon1,2213,16,1.8681373000144958
carbon1,2214,16,1.978794202208519
carbon1,2215,16,1.8795458525419235
carbon1,2216,16,1.9528726041316986
carbon1,2217,16,1.8321552276611328
carbon1,2218,16,1.8918000757694244
carbon1,2219,16,1.869870088994503
carbon1,2220,16,1.9305322766304016
carbon1,2221,16,2.0788874477148056
carbon1,2222,16,1.84993601962924
carbon1,2223,16,1.814822230488062
carbon1,2224,16,1.8509281352162361
carbon1,2225,16,2.083348549902439
carbon1,2226,16,1.9475635886192322
carbon1,2227,16,1.8223111480474472
carbon1,2228,16,1.8598134741187096
carbon1,2229,16,1.806691713631153
carbon1,2230,16,1.8159824013710022
carbon1,2231,16,2.0388585701584816
carbon1,2232,16,1.8342124745249748
carbon1,2233,16,1.9814444184303284
carbon1,2234,16,1.994213119149208
carbon1,2235,16,1.784301571547985
carbon1,2236,16,1.8784021362662315
carbon1,2237,16,1.841524749994278
carbon1,2238,16,1.7351719811558723
carbon1,2239,16,1.7494921684265137
carbon1,2240,16,1.7586178556084633
carbon1,2241,16,1.9952480792999268
carbon1,2242,16,1.8582332208752632
carbon1,2243,16,1.9408030360937119
carbon1,2244,16,1.9026974514126778
carbon1,2245,16,1.9942607432603836
carbon1,2246,16,1.6665049046278
carbon1,2247,16,2.035971976816654
carbon1,2248,16,2.092289850115776
carbon1,2249,16,2.060295470058918
carbon1,2250,16,1.836923435330391
carbon1,2251,16,2.1535215601325035
carbon1,2252,16,1.7638452500104904
carbon1,2253,16,1.974015936255455
carbon1,2254,16,2.130068965256214
carbon1,2255,16,1.796361304819584
carbon1,2256,16,1.848311923444271
carbon1,2257,16,1.9599956795573235
carbon1,2258,16,2.0052064806222916
carbon1,2259,16,1.750568114221096
carbon1,2260,16,2.183048725128174
carbon1,2261,16,1.8676544800400734
carbon1,2262,16,1.7589148133993149
carbon1,2263,16,2.0143716409802437
carbon1,2264,16,2.018708810210228
carbon1,2265,16,1.8800968155264854
carbon1,2266,16,1.8574665188789368
carbon1,2267,16,1.9176726788282394
carbon1,2268,16,1.6431076265871525
carbon1,2269,16,2.041523702442646
carbon1,2270,16,1.9100088700652122
carbon1,2271,16,1.9740254878997803
carbon1,2272,16,1.8791399896144867
carbon1,2273,16,1.8794451355934143
carbon1,2274,16,1.8263220824301243
carbon1,2275,16,1.9407049603760242
carbon1,2276,16,2.0198861360549927
carbon1,2277,16,2.121486760675907
carbon1,2278,16,2.080565795302391
carbon1,2279,16,1.8316097259521484
carbon1,2280,16,2.033400386571884
carbon1,2281,16,1.8894640281796455
carbon1,2282,16,2.079677700996399
carbon1,2283,16,1.868213765323162
carbon1,2284,16,1.9671483263373375
carbon1,2285,16,1.9744022488594055
carbon1,2286,16,1.805240198969841
carbon1,2287,16,1.9381702169775963
carbon1,2288,16,1.9522949233651161
carbon1,2289,16,1.8101594895124435
carbon1,2290,16,2.008565030992031
carbon1,2291,16,2.02489922195673
carbon1,2292,16,1.871274657547474
carbon1,2293,16,1.8630509078502655
carbon1,2294,16,1.8674543350934982
carbon1,2295,16,1.7709474638104439
carbon1,2296,16,1.956480585038662
carbon1,2297,16,1.9604100361466408
carbon1,2298,16,1.8435436077415943
carbon1,2299,16,1.9999548606574535
carbon1,2300,16,1.8984231241047382
carbon1,2301,16,1.8642254546284676
carbon1,2302,16,2.0379524528980255
carbon1,2303,16,1.7591369934380054
carbon1,2304,16,1.7108149603009224
carbon1,2305,16,1.9085578694939613
carbon1,2306,16,1.929394394159317
carbon1,2307,16,1.9097611010074615
carbon1,2308,16,1.8787418901920319
carbon1,2309,16,1.996709167957306
carbon1,2310,16,1.76935875415802
carbon1,2311,16,1.9600728079676628
carbon1,2312,16,2.1119556352496147
carbon1,2313,16,2.0733943730592728
carbon1,2314,16,1.887954294681549
carbon1,2315,16,2.0873987451195717
carbon1,2316,16,1.8152828812599182
carbon1,2317,16,2.0031601786613464
carbon1,2318,16,1.959265723824501
carbon1,2319,16,1.781581588089466
carbon1,2320,16,1.8268932402133942
carbon1,2321,16,2.0074467808008194
carbon1,2322,16,1.6012345738708973
carbon1,2323,16,1.698593683540821
carbon1,2324,16,1.6988444924354553
carbon1,2325,16,2.0184459388256073
carbon1,2326,16,2.023558109998703
carbon1,2327,16,1.7714993059635162
carbon1,2328,16,1.9148972481489182
carbon1,2329,16,1.8989784717559814
carbon1,2330,16,2.0257018581032753
carbon1,2331,16,1.847527652978897
carbon1,2332,16,1.9173433631658554
carbon1,2333,16,2.084762752056122
carbon1,2334,16,1.9791338592767715
carbon1,2335,16,1.9134680777788162
carbon1,2336,16,1.9813478887081146
carbon1,2337,16,1.9259815737605095
carbon1,2338,16,1.9681835994124413
carbon1,2339,16,2.023469530045986
carbon1,2340,16,1.8908558934926987
carbon1,2341,16,2.0379502028226852
carbon1,2342,16,2.1040280535817146
carbon1,2343,16,1.7924566827714443
carbon1,2344,16,1.9356428757309914
carbon1,2345,16,1.9212117865681648
carbon1,2346,16,1.821515992283821
carbon1,2347,16,2.0043969862163067
carbon1,2348,16,1.8888732567429543
carbon1,2349,16,2.0777570009231567
carbon1,2350,16,2.014253631234169
carbon1,2351,16,2.101196050643921
carbon1,2352,16,1.6352636963129044
carbon1,2353,16,1.9520954191684723
carbon1,2354,16,1.9592828527092934
carbon1,2355,16,1.9022415429353714
carbon1,2356,16,1.6898364797234535
carbon1,2357,16,1.874200016260147
carbon1,2358,16,1.8329228814691305
carbon1,2359,16,1.8063369989395142
carbon1,2360,16,1.8287482261657715
carbon1,2361,16,1.9427605047821999
carbon1,2362,16,1.9168968945741653
carbon1,2363,16,1.8190712928771973
carbon1,2364,16,1.6642814427614212
carbon1,2365,16,1.8959895893931389
carbon1,2366,16,1.720854513347149
carbon1,2367,16,1.97743721306324
carbon1,2368,16,1.7986168749630451
carbon1,2369,16,1.8502117022871971
carbon1,2370,16,1.6516550853848457
carbon1,2371,16,1.961090862751007
carbon1,2372,16,1.827115472406149
carbon1,2373,16,1.8665654510259628
carbon1,2374,16,2.017785370349884
carbon1,2375,16,2.009466141462326
carbon1,2376,16,1.779157280921936
carbon1,2377,16,2.005599744617939
carbon1,2378,16,2.009338803589344
carbon1,2379,16,1.8295392617583275
carbon1,2380,16,2.0064671337604523
carbon1,2381,16,1.9975593909621239
carbon1,2382,16,1.7489602714776993
carbon1,2383,16,1.8895117193460464
carbon1,2384,16,1.9827990010380745
carbon1,2385,16,1.9827181920409203
carbon1,2386,16,1.9159620553255081
carbon1,2387,16,1.9352494180202484
carbon1,2388,16,2.118154890835285
carbon1,2389,16,1.816826269030571
carbon1,2390,16,2.033560872077942
carbon1,2391,16,1.999562256038189
carbon1,2392,16,2.0176951363682747
carbon1,2393,16,1.9442024528980255
carbon1,2394,16,1.9912182241678238
carbon1,2395,16,2.1331007704138756
carbon1,2396,16,1.995504416525364
carbon1,2397,16,1.8977270871400833
carbon1,2398,16,1.98896075040102
carbon1,2399,16,2.0763359144330025
carbon1,2400,16,1.7885454464703798
carbon1,2401,16,2.0072191953659058
carbon1,2402,16,1.9624259695410728
carbon1,2403,16,1.7931336015462875
carbon1,2404,16,1.9165534898638725
carbon1,2405,16,1.9178433120250702
carbon1,2406,16,1.8409238774329424
carbon1,2407,16,1.9569636955857277
carbon1,2408,16,1.970193512737751
carbon1,2409,16,1.9450418278574944
carbon1,2410,16,1.682145781815052
carbon1,2411,16,1.7784258108586073
carbon1,2412,16,1.988239201135002
carbon1,2413,16,1.9103306606411934
carbon1,2414,16,1.9080195873975754
carbon1,2415,16,1.9051727652549744
carbon1,2416,16,2.0427805483341217
carbon1,2417,16,1.7401491031050682
carbon1,2418,16,1.714527640491724
carbon1,2419,16,1.6923356018960476
carbon1,2420,16,1.9188849851489067
carbon1,2421,16,1.953146107494831
carbon1,2422,16,1.8924151062965393
carbon1,2423,16,1.9068733155727386
carbon1,2424,16,1.8529439717531204
carbon1,2425,16,1.83767618983984
carbon1,2426,16,1.8329587951302528
carbon1,2427,16,2.156459115445614
carbon1,2428,16,1.9331406205892563
carbon1,2429,16,1.9229496866464615
carbon1,2430,16,1.761583261191845
carbon1,2431,16,1.761951819062233
carbon1,2432,16,1.9648555219173431
carbon1,2433,16,2.0290291979908943
carbon1,2434,16,1.9072260707616806
carbon1,2435,16,2.27701598405838
carbon1,2436,16,1.9625289216637611
carbon1,2437,16,1.7416082546114922
carbon1,2438,16,1.9537501819431782
carbon1,2439,16,1.927698940038681
carbon1,2440,16,2.012034274637699
carbon1,2441,16,2.1438339352607727
carbon1,2442,16,1.8798413947224617
carbon1,2443,16,1.9907085373997688
carbon1,2444,16,2.012534312903881
carbon1,2445,16,2.04164532572031
carbon1,2446,16,2.1648421734571457
carbon1,2447,16,2.0542211085557938
carbon1,2448,16,1.679576799273491
carbon1,2449,16,1.8212233036756516
carbon1,2450,16,1.9255898222327232
carbon1,2451,16,2.059334948658943
carbon1,2452,16,1.8981889635324478
carbon1,2453,16,1.8253918290138245
carbon1,2454,16,1.8573666922748089
carbon1,2455,16,1.9689863175153732
carbon1,2456,16,1.7640976905822754
carbon1,2457,16,1.884965367615223
carbon1,2458,16,1.85455372184515
carbon1,2459,16,1.8893303573131561
carbon1,2460,16,1.9780085235834122
carbon1,2461,16,1.7323849350214005
carbon1,2462,16,1.7343620210886002
carbon1,2463,16,1.8502871133387089
carbon1,2464,16,1.882908120751381
carbon1,2465,16,1.7093617990612984
carbon1,2466,16,1.5894824732095003
carbon1,2467,16,1.9349322952330112
carbon1,2468,16,1.89214938133955
carbon1,2469,16,1.6424451041966677
carbon1,2470,16,1.6757580693811178
carbon1,2471,16,1.8462863713502884
carbon1,2472,16,1.6582121718674898
carbon1,2473,16,1.842578411102295
carbon1,2474,16,1.7544489055871964
carbon1,2475,16,2.054745092988014
carbon1,2476,16,1.8151459023356438
carbon1,2477,16,1.840708665549755
carbon1,2478,16,1.76006643101573
carbon1,2479,16,1.6927848979830742
carbon1,2480,16,1.6038455087691545
carbon1,2481,16,1.8697502799332142
carbon1,2482,16,1.8300174782052636
carbon1,2483,16,2.065969280898571
carbon1,2484,16,1.9090513959527016
carbon1,2485,16,1.9857298685237765
carbon1,2486,16,1.7264737486839294
carbon1,2487,16,1.8143716989434324
carbon1,2488,16,1.6938564172014594
carbon1,2489,16,1.8285088390111923
carbon1,2490,16,1.744272417272441
carbon1,2491,16,1.7923133679432794
carbon1,2492,16,2.0153790786862373
carbon1,2493,16,1.8455824931152165
carbon1,2494,16,1.7891831323504448
carbon1,2495,16,1.890812173485756
carbon1,2496,16,1.900909579358995
carbon1,2497,16,1.9217918273061514
carbon1,2498,16,1.8549732491374016
carbon1,2499,16,1.7598696798086166
carbon1,2500,16,1.7734937202185392
carbon1,2501,16,1.8851379677653313
carbon1,2502,16,1.7373427612474188
carbon1,2503,16,2.0443335697054863
carbon1,2504,16,2.029125101864338
carbon1,2505,16,2.0181539803743362
carbon1,2506,16,1.742062421515584
carbon1,2507,16,1.9087785333395004
carbon1,2508,16,1.7388797500170767
carbon1,2509,16,1.7249250779859722
carbon1,2510,16,1.7130254730582237
carbon1,2511,16,1.929733477998525
carbon1,2512,16,1.8701762966811657
carbon1,2513,16,1.9698742628097534
carbon1,2514,16,1.8120806775987148
carbon1,2515,16,1.5670403148978949
carbon1,2516,16,1.9625614825636148
carbon1,2517,16,1.8272052938118577
carbon1,2518,16,2.007951779756695
carbon1,2519,16,2.0185133293271065
carbon1,2520,16,1.5750194378197193
carbon1,2521,16,1.9489461034536362
carbon1,2522,16,1.8641714602708817
carbon1,2523,16,1.8265926344320178
carbon1,2524,16,1.8363064592704177
carbon1,2525,16,2.0405143462121487
carbon1,2526,16,1.7446082457900047
carbon1,2527,16,1.7958948109298944
carbon1,2528,16,1.877072535455227
carbon1,2529,16,2.035785472486168
carbon1,2530,16,1.8413178771734238
carbon1,2531,16,1.7540566176176071
carbon1,2532,16,1.74261756474516
carbon1,2533,16,1.8337162843672559
carbon1,2534,16,1.7629562839865685
carbon1,2535,16,1.7574475599685684
carbon1,2536,16,1.8899253559065983
carbon1,2537,16,1.8202629834413528
carbon1,2538,16,1.9045070987194777
carbon1,2539,16,2.061973847448826
carbon1,2540,16,1.9060265868902206
carbon1,2541,16,2.0022642463445663
carbon1,2542,16,1.719001891091466
carbon1,2543,16,1.9813763573765755
carbon1,2544,16,1.7387324121082202
carbon1,2545,16,1.949093483388424
carbon1,2546,16,1.852434353902936
carbon1,2547,16,1.949399571865797
carbon1,2548,16,1.8554191454313695
carbon1,2549,16,1.8946620896458626
carbon1,2550,16,2.107178207486868
carbon1,2551,16,1.8750862255692482
carbon1,2552,16,1.9650199078023434
carbon1,2553,16,1.9564810879528522
carbon1,2554,16,2.0957719162106514
carbon1,2555,16,1.9466703087091446
carbon1,2556,16,1.9492352232336998
carbon1,2557,16,1.8964849039912224
carbon1,2558,16,1.7464054599404335
carbon1,2559,16,1.897489346563816
carbon1,2560,16,1.9686320573091507
carbon1,2561,16,2.0179398953914642
carbon1,2562,16,1.7351272404193878
carbon1,2563,16,2.0172480270266533
carbon1,2564,16,2.0738966166973114
carbon1,2565,16,1.9517939537763596
carbon1,2566,16,1.8507455885410309
carbon1,2567,16,1.8719966858625412
carbon1,2568,16,1.692323476076126
carbon1,2569,16,1.792647611349821
carbon1,2570,16,1.8262904733419418
carbon1,2571,16,2.025128684937954
carbon1,2572,16,2.089228868484497
carbon1,2573,16,2.137620821595192
carbon1,2574,16,1.897190198302269
carbon1,2575,16,1.8467030003666878
carbon1,2576,16,2.0191235169768333
carbon1,2577,16,2.0333435386419296
carbon1,2578,16,1.8948943465948105
carbon1,2579,16,1.9027981907129288
carbon1,2580,16,1.5465335380285978
carbon1,2581,16,1.572359137237072
carbon1,2582,16,1.8727932572364807
carbon1,2583,16,1.8607391342520714
carbon1,2584,16,1.8216196224093437
carbon1,2585,16,1.833694912493229
carbon1,2586,16,1.6725241746753454
carbon1,2587,16,1.6187072228640318
carbon1,2588,16,1.7524619922041893
carbon1,2589,16,1.7955550737679005
carbon1,2590,16,1.8170128082856536
carbon1,2591,16,1.5143779888749123
carbon1,2592,16,1.6565075209364295
carbon1,2593,16,1.7510308474302292
carbon1,2594,16,2.142489656805992
carbon1,2595,16,1.8296379500534385
carbon1,2596,16,1.755273037822917
carbon1,2597,16,1.9046085998415947
carbon1,2598,16,1.8072846601717174
carbon1,2599,16,1.6256382926367223
carbon1,2600,16,1.9712632820010185
carbon1,2601,16,1.8743482902646065
carbon1,2602,16,2.168373718857765
carbon1,2603,16,1.79585300385952
carbon1,2604,16,1.8474543131887913
carbon1,2605,16,1.74498151242733
carbon1,2606,16,1.8933337330818176
carbon1,2607,16,2.171027146279812
carbon1,2608,16,1.7665459886193275
carbon1,2609,16,1.72327895835042
carbon1,2610,16,2.176223464310169
carbon1,2611,16,2.090272732079029
carbon1,2612,16,1.9792143926024437
carbon1,2613,16,1.7817633226513863
carbon1,2614,16,2.0557783618569374
carbon1,2615,16,2.049218788743019
carbon1,2616,16,1.8813088610768318
carbon1,2617,16,1.789463434368372
carbon1,2618,16,1.9796158447861671
carbon1,2619,16,2.0230476558208466
carbon1,2620,16,1.9193064346909523
carbon1,2621,16,1.9855759516358376
carbon1,2622,16,1.8815507218241692
carbon1,2623,16,2.009673185646534
carbon1,2624,16,1.713278904557228
carbon1,2625,16,1.95033647865057
carbon1,2626,16,2.093204088509083
carbon1,2627,16,1.9960632845759392
carbon1,2628,16,1.9033756526187062
carbon1,2629,16,1.8402614295482635
carbon1,2630,16,1.9639093950390816
carbon1,2631,16,1.9335015583783388
carbon1,2632,16,1.7766595943830907
carbon1,2633,16,2.084156684577465
carbon1,2634,16,1.770820336183533
carbon1,2635,16,1.8966868217103183
carbon1,2636,16,2.005259059369564
carbon1,2637,16,2.018241822719574
carbon1,2638,16,1.803331546485424
carbon1,2639,16,1.9074944965541363
carbon1,2640,16,1.6176401576958597
carbon1,2641,16,1.823043229058385
carbon1,2642,16,1.9302501678466797
carbon1,2643,16,1.7264903672039509
carbon1,2644,16,1.8246108666062355
carbon1,2645,16,1.9386213570833206
carbon1,2646,16,1.8134391475468874
carbon1,2647,16,1.9300952153280377
carbon1,2648,16,1.887087732553482
carbon1,2649,16,1.7650636238977313
carbon1,2650,16,1.8063745237886906
carbon1,2651,16,1.854629311710596
carbon1,2652,16,2.204899314674549
carbon1,2653,16,2.057976931333542
carbon1,2654,16,2.200977638363838
carbon1,2655,16,1.9933251589536667
carbon1,2656,16,1.9835639670491219
carbon1,2657,16,1.7978616505861282
carbon1,2658,16,1.9803788140416145
carbon1,2659,16,2.1038838997483253
carbon1,2660,16,2.038194976747036
carbon1,2661,16,1.900381052866578
carbon1,2662,16,1.8687011282891035
carbon1,2663,16,2.0442361384630203
carbon1,2664,16,1.6800882257521152
carbon1,2665,16,2.0480312556028366
carbon1,2666,16,1.8977094069123268
carbon1,2667,16,1.9701411575078964
carbon1,2668,16,1.914856169372797
carbon1,2669,16,2.1939745098352432
carbon1,2670,16,1.9066443480551243
carbon1,2671,16,2.088951788842678
carbon1,2672,16,2.1252782866358757
carbon1,2673,16,1.9381720460951328
carbon1,2674,16,1.7462778948247433
carbon1,2675,16,2.035242259502411
carbon1,2676,16,1.876941948197782
carbon1,2677,16,1.748330719769001
carbon1,2678,16,1.7587359175086021
carbon1,2679,16,1.891491375863552
carbon1,2680,16,1.8979911282658577
carbon1,2681,16,1.9578039050102234
carbon1,2682,16,1.81417640671134
carbon1,2683,16,1.8317830637097359
carbon1,2684,16,1.8408005833625793
carbon1,2685,16,1.812555005773902
carbon1,2686,16,2.0202984362840652
carbon1,2687,16,2.0726098492741585
carbon1,2688,16,2.403069242835045
carbon1,2689,16,1.959897555410862
carbon1,2690,16,2.1119899600744247
carbon1,2691,16,1.987694688141346
carbon1,2692,16,1.9094537869095802
carbon1,2693,16,1.9084615111351013
carbon1,2694,16,1.5845403634011745
carbon1,2695,16,1.980752408504486
carbon1,2696,16,2.0425336211919785
carbon1,2697,16,1.771098367869854
carbon1,2698,16,1.852713257074356
carbon1,2699,16,1.8626988306641579
carbon1,2700,16,1.818670328706503
carbon1,2701,16,2.000436879694462
carbon1,2702,16,1.9773827195167542
carbon1,2703,16,1.9766291379928589
carbon1,2704,16,2.09072008728981
carbon1,2705,16,1.904700443148613
carbon1,2706,16,1.7319673676975071
carbon1,2707,16,1.8402596630621701
carbon1,2708,16,1.9445653185248375
carbon1,2709,16,1.9790207799524069
carbon1,2710,16,1.857132501900196
carbon1,2711,16,2.035975009202957
carbon1,2712,16,1.8017038144171238
carbon1,2713,16,1.8640582785010338
carbon1,2714,16,2.1739280447363853
carbon1,2715,16,2.234758824110031
carbon1,2716,16,2.050308682024479
carbon1,2717,16,1.9606696963310242
carbon1,2718,16,1.719403002411127
carbon1,2719,16,1.7926776707172394
carbon1,2720,16,1.9160441681742668
carbon1,2721,16,1.8409596644341946
carbon1,2722,16,1.8904898688197136
carbon1,2723,16,1.987700268626213
carbon1,2724,16,1.9207208417356014
carbon1,2725,16,1.998901553452015
carbon1,2726,16,1.625573705881834
carbon1,2727,16,1.9272434562444687
carbon1,2728,16,1.9424725212156773
carbon1,2729,16,2.139549359679222
carbon1,2730,16,1.7507865503430367
carbon1,2731,16,2.0936793237924576
carbon1,2732,16,1.9694010689854622
carbon1,2733,16,1.873833142220974
carbon1,2734,16,1.9458395540714264
carbon1,2735,16,1.8735936060547829
carbon1,2736,16,1.938630074262619
carbon1,2737,16,1.936029963195324
carbon1,2738,16,1.9736566916108131
carbon1,2739,16,1.852194994688034
carbon1,2740,16,1.9672005027532578
carbon1,2741,16,2.0032309144735336
carbon1,2742,16,1.7847254276275635
carbon1,2743,16,1.7459289245307446
carbon1,2744,16,1.8478377237915993
carbon1,2745,16,1.969244621694088
carbon1,2746,16,1.8189644441008568
carbon1,2747,16,1.9375958442687988
carbon1,2748,16,2.0129639133810997
carbon1,2749,16,1.9084549397230148
carbon1,2750,16,2.09058590978384
carbon1,2751,16,1.8294806256890297
carbon1,2752,16,1.8701935335993767
carbon1,2753,16,2.0618449449539185
carbon1,2754,16,1.840730182826519
carbon1,2755,16,2.1961961463093758
carbon1,2756,16,1.9980624541640282
carbon1,2757,16,2.0871556252241135
carbon1,2758,16,1.871931403875351
carbon1,2759,16,2.0119579508900642
carbon1,2760,16,1.9594226107001305
carbon1,2761,16,2.0338801071047783
carbon1,2762,16,2.0944711193442345
carbon1,2763,16,1.6850862922146916
carbon1,2764,16,2.0217482848092914
carbon1,2765,16,1.9192843064665794
carbon1,2766,16,1.8393144886940718
carbon1,2767,16,1.892508982680738
carbon1,2768,16,2.0076836198568344
carbon1,2769,16,1.7548482473939657
carbon1,2770,16,1.8261769488453865
carbon1,2771,16,1.7976176366209984
carbon1,2772,16,2.060274977236986
carbon1,2773,16,2.206657651811838
carbon1,2774,16,1.8975094556808472
carbon1,2775,16,1.8600670476444066
carbon1,2776,16,1.849189326283522
carbon1,2777,16,1.8420611768960953
carbon1,2778,16,1.8991371840238571
carbon1,2779,16,2.043876651674509
carbon1,2780,16,1.8917375765740871
carbon1,2781,16,1.9637600257992744
carbon1,2782,16,1.9825685769319534
carbon1,2783,16,1.866485171020031
carbon1,2784,16,1.7345179840922356
carbon1,2785,16,1.8795989751815796
carbon1,2786,16,1.9706073999404907
carbon1,2787,16,1.9865766167640686
carbon1,2788,16,1.9765084385871887
carbon1,2789,16,2.0869856849312782
carbon1,2790,16,1.8406597152352333
carbon1,2791,16,1.826690636575222
carbon1,2792,16,2.024068556725979
carbon1,2793,16,1.831890918314457
carbon1,2794,16,1.8512792885303497
carbon1,2795,16,2.012755125761032
carbon1,2796,16,1.8048453368246555
carbon1,2797,16,1.8498839810490608
carbon1,2798,16,1.8481059893965721
carbon1,2799,16,1.7824905589222908
carbon1,2800,16,1.8465147018432617
carbon1,2801,16,2.028572127223015
carbon1,2802,16,1.8008073810487986
carbon1,2803,16,1.6586815565824509
carbon1,2804,16,1.678956288844347
carbon1,2805,16,1.8885550387203693
carbon1,2806,16,1.8528234660625458
carbon1,2807,16,2.0537695586681366
carbon1,2808,16,1.4444674476981163
carbon1,2809,16,1.857219323515892
carbon1,2810,16,1.687310867011547
carbon1,2811,16,1.6954917144030333
carbon1,2812,16,1.8800876289606094
carbon1,2813,16,1.8860516175627708
carbon1,2814,16,1.955832228064537
carbon1,2815,16,1.719795472919941
carbon1,2816,16,2.0937370732426643
carbon1,2817,16,1.7331756874918938
carbon1,2818,16,1.8354183956980705
carbon1,2819,16,1.954914327710867
carbon1,2820,16,1.7007572064176202
carbon1,2821,16,1.8754360266029835
carbon1,2822,16,2.086084820330143
carbon1,2823,16,1.7914888355880976
carbon1,2824,16,1.6689053997397423
carbon1,2825,16,1.9674724973738194
carbon1,2826,16,1.5337056498974562
carbon1,2827,16,1.9643529299646616
carbon1,2828,16,2.0865470245480537
carbon1,2829,16,1.7499832808971405
carbon1,2830,16,2.03095693141222
carbon1,2831,16,1.8585795871913433
carbon1,2832,16,2.2799310833215714
carbon1,2833,16,2.0071045830845833
carbon1,2834,16,1.8135159723460674
carbon1,2835,16,1.9855269715189934
carbon1,2836,16,1.788934487849474
carbon1,2837,16,1.7425449788570404
carbon1,2838,16,1.8208479396998882
carbon1,2839,16,1.8754473999142647
carbon1,2840,16,1.8386966735124588
carbon1,2841,16,1.7754398807883263
carbon1,2842,16,1.889388270676136
carbon1,2843,16,2.0269156396389008
carbon1,2844,16,1.8925890680402517
carbon1,2845,16,1.8231853377074003
carbon1,2846,16,2.0901013538241386
carbon1,2847,16,2.087280251085758
carbon1,2848,16,1.8678673636168242
carbon1,2849,16,1.8445110991597176
carbon1,2850,16,1.8548364955931902
carbon1,2851,16,1.9759937524795532
carbon1,2852,16,1.9401601366698742
carbon1,2853,16,1.8274774476885796
carbon1,2854,16,1.8187510967254639
carbon1,2855,16,2.1308117285370827
carbon1,2856,16,2.21661676466465
carbon1,2857,16,1.8726360276341438
carbon1,2858,16,1.7419105041772127
carbon1,2859,16,2.2050666697323322
carbon1,2860,16,1.7990543060004711
carbon1,2861,16,1.8362758681178093
carbon1,2862,16,1.7218176499009132
carbon1,2863,16,1.7706669941544533
carbon1,2864,16,2.02710547298193
carbon1,2865,16,1.7236834890209138
carbon1,2866,16,2.0381555929780006
carbon1,2867,16,1.8452546671032906
carbon1,2868,16,1.7979995496571064
carbon1,2869,16,2.0384826064109802
carbon1,2870,16,1.824985470622778
carbon1,2871,16,1.876131884753704
carbon1,2872,16,1.8398463167250156
carbon1,2873,16,1.9941906407475471
carbon1,2874,16,1.8120765497442335
carbon1,2875,16,1.768410474061966
carbon1,2876,16,1.62898326292634
carbon1,2877,16,1.6982235703617334
carbon1,2878,16,1.6584542356431484
carbon1,2879,16,2.0456497818231583
carbon1,2880,16,2.1697344556450844
carbon1,2881,16,2.050366349518299
carbon1,2882,16,1.5959962159395218
carbon1,2883,16,1.7964140065014362
carbon1,2884,16,1.9316782355308533
carbon1,2885,16,1.8088243715465069
carbon1,2886,16,2.082985293120146
carbon1,2887,16,1.7311197370290756
carbon1,2888,16,1.959628539159894
carbon1,2889,16,1.5974193383008242
carbon1,2890,16,1.8841446042060852
carbon1,2891,16,1.7582954987883568
carbon1,2892,16,1.4656089879572392
carbon1,2893,16,1.7121311463415623
carbon1,2894,16,1.7022623363882303
carbon1,2895,16,1.7139833327382803
carbon1,2896,16,1.8709424585103989
carbon1,2897,16,1.856034703552723
carbon1,2898,16,1.5030036633834243
carbon1,2899,16,1.618540532886982
carbon1,2900,16,1.7539892955683172
carbon1,2901,16,1.8836940648034215
carbon1,2902,16,1.8889482989907265
carbon1,2903,16,1.7118347780779004
carbon1,2904,16,1.6541612148284912
carbon1,2905,16,1.5848979838192463
carbon1,2906,16,2.166780725121498
carbon1,2907,16,1.7879360388033092
carbon1,2908,16,1.9420784562826157
carbon1,2909,16,1.680049890652299
carbon1,2910,16,1.7215060275048018
carbon1,2911,16,1.7870711833238602
carbon1,2912,16,1.8294004299677908
carbon1,2913,16,1.843352124094963
carbon1,2914,16,2.097136177122593
carbon1,2915,16,2.0481024757027626
carbon1,2916,16,1.798139126971364
carbon1,2917,16,1.9792762473225594
carbon1,2918,16,1.8813191950321198
carbon1,2919,16,1.711892917752266
carbon1,2920,16,1.825516689568758
carbon1,2921,16,1.892671287059784
carbon1,2922,16,1.4797716569155455
carbon1,2923,16,1.7744615077972412
carbon1,2924,16,1.8294089809060097
carbon1,2925,16,1.6421210393309593
carbon1,2926,16,1.8302872218191624
carbon1,2927,16,1.7860720483586192
carbon1,2928,16,1.9978006035089493
carbon1,2929,16,1.8685334920883179
carbon1,2930,16,2.193690501153469
carbon1,2931,16,2.15018592774868
carbon1,2932,16,1.8686970993876457
carbon1,2933,16,1.7610761439427733
carbon1,2934,16,1.9172975216060877
carbon1,2935,16,1.7136111073195934
carbon1,2936,16,1.8104298263788223
carbon1,2937,16,1.7927810996770859
carbon1,2938,16,2.1830195412039757
carbon1,2939,16,2.0524448230862617
carbon1,2940,16,1.8521355800330639
carbon1,2941,16,1.7503465041518211
carbon1,2942,16,1.7303988374769688
carbon1,2943,16,1.7950015291571617
carbon1,2944,16,1.8019214235246181
carbon1,2945,16,1.9682236388325691
carbon1,2946,16,1.8953226543962955
carbon1,2947,16,1.8371753171086311
carbon1,2948,16,2.014706812798977
carbon1,2949,16,1.9037884399294853
carbon1,2950,16,1.7792856320738792
carbon1,2951,16,1.7146057814825326
carbon1,2952,16,1.4210921311751008
carbon1,2953,16,1.7462517488747835
carbon1,2954,16,1.8833924755454063
carbon1,2955,16,1.777569042518735
carbon1,2956,16,1.8237531781196594
carbon1,2957,16,1.948898509144783
carbon1,2958,16,2.0243664272129536
carbon1,2959,16,1.9475504755973816
carbon1,2960,16,1.8376234509050846
carbon1,2961,16,1.9772828423883766
carbon1,2962,16,1.905967604368925
carbon1,2963,16,1.7873751893639565
carbon1,2964,16,2.0101748039014637
carbon1,2965,16,1.7690591253340244
carbon1,2966,16,1.9991809586063027
carbon1,2967,16,1.7503692023456097
carbon1,2968,16,1.7567700073122978
carbon1,2969,16,1.9678421169519424
carbon1,2970,16,1.8949659364297986
carbon1,2971,16,1.7563778758049011
carbon1,2972,16,1.919705256819725
carbon1,2973,16,1.8796443119645119
carbon1,2974,16,1.9195018634200096
carbon1,2975,16,1.9467315105721354
carbon1,2976,16,1.8109788559377193
carbon1,2977,16,2.0356533378362656
carbon1,2978,16,1.8338375091552734
carbon1,2979,16,1.993627093732357
carbon1,2980,16,1.8049927428364754
carbon1,2981,16,2.0977262184023857
carbon1,2982,16,1.790024846792221
carbon1,2983,16,1.813266634941101
carbon1,2984,16,1.7365412265062332
carbon1,2985,16,1.7420130306854844
carbon1,2986,16,1.718450577929616
carbon1,2987,16,1.6797123234719038
carbon1,2988,16,1.7245456771925092
carbon1,2989,16,1.8223580685444176
carbon1,2990,16,1.9988065771758556
carbon1,2991,16,1.8405526969581842
carbon1,2992,16,1.9536004215478897
carbon1,2993,16,1.6140741338022053
carbon1,2994,16,2.022888205945492
carbon1,2995,16,1.9455439746379852
carbon1,2996,16,1.730897907167673
carbon1,2997,16,1.7768242880702019
carbon1,2998,16,1.9940839484333992
carbon1,2999,16,1.8052413435652852
carbon1,3000,16,1.9254903048276901
carbon1,3001,16,1.8419020436704159
carbon1,3002,16,1.6239558444358408
carbon1,3003,16,1.653906743042171
carbon1,3004,16,1.6668932512402534
carbon1,3005,16,1.8757541868835688
carbon1,3006,16,1.8167443054262549
carbon1,3007,16,1.98322793841362
carbon1,3008,16,1.8523128107190132
carbon1,3009,16,2.0069320872426033
carbon1,3010,16,2.0086847618222237
carbon1,3011,16,1.8366998434066772
carbon1,3012,16,1.9542543292045593
carbon1,3013,16,1.6000196933746338
carbon1,3014,16,1.7498960280790925
carbon1,3015,16,1.7147448686882854
carbon1,3016,16,1.7381461709737778
carbon1,3017,16,1.9692500568926334
carbon1,3018,16,1.948060818016529
carbon1,3019,16,2.248288467526436
carbon1,3020,16,1.8592171669006348
carbon1,3021,16,1.7440545670688152
carbon1,3022,16,1.80558792501688
carbon1,3023,16,1.9050725921988487
carbon1,3024,16,1.629702553153038
carbon1,3025,16,1.9416696056723595
carbon1,3026,16,1.710172988474369
carbon1,3027,16,2.059829406440258
carbon1,3028,16,2.060399606823921
carbon1,3029,16,1.8165109790861607
carbon1,3030,16,1.7318748063407838
carbon1,3031,16,2.133809380233288
carbon1,3032,16,1.9540705438703299
carbon1,3033,16,1.7556873951107264
carbon1,3034,16,1.9583454951643944
carbon1,3035,16,2.067679040133953
carbon1,3036,16,1.733662510290742
carbon1,3037,16,1.7938875928521156
carbon1,3038,16,1.8536133710294962
carbon1,3039,16,1.5991327837109566
carbon1,3040,16,1.7522078529000282
carbon1,3041,16,2.0491363033652306
carbon1,3042,16,1.8208998898044229
carbon1,3043,16,1.6659219898283482
carbon1,3044,16,1.5729504986666143
carbon1,3045,16,1.980840228497982
carbon1,3046,16,1.9469089210033417
carbon1,3047,16,1.773989412933588
carbon1,3048,16,1.7511814124882221
carbon1,3049,16,1.7395212575793266
carbon1,3050,16,1.6697401562705636
carbon1,3051,16,1.6029644324444234
carbon1,3052,16,1.689786377362907
carbon1,3053,16,1.9078186573460698
carbon1,3054,16,1.4306049181614071
carbon1,3055,16,2.062997430562973
carbon1,3056,16,1.6985956579446793
carbon1,3057,16,1.8699318319559097
carbon1,3058,16,1.7552026435732841
carbon1,3059,16,1.853943777270615
carbon1,3060,16,1.5027798302471638
carbon1,3061,16,1.9951414344832301
carbon1,3062,16,1.9629663713276386
carbon1,3063,16,1.8947513289749622
carbon1,3064,16,1.8334649987518787
carbon1,3065,16,1.8852501437067986
carbon1,3066,16,1.8164457827806473
carbon1,3067,16,1.734774749726057
carbon1,3068,16,2.0075470581650734
carbon1,3069,16,1.6603672690689564
carbon1,3070,16,1.8681865110993385
carbon1,3071,16,2.081041596829891
