model,model_window_position,base_count,mean_bpb
megabyte1,0,2977,2.00996080628569
megabyte1,1,2977,2.0189352089981525
megabyte1,2,2977,2.0165585898135707
megabyte1,3,2977,2.0238121168542156
megabyte1,4,2977,2.013858199319785
megabyte1,5,2977,2.0161478890241855
megabyte1,6,2977,2.0167449141333558
megabyte1,7,2977,2.0199273531974304
megabyte1,8,2977,2.0140733907877055
megabyte1,9,2977,2.006965019577175
megabyte1,10,2977,2.0130112109506215
megabyte1,11,2977,2.0063919410795266
megabyte1,12,2977,1.994826219768223
megabyte1,13,2977,1.995355997543668
megabyte1,14,2977,2.0008469883691635
megabyte1,15,2977,1.9978431647841788
megabyte1,16,2977,2.002911481514528
megabyte1,17,2977,2.00485246919088
megabyte1,18,2977,1.9980450708032416
megabyte1,19,2977,1.9865962942454651
megabyte1,20,2977,2.001656252624286
megabyte1,21,2977,1.9811915768286026
megabyte1,22,2977,1.9866072834439032
megabyte1,23,2977,2.014977457381592
megabyte1,24,2977,1.9875521904916862
megabyte1,25,2977,1.9918604073285817
megabyte1,26,2977,1.9890565625524856
megabyte1,27,2977,1.9805930038006225
megabyte1,28,2977,1.998889270868324
megabyte1,29,2977,1.9792054842332885
megabyte1,30,2977,1.9761501590317434
megabyte1,31,2977,1.9791552947598254
megabyte1,32,2977,1.9734737971584229
megabyte1,33,2977,1.9647974149468845
megabyte1,34,2977,1.977118274610556
megabyte1,35,2977,1.9672775294182483
megabyte1,36,2977,1.9690848425165854
megabyte1,37,2977,1.9736494193110723
megabyte1,38,2977,1.968882526452805
megabyte1,39,2977,1.9783191623245664
megabyte1,40,2977,1.9835813379463911
megabyte1,41,2977,1.9732965399524611
megabyte1,42,2977,1.964661239096091
megabyte1,43,2977,1.9730013436345315
megabyte1,44,2977,1.9695489721327049
megabyte1,45,2977,1.9771165114182692
megabyte1,46,2977,1.9650742771403678
megabyte1,47,2977,1.9682829180619121
megabyte1,48,2977,1.962304712102683
megabyte1,49,2977,1.9700785448857911
megabyte1,50,2977,1.9584169551194575
megabyte1,51,2977,1.9600107169287453
megabyte1,52,2977,1.9569579545066866
megabyte1,53,2977,1.9553072579883273
megabyte1,54,2977,1.9514159746205282
megabyte1,55,2977,1.9679586546990468
megabyte1,56,2977,1.954539982312311
megabyte1,57,2977,1.9708088601560532
megabyte1,58,2977,1.9693845083219395
megabyte1,59,2977,1.9463208589050887
megabyte1,60,2977,1.9693424018549768
megabyte1,61,2977,1.9563858050166019
megabyte1,62,2977,1.9660993069260162
megabyte1,63,2977,1.9663892700482344
megabyte1,64,2977,1.9518846147285438
megabyte1,65,2977,1.9619353233186199
megabyte1,66,2977,1.961048007051457
megabyte1,67,2977,1.9493050849153406
megabyte1,68,2977,1.9668683867987908
megabyte1,69,2977,1.957356907514906
megabyte1,70,2977,1.959566474481441
megabyte1,71,2977,1.9524009891672747
megabyte1,72,2977,1.9828648053042073
megabyte1,73,2977,1.9592060041699908
megabyte1,74,2977,1.95348781781746
megabyte1,75,2977,1.9451196969736733
megabyte1,76,2977,1.9471695515226108
megabyte1,77,2977,1.9620616991006572
megabyte1,78,2977,1.9539409069795515
megabyte1,79,2977,1.9570979642755921
megabyte1,80,2977,1.9521000112188234
megabyte1,81,2977,1.9657372374401663
megabyte1,82,2977,1.9508530857341178
megabyte1,83,2977,1.9393147656610839
megabyte1,84,2977,1.9591732826015074
megabyte1,85,2977,1.9458891663889297
megabyte1,86,2977,1.9529448724810132
megabyte1,87,2977,1.9664601462777125
megabyte1,88,2977,1.958578533240521
megabyte1,89,2977,1.93972760893412
megabyte1,90,2977,1.959893649161803
megabyte1,91,2977,1.9608843069489785
megabyte1,92,2977,1.9537173916038588
megabyte1,93,2977,1.9493741159435884
megabyte1,94,2977,1.9549701192213218
megabyte1,95,2977,1.9378069184713007
megabyte1,96,2977,1.9687083394566678
megabyte1,97,2977,1.9499876658548874
megabyte1,98,2977,1.9593006014863956
megabyte1,99,2977,1.955201138415351
megabyte1,100,2977,1.946341958268601
megabyte1,101,2977,1.961378185309377
megabyte1,102,2977,1.9549253013336623
megabyte1,103,2977,1.9653091917592165
megabyte1,104,2977,1.9646102705376638
megabyte1,105,2977,1.943357488794298
megabyte1,106,2977,1.9652335180065397
megabyte1,107,2977,1.944970727727683
megabyte1,108,2977,1.9427220219928305
megabyte1,109,2977,1.9564154858472245
megabyte1,110,2977,1.9562440871551687
megabyte1,111,2977,1.946456811794067
megabyte1,112,2977,1.9650350768653426
megabyte1,113,2977,1.9437363291091074
megabyte1,114,2977,1.9555147816200245
megabyte1,115,2977,1.936157985145228
megabyte1,116,2977,1.9408951702636883
megabyte1,117,2977,1.9495145152549755
megabyte1,118,2977,1.951877966878556
megabyte1,119,2977,1.9506634605543542
megabyte1,120,2977,1.958234690242379
megabyte1,121,2977,1.963461735283003
megabyte1,122,2977,1.9562437181149228
megabyte1,123,2977,1.966823161429193
megabyte1,124,2977,1.9459844069629857
megabyte1,125,2977,1.946714422388048
megabyte1,126,2977,1.9445394939490521
megabyte1,127,2977,1.9638834252708264
megabyte1,128,2977,1.9352388084034893
megabyte1,129,2977,1.9580285197582508
megabyte1,130,2977,1.9571644325243533
megabyte1,131,2977,1.9506141629281524
megabyte1,132,2977,1.9416615438413252
megabyte1,133,2977,1.9416098679557598
megabyte1,134,2977,1.9285078321001374
megabyte1,135,2977,1.9364404854535817
megabyte1,136,2977,1.9446859106666736
megabyte1,137,2977,1.9510216346153846
megabyte1,138,2977,1.9478692108246556
megabyte1,139,2977,1.9354000174843067
megabyte1,140,2977,1.9519989300703178
megabyte1,141,2977,1.9452649963194386
megabyte1,142,2977,1.9450174318210447
megabyte1,143,2977,1.9331489334900906
megabyte1,144,2977,1.9512565902387051
megabyte1,145,2977,1.9360136545301085
megabyte1,146,2977,1.9361778415606892
megabyte1,147,2977,1.9353131085063613
megabyte1,148,2977,1.9430139738319303
megabyte1,149,2977,1.9452494607501916
megabyte1,150,2977,1.9477733833740973
megabyte1,151,2977,1.9367673423492873
megabyte1,152,2977,1.9357731261427946
megabyte1,153,2977,1.935488230917011
megabyte1,154,2977,1.9443244203689878
megabyte1,155,2977,1.9311068236607611
megabyte1,156,2977,1.9485330117161257
megabyte1,157,2977,1.943772413044277
megabyte1,158,2977,1.9423274154586203
megabyte1,159,2977,1.962303604981945
megabyte1,160,2977,1.9397530727110976
megabyte1,161,2977,1.931364254860178
megabyte1,162,2977,1.9404437930382936
megabyte1,163,2977,1.9380824070149794
megabyte1,164,2977,1.9244069197772933
megabyte1,165,2977,1.9440839445186535
megabyte1,166,2977,1.954871498341123
megabyte1,167,2977,1.9475540709567623
megabyte1,168,2977,1.930203823823836
megabyte1,169,2977,1.9388023327772033
megabyte1,170,2977,1.9548726105874201
megabyte1,171,2977,1.9453272590470627
megabyte1,172,2977,1.941083168078478
megabyte1,173,2977,1.943322235199682
megabyte1,174,2977,1.9343544649605307
megabyte1,175,2977,1.9541866109000383
megabyte1,176,2977,1.953577153747579
megabyte1,177,2977,1.9421069805438702
megabyte1,178,2977,1.9544968558591125
megabyte1,179,2977,1.9261105261595408
megabyte1,180,2977,1.9511464060974633
megabyte1,181,2977,1.9427899638397965
megabyte1,182,2977,1.9434563608268864
megabyte1,183,2977,1.9355274952615233
megabyte1,184,2977,1.9465112606070367
megabyte1,185,2977,1.9406391011815685
megabyte1,186,2977,1.9413102713454518
megabyte1,187,2977,1.955511683219625
megabyte1,188,2977,1.9443741126632306
megabyte1,189,2977,1.954243880051833
megabyte1,190,2977,1.9355427495657216
megabyte1,191,2977,1.9373018856131874
megabyte1,192,2977,1.9575606997396708
megabyte1,193,2977,1.954242371856105
megabyte1,194,2977,1.9549943118596742
megabyte1,195,2977,1.939138087643286
megabyte1,196,2977,1.9439945342679292
megabyte1,197,2977,1.9489951936198353
megabyte1,198,2977,1.9498620076511064
megabyte1,199,2977,1.9536527275518558
megabyte1,200,2977,1.9439191680487908
megabyte1,201,2977,1.9422454372684068
megabyte1,202,2977,1.946502101233152
megabyte1,203,2977,1.9479992770091534
megabyte1,204,2977,1.946675729543361
megabyte1,205,2977,1.9437607267698187
megabyte1,206,2977,1.9391213834465932
megabyte1,207,2977,1.9391667497690628
megabyte1,208,2977,1.9509923369202953
megabyte1,209,2977,1.9377026223159293
megabyte1,210,2977,1.9362197763214266
megabyte1,211,2977,1.93618228029476
megabyte1,212,2977,1.941157557878632
megabyte1,213,2977,1.9259402397137821
megabyte1,214,2977,1.9307377251114748
megabyte1,215,2977,1.924819419637878
megabyte1,216,2977,1.9267810415332653
megabyte1,217,2977,1.9539444641174788
megabyte1,218,2977,1.9255706407818012
megabyte1,219,2977,1.9466834729815794
megabyte1,220,2977,1.9505012058595061
megabyte1,221,2977,1.9555835051147339
megabyte1,222,2977,1.9452420953219474
megabyte1,223,2977,1.9445226154833541
megabyte1,224,2977,1.9419738133961937
megabyte1,225,2977,1.9352222041551963
megabyte1,226,2977,1.9483503323094653
megabyte1,227,2977,1.92700819093027
megabyte1,228,2977,1.9289742579666769
megabyte1,229,2977,1.9357605903069366
megabyte1,230,2977,1.947150197411929
megabyte1,231,2977,1.9618755131709644
megabyte1,232,2977,1.9365031428492465
megabyte1,233,2977,1.9391949967245627
megabyte1,234,2977,1.9263729240256025
megabyte1,235,2977,1.9685311591340906
megabyte1,236,2977,1.9400143532053031
megabyte1,237,2977,1.9297950393528116
megabyte1,238,2977,1.9262091931697702
megabyte1,239,2977,1.945189760802054
megabyte1,240,2977,1.9388484756218574
megabyte1,241,2977,1.9527506000209984
megabyte1,242,2977,1.939692450162345
megabyte1,243,2977,1.9505109662051805
megabyte1,244,2977,1.9437539712830922
megabyte1,245,2977,1.9365478236282037
megabyte1,246,2977,1.935709301721421
megabyte1,247,2977,1.9383971518944845
megabyte1,248,2977,1.9441789377844891
megabyte1,249,2977,1.9255704149368589
megabyte1,250,2977,1.9361634592422112
megabyte1,251,2977,1.9292503513263142
megabyte1,252,2977,1.9413422112661918
megabyte1,253,2977,1.9392363343576797
megabyte1,254,2977,1.9437257422670486
megabyte1,255,2977,1.9528001625745297
megabyte1,256,2977,1.9317114602250063
megabyte1,257,2977,1.9419427320065816
megabyte1,258,2977,1.9248995103409998
megabyte1,259,2977,1.9294034210194828
megabyte1,260,2977,1.933625764241345
megabyte1,261,2977,1.9377948971134247
megabyte1,262,2977,1.9376176623317833
megabyte1,263,2977,1.929630626797636
megabyte1,264,2977,1.9510045665040046
megabyte1,265,2977,1.9396374401006675
megabyte1,266,2977,1.9409127176148322
megabyte1,267,2977,1.918292435456091
megabyte1,268,2977,1.936580310702364
megabyte1,269,2977,1.933258639672958
megabyte1,270,2977,1.9480394940669399
megabyte1,271,2977,1.946439589915918
megabyte1,272,2977,1.9438221617196685
megabyte1,273,2977,1.923264355798836
megabyte1,274,2977,1.9433910099499812
megabyte1,275,2977,1.9327409082424893
megabyte1,276,2977,1.9513454264268244
megabyte1,277,2977,1.9337380447362067
megabyte1,278,2977,1.928788066911425
megabyte1,279,2977,1.9198984422257654
megabyte1,280,2977,1.949062000155489
megabyte1,281,2977,1.9278106228152818
megabyte1,282,2977,1.9369631822693056
megabyte1,283,2977,1.9357819331344999
megabyte1,284,2977,1.937831531405489
megabyte1,285,2977,1.9261417126231117
megabyte1,286,2977,1.938849785202175
megabyte1,287,2977,1.9318097684461077
megabyte1,288,2977,1.9608084999317685
megabyte1,289,2977,1.9494655969201378
megabyte1,290,2977,1.9441463328224722
megabyte1,291,2977,1.9459109858934776
megabyte1,292,2977,1.9564636661015704
megabyte1,293,2977,1.9216224970255356
megabyte1,294,2977,1.9335891472480422
megabyte1,295,2977,1.9306944980691814
megabyte1,296,2977,1.9385239098510127
megabyte1,297,2977,1.9492918212501082
megabyte1,298,2977,1.9311335752344307
megabyte1,299,2977,1.9395697289038554
megabyte1,300,2977,1.9143501476509521
megabyte1,301,2977,1.9371865842420062
megabyte1,302,2977,1.929864706591067
megabyte1,303,2977,1.9297462491569481
megabyte1,304,2977,1.9331607684057592
megabyte1,305,2977,1.9296451821037295
megabyte1,306,2977,1.93365563343626
megabyte1,307,2977,1.9166786468065062
megabyte1,308,2977,1.927634173525553
megabyte1,309,2977,1.9385958003004726
megabyte1,310,2977,1.9310661267225158
megabyte1,311,2977,1.926748575602036
megabyte1,312,2977,1.9255020274866095
megabyte1,313,2977,1.917804027028159
megabyte1,314,2977,1.9044784069221452
megabyte1,315,2977,1.9339790459563357
megabyte1,316,2977,1.9370491558327385
megabyte1,317,2977,1.9243846216736762
megabyte1,318,2977,1.932092681682306
megabyte1,319,2977,1.9234111018336215
megabyte1,320,2977,1.9426033454410654
megabyte1,321,2977,1.9351859228860062
megabyte1,322,2977,1.922018210680484
megabyte1,323,2977,1.9272279005784254
megabyte1,324,2977,1.934934322009921
megabyte1,325,2977,1.9200120720240266
megabyte1,326,2977,1.915882464899967
megabyte1,327,2977,1.9377666200452657
megabyte1,328,2977,1.935242493680391
megabyte1,329,2977,1.9213979001568995
megabyte1,330,2977,1.9162748142661445
megabyte1,331,2977,1.9250838779786468
megabyte1,332,2977,1.9263412679326906
megabyte1,333,2977,1.925197284815093
megabyte1,334,2977,1.9393997970827082
megabyte1,335,2977,1.9385674924789598
megabyte1,336,2977,1.9248841570494437
megabyte1,337,2977,1.917245789906864
megabyte1,338,2977,1.9094018087236522
megabyte1,339,2977,1.9355311472222916
megabyte1,340,2977,1.9364572357803052
megabyte1,341,2977,1.9340861521994142
megabyte1,342,2977,1.9301514383687002
megabyte1,343,2977,1.9397219605681317
megabyte1,344,2977,1.9197166424931638
megabyte1,345,2977,1.9202610748824074
megabyte1,346,2977,1.937020222052336
megabyte1,347,2977,1.9283004157848314
megabyte1,348,2977,1.9260439432263976
megabyte1,349,2977,1.915307816059188
megabyte1,350,2977,1.9347273596269314
megabyte1,351,2977,1.9473507457985588
megabyte1,352,2977,1.931684602295988
megabyte1,353,2977,1.941067827280472
megabyte1,354,2977,1.9384728810672676
megabyte1,355,2977,1.9206572902014403
megabyte1,356,2977,1.9231331043288258
megabyte1,357,2977,1.9237003678798195
megabyte1,358,2977,1.9318700347685118
megabyte1,359,2977,1.9402160003836377
megabyte1,360,2977,1.927734913183692
megabyte1,361,2977,1.9238434821357253
megabyte1,362,2977,1.931161536440018
megabyte1,363,2977,1.9235212398448325
megabyte1,364,2977,1.9231433874815151
megabyte1,365,2977,1.9441484035482974
megabyte1,366,2977,1.941350514671728
megabyte1,367,2977,1.9383413835704266
megabyte1,368,2977,1.925572352718498
megabyte1,369,2977,1.9230150473290015
megabyte1,370,2977,1.9415255601989931
megabyte1,371,2977,1.9251815057817945
megabyte1,372,2977,1.9368567244094372
megabyte1,373,2977,1.9304067953184703
megabyte1,374,2977,1.935478398813511
megabyte1,375,2977,1.9462246399899636
megabyte1,376,2977,1.9352776627032837
megabyte1,377,2977,1.924234494692053
megabyte1,378,2977,1.9353823727475423
megabyte1,379,2977,1.9313996519704453
megabyte1,380,2977,1.948955405186918
megabyte1,381,2977,1.9238645792568054
megabyte1,382,2977,1.93517203005841
megabyte1,383,2977,1.9287315217448353
megabyte1,384,2977,1.9430127231955407
megabyte1,385,2977,1.9452164675270827
megabyte1,386,2977,1.941362293206248
megabyte1,387,2977,1.9458357273110776
megabyte1,388,2977,1.9458968041124942
megabyte1,389,2977,1.945240590329694
megabyte1,390,2977,1.920579673221218
megabyte1,391,2977,1.9546718219402135
megabyte1,392,2977,1.917757161960211
megabyte1,393,2977,1.9240916761168305
megabyte1,394,2977,1.9215320309096628
megabyte1,395,2977,1.9318541109381724
megabyte1,396,2977,1.9458274725983518
megabyte1,397,2977,1.9455218227028968
megabyte1,398,2977,1.9227885930859325
megabyte1,399,2977,1.9412351383392468
megabyte1,400,2977,1.9465704787526308
megabyte1,401,2977,1.9038745366289667
megabyte1,402,2977,1.9316044206141945
megabyte1,403,2977,1.937184812720686
megabyte1,404,2977,1.9364449632700393
megabyte1,405,2977,1.9358998722464678
megabyte1,406,2977,1.9348271600263889
megabyte1,407,2977,1.929115445973451
megabyte1,408,2977,1.925042680017012
megabyte1,409,2977,1.9220137514441775
megabyte1,410,2977,1.9444489086639332
megabyte1,411,2977,1.9247256680387037
megabyte1,412,2977,1.9507174993226062
megabyte1,413,2977,1.948522135279985
megabyte1,414,2977,1.9369215037865168
megabyte1,415,2977,1.9371760800495859
megabyte1,416,2977,1.9223870843458704
megabyte1,417,2977,1.924054428679774
megabyte1,418,2977,1.9178955397191046
megabyte1,419,2977,1.954009445954138
megabyte1,420,2977,1.9315386007486433
megabyte1,421,2977,1.9234965141483469
megabyte1,422,2977,1.9262364624248962
megabyte1,423,2977,1.94145036696747
megabyte1,424,2977,1.936119143659331
megabyte1,425,2977,1.9268211336555519
megabyte1,426,2977,1.9386228049486165
megabyte1,427,2977,1.941316726025936
megabyte1,428,2977,1.9222633001745888
megabyte1,429,2977,1.932943408826393
megabyte1,430,2977,1.9373383731861262
megabyte1,431,2977,1.9357668152983092
megabyte1,432,2977,1.9442837439329783
megabyte1,433,2977,1.9194931271174709
megabyte1,434,2977,1.9369098636420894
megabyte1,435,2977,1.9351726028396252
megabyte1,436,2977,1.9070581084415743
megabyte1,437,2977,1.9227750605691147
megabyte1,438,2977,1.921549871699058
megabyte1,439,2977,1.923087543235115
megabyte1,440,2977,1.934711542151941
megabyte1,441,2977,1.9354796046012595
megabyte1,442,2977,1.9280360935917227
megabyte1,443,2977,1.9287780874481046
megabyte1,444,2977,1.946240383144349
megabyte1,445,2977,1.9336626365515543
megabyte1,446,2977,1.9185519360999432
megabyte1,447,2977,1.932286504374521
megabyte1,448,2977,1.9099677729454463
megabyte1,449,2977,1.9269902873527776
megabyte1,450,2977,1.9226926406998741
megabyte1,451,2977,1.9261586115910456
megabyte1,452,2977,1.923729545124273
megabyte1,453,2977,1.9236453578181423
megabyte1,454,2977,1.9201992545545923
megabyte1,455,2977,1.9219983026890857
megabyte1,456,2977,1.9282755078907416
megabyte1,457,2977,1.9161279772526874
megabyte1,458,2977,1.9453342426211633
megabyte1,459,2977,1.936986470887194
megabyte1,460,2977,1.9270677457610192
megabyte1,461,2977,1.9200470232106632
megabyte1,462,2977,1.9165505590877718
megabyte1,463,2977,1.9165594311100067
megabyte1,464,2977,1.93049243572057
megabyte1,465,2977,1.9234681262399753
megabyte1,466,2977,1.9309551939293166
megabyte1,467,2977,1.9048919075481197
megabyte1,468,2977,1.9362848292752164
megabyte1,469,2977,1.924068582910878
megabyte1,470,2977,1.9256252100454068
megabyte1,471,2977,1.9281796681868937
megabyte1,472,2977,1.9196472859919211
megabyte1,473,2977,1.9375026012211787
megabyte1,474,2977,1.9173351309625422
megabyte1,475,2977,1.9465023269179207
megabyte1,476,2977,1.9287281606595388
megabyte1,477,2977,1.910174440608795
megabyte1,478,2977,1.916755875205289
megabyte1,479,2977,1.9331895669995438
megabyte1,480,2977,1.9415173311140619
megabyte1,481,2977,1.9272533925459774
megabyte1,482,2977,1.942025909577595
megabyte1,483,2977,1.942326328840118
megabyte1,484,2977,1.9388453272472583
megabyte1,485,2977,1.922796949669143
megabyte1,486,2977,1.9285179653302271
megabyte1,487,2977,1.923301760846831
megabyte1,488,2977,1.9301834529303927
megabyte1,489,2977,1.9429991199620267
megabyte1,490,2977,1.9383021294770322
megabyte1,491,2977,1.933042473067443
megabyte1,492,2977,1.9140497661894265
megabyte1,493,2977,1.919532510310882
megabyte1,494,2977,1.9348984994782592
megabyte1,495,2977,1.939450335414529
megabyte1,496,2977,1.9274759186887884
megabyte1,497,2977,1.911951054492011
megabyte1,498,2977,1.9328229434545463
megabyte1,499,2977,1.914451917546445
megabyte1,500,2977,1.948569212257762
megabyte1,501,2977,1.9381789212904403
megabyte1,502,2977,1.9328344471309664
megabyte1,503,2977,1.93814368819806
megabyte1,504,2977,1.923937394228965
megabyte1,505,2977,1.9323826521725154
megabyte1,506,2977,1.9181880842009607
megabyte1,507,2977,1.9367104473632977
megabyte1,508,2977,1.9253125176319228
megabyte1,509,2977,1.936023303394875
megabyte1,510,2977,1.9310610472935736
megabyte1,511,2977,1.9311052689345682
megabyte1,512,2977,1.936730152574769
megabyte1,513,2977,1.9105404003939053
megabyte1,514,2977,1.9086300778156726
megabyte1,515,2977,1.9269553521835128
megabyte1,516,2977,1.9318630255666163
megabyte1,517,2977,1.934535073641366
megabyte1,518,2977,1.9208970021833138
megabyte1,519,2977,1.9236554590134882
megabyte1,520,2977,1.9298883629678119
megabyte1,521,2977,1.9379807364271917
megabyte1,522,2977,1.9277855011693654
megabyte1,523,2977,1.9021098284582023
megabyte1,524,2977,1.9167716503944179
megabyte1,525,2977,1.9247574734135207
megabyte1,526,2977,1.912573205091267
megabyte1,527,2977,1.9203257449409246
megabyte1,528,2977,1.9287171189241215
megabyte1,529,2977,1.9262834727704063
megabyte1,530,2977,1.9248588339049904
megabyte1,531,2977,1.9280267612302227
megabyte1,532,2977,1.9186334529898492
megabyte1,533,2977,1.9265142830979076
megabyte1,534,2977,1.9436066473415325
megabyte1,535,2977,1.918551617834766
megabyte1,536,2977,1.9261379221921644
megabyte1,537,2977,1.9286829519480075
megabyte1,538,2977,1.9296248810460273
megabyte1,539,2977,1.9114688370986237
megabyte1,540,2977,1.9345209610554288
megabyte1,541,2977,1.932970119315504
megabyte1,542,2977,1.9011152249516599
megabyte1,543,2977,1.924996296271086
megabyte1,544,2977,1.9068156438743584
megabyte1,545,2977,1.9225364021298708
megabyte1,546,2977,1.9074899912441101
megabyte1,547,2977,1.9333653269015907
megabyte1,548,2977,1.908625406829711
megabyte1,549,2977,1.9331733824063917
megabyte1,550,2977,1.9253838244083548
megabyte1,551,2977,1.9175112349177352
megabyte1,552,2977,1.9223695754364187
megabyte1,553,2977,1.9188681215818673
megabyte1,554,2977,1.9262977115732334
megabyte1,555,2977,1.9126975239224189
megabyte1,556,2977,1.908998471120079
megabyte1,557,2977,1.9366865689857797
megabyte1,558,2977,1.923206599718939
megabyte1,559,2977,1.9204352499456026
megabyte1,560,2977,1.9243529655006775
megabyte1,561,2977,1.9336498787149232
megabyte1,562,2977,1.9214537790008228
megabyte1,563,2977,1.9235277018933077
megabyte1,564,2977,1.9267967769993124
megabyte1,565,2977,1.919783774501812
megabyte1,566,2977,1.9275962123544095
megabyte1,567,2977,1.9510851838583108
megabyte1,568,2977,1.9109211124987822
megabyte1,569,2977,1.9427630726947533
megabyte1,570,2977,1.9157951644574551
megabyte1,571,2977,1.926616988888434
megabyte1,572,2977,1.9352317117467437
megabyte1,573,2977,1.9113573939919593
megabyte1,574,2977,1.9267382123624874
megabyte1,575,2977,1.9458653056305208
megabyte1,576,2977,1.929802189507579
megabyte1,577,2977,1.9414979359989082
megabyte1,578,2977,1.9306265024038463
megabyte1,579,2977,1.9359565096731188
megabyte1,580,2977,1.9135331937759805
megabyte1,581,2977,1.9213654002688416
megabyte1,582,2977,1.9164827581936776
megabyte1,583,2977,1.9270124553953356
megabyte1,584,2977,1.9236499323795255
megabyte1,585,2977,1.9159432931117737
megabyte1,586,2977,1.91933692570777
megabyte1,587,2977,1.9190179134800724
megabyte1,588,2977,1.922889321211564
megabyte1,589,2977,1.9292447490903568
megabyte1,590,2977,1.9331527725337614
megabyte1,591,2977,1.9242630632763786
megabyte1,592,2977,1.9192502371288602
megabyte1,593,2977,1.9241813887755344
megabyte1,594,2977,1.9161023155009942
megabyte1,595,2977,1.929450750431039
megabyte1,596,2977,1.9245220513643335
megabyte1,597,2977,1.91617437637529
megabyte1,598,2977,1.9149155557495978
megabyte1,599,2977,1.921296968290299
megabyte1,600,2977,1.9372570651627483
megabyte1,601,2977,1.9351937939826778
megabyte1,602,2977,1.9069121780113603
megabyte1,603,2977,1.9272423136502574
megabyte1,604,2977,1.9209213211987297
megabyte1,605,2977,1.9295658205113717
megabyte1,606,2977,1.9110258158157447
megabyte1,607,2977,1.9268634195170788
megabyte1,608,2977,1.917999567423325
megabyte1,609,2977,1.9385946566601266
megabyte1,610,2977,1.9189940924447457
megabyte1,611,2977,1.931336587092842
megabyte1,612,2977,1.9349757134614072
megabyte1,613,2977,1.9312237005006319
megabyte1,614,2977,1.9104310337793198
megabyte1,615,2977,1.9210369006314854
megabyte1,616,2977,1.9190829106934086
megabyte1,617,2977,1.9091322132914028
megabyte1,618,2977,1.920734831419494
megabyte1,619,2977,1.9033430743065303
megabyte1,620,2977,1.9426551026948795
megabyte1,621,2977,1.9253217948936638
megabyte1,622,2977,1.9227158170359864
megabyte1,623,2977,1.918069525537052
megabyte1,624,2977,1.9033355177910407
megabyte1,625,2977,1.9164932329141338
megabyte1,626,2977,1.896980661732421
megabyte1,627,2977,1.9136387684379683
megabyte1,628,2977,1.912044585051455
megabyte1,629,2977,1.9229633804131643
megabyte1,630,2977,1.9187651529462697
megabyte1,631,2977,1.9248005985853294
megabyte1,632,2977,1.923720791110025
megabyte1,633,2977,1.9141545369395243
megabyte1,634,2977,1.9126654673952121
megabyte1,635,2977,1.923540581141617
megabyte1,636,2977,1.9123122164335753
megabyte1,637,2977,1.9051627385604288
megabyte1,638,2977,1.933923595096587
megabyte1,639,2977,1.9236842915641008
megabyte1,640,2977,1.9307886494619557
megabyte1,641,2977,1.9346784310409757
megabyte1,642,2977,1.9188489596796467
megabyte1,643,2977,1.9288933029661732
megabyte1,644,2977,1.9267266881838316
megabyte1,645,2977,1.920802154915822
megabyte1,646,2977,1.9142677443596914
megabyte1,647,2977,1.9404904907247065
megabyte1,648,2977,1.9131502571785093
megabyte1,649,2977,1.9103160059848487
megabyte1,650,2977,1.9140316812952853
megabyte1,651,2977,1.924278482239159
megabyte1,652,2977,1.9262481627946417
megabyte1,653,2977,1.9294264245281534
megabyte1,654,2977,1.9228192971062652
megabyte1,655,2977,1.9104930286964876
megabyte1,656,2977,1.9193856185180131
megabyte1,657,2977,1.9162149490187301
megabyte1,658,2977,1.9353885045178112
megabyte1,659,2977,1.925935256869592
megabyte1,660,2977,1.9248458129029407
megabyte1,661,2977,1.9297335967146234
megabyte1,662,2977,1.9153120401604768
megabyte1,663,2977,1.9300984250325903
megabyte1,664,2977,1.9076454116467625
megabyte1,665,2977,1.9307787584145277
megabyte1,666,2977,1.9129172553542
megabyte1,667,2977,1.918801258665065
megabyte1,668,2977,1.9207652998242877
megabyte1,669,2977,1.9181891208452628
megabyte1,670,2977,1.921260671003737
megabyte1,671,2977,1.9355751698474417
megabyte1,672,2977,1.9423765798202888
megabyte1,673,2977,1.9398206890850689
megabyte1,674,2977,1.935863265504283
megabyte1,675,2977,1.943454475902574
megabyte1,676,2977,1.9298132965938732
megabyte1,677,2977,1.913927718301247
megabyte1,678,2977,1.9274061790520127
megabyte1,679,2977,1.914510391845293
megabyte1,680,2977,1.9086703946616852
megabyte1,681,2977,1.9213150599117363
megabyte1,682,2977,1.9196117517729514
megabyte1,683,2977,1.9102700380498945
megabyte1,684,2977,1.92314846659011
megabyte1,685,2977,1.9513545601729143
megabyte1,686,2977,1.9321807368633768
megabyte1,687,2977,1.9140399545881626
megabyte1,688,2977,1.9158767095379354
megabyte1,689,2977,1.9205970008140207
megabyte1,690,2977,1.9121792389315808
megabyte1,691,2977,1.9260545281463715
megabyte1,692,2977,1.9226603599294625
megabyte1,693,2977,1.9021821882166556
megabyte1,694,2977,1.9309541169212374
megabyte1,695,2977,1.9307871861148689
megabyte1,696,2977,1.8972615904162544
megabyte1,697,2977,1.9190884065740172
megabyte1,698,2977,1.9079347481693965
megabyte1,699,2977,1.9113386728878106
megabyte1,700,2977,1.9234666145204256
megabyte1,701,2977,1.909062534360466
megabyte1,702,2977,1.9093260069921747
megabyte1,703,2977,1.9158834368340873
megabyte1,704,2977,1.914816891302148
megabyte1,705,2977,1.9108844093320192
megabyte1,706,2977,1.9124190503813334
megabyte1,707,2977,1.9198287974118304
megabyte1,708,2977,1.9376748392235164
megabyte1,709,2977,1.9269769608994478
megabyte1,710,2977,1.9217344674240795
megabyte1,711,2977,1.92075832586061
megabyte1,712,2977,1.9290653365868469
megabyte1,713,2977,1.9234238465360078
megabyte1,714,2977,1.9181519682310475
megabyte1,715,2977,1.9161054837371345
megabyte1,716,2977,1.9193669329724297
megabyte1,717,2977,1.9228285000474012
megabyte1,718,2977,1.9120122334842597
megabyte1,719,2977,1.909042455784058
megabyte1,720,2977,1.926349910265814
megabyte1,721,2977,1.913388612008471
megabyte1,722,2977,1.922488874743599
megabyte1,723,2977,1.9310881025566125
megabyte1,724,2977,1.9221528661623473
megabyte1,725,2977,1.918124009908587
megabyte1,726,2977,1.9363304192001962
megabyte1,727,2977,1.9322707689084742
megabyte1,728,2977,1.9273549503714678
megabyte1,729,2977,1.91004041749277
megabyte1,730,2977,1.9215962182846813
megabyte1,731,2977,1.9125878766834796
megabyte1,732,2977,1.919433573247764
megabyte1,733,2977,1.9045215743798156
megabyte1,734,2977,1.9192746783568229
megabyte1,735,2977,1.914360415426965
megabyte1,736,2977,1.9096455533992216
megabyte1,737,2977,1.9301404815253533
megabyte1,738,2977,1.9328452473244173
megabyte1,739,2977,1.9024251166469586
megabyte1,740,2977,1.9228110614141682
megabyte1,741,2977,1.9096166851699132
megabyte1,742,2977,1.9326143799750726
megabyte1,743,2977,1.9311528193858554
megabyte1,744,2977,1.9221229439499317
megabyte1,745,2977,1.9391093749026145
megabyte1,746,2977,1.912640944158306
megabyte1,747,2977,1.9172620315218596
megabyte1,748,2977,1.9025950899530988
megabyte1,749,2977,1.9257573168430706
megabyte1,750,2977,1.9214887891313874
megabyte1,751,2977,1.929360010738456
megabyte1,752,2977,1.9220925927922996
megabyte1,753,2977,1.9187235756932708
megabyte1,754,2977,1.9233094805793391
megabyte1,755,2977,1.9293488652104693
megabyte1,756,2977,1.9118509391910243
megabyte1,757,2977,1.9295344533718468
megabyte1,758,2977,1.9226436035962244
megabyte1,759,2977,1.923474410175276
megabyte1,760,2977,1.918976962826658
megabyte1,761,2977,1.9164334656930346
megabyte1,762,2977,1.914389645208398
megabyte1,763,2977,1.9138929055047027
megabyte1,764,2977,1.9121688084190709
megabyte1,765,2977,1.9194057158347462
megabyte1,766,2977,1.908927855973761
megabyte1,767,2977,1.8996396369088364
megabyte1,768,2977,1.9399160654864376
megabyte1,769,2977,1.945362525455576
megabyte1,770,2977,1.9429114421502351
megabyte1,771,2977,1.945138856313114
megabyte1,772,2977,1.9190119140132946
megabyte1,773,2977,1.935591760801316
megabyte1,774,2977,1.9276750722826828
megabyte1,775,2977,1.9159337800743197
megabyte1,776,2977,1.9241147680413935
megabyte1,777,2977,1.9148461825902885
megabyte1,778,2977,1.9069289110393224
megabyte1,779,2977,1.931285827400943
megabyte1,780,2977,1.9108871905884568
megabyte1,781,2977,1.9357794299396365
megabyte1,782,2977,1.9038895234430562
megabyte1,783,2977,1.927644446747472
megabyte1,784,2977,1.9386793783057805
megabyte1,785,2977,1.9330492750045474
megabyte1,786,2977,1.9106696106100547
megabyte1,787,2977,1.9201958784129662
megabyte1,788,2977,1.9189939844876598
megabyte1,789,2977,1.9230094348419262
megabyte1,790,2977,1.927025448687332
megabyte1,791,2977,1.9132702465140663
megabyte1,792,2977,1.9031178542019578
megabyte1,793,2977,1.9295366855527796
megabyte1,794,2977,1.9178890859996627
megabyte1,795,2977,1.9189666188079557
megabyte1,796,2977,1.930991262808157
megabyte1,797,2977,1.9190887410167403
megabyte1,798,2977,1.914652169932044
megabyte1,799,2977,1.942110883657028
megabyte1,800,2977,1.9332964176053684
megabyte1,801,2977,1.9156721872413642
megabyte1,802,2977,1.9205666549421214
megabyte1,803,2977,1.919967174690203
megabyte1,804,2977,1.9309327494269215
megabyte1,805,2977,1.9114451839253532
megabyte1,806,2977,1.9059982632966022
megabyte1,807,2977,1.9208735067811555
megabyte1,808,2977,1.9356127999395103
megabyte1,809,2977,1.916005225240844
megabyte1,810,2977,1.933791432558469
megabyte1,811,2977,1.9364677277995228
megabyte1,812,2977,1.9207379687421067
megabyte1,813,2977,1.9218061714313317
megabyte1,814,2977,1.9330184060052853
megabyte1,815,2977,1.9192687301456348
megabyte1,816,2977,1.9225344774824764
megabyte1,817,2977,1.9121388367129766
megabyte1,818,2977,1.9290127316937176
megabyte1,819,2977,1.925495233558191
megabyte1,820,2977,1.9269493956432913
megabyte1,821,2977,1.9049991278348852
megabyte1,822,2977,1.9310763675893439
megabyte1,823,2977,1.9223449214977588
megabyte1,824,2977,1.9265432301727285
megabyte1,825,2977,1.9317791406684648
megabyte1,826,2977,1.9179652108015293
megabyte1,827,2977,1.897733491981514
megabyte1,828,2977,1.919351523299725
megabyte1,829,2977,1.9274361392255994
megabyte1,830,2977,1.9394132071467185
megabyte1,831,2977,1.9049849697596122
megabyte1,832,2977,1.9153343049479603
megabyte1,833,2977,1.9085950354901904
megabyte1,834,2977,1.907128472115155
megabyte1,835,2977,1.9224688985181968
megabyte1,836,2977,1.9073783937299815
megabyte1,837,2977,1.9159505611543972
megabyte1,838,2977,1.9131022137125187
megabyte1,839,2977,1.8986171175258688
megabyte1,840,2977,1.9235124674506503
megabyte1,841,2977,1.917392145117778
megabyte1,842,2977,1.9299143213612304
megabyte1,843,2977,1.9042273314158549
megabyte1,844,2977,1.9084806240441858
megabyte1,845,2977,1.938657112877602
megabyte1,846,2977,1.913367368488613
megabyte1,847,2977,1.9160785084808678
megabyte1,848,2977,1.9280134161967417
megabyte1,849,2977,1.9235952606047406
megabyte1,850,2977,1.9155766516273198
megabyte1,851,2977,1.923626938481278
megabyte1,852,2977,1.9253238143638993
megabyte1,853,2977,1.9178328842455243
megabyte1,854,2977,1.9350588711708794
megabyte1,855,2977,1.9291483732049883
megabyte1,856,2977,1.9365938216758167
megabyte1,857,2977,1.903135015854789
megabyte1,858,2977,1.9178992166669728
megabyte1,859,2977,1.9089711285053903
megabyte1,860,2977,1.924919340167624
megabyte1,861,2977,1.919982215643009
megabyte1,862,2977,1.9175217045126323
megabyte1,863,2977,1.9326620912407724
megabyte1,864,2977,1.9222508059838974
megabyte1,865,2977,1.936986131959607
megabyte1,866,2977,1.9390559556863034
megabyte1,867,2977,1.924622156093855
megabyte1,868,2977,1.9296732509460552
megabyte1,869,2977,1.9209506976992883
megabyte1,870,2977,1.9228795480519925
megabyte1,871,2977,1.9210962533230025
megabyte1,872,2977,1.9436160143005556
megabyte1,873,2977,1.93400507610758
megabyte1,874,2977,1.924319855751189
megabyte1,875,2977,1.9349471999768406
megabyte1,876,2977,1.9426319505449987
megabyte1,877,2977,1.940075708708989
megabyte1,878,2977,1.933286093448207
megabyte1,879,2977,1.9019347641906124
megabyte1,880,2977,1.9245924381029298
megabyte1,881,2977,1.9204516194593118
megabyte1,882,2977,1.9052349778682465
megabyte1,883,2977,1.919316433722996
megabyte1,884,2977,1.928945501018059
megabyte1,885,2977,1.9170506899894224
megabyte1,886,2977,1.9229038774786997
megabyte1,887,2977,1.9316800315787739
megabyte1,888,2977,1.9360116417871693
megabyte1,889,2977,1.9312165054972235
megabyte1,890,2977,1.9155993809185854
megabyte1,891,2977,1.9347138166187352
megabyte1,892,2977,1.9009159467426129
megabyte1,893,2977,1.9396934493259972
megabyte1,894,2977,1.8975433347046595
megabyte1,895,2977,1.921208559445659
megabyte1,896,2977,1.9169086280748433
megabyte1,897,2977,1.9203487443651654
megabyte1,898,2977,1.928602386489986
megabyte1,899,2977,1.918288228653564
megabyte1,900,2977,1.9323594545332985
megabyte1,901,2977,1.9242084831209603
megabyte1,902,2977,1.9296872847265232
megabyte1,903,2977,1.9131767829072368
megabyte1,904,2977,1.9148626856087918
megabyte1,905,2977,1.9278267662437882
megabyte1,906,2977,1.9368145884705101
megabyte1,907,2977,1.9118564876086126
megabyte1,908,2977,1.9233192005612365
megabyte1,909,2977,1.924149484733707
megabyte1,910,2977,1.911831103277799
megabyte1,911,2977,1.9174346283133252
megabyte1,912,2977,1.9023930988817916
megabyte1,913,2977,1.9181436994230343
megabyte1,914,2977,1.9119641246673922
megabyte1,915,2977,1.9174741720008017
megabyte1,916,2977,1.9058486636068583
megabyte1,917,2977,1.9303715289099568
megabyte1,918,2977,1.9292205372311584
megabyte1,919,2977,1.9050796683058067
megabyte1,920,2977,1.943996546049826
megabyte1,921,2977,1.936212187931367
megabyte1,922,2977,1.908122646035786
megabyte1,923,2977,1.9120072258131433
megabyte1,924,2977,1.9246200904935888
megabyte1,925,2977,1.9106020855351027
megabyte1,926,2977,1.9323085673431202
megabyte1,927,2977,1.9444495109171125
megabyte1,928,2977,1.9106285081119556
megabyte1,929,2977,1.9312370948676179
megabyte1,930,2977,1.9137952072251192
megabyte1,931,2977,1.9365908283493765
megabyte1,932,2977,1.9156204258230336
megabyte1,933,2977,1.931783546086402
megabyte1,934,2977,1.9285939562268652
megabyte1,935,2977,1.9246094011403507
megabyte1,936,2977,1.9199842633038189
megabyte1,937,2977,1.901387833251543
megabyte1,938,2977,1.9264327905544067
megabyte1,939,2977,1.9268575007778548
megabyte1,940,2977,1.9188015559474854
megabyte1,941,2977,1.9294517614475464
megabyte1,942,2977,1.914696472701027
megabyte1,943,2977,1.9150637471920138
megabyte1,944,2977,1.9223231071187699
megabyte1,945,2977,1.916225908745204
megabyte1,946,2977,1.9188354435806352
megabyte1,947,2977,1.9218865017543354
megabyte1,948,2977,1.915267436905599
megabyte1,949,2977,1.930959571477027
megabyte1,950,2977,1.9217313638981213
megabyte1,951,2977,1.904339324879414
megabyte1,952,2977,1.9167572216255615
megabyte1,953,2977,1.9440943109616762
megabyte1,954,2977,1.9277169173461381
megabyte1,955,2977,1.9248363916450273
megabyte1,956,2977,1.9116674646820284
megabyte1,957,2977,1.8932732943123844
megabyte1,958,2977,1.924101086643105
megabyte1,959,2977,1.9323512504354674
megabyte1,960,2977,1.942538793510665
megabyte1,961,2977,1.9214540480926687
megabyte1,962,2977,1.9419391441153007
megabyte1,963,2977,1.9365133042699105
megabyte1,964,2977,1.9281809566242807
megabyte1,965,2977,1.9215389436869803
megabyte1,966,2977,1.9122091388798497
megabyte1,967,2977,1.9291250217990024
megabyte1,968,2977,1.922799925056127
megabyte1,969,2977,1.9177880506608405
megabyte1,970,2977,1.9043515557445132
megabyte1,971,2977,1.9220176981245867
megabyte1,972,2977,1.9350223252947074
megabyte1,973,2977,1.9293871281488975
megabyte1,974,2977,1.9087664335415513
megabyte1,975,2977,1.912389121922143
megabyte1,976,2977,1.9086864517565578
megabyte1,977,2977,1.9113433153628503
megabyte1,978,2977,1.9144138416909195
megabyte1,979,2977,1.9108888346114974
megabyte1,980,2977,1.901366189938085
megabyte1,981,2977,1.9183837152544507
megabyte1,982,2977,1.932122993757551
megabyte1,983,2977,1.918277549551444
megabyte1,984,2977,1.9173993361168433
megabyte1,985,2977,1.917898131009513
megabyte1,986,2977,1.89792458979844
megabyte1,987,2977,1.9095789019117269
megabyte1,988,2977,1.9203446227750565
megabyte1,989,2977,1.9056674699716052
megabyte1,990,2977,1.9318861213353484
megabyte1,991,2977,1.9140486366443679
megabyte1,992,2977,1.9338372191767745
megabyte1,993,2977,1.917329468501267
megabyte1,994,2977,1.915905692011148
megabyte1,995,2977,1.910155622119026
megabyte1,996,2977,1.9033532089781833
megabyte1,997,2977,1.9303231769493854
megabyte1,998,2977,1.9070767014067487
megabyte1,999,2977,1.908018302468994
megabyte1,1000,2977,1.9230835363293879
megabyte1,1001,2977,1.92255111536725
megabyte1,1002,2977,1.9202671619642089
megabyte1,1003,2977,1.9185103751846637
megabyte1,1004,2977,1.9056236672649698
megabyte1,1005,2977,1.9194559411871221
megabyte1,1006,2977,1.9127301250402664
megabyte1,1007,2977,1.93241994605995
megabyte1,1008,2977,1.9206911009512053
megabyte1,1009,2977,1.9186500341731267
megabyte1,1010,2977,1.9020291393460704
megabyte1,1011,2977,1.9082256851478194
megabyte1,1012,2977,1.9189392784356991
megabyte1,1013,2977,1.9338901892659806
megabyte1,1014,2977,1.9191486382988983
megabyte1,1015,2977,1.90807446706283
megabyte1,1016,2977,1.9055972959437064
megabyte1,1017,2977,1.921484759160645
megabyte1,1018,2977,1.919672173944383
megabyte1,1019,2977,1.93290986140222
megabyte1,1020,2977,1.9181657867380386
megabyte1,1021,2977,1.9188874193114005
megabyte1,1022,2977,1.9252853701088226
megabyte1,1023,2977,1.896769653361317
megabyte1,1024,2977,1.9233667141725683
megabyte1,1025,2977,1.9146677894323194
megabyte1,1026,2977,1.9153768509316051
megabyte1,1027,2977,1.9202391294813173
megabyte1,1028,2977,1.923399838738126
megabyte1,1029,2977,1.91951708654289
megabyte1,1030,2977,1.909630508602246
megabyte1,1031,2977,1.9183915881130333
megabyte1,1032,2977,1.9160451635963611
megabyte1,1033,2977,1.9070410905446549
megabyte1,1034,2977,1.9218324402414155
megabyte1,1035,2977,1.9130432492820937
megabyte1,1036,2977,1.9300274386035943
megabyte1,1037,2977,1.909733320908295
megabyte1,1038,2977,1.9247698067897994
megabyte1,1039,2977,1.9110423463841273
megabyte1,1040,2977,1.9260161659002384
megabyte1,1041,2977,1.9116132593331099
megabyte1,1042,2977,1.9188094018968833
megabyte1,1043,2977,1.9194226023091299
megabyte1,1044,2977,1.9312241076622227
megabyte1,1045,2977,1.9037355391579585
megabyte1,1046,2977,1.9173101057412043
megabyte1,1047,2977,1.905052907762409
megabyte1,1048,2977,1.9320010543069785
megabyte1,1049,2977,1.9181549923108414
megabyte1,1050,2977,1.907365281268739
megabyte1,1051,2977,1.9059952084634542
megabyte1,1052,2977,1.9165356430704656
megabyte1,1053,2977,1.918042107640716
megabyte1,1054,2977,1.9214400915159329
megabyte1,1055,2977,1.9103710721073273
megabyte1,1056,2977,1.9311520157142257
megabyte1,1057,2977,1.9237808878485052
megabyte1,1058,2977,1.9387095499086748
megabyte1,1059,2977,1.933568916666776
megabyte1,1060,2977,1.9186989986379954
megabyte1,1061,2977,1.901096680999643
megabyte1,1062,2977,1.912911071367299
megabyte1,1063,2977,1.9187672867805396
megabyte1,1064,2977,1.920564604718532
megabyte1,1065,2977,1.9107098661095334
megabyte1,1066,2977,1.9285010740506316
megabyte1,1067,2977,1.9209397584750503
megabyte1,1068,2977,1.9270231191207787
megabyte1,1069,2977,1.9309451366215693
megabyte1,1070,2977,1.913652117635966
megabyte1,1071,2977,1.9275973611203143
megabyte1,1072,2977,1.9091132910090642
megabyte1,1073,2977,1.9269144034521828
megabyte1,1074,2977,1.9123545074206614
megabyte1,1075,2977,1.9402685553025671
megabyte1,1076,2977,1.9309001073046022
megabyte1,1077,2977,1.9119568486160827
megabyte1,1078,2977,1.9108548688135734
megabyte1,1079,2977,1.9241316163944324
megabyte1,1080,2977,1.9017673225902574
megabyte1,1081,2977,1.92096296572469
megabyte1,1082,2977,1.9124611920865142
megabyte1,1083,2977,1.9221201674186186
megabyte1,1084,2977,1.9300400154439243
megabyte1,1085,2977,1.9369462397341204
megabyte1,1086,2977,1.9134002073042577
megabyte1,1087,2977,1.9064723057437751
megabyte1,1088,2977,1.9375079676814235
megabyte1,1089,2977,1.9098319472344
megabyte1,1090,2977,1.9232820043797696
megabyte1,1091,2977,1.9066186507035712
megabyte1,1092,2977,1.9159122706660898
megabyte1,1093,2977,1.9298691679096318
megabyte1,1094,2977,1.9097135910300709
megabyte1,1095,2977,1.9155459235809296
megabyte1,1096,2977,1.9216714717415222
megabyte1,1097,2977,1.920232745277269
megabyte1,1098,2977,1.9229819298110875
megabyte1,1099,2977,1.9332054094616342
megabyte1,1100,2977,1.9206573081408966
megabyte1,1101,2977,1.9151660992388841
megabyte1,1102,2977,1.9078701760571075
megabyte1,1103,2977,1.9022600342452947
megabyte1,1104,2977,1.927313871579079
megabyte1,1105,2977,1.9102925155480757
megabyte1,1106,2977,1.9142150548948391
megabyte1,1107,2977,1.9237810710872385
megabyte1,1108,2977,1.921826935070731
megabyte1,1109,2977,1.9161869660295172
megabyte1,1110,2977,1.9273573132541542
megabyte1,1111,2977,1.918055356569966
megabyte1,1112,2977,1.9260880467392751
megabyte1,1113,2977,1.9256862882883867
megabyte1,1114,2977,1.9141051110141742
megabyte1,1115,2977,1.9120230490543877
megabyte1,1116,2977,1.9238768194119802
megabyte1,1117,2977,1.905788168556385
megabyte1,1118,2977,1.9016804052832785
megabyte1,1119,2977,1.9022390335487926
megabyte1,1120,2977,1.9245622908464406
megabyte1,1121,2977,1.9195979685041782
megabyte1,1122,2977,1.912419002329218
megabyte1,1123,2977,1.9177232133008748
megabyte1,1124,2977,1.9365778529968365
megabyte1,1125,2977,1.9339182991127781
megabyte1,1126,2977,1.916944676771795
megabyte1,1127,2977,1.9195404155245555
megabyte1,1128,2977,1.9254056490384615
megabyte1,1129,2977,1.9171595805677184
megabyte1,1130,2977,1.9155495233250657
megabyte1,1131,2977,1.9269822594460362
megabyte1,1132,2977,1.9383115810077785
megabyte1,1133,2977,1.9207274052854109
megabyte1,1134,2977,1.9136502090059433
megabyte1,1135,2977,1.914263456509263
megabyte1,1136,2977,1.911598851386837
megabyte1,1137,2977,1.9186456992316254
megabyte1,1138,2977,1.9346379519389867
megabyte1,1139,2977,1.9174402910949482
megabyte1,1140,2977,1.920305148923321
megabyte1,1141,2977,1.9334486095465626
megabyte1,1142,2977,1.8968619851806559
megabyte1,1143,2977,1.913274547178392
megabyte1,1144,2977,1.9129417760283265
megabyte1,1145,2977,1.9130924110809828
megabyte1,1146,2977,1.9331809041641845
megabyte1,1147,2977,1.9226072783593489
megabyte1,1148,2977,1.9099486443593592
megabyte1,1149,2977,1.9135363459947488
megabyte1,1150,2977,1.9199111728328644
megabyte1,1151,2977,1.9110495119155715
megabyte1,1152,2977,1.9393181382788882
megabyte1,1153,2977,1.9278779316557146
megabyte1,1154,2977,1.925568354782499
megabyte1,1155,2977,1.9271318962960824
megabyte1,1156,2977,1.9353275933360188
megabyte1,1157,2977,1.9356086302972857
megabyte1,1158,2977,1.9211980616601874
megabyte1,1159,2977,1.9174244399834768
megabyte1,1160,2977,1.9052200451928736
megabyte1,1161,2977,1.9209455823914332
megabyte1,1162,2977,1.9107807769365346
megabyte1,1163,2977,1.8981279015020511
megabyte1,1164,2977,1.9104686195032685
megabyte1,1165,2977,1.9184657754536079
megabyte1,1166,2977,1.9115466245036818
megabyte1,1167,2977,1.8993733271200623
megabyte1,1168,2977,1.9089246806899773
megabyte1,1169,2977,1.9003606968611568
megabyte1,1170,2977,1.9215066773322032
megabyte1,1171,2977,1.919659548891764
megabyte1,1172,2977,1.9150930166965288
megabyte1,1173,2977,1.9129056355518346
megabyte1,1174,2977,1.9093899943102195
megabyte1,1175,2977,1.9094212884105288
megabyte1,1176,2977,1.9040002851707245
megabyte1,1177,2977,1.9012245226915467
megabyte1,1178,2977,1.9018421205130447
megabyte1,1179,2977,1.912296652673754
megabyte1,1180,2977,1.9324389705331204
megabyte1,1181,2977,1.9154047224399104
megabyte1,1182,2977,1.9120658823896823
megabyte1,1183,2977,1.9021315553823412
megabyte1,1184,2977,1.9181137834573938
megabyte1,1185,2977,1.9130550162841058
megabyte1,1186,2977,1.9074902323055556
megabyte1,1187,2977,1.9119418587586925
megabyte1,1188,2977,1.9051584410995777
megabyte1,1189,2977,1.922769736154471
megabyte1,1190,2977,1.9164542722589906
megabyte1,1191,2977,1.9192981752005447
megabyte1,1192,2977,1.922905885736775
megabyte1,1193,2977,1.9201171485457518
megabyte1,1194,2977,1.9332870147674326
megabyte1,1195,2977,1.9173068084050475
megabyte1,1196,2977,1.9356961130174888
megabyte1,1197,2977,1.9139901322328607
megabyte1,1198,2977,1.920577032917652
megabyte1,1199,2977,1.9121817376415802
megabyte1,1200,2977,1.9016746121202495
megabyte1,1201,2977,1.9225852897113547
megabyte1,1202,2977,1.9238166110724622
megabyte1,1203,2977,1.891197098234495
megabyte1,1204,2977,1.9132624873788235
megabyte1,1205,2977,1.9172115364369426
megabyte1,1206,2977,1.9274688223523904
megabyte1,1207,2977,1.909661760416694
megabyte1,1208,2977,1.9068147456201483
megabyte1,1209,2977,1.9112434310323647
megabyte1,1210,2977,1.9264541628539342
megabyte1,1211,2977,1.902938401975366
megabyte1,1212,2977,1.9105880885945898
megabyte1,1213,2977,1.9107406418876918
megabyte1,1214,2977,1.910096662173465
megabyte1,1215,2977,1.9143209614367704
megabyte1,1216,2977,1.9039202796800208
megabyte1,1217,2977,1.9029292195364658
megabyte1,1218,2977,1.9253832435383667
megabyte1,1219,2977,1.897858019679194
megabyte1,1220,2977,1.8974306294290981
megabyte1,1221,2977,1.934398051432647
megabyte1,1222,2977,1.914966824153225
megabyte1,1223,2977,1.9188548604794144
megabyte1,1224,2977,1.912835147423275
megabyte1,1225,2977,1.913675608072739
megabyte1,1226,2977,1.9222115890508056
megabyte1,1227,2977,1.9207940503659566
megabyte1,1228,2977,1.9018766065552044
megabyte1,1229,2977,1.9190580799229642
megabyte1,1230,2977,1.9073354050261806
megabyte1,1231,2977,1.9028345978736556
megabyte1,1232,2977,1.920277729745595
megabyte1,1233,2977,1.918955358595587
megabyte1,1234,2977,1.9145176598879168
megabyte1,1235,2977,1.9099162802986143
megabyte1,1236,2977,1.9138902709673906
megabyte1,1237,2977,1.902812597693154
megabyte1,1238,2977,1.9173008880640863
megabyte1,1239,2977,1.911669537970633
megabyte1,1240,2977,1.913165527179732
megabyte1,1241,2977,1.8999928764981393
megabyte1,1242,2977,1.9280205298319013
megabyte1,1243,2977,1.924372296626431
megabyte1,1244,2977,1.9288601040800106
megabyte1,1245,2977,1.9279176707551269
megabyte1,1246,2977,1.893872259445626
megabyte1,1247,2977,1.9007654129197464
megabyte1,1248,2977,1.9420003227872018
megabyte1,1249,2977,1.9320646112382431
megabyte1,1250,2977,1.9329504718466577
megabyte1,1251,2977,1.9420518859104698
megabyte1,1252,2977,1.927542002520627
megabyte1,1253,2977,1.9199074503956604
megabyte1,1254,2977,1.9056702531501275
megabyte1,1255,2977,1.9198618995530676
megabyte1,1256,2977,1.943240918206576
megabyte1,1257,2977,1.91058444432216
megabyte1,1258,2977,1.9244964325391969
megabyte1,1259,2977,1.940601708947471
megabyte1,1260,2977,1.926175874313493
megabyte1,1261,2977,1.935596607978367
megabyte1,1262,2977,1.9150238575293068
megabyte1,1263,2977,1.9262070609372375
megabyte1,1264,2977,1.906618347014202
megabyte1,1265,2977,1.9266216597142218
megabyte1,1266,2977,1.8999201582709053
megabyte1,1267,2977,1.9090068036772319
megabyte1,1268,2977,1.9163317829320445
megabyte1,1269,2977,1.9101425589912884
megabyte1,1270,2977,1.9124548677874365
megabyte1,1271,2977,1.904078652244468
megabyte1,1272,2977,1.9143152925685463
megabyte1,1273,2977,1.8995918963313463
megabyte1,1274,2977,1.9098915840740929
megabyte1,1275,2977,1.9012418759121446
megabyte1,1276,2977,1.9137778219697776
megabyte1,1277,2977,1.9145707914322305
megabyte1,1278,2977,1.9132711828896212
megabyte1,1279,2977,1.901597389167373
megabyte1,1280,2977,1.9160096178448838
megabyte1,1281,2977,1.9264560561072799
megabyte1,1282,2977,1.9020311870068802
megabyte1,1283,2977,1.9086727979081486
megabyte1,1284,2977,1.9072363568025024
megabyte1,1285,2977,1.9146839653760905
megabyte1,1286,2977,1.9188898283241178
megabyte1,1287,2977,1.918284785559324
megabyte1,1288,2977,1.9080964288016393
megabyte1,1289,2977,1.9060103903691321
megabyte1,1290,2977,1.9012927310675793
megabyte1,1291,2977,1.9172888932950471
megabyte1,1292,2977,1.9024917088701776
megabyte1,1293,2977,1.9102238936035034
megabyte1,1294,2977,1.9071661295969293
megabyte1,1295,2977,1.9135933447733076
megabyte1,1296,2977,1.9153810615783016
megabyte1,1297,2977,1.8895328587079392
megabyte1,1298,2977,1.900386413071914
megabyte1,1299,2977,1.9003854430598783
megabyte1,1300,2977,1.9081250556891982
megabyte1,1301,2977,1.9197898662286514
megabyte1,1302,2977,1.914982511887504
megabyte1,1303,2977,1.903953206270863
megabyte1,1304,2977,1.8995766836723145
megabyte1,1305,2977,1.9086951655271591
megabyte1,1306,2977,1.917089339907553
megabyte1,1307,2977,1.9251546702770967
megabyte1,1308,2977,1.905928933143936
megabyte1,1309,2977,1.9122594667434052
megabyte1,1310,2977,1.911778657917693
megabyte1,1311,2977,1.8981967768414452
megabyte1,1312,2977,1.9054889140771385
megabyte1,1313,2977,1.941021397564689
megabyte1,1314,2977,1.904010207772375
megabyte1,1315,2977,1.9026859271914758
megabyte1,1316,2977,1.904125297554075
megabyte1,1317,2977,1.9189754443798124
megabyte1,1318,2977,1.9193980018684917
megabyte1,1319,2977,1.912006353827423
megabyte1,1320,2977,1.9243173512749356
megabyte1,1321,2977,1.9031738272280272
megabyte1,1322,2977,1.904887439342085
megabyte1,1323,2977,1.9224779476925635
megabyte1,1324,2977,1.9157719969308973
megabyte1,1325,2977,1.9160653044803455
megabyte1,1326,2977,1.9228156409809802
megabyte1,1327,2977,1.9058069915310185
megabyte1,1328,2977,1.9063780031470112
megabyte1,1329,2977,1.9222474948728008
megabyte1,1330,2977,1.9275695914824937
megabyte1,1331,2977,1.9307894311096991
megabyte1,1332,2977,1.9035742634448742
megabyte1,1333,2977,1.9044410672250274
megabyte1,1334,2977,1.922048883306768
megabyte1,1335,2977,1.901765773390058
megabyte1,1336,2977,1.9028902242837995
megabyte1,1337,2977,1.9196939106391187
megabyte1,1338,2977,1.9169822194891004
megabyte1,1339,2977,1.8952918624493513
megabyte1,1340,2977,1.9233873820280845
megabyte1,1341,2977,1.8908544046429527
megabyte1,1342,2977,1.9178360960489158
megabyte1,1343,2977,1.9108656597169487
megabyte1,1344,2977,1.9268768894860597
megabyte1,1345,2977,1.924146729745759
megabyte1,1346,2977,1.9502356609002351
megabyte1,1347,2977,1.9260692397820136
megabyte1,1348,2977,1.9267117439759511
megabyte1,1349,2977,1.9230747517620033
megabyte1,1350,2977,1.9292083140543974
megabyte1,1351,2977,1.9155033279434321
megabyte1,1352,2977,1.9202609409771791
megabyte1,1353,2977,1.9025756072229214
megabyte1,1354,2977,1.9133276460472672
megabyte1,1355,2977,1.9161998196500318
megabyte1,1356,2977,1.908807307952276
megabyte1,1357,2977,1.9084154717826907
megabyte1,1358,2977,1.9207511928444305
megabyte1,1359,2977,1.9150912240322782
megabyte1,1360,2977,1.9170582553144666
megabyte1,1361,2977,1.9092922140216924
megabyte1,1362,2977,1.915017842685852
megabyte1,1363,2977,1.9246946423895455
megabyte1,1364,2977,1.9175058915225058
megabyte1,1365,2977,1.9117862456670576
megabyte1,1366,2977,1.9105735217559887
megabyte1,1367,2977,1.9126411613538676
megabyte1,1368,2977,1.9013806600317604
megabyte1,1369,2977,1.9301658466353206
megabyte1,1370,2977,1.922088857541198
megabyte1,1371,2977,1.915554876971413
megabyte1,1372,2977,1.92072498922505
megabyte1,1373,2977,1.9183708690019274
megabyte1,1374,2977,1.9046803744479157
megabyte1,1375,2977,1.909714171179277
megabyte1,1376,2977,1.919569398638463
megabyte1,1377,2977,1.9166710199747543
megabyte1,1378,2977,1.9160753134156299
megabyte1,1379,2977,1.9182640616430064
megabyte1,1380,2977,1.9011757478723599
megabyte1,1381,2977,1.9097928017387864
megabyte1,1382,2977,1.9095312521527348
megabyte1,1383,2977,1.8917383133744408
megabyte1,1384,2977,1.9202199435530392
megabyte1,1385,2977,1.9114101411193498
megabyte1,1386,2977,1.9153330184326582
megabyte1,1387,2977,1.9184447645059879
megabyte1,1388,2977,1.9192770514906274
megabyte1,1389,2977,1.9031408782128645
megabyte1,1390,2977,1.9058574257499226
megabyte1,1391,2977,1.9096224871024534
megabyte1,1392,2977,1.903347426706967
megabyte1,1393,2977,1.9084468677534847
megabyte1,1394,2977,1.9084264680287724
megabyte1,1395,2977,1.8988519578241125
megabyte1,1396,2977,1.9182187235111112
megabyte1,1397,2977,1.9195872900427529
megabyte1,1398,2977,1.9108144877378996
megabyte1,1399,2977,1.894244724846463
megabyte1,1400,2977,1.9258814857516227
megabyte1,1401,2977,1.912262226856912
megabyte1,1402,2977,1.9107866200737638
megabyte1,1403,2977,1.9402520791932485
megabyte1,1404,2977,1.9001286269275381
megabyte1,1405,2977,1.9239405912963745
megabyte1,1406,2977,1.91846511553789
megabyte1,1407,2977,1.9290236747621248
megabyte1,1408,2977,1.913400116325586
megabyte1,1409,2977,1.915535407535654
megabyte1,1410,2977,1.911356346455844
megabyte1,1411,2977,1.9145180955604295
megabyte1,1412,2977,1.908269340174287
megabyte1,1413,2977,1.9098031483202682
megabyte1,1414,2977,1.9225705043958023
megabyte1,1415,2977,1.929356073027775
megabyte1,1416,2977,1.9178339080759292
megabyte1,1417,2977,1.9122807839431737
megabyte1,1418,2977,1.9242493562502951
megabyte1,1419,2977,1.9197548964618636
megabyte1,1420,2977,1.9095693683720372
megabyte1,1421,2977,1.9070687119416996
megabyte1,1422,2977,1.9210819530134677
megabyte1,1423,2977,1.9077529337008128
megabyte1,1424,2977,1.9087005528099872
megabyte1,1425,2977,1.9237931712505838
megabyte1,1426,2977,1.906515120819266
megabyte1,1427,2977,1.9191515624302924
megabyte1,1428,2977,1.9069033066298202
megabyte1,1429,2977,1.9068747185043011
megabyte1,1430,2977,1.9319609237429998
megabyte1,1431,2977,1.9215963618003324
megabyte1,1432,2977,1.9115667974224098
megabyte1,1433,2977,1.90655657377746
megabyte1,1434,2977,1.9056279980419544
megabyte1,1435,2977,1.902927261572938
megabyte1,1436,2977,1.9321486575915023
megabyte1,1437,2977,1.9135218893556656
megabyte1,1438,2977,1.926680188472134
megabyte1,1439,2977,1.9199771283655547
megabyte1,1440,2977,1.932662128401075
megabyte1,1441,2977,1.9424500598337253
megabyte1,1442,2977,1.9402223688906617
megabyte1,1443,2977,1.9152075191212052
megabyte1,1444,2977,1.919535218207757
megabyte1,1445,2977,1.922247059200288
megabyte1,1446,2977,1.9287920754188894
megabyte1,1447,2977,1.9070500584308598
megabyte1,1448,2977,1.929908119434873
megabyte1,1449,2977,1.9095582696147761
megabyte1,1450,2977,1.9038736883489566
megabyte1,1451,2977,1.9228203580969727
megabyte1,1452,2977,1.9237434071985153
megabyte1,1453,2977,1.9193446729901575
megabyte1,1454,2977,1.9204852674725794
megabyte1,1455,2977,1.9023254466289075
megabyte1,1456,2977,1.8997855527632421
megabyte1,1457,2977,1.9167707249106758
megabyte1,1458,2977,1.9113264061437985
megabyte1,1459,2977,1.8915298456788503
megabyte1,1460,2977,1.9130943203517004
megabyte1,1461,2977,1.9084309945380404
megabyte1,1462,2977,1.9281107752283908
megabyte1,1463,2977,1.9183607489060828
megabyte1,1464,2977,1.9168840173830872
megabyte1,1465,2977,1.901438667264047
megabyte1,1466,2977,1.9023873595371317
megabyte1,1467,2977,1.8959838612831637
megabyte1,1468,2977,1.9095941517310613
megabyte1,1469,2977,1.9182008237777879
megabyte1,1470,2977,1.8996886925125507
megabyte1,1471,2977,1.8988018785501672
megabyte1,1472,2977,1.9146803938225287
megabyte1,1473,2977,1.9297810427326463
megabyte1,1474,2977,1.9218728652046877
megabyte1,1475,2977,1.9225355327069298
megabyte1,1476,2977,1.8966027786157498
megabyte1,1477,2977,1.920412116776307
megabyte1,1478,2977,1.9152633467095388
megabyte1,1479,2977,1.9121967683432683
megabyte1,1480,2977,1.9047277445435964
megabyte1,1481,2977,1.9090670445320148
megabyte1,1482,2977,1.9183776667745152
megabyte1,1483,2977,1.9161455518333632
megabyte1,1484,2977,1.914543999494784
megabyte1,1485,2977,1.911237605834592
megabyte1,1486,2977,1.886874012791714
megabyte1,1487,2977,1.9188261121801775
megabyte1,1488,2977,1.915657555692581
megabyte1,1489,2977,1.9085967679291234
megabyte1,1490,2977,1.911621721630974
megabyte1,1491,2977,1.9079242779338044
megabyte1,1492,2977,1.915478330592321
megabyte1,1493,2977,1.910610489850081
megabyte1,1494,2977,1.8981607492874244
megabyte1,1495,2977,1.9120702862058825
megabyte1,1496,2977,1.9025179100869525
megabyte1,1497,2977,1.9289606813219997
megabyte1,1498,2977,1.9133925796716373
megabyte1,1499,2977,1.921429593410114
megabyte1,1500,2977,1.9066469615683845
megabyte1,1501,2977,1.919935671403018
megabyte1,1502,2977,1.9207051565152988
megabyte1,1503,2977,1.921321066185897
megabyte1,1504,2977,1.9068566746146318
megabyte1,1505,2977,1.903564547947841
megabyte1,1506,2977,1.9171515119768527
megabyte1,1507,2977,1.9122311717357898
megabyte1,1508,2977,1.908581223390148
megabyte1,1509,2977,1.9239057346122315
megabyte1,1510,2977,1.903138719071147
megabyte1,1511,2977,1.915889921306883
megabyte1,1512,2977,1.9183084651612579
megabyte1,1513,2977,1.913536404938677
megabyte1,1514,2977,1.9087887072987633
megabyte1,1515,2977,1.9025830078893833
megabyte1,1516,2977,1.9165360230025246
megabyte1,1517,2977,1.9018835619387309
megabyte1,1518,2977,1.929891151271893
megabyte1,1519,2977,1.9152709184415315
megabyte1,1520,2977,1.9164652800375799
megabyte1,1521,2977,1.9075205286837762
megabyte1,1522,2977,1.9251496824675212
megabyte1,1523,2977,1.9192139609852292
megabyte1,1524,2977,1.9114340627437716
megabyte1,1525,2977,1.900475956907519
megabyte1,1526,2977,1.912428005373554
megabyte1,1527,2977,1.9117037055874415
megabyte1,1528,2977,1.8981073422443158
megabyte1,1529,2977,1.9041313578868657
megabyte1,1530,2977,1.9016200979564026
megabyte1,1531,2977,1.9043733701235022
megabyte1,1532,2977,1.9221175046106453
megabyte1,1533,2977,1.9180370922812608
megabyte1,1534,2977,1.9114803048961309
megabyte1,1535,2977,1.9017776224010137
megabyte1,1536,2977,1.9294430313392257
megabyte1,1537,2977,1.9288539610975814
megabyte1,1538,2977,1.9218060304784599
megabyte1,1539,2977,1.9214205474392216
megabyte1,1540,2977,1.9261867944770585
megabyte1,1541,2977,1.9077779086276032
megabyte1,1542,2977,1.9266672611717093
megabyte1,1543,2977,1.9357302272964494
megabyte1,1544,2977,1.896098620306136
megabyte1,1545,2977,1.9110915133085753
megabyte1,1546,2977,1.9064477466279564
megabyte1,1547,2977,1.913921875164018
megabyte1,1548,2977,1.9239205106377082
megabyte1,1549,2977,1.9203050866157447
megabyte1,1550,2977,1.9142809051933967
megabyte1,1551,2977,1.9010315082359122
megabyte1,1552,2977,1.9121173119280697
megabyte1,1553,2977,1.9258266397078325
megabyte1,1554,2977,1.9078143808238652
megabyte1,1555,2977,1.9076894286658326
megabyte1,1556,2977,1.9125146606363304
megabyte1,1557,2977,1.908601022143071
megabyte1,1558,2977,1.91235975343027
megabyte1,1559,2977,1.9275944760713075
megabyte1,1560,2977,1.9311689198077187
megabyte1,1561,2977,1.9122923049183551
megabyte1,1562,2977,1.9116646302479163
megabyte1,1563,2977,1.911920994049677
megabyte1,1564,2977,1.9250244458409655
megabyte1,1565,2977,1.9238400367990531
megabyte1,1566,2977,1.8852892187885442
megabyte1,1567,2977,1.9248712287879768
megabyte1,1568,2977,1.9152715540108443
megabyte1,1569,2977,1.8927573388880998
megabyte1,1570,2977,1.8991183725266718
megabyte1,1571,2977,1.894509775189293
megabyte1,1572,2977,1.9001104286304047
megabyte1,1573,2977,1.9069631369593643
megabyte1,1574,2977,1.9035753334053098
megabyte1,1575,2977,1.9112142986365521
megabyte1,1576,2977,1.9074533800170612
megabyte1,1577,2977,1.9172630040966747
megabyte1,1578,2977,1.9167366553201826
megabyte1,1579,2977,1.9174906737379152
megabyte1,1580,2977,1.8995245176551725
megabyte1,1581,2977,1.9233764914966567
megabyte1,1582,2977,1.8966041804561289
megabyte1,1583,2977,1.902943451932344
megabyte1,1584,2977,1.906789114141288
megabyte1,1585,2977,1.9146033387317087
megabyte1,1586,2977,1.9061883119756757
megabyte1,1587,2977,1.9110722578649038
megabyte1,1588,2977,1.915169178018003
megabyte1,1589,2977,1.9183261090971537
megabyte1,1590,2977,1.9122266638066732
megabyte1,1591,2977,1.9147409702412506
megabyte1,1592,2977,1.9223222921548933
megabyte1,1593,2977,1.9028225204549782
megabyte1,1594,2977,1.9368908119393868
megabyte1,1595,2977,1.9219882056582562
megabyte1,1596,2977,1.904383092668179
megabyte1,1597,2977,1.9268610156299206
megabyte1,1598,2977,1.9170087533066007
megabyte1,1599,2977,1.9141754698825435
megabyte1,1600,2977,1.911673799872919
megabyte1,1601,2977,1.9152942756137714
megabyte1,1602,2977,1.9243743993869995
megabyte1,1603,2977,1.917308467804765
megabyte1,1604,2977,1.9106444825571898
megabyte1,1605,2977,1.9324018294514127
megabyte1,1606,2977,1.9084417992163554
megabyte1,1607,2977,1.8954128820222618
megabyte1,1608,2977,1.9080419607678234
megabyte1,1609,2977,1.904428786385728
megabyte1,1610,2977,1.907652101782612
megabyte1,1611,2977,1.9195987213206522
megabyte1,1612,2977,1.9041332323998863
megabyte1,1613,2977,1.910577518330511
megabyte1,1614,2977,1.9054855267233524
megabyte1,1615,2977,1.9080532241836665
megabyte1,1616,2977,1.907386182657536
megabyte1,1617,2977,1.9064881437210017
megabyte1,1618,2977,1.9005348556667196
megabyte1,1619,2977,1.9122323627875562
megabyte1,1620,2977,1.9113341444564578
megabyte1,1621,2977,1.9114786134616697
megabyte1,1622,2977,1.8862154137019067
megabyte1,1623,2977,1.91792488290353
megabyte1,1624,2977,1.913243725270203
megabyte1,1625,2977,1.918462641174296
megabyte1,1626,2977,1.9168317203438439
megabyte1,1627,2977,1.9051150474766176
megabyte1,1628,2977,1.9173891876702505
megabyte1,1629,2977,1.9133130638319893
megabyte1,1630,2977,1.9183310155384805
megabyte1,1631,2977,1.9162769144639338
megabyte1,1632,2977,1.9256203484527208
megabyte1,1633,2977,1.9497966260208472
megabyte1,1634,2977,1.9321198852662076
megabyte1,1635,2977,1.9020720748721973
megabyte1,1636,2977,1.9134264181314558
megabyte1,1637,2977,1.9124266265981902
megabyte1,1638,2977,1.92667222335349
megabyte1,1639,2977,1.9337709354481363
megabyte1,1640,2977,1.9330455407144882
megabyte1,1641,2977,1.9206194635762197
megabyte1,1642,2977,1.923707377081715
megabyte1,1643,2977,1.9070931698277287
megabyte1,1644,2977,1.90326104886507
megabyte1,1645,2977,1.907818957948028
megabyte1,1646,2977,1.9046329755209659
megabyte1,1647,2977,1.9038204658259712
megabyte1,1648,2977,1.8989156066950912
megabyte1,1649,2977,1.9130920473264694
megabyte1,1650,2977,1.9024505951599182
megabyte1,1651,2977,1.9029505441442687
megabyte1,1652,2977,1.909494788926201
megabyte1,1653,2977,1.9095981483856703
megabyte1,1654,2977,1.910857964651193
megabyte1,1655,2977,1.904463291648734
megabyte1,1656,2977,1.9311088418496067
megabyte1,1657,2977,1.896868681082759
megabyte1,1658,2977,1.9282684044266132
megabyte1,1659,2977,1.9120612690662593
megabyte1,1660,2977,1.9192612519550931
megabyte1,1661,2977,1.9282751214716471
megabyte1,1662,2977,1.9014938086681732
megabyte1,1663,2977,1.920495885708687
megabyte1,1664,2977,1.9038107596190135
megabyte1,1665,2977,1.9224935047250888
megabyte1,1666,2977,1.931813757011944
megabyte1,1667,2977,1.9072313100489986
megabyte1,1668,2977,1.897675329380721
megabyte1,1669,2977,1.9273996734362864
megabyte1,1670,2977,1.9072265061188514
megabyte1,1671,2977,1.9312088696957435
megabyte1,1672,2977,1.9120561345375582
megabyte1,1673,2977,1.923093485359702
megabyte1,1674,2977,1.913816737135585
megabyte1,1675,2977,1.9063137818151645
megabyte1,1676,2977,1.9069299733114196
megabyte1,1677,2977,1.9108787731392334
megabyte1,1678,2977,1.8968617628595354
megabyte1,1679,2977,1.9170196041149463
megabyte1,1680,2977,1.8978745816416256
megabyte1,1681,2977,1.9222525417864784
megabyte1,1682,2977,1.920717061587056
megabyte1,1683,2977,1.9172818113742838
megabyte1,1684,2977,1.897794268297036
megabyte1,1685,2977,1.9104247975757869
megabyte1,1686,2977,1.9018954282484481
megabyte1,1687,2977,1.9309470724010371
megabyte1,1688,2977,1.9080471600067066
megabyte1,1689,2977,1.900546433984092
megabyte1,1690,2977,1.8977788733603131
megabyte1,1691,2977,1.901032088705466
megabyte1,1692,2977,1.904416966526389
megabyte1,1693,2977,1.8962820896895731
megabyte1,1694,2977,1.9089680406764564
megabyte1,1695,2977,1.8998755024790484
megabyte1,1696,2977,1.904721915822002
megabyte1,1697,2977,1.9087054204892744
megabyte1,1698,2977,1.9150963354959638
megabyte1,1699,2977,1.9000456825694583
megabyte1,1700,2977,1.9012157104141088
megabyte1,1701,2977,1.9152825060489798
megabyte1,1702,2977,1.9104095967696102
megabyte1,1703,2977,1.9172615484379265
megabyte1,1704,2977,1.9104622881565472
megabyte1,1705,2977,1.8909731074632075
megabyte1,1706,2977,1.9121416057962117
megabyte1,1707,2977,1.8982952465176541
megabyte1,1708,2977,1.9243298403400682
megabyte1,1709,2977,1.915157364245265
megabyte1,1710,2977,1.9301016928967831
megabyte1,1711,2977,1.904200461954329
megabyte1,1712,2977,1.9043334332095483
megabyte1,1713,2977,1.898300487401704
megabyte1,1714,2977,1.9029491720561578
megabyte1,1715,2977,1.8988042148440165
megabyte1,1716,2977,1.8953366008908468
megabyte1,1717,2977,1.917687912935533
megabyte1,1718,2977,1.9146935874918463
megabyte1,1719,2977,1.9070078113313726
megabyte1,1720,2977,1.9116287369194709
megabyte1,1721,2977,1.920462941819083
megabyte1,1722,2977,1.9083016885380077
megabyte1,1723,2977,1.930998518036883
megabyte1,1724,2977,1.918822657873777
megabyte1,1725,2977,1.889903387928874
megabyte1,1726,2977,1.9251212426628648
megabyte1,1727,2977,1.9155088609843436
megabyte1,1728,2977,1.9379774560694492
megabyte1,1729,2977,1.9262580499979005
megabyte1,1730,2977,1.928799999212714
megabyte1,1731,2977,1.914198399070609
megabyte1,1732,2977,1.9311977151980286
megabyte1,1733,2977,1.9127908270351832
megabyte1,1734,2977,1.9171246261776074
megabyte1,1735,2977,1.9165992698374714
megabyte1,1736,2977,1.9374047081703543
megabyte1,1737,2977,1.896240623917482
megabyte1,1738,2977,1.9126246269413156
megabyte1,1739,2977,1.9218546592192158
megabyte1,1740,2977,1.9272192601673868
megabyte1,1741,2977,1.914628249188578
megabyte1,1742,2977,1.9089522280066775
megabyte1,1743,2977,1.918804458295254
megabyte1,1744,2977,1.9369078153405848
megabyte1,1745,2977,1.9231946751059883
megabyte1,1746,2977,1.919631945193915
megabyte1,1747,2977,1.9023967841586933
megabyte1,1748,2977,1.9065086805544165
megabyte1,1749,2977,1.9412514462661614
megabyte1,1750,2977,1.902653177432418
megabyte1,1751,2977,1.9091171268492606
megabyte1,1752,2977,1.9186500066232473
megabyte1,1753,2977,1.9166086419220534
megabyte1,1754,2977,1.8988294921787865
megabyte1,1755,2977,1.9065221152851795
megabyte1,1756,2977,1.8952898509878018
megabyte1,1757,2977,1.9013915880438381
megabyte1,1758,2977,1.894967922637396
megabyte1,1759,2977,1.9292222831246835
megabyte1,1760,2977,1.9261753080994002
megabyte1,1761,2977,1.9095233581512217
megabyte1,1762,2977,1.9139104912975389
megabyte1,1763,2977,1.9146881897977266
megabyte1,1764,2977,1.9007903711884704
megabyte1,1765,2977,1.889205809603772
megabyte1,1766,2977,1.9141699272312092
megabyte1,1767,2977,1.9157599089407544
megabyte1,1768,2977,1.928176118737305
megabyte1,1769,2977,1.9121410547986222
megabyte1,1770,2977,1.907342453951158
megabyte1,1771,2977,1.9137036006723749
megabyte1,1772,2977,1.9137411716603416
megabyte1,1773,2977,1.9086329281069827
megabyte1,1774,2977,1.9220018191428885
megabyte1,1775,2977,1.9100893973343156
megabyte1,1776,2977,1.910399007524946
megabyte1,1777,2977,1.9221462983992181
megabyte1,1778,2977,1.9104803916308397
megabyte1,1779,2977,1.8984453268887254
megabyte1,1780,2977,1.9131731719509404
megabyte1,1781,2977,1.9167809388683192
megabyte1,1782,2977,1.9247356981169188
megabyte1,1783,2977,1.9115996971040674
megabyte1,1784,2977,1.921764763321779
megabyte1,1785,2977,1.9114980188279413
megabyte1,1786,2977,1.9070357648486214
megabyte1,1787,2977,1.9074790693186336
megabyte1,1788,2977,1.9056840960035237
megabyte1,1789,2977,1.8973022700557383
megabyte1,1790,2977,1.9219657460995316
megabyte1,1791,2977,1.9224139182488311
megabyte1,1792,2977,1.9080707260454746
megabyte1,1793,2977,1.9029946191061813
megabyte1,1794,2977,1.9144825152114289
megabyte1,1795,2977,1.9028886481744154
megabyte1,1796,2977,1.9152419776134857
megabyte1,1797,2977,1.9222758244779392
megabyte1,1798,2977,1.8991039065975128
megabyte1,1799,2977,1.9225022104870044
megabyte1,1800,2977,1.9169146198532827
megabyte1,1801,2977,1.9165724490687557
megabyte1,1802,2977,1.9172294710881366
megabyte1,1803,2977,1.9150003914389389
megabyte1,1804,2977,1.9263620783428157
megabyte1,1805,2977,1.906849985760172
megabyte1,1806,2977,1.8933183095340644
megabyte1,1807,2977,1.9080718677637358
megabyte1,1808,2977,1.9141967774718889
megabyte1,1809,2977,1.9095742376530616
megabyte1,1810,2977,1.9126232814820854
megabyte1,1811,2977,1.8964146725235267
megabyte1,1812,2977,1.9051373564720475
megabyte1,1813,2977,1.9042628323186914
megabyte1,1814,2977,1.889169733356941
megabyte1,1815,2977,1.9250607091706993
megabyte1,1816,2977,1.935106448531351
megabyte1,1817,2977,1.910867979993426
megabyte1,1818,2977,1.918891917630094
megabyte1,1819,2977,1.9219754788953265
megabyte1,1820,2977,1.923413990086103
megabyte1,1821,2977,1.9019509982774432
megabyte1,1822,2977,1.9081596910132632
megabyte1,1823,2977,1.9176149461186889
megabyte1,1824,2977,1.9358399749643098
megabyte1,1825,2977,1.9441959482333306
megabyte1,1826,2977,1.9457241028877645
megabyte1,1827,2977,1.922959245368463
megabyte1,1828,2977,1.9222860493273954
megabyte1,1829,2977,1.9159487569576388
megabyte1,1830,2977,1.9242991228651432
megabyte1,1831,2977,1.9064463832292695
megabyte1,1832,2977,1.925421671535811
megabyte1,1833,2977,1.9162849885007058
megabyte1,1834,2977,1.924389952895703
megabyte1,1835,2977,1.908078963459439
megabyte1,1836,2977,1.9122765758592568
megabyte1,1837,2977,1.9063172627104021
megabyte1,1838,2977,1.923710340936191
megabyte1,1839,2977,1.9250135335259122
megabyte1,1840,2977,1.9145372894973933
megabyte1,1841,2977,1.925001955528887
megabyte1,1842,2977,1.9047011201478588
megabyte1,1843,2977,1.9089844575214994
megabyte1,1844,2977,1.9081848672784172
megabyte1,1845,2977,1.8954246823404073
megabyte1,1846,2977,1.9114082045390135
megabyte1,1847,2977,1.9121252142586163
megabyte1,1848,2977,1.9211512806834412
megabyte1,1849,2977,1.9172051128301597
megabyte1,1850,2977,1.911475233155527
megabyte1,1851,2977,1.9144963196231328
megabyte1,1852,2977,1.9196810326721991
megabyte1,1853,2977,1.9065748992525253
megabyte1,1854,2977,1.9199690094000548
megabyte1,1855,2977,1.9226411454902625
megabyte1,1856,2977,1.8900108061903549
megabyte1,1857,2977,1.8985765954973235
megabyte1,1858,2977,1.9042522249743967
megabyte1,1859,2977,1.9215669481394713
megabyte1,1860,2977,1.9071779004431106
megabyte1,1861,2977,1.912028222665476
megabyte1,1862,2977,1.9192555561776845
megabyte1,1863,2977,1.9103476460603888
megabyte1,1864,2977,1.9251944580693192
megabyte1,1865,2977,1.922994069697515
megabyte1,1866,2977,1.920099020244533
megabyte1,1867,2977,1.9249250471571928
megabyte1,1868,2977,1.8978849378335303
megabyte1,1869,2977,1.9056773091227488
megabyte1,1870,2977,1.9202893596389048
megabyte1,1871,2977,1.927577456012043
megabyte1,1872,2977,1.9240143429644363
megabyte1,1873,2977,1.905581886110828
megabyte1,1874,2977,1.9087795274226427
megabyte1,1875,2977,1.9058244965963007
megabyte1,1876,2977,1.916853110422654
megabyte1,1877,2977,1.903449566603748
megabyte1,1878,2977,1.9146088038589637
megabyte1,1879,2977,1.9280567246072837
megabyte1,1880,2977,1.9014267982313766
megabyte1,1881,2977,1.913196044757857
megabyte1,1882,2977,1.9135652695240333
megabyte1,1883,2977,1.8967131927664502
megabyte1,1884,2977,1.8956026140378952
megabyte1,1885,2977,1.9185720013819327
megabyte1,1886,2977,1.9086835884911766
megabyte1,1887,2977,1.9067645772896158
megabyte1,1888,2977,1.90614799112532
megabyte1,1889,2977,1.9209965157116424
megabyte1,1890,2977,1.9245986079945434
megabyte1,1891,2977,1.9185892950179075
megabyte1,1892,2977,1.9259103690773038
megabyte1,1893,2977,1.9070338414826167
megabyte1,1894,2977,1.903715902500838
megabyte1,1895,2977,1.9143359613851048
megabyte1,1896,2977,1.9045377954925753
megabyte1,1897,2977,1.9058123310820785
megabyte1,1898,2977,1.9176538074661271
megabyte1,1899,2977,1.9121161381750649
megabyte1,1900,2977,1.904142675121078
megabyte1,1901,2977,1.9164535482737854
megabyte1,1902,2977,1.920566023216978
megabyte1,1903,2977,1.9208603802246258
megabyte1,1904,2977,1.9170411827182225
megabyte1,1905,2977,1.9228887279281128
megabyte1,1906,2977,1.9112088738730741
megabyte1,1907,2977,1.906719152663913
megabyte1,1908,2977,1.914250306887718
megabyte1,1909,2977,1.903715398273974
megabyte1,1910,2977,1.9053772140518306
megabyte1,1911,2977,1.919233635443347
megabyte1,1912,2977,1.9107693386109916
megabyte1,1913,2977,1.9278110072322048
megabyte1,1914,2977,1.9171235502907442
megabyte1,1915,2977,1.9025792489325717
megabyte1,1916,2977,1.9125137181741743
megabyte1,1917,2977,1.91675273804285
megabyte1,1918,2977,1.9217943172948169
megabyte1,1919,2977,1.9196150487887607
megabyte1,1920,2977,1.9285866119415518
megabyte1,1921,2977,1.9256899740458095
megabyte1,1922,2977,1.9321790957234632
megabyte1,1923,2977,1.9369418471300806
megabyte1,1924,2977,1.9232074608128464
megabyte1,1925,2977,1.9348047145629514
megabyte1,1926,2977,1.9210760073650592
megabyte1,1927,2977,1.9353928827062163
megabyte1,1928,2977,1.9029641681603229
megabyte1,1929,2977,1.9225886315758052
megabyte1,1930,2977,1.9211843514306297
megabyte1,1931,2977,1.8958121720359835
megabyte1,1932,2977,1.9103815189575564
megabyte1,1933,2977,1.921372674718414
megabyte1,1934,2977,1.9201525097771062
megabyte1,1935,2977,1.905221669354373
megabyte1,1936,2977,1.9161440817589803
megabyte1,1937,2977,1.914182344538516
megabyte1,1938,2977,1.9085986246628612
megabyte1,1939,2977,1.9107265927305468
megabyte1,1940,2977,1.9047073682042468
megabyte1,1941,2977,1.9138070434221774
megabyte1,1942,2977,1.8898494260440066
megabyte1,1943,2977,1.9110985737660606
megabyte1,1944,2977,1.908884832031742
megabyte1,1945,2977,1.926422029443343
megabyte1,1946,2977,1.9176625209163811
megabyte1,1947,2977,1.908254872643391
megabyte1,1948,2977,1.9050902038922757
megabyte1,1949,2977,1.92428002503241
megabyte1,1950,2977,1.909147996809565
megabyte1,1951,2977,1.9007427509014423
megabyte1,1952,2977,1.914779746856792
megabyte1,1953,2977,1.9052109332304095
megabyte1,1954,2977,1.9144601831509838
megabyte1,1955,2977,1.8938652604948485
megabyte1,1956,2977,1.9159282265311726
megabyte1,1957,2977,1.890849307274554
megabyte1,1958,2977,1.9083884037057546
megabyte1,1959,2977,1.9107404535233994
megabyte1,1960,2977,1.9070602470810556
megabyte1,1961,2977,1.8991613224684332
megabyte1,1962,2977,1.914709939146186
megabyte1,1963,2977,1.9073399155180768
megabyte1,1964,2977,1.9199402866485258
megabyte1,1965,2977,1.9040531668440384
megabyte1,1966,2977,1.9192866490998042
megabyte1,1967,2977,1.9032410700768883
megabyte1,1968,2977,1.9132727500292772
megabyte1,1969,2977,1.900609874949585
megabyte1,1970,2977,1.895161593805274
megabyte1,1971,2977,1.9102319647571486
megabyte1,1972,2977,1.8957650860884785
megabyte1,1973,2977,1.919746454666235
megabyte1,1974,2977,1.9306131118810292
megabyte1,1975,2977,1.915582749761108
megabyte1,1976,2977,1.9169509360403434
megabyte1,1977,2977,1.9070010532818666
megabyte1,1978,2977,1.9225916654261959
megabyte1,1979,2977,1.907632380874116
megabyte1,1980,2977,1.9132855514331597
megabyte1,1981,2977,1.9058697312559743
megabyte1,1982,2977,1.9081861081442097
megabyte1,1983,2977,1.926578055302649
megabyte1,1984,2977,1.9298808995132524
megabyte1,1985,2977,1.900792089532116
megabyte1,1986,2977,1.912110687143097
megabyte1,1987,2977,1.9196402359457276
megabyte1,1988,2977,1.9016617264649913
megabyte1,1989,2977,1.9111897097284216
megabyte1,1990,2977,1.912404883977027
megabyte1,1991,2977,1.9205909039616225
megabyte1,1992,2977,1.915048629355823
megabyte1,1993,2977,1.9207313570913789
megabyte1,1994,2977,1.913168576887321
megabyte1,1995,2977,1.903864923002418
megabyte1,1996,2977,1.8941338090316777
megabyte1,1997,2977,1.9181696658251388
megabyte1,1998,2977,1.9132285395203559
megabyte1,1999,2977,1.912171637727624
megabyte1,2000,2977,1.8979881038031483
megabyte1,2001,2977,1.906832125109236
megabyte1,2002,2977,1.9126549221983202
megabyte1,2003,2977,1.915945411249019
megabyte1,2004,2977,1.8956884679515609
megabyte1,2005,2977,1.9003366349245583
megabyte1,2006,2977,1.9235107865876546
megabyte1,2007,2977,1.908784665795513
megabyte1,2008,2977,1.9098615713635265
megabyte1,2009,2977,1.9263432496019286
megabyte1,2010,2977,1.9002211650506258
megabyte1,2011,2977,1.9062772705365156
megabyte1,2012,2977,1.922089191983921
megabyte1,2013,2977,1.9194564486174603
megabyte1,2014,2977,1.9274688108198827
megabyte1,2015,2977,1.9158932779073155
megabyte1,2016,2977,1.9189780340684834
megabyte1,2017,2977,1.92536079014633
megabyte1,2018,2977,1.9314997336349513
megabyte1,2019,2977,1.9315189647322177
megabyte1,2020,2977,1.907925237694722
megabyte1,2021,2977,1.9194247073121307
megabyte1,2022,2977,1.9097381184314937
megabyte1,2023,2977,1.8923001351835427
megabyte1,2024,2977,1.9178309447019741
megabyte1,2025,2977,1.9057307244948904
megabyte1,2026,2977,1.916000129153835
megabyte1,2027,2977,1.9089259947551591
megabyte1,2028,2977,1.9142194036112803
megabyte1,2029,2977,1.909712201042547
megabyte1,2030,2977,1.9094952829019471
megabyte1,2031,2977,1.926730203676592
megabyte1,2032,2977,1.901887776509683
megabyte1,2033,2977,1.8941099235264294
megabyte1,2034,2977,1.9215996017942982
megabyte1,2035,2977,1.8996081212882752
megabyte1,2036,2977,1.9162595926373847
megabyte1,2037,2977,1.917735793344679
megabyte1,2038,2977,1.8984372765576636
megabyte1,2039,2977,1.9013130423763993
megabyte1,2040,2977,1.913722784358221
megabyte1,2041,2977,1.9151357689839223
megabyte1,2042,2977,1.9109642033934153
megabyte1,2043,2977,1.8918884297845986
megabyte1,2044,2977,1.8885352032513758
megabyte1,2045,2977,1.895312300615756
megabyte1,2046,2977,1.9068324550670948
megabyte1,2047,2977,1.8963939438019977
megabyte1,2048,2977,1.8946479487266963
megabyte1,2049,2977,1.904049125340788
megabyte1,2050,2977,1.9055904968897288
megabyte1,2051,2977,1.9008312129237566
megabyte1,2052,2977,1.9067325739400836
megabyte1,2053,2977,1.8958119602863286
megabyte1,2054,2977,1.9104042911753785
megabyte1,2055,2977,1.9186292125508415
megabyte1,2056,2977,1.8959307787520077
megabyte1,2057,2977,1.9242059555796918
megabyte1,2058,2977,1.9070718628790782
megabyte1,2059,2977,1.9106737597500434
megabyte1,2060,2977,1.8908877688283923
megabyte1,2061,2977,1.906328572256276
megabyte1,2062,2977,1.9322983021298872
megabyte1,2063,2977,1.899801983383225
megabyte1,2064,2977,1.9170338147271988
megabyte1,2065,2977,1.9122509070599203
megabyte1,2066,2977,1.9143907164502232
megabyte1,2067,2977,1.915027494113398
megabyte1,2068,2977,1.9147180256765082
megabyte1,2069,2977,1.9159609045324046
megabyte1,2070,2977,1.9084942106196334
megabyte1,2071,2977,1.8965985436226482
megabyte1,2072,2977,1.9123641165623457
megabyte1,2073,2977,1.9109477951977532
megabyte1,2074,2977,1.9053204106852077
megabyte1,2075,2977,1.9109378259855507
megabyte1,2076,2977,1.9149184715519585
megabyte1,2077,2977,1.9081557744455129
megabyte1,2078,2977,1.902132516744996
megabyte1,2079,2977,1.9315024863804673
megabyte1,2080,2977,1.9030140468967733
megabyte1,2081,2977,1.9117056279924038
megabyte1,2082,2977,1.9200994141117054
megabyte1,2083,2977,1.9240578833065218
megabyte1,2084,2977,1.9139437843658478
megabyte1,2085,2977,1.924171000548886
megabyte1,2086,2977,1.9190555832952232
megabyte1,2087,2977,1.900509719925516
megabyte1,2088,2977,1.9131768738859085
megabyte1,2089,2977,1.916106214769983
megabyte1,2090,2977,1.9169937110724047
megabyte1,2091,2977,1.9262525118314302
megabyte1,2092,2977,1.9091576898822777
megabyte1,2093,2977,1.9013249288680052
megabyte1,2094,2977,1.906570785671102
megabyte1,2095,2977,1.8917527101085536
megabyte1,2096,2977,1.9112518856418905
megabyte1,2097,2977,1.9062268502527249
megabyte1,2098,2977,1.9033455123106906
megabyte1,2099,2977,1.8998682241853067
megabyte1,2100,2977,1.9343967485796256
megabyte1,2101,2977,1.9130209319576306
megabyte1,2102,2977,1.9033187284219732
megabyte1,2103,2977,1.9135363793108822
megabyte1,2104,2977,1.909359489545992
megabyte1,2105,2977,1.9078720856481723
megabyte1,2106,2977,1.9082888999480228
megabyte1,2107,2977,1.9088964907563208
megabyte1,2108,2977,1.8991803754525254
megabyte1,2109,2977,1.9081774715773403
megabyte1,2110,2977,1.9033988738644632
megabyte1,2111,2977,1.9143355276346767
megabyte1,2112,2977,1.9232890802139317
megabyte1,2113,2977,1.9462086117263604
megabyte1,2114,2977,1.9347452375766292
megabyte1,2115,2977,1.9277056718697514
megabyte1,2116,2977,1.9303627872691285
megabyte1,2117,2977,1.9118562889932025
megabyte1,2118,2977,1.9205689716947771
megabyte1,2119,2977,1.9140596194358572
megabyte1,2120,2977,1.9212205603012993
megabyte1,2121,2977,1.9239545930420987
megabyte1,2122,2977,1.9104069366045033
megabyte1,2123,2977,1.907426151766407
megabyte1,2124,2977,1.896126482844713
megabyte1,2125,2977,1.9057257386073996
megabyte1,2126,2977,1.9128809093748278
megabyte1,2127,2977,1.9140287815102963
megabyte1,2128,2977,1.9136738077201498
megabyte1,2129,2977,1.924161213934722
megabyte1,2130,2977,1.9038352126998312
megabyte1,2131,2977,1.8961097735224612
megabyte1,2132,2977,1.9072398530744168
megabyte1,2133,2977,1.9210816352288116
megabyte1,2134,2977,1.9057226696789644
megabyte1,2135,2977,1.903146953922332
megabyte1,2136,2977,1.9142475531811598
megabyte1,2137,2977,1.9179471739595033
megabyte1,2138,2977,1.9204173294697826
megabyte1,2139,2977,1.9143129296858599
megabyte1,2140,2977,1.9078306070621838
megabyte1,2141,2977,1.8917926599965786
megabyte1,2142,2977,1.9158416649700212
megabyte1,2143,2977,1.8982263903991063
megabyte1,2144,2977,1.9096435774962375
megabyte1,2145,2977,1.8992256037052502
megabyte1,2146,2977,1.904252148731707
megabyte1,2147,2977,1.928175839394341
megabyte1,2148,2977,1.9014581040243674
megabyte1,2149,2977,1.8880575690687524
megabyte1,2150,2977,1.9018106995551507
megabyte1,2151,2977,1.9176928603813317
megabyte1,2152,2977,1.8853298106528305
megabyte1,2153,2977,1.9250211885482382
megabyte1,2154,2977,1.9002700680087867
megabyte1,2155,2977,1.904051970666713
megabyte1,2156,2977,1.9190717164726117
megabyte1,2157,2977,1.9093027547337202
megabyte1,2158,2977,1.9020438061330716
megabyte1,2159,2977,1.9113322832378559
megabyte1,2160,2976,1.909829488364599
megabyte1,2161,2976,1.902719364371351
megabyte1,2162,2976,1.9141139013151969
megabyte1,2163,2976,1.9385327651936521
megabyte1,2164,2976,1.8917914263663753
megabyte1,2165,2976,1.9307008186976116
megabyte1,2166,2976,1.9094677291890627
megabyte1,2167,2976,1.9010354849279567
megabyte1,2168,2976,1.9083718588595748
megabyte1,2169,2976,1.9161638742493046
megabyte1,2170,2976,1.9032673351466656
megabyte1,2171,2976,1.9187268503410841
megabyte1,2172,2976,1.8976865840214554
megabyte1,2173,2976,1.9345479408899944
megabyte1,2174,2976,1.9062786409931798
megabyte1,2175,2976,1.9141781855654973
megabyte1,2176,2976,1.8902218200827157
megabyte1,2177,2976,1.9070492252226798
megabyte1,2178,2976,1.9188130824796614
megabyte1,2179,2976,1.9226726697337242
megabyte1,2180,2976,1.9285621893021367
megabyte1,2181,2976,1.9055388794150403
megabyte1,2182,2976,1.9030599703070938
megabyte1,2183,2976,1.9009728457338066
megabyte1,2184,2976,1.9002043149804557
megabyte1,2185,2976,1.9113443269524524
megabyte1,2186,2976,1.907704955788069
megabyte1,2187,2976,1.9054260252303974
megabyte1,2188,2976,1.9128090822568504
megabyte1,2189,2976,1.9102587238434823
megabyte1,2190,2976,1.9026767758912937
megabyte1,2191,2976,1.9137113466057727
megabyte1,2192,2976,1.919938560455076
megabyte1,2193,2976,1.9152051812858992
megabyte1,2194,2976,1.9181494238556072
megabyte1,2195,2976,1.9018185997522006
megabyte1,2196,2976,1.9043115733131286
megabyte1,2197,2976,1.9105887196717724
megabyte1,2198,2976,1.9209506152778544
megabyte1,2199,2976,1.911696731723765
megabyte1,2200,2976,1.926830569101918
megabyte1,2201,2976,1.926375537790278
megabyte1,2202,2976,1.9049868891316075
megabyte1,2203,2976,1.9106978838161757
megabyte1,2204,2976,1.9102164888253776
megabyte1,2205,2976,1.9132364334598664
megabyte1,2206,2976,1.9073462627267326
megabyte1,2207,2976,1.9121179337142615
megabyte1,2208,2976,1.9476034513083837
megabyte1,2209,2976,1.933275366342196
megabyte1,2210,2976,1.9462624416556409
megabyte1,2211,2976,1.9193120771838772
megabyte1,2212,2976,1.926484779645038
megabyte1,2213,2976,1.9128985866423576
megabyte1,2214,2976,1.9081717050203713
megabyte1,2215,2976,1.9146751165390015
megabyte1,2216,2976,1.9322064717610676
megabyte1,2217,2976,1.8938575790774437
megabyte1,2218,2976,1.9320237239201863
megabyte1,2219,2976,1.9009415821362567
megabyte1,2220,2976,1.9108739940709965
megabyte1,2221,2976,1.9235330349014652
megabyte1,2222,2976,1.9008981681639148
megabyte1,2223,2976,1.920427148060132
megabyte1,2224,2976,1.9138207871426818
megabyte1,2225,2976,1.8952536582946777
megabyte1,2226,2976,1.9196244260316253
megabyte1,2227,2976,1.9258069572269276
megabyte1,2228,2976,1.9130733936063704
megabyte1,2229,2976,1.8898569640292917
megabyte1,2230,2976,1.9207736830557547
megabyte1,2231,2976,1.91839268835642
megabyte1,2232,2976,1.9170353284446142
megabyte1,2233,2976,1.9203948897700156
megabyte1,2234,2976,1.9002377935635146
megabyte1,2235,2976,1.916051136550083
megabyte1,2236,2976,1.9133925860927952
megabyte1,2237,2976,1.9171286904683678
megabyte1,2238,2976,1.9147084784764115
megabyte1,2239,2976,1.91124088533463
megabyte1,2240,2976,1.929836308443418
megabyte1,2241,2976,1.9084385133558703
megabyte1,2242,2976,1.9252172759784165
megabyte1,2243,2976,1.9284484966467785
megabyte1,2244,2976,1.895570739943494
megabyte1,2245,2976,1.9167760661853257
megabyte1,2246,2976,1.9266081500437953
megabyte1,2247,2976,1.9139851293256205
megabyte1,2248,2976,1.9161876388775405
megabyte1,2249,2976,1.9091032618476498
megabyte1,2250,2976,1.917944133922618
megabyte1,2251,2976,1.9105854944516254
megabyte1,2252,2976,1.9279408288258377
megabyte1,2253,2976,1.906331031553207
megabyte1,2254,2976,1.9256489071794736
megabyte1,2255,2976,1.926606366711278
megabyte1,2256,2976,1.926555570094816
megabyte1,2257,2976,1.9238687869041198
megabyte1,2258,2976,1.897763116385347
megabyte1,2259,2976,1.9079366307104788
megabyte1,2260,2976,1.925613421265797
megabyte1,2261,2976,1.9215431194151602
megabyte1,2262,2976,1.9029569935093644
megabyte1,2263,2976,1.9052051520475777
megabyte1,2264,2976,1.9117357404001298
megabyte1,2265,2976,1.9163914239534767
megabyte1,2266,2976,1.9060007269664476
megabyte1,2267,2976,1.906448539867196
megabyte1,2268,2976,1.9214597760990102
megabyte1,2269,2976,1.9117347860849032
megabyte1,2270,2976,1.91666930208924
megabyte1,2271,2976,1.9111135980134368
megabyte1,2272,2976,1.9102069229208014
megabyte1,2273,2976,1.9071512491472307
megabyte1,2274,2976,1.925374274612755
megabyte1,2275,2976,1.9080867684015663
megabyte1,2276,2976,1.888883262552241
megabyte1,2277,2976,1.8844865291349349
megabyte1,2278,2976,1.8997902306177283
megabyte1,2279,2976,1.9208837042572677
megabyte1,2280,2976,1.9038422466606222
megabyte1,2281,2976,1.90072916271866
megabyte1,2282,2976,1.90932459023691
megabyte1,2283,2976,1.918080368029174
megabyte1,2284,2976,1.929371565900823
megabyte1,2285,2976,1.9086740991120696
megabyte1,2286,2976,1.9031288905810284
megabyte1,2287,2976,1.9117976286078011
megabyte1,2288,2976,1.927671032567178
megabyte1,2289,2976,1.9048953396017834
megabyte1,2290,2976,1.9183076171464817
megabyte1,2291,2976,1.9207798756899372
megabyte1,2292,2976,1.903416641296879
megabyte1,2293,2976,1.9139357459160589
megabyte1,2294,2976,1.9114377831899991
megabyte1,2295,2976,1.9060533431268507
megabyte1,2296,2976,1.9289409575923797
megabyte1,2297,2976,1.9206824956401702
megabyte1,2298,2976,1.9252933327869703
megabyte1,2299,2976,1.9123538642801263
megabyte1,2300,2976,1.9068382786166282
megabyte1,2301,2976,1.8968667945554178
megabyte1,2302,2976,1.9205588217704528
megabyte1,2303,2976,1.9144002702287448
megabyte1,2304,2976,1.9513621996807795
megabyte1,2305,2976,1.9202931516913957
megabyte1,2306,2976,1.9474392962712113
megabyte1,2307,2976,1.9023264710621168
megabyte1,2308,2976,1.927169733150031
megabyte1,2309,2976,1.915524418636035
megabyte1,2310,2976,1.9118148819092782
megabyte1,2311,2976,1.928379059398687
megabyte1,2312,2976,1.917854206536406
megabyte1,2313,2976,1.9184281082563504
megabyte1,2314,2976,1.9276080951895764
megabyte1,2315,2976,1.9141396758376912
megabyte1,2316,2976,1.9182015900970788
megabyte1,2317,2976,1.9257370361717798
megabyte1,2318,2976,1.9195871186512772
megabyte1,2319,2976,1.9053312988691433
megabyte1,2320,2976,1.9140290342351443
megabyte1,2321,2976,1.9058739395551785
megabyte1,2322,2976,1.905637949705124
megabyte1,2323,2976,1.9111521256867277
megabyte1,2324,2976,1.9119135638078053
megabyte1,2325,2976,1.906817009372096
megabyte1,2326,2976,1.9045190913702852
megabyte1,2327,2976,1.9165903054257876
megabyte1,2328,2976,1.9001845467475154
megabyte1,2329,2976,1.9231918325988195
megabyte1,2330,2976,1.8972085938658765
megabyte1,2331,2976,1.9095027267291982
megabyte1,2332,2976,1.9154859153173303
megabyte1,2333,2976,1.8990565435860747
megabyte1,2334,2976,1.9154484759094894
megabyte1,2335,2976,1.920747717862488
megabyte1,2336,2976,1.907440657256752
megabyte1,2337,2976,1.913462305581698
megabyte1,2338,2976,1.918198036891158
megabyte1,2339,2976,1.9212176578660165
megabyte1,2340,2976,1.9131025909095682
megabyte1,2341,2976,1.9203139178214534
megabyte1,2342,2976,1.9204078867871275
megabyte1,2343,2976,1.9026625874221965
megabyte1,2344,2976,1.9111811755805888
megabyte1,2345,2976,1.9154843623920152
megabyte1,2346,2976,1.9006656113491263
megabyte1,2347,2976,1.9136998826457607
megabyte1,2348,2976,1.927208573587479
megabyte1,2349,2976,1.8941784776667112
megabyte1,2350,2976,1.9024260428643995
megabyte1,2351,2976,1.901429098139527
megabyte1,2352,2976,1.9123794007044967
megabyte1,2353,2976,1.9159305390491281
megabyte1,2354,2976,1.9001045400096523
megabyte1,2355,2976,1.9011490761592824
megabyte1,2356,2976,1.9177975504789302
megabyte1,2357,2976,1.8915466646994314
megabyte1,2358,2976,1.906571816372615
megabyte1,2359,2976,1.9149571362362112
megabyte1,2360,2976,1.9043434512230657
megabyte1,2361,2976,1.8976802005562732
megabyte1,2362,2976,1.9133909850992181
megabyte1,2363,2976,1.9294589770737516
megabyte1,2364,2976,1.915692598589005
megabyte1,2365,2976,1.9233557780583699
megabyte1,2366,2976,1.9110212415777228
megabyte1,2367,2976,1.9143968295025569
megabyte1,2368,2976,1.932726490882135
megabyte1,2369,2976,1.9123499707509113
megabyte1,2370,2976,1.9052545409048758
megabyte1,2371,2976,1.9187705362996748
megabyte1,2372,2976,1.9060686531887259
megabyte1,2373,2976,1.9090604064285115
megabyte1,2374,2976,1.9230496229663971
megabyte1,2375,2976,1.9213076535091604
megabyte1,2376,2976,1.9131049879135624
megabyte1,2377,2976,1.9191721895689606
megabyte1,2378,2976,1.9116767452609154
megabyte1,2379,2976,1.9081588047806934
megabyte1,2380,2976,1.9158760809129285
megabyte1,2381,2976,1.9103661679452466
megabyte1,2382,2976,1.9149584924021075
megabyte1,2383,2976,1.9076016615795832
megabyte1,2384,2976,1.911677748285314
megabyte1,2385,2976,1.9163596758278467
megabyte1,2386,2976,1.9136164444749073
megabyte1,2387,2976,1.913757316527828
megabyte1,2388,2976,1.9033009377858972
megabyte1,2389,2976,1.9199110748626853
megabyte1,2390,2976,1.9071630508668962
megabyte1,2391,2976,1.899794347824589
megabyte1,2392,2976,1.9008607761834257
megabyte1,2393,2976,1.9114438590183054
megabyte1,2394,2976,1.92719685807023
megabyte1,2395,2976,1.926261426941041
megabyte1,2396,2976,1.9016560764722927
megabyte1,2397,2976,1.9176341359333327
megabyte1,2398,2976,1.8996747129706926
megabyte1,2399,2976,1.9062005473721413
megabyte1,2400,2976,1.940250027564264
megabyte1,2401,2976,1.9439359275243615
megabyte1,2402,2976,1.9429463212208082
megabyte1,2403,2976,1.917235589796497
megabyte1,2404,2976,1.9310106051865445
megabyte1,2405,2976,1.9312013400498258
megabyte1,2406,2976,1.9082269873670352
megabyte1,2407,2976,1.9072320794546476
megabyte1,2408,2976,1.9222968727029779
megabyte1,2409,2976,1.916462177871376
megabyte1,2410,2976,1.9132296039212136
megabyte1,2411,2976,1.9064994473611154
megabyte1,2412,2976,1.9103254246455368
megabyte1,2413,2976,1.9010854715942054
megabyte1,2414,2976,1.9133048877921155
megabyte1,2415,2976,1.91590513208861
megabyte1,2416,2976,1.9094238024885937
megabyte1,2417,2976,1.895807227780742
megabyte1,2418,2976,1.9161060343506515
megabyte1,2419,2976,1.9133312817542785
megabyte1,2420,2976,1.914987128268006
megabyte1,2421,2976,1.919176814376667
megabyte1,2422,2976,1.8999432876545896
megabyte1,2423,2976,1.9173715358139367
megabyte1,2424,2976,1.918552044899233
megabyte1,2425,2976,1.9127682460251676
megabyte1,2426,2976,1.9090459083998075
megabyte1,2427,2976,1.9170257122285905
megabyte1,2428,2976,1.9149570208723827
megabyte1,2429,2976,1.9246691132104525
megabyte1,2430,2976,1.8978211392638504
megabyte1,2431,2976,1.925238041467564
megabyte1,2432,2976,1.910706417534941
megabyte1,2433,2976,1.9056217721713486
megabyte1,2434,2976,1.9035539063074256
megabyte1,2435,2976,1.9100431623638316
megabyte1,2436,2976,1.9037188586368357
megabyte1,2437,2976,1.9198139091973663
megabyte1,2438,2976,1.897854552474073
megabyte1,2439,2976,1.9061294371081936
megabyte1,2440,2976,1.9164410214270315
megabyte1,2441,2976,1.9182720302894551
megabyte1,2442,2976,1.9161560919977003
megabyte1,2443,2976,1.91390376001276
megabyte1,2444,2976,1.9181845104822548
megabyte1,2445,2976,1.9065212831702283
megabyte1,2446,2976,1.91296241488508
megabyte1,2447,2976,1.9022149206489645
megabyte1,2448,2976,1.9042355527159989
megabyte1,2449,2976,1.9064669718024552
megabyte1,2450,2976,1.8995642155729315
megabyte1,2451,2976,1.8940894885729718
megabyte1,2452,2976,1.9206474545181438
megabyte1,2453,2976,1.9068416683904585
megabyte1,2454,2976,1.918757338036773
megabyte1,2455,2976,1.9113114245476261
megabyte1,2456,2976,1.8954992794221448
megabyte1,2457,2976,1.9222421274390271
megabyte1,2458,2976,1.9166573545625132
megabyte1,2459,2976,1.9006729936727913
megabyte1,2460,2976,1.9191907708362868
megabyte1,2461,2976,1.9075274025240252
megabyte1,2462,2976,1.922412399322756
megabyte1,2463,2976,1.9157713895202966
megabyte1,2464,2976,1.9046726649807346
megabyte1,2465,2976,1.9118560517346987
megabyte1,2466,2976,1.901663193138697
megabyte1,2467,2976,1.903970846565821
megabyte1,2468,2976,1.9202153208435222
megabyte1,2469,2976,1.8946615239625335
megabyte1,2470,2976,1.9043383905964513
megabyte1,2471,2976,1.9292926737057265
megabyte1,2472,2976,1.907267060331119
megabyte1,2473,2976,1.9193032145179727
megabyte1,2474,2976,1.9041469840593235
megabyte1,2475,2976,1.906410833840729
megabyte1,2476,2976,1.931461529065204
megabyte1,2477,2976,1.927341458618
megabyte1,2478,2976,1.9085429160184757
megabyte1,2479,2976,1.8891637658560148
megabyte1,2480,2976,1.8978083390061573
megabyte1,2481,2976,1.898402516559888
megabyte1,2482,2976,1.9137144575836837
megabyte1,2483,2976,1.90973114198254
megabyte1,2484,2976,1.9074238679742301
megabyte1,2485,2976,1.8964057455780685
megabyte1,2486,2976,1.8879848167460451
megabyte1,2487,2976,1.9104205818586453
megabyte1,2488,2976,1.9127740757439726
megabyte1,2489,2976,1.907839193139025
megabyte1,2490,2976,1.9262045591428716
megabyte1,2491,2976,1.9055049944949407
megabyte1,2492,2976,1.8980870913433772
megabyte1,2493,2976,1.9186325791061565
megabyte1,2494,2976,1.9114928501908497
megabyte1,2495,2976,1.9165133558293825
megabyte1,2496,2976,1.931155050954511
megabyte1,2497,2976,1.9342584097257225
megabyte1,2498,2976,1.9306686565440188
megabyte1,2499,2976,1.9182722747966807
megabyte1,2500,2976,1.9227147589447677
megabyte1,2501,2976,1.906157688427997
megabyte1,2502,2976,1.928552500022355
megabyte1,2503,2976,1.9129362926688245
megabyte1,2504,2976,1.9168451191276632
megabyte1,2505,2976,1.916207102838383
megabyte1,2506,2976,1.927971040048907
megabyte1,2507,2976,1.9058420273565477
megabyte1,2508,2976,1.9087960450879988
megabyte1,2509,2976,1.907000107149924
megabyte1,2510,2976,1.9306148668771148
megabyte1,2511,2976,1.9119705577050485
megabyte1,2512,2976,1.9069666477941698
megabyte1,2513,2976,1.9130942975321124
megabyte1,2514,2976,1.8997367062876303
megabyte1,2515,2976,1.908597610330069
megabyte1,2516,2976,1.9203622712883899
megabyte1,2517,2976,1.907722201398624
megabyte1,2518,2976,1.8938805313520535
megabyte1,2519,2976,1.91094704469045
megabyte1,2520,2976,1.8922111872703797
megabyte1,2521,2976,1.8933513600339171
megabyte1,2522,2976,1.8993044566082697
megabyte1,2523,2976,1.9044083113311439
megabyte1,2524,2976,1.9203199955724901
megabyte1,2525,2976,1.9231071965668791
megabyte1,2526,2976,1.8998440023391479
megabyte1,2527,2976,1.9239004299204836
megabyte1,2528,2976,1.8994678874169626
megabyte1,2529,2976,1.9018389435224636
megabyte1,2530,2976,1.9137602160053868
megabyte1,2531,2976,1.9084419896525722
megabyte1,2532,2976,1.9195677362462527
megabyte1,2533,2976,1.9058032753647014
megabyte1,2534,2976,1.9105412575506395
megabyte1,2535,2976,1.9116965295166097
megabyte1,2536,2976,1.8970804124750116
megabyte1,2537,2976,1.925109012152559
megabyte1,2538,2976,1.8835445309198031
megabyte1,2539,2976,1.9219752803284635
megabyte1,2540,2976,1.9216379016958258
megabyte1,2541,2976,1.9057115053617826
megabyte1,2542,2976,1.8923602975824827
megabyte1,2543,2976,1.9164447117877264
megabyte1,2544,2976,1.9106204586644326
megabyte1,2545,2976,1.9073825113234981
megabyte1,2546,2976,1.9020719835835118
megabyte1,2547,2976,1.9057516769696308
megabyte1,2548,2976,1.8958678219908027
megabyte1,2549,2976,1.9187774042929373
megabyte1,2550,2976,1.9175512386906532
megabyte1,2551,2976,1.9252300467542423
megabyte1,2552,2976,1.902084755641158
megabyte1,2553,2976,1.9130154758371332
megabyte1,2554,2976,1.9240751727934806
megabyte1,2555,2976,1.912472887705731
megabyte1,2556,2976,1.8925760253783195
megabyte1,2557,2976,1.9113230859079668
megabyte1,2558,2976,1.915288632915866
megabyte1,2559,2976,1.9208334158825617
megabyte1,2560,2976,1.928865514775758
megabyte1,2561,2976,1.9117724087930494
megabyte1,2562,2976,1.919220934632004
megabyte1,2563,2976,1.9145622349554492
megabyte1,2564,2976,1.912283948672715
megabyte1,2565,2976,1.9257225836476972
megabyte1,2566,2976,1.9143154545817325
megabyte1,2567,2976,1.9166781825404013
megabyte1,2568,2976,1.9116339145168182
megabyte1,2569,2976,1.8968006987725534
megabyte1,2570,2976,1.9183013657087922
megabyte1,2571,2976,1.9051680193152478
megabyte1,2572,2976,1.9177032350212015
megabyte1,2573,2976,1.9226750250785583
megabyte1,2574,2976,1.9265806598048056
megabyte1,2575,2976,1.911158380649423
megabyte1,2576,2976,1.9325592287125126
megabyte1,2577,2976,1.905354735671833
megabyte1,2578,2976,1.9097448824554362
megabyte1,2579,2976,1.9069308004071635
megabyte1,2580,2976,1.9209655587391188
megabyte1,2581,2976,1.9021602721624478
megabyte1,2582,2976,1.9159751053779357
megabyte1,2583,2976,1.8909007451867546
megabyte1,2584,2976,1.9209100956557899
megabyte1,2585,2976,1.9195098594952655
megabyte1,2586,2976,1.9023851617690055
megabyte1,2587,2976,1.9189756480596398
megabyte1,2588,2976,1.9134643949488157
megabyte1,2589,2976,1.9073865131665302
megabyte1,2590,2976,1.9025652895691574
megabyte1,2591,2976,1.9245285193125408
megabyte1,2592,2976,1.9302212294711862
megabyte1,2593,2976,1.9294070172053512
megabyte1,2594,2976,1.922303722750756
megabyte1,2595,2976,1.9227174123128254
megabyte1,2596,2976,1.9053562341197845
megabyte1,2597,2976,1.91515746167911
megabyte1,2598,2976,1.916779423272738
megabyte1,2599,2976,1.9137362575018277
megabyte1,2600,2976,1.9097010294596355
megabyte1,2601,2976,1.9229847769583426
megabyte1,2602,2976,1.9208825493371615
megabyte1,2603,2976,1.9060022920690558
megabyte1,2604,2976,1.9048777036769415
megabyte1,2605,2976,1.9158043707570722
megabyte1,2606,2976,1.91446211261134
megabyte1,2607,2976,1.9263992771025626
megabyte1,2608,2976,1.9234044455712842
megabyte1,2609,2976,1.927582255294246
megabyte1,2610,2976,1.925219706309739
megabyte1,2611,2976,1.9161673201027738
megabyte1,2612,2976,1.9217277039443292
megabyte1,2613,2976,1.9062184954202304
megabyte1,2614,2976,1.8980042601144442
megabyte1,2615,2976,1.9197761768935828
megabyte1,2616,2976,1.91497851187183
megabyte1,2617,2976,1.905432971574927
megabyte1,2618,2976,1.9234207152358946
megabyte1,2619,2976,1.9098572231108142
megabyte1,2620,2976,1.9179232607605636
megabyte1,2621,2976,1.904896459271831
megabyte1,2622,2976,1.9277616803364088
megabyte1,2623,2976,1.9195652905330862
megabyte1,2624,2976,1.9064867547763291
megabyte1,2625,2976,1.9046810186037453
megabyte1,2626,2976,1.907001067233342
megabyte1,2627,2976,1.9004915298954133
megabyte1,2628,2976,1.9096726509191657
megabyte1,2629,2976,1.9121107593659432
megabyte1,2630,2976,1.9105432315539288
megabyte1,2631,2976,1.9253400884648806
megabyte1,2632,2976,1.9089128137916647
megabyte1,2633,2976,1.9091344382814182
megabyte1,2634,2976,1.915053818815498
megabyte1,2635,2976,1.9095554249261015
megabyte1,2636,2976,1.9150111393261982
megabyte1,2637,2976,1.91371101269158
megabyte1,2638,2976,1.9131539047405284
megabyte1,2639,2976,1.917408509921002
megabyte1,2640,2976,1.8931368961129138
megabyte1,2641,2976,1.907116884826332
megabyte1,2642,2976,1.9230442085573751
megabyte1,2643,2976,1.8982120072969826
megabyte1,2644,2976,1.8999823959924842
megabyte1,2645,2976,1.910151199627948
megabyte1,2646,2976,1.9050637932233914
megabyte1,2647,2976,1.9127657522437393
megabyte1,2648,2976,1.9190163048364783
megabyte1,2649,2976,1.9142743810530631
megabyte1,2650,2976,1.9144289634561027
megabyte1,2651,2976,1.9175523737425446
megabyte1,2652,2976,1.9147960255222936
megabyte1,2653,2976,1.9090050164089407
megabyte1,2654,2976,1.9281273785457815
megabyte1,2655,2976,1.9117077909490114
megabyte1,2656,2976,1.9059885144233704
megabyte1,2657,2976,1.9118982386845413
megabyte1,2658,2976,1.8971547875353085
megabyte1,2659,2976,1.9183279314348776
megabyte1,2660,2976,1.9287050462538196
megabyte1,2661,2976,1.9209019560967722
megabyte1,2662,2976,1.9049500004258206
megabyte1,2663,2976,1.9117288166476833
megabyte1,2664,2976,1.8999142217379745
megabyte1,2665,2976,1.9059991964729883
megabyte1,2666,2976,1.906779214900027
megabyte1,2667,2976,1.888578003132215
megabyte1,2668,2976,1.921882248693897
megabyte1,2669,2976,1.9077290975919334
megabyte1,2670,2976,1.9117440818458475
megabyte1,2671,2976,1.9225082346188125
megabyte1,2672,2976,1.895008244181192
megabyte1,2673,2976,1.9147786171205583
megabyte1,2674,2976,1.9162778290369178
megabyte1,2675,2976,1.9003522939259005
megabyte1,2676,2976,1.9150184979361873
megabyte1,2677,2976,1.9136257530540548
megabyte1,2678,2976,1.9056536292517057
megabyte1,2679,2976,1.906159326594363
megabyte1,2680,2976,1.906807307274111
megabyte1,2681,2976,1.91043274376982
megabyte1,2682,2976,1.9010098698318645
megabyte1,2683,2976,1.9275186036222725
megabyte1,2684,2976,1.9148576669795538
megabyte1,2685,2976,1.9226358116313975
megabyte1,2686,2976,1.9170577077455417
megabyte1,2687,2976,1.9182106743576706
megabyte1,2688,2976,1.93430910828293
megabyte1,2689,2976,1.917982450095556
megabyte1,2690,2976,1.9184713056010585
megabyte1,2691,2976,1.9335815675797001
megabyte1,2692,2976,1.9330367836900937
megabyte1,2693,2976,1.930132548014323
megabyte1,2694,2976,1.9161660286688036
megabyte1,2695,2976,1.9249977501489783
megabyte1,2696,2976,1.9139163186473231
megabyte1,2697,2976,1.9164342470066522
megabyte1,2698,2976,1.9093831687845209
megabyte1,2699,2976,1.90139679754934
megabyte1,2700,2976,1.9111352402676818
megabyte1,2701,2976,1.908618075873262
megabyte1,2702,2976,1.9199273688818819
megabyte1,2703,2976,1.8983668358095231
megabyte1,2704,2976,1.9125846791011032
megabyte1,2705,2976,1.9129411123132194
megabyte1,2706,2976,1.9139808326639154
megabyte1,2707,2976,1.914001859644408
megabyte1,2708,2976,1.9120839641940208
megabyte1,2709,2976,1.9163678692233177
megabyte1,2710,2976,1.9114303281230312
megabyte1,2711,2976,1.907802443350515
megabyte1,2712,2976,1.9057436861017698
megabyte1,2713,2976,1.923972249671977
megabyte1,2714,2976,1.911325659803165
megabyte1,2715,2976,1.9063683504699378
megabyte1,2716,2976,1.9139189907620031
megabyte1,2717,2976,1.916280504836831
megabyte1,2718,2976,1.8969137732700636
megabyte1,2719,2976,1.9116442267612745
megabyte1,2720,2976,1.904835468338382
megabyte1,2721,2976,1.917412850164598
megabyte1,2722,2976,1.9189598448173975
megabyte1,2723,2976,1.905145465366302
megabyte1,2724,2976,1.8966853375075965
megabyte1,2725,2976,1.9041107715137544
megabyte1,2726,2976,1.9135388635819959
megabyte1,2727,2976,1.9028551873340402
megabyte1,2728,2976,1.911777965484127
megabyte1,2729,2976,1.9049448874048007
megabyte1,2730,2976,1.9087213675181072
megabyte1,2731,2976,1.9009155727201892
megabyte1,2732,2976,1.9038414830161678
megabyte1,2733,2976,1.9067322310581003
megabyte1,2734,2976,1.907133149844344
megabyte1,2735,2976,1.9132927758719331
megabyte1,2736,2976,1.9230400105958343
megabyte1,2737,2976,1.9045674929054834
megabyte1,2738,2976,1.9197380741437275
megabyte1,2739,2976,1.9035010728784787
megabyte1,2740,2976,1.9207030893653951
megabyte1,2741,2976,1.9105234863937541
megabyte1,2742,2976,1.9009917897562827
megabyte1,2743,2976,1.9052995260684722
megabyte1,2744,2976,1.907743469361336
megabyte1,2745,2976,1.9162403140016782
megabyte1,2746,2976,1.907119914408653
megabyte1,2747,2976,1.9030794584622948
megabyte1,2748,2976,1.9018429376745736
megabyte1,2749,2976,1.9011905424056514
megabyte1,2750,2976,1.9176304391635361
megabyte1,2751,2976,1.8975415716889084
megabyte1,2752,2976,1.9034774687982374
megabyte1,2753,2976,1.911698700279318
megabyte1,2754,2976,1.9180698907503517
megabyte1,2755,2976,1.9097364855709897
megabyte1,2756,2976,1.9056651489709013
megabyte1,2757,2976,1.8959814297255648
megabyte1,2758,2976,1.9317366820509716
megabyte1,2759,2976,1.9196902334049184
megabyte1,2760,2976,1.9111545880635579
megabyte1,2761,2976,1.9097200619277133
megabyte1,2762,2976,1.909382394565049
megabyte1,2763,2976,1.9211957076544404
megabyte1,2764,2976,1.905702881915595
megabyte1,2765,2976,1.9152140809643654
megabyte1,2766,2976,1.9092413404936432
megabyte1,2767,2976,1.902943213780721
megabyte1,2768,2976,1.9104347357185938
megabyte1,2769,2976,1.8888197791191839
megabyte1,2770,2976,1.9181768330194617
megabyte1,2771,2976,1.9249466439729095
megabyte1,2772,2976,1.908316312297698
megabyte1,2773,2976,1.9250271666434504
megabyte1,2774,2976,1.9221661424124112
megabyte1,2775,2976,1.9151868086348298
megabyte1,2776,2976,1.8932818340998825
megabyte1,2777,2976,1.9067739427730601
megabyte1,2778,2976,1.910166694271949
megabyte1,2779,2976,1.9085327784220378
megabyte1,2780,2976,1.9024313188368274
megabyte1,2781,2976,1.9033137547072543
megabyte1,2782,2976,1.9053802080051874
megabyte1,2783,2976,1.905326146592376
megabyte1,2784,2976,1.93347414078251
megabyte1,2785,2976,1.9448005922379032
megabyte1,2786,2976,1.932792745610719
megabyte1,2787,2976,1.9093015065757177
megabyte1,2788,2976,1.9318886726133284
megabyte1,2789,2976,1.9122290354903027
megabyte1,2790,2976,1.911964560067782
megabyte1,2791,2976,1.9225672650080856
megabyte1,2792,2976,1.9293283980379823
megabyte1,2793,2976,1.914708819440616
megabyte1,2794,2976,1.9310179141259962
megabyte1,2795,2976,1.9068281868452668
megabyte1,2796,2976,1.9199017504210114
megabyte1,2797,2976,1.925677926309647
megabyte1,2798,2976,1.9288147495638939
megabyte1,2799,2976,1.9263322276453818
megabyte1,2800,2976,1.9065867713702622
megabyte1,2801,2976,1.9225052662434117
megabyte1,2802,2976,1.910310560657132
megabyte1,2803,2976,1.9259972303144393
megabyte1,2804,2976,1.9196254155969108
megabyte1,2805,2976,1.9102223509101457
megabyte1,2806,2976,1.9088698510200746
megabyte1,2807,2976,1.905571565833143
megabyte1,2808,2976,1.9215369839822092
megabyte1,2809,2976,1.9271561879945058
megabyte1,2810,2976,1.911626930518817
megabyte1,2811,2976,1.9071913303867463
megabyte1,2812,2976,1.9200548561670447
megabyte1,2813,2976,1.898066056671963
megabyte1,2814,2976,1.9061189492543538
megabyte1,2815,2976,1.9083118566902735
megabyte1,2816,2976,1.909318949826943
megabyte1,2817,2976,1.9192589406044251
megabyte1,2818,2976,1.913542707280446
megabyte1,2819,2976,1.9147862176741324
megabyte1,2820,2976,1.9023894571488904
megabyte1,2821,2976,1.9227072731141122
megabyte1,2822,2976,1.9114753264252857
megabyte1,2823,2976,1.913654447883688
megabyte1,2824,2976,1.9027124479893716
megabyte1,2825,2976,1.9062529334457972
megabyte1,2826,2976,1.9157157431366623
megabyte1,2827,2976,1.915658099676973
megabyte1,2828,2976,1.8993200038069038
megabyte1,2829,2976,1.9070643763388357
megabyte1,2830,2976,1.9109726362330939
megabyte1,2831,2976,1.915191690767965
megabyte1,2832,2976,1.9238953872393536
megabyte1,2833,2976,1.9011634716423609
megabyte1,2834,2976,1.9339522712974138
megabyte1,2835,2976,1.9054767707342743
megabyte1,2836,2976,1.8939779650780462
megabyte1,2837,2976,1.9214776562106224
megabyte1,2838,2976,1.9030629588711647
megabyte1,2839,2976,1.9187945447942263
megabyte1,2840,2976,1.8992913820410287
megabyte1,2841,2976,1.9205331795959062
megabyte1,2842,2976,1.9200576173081514
megabyte1,2843,2976,1.915769859026837
megabyte1,2844,2976,1.8982541945672804
megabyte1,2845,2976,1.8901304685941307
megabyte1,2846,2976,1.9143251501103884
megabyte1,2847,2976,1.8979982355589509
megabyte1,2848,2976,1.9133419769425546
megabyte1,2849,2976,1.906221205188382
megabyte1,2850,2976,1.9149772066582915
megabyte1,2851,2976,1.9119738143898788
megabyte1,2852,2976,1.911672928000009
megabyte1,2853,2976,1.9174118304765353
megabyte1,2854,2976,1.9022792795652985
megabyte1,2855,2976,1.9222097066781854
megabyte1,2856,2976,1.926683997595182
megabyte1,2857,2976,1.9010384992886615
megabyte1,2858,2976,1.9103013700054539
megabyte1,2859,2976,1.9158706562493437
megabyte1,2860,2976,1.9138476656329246
megabyte1,2861,2976,1.9196754847803423
megabyte1,2862,2976,1.9048892240370474
megabyte1,2863,2976,1.9058222273584975
megabyte1,2864,2976,1.9218956603798816
megabyte1,2865,2976,1.933721983945498
megabyte1,2866,2976,1.9105208971167122
megabyte1,2867,2976,1.9060001783473517
megabyte1,2868,2976,1.8981584733532322
megabyte1,2869,2976,1.9044214397348382
megabyte1,2870,2976,1.9272200522884246
megabyte1,2871,2976,1.9068728570015199
megabyte1,2872,2976,1.9006235522608603
megabyte1,2873,2976,1.9011544822364725
megabyte1,2874,2976,1.9060142270980343
megabyte1,2875,2976,1.8958150391937585
megabyte1,2876,2976,1.9192859562494422
megabyte1,2877,2976,1.9106766998126943
megabyte1,2878,2976,1.8976022556263914
megabyte1,2879,2976,1.9039161436019405
megabyte1,2880,2976,1.9271822693527385
megabyte1,2881,2976,1.931770242670531
megabyte1,2882,2976,1.927710666451403
megabyte1,2883,2976,1.9206523895263672
megabyte1,2884,2976,1.9187423541981687
megabyte1,2885,2976,1.9297065837408907
megabyte1,2886,2976,1.9366570031771095
megabyte1,2887,2976,1.9053081312487203
megabyte1,2888,2976,1.9223823855000157
megabyte1,2889,2976,1.9107694318217616
megabyte1,2890,2976,1.9193858138976558
megabyte1,2891,2976,1.9154200541075839
megabyte1,2892,2976,1.930796750130192
megabyte1,2893,2976,1.895134397091404
megabyte1,2894,2976,1.9235107155256375
megabyte1,2895,2976,1.9079982670404578
megabyte1,2896,2976,1.9113814805143623
megabyte1,2897,2976,1.908019358111966
megabyte1,2898,2976,1.923047117007676
megabyte1,2899,2976,1.9006968954558014
megabyte1,2900,2976,1.903758305375294
megabyte1,2901,2976,1.9051139687979093
megabyte1,2902,2976,1.899785070009129
megabyte1,2903,2976,1.9002157206176429
megabyte1,2904,2976,1.918180650280368
megabyte1,2905,2976,1.9016636622849332
megabyte1,2906,2976,1.9173447406420143
megabyte1,2907,2976,1.9031367045576855
megabyte1,2908,2976,1.89846125982141
megabyte1,2909,2976,1.9067072560710292
megabyte1,2910,2976,1.8944081619221678
megabyte1,2911,2976,1.9169485697182276
megabyte1,2912,2976,1.89932765242874
megabyte1,2913,2976,1.9201672051542549
megabyte1,2914,2976,1.900876945064914
megabyte1,2915,2976,1.9163913431987967
megabyte1,2916,2976,1.9125832588441911
megabyte1,2917,2976,1.897139319168624
megabyte1,2918,2976,1.9154049337551158
megabyte1,2919,2976,1.9103889362786406
megabyte1,2920,2976,1.901907136363368
megabyte1,2921,2976,1.9008553412652784
megabyte1,2922,2976,1.9073381936678322
megabyte1,2923,2976,1.907515187096852
megabyte1,2924,2976,1.910204251607259
megabyte1,2925,2976,1.9161639726290138
megabyte1,2926,2976,1.9047268462437454
megabyte1,2927,2976,1.912104416919011
megabyte1,2928,2976,1.9131564273629138
megabyte1,2929,2976,1.9064414065371278
megabyte1,2930,2976,1.9262931269984092
megabyte1,2931,2976,1.8935034813419465
megabyte1,2932,2976,1.9011412743599183
megabyte1,2933,2976,1.9089546818887033
megabyte1,2934,2976,1.9035860639746471
megabyte1,2935,2976,1.9056030383674047
megabyte1,2936,2976,1.8898795932851813
megabyte1,2937,2976,1.892900146463866
megabyte1,2938,2976,1.9152738791640087
megabyte1,2939,2976,1.9185221515676028
megabyte1,2940,2976,1.900329933371595
megabyte1,2941,2976,1.910838404009419
megabyte1,2942,2976,1.9038402906028173
megabyte1,2943,2976,1.9155267438580912
megabyte1,2944,2976,1.9059311843687488
megabyte1,2945,2976,1.9110687862160385
megabyte1,2946,2976,1.9180742540667135
megabyte1,2947,2976,1.9106298159527522
megabyte1,2948,2976,1.9043315097849856
megabyte1,2949,2976,1.8929532477932591
megabyte1,2950,2976,1.9336693876533098
megabyte1,2951,2976,1.9224149744997743
megabyte1,2952,2976,1.9185811883659774
megabyte1,2953,2976,1.902331506052325
megabyte1,2954,2976,1.913256952839513
megabyte1,2955,2976,1.9049768319693945
megabyte1,2956,2976,1.9118707462023663
megabyte1,2957,2976,1.8979749551383398
megabyte1,2958,2976,1.8924311290505111
megabyte1,2959,2976,1.9188138228911225
megabyte1,2960,2976,1.880871779816125
megabyte1,2961,2976,1.9052078390634188
megabyte1,2962,2976,1.930504043896993
megabyte1,2963,2976,1.9068117192996445
megabyte1,2964,2976,1.917707884503949
megabyte1,2965,2976,1.917272863849517
megabyte1,2966,2976,1.911188874193417
megabyte1,2967,2976,1.9268104953150595
megabyte1,2968,2976,1.9105312901158487
megabyte1,2969,2976,1.9062300138576056
megabyte1,2970,2976,1.9044094547148673
megabyte1,2971,2976,1.9084602530284593
megabyte1,2972,2976,1.9278905878784836
megabyte1,2973,2976,1.9077644655781407
megabyte1,2974,2976,1.9085407205807265
megabyte1,2975,2976,1.8944716197188183
megabyte1,2976,2976,1.9393409811040407
megabyte1,2977,2976,1.9416197089738743
megabyte1,2978,2976,1.9504579113375755
megabyte1,2979,2976,1.9141661736272997
megabyte1,2980,2976,1.9315967764905704
megabyte1,2981,2976,1.92999021468624
megabyte1,2982,2976,1.926071527824607
megabyte1,2983,2976,1.9289763403195206
megabyte1,2984,2976,1.909747298045825
megabyte1,2985,2976,1.9175483539540281
megabyte1,2986,2976,1.9107721800445228
megabyte1,2987,2976,1.9200979560934088
megabyte1,2988,2976,1.9172140141969085
megabyte1,2989,2976,1.9152745431469334
megabyte1,2990,2976,1.9020042291251562
megabyte1,2991,2976,1.918310393889745
megabyte1,2992,2976,1.9082940419514973
megabyte1,2993,2976,1.9080438266197841
megabyte1,2994,2976,1.9289927415309414
megabyte1,2995,2976,1.9072341076148454
megabyte1,2996,2976,1.8984704187480352
megabyte1,2997,2976,1.9084367901086807
megabyte1,2998,2976,1.9286035337755758
megabyte1,2999,2976,1.909293697726342
megabyte1,3000,2976,1.9011053705728183
megabyte1,3001,2976,1.9219963383930985
megabyte1,3002,2976,1.9170373598093629
megabyte1,3003,2976,1.9113718316119204
megabyte1,3004,2976,1.9177452870594558
megabyte1,3005,2976,1.9087449043027815
megabyte1,3006,2976,1.9014172239970135
megabyte1,3007,2976,1.9065730597383233
megabyte1,3008,2976,1.9131757367041804
megabyte1,3009,2976,1.9286441296659491
megabyte1,3010,2976,1.9167431913396364
megabyte1,3011,2976,1.903429638954901
megabyte1,3012,2976,1.8941855680557989
megabyte1,3013,2976,1.9161517748268702
megabyte1,3014,2976,1.8982318934573923
megabyte1,3015,2976,1.9126058326613518
megabyte1,3016,2976,1.8920001394005233
megabyte1,3017,2976,1.895346785104403
megabyte1,3018,2976,1.9098187979831491
megabyte1,3019,2976,1.9173078536987305
megabyte1,3020,2976,1.912409408118135
megabyte1,3021,2976,1.9096063798473728
megabyte1,3022,2976,1.8979797414554063
megabyte1,3023,2976,1.9016446349441365
megabyte1,3024,2976,1.9420135104528038
megabyte1,3025,2976,1.9283286166447464
megabyte1,3026,2976,1.9116123799354798
megabyte1,3027,2976,1.9245296011688888
megabyte1,3028,2976,1.9192765890270151
megabyte1,3029,2976,1.904751023938579
megabyte1,3030,2976,1.9003553851958244
megabyte1,3031,2976,1.898531267719884
megabyte1,3032,2976,1.9018446705354157
megabyte1,3033,2976,1.9200378361568655
megabyte1,3034,2976,1.9237467858099169
megabyte1,3035,2976,1.9038077221121839
megabyte1,3036,2976,1.9008665802658244
megabyte1,3037,2976,1.9186811959871681
megabyte1,3038,2976,1.9027368586550477
megabyte1,3039,2976,1.919952553446575
megabyte1,3040,2976,1.9116228655461343
megabyte1,3041,2976,1.9235207919151551
megabyte1,3042,2976,1.899494202547176
megabyte1,3043,2976,1.917701126426779
megabyte1,3044,2976,1.9131748240481141
megabyte1,3045,2976,1.922922112127786
megabyte1,3046,2976,1.9039024403018336
megabyte1,3047,2976,1.9133214267992205
megabyte1,3048,2976,1.9039130646695372
megabyte1,3049,2976,1.9147322677796887
megabyte1,3050,2976,1.9074445565541585
megabyte1,3051,2976,1.9192854524940572
megabyte1,3052,2976,1.918287563227838
megabyte1,3053,2976,1.9030228098553996
megabyte1,3054,2976,1.9240052661588114
megabyte1,3055,2976,1.91314156721997
megabyte1,3056,2976,1.913065359156619
megabyte1,3057,2976,1.9129570825125581
megabyte1,3058,2976,1.9036677998881186
megabyte1,3059,2976,1.9168207183960946
megabyte1,3060,2976,1.917706040925877
megabyte1,3061,2976,1.9162199202404226
megabyte1,3062,2976,1.9097564050587275
megabyte1,3063,2976,1.914877010929969
megabyte1,3064,2976,1.890960112694771
megabyte1,3065,2976,1.8978360260045657
megabyte1,3066,2976,1.8996311413344515
megabyte1,3067,2976,1.9064917865619864
megabyte1,3068,2976,1.9033479100914412
megabyte1,3069,2976,1.8948328780230654
megabyte1,3070,2976,1.911173592331589
megabyte1,3071,2976,1.9184261957804363
geco22,0,2977,1.9440642008654896
geco22,1,2977,1.936790889167209
geco22,2,2977,1.9306178402091818
geco22,3,2977,1.9359881087441873
geco22,4,2977,1.9395245445387292
geco22,5,2977,1.9443754658107995
geco22,6,2977,1.946620973196853
geco22,7,2977,1.9321572608422384
geco22,8,2977,1.9323134673774984
geco22,9,2977,1.9311159394673945
geco22,10,2977,1.9345468938210526
geco22,11,2977,1.9333974820958075
geco22,12,2977,1.945207892466921
geco22,13,2977,1.9342001907610036
geco22,14,2977,1.947695720904539
geco22,15,2977,1.9479888567477615
geco22,16,2977,1.9304706956621862
geco22,17,2977,1.942339868004145
geco22,18,2977,1.9334427202793028
geco22,19,2977,1.9189847844296508
geco22,20,2977,1.9496413625884383
geco22,21,2977,1.9328160745648277
geco22,22,2977,1.9325167060418942
geco22,23,2977,1.9543535657324644
geco22,24,2977,1.9410031299123358
geco22,25,2977,1.9409310645531759
geco22,26,2977,1.937207530479444
geco22,27,2977,1.9444660190611747
geco22,28,2977,1.944058250091522
geco22,29,2977,1.943975774722088
geco22,30,2977,1.938027901820861
geco22,31,2977,1.934425389882819
geco22,32,2977,1.9282952982345443
geco22,33,2977,1.9309523572527725
geco22,34,2977,1.9415365212068567
geco22,35,2977,1.9489079873594695
geco22,36,2977,1.9360637004879204
geco22,37,2977,1.9386878226641884
geco22,38,2977,1.9251489764217726
geco22,39,2977,1.927621766469364
geco22,40,2977,1.933978710232223
geco22,41,2977,1.9356455420102294
geco22,42,2977,1.9389186522125357
geco22,43,2977,1.9346857093347172
geco22,44,2977,1.9214481024442602
geco22,45,2977,1.9370316776766408
geco22,46,2977,1.9320824225556743
geco22,47,2977,1.9423443605565849
geco22,48,2977,1.939138971802209
geco22,49,2977,1.9427558609331699
geco22,50,2977,1.9350406645447127
geco22,51,2977,1.942037667609879
geco22,52,2977,1.9365058363304868
geco22,53,2977,1.9358252338567035
geco22,54,2977,1.9386775971740373
geco22,55,2977,1.9417882374080189
geco22,56,2977,1.931319918775062
geco22,57,2977,1.9407981434323303
geco22,58,2977,1.9370455064347498
geco22,59,2977,1.935640354944549
geco22,60,2977,1.9536057569294276
geco22,61,2977,1.9405631980601277
geco22,62,2977,1.9329570274365842
geco22,63,2977,1.9468591784245624
geco22,64,2977,1.919611983704495
geco22,65,2977,1.9424810592143937
geco22,66,2977,1.9304983121739325
geco22,67,2977,1.9382516632233844
geco22,68,2977,1.9383297562398965
geco22,69,2977,1.9249781569178808
geco22,70,2977,1.9379969331935463
geco22,71,2977,1.9294374137265913
geco22,72,2977,1.9482880202483361
geco22,73,2977,1.932075272400907
geco22,74,2977,1.9304871897109612
geco22,75,2977,1.9369164038553388
geco22,76,2977,1.9353498280108437
geco22,77,2977,1.9410868969226307
geco22,78,2977,1.9460954086308837
geco22,79,2977,1.9328791138146362
geco22,80,2977,1.9311985557897002
geco22,81,2977,1.9436710397389099
geco22,82,2977,1.938000961882899
geco22,83,2977,1.9331808708480511
geco22,84,2977,1.944392026491841
geco22,85,2977,1.9397698281633802
geco22,86,2977,1.932706859154232
geco22,87,2977,1.943828886453041
geco22,88,2977,1.9358699697354194
geco22,89,2977,1.935101838091055
geco22,90,2977,1.9447193036833825
geco22,91,2977,1.9348901678821486
geco22,92,2977,1.9523748283142766
geco22,93,2977,1.9364835093956005
geco22,94,2977,1.9344314201029507
geco22,95,2977,1.9309484490140556
geco22,96,2977,1.9315267760840926
geco22,97,2977,1.9357795036195466
geco22,98,2977,1.9279198689792314
geco22,99,2977,1.9242214193911131
geco22,100,2977,1.9319026640769337
geco22,101,2977,1.9419839620029602
geco22,102,2977,1.9385757728194806
geco22,103,2977,1.940708148867883
geco22,104,2977,1.9401951624236333
geco22,105,2977,1.928828282047127
geco22,106,2977,1.9292599463727116
geco22,107,2977,1.9299605077731357
geco22,108,2977,1.939704287640793
geco22,109,2977,1.9326547783495076
geco22,110,2977,1.933308461387565
geco22,111,2977,1.9348803268089205
geco22,112,2977,1.9421497020779097
geco22,113,2977,1.9419545002899836
geco22,114,2977,1.9405780006744415
geco22,115,2977,1.9383919087680026
geco22,116,2977,1.9252399320285274
geco22,117,2977,1.9400468851281045
geco22,118,2977,1.9398067168113087
geco22,119,2977,1.937259108979389
geco22,120,2977,1.9537352182979668
geco22,121,2977,1.946131164530279
geco22,122,2977,1.939891924103675
geco22,123,2977,1.9462584629129314
geco22,124,2977,1.9349466207886767
geco22,125,2977,1.9444501349539176
geco22,126,2977,1.9397474550984632
geco22,127,2977,1.9495874468336019
geco22,128,2977,1.9342298421196622
geco22,129,2977,1.9485195930027346
geco22,130,2977,1.9511312600706983
geco22,131,2977,1.945377707361254
geco22,132,2977,1.9368435389089793
geco22,133,2977,1.9402973455673183
geco22,134,2977,1.9380808590961696
geco22,135,2977,1.9325606628356462
geco22,136,2977,1.9429257937153595
geco22,137,2977,1.930291198586953
geco22,138,2977,1.941058788357223
geco22,139,2977,1.9366558921949792
geco22,140,2977,1.952659660751963
geco22,141,2977,1.9493982265729972
geco22,142,2977,1.9529033503277733
geco22,143,2977,1.9336495775883336
geco22,144,2977,1.9511865956053704
geco22,145,2977,1.9442750048549295
geco22,146,2977,1.9390657250017058
geco22,147,2977,1.9396141598118124
geco22,148,2977,1.9549139328438603
geco22,149,2977,1.9453951035084083
geco22,150,2977,1.9272853760339688
geco22,151,2977,1.9339818163209608
geco22,152,2977,1.9365968457556106
geco22,153,2977,1.9422338740073637
geco22,154,2977,1.9446547985237077
geco22,155,2977,1.9393711058053147
geco22,156,2977,1.9481778514837713
geco22,157,2977,1.93923553477048
geco22,158,2977,1.940976897301512
geco22,159,2977,1.9430068954349886
geco22,160,2977,1.942999617141247
geco22,161,2977,1.932835720832371
geco22,162,2977,1.937494490024104
geco22,163,2977,1.943735457764082
geco22,164,2977,1.9263516632069828
geco22,165,2977,1.9385909444740406
geco22,166,2977,1.9437247555969464
geco22,167,2977,1.9480589385155989
geco22,168,2977,1.9424212439411792
geco22,169,2977,1.9400785867103523
geco22,170,2977,1.9386880020587525
geco22,171,2977,1.9365683476477211
geco22,172,2977,1.93515945449947
geco22,173,2977,1.937252035708006
geco22,174,2977,1.933456487530704
geco22,175,2977,1.9491084069664302
geco22,176,2977,1.9392215727478377
geco22,177,2977,1.9354362346840097
geco22,178,2977,1.9453466977294676
geco22,179,2977,1.9388724914284252
geco22,180,2977,1.9457540771566384
geco22,181,2977,1.9481147763550501
geco22,182,2977,1.941633148244615
geco22,183,2977,1.9390653149569879
geco22,184,2977,1.9378414237343067
geco22,185,2977,1.9445610417989745
geco22,186,2977,1.9390862784931873
geco22,187,2977,1.944242488308805
geco22,188,2977,1.9332571442911277
geco22,189,2977,1.9407709267141837
geco22,190,2977,1.9432705080585269
geco22,191,2977,1.9433263458979781
geco22,192,2977,1.9412485570526379
geco22,193,2977,1.933514888149642
geco22,194,2977,1.9423278972611637
geco22,195,2977,1.9330866476974513
geco22,196,2977,1.9505127076138415
geco22,197,2977,1.9473252557530913
geco22,198,2977,1.9430981150080304
geco22,199,2977,1.930001963294109
geco22,200,2977,1.9439400700782825
geco22,201,2977,1.931752823485918
geco22,202,2977,1.931377150766554
geco22,203,2977,1.9374082319921482
geco22,204,2977,1.9365953900968624
geco22,205,2977,1.9411039650340107
geco22,206,2977,1.9419280114012114
geco22,207,2977,1.936595830894934
geco22,208,2977,1.956080663832875
geco22,209,2977,1.9414786946505238
geco22,210,2977,1.9419681240257338
geco22,211,2977,1.9421029723567533
geco22,212,2977,1.93671298067082
geco22,213,2977,1.929474661163648
geco22,214,2977,1.9278140210608807
geco22,215,2977,1.934382471014759
geco22,216,2977,1.933696312435049
geco22,217,2977,1.9476636041520143
geco22,218,2977,1.93054803009597
geco22,219,2977,1.9302836845174987
geco22,220,2977,1.9372449521855055
geco22,221,2977,1.9507619943000505
geco22,222,2977,1.9350020895878821
geco22,223,2977,1.9304328690369656
geco22,224,2977,1.934690465853444
geco22,225,2977,1.928613910668642
geco22,226,2977,1.9367129601685842
geco22,227,2977,1.9355533844598956
geco22,228,2977,1.9433970376073333
geco22,229,2977,1.9351002645444502
geco22,230,2977,1.9418387446661383
geco22,231,2977,1.9507171251568012
geco22,232,2977,1.9423151499959979
geco22,233,2977,1.944566638909373
geco22,234,2977,1.933214458636001
geco22,235,2977,1.9452779896114352
geco22,236,2977,1.93584815791921
geco22,237,2977,1.9401179202499108
geco22,238,2977,1.932042484200157
geco22,239,2977,1.9392198710622586
geco22,240,2977,1.9397550152979484
geco22,241,2977,1.9435245615145806
geco22,242,2977,1.9421997224079268
geco22,243,2977,1.9374838186103223
geco22,244,2977,1.9468835555830377
geco22,245,2977,1.9414152299793206
geco22,246,2977,1.9332485282264942
geco22,247,2977,1.9336544417437989
geco22,248,2977,1.9459923490166144
geco22,249,2977,1.9342047986385202
geco22,250,2977,1.9302467112978472
geco22,251,2977,1.9448385139339757
geco22,252,2977,1.94705257601573
geco22,253,2977,1.933100322688791
geco22,254,2977,1.9379338016836765
geco22,255,2977,1.9398307172411995
geco22,256,2977,1.9364937169462952
geco22,257,2977,1.9360996485957773
geco22,258,2977,1.9421028314038815
geco22,259,2977,1.9386368694824383
geco22,260,2977,1.9420589002379243
geco22,261,2977,1.9371316517044084
geco22,262,2977,1.9420455507195793
geco22,263,2977,1.9341575409847895
geco22,264,2977,1.9533578413302441
geco22,265,2977,1.9431226023660235
geco22,266,2977,1.9514048803481312
geco22,267,2977,1.931340164733005
geco22,268,2977,1.9407835791565085
geco22,269,2977,1.928537009344591
geco22,270,2977,1.9512406318108428
geco22,271,2977,1.9386236839819804
geco22,272,2977,1.9475838402032772
geco22,273,2977,1.9353747202879956
geco22,274,2977,1.9412151614731497
geco22,275,2977,1.9452492711045095
geco22,276,2977,1.9550457724717627
geco22,277,2977,1.9381384191234359
geco22,278,2977,1.937686144925221
geco22,279,2977,1.9371280279342145
geco22,280,2977,1.9414695404021982
geco22,281,2977,1.935372408660899
geco22,282,2977,1.9395529708887933
geco22,283,2977,1.939537481449577
geco22,284,2977,1.9355182256881207
geco22,285,2977,1.928540817634908
geco22,286,2977,1.9304359187445546
geco22,287,2977,1.9419420887489307
geco22,288,2977,1.943703781809629
geco22,289,2977,1.9391229672443158
geco22,290,2977,1.9352357125658697
geco22,291,2977,1.943174747240235
geco22,292,2977,1.9391461398964325
geco22,293,2977,1.9286162222957386
geco22,294,2977,1.9321764048050025
geco22,295,2977,1.938260284413577
geco22,296,2977,1.9398064195288882
geco22,297,2977,1.946861315782654
geco22,298,2977,1.9294608990378055
geco22,299,2977,1.9462488319876212
geco22,300,2977,1.9446882479215652
geco22,301,2977,1.9486954304288608
geco22,302,2977,1.9384984178834608
geco22,303,2977,1.9392114907733378
geco22,304,2977,1.9362874055092951
geco22,305,2977,1.9366206129725683
geco22,306,2977,1.9486838979211716
geco22,307,2977,1.933109835726245
geco22,308,2977,1.9320744061814406
geco22,309,2977,1.927475257491681
geco22,310,2977,1.935924843969784
geco22,311,2977,1.9446590322354194
geco22,312,2977,1.9454521253519823
geco22,313,2977,1.9295107348476996
geco22,314,2977,1.929401832096201
geco22,315,2977,1.9422898143579945
geco22,316,2977,1.9502260658538377
geco22,317,2977,1.9441254820485703
geco22,318,2977,1.945205775611065
geco22,319,2977,1.9367701460300455
geco22,320,2977,1.9354912626851435
geco22,321,2977,1.9440011001089734
geco22,322,2977,1.934435371908919
geco22,323,2977,1.9384210783241178
geco22,324,2977,1.9412528471454984
geco22,325,2977,1.9325183769741192
geco22,326,2977,1.9281278129067643
geco22,327,2977,1.9442581110125545
geco22,328,2977,1.9350844214416647
geco22,329,2977,1.9408930277800376
geco22,330,2977,1.9285459713844553
geco22,331,2977,1.9287595790546535
geco22,332,2977,1.9529721660825443
geco22,333,2977,1.9425556463485683
geco22,334,2977,1.9442388389108163
geco22,335,2977,1.9435039157630374
geco22,336,2977,1.92930611740794
geco22,337,2977,1.935366803862162
geco22,338,2977,1.9384592688640252
geco22,339,2977,1.94464450640129
geco22,340,2977,1.9364494808095791
geco22,341,2977,1.936556235951868
geco22,342,2977,1.9492734397142415
geco22,343,2977,1.9380835243868355
geco22,344,2977,1.9535911798397085
geco22,345,2977,1.9322656766656345
geco22,346,2977,1.9404740953429418
geco22,347,2977,1.9390196052220672
geco22,348,2977,1.9544746109331699
geco22,349,2977,1.9399001660025035
geco22,350,2977,1.9339431183507148
geco22,351,2977,1.9582588726296135
geco22,352,2977,1.9535071719281418
geco22,353,2977,1.9512083997332412
geco22,354,2977,1.9382525345684098
geco22,355,2977,1.9414601708803956
geco22,356,2977,1.947642609862461
geco22,357,2977,1.935445276170038
geco22,358,2977,1.941067727332072
geco22,359,2977,1.9447415844882379
geco22,360,2977,1.9432728863178903
geco22,361,2977,1.9484168255453267
geco22,362,2977,1.9413839435673497
geco22,363,2977,1.9379094604041138
geco22,364,2977,1.936192480157116
geco22,365,2977,1.9419978932722486
geco22,366,2977,1.9512779535685043
geco22,367,2977,1.942326134068877
geco22,368,2977,1.933740843291406
geco22,369,2977,1.9491629121605485
geco22,370,2977,1.9443404274896603
geco22,371,2977,1.9274459802988275
geco22,372,2977,1.9496527003248867
geco22,373,2977,1.9415188277772821
geco22,374,2977,1.9367104076402155
geco22,375,2977,1.9564495503121588
geco22,376,2977,1.9487319039065125
geco22,377,2977,1.9385159267929124
geco22,378,2977,1.9366844466840176
geco22,379,2977,1.9477292113068683
geco22,380,2977,1.9441140725542965
geco22,381,2977,1.9384485666968896
geco22,382,2977,1.9375588516681275
geco22,383,2977,1.9397574089339886
geco22,384,2977,1.940901474701225
geco22,385,2977,1.9489904165988725
geco22,386,2977,1.9468420641831516
geco22,387,2977,1.9331595228949288
geco22,388,2977,1.945742565151185
geco22,389,2977,1.9438687581762917
geco22,390,2977,1.9318815877784368
geco22,391,2977,1.945632837184692
geco22,392,2977,1.9439300239826955
geco22,393,2977,1.9262013613156597
geco22,394,2977,1.9421429158378296
geco22,395,2977,1.9377720339169309
geco22,396,2977,1.9398852711281283
geco22,397,2977,1.9452079488480696
geco22,398,2977,1.9378889786704578
geco22,399,2977,1.9336613561228533
geco22,400,2977,1.9444815443793038
geco22,401,2977,1.9241049769423655
geco22,402,2977,1.9414039178706672
geco22,403,2977,1.9373575197116697
geco22,404,2977,1.9439572509519598
geco22,405,2977,1.9423181381968793
geco22,406,2977,1.9345837209622732
geco22,407,2977,1.932473512956429
geco22,408,2977,1.9277181116013788
geco22,409,2977,1.9325804833721947
geco22,410,2977,1.9422147659235125
geco22,411,2977,1.9278307765131635
geco22,412,2977,1.9413338771073019
geco22,413,2977,1.9467694093847099
geco22,414,2977,1.935663040668563
geco22,415,2977,1.9464474832767362
geco22,416,2977,1.9376227058818127
geco22,417,2977,1.946987153380999
geco22,418,2977,1.9296382946338595
geco22,419,2977,1.9541197889877078
geco22,420,2977,1.9495246023550343
geco22,421,2977,1.9332359859836874
geco22,422,2977,1.93857472720545
geco22,423,2977,1.9409336478348982
geco22,424,2977,1.9354593150760648
geco22,425,2977,1.9483837298110382
geco22,426,2977,1.9431420820529004
geco22,427,2977,1.9459989097320998
geco22,428,2977,1.9459506218410154
geco22,429,2977,1.951943153737574
geco22,430,2977,1.9568984211392157
geco22,431,2977,1.9415233792736502
geco22,432,2977,1.9494848638963171
geco22,433,2977,1.9389380011976587
geco22,434,2977,1.9460980995493444
geco22,435,2977,1.9445407958410312
geco22,436,2977,1.9248235136781078
geco22,437,2977,1.9334463543006146
geco22,438,2977,1.9424715974325295
geco22,439,2977,1.932957970539435
geco22,440,2977,1.9341362904172879
geco22,441,2977,1.940275941233047
geco22,442,2977,1.9356809493716147
geco22,443,2977,1.9450954428286131
geco22,444,2977,1.9507989085757735
geco22,445,2977,1.9449411019968195
geco22,446,2977,1.9378149604733295
geco22,447,2977,1.9345559711859937
geco22,448,2977,1.9248934980603245
geco22,449,2977,1.938060884792852
geco22,450,2977,1.934953955463567
geco22,451,2977,1.9424977429088506
geco22,452,2977,1.945548280838315
geco22,453,2977,1.9328873403367877
geco22,454,2977,1.9402152597403663
geco22,455,2977,1.931722526306829
geco22,456,2977,1.9372605492614603
geco22,457,2977,1.9419398719446748
geco22,458,2977,1.9443280492647406
geco22,459,2977,1.941583261179131
geco22,460,2977,1.9382337852736868
geco22,461,2977,1.9400812212476644
geco22,462,2977,1.9322164302950222
geco22,463,2977,1.9390519782525404
geco22,464,2977,1.94087604680316
geco22,465,2977,1.9415403602505275
geco22,466,2977,1.94697067983446
geco22,467,2977,1.9302628029902429
geco22,468,2977,1.9365015923676572
geco22,469,2977,1.9363540890315334
geco22,470,2977,1.942001445284617
geco22,471,2977,1.9432339628230497
geco22,472,2977,1.942558726809511
geco22,473,2977,1.946066920774112
geco22,474,2977,1.9512117979788404
geco22,475,2977,1.9432870328606557
geco22,476,2977,1.9410306285362255
geco22,477,2977,1.9387746547587494
geco22,478,2977,1.947230350903148
geco22,479,2977,1.9333176720170395
geco22,480,2977,1.942876624228132
geco22,481,2977,1.931121815920757
geco22,482,2977,1.9356885454500126
geco22,483,2977,1.9403018509336554
geco22,484,2977,1.9391963857510444
geco22,485,2977,1.9373068176823092
geco22,486,2977,1.9253930965445367
geco22,487,2977,1.9363597578997576
geco22,488,2977,1.9470841853379162
geco22,489,2977,1.9430711955723043
geco22,490,2977,1.9373259001383656
geco22,491,2977,1.9376314090809488
geco22,492,2977,1.9377832998955533
geco22,493,2977,1.9309078699636668
geco22,494,2977,1.9378061291352189
geco22,495,2977,1.9418862637233767
geco22,496,2977,1.9361536642990138
geco22,497,2977,1.937779299396775
geco22,498,2977,1.9404252231381345
geco22,499,2977,1.9347639099879677
geco22,500,2977,1.9427746025395545
geco22,501,2977,1.9509988668824267
geco22,502,2977,1.9408881636245723
geco22,503,2977,1.9390953097280976
geco22,504,2977,1.9270714147002015
geco22,505,2977,1.9439278097412191
geco22,506,2977,1.9342515437363537
geco22,507,2977,1.9317118343908113
geco22,508,2977,1.9299683755061592
geco22,509,2977,1.942621653297022
geco22,510,2977,1.9395169330836544
geco22,511,2977,1.9452835405918028
geco22,512,2977,1.9397406176027934
geco22,513,2977,1.9376805273125866
geco22,514,2977,1.937163768456933
geco22,515,2977,1.9393409982719076
geco22,516,2977,1.9407740071751265
geco22,517,2977,1.9382060970041148
geco22,518,2977,1.9511232026919927
geco22,519,2977,1.9403284884636378
geco22,520,2977,1.9416023487607466
geco22,521,2977,1.9417772687118167
geco22,522,2977,1.9504508728703918
geco22,523,2977,1.9385799860289563
geco22,524,2977,1.9464561762247543
geco22,525,2977,1.9432075661943389
geco22,526,2977,1.9470693878491612
geco22,527,2977,1.9335460310459618
geco22,528,2977,1.945556261333636
geco22,529,2977,1.947474127613461
geco22,530,2977,1.9512849909609742
geco22,531,2977,1.9437624182042796
geco22,532,2977,1.9400498528267498
geco22,533,2977,1.9454100188850196
geco22,534,2977,1.9552916045312239
geco22,535,2977,1.9444169982151573
geco22,536,2977,1.9445578537012933
geco22,537,2977,1.9428531337913588
geco22,538,2977,1.939894978936823
geco22,539,2977,1.9352280806085589
geco22,540,2977,1.9549176898785874
geco22,541,2977,1.9404089033583647
geco22,542,2977,1.9230903443530938
geco22,543,2977,1.943559333306653
geco22,544,2977,1.927865412477923
geco22,545,2977,1.943592311153085
geco22,546,2977,1.931278181348345
geco22,547,2977,1.9364070001768112
geco22,548,2977,1.9331282928641065
geco22,549,2977,1.9406182363123792
geco22,550,2977,1.9474118571974985
geco22,551,2977,1.9456584649795567
geco22,552,2977,1.935099347069394
geco22,553,2977,1.9334490657213113
geco22,554,2977,1.9351858716304164
geco22,555,2977,1.9364597216764072
geco22,556,2977,1.9360124500237499
geco22,557,2977,1.9353791667104048
geco22,558,2977,1.9386533122756235
geco22,559,2977,1.9280511652978827
geco22,560,2977,1.9353439438691427
geco22,561,2977,1.9471241698234643
geco22,562,2977,1.936120671075905
geco22,563,2977,1.9277706434552926
geco22,564,2977,1.9394913514188203
geco22,565,2977,1.9263054562928414
geco22,566,2977,1.9481177184259006
geco22,567,2977,1.9493768888709928
geco22,568,2977,1.9258765443924253
geco22,569,2977,1.9366622171347518
geco22,570,2977,1.9367213660852998
geco22,571,2977,1.939169353553021
geco22,572,2977,1.9452597067425785
geco22,573,2977,1.9301623727877268
geco22,574,2977,1.9306944929436225
geco22,575,2977,1.9563332462535035
geco22,576,2977,1.9369286180623715
geco22,577,2977,1.9433654282851471
geco22,578,2977,1.9399611806565176
geco22,579,2977,1.9447957052654334
geco22,580,2977,1.9247004592582848
geco22,581,2977,1.932373200641769
geco22,582,2977,1.9341960954393842
geco22,583,2977,1.9503845942673124
geco22,584,2977,1.9554273754628584
geco22,585,2977,1.9345522192768254
geco22,586,2977,1.937571634812206
geco22,587,2977,1.939907106009353
geco22,588,2977,1.9402229019487949
geco22,589,2977,1.932908724168823
geco22,590,2977,1.9465568832074551
geco22,591,2977,1.9524106405948207
geco22,592,2977,1.9335430018406088
geco22,593,2977,1.9441261996268264
geco22,594,2977,1.9418570531627897
geco22,595,2977,1.944434317478927
geco22,596,2977,1.938460457993707
geco22,597,2977,1.9512264109474722
geco22,598,2977,1.934855021924271
geco22,599,2977,1.9362555296580424
geco22,600,2977,1.9470773222144515
geco22,601,2977,1.9406276673408895
geco22,602,2977,1.9482044582604001
geco22,603,2977,1.9437515212659031
geco22,604,2977,1.9347626542260192
geco22,605,2977,1.9338580955784714
geco22,606,2977,1.9414480335567477
geco22,607,2977,1.9424857080963822
geco22,608,2977,1.9378238738203835
geco22,609,2977,1.9390930493565905
geco22,610,2977,1.934836077858307
geco22,611,2977,1.9442724728287968
geco22,612,2977,1.9480179494204921
geco22,613,2977,1.9439982246703897
geco22,614,2977,1.935681241528476
geco22,615,2977,1.9280485666394835
geco22,616,2977,1.9319235097252765
geco22,617,2977,1.9389482164366918
geco22,618,2977,1.9352315967420144
geco22,619,2977,1.932415671023419
geco22,620,2977,1.9473373623233856
geco22,621,2977,1.9402796162588307
geco22,622,2977,1.9346054123278469
geco22,623,2977,1.9474338150921386
geco22,624,2977,1.9324724160868088
geco22,625,2977,1.9280870749640473
geco22,626,2977,1.939458271061209
geco22,627,2977,1.9366935343000766
geco22,628,2977,1.9309877005446705
geco22,629,2977,1.942625815250908
geco22,630,2977,1.9443282594126585
geco22,631,2977,1.9411375989519912
geco22,632,2977,1.944223718511846
geco22,633,2977,1.9374940441004733
geco22,634,2977,1.9269399441125452
geco22,635,2977,1.948393832287774
geco22,636,2977,1.9427377779611132
geco22,637,2977,1.9331999533041075
geco22,638,2977,1.9426807099875083
geco22,639,2977,1.9494307328680036
geco22,640,2977,1.9289082920226948
geco22,641,2977,1.951204319788299
geco22,642,2977,1.9365466357799117
geco22,643,2977,1.9436154069218172
geco22,644,2977,1.9431878789223238
geco22,645,2977,1.9419948435646597
geco22,646,2977,1.9333417775208894
geco22,647,2977,1.9420574368908377
geco22,648,2977,1.9294990229454463
geco22,649,2977,1.9419903125705278
geco22,650,2977,1.944689841970406
geco22,651,2977,1.9413712424322147
geco22,652,2977,1.9453528381491172
geco22,653,2977,1.9292975372222194
geco22,654,2977,1.935911942937849
geco22,655,2977,1.9301095590280695
geco22,656,2977,1.9479973856778925
geco22,657,2977,1.9368285722767782
geco22,658,2977,1.9401452087258828
geco22,659,2977,1.953683803815909
geco22,660,2977,1.943234823916957
geco22,661,2977,1.9419477294265803
geco22,662,2977,1.9245331968923203
geco22,663,2977,1.9391253506292383
geco22,664,2977,1.9446752751318048
geco22,665,2977,1.9401620103081962
geco22,666,2977,1.9374197132442477
geco22,667,2977,1.9340811752816516
geco22,668,2977,1.9451362832825096
geco22,669,2977,1.9407487637971848
geco22,670,2977,1.947678078730554
geco22,671,2977,1.940723474289212
geco22,672,2977,1.9462543112101633
geco22,673,2977,1.9409070205560337
geco22,674,2977,1.9423224334152986
geco22,675,2977,1.9453706238387534
geco22,676,2977,1.947501626237351
geco22,677,2977,1.9408140121629105
geco22,678,2977,1.9349312748651117
geco22,679,2977,1.9379394449241056
geco22,680,2977,1.9344770888333997
geco22,681,2977,1.9358213999385918
geco22,682,2977,1.9477978322903982
geco22,683,2977,1.9325263523438811
geco22,684,2977,1.9457550663895202
geco22,685,2977,1.955999136691851
geco22,686,2977,1.948020999128081
geco22,687,2977,1.9331391436724523
geco22,688,2977,1.9400683253412885
geco22,689,2977,1.9442247436236406
geco22,690,2977,1.9358630041007752
geco22,691,2977,1.9460385815585504
geco22,692,2977,1.9410640420551704
geco22,693,2977,1.9388414920477568
geco22,694,2977,1.9369041025138038
geco22,695,2977,1.9409450009480234
geco22,696,2977,1.9390799228000608
geco22,697,2977,1.9402484374835982
geco22,698,2977,1.9337574193491245
geco22,699,2977,1.9351813201340486
geco22,700,2977,1.9456961070846541
geco22,701,2977,1.9430870438006487
geco22,702,2977,1.9361820650212829
geco22,703,2977,1.9345051615198947
geco22,704,2977,1.9459194789446959
geco22,705,2977,1.9307763634970976
geco22,706,2977,1.943136484942502
geco22,707,2977,1.94071704683826
geco22,708,2977,1.943830577887502
geco22,709,2977,1.9485634062808355
geco22,710,2977,1.9329878781760423
geco22,711,2977,1.9414146661678335
geco22,712,2977,1.9466690406889013
geco22,713,2977,1.941007635278673
geco22,714,2977,1.9397207099317424
geco22,715,2977,1.9237906981683794
geco22,716,2977,1.9372018667367787
geco22,717,2977,1.9346656991524869
geco22,718,2977,1.947769651967165
geco22,719,2977,1.9341537173177958
geco22,720,2977,1.9336411921738537
geco22,721,2977,1.935273359796526
geco22,722,2977,1.9463664276871377
geco22,723,2977,1.935216676239844
geco22,724,2977,1.9501379779973285
geco22,725,2977,1.9344762174883745
geco22,726,2977,1.9414264959579433
geco22,727,2977,1.9389653870592511
geco22,728,2977,1.9419395541600184
geco22,729,2977,1.9330360994348599
geco22,730,2977,1.9377044585474315
geco22,731,2977,1.9438201525005512
geco22,732,2977,1.932510309344296
geco22,733,2977,1.9302907782911174
geco22,734,2977,1.9353638617913116
geco22,735,2977,1.9487519960976865
geco22,736,2977,1.937663033779812
geco22,737,2977,1.938850000475652
geco22,738,2977,1.9438505778186146
geco22,739,2977,1.9470311921836947
geco22,740,2977,1.9450027112156743
geco22,741,2977,1.9437255141796743
geco22,742,2977,1.9439325098787974
geco22,743,2977,1.9492924145335593
geco22,744,2977,1.9528895420719001
geco22,745,2977,1.9527823973871294
geco22,746,2977,1.943751003584447
geco22,747,2977,1.9442184801905757
geco22,748,2977,1.9217456513937583
geco22,749,2977,1.9415675359642022
geco22,750,2977,1.9371210392345548
geco22,751,2977,1.9418777194165686
geco22,752,2977,1.9334357033890688
geco22,753,2977,1.937829240280628
geco22,754,2977,1.9343491548814347
geco22,755,2977,1.9460753420675045
geco22,756,2977,1.9327067207641397
geco22,757,2977,1.9435626495433085
geco22,758,2977,1.9426597951441191
geco22,759,2977,1.9227696201886992
geco22,760,2977,1.9388633371800996
geco22,761,2977,1.9328091191813015
geco22,762,2977,1.93347357614432
geco22,763,2977,1.939934479057048
geco22,764,2977,1.9352820245539697
geco22,765,2977,1.949765301167184
geco22,766,2977,1.9286045257701623
geco22,767,2977,1.9379766539194698
geco22,768,2977,1.9451219573451803
geco22,769,2977,1.935819652122982
geco22,770,2977,1.9437242122876952
geco22,771,2977,1.9503804220623084
geco22,772,2977,1.946721739123482
geco22,773,2977,1.9514626351466386
geco22,774,2977,1.9345564273607423
geco22,775,2977,1.9302183438917115
geco22,776,2977,1.9464601229051635
geco22,777,2977,1.944382759481218
geco22,778,2977,1.9288689917992696
geco22,779,2977,1.9423606854619138
geco22,780,2977,1.947193769788758
geco22,781,2977,1.9442139594475616
geco22,782,2977,1.9344657767247464
geco22,783,2977,1.9427789490135636
geco22,784,2977,1.9496933613842191
geco22,785,2977,1.952796049313454
geco22,786,2977,1.9408768002603292
geco22,787,2977,1.9341386430488563
geco22,788,2977,1.9473944610503444
geco22,789,2977,1.9455019560363176
geco22,790,2977,1.9428863115345907
geco22,791,2977,1.9484024175990537
geco22,792,2977,1.9224946031964463
geco22,793,2977,1.952018601965656
geco22,794,2977,1.9427586543628101
geco22,795,2977,1.9381507358416479
geco22,796,2977,1.9467911007502834
geco22,797,2977,1.9370297658431437
geco22,798,2977,1.9397108483562784
geco22,799,2977,1.9487923393723625
geco22,800,2977,1.9451174571044019
geco22,801,2977,1.9411422529595388
geco22,802,2977,1.9448098928126705
geco22,803,2977,1.9446367770583588
geco22,804,2977,1.9466372417210331
geco22,805,2977,1.927293300148141
geco22,806,2977,1.9449900767128059
geco22,807,2977,1.9428111400866932
geco22,808,2977,1.9284254336140882
geco22,809,2977,1.9368599355721337
geco22,810,2977,1.9432055057196318
geco22,811,2977,1.9458833591306133
geco22,812,2977,1.9492365356896362
geco22,813,2977,1.9415329640689296
geco22,814,2977,1.9473637281987424
geco22,815,2977,1.9498970510978044
geco22,816,2977,1.9446261569001668
geco22,817,2977,1.930658742169786
geco22,818,2977,1.9512314442463838
geco22,819,2977,1.9347354836379036
geco22,820,2977,1.9350773276680462
geco22,821,2977,1.9368616526343896
geco22,822,2977,1.9387133633245508
geco22,823,2977,1.9428340359586256
geco22,824,2977,1.9479188928677806
geco22,825,2977,1.9534376539717915
geco22,826,2977,1.9461332096283093
geco22,827,2977,1.9354283464487503
geco22,828,2977,1.9362683384299157
geco22,829,2977,1.9430711494422737
geco22,830,2977,1.9484633451185653
geco22,831,2977,1.9313894213547353
geco22,832,2977,1.9389175604684745
geco22,833,2977,1.933178436207539
geco22,834,2977,1.929159777573703
geco22,835,2977,1.9323229932288495
geco22,836,2977,1.9348076617593608
geco22,837,2977,1.9295482334371457
geco22,838,2977,1.9354671776835295
geco22,839,2977,1.9421035105404454
geco22,840,2977,1.936192674928357
geco22,841,2977,1.9341443324193164
geco22,842,2977,1.9481567649341567
geco22,843,2977,1.9404603434682173
geco22,844,2977,1.9319620436776352
geco22,845,2977,1.9463727577524694
geco22,846,2977,1.9434433880371258
geco22,847,2977,1.93272618251156
geco22,848,2977,1.9464661813158697
geco22,849,2977,1.9380097368398608
geco22,850,2977,1.9363474924371353
geco22,851,2977,1.9402605645561282
geco22,852,2977,1.9505441477925816
geco22,853,2977,1.9467226027801687
geco22,854,2977,1.9465726699290917
geco22,855,2977,1.9440100749627351
geco22,856,2977,1.9440682705593142
geco22,857,2977,1.9289323206431601
geco22,858,2977,1.9491555416067454
geco22,859,2977,1.9371877304451315
geco22,860,2977,1.938739462670841
geco22,861,2977,1.9367263583797394
geco22,862,2977,1.9330702869132097
geco22,863,2977,1.9409842319764024
geco22,864,2977,1.9357752135266864
geco22,865,2977,1.928460174652807
geco22,866,2977,1.935710062546581
geco22,867,2977,1.9338518628987602
geco22,868,2977,1.9425962100222802
geco22,869,2977,1.931043364115117
geco22,870,2977,1.9431062236423255
geco22,871,2977,1.9347046431495634
geco22,872,2977,1.9489417391653063
geco22,873,2977,1.9460277512524407
geco22,874,2977,1.9376864268309644
geco22,875,2977,1.9422873540896877
geco22,876,2977,1.9450243205723043
geco22,877,2977,1.9419983955770281
geco22,878,2977,1.9400993452241928
geco22,879,2977,1.9359353206123247
geco22,880,2977,1.9373043061584123
geco22,881,2977,1.9399593764597591
geco22,882,2977,1.9452140175098935
geco22,883,2977,1.9479829469782657
geco22,884,2977,1.945176026866786
geco22,885,2977,1.9322452051830965
geco22,886,2977,1.9466759704446328
geco22,887,2977,1.9464780213570971
geco22,888,2977,1.9489481461140226
geco22,889,2977,1.9457037749208779
geco22,890,2977,1.9248477524464909
geco22,891,2977,1.9394684299190932
geco22,892,2977,1.9358690676370403
geco22,893,2977,1.955297047874853
geco22,894,2977,1.9386168593002078
geco22,895,2977,1.9309631183638363
geco22,896,2977,1.9394417975146698
geco22,897,2977,1.9385481153032624
geco22,898,2977,1.9513340681881404
geco22,899,2977,1.9519661521206857
geco22,900,2977,1.9416772793073722
geco22,901,2977,1.9445087354696553
geco22,902,2977,1.9504373003902313
geco22,903,2977,1.9375506712760067
geco22,904,2977,1.9416428560533097
geco22,905,2977,1.9411752615593245
geco22,906,2977,1.9509085596588822
geco22,907,2977,1.9333777691959975
geco22,908,2977,1.9373205029247669
geco22,909,2977,1.9350395112939436
geco22,910,2977,1.9346991588014621
geco22,911,2977,1.9476185351119653
geco22,912,2977,1.9270181960213852
geco22,913,2977,1.939320055237944
geco22,914,2977,1.9502714270507484
geco22,915,2977,1.93895346500908
geco22,916,2977,1.9464557405522416
geco22,917,2977,1.9397037750848956
geco22,918,2977,1.927074192753165
geco22,919,2977,1.9264818729071318
geco22,920,2977,1.9441862455501948
geco22,921,2977,1.9461997342582193
geco22,922,2977,1.93952723545719
geco22,923,2977,1.9348044582850028
geco22,924,2977,1.9392073493216877
geco22,925,2977,1.942790355945058
geco22,926,2977,1.9512926639227568
geco22,927,2977,1.9411152002592795
geco22,928,2977,1.9345762273950549
geco22,929,2977,1.9470364920116727
geco22,930,2977,1.9341224411569429
geco22,931,2977,1.9518256913025906
geco22,932,2977,1.9462843982413347
geco22,933,2977,1.9457662144802863
geco22,934,2977,1.9382422116926383
geco22,935,2977,1.9416323179040613
geco22,936,2977,1.9335376558825998
geco22,937,2977,1.9355068238821853
geco22,938,2977,1.9449128037857297
geco22,939,2977,1.9482965235506724
geco22,940,2977,1.9353242617226865
geco22,941,2977,1.9361053917846065
geco22,942,2977,1.9427468040704647
geco22,943,2977,1.9390036237291894
geco22,944,2977,1.9378069492246546
geco22,945,2977,1.9334972049711854
geco22,946,2977,1.9441081832870366
geco22,947,2977,1.94932699667995
geco22,948,2977,1.9420086723227687
geco22,949,2977,1.941534224956437
geco22,950,2977,1.9408495937933008
geco22,951,2977,1.928473608742875
geco22,952,2977,1.9409424842985676
geco22,953,2977,1.9408125257508082
geco22,954,2977,1.9428186592817067
geco22,955,2977,1.947827247873344
geco22,956,2977,1.9397412608604443
geco22,957,2977,1.9365915305509558
geco22,958,2977,1.9406826440864335
geco22,959,2977,1.9420707684697263
geco22,960,2977,1.9390457096939164
geco22,961,2977,1.9322023811378775
geco22,962,2977,1.9390364734366472
geco22,963,2977,1.9502500534698313
geco22,964,2977,1.9473389461211081
geco22,965,2977,1.940218893761678
geco22,966,2977,1.931321251420395
geco22,967,2977,1.936459178367156
geco22,968,2977,1.9426708535376034
geco22,969,2977,1.9305677071168674
geco22,970,2977,1.93135022107971
geco22,971,2977,1.9246416280923933
geco22,972,2977,1.9429754757584843
geco22,973,2977,1.9447505106491894
geco22,974,2977,1.9392854782171125
geco22,975,2977,1.9331713475594794
geco22,976,2977,1.9367954714169309
geco22,977,2977,1.9379008238372444
geco22,978,2977,1.940331281893278
geco22,979,2977,1.9417062079622156
geco22,980,2977,1.9335695368594117
geco22,981,2977,1.9363513519830418
geco22,982,2977,1.9446569973885073
geco22,983,2977,1.928728079931985
geco22,984,2977,1.9376996251453198
geco22,985,2977,1.9349804084734266
geco22,986,2977,1.9356983019515177
geco22,987,2977,1.935424020476977
geco22,988,2977,1.9410170944977576
geco22,989,2977,1.931334116573417
geco22,990,2977,1.9548480104671295
geco22,991,2977,1.9376403275535616
geco22,992,2977,1.9481620314460013
geco22,993,2977,1.933666907103221
geco22,994,2977,1.9368230212964106
geco22,995,2977,1.9391000406190297
geco22,996,2977,1.921394309702839
geco22,997,2977,1.953480437012539
geco22,998,2977,1.9362844660012242
geco22,999,2977,1.9325927718998324
geco22,1000,2977,1.937096444239823
geco22,1001,2977,1.9395102109130613
geco22,1002,2977,1.9366985291572958
geco22,1003,2977,1.949603830682859
geco22,1004,2977,1.9395260206997134
geco22,1005,2977,1.939328189500034
geco22,1006,2977,1.943600681190888
geco22,1007,2977,1.9463907869061567
geco22,1008,2977,1.9444871850569536
geco22,1009,2977,1.9353610734872302
geco22,1010,2977,1.944559042830975
geco22,1011,2977,1.93655582590715
geco22,1012,2977,1.9360083803299253
geco22,1013,2977,1.950406160056691
geco22,1014,2977,1.9323875932113652
geco22,1015,2977,1.9433477041022185
geco22,1016,2977,1.9358963048574225
geco22,1017,2977,1.9454242525622873
geco22,1018,2977,1.9396146416143558
geco22,1019,2977,1.9463617275495597
geco22,1020,2977,1.9374349310288383
geco22,1021,2977,1.9349961183116786
geco22,1022,2977,1.9460540761233258
geco22,1023,2977,1.9372843779851256
geco22,1024,2977,1.9415909495175905
geco22,1025,2977,1.9485460921426248
geco22,1026,2977,1.9413941793086187
geco22,1027,2977,1.9398120012626097
geco22,1028,2977,1.94211861043718
geco22,1029,2977,1.9351424940248283
geco22,1030,2977,1.9320820125109563
geco22,1031,2977,1.953431718574501
geco22,1032,2977,1.9422442327620482
geco22,1033,2977,1.9323905711611284
geco22,1034,2977,1.9544913561343347
geco22,1035,2977,1.9404110663442513
geco22,1036,2977,1.9410045804455252
geco22,1037,2977,1.9352721911690802
geco22,1038,2977,1.94366834369489
geco22,1039,2977,1.927967121507403
geco22,1040,2977,1.9427047591102096
geco22,1041,2977,1.9394437247248435
geco22,1042,2977,1.9339596790317566
geco22,1043,2977,1.9405819524804098
geco22,1044,2977,1.9439712181001612
geco22,1045,2977,1.9182273549524216
geco22,1046,2977,1.9450131673559792
geco22,1047,2977,1.9406598763534757
geco22,1048,2977,1.9465827519035916
geco22,1049,2977,1.9314135319841441
geco22,1050,2977,1.9327555980945057
geco22,1051,2977,1.9295453785007979
geco22,1052,2977,1.9449001077761536
geco22,1053,2977,1.9485315816851723
geco22,1054,2977,1.949570547865668
geco22,1055,2977,1.9343192985004172
geco22,1056,2977,1.94331690461835
geco22,1057,2977,1.9294013195403037
geco22,1058,2977,1.9463000209450843
geco22,1059,2977,1.9411850001213733
geco22,1060,2977,1.9314851667963502
geco22,1061,2977,1.9362639919559068
geco22,1062,2977,1.9438974664320992
geco22,1063,2977,1.9357249574209565
geco22,1064,2977,1.9390113120676489
geco22,1065,2977,1.9411181218278941
geco22,1066,2977,1.9369028723796502
geco22,1067,2977,1.9424482812647617
geco22,1068,2977,1.9452953703819125
geco22,1069,2977,1.9418358487253187
geco22,1070,2977,1.9437397683591782
geco22,1071,2977,1.9276161898612014
geco22,1072,2977,1.9372230557975731
geco22,1073,2977,1.9470810638725016
geco22,1074,2977,1.9469772097965916
geco22,1075,2977,1.9600617726216751
geco22,1076,2977,1.9415316519258323
geco22,1077,2977,1.9373437780880631
geco22,1078,2977,1.9358649979432156
geco22,1079,2977,1.9407715827857324
geco22,1080,2977,1.9324035593275661
geco22,1081,2977,1.9417683246114088
geco22,1082,2977,1.942925870598744
geco22,1083,2977,1.9416515695035639
geco22,1084,2977,1.9516071425935426
geco22,1085,2977,1.9419865247824466
geco22,1086,2977,1.9505292067881754
geco22,1087,2977,1.9325426823747691
geco22,1088,2977,1.9547603147158816
geco22,1089,2977,1.9333934534064547
geco22,1090,2977,1.939619741545534
geco22,1091,2977,1.942393258389187
geco22,1092,2977,1.935686946275613
geco22,1093,2977,1.94155392247957
geco22,1094,2977,1.9338213145672813
geco22,1095,2977,1.936911980497945
geco22,1096,2977,1.9500360870105051
geco22,1097,2977,1.9376614089776174
geco22,1098,2977,1.9400217211963269
geco22,1099,2977,1.955024516778702
geco22,1100,2977,1.9429902783727981
geco22,1101,2977,1.9414604245955647
geco22,1102,2977,1.9367678779702
geco22,1103,2977,1.9263328011499623
geco22,1104,2977,1.9349555648890846
geco22,1105,2977,1.944233011150264
geco22,1106,2977,1.9435615680503653
geco22,1107,2977,1.9406407733951834
geco22,1108,2977,1.9429712574234497
geco22,1109,2977,1.9525153301368434
geco22,1110,2977,1.9544591830006612
geco22,1111,2977,1.9393425461907174
geco22,1112,2977,1.9442715553537406
geco22,1113,2977,1.9326023848856861
geco22,1114,2977,1.9383243795285339
geco22,1115,2977,1.937397232542592
geco22,1116,2977,1.950758257767559
geco22,1117,2977,1.9389425578195856
geco22,1118,2977,1.9545062971387408
geco22,1119,2977,1.933185627366778
geco22,1120,2977,1.9444191150710133
geco22,1121,2977,1.948945603836772
geco22,1122,2977,1.9294504223952647
geco22,1123,2977,1.9441322221586197
geco22,1124,2977,1.955283313939585
geco22,1125,2977,1.9536817638434376
geco22,1126,2977,1.9449127474045809
geco22,1127,2977,1.9449228345046397
geco22,1128,2977,1.9438245041001192
geco22,1129,2977,1.9377496736659112
geco22,1130,2977,1.945529516166915
geco22,1131,2977,1.9324050149863143
geco22,1132,2977,1.946424861622209
geco22,1133,2977,1.9424680505457204
geco22,1134,2977,1.9413505095461692
geco22,1135,2977,1.9408268568136966
geco22,1136,2977,1.9344329577706427
geco22,1137,2977,1.9344733164219958
geco22,1138,2977,1.9460805035053903
geco22,1139,2977,1.9373205131758848
geco22,1140,2977,1.9499609104370486
geco22,1141,2977,1.949456073631566
geco22,1142,2977,1.9299387959053262
geco22,1143,2977,1.9385852551035805
geco22,1144,2977,1.9344856280146487
geco22,1145,2977,1.9441743798811724
geco22,1146,2977,1.9514749390509532
geco22,1147,2977,1.939176580591173
geco22,1148,2977,1.942399327051011
geco22,1149,2977,1.9399672698205777
geco22,1150,2977,1.936884717649768
geco22,1151,2977,1.949087217905636
geco22,1152,2977,1.9471794233491928
geco22,1153,2977,1.9405422242728103
geco22,1154,2977,1.925817825988831
geco22,1155,2977,1.9480000868474712
geco22,1156,2977,1.9470912944882117
geco22,1157,2977,1.9394187017459377
geco22,1158,2977,1.9392800143712472
geco22,1159,2977,1.9516540158303504
geco22,1160,2977,1.9375693283106683
geco22,1161,2977,1.938467075090341
geco22,1162,2977,1.9446009801544917
geco22,1163,2977,1.9359180269763498
geco22,1164,2977,1.949917845490558
geco22,1165,2977,1.9462104415509138
geco22,1166,2977,1.9384007862361439
geco22,1167,2977,1.9301350125539292
geco22,1168,2977,1.9552233935924117
geco22,1169,2977,1.9369927849351538
geco22,1170,2977,1.9456946257981111
geco22,1171,2977,1.9489285716043048
geco22,1172,2977,1.9465782926672852
geco22,1173,2977,1.9336394699860389
geco22,1174,2977,1.9424231609002351
geco22,1175,2977,1.9334174256457712
geco22,1176,2977,1.9393339608794378
geco22,1177,2977,1.9272216089547862
geco22,1178,2977,1.9332993173903574
geco22,1179,2977,1.9348399989109213
geco22,1180,2977,1.94306692598168
geco22,1181,2977,1.9465940025055373
geco22,1182,2977,1.942936295985695
geco22,1183,2977,1.9380239705171287
geco22,1184,2977,1.9409299138651865
geco22,1185,2977,1.9388533064611895
geco22,1186,2977,1.945869486805253
geco22,1187,2977,1.938305599480457
geco22,1188,2977,1.9334462133477428
geco22,1189,2977,1.938906648153421
geco22,1190,2977,1.9328180427794734
geco22,1191,2977,1.9427139748652429
geco22,1192,2977,1.9377247660120822
geco22,1193,2977,1.9349374947309255
geco22,1194,2977,1.9363241865204852
geco22,1195,2977,1.936714287688358
geco22,1196,2977,1.9473191153334417
geco22,1197,2977,1.9362282719354242
geco22,1198,2977,1.9376917317845015
geco22,1199,2977,1.9354070907556895
geco22,1200,2977,1.9347559961249134
geco22,1201,2977,1.9378988556225987
geco22,1202,2977,1.9408569489704268
geco22,1203,2977,1.933982059785012
geco22,1204,2977,1.948147959223841
geco22,1205,2977,1.949230382456089
geco22,1206,2977,1.93756348004788
geco22,1207,2977,1.9427717629798835
geco22,1208,2977,1.9318104245176562
geco22,1209,2977,1.9295369520818462
geco22,1210,2977,1.9429906474130443
geco22,1211,2977,1.9325737612016016
geco22,1212,2977,1.9304651241795825
geco22,1213,2977,1.9513552828767293
geco22,1214,2977,1.9376677646707439
geco22,1215,2977,1.9316832670878756
geco22,1216,2977,1.931974985714042
geco22,1217,2977,1.93423923470648
geco22,1218,2977,1.9355531589353008
geco22,1219,2977,1.9288822029275225
geco22,1220,2977,1.9261769534038304
geco22,1221,2977,1.9437881100686316
geco22,1222,2977,1.9281400578671508
geco22,1223,2977,1.9523158587582927
geco22,1224,2977,1.9487587797749872
geco22,1225,2977,1.9454230993115185
geco22,1226,2977,1.9356091505415214
geco22,1227,2977,1.9345251845160225
geco22,1228,2977,1.935433254171467
geco22,1229,2977,1.9391657323456066
geco22,1230,2977,1.935363385114327
geco22,1231,2977,1.9352275475504257
geco22,1232,2977,1.9422370441655885
geco22,1233,2977,1.9441450847488624
geco22,1234,2977,1.932665485642202
geco22,1235,2977,1.9353192796793648
geco22,1236,2977,1.9374494414862908
geco22,1237,2977,1.93294112795265
geco22,1238,2977,1.9417069870471795
geco22,1239,2977,1.9329134319947396
geco22,1240,2977,1.9454605773987288
geco22,1241,2977,1.9347715316941605
geco22,1242,2977,1.9359599156070564
geco22,1243,2977,1.9514261181017356
geco22,1244,2977,1.9556344019153353
geco22,1245,2977,1.9505557084908451
geco22,1246,2977,1.93521484897807
geco22,1247,2977,1.9245047961700512
geco22,1248,2977,1.9445927280045452
geco22,1249,2977,1.939526018136934
geco22,1250,2977,1.942381269706749
geco22,1251,2977,1.9500218405193397
geco22,1252,2977,1.9450287823713903
geco22,1253,2977,1.9352488083690456
geco22,1254,2977,1.9409045423482703
geco22,1255,2977,1.9400112266143297
geco22,1256,2977,1.9499250879053867
geco22,1257,2977,1.9302185566024088
geco22,1258,2977,1.950046881437702
geco22,1259,2977,1.9522048237742615
geco22,1260,2977,1.9457443385945898
geco22,1261,2977,1.9465655761554732
geco22,1262,2977,1.9442130163447104
geco22,1263,2977,1.9499800287720177
geco22,1264,2977,1.9476488271654953
geco22,1265,2977,1.9534535098884744
geco22,1266,2977,1.9304805598004295
geco22,1267,2977,1.9461717922734783
geco22,1268,2977,1.9449322065892218
geco22,1269,2977,1.9397929444343482
geco22,1270,2977,1.9476743550119602
geco22,1271,2977,1.936286513662034
geco22,1272,2977,1.9469412540003963
geco22,1273,2977,1.9291743700400992
geco22,1274,2977,1.936237585076078
geco22,1275,2977,1.9356728766162323
geco22,1276,2977,1.940152927817696
geco22,1277,2977,1.946233173404959
geco22,1278,2977,1.9411397901284522
geco22,1279,2977,1.9460150706195414
geco22,1280,2977,1.9453430124525661
geco22,1281,2977,1.9368240822871179
geco22,1282,2977,1.9390740181561241
geco22,1283,2977,1.9381626066362294
geco22,1284,2977,1.936679828555383
geco22,1285,2977,1.9397628830309719
geco22,1286,2977,1.9394878711642778
geco22,1287,2977,1.947839974636274
geco22,1288,2977,1.942567230111847
geco22,1289,2977,1.9412019964749276
geco22,1290,2977,1.948298461011964
geco22,1291,2977,1.9552139625639013
geco22,1292,2977,1.9477621737766233
geco22,1293,2977,1.9410837600805393
geco22,1294,2977,1.9381442571351062
geco22,1295,2977,1.9366459537361307
geco22,1296,2977,1.9486565838174048
geco22,1297,2977,1.9347932486875288
geco22,1298,2977,1.9352876754827375
geco22,1299,2977,1.9501847282207208
geco22,1300,2977,1.9446865564871043
geco22,1301,2977,1.9396067226257427
geco22,1302,2977,1.9371542144150073
geco22,1303,2977,1.940739435279854
geco22,1304,2977,1.946051743993993
geco22,1305,2977,1.9348218288043622
geco22,1306,2977,1.9549852652480868
geco22,1307,2977,1.9436853349228853
geco22,1308,2977,1.938963990344431
geco22,1309,2977,1.9413149330413377
geco22,1310,2977,1.9381681986210688
geco22,1311,2977,1.9393188456060264
geco22,1312,2977,1.9330654381344212
geco22,1313,2977,1.9490260187314987
geco22,1314,2977,1.9332911831282673
geco22,1315,2977,1.9441623322548063
geco22,1316,2977,1.9303312266397523
geco22,1317,2977,1.9427648614147264
geco22,1318,2977,1.944513148575931
geco22,1319,2977,1.9442348409748174
geco22,1320,2977,1.9476531018816787
geco22,1321,2977,1.937667754419626
geco22,1322,2977,1.93262038072324
geco22,1323,2977,1.9566836576554694
geco22,1324,2977,1.9350890754492123
geco22,1325,2977,1.9396557075928473
geco22,1326,2977,1.9490107650679953
geco22,1327,2977,1.9414181976779659
geco22,1328,2977,1.9329442699203003
geco22,1329,2977,1.9409773227229068
geco22,1330,2977,1.9374720605780384
geco22,1331,2977,1.94208312619241
geco22,1332,2977,1.9390833876779265
geco22,1333,2977,1.9287102404239798
geco22,1334,2977,1.9484974300857354
geco22,1335,2977,1.9379710234929381
geco22,1336,2977,1.9393734891902372
geco22,1337,2977,1.9417882425335777
geco22,1338,2977,1.940205444294933
geco22,1339,2977,1.9377651400401121
geco22,1340,2977,1.9364394449651101
geco22,1341,2977,1.9341876485181968
geco22,1342,2977,1.9482062265782458
geco22,1343,2977,1.940635155782549
geco22,1344,2977,1.9446851110794738
geco22,1345,2977,1.9377015677321705
geco22,1346,2977,1.9446862848324786
geco22,1347,2977,1.9392998656611495
geco22,1348,2977,1.9454228327824519
geco22,1349,2977,1.9410636781404833
geco22,1350,2977,1.942745245900537
geco22,1351,2977,1.945420567285386
geco22,1352,2977,1.9467709162990479
geco22,1353,2977,1.9473019242086465
geco22,1354,2977,1.943286017999979
geco22,1355,2977,1.9447004570030388
geco22,1356,2977,1.9427376036921082
geco22,1357,2977,1.9491507338324288
geco22,1358,2977,1.9533506476082256
geco22,1359,2977,1.9553732239323092
geco22,1360,2977,1.9472773420278122
geco22,1361,2977,1.9419061970222224
geco22,1362,2977,1.9404409637297406
geco22,1363,2977,1.94164734604297
geco22,1364,2977,1.9411893055909106
geco22,1365,2977,1.9418813380612037
geco22,1366,2977,1.9445952190262061
geco22,1367,2977,1.9433093905488956
geco22,1368,2977,1.9459389765710289
geco22,1369,2977,1.9465029982059723
geco22,1370,2977,1.9493075605603245
geco22,1371,2977,1.9444408115621457
geco22,1372,2977,1.9490603804788535
geco22,1373,2977,1.93875443955416
geco22,1374,2977,1.9343056286346363
geco22,1375,2977,1.9330067504841808
geco22,1376,2977,1.948879068955744
geco22,1377,2977,1.943483167500315
geco22,1378,2977,1.9416431225823763
geco22,1379,2977,1.9332643610781617
geco22,1380,2977,1.9346791998748216
geco22,1381,2977,1.9488723544734894
geco22,1382,2977,1.9537857819372348
geco22,1383,2977,1.9285167736377657
geco22,1384,2977,1.9454011721702322
geco22,1385,2977,1.9369176134872566
geco22,1386,2977,1.9364927610295468
geco22,1387,2977,1.9381757229416412
geco22,1388,2977,1.9357636963956741
geco22,1389,2977,1.940614720178924
geco22,1390,2977,1.9447147675636913
geco22,1391,2977,1.9411536265748996
geco22,1392,2977,1.9362033565932566
geco22,1393,2977,1.9413191975064032
geco22,1394,2977,1.93431025188883
geco22,1395,2977,1.932283575117568
geco22,1396,2977,1.9468720435775844
geco22,1397,2977,1.9494158072402743
geco22,1398,2977,1.9431878840478827
geco22,1399,2977,1.936186401244174
geco22,1400,2977,1.943292875997885
geco22,1401,2977,1.9444940917476696
geco22,1402,2977,1.9355217033798837
geco22,1403,2977,1.9576702534371588
geco22,1404,2977,1.940366581617925
geco22,1405,2977,1.95030201126114
geco22,1406,2977,1.946898301816203
geco22,1407,2977,1.9445140455487513
geco22,1408,2977,1.9443625340255106
geco22,1409,2977,1.946260846297854
geco22,1410,2977,1.9367268658100778
geco22,1411,2977,1.9493279961639496
geco22,1412,2977,1.9338051741820756
geco22,1413,2977,1.9395052878136678
geco22,1414,2977,1.93718154902101
geco22,1415,2977,1.9554347665188976
geco22,1416,2977,1.9609507239421502
geco22,1417,2977,1.9405736798282274
geco22,1418,2977,1.9428155378162921
geco22,1419,2977,1.9493357972647065
geco22,1420,2977,1.9504188791312826
geco22,1421,2977,1.946026895284092
geco22,1422,2977,1.943720460378527
geco22,1423,2977,1.9363826537716897
geco22,1424,2977,1.943248519410533
geco22,1425,2977,1.9424090758641774
geco22,1426,2977,1.9337244620049283
geco22,1427,2977,1.9478592774913661
geco22,1428,2977,1.9371031125920468
geco22,1429,2977,1.9459591866500594
geco22,1430,2977,1.9480207018456606
geco22,1431,2977,1.956164835762329
geco22,1432,2977,1.9342140835886
geco22,1433,2977,1.9376905426548197
geco22,1434,2977,1.9349887528834344
geco22,1435,2977,1.9313842137868187
geco22,1436,2977,1.9433835881405883
geco22,1437,2977,1.944736059135665
geco22,1438,2977,1.941668581233795
geco22,1439,2977,1.9549428409964678
geco22,1440,2977,1.943727097977397
geco22,1441,2977,1.9395679426465533
geco22,1442,2977,1.947711466621704
geco22,1443,2977,1.9421728337255548
geco22,1444,2977,1.9486149847807803
geco22,1445,2977,1.9510379338929187
geco22,1446,2977,1.9424788449729173
geco22,1447,2977,1.9354620521245565
geco22,1448,2977,1.9458113860315152
geco22,1449,2977,1.9488554760077914
geco22,1450,2977,1.9391586872647983
geco22,1451,2977,1.9397330266499544
geco22,1452,2977,1.960015550330857
geco22,1453,2977,1.937214511490765
geco22,1454,2977,1.948975736997974
geco22,1455,2977,1.9476702725042383
geco22,1456,2977,1.9407803884960477
geco22,1457,2977,1.9566655516183973
geco22,1458,2977,1.9428329083356515
geco22,1459,2977,1.9281143736911373
geco22,1460,2977,1.946697579801263
geco22,1461,2977,1.9398710323253012
geco22,1462,2977,1.9423508392631266
geco22,1463,2977,1.9477829476671409
geco22,1464,2977,1.9448108307899625
geco22,1465,2977,1.9371633840400098
geco22,1466,2977,1.943576596189274
geco22,1467,2977,1.9368261940174147
geco22,1468,2977,1.943991151399007
geco22,1469,2977,1.9492548851907594
geco22,1470,2977,1.9443727800178976
geco22,1471,2977,1.9397205459138551
geco22,1472,2977,1.9351683114653753
geco22,1473,2977,1.9436654426285114
geco22,1474,2977,1.9556462727099166
geco22,1475,2977,1.9383229494975804
geco22,1476,2977,1.9343521994634647
geco22,1477,2977,1.9532343384240112
geco22,1478,2977,1.9437099427315145
geco22,1479,2977,1.9417318665104342
geco22,1480,2977,1.943103486593834
geco22,1481,2977,1.9408054986094563
geco22,1482,2977,1.9367988389091761
geco22,1483,2977,1.9463903794242186
geco22,1484,2977,1.9439607670854153
geco22,1485,2977,1.9399293201819419
geco22,1486,2977,1.9379845395919497
geco22,1487,2977,1.9332829668572336
geco22,1488,2977,1.9412096233066793
geco22,1489,2977,1.9348941350647937
geco22,1490,2977,1.9325490021889826
geco22,1491,2977,1.9421737101961392
geco22,1492,2977,1.9378799166821936
geco22,1493,2977,1.9370963314775256
geco22,1494,2977,1.9455046367036604
geco22,1495,2977,1.9460073310254924
geco22,1496,2977,1.9329489598067606
geco22,1497,2977,1.9535633583056033
geco22,1498,2977,1.9471028885026085
geco22,1499,2977,1.9456634265206427
geco22,1500,2977,1.9407793326308993
geco22,1501,2977,1.9468735966219533
geco22,1502,2977,1.9391800044645668
geco22,1503,2977,1.9453891629855586
geco22,1504,2977,1.9474723439189385
geco22,1505,2977,1.9450323830765688
geco22,1506,2977,1.955260446258227
geco22,1507,2977,1.948133966447845
geco22,1508,2977,1.9402737731216015
geco22,1509,2977,1.9481426337680683
geco22,1510,2977,1.9431889347874722
geco22,1511,2977,1.9359416250498613
geco22,1512,2977,1.9487017707453105
geco22,1513,2977,1.9419946282911829
geco22,1514,2977,1.9465987282709103
geco22,1515,2977,1.9439715000059046
geco22,1516,2977,1.9484335861231683
geco22,1517,2977,1.9344720760367242
geco22,1518,2977,1.9436654323773934
geco22,1519,2977,1.9465841050511605
geco22,1520,2977,1.9391287642515143
geco22,1521,2977,1.9444508320299378
geco22,1522,2977,1.9600012551468813
geco22,1523,2977,1.9527576153094952
geco22,1524,2977,1.943547985319087
geco22,1525,2977,1.9389852332235944
geco22,1526,2977,1.9414076851565125
geco22,1527,2977,1.9409434684058904
geco22,1528,2977,1.9485921760433507
geco22,1529,2977,1.9367925242205213
geco22,1530,2977,1.9378450372533826
geco22,1531,2977,1.9404957559551614
geco22,1532,2977,1.9518012167584948
geco22,1533,2977,1.94707513360077
geco22,1534,2977,1.9494649203463532
geco22,1535,2977,1.9299238138964483
geco22,1536,2977,1.9380234989657033
geco22,1537,2977,1.9385577718563676
geco22,1538,2977,1.9388333424089899
geco22,1539,2977,1.9434963299357575
geco22,1540,2977,1.939800176598059
geco22,1541,2977,1.9299507589599691
geco22,1542,2977,1.9487096384783338
geco22,1543,2977,1.957059671224505
geco22,1544,2977,1.9391094357686272
geco22,1545,2977,1.9360578522251322
geco22,1546,2977,1.9428539641319125
geco22,1547,2977,1.9412349896980365
geco22,1548,2977,1.9410103210715748
geco22,1549,2977,1.9465590461933417
geco22,1550,2977,1.9488172342122942
geco22,1551,2977,1.934194593650605
geco22,1552,2977,1.9453128434124511
geco22,1553,2977,1.9523800358821932
geco22,1554,2977,1.9421353761405804
geco22,1555,2977,1.937935026692271
geco22,1556,2977,1.955150308247016
geco22,1557,2977,1.9439551699750168
geco22,1558,2977,1.9340152862210542
geco22,1559,2977,1.9428368755182965
geco22,1560,2977,1.9475264031894262
geco22,1561,2977,1.9409290348318227
geco22,1562,2977,1.9407839866384469
geco22,1563,2977,1.9366499978021603
geco22,1564,2977,1.9377614291354157
geco22,1565,2977,1.9377335512201619
geco22,1566,2977,1.9280447788514024
geco22,1567,2977,1.9477240447434236
geco22,1568,2977,1.9447936396651673
geco22,1569,2977,1.936714692607517
geco22,1570,2977,1.9358266997665698
geco22,1571,2977,1.9430386482728261
geco22,1572,2977,1.9367058253904939
geco22,1573,2977,1.9397678343209397
geco22,1574,2977,1.9443143383944879
geco22,1575,2977,1.9478410510036583
geco22,1576,2977,1.9398683670346353
geco22,1577,2977,1.9356315902387051
geco22,1578,2977,1.9565916513091253
geco22,1579,2977,1.9420204662339655
geco22,1580,2977,1.9307400642884511
geco22,1581,2977,1.9392609882963396
geco22,1582,2977,1.939398173882251
geco22,1583,2977,1.9304255599898703
geco22,1584,2977,1.9380784552090113
geco22,1585,2977,1.9440476043055352
geco22,1586,2977,1.9460432611938927
geco22,1587,2977,1.945917003299712
geco22,1588,2977,1.9412192696086665
geco22,1589,2977,1.9508864633741498
geco22,1590,2977,1.9434530599669078
geco22,1591,2977,1.9514144369528363
geco22,1592,2977,1.935413015901862
geco22,1593,2977,1.9388972991338544
geco22,1594,2977,1.942418619654985
geco22,1595,2977,1.9441748053025671
geco22,1596,2977,1.945998648328592
geco22,1597,2977,1.9523885648123243
geco22,1598,2977,1.9503200788565198
geco22,1599,2977,1.9480696406827342
geco22,1600,2977,1.9494377241304428
geco22,1601,2977,1.9450971445141922
geco22,1602,2977,1.9547965575433794
geco22,1603,2977,1.9382513659409641
geco22,1604,2977,1.9510963652652105
geco22,1605,2977,1.941798216871339
geco22,1606,2977,1.9467204192920464
geco22,1607,2977,1.930616487061613
geco22,1608,2977,1.9485466457029939
geco22,1609,2977,1.9457301202939987
geco22,1610,2977,1.9419494772421901
geco22,1611,2977,1.9455854975220177
geco22,1612,2977,1.9419244132588123
geco22,1613,2977,1.929227081288577
geco22,1614,2977,1.9484494548537485
geco22,1615,2977,1.9343833423597845
geco22,1616,2977,1.940510445807178
geco22,1617,2977,1.9411554205205404
geco22,1618,2977,1.933535554403421
geco22,1619,2977,1.9507110974994488
geco22,1620,2977,1.9257259554697996
geco22,1621,2977,1.9488229133316364
geco22,1622,2977,1.9334091068635582
geco22,1623,2977,1.9506745830173255
geco22,1624,2977,1.940364275116387
geco22,1625,2977,1.9450449560727294
geco22,1626,2977,1.9408377127476013
geco22,1627,2977,1.9322173939001093
geco22,1628,2977,1.948110081343031
geco22,1629,2977,1.9400027694420243
geco22,1630,2977,1.9292797002769935
geco22,1631,2977,1.9403547108233437
geco22,1632,2977,1.9424235248149222
geco22,1633,2977,1.9391944124108398
geco22,1634,2977,1.9452223311665477
geco22,1635,2977,1.9253787859838842
geco22,1636,2977,1.9249751328380869
geco22,1637,2977,1.9389211022297248
geco22,1638,2977,1.9414646813722918
geco22,1639,2977,1.9483793525836755
geco22,1640,2977,1.9452407370488196
geco22,1641,2977,1.9523940440348662
geco22,1642,2977,1.9484713819950348
geco22,1643,2977,1.929494343310104
geco22,1644,2977,1.9294089309953786
geco22,1645,2977,1.9358353004545263
geco22,1646,2977,1.94194663255696
geco22,1647,2977,1.9376137976603176
geco22,1648,2977,1.9298324713099912
geco22,1649,2977,1.9237159675185538
geco22,1650,2977,1.9418928500666568
geco22,1651,2977,1.9348556523680247
geco22,1652,2977,1.9320643754625304
geco22,1653,2977,1.9347297891418846
geco22,1654,2977,1.9433221429396204
geco22,1655,2977,1.9304966719950611
geco22,1656,2977,1.9489012933794507
geco22,1657,2977,1.9361609528438732
geco22,1658,2977,1.9618182401750006
geco22,1659,2977,1.9468955083865627
geco22,1660,2977,1.9433273966375677
geco22,1661,2977,1.949725042464231
geco22,1662,2977,1.9413374624358033
geco22,1663,2977,1.948069138377955
geco22,1664,2977,1.9457632083399488
geco22,1665,2977,1.9494255714301179
geco22,1666,2977,1.953588437665658
geco22,1667,2977,1.936483058346411
geco22,1668,2977,1.9421269753494237
geco22,1669,2977,1.9451075596500251
geco22,1670,2977,1.9510698353719664
geco22,1671,2977,1.9448451310306096
geco22,1672,2977,1.941353015944507
geco22,1673,2977,1.9473665267539417
geco22,1674,2977,1.942655974039905
geco22,1675,2977,1.9410806744940377
geco22,1676,2977,1.9470310179146897
geco22,1677,2977,1.9423730944401874
geco22,1678,2977,1.9442130881025361
geco22,1679,2977,1.9433050850793585
geco22,1680,2977,1.936705774134904
geco22,1681,2977,1.9456947539370855
geco22,1682,2977,1.947146773538535
geco22,1683,2977,1.9487484184575232
geco22,1684,2977,1.9330029780727767
geco22,1685,2977,1.9452309318545042
geco22,1686,2977,1.9464287032286594
geco22,1687,2977,1.9519344146595252
geco22,1688,2977,1.9339314320762566
geco22,1689,2977,1.9417476839854246
geco22,1690,2977,1.939210306769215
geco22,1691,2977,1.9353995664351171
geco22,1692,2977,1.9432938908585615
geco22,1693,2977,1.9364150934344295
geco22,1694,2977,1.9503941021792073
geco22,1695,2977,1.9469719919775572
geco22,1696,2977,1.9476049677573637
geco22,1697,2977,1.9435814552191804
geco22,1698,2977,1.9474101247585656
geco22,1699,2977,1.9434542901010612
geco22,1700,2977,1.9422792249531564
geco22,1701,2977,1.9488562089627246
geco22,1702,2977,1.9437678102923193
geco22,1703,2977,1.9395813664855035
geco22,1704,2977,1.9445858700066394
geco22,1705,2977,1.9243612958954852
geco22,1706,2977,1.9459261524224787
geco22,1707,2977,1.934843063995187
geco22,1708,2977,1.948554590319402
geco22,1709,2977,1.9573012746978133
geco22,1710,2977,1.95447421113957
geco22,1711,2977,1.9453434891295505
geco22,1712,2977,1.9381219353257788
geco22,1713,2977,1.9378239660804448
geco22,1714,2977,1.9357464232619352
geco22,1715,2977,1.9340516828153211
geco22,1716,2977,1.9361397484064022
geco22,1717,2977,1.9467765339116823
geco22,1718,2977,1.9470643442991318
geco22,1719,2977,1.9396691314317975
geco22,1720,2977,1.9404729267154959
geco22,1721,2977,1.9423112801989735
geco22,1722,2977,1.9405572831650728
geco22,1723,2977,1.9500874809903268
geco22,1724,2977,1.9397717092435232
geco22,1725,2977,1.9291657591010245
geco22,1726,2977,1.9431864181380165
geco22,1727,2977,1.9394788348038083
geco22,1728,2977,1.9528953698324525
geco22,1729,2977,1.9413532824735735
geco22,1730,2977,1.9410505464583945
geco22,1731,2977,1.9465009018523525
geco22,1732,2977,1.951131342079642
geco22,1733,2977,1.9342462746617295
geco22,1734,2977,1.934227217833468
geco22,1735,2977,1.9437410753767164
geco22,1736,2977,1.9504854806445773
geco22,1737,2977,1.9320671637666118
geco22,1738,2977,1.9320510695114366
geco22,1739,2977,1.9393333714401557
geco22,1740,2977,1.9472101562007946
geco22,1741,2977,1.9415788685750914
geco22,1742,2977,1.9422547657857376
geco22,1743,2977,1.954207323283848
geco22,1744,2977,1.9551063565788231
geco22,1745,2977,1.94900041143887
geco22,1746,2977,1.9401359212130238
geco22,1747,2977,1.9418261921722135
geco22,1748,2977,1.9451574005854781
geco22,1749,2977,1.9680752611656818
geco22,1750,2977,1.925038407863608
geco22,1751,2977,1.9371009598572781
geco22,1752,2977,1.9588333555304207
geco22,1753,2977,1.9401415285745403
geco22,1754,2977,1.9372401802901018
geco22,1755,2977,1.936352469354898
geco22,1756,2977,1.936400239564526
geco22,1757,2977,1.942149292033192
geco22,1758,2977,1.932898877970036
geco22,1759,2977,1.9410261077932114
geco22,1760,2977,1.9435558889310232
geco22,1761,2977,1.9370757062282185
geco22,1762,2977,1.9440779988702448
geco22,1763,2977,1.9522028094295851
geco22,1764,2977,1.9368003099446014
geco22,1765,2977,1.9284206565931254
geco22,1766,2977,1.9492486320088123
geco22,1767,2977,1.9426983521614933
geco22,1768,2977,1.9524400202988537
geco22,1769,2977,1.9333681536473641
geco22,1770,2977,1.943679127870969
geco22,1771,2977,1.945108154214866
geco22,1772,2977,1.9430004731095953
geco22,1773,2977,1.935867796498415
geco22,1774,2977,1.9442850304482806
geco22,1775,2977,1.9402643369675323
geco22,1776,2977,1.9435506711119888
geco22,1777,2977,1.949599722547342
geco22,1778,2977,1.9363159343705387
geco22,1779,2977,1.9322229295038
geco22,1780,2977,1.9394498805211702
geco22,1781,2977,1.9570059809942633
geco22,1782,2977,1.9529621404891933
geco22,1783,2977,1.946218360539527
geco22,1784,2977,1.9476187760132369
geco22,1785,2977,1.9330613786917146
geco22,1786,2977,1.945657865289157
geco22,1787,2977,1.9424143551899196
geco22,1788,2977,1.9429841943342974
geco22,1789,2977,1.936153249128737
geco22,1790,2977,1.943462316726413
geco22,1791,2977,1.9463774373878118
geco22,1792,2977,1.935900922986057
geco22,1793,2977,1.940432916602153
geco22,1794,2977,1.9534555883026379
geco22,1795,2977,1.9397202230036399
geco22,1796,2977,1.9406019575370812
geco22,1797,2977,1.9471630215604794
geco22,1798,2977,1.9324875108579842
geco22,1799,2977,1.9441102745150975
geco22,1800,2977,1.9364871280402356
geco22,1801,2977,1.9465101586118576
geco22,1802,2977,1.9415314879079453
geco22,1803,2977,1.9531115812866089
geco22,1804,2977,1.958357334617484
geco22,1805,2977,1.9463297184337736
geco22,1806,2977,1.9434462173456788
geco22,1807,2977,1.939394898650067
geco22,1808,2977,1.9410489267817592
geco22,1809,2977,1.9417895444255568
geco22,1810,2977,1.941642425506356
geco22,1811,2977,1.9262325093375383
geco22,1812,2977,1.9399308578496337
geco22,1813,2977,1.9440650875871919
geco22,1814,2977,1.9354198328952963
geco22,1815,2977,1.9572730738723443
geco22,1816,2977,1.9517689872436728
geco22,1817,2977,1.9386637171603387
geco22,1818,2977,1.9441575167921512
geco22,1819,2977,1.9430578998723285
geco22,1820,2977,1.9439027457578413
geco22,1821,2977,1.9466271392442975
geco22,1822,2977,1.9405624292262817
geco22,1823,2977,1.9327524817546502
geco22,1824,2977,1.9407789174606225
geco22,1825,2977,1.9443166602727027
geco22,1826,2977,1.9527059906795194
geco22,1827,2977,1.935648104789716
geco22,1828,2977,1.9416828764177707
geco22,1829,2977,1.9388124813839698
geco22,1830,2977,1.9476474637668086
geco22,1831,2977,1.9473973211122513
geco22,1832,2977,1.9377575490872732
geco22,1833,2977,1.9420993742143544
geco22,1834,2977,1.9416195603877777
geco22,1835,2977,1.941528156294613
geco22,1836,2977,1.947581420939442
geco22,1837,2977,1.9374378474718938
geco22,1838,2977,1.9539928493941836
geco22,1839,2977,1.9472307199433943
geco22,1840,2977,1.9411411765921545
geco22,1841,2977,1.956204999642441
geco22,1842,2977,1.936790304853486
geco22,1843,2977,1.942643252402534
geco22,1844,2977,1.9443756195775685
geco22,1845,2977,1.9402597547178104
geco22,1846,2977,1.9434804304518234
geco22,1847,2977,1.9395516279923424
geco22,1848,2977,1.9541619415847014
geco22,1849,2977,1.9392896299198805
geco22,1850,2977,1.9446846395280484
geco22,1851,2977,1.9403822760795002
geco22,1852,2977,1.9477368996453277
geco22,1853,2977,1.936937982458615
geco22,1854,2977,1.9453485531818158
geco22,1855,2977,1.9505639221990994
geco22,1856,2977,1.9246128173254062
geco22,1857,2977,1.9298752082207078
geco22,1858,2977,1.940587585469721
geco22,1859,2977,1.9439081583481168
geco22,1860,2977,1.9389154436126186
geco22,1861,2977,1.9361286669479028
geco22,1862,2977,1.9467680101071103
geco22,1863,2977,1.9405929365532888
geco22,1864,2977,1.9469612795593036
geco22,1865,2977,1.9536507593372103
geco22,1866,2977,1.943756313663543
geco22,1867,2977,1.947816079280342
geco22,1868,2977,1.9390976162296356
geco22,1869,2977,1.9316119628742232
geco22,1870,2977,1.9386519898814085
geco22,1871,2977,1.9424109723209975
geco22,1872,2977,1.9454614179904004
geco22,1873,2977,1.9293091158599391
geco22,1874,2977,1.9365016026187751
geco22,1875,2977,1.9500919197243975
geco22,1876,2977,1.9458765575138561
geco22,1877,2977,1.9439143090188844
geco22,1878,2977,1.9366512740663446
geco22,1879,2977,1.9470557333600573
geco22,1880,2977,1.9367451333022574
geco22,1881,2977,1.9334658468013888
geco22,1882,2977,1.9377847453031838
geco22,1883,2977,1.9345200102642395
geco22,1884,2977,1.9289985326139727
geco22,1885,2977,1.9458793663201734
geco22,1886,2977,1.9376153353280094
geco22,1887,2977,1.938026025866277
geco22,1888,2977,1.9422572568073984
geco22,1889,2977,1.9394971535515777
geco22,1890,2977,1.9468067849607407
geco22,1891,2977,1.9414092228242044
geco22,1892,2977,1.9399019343203492
geco22,1893,2977,1.9424412233700559
geco22,1894,2977,1.9230925457806727
geco22,1895,2977,1.938736797380175
geco22,1896,2977,1.9397304792471448
geco22,1897,2977,1.9398357889818032
geco22,1898,2977,1.9424720279794834
geco22,1899,2977,1.9498074563269572
geco22,1900,2977,1.9393370362148215
geco22,1901,2977,1.9392949963801251
geco22,1902,2977,1.940790019421358
geco22,1903,2977,1.9338741744569696
geco22,1904,2977,1.9365889626459103
geco22,1905,2977,1.9375347000342469
geco22,1906,2977,1.9392015164355765
geco22,1907,2977,1.9426221094717706
geco22,1908,2977,1.9386347116221108
geco22,1909,2977,1.9392955499404942
geco22,1910,2977,1.94025776087537
geco22,1911,2977,1.943789440151185
geco22,1912,2977,1.93464706774562
geco22,1913,2977,1.9436508552876743
geco22,1914,2977,1.9436985434883587
geco22,1915,2977,1.927151896227195
geco22,1916,2977,1.9423594348255244
geco22,1917,2977,1.933202895374958
geco22,1918,2977,1.943765575548607
geco22,1919,2977,1.9534600731667393
geco22,1920,2977,1.9312580276504634
geco22,1921,2977,1.930587496900062
geco22,1922,2977,1.9438153242239986
geco22,1923,2977,1.9440184501260969
geco22,1924,2977,1.9386335839991367
geco22,1925,2977,1.9415319287060169
geco22,1926,2977,1.9425012641678652
geco22,1927,2977,1.9487287055577134
geco22,1928,2977,1.933843749138906
geco22,1929,2977,1.9491542499658843
geco22,1930,2977,1.9404506202828455
geco22,1931,2977,1.938271058338538
geco22,1932,2977,1.9441665121481488
geco22,1933,2977,1.9429697453835526
geco22,1934,2977,1.9393954163315235
geco22,1935,2977,1.9534973411060317
geco22,1936,2977,1.9466018343596478
geco22,1937,2977,1.9427196847379389
geco22,1938,2977,1.9283663769236017
geco22,1939,2977,1.938116399722088
geco22,1940,2977,1.9369209758539427
geco22,1941,2977,1.942388686390583
geco22,1942,2977,1.9411516224813414
geco22,1943,2977,1.9412327908332372
geco22,1944,2977,1.9375135366012475
geco22,1945,2977,1.9489996579817008
geco22,1946,2977,1.9325931640050937
geco22,1947,2977,1.9436775748266002
geco22,1948,2977,1.9399907705084685
geco22,1949,2977,1.9448348799126638
geco22,1950,2977,1.939223182173355
geco22,1951,2977,1.9409709311508676
geco22,1952,2977,1.9447238500541915
geco22,1953,2977,1.9382312583731132
geco22,1954,2977,1.939965301605932
geco22,1955,2977,1.9362003120112268
geco22,1956,2977,1.939638506216934
geco22,1957,2977,1.9295444764024186
geco22,1958,2977,1.9393226743985792
geco22,1959,2977,1.9426344415666594
geco22,1960,2977,1.940565422552722
geco22,1961,2977,1.9319460058036089
geco22,1962,2977,1.940022513095188
geco22,1963,2977,1.9282075255999118
geco22,1964,2977,1.932453815433296
geco22,1965,2977,1.9358872428691583
geco22,1966,2977,1.9524396922630793
geco22,1967,2977,1.928621311975799
geco22,1968,2977,1.945403468420652
geco22,1969,2977,1.940997404662963
geco22,1970,2977,1.937241641074409
geco22,1971,2977,1.950458007648482
geco22,1972,2977,1.932049649731601
geco22,1973,2977,1.9356157932659503
geco22,1974,2977,1.9454275995522967
geco22,1975,2977,1.9443522265264161
geco22,1976,2977,1.9449719783640724
geco22,1977,2977,1.9293603048174022
geco22,1978,2977,1.9423404958851191
geco22,1979,2977,1.9376377852763111
geco22,1980,2977,1.945549434089084
geco22,1981,2977,1.9367335956690093
geco22,1982,2977,1.9338827495171313
geco22,1983,2977,1.9325529847483047
geco22,1984,2977,1.9396777885009027
geco22,1985,2977,1.9291290190943065
geco22,1986,2977,1.9445460444134195
geco22,1987,2977,1.9352484034498867
geco22,1988,2977,1.9365412026874003
geco22,1989,2977,1.9411777628321034
geco22,1990,2977,1.9455838163386747
geco22,1991,2977,1.9501284444576388
geco22,1992,2977,1.9380064564821182
geco22,1993,2977,1.9459933997562038
geco22,1994,2977,1.9290950468894337
geco22,1995,2977,1.9320129456037958
geco22,1996,2977,1.9260624586674924
geco22,1997,2977,1.9506120306956196
geco22,1998,2977,1.938929969446748
geco22,1999,2977,1.9388472736782782
geco22,2000,2977,1.9299326144812048
geco22,2001,2977,1.9288353758207455
geco22,2002,2977,1.93906984595112
geco22,2003,2977,1.942786732174864
geco22,2004,2977,1.9344738084756572
geco22,2005,2977,1.9317600710263059
geco22,2006,2977,1.9492820404021982
geco22,2007,2977,1.936716604441014
geco22,2008,2977,1.9354383259120707
geco22,2009,2977,1.942426784670429
geco22,2010,2977,1.9296108626422364
geco22,2011,2977,1.9294222882020622
geco22,2012,2977,1.944905730514347
geco22,2013,2977,1.9375514093564987
geco22,2014,2977,1.9369297508109045
geco22,2015,2977,1.9383442513206721
geco22,2016,2977,1.929104621433595
geco22,2017,2977,1.931983535146409
geco22,2018,2977,1.9306773684510938
geco22,2019,2977,1.9427730213046115
geco22,2020,2977,1.9306051698274007
geco22,2021,2977,1.9286296563858067
geco22,2022,2977,1.9389409176407142
geco22,2023,2977,1.9291626735145229
geco22,2024,2977,1.9357465308986737
geco22,2025,2977,1.941107696440943
geco22,2026,2977,1.93486011672989
geco22,2027,2977,1.9364272973903442
geco22,2028,2977,1.9478636342164932
geco22,2029,2977,1.9347211679516922
geco22,2030,2977,1.9303075542456358
geco22,2031,2977,1.946779065937815
geco22,2032,2977,1.9347201889699284
geco22,2033,2977,1.9277217097437778
geco22,2034,2977,1.9384602837247018
geco22,2035,2977,1.9291968968717852
geco22,2036,2977,1.9371606572426363
geco22,2037,2977,1.9504894068227505
geco22,2038,2977,1.9417548085123972
geco22,2039,2977,1.9409729044910722
geco22,2040,2977,1.9400125592596627
geco22,2041,2977,1.9471005820010707
geco22,2042,2977,1.935520908918243
geco22,2043,2977,1.934010386186676
geco22,2044,2977,1.9266530255723568
geco22,2045,2977,1.9287216089137817
geco22,2046,2977,1.9414848555724094
geco22,2047,2977,1.9266505960574036
geco22,2048,2977,1.9233487827248488
geco22,2049,2977,1.9390635312624653
geco22,2050,2977,1.9454415615749392
geco22,2051,2977,1.9304067696906755
geco22,2052,2977,1.9398863987511021
geco22,2053,2977,1.9337977574982417
geco22,2054,2977,1.9341075155292136
geco22,2055,2977,1.9446368898206563
geco22,2056,2977,1.9322286393764958
geco22,2057,2977,1.9408630842645176
geco22,2058,2977,1.9274878663667545
geco22,2059,2977,1.9331168064864481
geco22,2060,2977,1.9334867385797625
geco22,2061,2977,1.932000951795799
geco22,2062,2977,1.9552627937642368
geco22,2063,2977,1.93322075282242
geco22,2064,2977,1.942238579270501
geco22,2065,2977,1.940851028949813
geco22,2066,2977,1.9365759847305908
geco22,2067,2977,1.9326481766295505
geco22,2068,2977,1.9388106361827395
geco22,2069,2977,1.932988329225232
geco22,2070,2977,1.940278586021477
geco22,2071,2977,1.9302024341566595
geco22,2072,2977,1.9483706647612162
geco22,2073,2977,1.9466123725088964
geco22,2074,2977,1.94590767990794
geco22,2075,2977,1.9441099311026464
geco22,2076,2977,1.953276419263179
geco22,2077,2977,1.9446469256651253
geco22,2078,2977,1.9299654180586319
geco22,2079,2977,1.9472804686187857
geco22,2080,2977,1.934313665511106
geco22,2081,2977,1.9300669348796502
geco22,2082,2977,1.9428776442143674
geco22,2083,2977,1.943699640357979
geco22,2084,2977,1.9408819822004508
geco22,2085,2977,1.9484820790366115
geco22,2086,2977,1.9524954685958231
geco22,2087,2977,1.9402337835104946
geco22,2088,2977,1.9478318813786557
geco22,2089,2977,1.9483856108911815
geco22,2090,2977,1.9362811472017893
geco22,2091,2977,1.9474753321198197
geco22,2092,2977,1.9301971702075942
geco22,2093,2977,1.9381291418616948
geco22,2094,2977,1.943813914695281
geco22,2095,2977,1.9424951237482155
geco22,2096,2977,1.9409833093757873
geco22,2097,2977,1.9364862003140615
geco22,2098,2977,1.941668975901836
geco22,2099,2977,1.9266819644783182
geco22,2100,2977,1.9432501698405222
geco22,2101,2977,1.955687507831854
geco22,2102,2977,1.9376176315784295
geco22,2103,2977,1.9487069321831962
geco22,2104,2977,1.9508195440761988
geco22,2105,2977,1.9374261714485534
geco22,2106,2977,1.9453575177844595
geco22,2107,2977,1.936993133473164
geco22,2108,2977,1.9309348816594543
geco22,2109,2977,1.941416465239033
geco22,2110,2977,1.9439414334769693
geco22,2111,2977,1.9374510509118081
geco22,2112,2977,1.9314761868170296
geco22,2113,2977,1.9439228276978975
geco22,2114,2977,1.9400229641443778
geco22,2115,2977,1.936966757346689
geco22,2116,2977,1.9476934605330318
geco22,2117,2977,1.9392098608455843
geco22,2118,2977,1.940749471124323
geco22,2119,2977,1.9389069685008569
geco22,2120,2977,1.9431791705976287
geco22,2121,2977,1.9439376585027857
geco22,2122,2977,1.9360072117024794
geco22,2123,2977,1.936371982357908
geco22,2124,2977,1.9454515974194082
geco22,2125,2977,1.9390627214241476
geco22,2126,2977,1.9462772019565366
geco22,2127,2977,1.9372041066060501
geco22,2128,2977,1.9327271743072212
geco22,2129,2977,1.9303093891957481
geco22,2130,2977,1.9435992972899652
geco22,2131,2977,1.9300794386807647
geco22,2132,2977,1.9340648555018816
geco22,2133,2977,1.9428238155940334
geco22,2134,2977,1.9317251839091565
geco22,2135,2977,1.9401390785573511
geco22,2136,2977,1.9320721560610514
geco22,2137,2977,1.9469939268071819
geco22,2138,2977,1.9360918808111538
geco22,2139,2977,1.9425265126713658
geco22,2140,2977,1.9310227388658097
geco22,2141,2977,1.936677542556081
geco22,2142,2977,1.9436947864536316
geco22,2143,2977,1.928634810135354
geco22,2144,2977,1.9398080443310826
geco22,2145,2977,1.9277086523822942
geco22,2146,2977,1.943830203721697
geco22,2147,2977,1.9500687675745165
geco22,2148,2977,1.9315298078522252
geco22,2149,2977,1.9365101187350087
geco22,2150,2977,1.9327185095497774
geco22,2151,2977,1.9374955817681654
geco22,2152,2977,1.9417284426370403
geco22,2153,2977,1.9426756228702278
geco22,2154,2977,1.9373223122470844
geco22,2155,2977,1.9480011017081478
geco22,2156,2977,1.93890296031374
geco22,2157,2977,1.946571521803882
geco22,2158,2977,1.9291711409379462
geco22,2159,2977,1.936995014553307
geco22,2160,2976,1.9367527602821268
geco22,2161,2976,1.9413448226067327
geco22,2162,2976,1.9402420136236376
geco22,2163,2976,1.9451399208396993
geco22,2164,2976,1.9352197185639413
geco22,2165,2976,1.947451909383138
geco22,2166,2976,1.9331847621548561
geco22,2167,2976,1.9306014789048063
geco22,2168,2976,1.935098627562164
geco22,2169,2976,1.9395439701695596
geco22,2170,2976,1.9345010326754661
geco22,2171,2976,1.9451496729286768
geco22,2172,2976,1.9291421316003288
geco22,2173,2976,1.9539694324616463
geco22,2174,2976,1.9347771931720037
geco22,2175,2976,1.9408729102021904
geco22,2176,2976,1.9292566699366416
geco22,2177,2976,1.9483094523029942
geco22,2178,2976,1.9481692493602794
geco22,2179,2976,1.9500307370257635
geco22,2180,2976,1.9500911158900107
geco22,2181,2976,1.9336105726098503
geco22,2182,2976,1.9345307760341193
geco22,2183,2976,1.9318877650845436
geco22,2184,2976,1.9377666852807487
geco22,2185,2976,1.9404398702806043
geco22,2186,2976,1.9421819461289274
geco22,2187,2976,1.9364929096673125
geco22,2188,2976,1.9387889164750294
geco22,2189,2976,1.9353587858138546
geco22,2190,2976,1.9349113843774284
geco22,2191,2976,1.9377909270665978
geco22,2192,2976,1.9535383255250993
geco22,2193,2976,1.9388680047886346
geco22,2194,2976,1.9320667123281827
geco22,2195,2976,1.9264365319282777
geco22,2196,2976,1.9375440382188367
geco22,2197,2976,1.9488102851375457
geco22,2198,2976,1.9339974516181535
geco22,2199,2976,1.9383710225423176
geco22,2200,2976,1.9438871927158807
geco22,2201,2976,1.948539759523125
geco22,2202,2976,1.9417485652431365
geco22,2203,2976,1.9424226412209131
geco22,2204,2976,1.9452782036155782
geco22,2205,2976,1.9521592740089662
geco22,2206,2976,1.939284873265092
geco22,2207,2976,1.941359161048807
geco22,2208,2976,1.9407042534120622
geco22,2209,2976,1.9433488845825195
geco22,2210,2976,1.9426312036411737
geco22,2211,2976,1.936317002901467
geco22,2212,2976,1.9470793098531745
geco22,2213,2976,1.9300783885422574
geco22,2214,2976,1.938838784412671
geco22,2215,2976,1.9350037241494784
geco22,2216,2976,1.9390561657567178
geco22,2217,2976,1.9322821888872372
geco22,2218,2976,1.9477147184392458
geco22,2219,2976,1.942514624646915
geco22,2220,2976,1.938748521189536
geco22,2221,2976,1.9316350670271023
geco22,2222,2976,1.9339834643948464
geco22,2223,2976,1.945903593494046
geco22,2224,2976,1.9353450344454857
geco22,2225,2976,1.924196002303913
geco22,2226,2976,1.9441792529116395
geco22,2227,2976,1.941967151498282
geco22,2228,2976,1.93873845377276
geco22,2229,2976,1.9416833052071192
geco22,2230,2976,1.9377300098378172
geco22,2231,2976,1.9299463302858415
geco22,2232,2976,1.9432544041705389
geco22,2233,2976,1.9383527514755086
geco22,2234,2976,1.9387634390143937
geco22,2235,2976,1.9327518299061766
geco22,2236,2976,1.9317122326102307
geco22,2237,2976,1.945354594979235
geco22,2238,2976,1.934723069590907
geco22,2239,2976,1.9378696462159515
geco22,2240,2976,1.9442561108578917
geco22,2241,2976,1.9296940526654642
geco22,2242,2976,1.9475482048526886
geco22,2243,2976,1.9466953431406329
geco22,2244,2976,1.9281373639260568
geco22,2245,2976,1.9465099714135612
geco22,2246,2976,1.947724562819286
geco22,2247,2976,1.9383796466294156
geco22,2248,2976,1.9329202354595225
geco22,2249,2976,1.9446553312322146
geco22,2250,2976,1.9363141931513304
geco22,2251,2976,1.9417417690318117
geco22,2252,2976,1.9455180885971233
geco22,2253,2976,1.9390912722515803
geco22,2254,2976,1.9490157455526373
geco22,2255,2976,1.9506235737954416
geco22,2256,2976,1.9559916732131795
geco22,2257,2976,1.9472335436010872
geco22,2258,2976,1.9354476262164373
geco22,2259,2976,1.9272013274572228
geco22,2260,2976,1.9607406329083186
geco22,2261,2976,1.9527942134488014
geco22,2262,2976,1.9398310569024855
geco22,2263,2976,1.9459187599920458
geco22,2264,2976,1.9365768432617188
geco22,2265,2976,1.936291387004237
geco22,2266,2976,1.9391898032157653
geco22,2267,2976,1.9463007680831417
geco22,2268,2976,1.9429749314503004
geco22,2269,2976,1.9393949406121367
geco22,2270,2976,1.9342123616126277
geco22,2271,2976,1.9342394900578324
geco22,2272,2976,1.9435436187251922
geco22,2273,2976,1.9333193404700166
geco22,2274,2976,1.9481406801490373
geco22,2275,2976,1.933216223152735
geco22,2276,2976,1.9372085294415873
geco22,2277,2976,1.9387688354779316
geco22,2278,2976,1.9410824057876424
geco22,2279,2976,1.9368361478210778
geco22,2280,2976,1.938067743855138
geco22,2281,2976,1.9374403235732869
geco22,2282,2976,1.9386102563591414
geco22,2283,2976,1.9454356060233167
geco22,2284,2976,1.9405741947953419
geco22,2285,2976,1.9347209263873357
geco22,2286,2976,1.9411949855025097
geco22,2287,2976,1.934619349818076
geco22,2288,2976,1.9441089014853201
geco22,2289,2976,1.9556012512535177
geco22,2290,2976,1.93399933333038
geco22,2291,2976,1.9471819477696573
geco22,2292,2976,1.9384963230420185
geco22,2293,2976,1.9341842589839813
geco22,2294,2976,1.9369390395379835
geco22,2295,2976,1.9346736477267357
geco22,2296,2976,1.9481056172360656
geco22,2297,2976,1.943643718637446
geco22,2298,2976,1.9414896913754043
geco22,2299,2976,1.9454557562387118
geco22,2300,2976,1.9404727976809266
geco22,2301,2976,1.9306876069755965
geco22,2302,2976,1.9515199148526756
geco22,2303,2976,1.9342066652031356
geco22,2304,2976,1.9519863795208674
geco22,2305,2976,1.9409469942892752
geco22,2306,2976,1.9445122749574724
geco22,2307,2976,1.928956042053879
geco22,2308,2976,1.9375922038990965
geco22,2309,2976,1.9336634297524729
geco22,2310,2976,1.944866298347391
geco22,2311,2976,1.9477310744665002
geco22,2312,2976,1.934915029874412
geco22,2313,2976,1.938813999135007
geco22,2314,2976,1.958639770425776
geco22,2315,2976,1.9404733104090537
geco22,2316,2976,1.939260995516213
geco22,2317,2976,1.941473453275619
geco22,2318,2976,1.9439554111931914
geco22,2319,2976,1.9268818363066642
geco22,2320,2976,1.942427178864838
geco22,2321,2976,1.9421145223802136
geco22,2322,2976,1.934706990436841
geco22,2323,2976,1.9411812341341408
geco22,2324,2976,1.9448355961871404
geco22,2325,2976,1.9383234311175603
geco22,2326,2976,1.950880301895962
geco22,2327,2976,1.9479265418103946
geco22,2328,2976,1.9298197120748541
geco22,2329,2976,1.9474783456453713
geco22,2330,2976,1.9353929540162444
geco22,2331,2976,1.933388489548878
geco22,2332,2976,1.9475483843075332
geco22,2333,2976,1.9248596929734754
geco22,2334,2976,1.9497282684490245
geco22,2335,2976,1.9440613408242502
geco22,2336,2976,1.9289441980341429
geco22,2337,2976,1.9357779923305716
geco22,2338,2976,1.9448633706697853
geco22,2339,2976,1.9447634655942199
geco22,2340,2976,1.9398429239949873
geco22,2341,2976,1.9395976886954358
geco22,2342,2976,1.9362696422043668
geco22,2343,2976,1.939788915777719
geco22,2344,2976,1.935257004153344
geco22,2345,2976,1.9464839299519856
geco22,2346,2976,1.939044173045825
geco22,2347,2976,1.9375086240870978
geco22,2348,2976,1.9423586271142448
geco22,2349,2976,1.9341097442052697
geco22,2350,2976,1.940418581808767
geco22,2351,2976,1.9469620796941942
geco22,2352,2976,1.9143962347379295
geco22,2353,2976,1.9407458869359826
geco22,2354,2976,1.9305238826300508
geco22,2355,2976,1.9215406448610368
geco22,2356,2976,1.9543157495478147
geco22,2357,2976,1.9406075939055412
geco22,2358,2976,1.938264662219632
geco22,2359,2976,1.9415938469671434
geco22,2360,2976,1.936852680739536
geco22,2361,2976,1.941321147385464
geco22,2362,2976,1.9327707905923166
geco22,2363,2976,1.9309980023291804
geco22,2364,2976,1.9354885316664172
geco22,2365,2976,1.9362997649818339
geco22,2366,2976,1.929716597321213
geco22,2367,2976,1.9485853410536242
geco22,2368,2976,1.946538345788115
geco22,2369,2976,1.9353859347681845
geco22,2370,2976,1.9379498010040612
geco22,2371,2976,1.9456658594069942
geco22,2372,2976,1.9354911414525842
geco22,2373,2976,1.9388819715028167
geco22,2374,2976,1.9387293733576292
geco22,2375,2976,1.9397383864207933
geco22,2376,2976,1.9361645431928738
geco22,2377,2976,1.942976628580401
geco22,2378,2976,1.9417259436781689
geco22,2379,2976,1.9356232509818128
geco22,2380,2976,1.932995614185128
geco22,2381,2976,1.9230995972951253
geco22,2382,2976,1.9408388394181446
geco22,2383,2976,1.939325399296258
geco22,2384,2976,1.9414958441129295
geco22,2385,2976,1.932425768144669
geco22,2386,2976,1.9388790976616643
geco22,2387,2976,1.9409069912407988
geco22,2388,2976,1.928567035223848
geco22,2389,2976,1.9430418937436995
geco22,2390,2976,1.9289696139674033
geco22,2391,2976,1.9423946462651736
geco22,2392,2976,1.9313726732807774
geco22,2393,2976,1.9305649213893439
geco22,2394,2976,1.9463037777972478
geco22,2395,2976,1.9498157655039141
geco22,2396,2976,1.9248631846520208
geco22,2397,2976,1.9406952960516817
geco22,2398,2976,1.9397469387259534
geco22,2399,2976,1.9391295627881122
geco22,2400,2976,1.943724509208433
geco22,2401,2976,1.938473045185048
geco22,2402,2976,1.9545329052914855
geco22,2403,2976,1.9306861303185905
geco22,2404,2976,1.9379500983863749
geco22,2405,2976,1.948480293314944
geco22,2406,2976,1.9385833740234375
geco22,2407,2976,1.933684754115279
geco22,2408,2976,1.9354052389821699
geco22,2409,2976,1.9321315109088857
geco22,2410,2976,1.9364796505179456
geco22,2411,2976,1.9423468702582902
geco22,2412,2976,1.9267404617801789
geco22,2413,2976,1.9280543891332482
geco22,2414,2976,1.9410023022723455
geco22,2415,2976,1.9400118192036946
geco22,2416,2976,1.9386309346845072
geco22,2417,2976,1.9352709349765573
geco22,2418,2976,1.9372225525558635
geco22,2419,2976,1.9403203892451462
geco22,2420,2976,1.9277140812207294
geco22,2421,2976,1.9419422354749454
geco22,2422,2976,1.9414758066977225
geco22,2423,2976,1.9356013574907858
geco22,2424,2976,1.9431574677908292
geco22,2425,2976,1.9340715921053322
geco22,2426,2976,1.9426192006757181
geco22,2427,2976,1.9424892958774362
geco22,2428,2976,1.933752808519589
geco22,2429,2976,1.9358554296596076
geco22,2430,2976,1.9327415291981032
geco22,2431,2976,1.9525305327548776
geco22,2432,2976,1.9356215589789934
geco22,2433,2976,1.9324169261481172
geco22,2434,2976,1.9297351247520858
geco22,2435,2976,1.9275078491498066
geco22,2436,2976,1.9312565659963956
geco22,2437,2976,1.9388553942403486
geco22,2438,2976,1.9342120642303138
geco22,2439,2976,1.9368005106526036
geco22,2440,2976,1.944804222353043
geco22,2441,2976,1.9420914957600255
geco22,2442,2976,1.933518430238129
geco22,2443,2976,1.9326280214453255
geco22,2444,2976,1.9383031886111024
geco22,2445,2976,1.9392097073216592
geco22,2446,2976,1.9464442499222294
geco22,2447,2976,1.938849925994873
geco22,2448,2976,1.9378519160773164
geco22,2449,2976,1.944755628544797
geco22,2450,2976,1.9398878569244056
geco22,2451,2976,1.9257769071927635
geco22,2452,2976,1.940537324515722
geco22,2453,2976,1.9410055632232337
geco22,2454,2976,1.9487015252472253
geco22,2455,2976,1.9281041545252646
geco22,2456,2976,1.9289057075336415
geco22,2457,2976,1.9511395449279456
geco22,2458,2976,1.9488130948876823
geco22,2459,2976,1.9376735071982107
geco22,2460,2976,1.942647954469086
geco22,2461,2976,1.937262914514029
geco22,2462,2976,1.941932791022844
geco22,2463,2976,1.9456426251319148
geco22,2464,2976,1.9352480211565573
geco22,2465,2976,1.9433663737389348
geco22,2466,2976,1.935153704817577
geco22,2467,2976,1.9369394702296103
geco22,2468,2976,1.9327696728449997
geco22,2469,2976,1.9278791437866867
geco22,2470,2976,1.9273725632698304
geco22,2471,2976,1.9350066133724746
geco22,2472,2976,1.9362646841233777
geco22,2473,2976,1.946092067226287
geco22,2474,2976,1.927939240650464
geco22,2475,2976,1.9393067462469942
geco22,2476,2976,1.9444118879174674
geco22,2477,2976,1.9447292461190173
geco22,2478,2976,1.939256662963539
geco22,2479,2976,1.9333452819496073
geco22,2480,2976,1.9330654093014297
geco22,2481,2976,1.9355191620447303
geco22,2482,2976,1.9449423564377653
geco22,2483,2976,1.941341579601329
geco22,2484,2976,1.9381927238997592
geco22,2485,2976,1.9333519422879784
geco22,2486,2976,1.9269043399441628
geco22,2487,2976,1.9371462945015199
geco22,2488,2976,1.9401136316278929
geco22,2489,2976,1.9364211072203934
geco22,2490,2976,1.9370452460422312
geco22,2491,2976,1.9431022264624154
geco22,2492,2976,1.9293996698112899
geco22,2493,2976,1.944176099633658
geco22,2494,2976,1.9463378280721686
geco22,2495,2976,1.957312245522776
geco22,2496,2976,1.939562536055042
geco22,2497,2976,1.951400126180341
geco22,2498,2976,1.9432177851277013
geco22,2499,2976,1.9447962853216356
geco22,2500,2976,1.9373657985400128
geco22,2501,2976,1.9371758430234847
geco22,2502,2976,1.9462134248466902
geco22,2503,2976,1.9407257059569
geco22,2504,2976,1.9357578164787703
geco22,2505,2976,1.936776699558381
geco22,2506,2976,1.9353273914706322
geco22,2507,2976,1.9305838154208275
geco22,2508,2976,1.934627507322578
geco22,2509,2976,1.9447035020397556
geco22,2510,2976,1.9462669434085969
geco22,2511,2976,1.9481032586866809
geco22,2512,2976,1.9494260152180989
geco22,2513,2976,1.9413418103289861
geco22,2514,2976,1.934331883666336
geco22,2515,2976,1.926686866309053
geco22,2516,2976,1.9466558887112526
geco22,2517,2976,1.9320378149709394
geco22,2518,2976,1.9314832943741993
geco22,2519,2976,1.943192974213631
geco22,2520,2976,1.9304169224154564
geco22,2521,2976,1.9313438630873156
geco22,2522,2976,1.9340634499826739
geco22,2523,2976,1.9392885854167323
geco22,2524,2976,1.946730782908778
geco22,2525,2976,1.9378772756104827
geco22,2526,2976,1.9426764006255774
geco22,2527,2976,1.9428014960340274
geco22,2528,2976,1.933218289447087
geco22,2529,2976,1.9315875063660324
geco22,2530,2976,1.9436116269839707
geco22,2531,2976,1.9371386394705823
geco22,2532,2976,1.948029169472315
geco22,2533,2976,1.9358197284001175
geco22,2534,2976,1.936641457260296
geco22,2535,2976,1.9213240223546182
geco22,2536,2976,1.9357973631992136
geco22,2537,2976,1.9442692418252268
geco22,2538,2976,1.9281258736887286
geco22,2539,2976,1.9425724398705266
geco22,2540,2976,1.9486871022050098
geco22,2541,2976,1.9437280572870725
geco22,2542,2976,1.9224813112648584
geco22,2543,2976,1.942657224593624
geco22,2544,2976,1.9409023407966859
geco22,2545,2976,1.9324258988903416
geco22,2546,2976,1.9362942582817488
geco22,2547,2976,1.938611666361491
geco22,2548,2976,1.930764126521285
geco22,2549,2976,1.9398188796094669
geco22,2550,2976,1.9474038154848161
geco22,2551,2976,1.94565188500189
geco22,2552,2976,1.9307010404525264
geco22,2553,2976,1.9403417546262023
geco22,2554,2976,1.9505750594600555
geco22,2555,2976,1.9287890772665701
geco22,2556,2976,1.9307322245772167
geco22,2557,2976,1.9307694691483692
geco22,2558,2976,1.9336851591704993
geco22,2559,2976,1.9416490165136193
geco22,2560,2976,1.9468137371924616
geco22,2561,2976,1.935083132918163
geco22,2562,2976,1.9325705805132467
geco22,2563,2976,1.9451392081476027
geco22,2564,2976,1.944268375314692
geco22,2565,2976,1.9475014440474971
geco22,2566,2976,1.9368955345563992
geco22,2567,2976,1.9468765361334688
geco22,2568,2976,1.9414596557617188
geco22,2569,2976,1.9356783384917884
geco22,2570,2976,1.9368177280631116
geco22,2571,2976,1.9333491581742481
geco22,2572,2976,1.9447745764127342
geco22,2573,2976,1.950035536161033
geco22,2574,2976,1.9346916342294345
geco22,2575,2976,1.9404536524126608
geco22,2576,2976,1.9496074697022796
geco22,2577,2976,1.9419257051201277
geco22,2578,2976,1.9383196164202947
geco22,2579,2976,1.9422633365918232
geco22,2580,2976,1.9448417335428216
geco22,2581,2976,1.9330996851767264
geco22,2582,2976,1.9428849579185568
geco22,2583,2976,1.9328532065114667
geco22,2584,2976,1.9434169030958606
geco22,2585,2976,1.9426579321584394
geco22,2586,2976,1.9231245081911805
geco22,2587,2976,1.9490673311295048
geco22,2588,2976,1.9386697840946976
geco22,2589,2976,1.9384584837062384
geco22,2590,2976,1.9344616654098674
geco22,2591,2976,1.93720886271487
geco22,2592,2976,1.941211756839547
geco22,2593,2976,1.9422985712687175
geco22,2594,2976,1.9406906968803816
geco22,2595,2976,1.9360742415151289
geco22,2596,2976,1.933111770178682
geco22,2597,2976,1.9332892407653153
geco22,2598,2976,1.9356514689742879
geco22,2599,2976,1.9391039930364138
geco22,2600,2976,1.9248862471631778
geco22,2601,2976,1.9416702896036127
geco22,2602,2976,1.9473107681479505
geco22,2603,2976,1.9272929109552854
geco22,2604,2976,1.9459617727546281
geco22,2605,2976,1.9374807162951397
geco22,2606,2976,1.9371214579510432
geco22,2607,2976,1.9372407902953446
geco22,2608,2976,1.9458550689040974
geco22,2609,2976,1.9510442877328524
geco22,2610,2976,1.941130381758495
geco22,2611,2976,1.937689309479088
geco22,2612,2976,1.9529858353317424
geco22,2613,2976,1.9273584837554603
geco22,2614,2976,1.941789334820163
geco22,2615,2976,1.946476198011829
geco22,2616,2976,1.9421594219823037
geco22,2617,2976,1.947924977989607
geco22,2618,2976,1.949599681362029
geco22,2619,2976,1.9317338697371944
geco22,2620,2976,1.9428756108847998
geco22,2621,2976,1.9479872898388935
geco22,2622,2976,1.941434573101741
geco22,2623,2976,1.9430721190667921
geco22,2624,2976,1.9445821854376024
geco22,2625,2976,1.9376016534784788
geco22,2626,2976,1.9396073074751004
geco22,2627,2976,1.9513153517118065
geco22,2628,2976,1.9366692778884724
geco22,2629,2976,1.9300927500570975
geco22,2630,2976,1.9350780774188299
geco22,2631,2976,1.946708417707874
geco22,2632,2976,1.9272331730011971
geco22,2633,2976,1.9461234359331028
geco22,2634,2976,1.9371961188572708
geco22,2635,2976,1.930086120482414
geco22,2636,2976,1.938327568833546
geco22,2637,2976,1.944825695407006
geco22,2638,2976,1.9465874753972536
geco22,2639,2976,1.945999530053908
geco22,2640,2976,1.9361907846184188
geco22,2641,2976,1.9441755971600931
geco22,2642,2976,1.9359060461803148
geco22,2643,2976,1.9373423104645104
geco22,2644,2976,1.9367220735037198
geco22,2645,2976,1.9335588460327477
geco22,2646,2976,1.9355810021841398
geco22,2647,2976,1.9455865736930602
geco22,2648,2976,1.9430367459533036
geco22,2649,2976,1.9325812657674153
geco22,2650,2976,1.9410819315141248
geco22,2651,2976,1.9426141554309475
geco22,2652,2976,1.935820964074904
geco22,2653,2976,1.9362906896939842
geco22,2654,2976,1.9398146034568868
geco22,2655,2976,1.9359584264857794
geco22,2656,2976,1.9341462145569503
geco22,2657,2976,1.93420991077218
geco22,2658,2976,1.9304636422023977
geco22,2659,2976,1.9400974858191706
geco22,2660,2976,1.9406291592505671
geco22,2661,2976,1.939331644324846
geco22,2662,2976,1.9403343559593282
geco22,2663,2976,1.9323102274248678
geco22,2664,2976,1.9255600437041251
geco22,2665,2976,1.9359525096031927
geco22,2666,2976,1.9312514079514371
geco22,2667,2976,1.9280649000598538
geco22,2668,2976,1.9419539333671652
geco22,2669,2976,1.939589895227904
geco22,2670,2976,1.9312685381981634
geco22,2671,2976,1.942581335703532
geco22,2672,2976,1.9379007406132196
geco22,2673,2976,1.9402975830980527
geco22,2674,2976,1.9548046640170518
geco22,2675,2976,1.923919600825156
geco22,2676,2976,1.9360062717109598
geco22,2677,2976,1.9332772121634534
geco22,2678,2976,1.932097335015574
geco22,2679,2976,1.922145866578625
geco22,2680,2976,1.928657449701781
geco22,2681,2976,1.9395797893565188
geco22,2682,2976,1.9479670345142324
geco22,2683,2976,1.942535646500126
geco22,2684,2976,1.9379247362895677
geco22,2685,2976,1.9471247939653293
geco22,2686,2976,1.9237145070106751
geco22,2687,2976,1.938755040527672
geco22,2688,2976,1.9355376228209464
geco22,2689,2976,1.9319149755662488
geco22,2690,2976,1.9271217315427718
geco22,2691,2976,1.9446648269571283
geco22,2692,2976,1.9459380949697187
geco22,2693,2976,1.9312804719453216
geco22,2694,2976,1.9309665695313485
geco22,2695,2976,1.936885000557028
geco22,2696,2976,1.923470227949081
geco22,2697,2976,1.9392857295210644
geco22,2698,2976,1.9243299499634774
geco22,2699,2976,1.9315842197787376
geco22,2700,2976,1.9313702480767363
geco22,2701,2976,1.9342375211818243
geco22,2702,2976,1.9266203423982025
geco22,2703,2976,1.9183251729575537
geco22,2704,2976,1.9344501674816172
geco22,2705,2976,1.9377306199842883
geco22,2706,2976,1.9377345936272734
geco22,2707,2976,1.931361408643825
geco22,2708,2976,1.9409873408655967
geco22,2709,2976,1.9391838914604598
geco22,2710,2976,1.9295377731323242
geco22,2711,2976,1.9353915927230672
geco22,2712,2976,1.9247773667817474
geco22,2713,2976,1.9438030694120674
geco22,2714,2976,1.9382260717371458
geco22,2715,2976,1.937273394676947
geco22,2716,2976,1.9330580747255715
geco22,2717,2976,1.9385583990363664
geco22,2718,2976,1.932120887182092
geco22,2719,2976,1.9429694683321062
geco22,2720,2976,1.938917770180651
geco22,2721,2976,1.9425534022751676
geco22,2722,2976,1.9400372377005957
geco22,2723,2976,1.9405291413748136
geco22,2724,2976,1.9285197668178107
geco22,2725,2976,1.9381518440861856
geco22,2726,2976,1.9369209633078626
geco22,2727,2976,1.9335385291807112
geco22,2728,2976,1.9324499381485807
geco22,2729,2976,1.9384868990990423
geco22,2730,2976,1.9374217781969296
geco22,2731,2976,1.9347693433043778
geco22,2732,2976,1.9340303892730384
geco22,2733,2976,1.9334609841787687
geco22,2734,2976,1.9343937494421517
geco22,2735,2976,1.948542882037419
geco22,2736,2976,1.9438871722067557
geco22,2737,2976,1.945154925828339
geco22,2738,2976,1.9411457097658547
geco22,2739,2976,1.9353903493573588
geco22,2740,2976,1.9504562090801936
geco22,2741,2976,1.938982871270949
geco22,2742,2976,1.9332446180364138
geco22,2743,2976,1.9323855779504264
geco22,2744,2976,1.9416549077597998
geco22,2745,2976,1.9469007830465994
geco22,2746,2976,1.9321702065006379
geco22,2747,2976,1.9436642739080614
geco22,2748,2976,1.9342851587521133
geco22,2749,2976,1.9376102519291702
geco22,2750,2976,1.9416700434941117
geco22,2751,2976,1.9377195501840243
geco22,2752,2976,1.9336107059191632
geco22,2753,2976,1.932395201857372
geco22,2754,2976,1.9355209258294874
geco22,2755,2976,1.9352498259595645
geco22,2756,2976,1.9238758343522266
geco22,2757,2976,1.9369068966116956
geco22,2758,2976,1.943014601225494
geco22,2759,2976,1.9470594057472803
geco22,2760,2976,1.944538665074174
geco22,2761,2976,1.938886006673177
geco22,2762,2976,1.9424902700608777
geco22,2763,2976,1.942559580649099
geco22,2764,2976,1.9396388658913233
geco22,2765,2976,1.9388778081504248
geco22,2766,2976,1.9350588090958134
geco22,2767,2976,1.9341585559229697
geco22,2768,2976,1.9461037292275378
geco22,2769,2976,1.9306524492079211
geco22,2770,2976,1.942554094458139
geco22,2771,2976,1.94295213812141
geco22,2772,2976,1.9440429825936594
geco22,2773,2976,1.9452958491540724
geco22,2774,2976,1.9514600538438367
geco22,2775,2976,1.936966319237986
geco22,2776,2976,1.9364865441476145
geco22,2777,2976,1.931862849061207
geco22,2778,2976,1.9391158883289625
geco22,2779,2976,1.934286363663212
geco22,2780,2976,1.9422064494061213
geco22,2781,2976,1.9346637879648516
geco22,2782,2976,1.9333599511013235
geco22,2783,2976,1.924471280908072
geco22,2784,2976,1.9286479488495858
geco22,2785,2976,1.9424453012404903
geco22,2786,2976,1.9398413371014338
geco22,2787,2976,1.9250517763117307
geco22,2788,2976,1.9525784882166053
geco22,2789,2976,1.9348633007336689
geco22,2790,2976,1.9356489899337932
geco22,2791,2976,1.9404230220343477
geco22,2792,2976,1.9522838336165234
geco22,2793,2976,1.9361754130291682
geco22,2794,2976,1.9560879020280735
geco22,2795,2976,1.9406546777294529
geco22,2796,2976,1.938285755854781
geco22,2797,2976,1.9451170121469805
geco22,2798,2976,1.9402576672133578
geco22,2799,2976,1.9418764524562384
geco22,2800,2976,1.935467843086489
geco22,2801,2976,1.9419612935794297
geco22,2802,2976,1.9295234167447655
geco22,2803,2976,1.9553480404679493
geco22,2804,2976,1.9471987139794134
geco22,2805,2976,1.9343846792815833
geco22,2806,2976,1.9486108492779475
geco22,2807,2976,1.943038248246716
geco22,2808,2976,1.942024395030032
geco22,2809,2976,1.9380414409022177
geco22,2810,2976,1.9420697355783114
geco22,2811,2976,1.9473494611760622
geco22,2812,2976,1.9410595688768613
geco22,2813,2976,1.9244272016709851
geco22,2814,2976,1.949212504971412
geco22,2815,2976,1.9363688345878356
geco22,2816,2976,1.94458681537259
geco22,2817,2976,1.9472713316640546
geco22,2818,2976,1.9372480300164991
geco22,2819,2976,1.9413742096193376
geco22,2820,2976,1.9333922068277996
geco22,2821,2976,1.9513876386868056
geco22,2822,2976,1.931338207696074
geco22,2823,2976,1.9409417029350036
geco22,2824,2976,1.9377164481788554
geco22,2825,2976,1.9339980310009373
geco22,2826,2976,1.940500372199602
geco22,2827,2976,1.9507836423894411
geco22,2828,2976,1.936176638449392
geco22,2829,2976,1.9394992654041578
geco22,2830,2976,1.9451001587734427
geco22,2831,2976,1.940983485150081
geco22,2832,2976,1.9521487246277511
geco22,2833,2976,1.9298494400516633
geco22,2834,2976,1.9451106440636419
geco22,2835,2976,1.9395629872557938
geco22,2836,2976,1.9375043376799552
geco22,2837,2976,1.946759900739116
geco22,2838,2976,1.934027487231839
geco22,2839,2976,1.9511167054535241
geco22,2840,2976,1.9335423233688518
geco22,2841,2976,1.947912513568837
geco22,2842,2976,1.9509643482905563
geco22,2843,2976,1.9343023556534962
geco22,2844,2976,1.940305591911398
geco22,2845,2976,1.9474394295805244
geco22,2846,2976,1.9467601160849295
geco22,2847,2976,1.9353941127818117
geco22,2848,2976,1.9523016099006898
geco22,2849,2976,1.942473232105214
geco22,2850,2976,1.9482440845940703
geco22,2851,2976,1.936629577349591
geco22,2852,2976,1.9426706683251165
geco22,2853,2976,1.942235505709084
geco22,2854,2976,1.9414893068293089
geco22,2855,2976,1.935989333737281
geco22,2856,2976,1.9472567291669949
geco22,2857,2976,1.9438129086648264
geco22,2858,2976,1.9431366920471191
geco22,2859,2976,1.9437851290549002
geco22,2860,2976,1.9455483446839035
geco22,2861,2976,1.9553180766362015
geco22,2862,2976,1.9390772235008977
geco22,2863,2976,1.9381525593419229
geco22,2864,2976,1.9428036956376926
geco22,2865,2976,1.95193604500063
geco22,2866,2976,1.9440491276402627
geco22,2867,2976,1.936157000962124
geco22,2868,2976,1.9378560743024271
geco22,2869,2976,1.9312801822539298
geco22,2870,2976,1.951768434175881
geco22,2871,2976,1.9362120218174432
geco22,2872,2976,1.9309415714715117
geco22,2873,2976,1.9317431449890137
geco22,2874,2976,1.9301676545091855
geco22,2875,2976,1.9217709161901986
geco22,2876,2976,1.9429781565102198
geco22,2877,2976,1.9419362519377021
geco22,2878,2976,1.9376536697469733
geco22,2879,2976,1.9326988138178343
geco22,2880,2976,1.9506721496582031
geco22,2881,2976,1.945774293714954
geco22,2882,2976,1.9387251894961122
geco22,2883,2976,1.9385724529143302
geco22,2884,2976,1.9439560879943192
geco22,2885,2976,1.9421214288280857
geco22,2886,2976,1.9592788706543625
geco22,2887,2976,1.9346091285828622
geco22,2888,2976,1.9390848426408664
geco22,2889,2976,1.9450403592919792
geco22,2890,2976,1.9437539705666163
geco22,2891,2976,1.9436692550618162
geco22,2892,2976,1.948439598083496
geco22,2893,2976,1.9419298120724258
geco22,2894,2976,1.9410698029302782
geco22,2895,2976,1.9388378461201985
geco22,2896,2976,1.9389209644768828
geco22,2897,2976,1.9324450646677325
geco22,2898,2976,1.9498912031932543
geco22,2899,2976,1.935448359417659
geco22,2900,2976,1.9473103810382146
geco22,2901,2976,1.933205989099318
geco22,2902,2976,1.932425642526278
geco22,2903,2976,1.932158290698964
geco22,2904,2976,1.9429849552851852
geco22,2905,2976,1.93442871750042
geco22,2906,2976,1.9316641951120028
geco22,2907,2976,1.9401882028066983
geco22,2908,2976,1.9345327449101273
geco22,2909,2976,1.9338592252423685
geco22,2910,2976,1.9226311509327223
geco22,2911,2976,1.960098558856595
geco22,2912,2976,1.9330031077067058
geco22,2913,2976,1.9453490831518685
geco22,2914,2976,1.9429174238635647
geco22,2915,2976,1.9353954458749423
geco22,2916,2976,1.9375727304848291
geco22,2917,2976,1.9302467838410409
geco22,2918,2976,1.935559857276178
geco22,2919,2976,1.942193503020912
geco22,2920,2976,1.9359158803057928
geco22,2921,2976,1.9387261431704286
geco22,2922,2976,1.940884574767082
geco22,2923,2976,1.932442219026627
geco22,2924,2976,1.9403020694691648
geco22,2925,2976,1.9404894049449632
geco22,2926,2976,1.9493594272162325
geco22,2927,2976,1.9455718173775622
geco22,2928,2976,1.9341440764806603
geco22,2929,2976,1.931368233055197
geco22,2930,2976,1.9390716962916876
geco22,2931,2976,1.9388840275426065
geco22,2932,2976,1.9366737847687097
geco22,2933,2976,1.944203007605768
geco22,2934,2976,1.9293497044553038
geco22,2935,2976,1.935114670825261
geco22,2936,2976,1.9276620341885475
geco22,2937,2976,1.9357484848268571
geco22,2938,2976,1.9420355366122337
geco22,2939,2976,1.9349108767765824
geco22,2940,2976,1.936291084494642
geco22,2941,2976,1.9440917507294686
geco22,2942,2976,1.9376501370501775
geco22,2943,2976,1.9457877425737278
geco22,2944,2976,1.9422542202857234
geco22,2945,2976,1.9345159684458086
geco22,2946,2976,1.9449197041091097
geco22,2947,2976,1.9402513247664257
geco22,2948,2976,1.9361813145299112
geco22,2949,2976,1.935507002697196
geco22,2950,2976,1.9509828936669134
geco22,2951,2976,1.9389998989720498
geco22,2952,2976,1.9399290495021368
geco22,2953,2976,1.943733189695625
geco22,2954,2976,1.9394725830324235
geco22,2955,2976,1.9401886334983252
geco22,2956,2976,1.9346532667836835
geco22,2957,2976,1.9366947143308577
geco22,2958,2976,1.9203678613067956
geco22,2959,2976,1.9447310252856183
geco22,2960,2976,1.9227055836749334
geco22,2961,2976,1.9376976464384346
geco22,2962,2976,1.9431657073318318
geco22,2963,2976,1.935269930029428
geco22,2964,2976,1.9430561014401015
geco22,2965,2976,1.9394858549999934
geco22,2966,2976,1.9350775287997337
geco22,2967,2976,1.9430630489062237
geco22,2968,2976,1.940311667739704
geco22,2969,2976,1.9473078353430635
geco22,2970,2976,1.9343238133256153
geco22,2971,2976,1.9358271527033981
geco22,2972,2976,1.9325251886921544
geco22,2973,2976,1.9362049512965704
geco22,2974,2976,1.9429960097036054
geco22,2975,2976,1.932840383181008
geco22,2976,2976,1.9467947354880712
geco22,2977,2976,1.9436098221809632
geco22,2978,2976,1.9428984580501434
geco22,2979,2976,1.9271335806897891
geco22,2980,2976,1.9434609977147912
geco22,2981,2976,1.9475651505172893
geco22,2982,2976,1.9363238478219638
geco22,2983,2976,1.9494511952964209
geco22,2984,2976,1.9359151060863207
geco22,2985,2976,1.9390407582764984
geco22,2986,2976,1.93747196402601
geco22,2987,2976,1.9449493244130125
geco22,2988,2976,1.945031468586255
geco22,2989,2976,1.9388812998289704
geco22,2990,2976,1.9287298417860461
geco22,2991,2976,1.9490192269766202
geco22,2992,2976,1.9406926247381395
geco22,2993,2976,1.9383555176437541
geco22,2994,2976,1.9462932104705482
geco22,2995,2976,1.9322120553703719
geco22,2996,2976,1.9287976039353238
geco22,2997,2976,1.9377167968339817
geco22,2998,2976,1.9461360849359983
geco22,2999,2976,1.9362622025192424
geco22,3000,2976,1.93118465587657
geco22,3001,2976,1.9458058623857395
geco22,3002,2976,1.9461498414316485
geco22,3003,2976,1.9377559590083298
geco22,3004,2976,1.9385086746626004
geco22,3005,2976,1.9377272872514621
geco22,3006,2976,1.9405248703495148
geco22,3007,2976,1.9366081709502845
geco22,3008,2976,1.9413641857844528
geco22,3009,2976,1.9464538635746125
geco22,3010,2976,1.931465292489657
geco22,3011,2976,1.92703491128901
geco22,3012,2976,1.9395712370513587
geco22,3013,2976,1.9426358745944114
geco22,3014,2976,1.925130787716117
geco22,3015,2976,1.9398344767990934
geco22,3016,2976,1.9397390734764837
geco22,3017,2976,1.9389616033082366
geco22,3018,2976,1.9442538343450075
geco22,3019,2976,1.9488846871160692
geco22,3020,2976,1.9392199054841073
geco22,3021,2976,1.9337765298863894
geco22,3022,2976,1.9310672308809014
geco22,3023,2976,1.938241333089849
geco22,3024,2976,1.9535403149102324
geco22,3025,2976,1.9449516316895843
geco22,3026,2976,1.93220393888412
geco22,3027,2976,1.9419294890537058
geco22,3028,2976,1.939718851479151
geco22,3029,2976,1.94042053017565
geco22,3030,2976,1.92787778505715
geco22,3031,2976,1.9402522528043358
geco22,3032,2976,1.9402351789577033
geco22,3033,2976,1.9486309277114047
geco22,3034,2976,1.944862416995469
geco22,3035,2976,1.9313509746264386
geco22,3036,2976,1.9389132633004138
geco22,3037,2976,1.9512224402478946
geco22,3038,2976,1.9449663982596448
geco22,3039,2976,1.944553513680735
geco22,3040,2976,1.9402287185833018
geco22,3041,2976,1.951573469305551
geco22,3042,2976,1.9369366681703957
geco22,3043,2976,1.9461724886330225
geco22,3044,2976,1.938524241088539
geco22,3045,2976,1.937191573522424
geco22,3046,2976,1.9329163130893503
geco22,3047,2976,1.9416790418727423
geco22,3048,2976,1.9424053853557957
geco22,3049,2976,1.9420001968260734
geco22,3050,2976,1.929772223195722
geco22,3051,2976,1.9479305308352235
geco22,3052,2976,1.9434762770129788
geco22,3053,2976,1.9415885889402
geco22,3054,2976,1.9413845898002706
geco22,3055,2976,1.9402590182519728
geco22,3056,2976,1.9402645531521048
geco22,3057,2976,1.9389582859572543
geco22,3058,2976,1.9321527301624257
geco22,3059,2976,1.9396707396353445
geco22,3060,2976,1.9386190522101618
geco22,3061,2976,1.9381706535175283
geco22,3062,2976,1.9382899140798917
geco22,3063,2976,1.9402368555786789
geco22,3064,2976,1.9248419269438712
geco22,3065,2976,1.9303015688414216
geco22,3066,2976,1.9342323426277406
geco22,3067,2976,1.9424185855414278
geco22,3068,2976,1.9416026017999137
geco22,3069,2976,1.9396950660213348
geco22,3070,2976,1.9416840922447942
geco22,3071,2976,1.945506106140793
