model,model_window_position,base_count,mean_bpb
carbon1,0,17,1.9117772579193115
carbon1,1,17,1.8426181779188269
carbon1,2,17,1.8078561179778154
carbon1,3,17,1.9759780238656437
carbon1,4,17,1.7726254743688248
carbon1,5,17,1.877816866425907
carbon1,6,17,1.7577764567206888
carbon1,7,17,1.894945600453545
carbon1,8,17,2.0190361247343174
carbon1,9,17,1.8298841083751005
carbon1,10,17,1.9877114366082584
carbon1,11,17,1.9097309252795052
carbon1,12,17,1.7001800957848043
carbon1,13,17,1.817458573509665
carbon1,14,17,1.8181001018075382
carbon1,15,17,1.8736554734847124
carbon1,16,17,1.8987598349066341
carbon1,17,17,2.0084887602749992
carbon1,18,17,1.6950774297994726
carbon1,19,17,1.9148852895287907
carbon1,20,17,1.8734948635101318
carbon1,21,17,1.8475684278151567
carbon1,22,17,1.7886741091223324
carbon1,23,17,1.9179866243811214
carbon1,24,17,1.8528378255227034
carbon1,25,17,2.0306308409746956
carbon1,26,17,1.5630923369351555
carbon1,27,17,1.9258096077862907
carbon1,28,17,1.896644816679113
carbon1,29,17,1.8206774557338041
carbon1,30,17,1.7427729017594282
carbon1,31,17,1.8659227630671333
carbon1,32,17,1.854365446988274
carbon1,33,17,1.6391636238378637
carbon1,34,17,1.7880457464386434
carbon1,35,17,1.802292641471414
carbon1,36,17,1.728335052728653
carbon1,37,17,1.9127561905804802
carbon1,38,17,1.7403767179040348
carbon1,39,17,2.008827525026658
carbon1,40,17,1.8836747933836544
carbon1,41,17,1.8052998079973108
carbon1,42,17,1.789976637591334
carbon1,43,17,1.805147409439087
carbon1,44,17,1.8555611494709463
carbon1,45,17,1.6031090424341314
carbon1,46,17,1.7930578431662392
carbon1,47,17,1.667423311401816
carbon1,48,17,1.6743887575233685
carbon1,49,17,1.8375820596428478
carbon1,50,17,1.8913896189016455
carbon1,51,17,1.5351907036760275
carbon1,52,17,1.8566743319525438
carbon1,53,17,1.7900716960430145
carbon1,54,17,1.7362889575169367
carbon1,55,17,1.6362546156434452
carbon1,56,17,1.5843854897162493
carbon1,57,17,1.590252681690104
carbon1,58,17,1.7983248619472278
carbon1,59,17,1.930868403876529
carbon1,60,17,1.5936519117916332
carbon1,61,17,1.7303424530169542
carbon1,62,17,1.7033869501422434
carbon1,63,17,2.1158187735606644
carbon1,64,17,1.8812654079759823
carbon1,65,17,1.8313529070685892
carbon1,66,17,1.8148399994653814
carbon1,67,17,1.6783496592851246
carbon1,68,17,1.9832652193658493
carbon1,69,17,1.8406467345707558
carbon1,70,17,1.7646209347774
carbon1,71,17,1.662689398316776
carbon1,72,17,1.875768933116513
carbon1,73,17,1.75596623210346
carbon1,74,17,1.8109361143673168
carbon1,75,17,1.9772742776309742
carbon1,76,17,1.5270079654805802
carbon1,77,17,1.8709301457685583
carbon1,78,17,1.8225105948307936
carbon1,79,17,1.462569525136667
carbon1,80,17,1.8056979661478716
carbon1,81,17,1.6374329977175768
carbon1,82,17,1.6559517927029554
carbon1,83,17,1.9367783507880043
carbon1,84,17,1.8048978844547974
carbon1,85,17,1.679501910420025
carbon1,86,17,1.5519035221899258
carbon1,87,17,1.9755790198550505
carbon1,88,17,1.923227169934441
carbon1,89,17,1.8493473284384783
carbon1,90,17,1.8984712774262709
carbon1,91,17,1.8467263368999256
carbon1,92,17,1.6854465630124598
carbon1,93,17,1.6852176855592167
carbon1,94,17,1.6520480688880472
carbon1,95,17,1.5908038966795977
carbon1,96,17,1.8488294359515696
carbon1,97,17,1.9602785951950972
carbon1,98,17,2.228826578925638
carbon1,99,17,1.8674167885499842
carbon1,100,17,1.7732508252648747
carbon1,101,17,1.539481923860662
carbon1,102,17,2.2170496653108036
carbon1,103,17,1.6652904328177958
carbon1,104,17,2.050432448878008
carbon1,105,17,2.0019666938220753
carbon1,106,17,1.6851587225409115
carbon1,107,17,1.8535755416926216
carbon1,108,17,1.70969109281021
carbon1,109,17,1.5909156834377962
carbon1,110,17,2.0839813597062053
carbon1,111,17,1.6234197572750204
carbon1,112,17,1.985931158065796
carbon1,113,17,1.9677547076169182
carbon1,114,17,1.8244280464508955
carbon1,115,17,1.6670389350722818
carbon1,116,17,2.0115898847579956
carbon1,117,17,1.9336977916605331
carbon1,118,17,1.7848138195626877
carbon1,119,17,1.8135294844122494
carbon1,120,17,1.7397835955900305
carbon1,121,17,1.6215770700398613
carbon1,122,17,1.8227711214738733
carbon1,123,17,1.6204365001005285
carbon1,124,17,1.9360462497262394
carbon1,125,17,1.6229467321844662
carbon1,126,17,1.6362910060321583
carbon1,127,17,1.6889668352463667
carbon1,128,17,1.987100082285264
carbon1,129,17,1.7321486893822164
carbon1,130,17,1.84616036976085
carbon1,131,17,1.972520344397601
carbon1,132,17,2.023835764211767
carbon1,133,17,1.9506409378612743
carbon1,134,17,1.8568281005410587
carbon1,135,17,2.03248887202319
carbon1,136,17,2.2022781442193424
carbon1,137,17,1.9217717016444487
carbon1,138,17,1.905279783641591
carbon1,139,17,1.978350646355573
carbon1,140,17,1.8771501288694494
carbon1,141,17,1.6952712185242598
carbon1,142,17,1.6702226750990923
carbon1,143,17,1.8497786241419174
carbon1,144,17,1.7139793844784008
carbon1,145,17,2.1825239237617042
carbon1,146,17,2.0204599815256454
carbon1,147,17,1.700649016043719
carbon1,148,17,1.793375099406523
carbon1,149,17,1.759532044915592
carbon1,150,17,1.6416818219072677
carbon1,151,17,1.7021743129281437
carbon1,152,17,1.985210755292107
carbon1,153,17,2.1885415946736053
carbon1,154,17,1.9564789533615112
carbon1,155,17,2.1560022480347576
carbon1,156,17,1.7228325920946457
carbon1,157,17,2.0926662473117603
carbon1,158,17,1.738980770111084
carbon1,159,17,1.8790765650132124
carbon1,160,17,2.1223405599594116
carbon1,161,17,1.9507710232454187
carbon1,162,17,1.925191441003014
carbon1,163,17,1.5283515102723066
carbon1,164,17,1.954206207219292
carbon1,165,17,1.7204636615865372
carbon1,166,17,1.9472664875142716
carbon1,167,17,1.973866715150721
carbon1,168,17,1.6205929524320013
carbon1,169,17,1.8537166819852942
carbon1,170,17,1.758658069459831
carbon1,171,17,1.915010624729535
carbon1,172,17,1.7473591215470259
carbon1,173,17,1.9464755224830963
carbon1,174,17,2.1422347036354683
carbon1,175,17,1.6988107667249792
carbon1,176,17,2.0117232308668247
carbon1,177,17,1.8148779264267754
carbon1,178,17,1.891292186344371
carbon1,179,17,1.762242490754408
carbon1,180,17,2.063214849023258
carbon1,181,17,1.9011140360551722
carbon1,182,17,2.1290187695447136
carbon1,183,17,1.6008939707980436
carbon1,184,17,1.9078670845312231
carbon1,185,17,1.909523837706622
carbon1,186,17,1.61078162929591
carbon1,187,17,1.7925114701775944
carbon1,188,17,1.7716453145532047
carbon1,189,17,1.8409059398314531
carbon1,190,17,1.717618917717653
carbon1,191,17,1.9168085841571583
carbon1,192,17,1.7040510019835304
carbon1,193,17,1.7679166022469015
carbon1,194,17,1.8418510398444008
carbon1,195,17,1.7969124089269077
carbon1,196,17,1.6628659753238453
carbon1,197,17,1.7435011442969828
carbon1,198,17,1.9071539535241968
carbon1,199,17,1.488620424971861
carbon1,200,17,1.7983213505324196
carbon1,201,17,1.733645349740982
carbon1,202,17,1.8269460008424871
carbon1,203,17,1.7044266251956715
carbon1,204,17,1.5638672538539942
carbon1,205,17,1.5375656020991944
carbon1,206,17,1.8404041037840002
carbon1,207,17,1.856250286102295
carbon1,208,17,1.5137326016145594
carbon1,209,17,1.8864136934280396
carbon1,210,17,1.9436324379023384
carbon1,211,17,1.719688042121775
carbon1,212,17,1.8071005063898422
carbon1,213,17,1.9291408412596758
carbon1,214,17,1.743696959579692
carbon1,215,17,1.900229159523459
carbon1,216,17,1.8692792846876032
carbon1,217,17,1.8005468845367432
carbon1,218,17,1.7280367682961857
carbon1,219,17,1.7154655807158525
carbon1,220,17,1.5428263159359203
carbon1,221,17,1.7135043564964743
carbon1,222,17,1.7571744423578768
carbon1,223,17,2.2054375760695515
carbon1,224,17,1.694404916728244
carbon1,225,17,1.9764796705806957
carbon1,226,17,2.0659774752224194
carbon1,227,17,1.9594305192722994
carbon1,228,17,1.568561883533702
carbon1,229,17,1.6491386890411377
carbon1,230,17,2.0963337701909683
carbon1,231,17,2.1451612079844757
carbon1,232,17,1.8315090011147892
carbon1,233,17,1.849421921898337
carbon1,234,17,1.8762779305962956
carbon1,235,17,1.7862805689082426
carbon1,236,17,1.973531211123747
carbon1,237,17,1.7289367773953606
carbon1,238,17,2.147447060136234
carbon1,239,17,1.9746502287247603
carbon1,240,17,2.2362564311308017
carbon1,241,17,1.8089259301914888
carbon1,242,17,1.8033673973644482
carbon1,243,17,1.9601915233275469
carbon1,244,17,1.7669967553194832
carbon1,245,17,1.9444992892882402
carbon1,246,17,1.7658140238593607
carbon1,247,17,1.9101004810894238
carbon1,248,17,1.7065461172777063
carbon1,249,17,1.7785120360991533
carbon1,250,17,1.528764826409957
carbon1,251,17,1.8077244933913736
carbon1,252,17,1.498218999189489
carbon1,253,17,1.4850602360332714
carbon1,254,17,1.8487538870643168
carbon1,255,17,1.6501904375412886
carbon1,256,17,1.9231623411178589
carbon1,257,17,1.868809139027315
carbon1,258,17,1.660204992574804
carbon1,259,17,1.8270067327162798
carbon1,260,17,1.8063988931038801
carbon1,261,17,1.8509763338986565
carbon1,262,17,1.8505174763062422
carbon1,263,17,1.5834084328483133
carbon1,264,17,1.6243850729044746
carbon1,265,17,1.7053697915638195
carbon1,266,17,1.793622563867008
carbon1,267,17,2.0272268477608177
carbon1,268,17,1.830542753724491
carbon1,269,17,1.6813601956647986
carbon1,270,17,2.0895482967881596
carbon1,271,17,1.8350955738740808
carbon1,272,17,1.6313753618913538
carbon1,273,17,1.8000298177494722
carbon1,274,17,1.9764004665262558
carbon1,275,17,1.7337429067667793
carbon1,276,17,1.6927533289965462
carbon1,277,17,1.9639514404184677
carbon1,278,17,1.8300462330088896
carbon1,279,17,2.1890690396813786
carbon1,280,17,1.8469302584143246
carbon1,281,17,1.5910919028169968
carbon1,282,17,1.9041167708004223
carbon1,283,17,2.1704060189864216
carbon1,284,17,1.9626525780733894
carbon1,285,17,1.7027301157222074
carbon1,286,17,1.811021766241859
carbon1,287,17,1.6810753345489502
carbon1,288,17,1.6624507623560287
carbon1,289,17,1.7961297631263733
carbon1,290,17,1.9889566898345947
carbon1,291,17,1.8740003249224495
carbon1,292,17,1.5025358410442577
carbon1,293,17,1.9361540289486157
carbon1,294,17,1.8251497570206137
carbon1,295,17,1.8061306932393242
carbon1,296,17,1.8774858643026913
carbon1,297,17,1.889853042714736
carbon1,298,17,1.959148322834688
carbon1,299,17,1.8299144927193136
carbon1,300,17,1.7183672470204971
carbon1,301,17,1.7024000812979305
carbon1,302,17,1.8519512660363142
carbon1,303,17,1.790413779370925
carbon1,304,17,1.5607229366021997
carbon1,305,17,1.9427271590513342
carbon1,306,17,1.7243214635288013
carbon1,307,17,1.6906515254693872
carbon1,308,17,1.8992011862642624
carbon1,309,17,1.674668971230002
carbon1,310,17,1.96902834667879
carbon1,311,17,1.8927441625034107
carbon1,312,17,1.6775665914311129
carbon1,313,17,1.3957575734923868
carbon1,314,17,1.8183609808192533
carbon1,315,17,1.9867194470237284
carbon1,316,17,1.8012117743492126
carbon1,317,17,2.1000501478419586
carbon1,318,17,1.7483036938835592
carbon1,319,17,1.8011006940813625
carbon1,320,17,1.798863039297216
carbon1,321,17,1.6751433155115913
carbon1,322,17,1.7619861855226404
carbon1,323,17,2.0024590001386753
carbon1,324,17,1.7285746896968168
carbon1,325,17,1.942418231683619
carbon1,326,17,1.9515409048865824
carbon1,327,17,1.528436327681822
carbon1,328,17,1.7458471340291641
carbon1,329,17,1.6993756083881153
carbon1,330,17,1.8835444485439974
carbon1,331,17,1.6982441527002
carbon1,332,17,2.0259602911332073
carbon1,333,17,1.639558799126569
carbon1,334,17,1.8068762702100418
carbon1,335,17,1.8001659828073837
carbon1,336,17,1.8319077281390919
carbon1,337,17,1.7154521451276892
carbon1,338,17,1.9781563211889828
carbon1,339,17,1.809272373423857
carbon1,340,17,2.0386240482330322
carbon1,341,17,2.0184854759889492
carbon1,342,17,1.8673544455977047
carbon1,343,17,1.7960243645836325
carbon1,344,17,1.6977009352515726
carbon1,345,17,1.566505235784194
carbon1,346,17,1.562108741087072
carbon1,347,17,1.9633722165051628
carbon1,348,17,1.6499584843130672
carbon1,349,17,1.377178718062008
carbon1,350,17,1.8774837115231682
carbon1,351,17,1.7432128822102266
carbon1,352,17,1.662435166976031
carbon1,353,17,1.7777112792519962
carbon1,354,17,2.1453584713094376
carbon1,355,17,2.047139511388891
carbon1,356,17,1.8604509725290186
carbon1,357,17,1.8881454888512106
carbon1,358,17,1.846813258002786
carbon1,359,17,1.9089075677535112
carbon1,360,17,2.078495407805723
carbon1,361,17,2.0715062022209167
carbon1,362,17,1.9930828669491936
carbon1,363,17,1.9017998681348913
carbon1,364,17,1.7917846301022697
carbon1,365,17,2.0248344786026897
carbon1,366,17,1.7095660602345186
carbon1,367,17,1.8118286413304947
carbon1,368,17,1.80449378490448
carbon1,369,17,1.5207173403571634
carbon1,370,17,1.7419372095781214
carbon1,371,17,1.6250401945675121
carbon1,372,17,2.198348844752592
carbon1,373,17,1.5151415572446936
carbon1,374,17,1.8599268057767082
carbon1,375,17,1.7433004098780014
carbon1,376,17,1.9313295238158281
carbon1,377,17,2.1867585743174835
carbon1,378,17,1.620836689191706
carbon1,379,17,1.7418554109685562
carbon1,380,17,1.8622916656381943
carbon1,381,17,2.103944848565494
carbon1,382,17,1.499411000924952
carbon1,383,17,1.586160214508281
carbon1,384,17,1.5687329979503857
carbon1,385,17,1.82577944503111
carbon1,386,17,1.7781381607055664
carbon1,387,17,1.8315510364139782
carbon1,388,17,1.699384191456963
carbon1,389,17,1.8568005982567282
carbon1,390,17,1.7727934122085571
carbon1,391,17,1.8194595961009754
carbon1,392,17,1.584409706732806
carbon1,393,17,1.7099662528318518
carbon1,394,17,2.063386587535634
carbon1,395,17,1.4603821424876942
carbon1,396,17,2.0426946457694557
carbon1,397,17,1.9326394165263456
carbon1,398,17,1.9290511327631332
carbon1,399,17,1.7061345016255098
carbon1,400,17,1.6580609994776108
carbon1,401,17,2.0714094218085792
carbon1,402,17,1.8280893739532023
carbon1,403,17,2.0860039907343246
carbon1,404,17,1.8660310015958899
carbon1,405,17,1.925798170706805
carbon1,406,17,1.873026497223798
carbon1,407,17,1.7428051583907183
carbon1,408,17,1.9272785537383135
carbon1,409,17,1.8303051205242382
carbon1,410,17,1.8806746707243078
carbon1,411,17,2.0022706003750073
carbon1,412,17,1.7692619982887716
carbon1,413,17,1.8581038012224085
carbon1,414,17,1.9273789910709156
carbon1,415,17,1.9535967882941752
carbon1,416,17,1.590476277996512
carbon1,417,17,1.8708173036575317
carbon1,418,17,1.7098348351085888
carbon1,419,17,1.8615700357100542
carbon1,420,17,1.8980792795910555
carbon1,421,17,1.5687538104898788
carbon1,422,17,1.5646892786026
carbon1,423,17,1.5773380083196304
carbon1,424,17,1.8288399121340584
carbon1,425,17,1.842329088379355
carbon1,426,17,1.8057688544778263
carbon1,427,17,1.6969172113081987
carbon1,428,17,1.9850805647232954
carbon1,429,17,1.9834385689567118
carbon1,430,17,2.083375236567329
carbon1,431,17,1.8983105561312508
carbon1,432,17,1.9697772124234367
carbon1,433,17,1.9937390930512373
carbon1,434,17,1.919479391154121
carbon1,435,17,1.5815443431629854
carbon1,436,17,1.50605290777543
carbon1,437,17,1.7288794657763313
carbon1,438,17,1.6888873506994808
carbon1,439,17,1.8108477592468262
carbon1,440,17,1.807096944135778
carbon1,441,17,1.7999423041063196
carbon1,442,17,2.0993302709916057
carbon1,443,17,1.8254324338015389
carbon1,444,17,1.975711331647985
carbon1,445,17,1.9179317846017725
carbon1,446,17,1.7872698412222021
carbon1,447,17,1.8044798444299137
carbon1,448,17,1.7031652226167566
carbon1,449,17,1.817746456931619
carbon1,450,17,1.8445456729215735
carbon1,451,17,1.7831139284021713
carbon1,452,17,1.741008344818564
carbon1,453,17,1.9350958676899181
carbon1,454,17,2.010698816355537
carbon1,455,17,1.6018097295480616
carbon1,456,17,1.6421662884600021
carbon1,457,17,1.9049921018235825
carbon1,458,17,1.7660937239142025
carbon1,459,17,1.8955361071754904
carbon1,460,17,1.8445536529316622
carbon1,461,17,1.9278309345245361
carbon1,462,17,2.0393285505911884
carbon1,463,17,1.64682939823936
carbon1,464,17,1.8238413053400375
carbon1,465,17,2.2331280217451206
carbon1,466,17,1.7249153151231653
carbon1,467,17,1.6955410242080688
carbon1,468,17,2.0142627077944137
carbon1,469,17,1.7151183450923246
carbon1,470,17,2.112534901675056
carbon1,471,17,1.8376579692258554
carbon1,472,17,1.6123893591849243
carbon1,473,17,1.8272329498739803
carbon1,474,17,1.756252243238337
carbon1,475,17,1.907100481145522
carbon1,476,17,1.8150889873504639
carbon1,477,17,1.6948246096863466
carbon1,478,17,1.6632606562446146
carbon1,479,17,1.867239559397978
carbon1,480,17,1.787281548275667
carbon1,481,17,1.9713473810869104
carbon1,482,17,1.7293630768271053
carbon1,483,17,1.861483601962819
carbon1,484,17,1.8163745543536018
carbon1,485,17,1.8951106562333948
carbon1,486,17,1.545860437785878
carbon1,487,17,1.7664076089859009
carbon1,488,17,1.5443712683284985
carbon1,489,17,1.899873186560238
carbon1,490,17,1.6696967727997725
carbon1,491,17,2.072178805575651
carbon1,492,17,1.6579417446080376
carbon1,493,17,1.8474664057002348
carbon1,494,17,1.6771818399429321
carbon1,495,17,1.9696627083946676
carbon1,496,17,1.914953855907216
carbon1,497,17,1.6835649223888622
carbon1,498,17,1.8406900377834545
carbon1,499,17,1.7470623044406666
carbon1,500,17,1.9901110144222485
carbon1,501,17,1.9500704022014843
carbon1,502,17,1.7640531133202946
carbon1,503,17,1.8922771776423735
carbon1,504,17,1.750727891921997
carbon1,505,17,1.8307095134959501
carbon1,506,17,2.265640286838307
carbon1,507,17,1.8609269226298613
carbon1,508,17,2.069768519962535
carbon1,509,17,1.8641646329094381
carbon1,510,17,1.8472668318187488
carbon1,511,17,1.829635178341585
carbon1,512,17,2.0502240657806396
carbon1,513,17,1.8117806911468506
carbon1,514,17,1.8760822380290312
carbon1,515,17,1.7835681298199821
carbon1,516,17,1.6469090019955355
carbon1,517,17,1.8953500705606796
carbon1,518,17,1.7692981046788834
carbon1,519,17,1.6814911575878368
carbon1,520,17,1.6484690133263082
carbon1,521,17,1.797077445422902
carbon1,522,17,1.683694955180673
carbon1,523,17,1.7688650103176342
carbon1,524,17,2.273079177912544
carbon1,525,17,1.8322941731004154
carbon1,526,17,1.9955947819878073
carbon1,527,17,1.7188744474859798
carbon1,528,17,1.899286704904893
carbon1,529,17,1.565325463519377
carbon1,530,17,1.896712716887979
carbon1,531,17,1.5824804200845606
carbon1,532,17,2.0412552567089306
carbon1,533,17,1.6269304261488073
carbon1,534,17,1.6549354353371788
carbon1,535,17,1.722876902888803
carbon1,536,17,1.8011558792170357
carbon1,537,17,1.8679714553496416
carbon1,538,17,1.7044312883825863
carbon1,539,17,1.678018051035264
carbon1,540,17,1.605129922137541
carbon1,541,17,2.005347630556892
carbon1,542,17,2.0166325709399056
carbon1,543,17,1.6999476446824915
carbon1,544,17,1.543497688630048
carbon1,545,17,1.7886292022817276
carbon1,546,17,1.9458086490631104
carbon1,547,17,1.8466389529845293
carbon1,548,17,1.7942507757860071
carbon1,549,17,1.9115143453373629
carbon1,550,17,1.858685766949373
carbon1,551,17,2.024953940335442
carbon1,552,17,1.485411608920378
carbon1,553,17,2.128619102870717
carbon1,554,17,1.79629165986005
carbon1,555,17,1.8333947027430815
carbon1,556,17,1.9940057151457842
carbon1,557,17,1.9150776757913477
carbon1,558,17,1.9219476054696476
carbon1,559,17,1.7515836112639482
carbon1,560,17,1.731661838643691
carbon1,561,17,1.6109578889959
carbon1,562,17,1.8529535602120792
carbon1,563,17,1.5714442729949951
carbon1,564,17,2.0770386983366573
carbon1,565,17,2.1327453991946053
carbon1,566,17,1.9335433384951424
carbon1,567,17,2.0007312227697933
carbon1,568,17,1.6514880236457377
carbon1,569,17,1.8457023115719067
carbon1,570,17,1.7583951459211462
carbon1,571,17,1.7695881058188045
carbon1,572,17,1.8503720059114344
carbon1,573,17,2.004927964771495
carbon1,574,17,1.7770205245298498
carbon1,575,17,1.6671061445684994
carbon1,576,17,1.509648305528304
carbon1,577,17,1.5880178423488842
carbon1,578,17,1.8276419148725622
carbon1,579,17,1.7654510315726786
carbon1,580,17,1.9159454878638773
carbon1,581,17,1.7471488644095028
carbon1,582,17,1.967234590474297
carbon1,583,17,1.9688227387035595
carbon1,584,17,1.8128015924902523
carbon1,585,17,2.0063614144044766
carbon1,586,17,1.9975555504069609
carbon1,587,17,1.7754739803426407
carbon1,588,17,1.8667316541952246
carbon1,589,17,1.5835123868549572
carbon1,590,17,1.7055023733307333
carbon1,591,17,1.6413151586756987
carbon1,592,17,1.5640173449235804
carbon1,593,17,2.0602328917559456
carbon1,594,17,1.910836984129513
carbon1,595,17,1.4941066152909224
carbon1,596,17,1.8107643653364742
carbon1,597,17,1.9842994353350472
carbon1,598,17,1.672538112191593
carbon1,599,17,1.6591346263885498
carbon1,600,17,1.5622961100410013
carbon1,601,17,1.6907697144676657
carbon1,602,17,1.7204834678593803
carbon1,603,17,1.9933461020974552
carbon1,604,17,1.817821923424216
carbon1,605,17,1.6341365435544182
carbon1,606,17,1.96433967702529
carbon1,607,17,1.9719342764686136
carbon1,608,17,1.623648208730361
carbon1,609,17,2.0061431492076203
carbon1,610,17,1.9818167405969955
carbon1,611,17,1.805074649698594
carbon1,612,17,1.8433060505810905
carbon1,613,17,1.8612562891315012
carbon1,614,17,1.7281620318398756
carbon1,615,17,1.829517662525177
carbon1,616,17,1.8463474161484663
carbon1,617,17,1.879248387673322
carbon1,618,17,1.50846586858525
carbon1,619,17,1.7246354257359224
carbon1,620,17,1.8481714804382885
carbon1,621,17,2.153873731108273
carbon1,622,17,1.8647687961073482
carbon1,623,17,1.980963739402154
carbon1,624,17,1.8613681083216387
carbon1,625,17,1.7300608193173128
carbon1,626,17,1.3669918797471945
carbon1,627,17,1.5573599846924053
carbon1,628,17,1.7079081535339355
carbon1,629,17,1.5002826268182081
carbon1,630,17,1.6044502863112617
carbon1,631,17,1.5960490352967207
carbon1,632,17,1.7561231404542923
carbon1,633,17,1.6855077559457106
carbon1,634,17,1.838630562319475
carbon1,635,17,1.8183024061076782
carbon1,636,17,1.7798608537105953
carbon1,637,17,1.642880445017534
carbon1,638,17,1.6019691053558798
carbon1,639,17,1.70467029161313
carbon1,640,17,1.563512731124373
carbon1,641,17,1.3951343385612263
carbon1,642,17,1.8460908764425445
carbon1,643,17,1.9046982857672607
carbon1,644,17,1.5436259122455822
carbon1,645,17,1.8277862887172138
carbon1,646,17,1.4841487311265047
carbon1,647,17,1.607246644794941
carbon1,648,17,1.9742773286998272
carbon1,649,17,1.7718553569386988
carbon1,650,17,1.462945204009028
carbon1,651,17,1.5578448014224278
carbon1,652,17,1.4767636875895893
carbon1,653,17,1.4514014493016636
carbon1,654,17,1.6214014186578638
carbon1,655,17,1.6389168417629074
carbon1,656,17,1.5751934952157385
carbon1,657,17,1.9440180085161154
carbon1,658,17,1.6593091807821219
carbon1,659,17,1.748165785389788
carbon1,660,17,1.906881792799515
carbon1,661,17,1.6871441160054768
carbon1,662,17,1.6535786898697125
carbon1,663,17,1.8433364883941763
carbon1,664,17,1.8208244109854979
carbon1,665,17,2.199511839186444
carbon1,666,17,2.2163400369531967
carbon1,667,17,1.5422877107253845
carbon1,668,17,1.4725787350360084
carbon1,669,17,1.7309945291456055
carbon1,670,17,1.6005609219565111
carbon1,671,17,1.6647249863428228
carbon1,672,17,1.8933786938295645
carbon1,673,17,1.732278378570781
carbon1,674,17,1.5805400820339428
carbon1,675,17,1.6563276464448256
carbon1,676,17,2.051554666722522
carbon1,677,17,1.4608964928809334
carbon1,678,17,1.7565592821030056
carbon1,679,17,1.8199675346122068
carbon1,680,17,1.5465413051493027
carbon1,681,17,1.9595656504525858
carbon1,682,17,1.90517705547459
carbon1,683,17,1.9105137314866572
carbon1,684,17,1.5626483070938026
carbon1,685,17,1.6048273544977694
carbon1,686,17,1.7962093870429432
carbon1,687,17,2.1245269845513737
carbon1,688,17,1.48481585874277
carbon1,689,17,1.5763032576617073
carbon1,690,17,1.769273639711387
carbon1,691,17,2.068332198788138
carbon1,692,17,1.5291039290673591
carbon1,693,17,1.716738574206829
carbon1,694,17,1.834591549985549
carbon1,695,17,2.0997538847081803
carbon1,696,17,1.648366879014408
carbon1,697,17,1.814911218250499
carbon1,698,17,1.6969397032962126
carbon1,699,17,1.806335210800171
carbon1,700,17,1.8768616669318254
carbon1,701,17,1.7245622803183163
carbon1,702,17,2.1024855375289917
carbon1,703,17,1.738350072327782
carbon1,704,17,1.9565273032468908
carbon1,705,17,1.8261728356866276
carbon1,706,17,1.7936282298144173
carbon1,707,17,1.950524610631606
carbon1,708,17,1.6864882847842049
carbon1,709,17,1.5675826668739319
carbon1,710,17,1.7011892585193409
carbon1,711,17,1.8488179094651167
carbon1,712,17,1.8202447926296907
carbon1,713,17,1.8147723709835726
carbon1,714,17,1.4870094832252054
carbon1,715,17,1.8777965166989494
carbon1,716,17,1.5616811864516313
carbon1,717,17,1.8732370243353003
carbon1,718,17,1.6290552020072937
carbon1,719,17,1.694164654787849
carbon1,720,17,1.7072383542271221
carbon1,721,17,1.7376793842105305
carbon1,722,17,1.5423267623957466
carbon1,723,17,1.6958922708735746
carbon1,724,17,2.0378231441273407
carbon1,725,17,1.70304634290583
carbon1,726,17,2.4381365600754235
carbon1,727,17,1.7496386661249048
carbon1,728,17,1.7271548281697666
carbon1,729,17,1.7304048555738785
carbon1,730,17,2.169049208655077
carbon1,731,17,1.7024751165333916
carbon1,732,17,1.8154449690790737
carbon1,733,17,1.5636188466759289
carbon1,734,17,1.790178186753217
carbon1,735,17,1.9789914874469532
carbon1,736,17,1.9865797267240637
carbon1,737,17,1.8277413617162144
carbon1,738,17,2.069582735790926
carbon1,739,17,2.069844792870914
carbon1,740,17,1.604512690621264
carbon1,741,17,2.032069641001084
carbon1,742,17,1.928238668862511
carbon1,743,17,1.5434640645980835
carbon1,744,17,1.7282351886524874
carbon1,745,17,1.6781638369840735
carbon1,746,17,1.8036844905684977
carbon1,747,17,1.6048627390581018
carbon1,748,17,1.6865814783993889
carbon1,749,17,1.8521793730118696
carbon1,750,17,1.7514872901579912
carbon1,751,17,2.0050630008473114
carbon1,752,17,1.7658088207244873
carbon1,753,17,1.806087900610531
carbon1,754,17,2.0508923250086166
carbon1,755,17,1.7262493442086613
carbon1,756,17,2.0823255286497226
carbon1,757,17,1.7926792888080372
carbon1,758,17,1.7477990178500904
carbon1,759,17,1.8665844412410961
carbon1,760,17,1.7455393636927885
carbon1,761,17,1.5808439885868746
carbon1,762,17,2.106763583772323
carbon1,763,17,1.893756438704098
carbon1,764,17,1.8292852990767534
carbon1,765,17,1.790698023403392
carbon1,766,17,2.026503853938159
carbon1,767,17,1.7542091327555038
carbon1,768,17,1.4893360751516678
carbon1,769,17,1.9027278283063103
carbon1,770,17,1.8986055289997774
carbon1,771,17,1.9978445207371431
carbon1,772,17,1.6722649616353653
carbon1,773,17,1.8271372458514046
carbon1,774,17,1.4963239361258114
carbon1,775,17,1.621383200673496
carbon1,776,17,1.511653654715594
carbon1,777,17,1.931418271625743
carbon1,778,17,2.267892535995035
carbon1,779,17,1.7089804831673117
carbon1,780,17,1.967602905105142
carbon1,781,17,1.8129499133895426
carbon1,782,17,1.971819050171796
carbon1,783,17,1.8085710336180294
carbon1,784,17,1.7380904520259184
carbon1,785,17,1.7581219462787403
carbon1,786,17,1.7438082870315104
carbon1,787,17,1.976260896991281
carbon1,788,17,1.7265377886155073
carbon1,789,17,2.0213342554428997
carbon1,790,17,1.8700536629732918
carbon1,791,17,1.8472629084306604
carbon1,792,17,1.7919615156510298
carbon1,793,17,1.8443638191503637
carbon1,794,17,1.790171419872957
carbon1,795,17,1.8756663168177885
carbon1,796,17,1.6169369010364307
carbon1,797,17,1.6933646868256962
carbon1,798,17,1.7130569955881905
carbon1,799,17,1.6274466234094955
carbon1,800,17,2.1668934611713184
carbon1,801,17,1.7175695720840902
carbon1,802,17,2.2559888503130745
carbon1,803,17,2.084504674462711
carbon1,804,17,1.5887613086139454
carbon1,805,17,1.9263078114565682
carbon1,806,17,1.797870867392596
carbon1,807,17,1.890746467253741
carbon1,808,17,1.9566186175626867
carbon1,809,17,1.782318725305445
carbon1,810,17,1.7201361340634964
carbon1,811,17,1.9872635006904602
carbon1,812,17,1.8332670646555282
carbon1,813,17,1.7532770984313066
carbon1,814,17,2.2043098982642677
carbon1,815,17,1.7578442517448873
carbon1,816,17,1.60446880494847
carbon1,817,17,1.6585426190320183
carbon1,818,17,1.782987556036781
carbon1,819,17,1.6558653449310976
carbon1,820,17,1.911033256965525
carbon1,821,17,1.804089490105124
carbon1,822,17,1.7828540293609394
carbon1,823,17,1.7853891358656042
carbon1,824,17,1.9769864643321318
carbon1,825,17,1.9120051124516655
carbon1,826,17,1.7257577952216654
carbon1,827,17,2.1994533819310806
carbon1,828,17,1.5107330329277937
carbon1,829,17,1.7619730374392342
carbon1,830,17,1.9541945141904495
carbon1,831,17,1.8527211301466997
carbon1,832,17,1.885824673316058
carbon1,833,17,1.560646372682908
carbon1,834,17,1.3746053471284754
carbon1,835,17,1.5819824355490066
carbon1,836,17,1.8839237304294811
carbon1,837,17,1.8021099549882553
carbon1,838,17,2.0977729033021366
carbon1,839,17,1.809642286861644
carbon1,840,17,1.5208842421279234
carbon1,841,17,1.8052388332126772
carbon1,842,17,1.640347116133746
carbon1,843,17,1.7438921893344206
carbon1,844,17,1.9047502770143396
carbon1,845,17,1.6227333615807926
carbon1,846,17,1.537927319021786
carbon1,847,17,1.7218915145186817
carbon1,848,16,2.1554367393255234
carbon1,849,16,1.8686408530920744
carbon1,850,16,1.7847604416310787
carbon1,851,16,1.6473671421408653
carbon1,852,16,1.8616446238011122
carbon1,853,16,2.060230754315853
carbon1,854,16,2.1385912895202637
carbon1,855,16,1.623426664620638
carbon1,856,16,2.1154176145792007
carbon1,857,16,1.9417717084288597
carbon1,858,16,2.025962460786104
carbon1,859,16,1.7409829758107662
carbon1,860,16,1.7008896954357624
carbon1,861,16,1.835625372827053
carbon1,862,16,1.9845943488180637
carbon1,863,16,1.5957104861736298
carbon1,864,16,2.064679943025112
carbon1,865,16,1.8198275342583656
carbon1,866,16,1.7533720433712006
carbon1,867,16,1.6654498539865017
carbon1,868,16,1.9676558300852776
carbon1,869,16,1.5967859495431185
carbon1,870,16,1.784025613218546
carbon1,871,16,1.7249238230288029
carbon1,872,16,1.6221581622958183
carbon1,873,16,1.8870352283120155
carbon1,874,16,2.090587019920349
carbon1,875,16,1.9600030854344368
carbon1,876,16,2.035417642444372
carbon1,877,16,1.865343526005745
carbon1,878,16,1.9685842022299767
carbon1,879,16,1.6405466869473457
carbon1,880,16,1.8699039313942194
carbon1,881,16,1.6460971757769585
carbon1,882,16,1.7667034231126308
carbon1,883,16,1.6419313177466393
carbon1,884,16,1.5411333292722702
carbon1,885,16,1.7201732248067856
carbon1,886,16,1.8147732242941856
carbon1,887,16,1.5571308583021164
carbon1,888,16,1.5087696933187544
carbon1,889,16,1.7473205402493477
carbon1,890,16,1.768794260919094
carbon1,891,16,1.670132927596569
carbon1,892,16,1.4732772149145603
carbon1,893,16,1.7187201753258705
carbon1,894,16,1.6400395445525646
carbon1,895,16,1.71848158352077
carbon1,896,16,1.6387317888438702
carbon1,897,16,1.641295574605465
carbon1,898,16,1.9060190916061401
carbon1,899,16,1.7962724976241589
carbon1,900,16,1.8110602721571922
carbon1,901,16,1.8773913383483887
carbon1,902,16,1.8135019093751907
carbon1,903,16,1.75533115118742
carbon1,904,16,1.6594422608613968
carbon1,905,16,2.0553233847022057
carbon1,906,16,2.1082402169704437
carbon1,907,16,2.0233234018087387
carbon1,908,16,1.6807235311716795
carbon1,909,16,1.895652323961258
carbon1,910,16,1.7289502955973148
carbon1,911,16,1.6327539943158627
carbon1,912,16,1.4449674505740404
carbon1,913,16,1.8457892714068294
carbon1,914,16,1.5246268063783646
carbon1,915,16,1.7218737117946148
carbon1,916,16,1.664821920916438
carbon1,917,16,1.8341716900467873
carbon1,918,16,1.902640225365758
carbon1,919,16,1.7419009990990162
carbon1,920,16,2.370245575904846
carbon1,921,16,1.957585982978344
carbon1,922,16,1.626390591263771
carbon1,923,16,1.8253378458321095
carbon1,924,16,1.9191530831158161
carbon1,925,16,1.93733561784029
carbon1,926,16,1.858068909496069
carbon1,927,16,1.6183944419026375
carbon1,928,16,1.8010069653391838
carbon1,929,16,1.7132599242031574
carbon1,930,16,1.8427552282810211
carbon1,931,16,1.9008392468094826
carbon1,932,16,1.7376860082149506
carbon1,933,16,1.8060157671570778
carbon1,934,16,1.93148647621274
carbon1,935,16,2.016226574778557
carbon1,936,16,1.810778297483921
carbon1,937,16,2.005434423685074
carbon1,938,16,1.7050335258245468
carbon1,939,16,1.7904103994369507
carbon1,940,16,1.6330034844577312
carbon1,941,16,1.8590376675128937
carbon1,942,16,1.8321298882365227
carbon1,943,16,2.0313697829842567
carbon1,944,16,1.7327915653586388
carbon1,945,16,1.8704768270254135
carbon1,946,16,1.886585034430027
carbon1,947,16,1.9799832478165627
carbon1,948,16,1.623946238309145
carbon1,949,16,1.9246915504336357
carbon1,950,16,1.6203111559152603
carbon1,951,16,1.8863578140735626
carbon1,952,16,1.8527590595185757
carbon1,953,16,1.8387814462184906
carbon1,954,16,1.8705274648964405
carbon1,955,16,2.051912873983383
carbon1,956,16,1.9153205156326294
carbon1,957,16,1.8296913355588913
carbon1,958,16,1.9295611083507538
carbon1,959,16,1.719710610806942
carbon1,960,16,1.8509464412927628
carbon1,961,16,1.688079297542572
carbon1,962,16,1.6246654987335205
carbon1,963,16,1.7525063753128052
carbon1,964,16,1.9962515905499458
carbon1,965,16,1.8483751937747002
carbon1,966,16,1.6950011923909187
carbon1,967,16,1.8935225196182728
carbon1,968,16,1.7328838780522346
carbon1,969,16,1.6711972579360008
carbon1,970,16,2.0230054929852486
carbon1,971,16,2.1197715401649475
carbon1,972,16,1.8184401616454124
carbon1,973,16,1.7017575353384018
carbon1,974,16,2.021026127040386
carbon1,975,16,1.7517620921134949
carbon1,976,16,1.9304991364479065
carbon1,977,16,1.604454256594181
carbon1,978,16,2.3449115827679634
carbon1,979,16,1.6523481532931328
carbon1,980,16,1.8013730831444263
carbon1,981,16,1.6981105953454971
carbon1,982,16,1.7501800805330276
carbon1,983,16,1.7583131566643715
carbon1,984,16,1.841877680271864
carbon1,985,16,1.834971345961094
carbon1,986,16,1.7366389110684395
carbon1,987,16,2.047055274248123
carbon1,988,16,1.83017235994339
carbon1,989,16,2.396528869867325
carbon1,990,16,1.8397779315710068
carbon1,991,16,2.03652523458004
carbon1,992,16,1.7544734627008438
carbon1,993,16,1.6736311987042427
carbon1,994,16,1.8430232368409634
carbon1,995,16,1.5722823329269886
carbon1,996,16,1.3473257534205914
carbon1,997,16,1.4364321529865265
carbon1,998,16,1.7319900915026665
carbon1,999,16,1.6461575664579868
carbon1,1000,16,2.0667097717523575
carbon1,1001,16,1.9329599253833294
carbon1,1002,16,1.7899384051561356
carbon1,1003,16,1.9296416006982327
carbon1,1004,16,2.171775698661804
carbon1,1005,16,1.7291174978017807
carbon1,1006,16,1.8542582541704178
carbon1,1007,16,1.968193605542183
carbon1,1008,16,1.950960136950016
carbon1,1009,16,1.7835516408085823
carbon1,1010,16,2.01492827385664
carbon1,1011,16,1.5958193615078926
carbon1,1012,16,1.83097904920578
carbon1,1013,16,1.7428121492266655
carbon1,1014,16,1.609397603198886
carbon1,1015,16,1.688986286520958
carbon1,1016,16,1.56612990796566
carbon1,1017,16,1.6112167686223984
carbon1,1018,16,1.6965877525508404
carbon1,1019,16,1.950903408229351
carbon1,1020,16,1.4767831284552813
carbon1,1021,16,1.8533143121749163
carbon1,1022,16,1.7847041860222816
carbon1,1023,16,2.0298848003149033
carbon1,1024,16,1.922597460448742
carbon1,1025,16,1.7054497599601746
carbon1,1026,16,1.4392144363373518
carbon1,1027,16,2.1521142087876797
carbon1,1028,16,1.8970043063163757
carbon1,1029,16,1.7824614197015762
carbon1,1030,16,1.5597653426229954
carbon1,1031,16,1.9325024411082268
carbon1,1032,16,1.7145722471177578
carbon1,1033,16,1.9469356201589108
carbon1,1034,16,1.9665826708078384
carbon1,1035,16,1.6033701673150063
carbon1,1036,16,1.9193867295980453
carbon1,1037,16,1.820387713611126
carbon1,1038,16,1.74133057333529
carbon1,1039,16,2.1926872432231903
carbon1,1040,16,1.7385216280817986
carbon1,1041,16,1.7252011075615883
carbon1,1042,16,1.810631088912487
carbon1,1043,16,1.855764977633953
carbon1,1044,16,1.7364036664366722
carbon1,1045,16,2.166396699845791
carbon1,1046,16,1.8946705237030983
carbon1,1047,16,1.932716965675354
carbon1,1048,16,2.042772799730301
carbon1,1049,16,1.8372296132147312
carbon1,1050,16,1.607729010283947
carbon1,1051,16,1.80075429007411
carbon1,1052,16,1.9296693429350853
carbon1,1053,16,2.0652560517191887
carbon1,1054,16,2.1535449139773846
carbon1,1055,16,1.9445657208561897
carbon1,1056,16,1.4082680828869343
carbon1,1057,16,1.7348474822938442
carbon1,1058,16,1.6432838067412376
carbon1,1059,16,2.0317571982741356
carbon1,1060,16,1.7284542918205261
carbon1,1061,16,1.9559665247797966
carbon1,1062,16,1.8873958997428417
carbon1,1063,16,1.8378247767686844
carbon1,1064,16,2.2115739434957504
carbon1,1065,16,2.1448602452874184
carbon1,1066,16,1.8483371436595917
carbon1,1067,16,1.7614474929869175
carbon1,1068,16,1.5930303744971752
carbon1,1069,16,2.0817426815629005
carbon1,1070,16,1.5903834886848927
carbon1,1071,16,1.6505566090345383
carbon1,1072,16,1.5873766168951988
carbon1,1073,16,2.0446587800979614
carbon1,1074,16,1.5635192021727562
carbon1,1075,16,1.9433546215295792
carbon1,1076,16,1.6525767594575882
carbon1,1077,16,1.9597289115190506
carbon1,1078,16,1.8699986934661865
carbon1,1079,16,1.9658148512244225
carbon1,1080,16,1.692977923899889
carbon1,1081,16,1.8516822531819344
carbon1,1082,16,2.029927335679531
carbon1,1083,16,1.977801688015461
carbon1,1084,16,1.9378186389803886
carbon1,1085,16,1.7720457315444946
carbon1,1086,16,1.9933563247323036
carbon1,1087,16,1.7358898967504501
carbon1,1088,16,1.8649595975875854
carbon1,1089,16,1.7564399987459183
carbon1,1090,16,2.0343888849020004
carbon1,1091,16,1.793075069785118
carbon1,1092,16,1.9532308727502823
carbon1,1093,16,1.8135849609971046
carbon1,1094,16,1.4937301501631737
carbon1,1095,16,1.7924045026302338
carbon1,1096,16,1.9175997376441956
carbon1,1097,16,1.760925568640232
carbon1,1098,16,1.862550813704729
carbon1,1099,16,1.8810059651732445
carbon1,1100,16,1.60456557944417
carbon1,1101,16,1.5621968694031239
carbon1,1102,16,1.9651758521795273
carbon1,1103,16,1.7769381329417229
carbon1,1104,16,2.0604286938905716
carbon1,1105,16,1.795390784740448
carbon1,1106,16,1.9627255983650684
carbon1,1107,16,1.6008426323533058
carbon1,1108,16,1.74847000092268
carbon1,1109,16,1.8439250588417053
carbon1,1110,16,1.828404825180769
carbon1,1111,16,2.0942495837807655
carbon1,1112,16,1.6116378903388977
carbon1,1113,16,1.8946669846773148
carbon1,1114,16,1.6706176847219467
carbon1,1115,16,1.851076677441597
carbon1,1116,16,2.046983778476715
carbon1,1117,16,1.7043570578098297
carbon1,1118,16,1.759346328675747
carbon1,1119,16,1.6168049350380898
carbon1,1120,16,1.907941747456789
carbon1,1121,16,1.7631753608584404
carbon1,1122,16,1.7994380109012127
carbon1,1123,16,1.4590798579156399
carbon1,1124,16,1.684514842927456
carbon1,1125,16,2.388481855392456
carbon1,1126,16,1.9392739161849022
carbon1,1127,16,1.6246963888406754
carbon1,1128,16,1.6556259281933308
carbon1,1129,16,1.813622459769249
carbon1,1130,16,1.7471619993448257
carbon1,1131,16,1.8610133454203606
carbon1,1132,16,2.057362452149391
carbon1,1133,16,1.6842120066285133
carbon1,1134,16,1.91884296387434
carbon1,1135,16,2.0659372732043266
carbon1,1136,16,1.9460533410310745
carbon1,1137,16,1.6893820688128471
carbon1,1138,16,2.014541819691658
carbon1,1139,16,1.8018071502447128
carbon1,1140,16,1.4492867179214954
carbon1,1141,16,1.748932134360075
carbon1,1142,16,1.7789896354079247
carbon1,1143,16,1.8307559713721275
carbon1,1144,16,1.641791969537735
carbon1,1145,16,1.9898135364055634
carbon1,1146,16,1.6176014058291912
carbon1,1147,16,2.1547133177518845
carbon1,1148,16,1.8549992591142654
carbon1,1149,16,1.6653599441051483
carbon1,1150,16,1.78327064961195
carbon1,1151,16,1.8720595315098763
carbon1,1152,16,1.8090083226561546
carbon1,1153,16,1.9897554218769073
carbon1,1154,16,1.8961480408906937
carbon1,1155,16,1.6924516558647156
carbon1,1156,16,1.8738585859537125
carbon1,1157,16,1.916009284555912
carbon1,1158,16,1.8664918169379234
carbon1,1159,16,1.8731833696365356
carbon1,1160,16,1.841680496931076
carbon1,1161,16,2.001699686050415
carbon1,1162,16,1.689582847058773
carbon1,1163,16,1.959553450345993
carbon1,1164,16,1.4974494986236095
carbon1,1165,16,1.8945332542061806
carbon1,1166,16,2.1282098069787025
carbon1,1167,16,1.8976769298315048
carbon1,1168,16,1.7304198741912842
carbon1,1169,16,2.14563250541687
carbon1,1170,16,1.7441035211086273
carbon1,1171,16,1.7896566614508629
carbon1,1172,16,1.9884643033146858
carbon1,1173,16,1.9602850824594498
carbon1,1174,16,1.6223545372486115
carbon1,1175,16,2.3321573734283447
carbon1,1176,16,1.9261844009160995
carbon1,1177,16,1.972774289548397
carbon1,1178,16,2.1352396085858345
carbon1,1179,16,1.8268083706498146
carbon1,1180,16,1.9914113357663155
carbon1,1181,16,1.859639659523964
carbon1,1182,16,1.6264307647943497
carbon1,1183,16,1.8950542137026787
carbon1,1184,16,1.641187533736229
carbon1,1185,16,1.681875042617321
carbon1,1186,16,1.78618273884058
carbon1,1187,16,2.1273728013038635
carbon1,1188,16,1.6545790173113346
carbon1,1189,16,1.703567175194621
carbon1,1190,16,2.0488466694951057
carbon1,1191,16,1.6362719349563122
carbon1,1192,16,1.7018959745764732
carbon1,1193,16,1.7507964298129082
carbon1,1194,16,1.8858809806406498
carbon1,1195,16,1.9515680819749832
carbon1,1196,16,1.9346865974366665
carbon1,1197,16,1.6330553777515888
carbon1,1198,16,2.0618362799286842
carbon1,1199,16,1.6159535124897957
carbon1,1200,16,1.6295863799750805
carbon1,1201,16,1.7122590318322182
carbon1,1202,16,1.5926201734691858
carbon1,1203,16,1.654910758137703
carbon1,1204,16,1.6512332186102867
carbon1,1205,16,1.6971129439771175
carbon1,1206,16,1.4479540213942528
carbon1,1207,16,2.0909284949302673
carbon1,1208,16,1.9839497581124306
carbon1,1209,16,1.8762019723653793
carbon1,1210,16,1.9067479595541954
carbon1,1211,16,2.201477274298668
carbon1,1212,16,1.5991803519427776
carbon1,1213,16,1.564495149999857
carbon1,1214,16,1.8213432505726814
carbon1,1215,16,2.107552334666252
carbon1,1216,16,1.5830373764038086
carbon1,1217,16,1.5490363873541355
carbon1,1218,16,1.9176171701401472
carbon1,1219,16,1.8754471354186535
carbon1,1220,16,1.713760793209076
carbon1,1221,16,1.769537776708603
carbon1,1222,16,1.5895993039011955
carbon1,1223,16,1.611061915755272
carbon1,1224,16,1.4232834428548813
carbon1,1225,16,1.6147121461108327
carbon1,1226,16,1.7530249655246735
carbon1,1227,16,1.746126413345337
carbon1,1228,16,1.6247170642018318
carbon1,1229,16,2.040664330124855
carbon1,1230,16,2.1127717047929764
carbon1,1231,16,2.0300340801477432
carbon1,1232,16,1.853878315538168
carbon1,1233,16,2.2220733612775803
carbon1,1234,16,1.893735520541668
carbon1,1235,16,1.8921419903635979
carbon1,1236,16,1.794559558853507
carbon1,1237,16,1.8452305495738983
carbon1,1238,16,1.9909641072154045
carbon1,1239,16,1.7392736598849297
carbon1,1240,16,1.7998238503932953
carbon1,1241,16,2.0447386354207993
carbon1,1242,16,1.8364592427387834
carbon1,1243,16,1.7132840026170015
carbon1,1244,16,1.8111827448010445
carbon1,1245,16,1.69742089509964
carbon1,1246,16,1.6607493832707405
carbon1,1247,16,1.5545500814914703
carbon1,1248,16,1.4219572246074677
carbon1,1249,16,1.8767277151346207
carbon1,1250,16,1.6124242767691612
carbon1,1251,16,1.6966830044984818
carbon1,1252,16,1.887724842876196
carbon1,1253,16,1.932586669921875
carbon1,1254,16,1.6446132883429527
carbon1,1255,16,1.6973673440515995
carbon1,1256,16,1.6826667860150337
carbon1,1257,16,1.8072054088115692
carbon1,1258,16,1.8384849652647972
carbon1,1259,16,1.6741879805922508
carbon1,1260,16,2.152155827730894
carbon1,1261,16,1.7394455149769783
carbon1,1262,16,1.579531915485859
carbon1,1263,16,1.9252226278185844
carbon1,1264,16,1.8316386044025421
carbon1,1265,16,1.7060639187693596
carbon1,1266,16,1.53908247128129
carbon1,1267,16,1.9188777282834053
carbon1,1268,16,1.6670725867152214
carbon1,1269,16,1.6806386299431324
carbon1,1270,16,1.7964694052934647
carbon1,1271,16,1.5777569226920605
carbon1,1272,16,1.3828695453703403
carbon1,1273,16,2.144047886133194
carbon1,1274,16,1.6999418139457703
carbon1,1275,16,1.6554904617369175
carbon1,1276,16,1.6279786229133606
carbon1,1277,16,1.7681155279278755
carbon1,1278,16,1.8993805684149265
carbon1,1279,16,1.449979504570365
carbon1,1280,16,1.7088411822915077
carbon1,1281,16,1.7811461836099625
carbon1,1282,16,1.7800800651311874
carbon1,1283,16,1.8138507828116417
carbon1,1284,16,1.978700652718544
carbon1,1285,16,1.8632661700248718
carbon1,1286,16,1.637773111462593
carbon1,1287,16,2.0371731966733932
carbon1,1288,16,1.747512012720108
carbon1,1289,16,1.580095335841179
carbon1,1290,16,1.729294054210186
carbon1,1291,16,1.9033977538347244
carbon1,1292,16,1.889950305223465
carbon1,1293,16,1.9697150513529778
carbon1,1294,16,1.7151066958904266
carbon1,1295,16,1.7705189362168312
carbon1,1296,16,2.0105129219591618
carbon1,1297,16,2.0445199757814407
carbon1,1298,16,2.1714261397719383
carbon1,1299,16,1.747690249234438
carbon1,1300,16,1.986367903649807
carbon1,1301,16,1.6826936081051826
carbon1,1302,16,1.973645780235529
carbon1,1303,16,1.8816450834274292
carbon1,1304,16,1.7308022230863571
carbon1,1305,16,1.682329699397087
carbon1,1306,16,1.8551982566714287
carbon1,1307,16,1.9546231776475906
carbon1,1308,16,1.5036413446068764
carbon1,1309,16,1.834719642996788
carbon1,1310,16,2.011726316064596
carbon1,1311,16,1.90864497423172
carbon1,1312,16,1.7457100450992584
carbon1,1313,16,1.5896833911538124
carbon1,1314,16,1.8006282299757004
carbon1,1315,16,1.7769814059138298
carbon1,1316,16,1.985218606889248
carbon1,1317,16,1.7006003484129906
carbon1,1318,16,1.83331099152565
carbon1,1319,16,1.7878894060850143
carbon1,1320,16,1.3090257830917835
carbon1,1321,16,1.857889324426651
carbon1,1322,16,1.9231282509863377
carbon1,1323,16,1.6115671768784523
carbon1,1324,16,1.6234457939863205
carbon1,1325,16,1.5709519796073437
carbon1,1326,16,1.537179982289672
carbon1,1327,16,1.7695078253746033
carbon1,1328,16,1.8464016243815422
carbon1,1329,16,1.5855203419923782
carbon1,1330,16,1.9563201740384102
carbon1,1331,16,1.8466592878103256
carbon1,1332,16,1.495340758934617
carbon1,1333,16,1.621548531576991
carbon1,1334,16,1.9920073002576828
carbon1,1335,16,1.6303046979010105
carbon1,1336,16,1.9436806552112103
carbon1,1337,16,1.7226553931832314
carbon1,1338,16,1.7647757064551115
carbon1,1339,16,1.9679050371050835
carbon1,1340,16,2.0801953822374344
carbon1,1341,16,1.9293120745569468
carbon1,1342,16,1.9707120526582003
carbon1,1343,16,1.5560835767537355
carbon1,1344,16,1.4300324469804764
carbon1,1345,16,1.7531922161579132
carbon1,1346,16,1.9552959837019444
carbon1,1347,16,1.6150307804346085
carbon1,1348,16,1.7501100301742554
carbon1,1349,16,1.4394855089485645
carbon1,1350,16,1.8428003359586
carbon1,1351,16,1.6165311560034752
carbon1,1352,16,1.7529470399022102
carbon1,1353,16,1.8079517185688019
carbon1,1354,16,1.7490200959146023
carbon1,1355,16,1.7893782705068588
carbon1,1356,16,2.366152197122574
carbon1,1357,16,1.5240304097533226
carbon1,1358,16,1.8218587934970856
carbon1,1359,16,1.9686778783798218
carbon1,1360,16,1.7984643429517746
carbon1,1361,16,1.964771717786789
carbon1,1362,16,1.9655377306044102
carbon1,1363,16,1.5121206268668175
carbon1,1364,16,1.741000235080719
carbon1,1365,16,2.1491725146770477
carbon1,1366,16,1.9040462672710419
carbon1,1367,16,1.8938922360539436
carbon1,1368,16,1.7615628689527512
carbon1,1369,16,1.4606796577572823
carbon1,1370,16,1.992343857884407
carbon1,1371,16,1.6439974382519722
carbon1,1372,16,1.6724110767245293
carbon1,1373,16,1.925533950328827
carbon1,1374,16,1.736376777291298
carbon1,1375,16,1.916733093559742
carbon1,1376,16,1.8234141021966934
carbon1,1377,16,1.7511750683188438
carbon1,1378,16,1.63820019364357
carbon1,1379,16,1.8758473098278046
carbon1,1380,16,1.640765767544508
carbon1,1381,16,2.064783938229084
carbon1,1382,16,1.6628109589219093
carbon1,1383,16,2.053703375160694
carbon1,1384,16,1.7145553529262543
carbon1,1385,16,2.253477841615677
carbon1,1386,16,1.7445481158792973
carbon1,1387,16,1.9004890695214272
carbon1,1388,16,1.7701534405350685
carbon1,1389,16,1.8538436368107796
carbon1,1390,16,1.7601756900548935
carbon1,1391,16,1.8704066276550293
carbon1,1392,16,1.8528750613331795
carbon1,1393,16,1.8849459365010262
carbon1,1394,16,1.6375082172453403
carbon1,1395,16,1.7288483902812004
carbon1,1396,16,1.5481769293546677
carbon1,1397,16,1.6475315764546394
carbon1,1398,16,1.7033372148871422
carbon1,1399,16,1.9558877795934677
carbon1,1400,16,2.336405076086521
carbon1,1401,16,1.9106226861476898
carbon1,1402,16,1.6742212548851967
carbon1,1403,16,1.8907956629991531
carbon1,1404,16,1.6519216261804104
carbon1,1405,16,1.8603916615247726
carbon1,1406,16,1.7466463297605515
carbon1,1407,16,1.9328214675188065
carbon1,1408,16,1.8997751250863075
carbon1,1409,16,1.8182667419314384
carbon1,1410,16,1.9068006090819836
carbon1,1411,16,1.676400825381279
carbon1,1412,16,1.854480255395174
carbon1,1413,16,1.9468498304486275
carbon1,1414,16,1.7529836855828762
carbon1,1415,16,1.8985111638903618
carbon1,1416,16,1.3827420761808753
carbon1,1417,16,1.9148565381765366
carbon1,1418,16,1.750579334795475
carbon1,1419,16,1.9153483025729656
carbon1,1420,16,1.996890515089035
carbon1,1421,16,1.9909200221300125
carbon1,1422,16,1.6944803819060326
carbon1,1423,16,1.779598243534565
carbon1,1424,16,1.8899066857993603
carbon1,1425,16,1.9877808466553688
carbon1,1426,16,1.99274143576622
carbon1,1427,16,1.8905044868588448
carbon1,1428,16,1.6086160205304623
carbon1,1429,16,1.6909872442483902
carbon1,1430,16,1.5926854088902473
carbon1,1431,16,1.9533219449222088
carbon1,1432,16,1.845840573310852
carbon1,1433,16,1.911011464893818
carbon1,1434,16,1.8251821249723434
carbon1,1435,16,1.82658164575696
carbon1,1436,16,1.5848018378019333
carbon1,1437,16,2.293596141040325
carbon1,1438,16,1.7831655144691467
carbon1,1439,16,1.8205793723464012
carbon1,1440,16,1.6151228472590446
carbon1,1441,16,1.7677393108606339
carbon1,1442,16,1.949287474155426
carbon1,1443,16,1.7248383089900017
carbon1,1444,16,1.7500774189829826
carbon1,1445,16,1.8432325050234795
carbon1,1446,16,1.8466587886214256
carbon1,1447,16,1.7414861172437668
carbon1,1448,16,1.7245014756917953
carbon1,1449,16,1.4933303743600845
carbon1,1450,16,1.7085059322416782
carbon1,1451,16,1.8852649442851543
carbon1,1452,16,1.8334004692733288
carbon1,1453,16,1.7330313250422478
carbon1,1454,16,1.811711147427559
carbon1,1455,16,1.7117396220564842
carbon1,1456,16,1.7282503470778465
carbon1,1457,16,1.7205690667033195
carbon1,1458,16,1.8461324125528336
carbon1,1459,16,1.9415861740708351
carbon1,1460,16,1.8315602913498878
carbon1,1461,16,2.101003646850586
carbon1,1462,16,1.6862592846155167
carbon1,1463,16,1.8191771060228348
carbon1,1464,16,1.6898730397224426
carbon1,1465,16,1.4761907458305359
carbon1,1466,16,1.8192794397473335
carbon1,1467,16,1.7865234911441803
carbon1,1468,16,1.8516280129551888
carbon1,1469,16,1.6626629754900932
carbon1,1470,16,1.6789583638310432
carbon1,1471,16,1.5081807747483253
carbon1,1472,16,1.8663813844323158
carbon1,1473,16,2.008491076529026
carbon1,1474,16,1.8826098889112473
carbon1,1475,16,2.0228390470147133
carbon1,1476,16,1.5392933674156666
carbon1,1477,16,1.8212073221802711
carbon1,1478,16,1.926230013370514
carbon1,1479,16,1.8796276301145554
carbon1,1480,16,1.8239513114094734
carbon1,1481,16,1.7226124107837677
carbon1,1482,16,1.5984194725751877
carbon1,1483,16,1.8336017578840256
carbon1,1484,16,2.1143142506480217
carbon1,1485,16,1.735044065862894
carbon1,1486,16,1.9105496034026146
carbon1,1487,16,1.8151221126317978
carbon1,1488,16,1.9313454516232014
carbon1,1489,16,1.835614986717701
carbon1,1490,16,1.8019174635410309
carbon1,1491,16,1.7223183810710907
carbon1,1492,16,1.7968675270676613
carbon1,1493,16,1.5572649911046028
carbon1,1494,16,1.5312045142054558
carbon1,1495,16,1.6686195880174637
carbon1,1496,16,1.5690074265003204
carbon1,1497,16,1.8427352085709572
carbon1,1498,16,1.9484191089868546
carbon1,1499,16,1.8524967208504677
carbon1,1500,16,1.8546518459916115
carbon1,1501,16,1.8601179718971252
carbon1,1502,16,2.0977288261055946
carbon1,1503,16,1.8797948360443115
carbon1,1504,16,1.8145579621195793
carbon1,1505,16,1.7040409296751022
carbon1,1506,16,1.3645912930369377
carbon1,1507,16,1.8713205605745316
carbon1,1508,16,1.8824380710721016
carbon1,1509,16,1.696949526667595
carbon1,1510,16,1.637775033712387
carbon1,1511,16,2.037797138094902
carbon1,1512,16,1.9112961515784264
carbon1,1513,16,1.8746928870677948
carbon1,1514,16,1.7387359365820885
carbon1,1515,16,1.6762404814362526
carbon1,1516,16,1.905376024544239
carbon1,1517,16,2.2213585823774338
carbon1,1518,16,1.6002456843852997
carbon1,1519,16,1.839735995978117
carbon1,1520,16,1.6711881682276726
carbon1,1521,16,1.6166293025016785
carbon1,1522,16,1.7398492768406868
carbon1,1523,16,1.7143787369132042
carbon1,1524,16,1.7427112869918346
carbon1,1525,16,1.8575974702835083
carbon1,1526,16,1.924987968057394
carbon1,1527,16,1.697355791926384
carbon1,1528,16,1.576595850288868
carbon1,1529,16,1.8928046524524689
carbon1,1530,16,1.591954180970788
carbon1,1531,16,1.86273642629385
carbon1,1532,16,1.8176767081022263
carbon1,1533,16,1.9648858048021793
carbon1,1534,16,1.9173743575811386
carbon1,1535,16,1.8048437871038914
carbon1,1536,16,1.6577026266604662
carbon1,1537,16,1.6894762963056564
carbon1,1538,16,1.9441073574125767
carbon1,1539,16,1.5483198799192905
carbon1,1540,16,1.8648794740438461
carbon1,1541,16,1.6982550136744976
carbon1,1542,16,1.7392471432685852
carbon1,1543,16,1.5244683548808098
carbon1,1544,16,2.0687914341688156
carbon1,1545,16,1.9228201992809772
carbon1,1546,16,1.8621820639818907
carbon1,1547,16,1.6772637404501438
carbon1,1548,16,1.646685155108571
carbon1,1549,16,2.171870358288288
carbon1,1550,16,1.6334444992244244
carbon1,1551,16,1.9370243959128857
carbon1,1552,16,1.8977551646530628
carbon1,1553,16,1.6728272438049316
carbon1,1554,16,1.9037616737186909
carbon1,1555,16,2.02038361877203
carbon1,1556,16,2.022411197423935
carbon1,1557,16,2.172435723245144
carbon1,1558,16,1.8150470331311226
carbon1,1559,16,2.03777539730072
carbon1,1560,16,1.5955583415925503
carbon1,1561,16,1.9380277544260025
carbon1,1562,16,1.693287692964077
carbon1,1563,16,1.6930723264813423
carbon1,1564,16,1.6962050944566727
carbon1,1565,16,1.7771323025226593
carbon1,1566,16,1.3552181832492352
carbon1,1567,16,1.7935719192028046
carbon1,1568,16,1.7152310088276863
carbon1,1569,16,1.5278489515185356
carbon1,1570,16,1.7734258696436882
carbon1,1571,16,1.6840209364891052
carbon1,1572,16,1.9585078544914722
carbon1,1573,16,1.786873646080494
carbon1,1574,16,1.7900868132710457
carbon1,1575,16,1.7651780731976032
carbon1,1576,16,2.214017428457737
carbon1,1577,16,1.8474626876413822
carbon1,1578,16,1.8048260249197483
carbon1,1579,16,1.9378348886966705
carbon1,1580,16,1.9149386584758759
carbon1,1581,16,1.6095170229673386
carbon1,1582,16,1.8744546175003052
carbon1,1583,16,1.7541849240660667
carbon1,1584,16,1.753426056355238
carbon1,1585,16,1.9347713440656662
carbon1,1586,16,1.8239117413759232
carbon1,1587,16,1.8237560354173183
carbon1,1588,16,1.9676107093691826
carbon1,1589,16,2.058493196964264
carbon1,1590,16,1.5192202851176262
carbon1,1591,16,1.6837256327271461
carbon1,1592,16,2.069868952035904
carbon1,1593,16,2.1398068368434906
carbon1,1594,16,1.502129666507244
carbon1,1595,16,1.959097996354103
carbon1,1596,16,1.4989882707595825
carbon1,1597,16,1.7450186535716057
carbon1,1598,16,1.950749211013317
carbon1,1599,16,1.8328525722026825
carbon1,1600,16,1.688415601849556
carbon1,1601,16,1.9848131388425827
carbon1,1602,16,1.4766844250261784
carbon1,1603,16,1.8621657863259315
carbon1,1604,16,1.7939423173666
carbon1,1605,16,1.6187549829483032
carbon1,1606,16,1.8790409043431282
carbon1,1607,16,1.7612155228853226
carbon1,1608,16,1.7986999489367008
carbon1,1609,16,1.671859286725521
carbon1,1610,16,1.6337143331766129
carbon1,1611,16,1.7942674905061722
carbon1,1612,16,1.9151875898241997
carbon1,1613,16,1.8138031512498856
carbon1,1614,16,1.4891259409487247
carbon1,1615,16,1.6763198301196098
carbon1,1616,16,1.7338831722736359
carbon1,1617,16,1.4507380463182926
carbon1,1618,16,1.8505590707063675
carbon1,1619,16,2.1465595811605453
carbon1,1620,16,1.8681032173335552
carbon1,1621,16,1.5174408107995987
carbon1,1622,16,1.827651895582676
carbon1,1623,16,2.201999641954899
carbon1,1624,16,2.129103012382984
carbon1,1625,16,2.022425927221775
carbon1,1626,16,1.912585161626339
carbon1,1627,16,2.0597956478595734
carbon1,1628,16,1.9432266056537628
carbon1,1629,16,1.923766627907753
carbon1,1630,16,2.0512722358107567
carbon1,1631,16,1.7824977114796638
carbon1,1632,16,1.927798755466938
carbon1,1633,16,1.6780651435256004
carbon1,1634,16,2.177617870271206
carbon1,1635,16,1.9030498638749123
carbon1,1636,16,2.0557944551110268
carbon1,1637,16,2.0608525946736336
carbon1,1638,16,1.9467504248023033
carbon1,1639,16,2.181376837193966
carbon1,1640,16,1.9045725017786026
carbon1,1641,16,1.816431649029255
carbon1,1642,16,1.5993369035422802
carbon1,1643,16,1.583038106560707
carbon1,1644,16,1.845388948917389
carbon1,1645,16,1.7211119160056114
carbon1,1646,16,1.616791382431984
carbon1,1647,16,2.0197043046355247
carbon1,1648,16,1.8569872602820396
carbon1,1649,16,1.8604857176542282
carbon1,1650,16,1.7986203394830227
carbon1,1651,16,1.8898492977023125
carbon1,1652,16,1.922480657696724
carbon1,1653,16,2.0800177976489067
carbon1,1654,16,1.6620846092700958
carbon1,1655,16,1.9737481959164143
carbon1,1656,16,1.6070324145257473
carbon1,1657,16,2.0480494275689125
carbon1,1658,16,1.883138693869114
carbon1,1659,16,1.747859574854374
carbon1,1660,16,1.7310431152582169
carbon1,1661,16,1.8656603768467903
carbon1,1662,16,1.4732414409518242
carbon1,1663,16,1.6231844667345285
carbon1,1664,16,1.5721307471394539
carbon1,1665,16,1.6703210044652224
carbon1,1666,16,1.7047989517450333
carbon1,1667,16,1.5663618221879005
carbon1,1668,16,1.6194281727075577
carbon1,1669,16,1.5285985423251987
carbon1,1670,16,1.8997503332793713
carbon1,1671,16,1.4543348234146833
carbon1,1672,16,1.6969624478369951
carbon1,1673,16,1.6482315547764301
carbon1,1674,16,1.2802231600508094
carbon1,1675,16,1.5817040391266346
carbon1,1676,16,1.5692103169858456
carbon1,1677,16,1.8718772437423468
carbon1,1678,16,1.6218896452337503
carbon1,1679,16,1.6982758902013302
carbon1,1680,16,1.4912030398845673
carbon1,1681,16,1.4222933119162917
carbon1,1682,16,1.7644235012121499
carbon1,1683,16,1.5762153239920735
carbon1,1684,16,1.8006165279075503
carbon1,1685,16,1.8152244333177805
carbon1,1686,16,1.9035896284040064
carbon1,1687,16,1.332964365137741
carbon1,1688,16,1.6235063606873155
carbon1,1689,16,1.793348374310881
carbon1,1690,16,1.6998120732605457
carbon1,1691,16,1.6303690699860454
carbon1,1692,16,1.625517834443599
carbon1,1693,16,1.8567609321326017
carbon1,1694,16,1.4867195365950465
carbon1,1695,16,2.042793458327651
carbon1,1696,16,1.6729163620620966
carbon1,1697,16,1.85337751545012
carbon1,1698,16,1.8932343027554452
carbon1,1699,16,1.8212807611562312
carbon1,1700,16,1.6568783754482865
carbon1,1701,16,1.714499581605196
carbon1,1702,16,2.0086626382544637
carbon1,1703,16,1.8309652395546436
carbon1,1704,16,1.7813059578184038
carbon1,1705,16,1.7951333678793162
carbon1,1706,16,1.706058045849204
carbon1,1707,16,1.6961738425306976
carbon1,1708,16,1.6185987340286374
carbon1,1709,16,1.7896388620138168
carbon1,1710,16,1.6776150681544095
carbon1,1711,16,1.3979110224172473
carbon1,1712,16,1.567077818326652
carbon1,1713,16,1.9308890691027045
carbon1,1714,16,1.9415573254227638
carbon1,1715,16,1.6139074806123972
carbon1,1716,16,1.4242511559277773
carbon1,1717,16,1.873480198904872
carbon1,1718,16,1.6638863813132048
carbon1,1719,16,1.8441302832216024
carbon1,1720,16,1.6928024659864604
carbon1,1721,16,1.6369730727747083
carbon1,1722,16,1.4882967555895448
carbon1,1723,16,1.3991146257612854
carbon1,1724,16,1.510564234573394
carbon1,1725,16,1.9569361046887934
carbon1,1726,16,1.7595612537115812
carbon1,1727,16,1.6644449662417173
carbon1,1728,16,1.7425464007537812
carbon1,1729,16,1.9367023035883904
carbon1,1730,16,1.707322619855404
carbon1,1731,16,1.7660524100065231
carbon1,1732,16,1.9718260616064072
carbon1,1733,16,1.6165792541578412
carbon1,1734,16,1.5712216347455978
carbon1,1735,16,1.615266852080822
carbon1,1736,16,1.693739376962185
carbon1,1737,16,1.6775555610656738
carbon1,1738,16,1.723799079656601
carbon1,1739,16,1.846946693956852
carbon1,1740,16,1.8469321727752686
carbon1,1741,16,1.8168650269508362
carbon1,1742,16,1.8245509713888168
carbon1,1743,16,1.785121999680996
carbon1,1744,16,1.8697959184646606
carbon1,1745,16,1.7651667892932892
carbon1,1746,16,1.6653976812958717
carbon1,1747,16,1.4504535607993603
carbon1,1748,16,1.8681293055415154
carbon1,1749,16,2.1118990406394005
carbon1,1750,16,2.049965277314186
carbon1,1751,16,1.9042360037565231
carbon1,1752,16,1.6271341927349567
carbon1,1753,16,1.8336492404341698
carbon1,1754,16,2.1080236062407494
carbon1,1755,16,1.8629929646849632
carbon1,1756,16,1.7338573560118675
carbon1,1757,16,1.5812407210469246
carbon1,1758,16,1.8234131634235382
carbon1,1759,16,1.857286348938942
carbon1,1760,16,1.9087170585989952
carbon1,1761,16,2.1435837000608444
carbon1,1762,16,1.8174088150262833
carbon1,1763,16,1.8216212391853333
carbon1,1764,16,1.7572329640388489
carbon1,1765,16,1.5909178256988525
carbon1,1766,16,1.7235985398292542
carbon1,1767,16,1.634204600006342
carbon1,1768,16,1.9566349685192108
carbon1,1769,16,1.5938813164830208
carbon1,1770,16,1.6297693848609924
carbon1,1771,16,2.032223626971245
carbon1,1772,16,1.9571414664387703
carbon1,1773,16,1.9138981513679028
carbon1,1774,16,1.7002604231238365
carbon1,1775,16,2.0784963704645634
carbon1,1776,16,1.9243337884545326
carbon1,1777,16,2.0538020208477974
carbon1,1778,16,1.8693475350737572
carbon1,1779,16,1.7204104624688625
carbon1,1780,16,1.711961068212986
carbon1,1781,16,2.16983213275671
carbon1,1782,16,1.9305093064904213
carbon1,1783,16,1.6511564254760742
carbon1,1784,16,2.023101583123207
carbon1,1785,16,1.8255977481603622
carbon1,1786,16,1.699435479938984
carbon1,1787,16,1.698968380689621
carbon1,1788,16,2.0516324788331985
carbon1,1789,16,1.563161849975586
carbon1,1790,16,1.628112055361271
carbon1,1791,16,1.7890896871685982
carbon1,1792,16,1.7404048442840576
carbon1,1793,16,1.8137403838336468
carbon1,1794,16,2.1361360512673855
carbon1,1795,16,2.0078068897128105
carbon1,1796,16,2.036621004343033
carbon1,1797,16,1.9091537594795227
carbon1,1798,16,1.853251077234745
carbon1,1799,16,1.642403557896614
carbon1,1800,16,2.0847351029515266
carbon1,1801,16,1.9475188329815865
carbon1,1802,16,1.759882040321827
carbon1,1803,16,2.005579598248005
carbon1,1804,16,1.8332660719752312
carbon1,1805,16,1.97964346408844
carbon1,1806,16,1.7944332659244537
carbon1,1807,16,1.8915382698178291
carbon1,1808,16,1.893894113600254
carbon1,1809,16,1.7997285425662994
carbon1,1810,16,1.7966983690857887
carbon1,1811,16,1.7871174812316895
carbon1,1812,16,2.04097218811512
carbon1,1813,16,1.7024202942848206
carbon1,1814,16,1.899316743016243
carbon1,1815,16,1.994182027876377
carbon1,1816,16,1.6116251423954964
carbon1,1817,16,1.8129370659589767
carbon1,1818,16,1.6962229534983635
carbon1,1819,16,1.8618361502885818
carbon1,1820,16,1.8859360218048096
carbon1,1821,16,1.7159823849797249
carbon1,1822,16,1.6404676288366318
carbon1,1823,16,1.774190291762352
carbon1,1824,16,1.6684260442852974
carbon1,1825,16,1.5342558920383453
carbon1,1826,16,2.0714097917079926
carbon1,1827,16,1.5562402792274952
carbon1,1828,16,1.803345151245594
carbon1,1829,16,2.346527062356472
carbon1,1830,16,1.5164087070152164
carbon1,1831,16,1.9555230885744095
carbon1,1832,16,1.6089361310005188
carbon1,1833,16,1.6644584955647588
carbon1,1834,16,1.9503338932991028
carbon1,1835,16,1.8115886822342873
carbon1,1836,16,1.8205887377262115
carbon1,1837,16,2.101619742810726
carbon1,1838,16,1.5357037484645844
carbon1,1839,16,1.7958772331476212
carbon1,1840,16,1.4453061297535896
carbon1,1841,16,1.8064727261662483
carbon1,1842,16,1.682225689291954
carbon1,1843,16,1.8160160593688488
carbon1,1844,16,1.6234473586082458
carbon1,1845,16,1.922866351902485
carbon1,1846,16,1.878708265721798
carbon1,1847,16,1.5873969867825508
carbon1,1848,16,1.7940766047686338
carbon1,1849,16,1.873019978404045
carbon1,1850,16,1.6628229916095734
carbon1,1851,16,1.5247858874499798
carbon1,1852,16,1.7150488495826721
carbon1,1853,16,1.7431369051337242
carbon1,1854,16,1.4294601008296013
carbon1,1855,16,1.5862104035913944
carbon1,1856,16,1.8477017357945442
carbon1,1857,16,1.6407910734415054
carbon1,1858,16,1.9371772184967995
carbon1,1859,16,1.677837885916233
carbon1,1860,16,1.851143255829811
carbon1,1861,16,1.501353845000267
carbon1,1862,16,1.7547430098056793
carbon1,1863,16,1.648475207388401
carbon1,1864,16,1.948199138045311
carbon1,1865,16,1.7610373683273792
carbon1,1866,16,2.011263981461525
carbon1,1867,16,1.8694468066096306
carbon1,1868,16,1.7928634360432625
carbon1,1869,16,1.7452177852392197
carbon1,1870,16,1.6002420857548714
carbon1,1871,16,1.7990697175264359
carbon1,1872,16,1.7834069393575191
carbon1,1873,16,1.838255599141121
carbon1,1874,16,1.7775761522352695
carbon1,1875,16,2.0889117382466793
carbon1,1876,16,1.633837465196848
carbon1,1877,16,2.000534065067768
carbon1,1878,16,1.5720845609903336
carbon1,1879,16,1.7914431616663933
carbon1,1880,16,1.4519233480095863
carbon1,1881,16,1.6153911724686623
carbon1,1882,16,1.6669791340827942
carbon1,1883,16,2.016641527414322
carbon1,1884,16,1.9286155924201012
carbon1,1885,16,1.8284708559513092
carbon1,1886,16,2.064103666692972
carbon1,1887,16,1.8190656453371048
carbon1,1888,16,1.9564858227968216
carbon1,1889,16,1.6733960881829262
carbon1,1890,16,1.7139112278819084
carbon1,1891,16,1.6119488403201103
carbon1,1892,16,1.8569806143641472
carbon1,1893,16,1.746635239571333
carbon1,1894,16,1.999318901449442
carbon1,1895,16,1.805265761911869
carbon1,1896,16,1.7165766283869743
carbon1,1897,16,1.7651492282748222
carbon1,1898,16,1.8750110864639282
carbon1,1899,16,2.231887973845005
carbon1,1900,16,1.845456101000309
carbon1,1901,16,1.6470176875591278
carbon1,1902,16,1.4564011581242085
carbon1,1903,16,1.7116849049925804
carbon1,1904,16,1.7760357931256294
carbon1,1905,16,1.8665635660290718
carbon1,1906,16,1.719002440571785
carbon1,1907,16,1.9860583692789078
carbon1,1908,16,1.6845624260604382
carbon1,1909,16,1.8314823806285858
carbon1,1910,16,1.8054884672164917
carbon1,1911,16,1.9000784754753113
carbon1,1912,16,1.797121673822403
carbon1,1913,16,1.6737952455878258
carbon1,1914,16,1.5835695937275887
carbon1,1915,16,1.7207340002059937
carbon1,1916,16,1.9059197828173637
carbon1,1917,16,1.8739924281835556
carbon1,1918,16,1.8911200389266014
carbon1,1919,16,1.721195511519909
carbon1,1920,16,1.5686753764748573
carbon1,1921,16,1.6136298328638077
carbon1,1922,16,1.7434034571051598
carbon1,1923,16,1.5936461463570595
carbon1,1924,16,1.5729863196611404
carbon1,1925,16,1.9057545438408852
carbon1,1926,16,1.9488968513906002
carbon1,1927,16,2.2909784838557243
carbon1,1928,16,1.9888834208250046
carbon1,1929,16,1.7861830368638039
carbon1,1930,16,1.7886736690998077
carbon1,1931,16,1.856913298368454
carbon1,1932,16,1.4225019700825214
carbon1,1933,16,2.1023518815636635
carbon1,1934,16,1.6424750089645386
carbon1,1935,16,1.9457153677940369
carbon1,1936,16,1.9303819611668587
carbon1,1937,16,1.8092558979988098
carbon1,1938,16,2.108610153198242
carbon1,1939,16,1.6574880331754684
carbon1,1940,16,2.057836838066578
carbon1,1941,16,1.6540306359529495
carbon1,1942,16,2.1235859990119934
carbon1,1943,16,1.8471516743302345
carbon1,1944,16,1.7915058806538582
carbon1,1945,16,1.8756935223937035
carbon1,1946,16,2.022462345659733
carbon1,1947,16,1.7358648404479027
carbon1,1948,16,1.9105269685387611
carbon1,1949,16,1.9493415355682373
carbon1,1950,16,1.6300776302814484
carbon1,1951,16,1.668295368552208
carbon1,1952,16,1.7360592633485794
carbon1,1953,16,1.5162322893738747
carbon1,1954,16,1.8162625432014465
carbon1,1955,16,1.8342298418283463
carbon1,1956,16,1.7171728387475014
carbon1,1957,16,1.6353132650256157
carbon1,1958,16,1.8473085761070251
carbon1,1959,16,2.1425399482250214
carbon1,1960,16,2.007624313235283
carbon1,1961,16,1.7988432012498379
carbon1,1962,16,1.8059103451669216
carbon1,1963,16,1.8118549063801765
carbon1,1964,16,1.8193203583359718
carbon1,1965,16,1.6362841129302979
carbon1,1966,16,2.0507944375276566
carbon1,1967,16,1.7863944619894028
carbon1,1968,16,1.299059635028243
carbon1,1969,16,1.7894257828593254
carbon1,1970,16,1.8905299231410027
carbon1,1971,16,1.969007983803749
carbon1,1972,16,1.7867522910237312
carbon1,1973,16,1.717741698026657
carbon1,1974,16,2.026890706270933
carbon1,1975,16,1.7875081077218056
carbon1,1976,16,1.6676752641797066
carbon1,1977,16,1.6644290406256914
carbon1,1978,16,2.00701254978776
carbon1,1979,16,1.680331639945507
carbon1,1980,16,1.9416586719453335
carbon1,1981,16,1.9729090631008148
carbon1,1982,16,2.044086679816246
carbon1,1983,16,1.836980663239956
carbon1,1984,16,1.6414979696273804
carbon1,1985,16,1.7978703156113625
carbon1,1986,16,1.485067242756486
carbon1,1987,16,1.9085118770599365
carbon1,1988,16,1.7756957039237022
carbon1,1989,16,1.7923554554581642
carbon1,1990,16,1.9057767689228058
carbon1,1991,16,1.8237116634845734
carbon1,1992,16,1.7083127349615097
carbon1,1993,16,1.8422460742294788
carbon1,1994,16,1.7133986726403236
carbon1,1995,16,1.7086786553263664
carbon1,1996,16,1.7103773895651102
carbon1,1997,16,1.6120114661753178
carbon1,1998,16,1.6804920434951782
carbon1,1999,16,1.6366829881444573
carbon1,2000,16,1.6782677844166756
carbon1,2001,16,1.6232479270547628
carbon1,2002,16,1.64357158401981
carbon1,2003,16,1.8752263188362122
carbon1,2004,16,1.563216969370842
carbon1,2005,16,1.4608289375901222
carbon1,2006,16,1.8130689188838005
carbon1,2007,16,1.5046892911195755
carbon1,2008,16,1.6693362146615982
carbon1,2009,16,1.5829736590385437
carbon1,2010,16,1.3524762839078903
carbon1,2011,16,1.736014362424612
carbon1,2012,16,1.466705348342657
carbon1,2013,16,1.846895657479763
carbon1,2014,16,1.742219716310501
carbon1,2015,16,1.7646566480398178
carbon1,2016,16,1.4778901883400977
carbon1,2017,16,1.389156334218569
carbon1,2018,16,1.6536775417625904
carbon1,2019,16,1.782441683113575
carbon1,2020,16,1.7805628534406424
carbon1,2021,16,1.8146297335624695
carbon1,2022,16,1.7759598977863789
carbon1,2023,16,1.5560687445104122
carbon1,2024,16,1.7220276072621346
carbon1,2025,16,2.17668054997921
carbon1,2026,16,1.7497721649706364
carbon1,2027,16,1.755285244435072
carbon1,2028,16,1.55335184186697
carbon1,2029,16,1.4723040638491511
carbon1,2030,16,1.917180729098618
carbon1,2031,16,1.486447786912322
carbon1,2032,16,1.7559895738959312
carbon1,2033,16,2.088306088000536
carbon1,2034,16,1.8795446399599314
carbon1,2035,16,1.5197028890252113
carbon1,2036,16,1.8730209842324257
carbon1,2037,16,2.0286379754543304
carbon1,2038,16,1.875292606651783
carbon1,2039,16,1.8984309434890747
carbon1,2040,16,1.772180289030075
carbon1,2041,16,1.6034095883369446
carbon1,2042,16,1.8151255920529366
carbon1,2043,16,1.8344941437244415
carbon1,2044,16,1.5987827256321907
carbon1,2045,16,2.032024994492531
carbon1,2046,16,1.7407688032835722
carbon1,2047,16,1.5971606634557247
carbon1,2048,16,1.6349676195532084
carbon1,2049,16,1.7365591265261173
carbon1,2050,16,1.8141581527888775
carbon1,2051,16,1.7904710173606873
carbon1,2052,16,1.8567072935402393
carbon1,2053,16,1.8451736476272345
carbon1,2054,16,1.5501737762242556
carbon1,2055,16,1.611551720649004
carbon1,2056,16,1.643983393907547
carbon1,2057,16,1.6170073840767145
carbon1,2058,16,1.666654797270894
carbon1,2059,16,1.8306072652339935
carbon1,2060,16,1.8322364427149296
carbon1,2061,16,1.9414561614394188
carbon1,2062,16,1.8606579154729843
carbon1,2063,16,1.832800019532442
carbon1,2064,16,1.8896495401859283
carbon1,2065,16,2.33901447057724
carbon1,2066,16,1.768655613064766
carbon1,2067,16,1.9710136577486992
carbon1,2068,16,1.8940816298127174
carbon1,2069,16,2.1943067461252213
carbon1,2070,16,1.7536481507122517
carbon1,2071,16,1.9644953683018684
carbon1,2072,16,1.836489588022232
carbon1,2073,16,1.6748647466301918
carbon1,2074,16,1.728944793343544
carbon1,2075,16,1.709820844233036
carbon1,2076,16,1.7055089250206947
carbon1,2077,16,1.811243660748005
carbon1,2078,16,1.6633575409650803
carbon1,2079,16,1.7410489991307259
carbon1,2080,16,1.6154386848211288
carbon1,2081,16,1.7943121865391731
carbon1,2082,16,1.8088391162455082
carbon1,2083,16,1.826041791588068
carbon1,2084,16,2.045243337750435
carbon1,2085,16,1.7835388630628586
carbon1,2086,16,1.7119532972574234
carbon1,2087,16,1.866083063185215
carbon1,2088,16,1.47218406945467
carbon1,2089,16,1.8614160791039467
carbon1,2090,16,1.7472171671688557
carbon1,2091,16,1.5248818397521973
carbon1,2092,16,1.7592078894376755
carbon1,2093,16,1.7579975873231888
carbon1,2094,16,1.7516254410147667
carbon1,2095,16,1.5364151820540428
carbon1,2096,16,2.0372792333364487
carbon1,2097,16,2.0961397141218185
carbon1,2098,16,1.5560290701687336
carbon1,2099,16,1.6138568855822086
carbon1,2100,16,1.9624550491571426
carbon1,2101,16,1.899288721382618
carbon1,2102,16,1.734420768916607
carbon1,2103,16,1.8013284131884575
carbon1,2104,16,1.6990754194557667
carbon1,2105,16,1.9178091436624527
carbon1,2106,16,1.5429033692926168
carbon1,2107,16,1.6026629731059074
carbon1,2108,16,1.6633390560746193
carbon1,2109,16,1.9235878959298134
carbon1,2110,16,2.1407830119132996
carbon1,2111,16,1.6622044369578362
carbon1,2112,16,1.667417112737894
carbon1,2113,16,1.6773725487291813
carbon1,2114,16,1.6702617928385735
carbon1,2115,16,1.5068594701588154
carbon1,2116,16,1.7254935316741467
carbon1,2117,16,1.7841142117977142
carbon1,2118,16,1.4225675202906132
carbon1,2119,16,1.6823892816901207
carbon1,2120,16,2.1480937339365482
carbon1,2121,16,1.8724058493971825
carbon1,2122,16,1.6170195173472166
carbon1,2123,16,2.085421834141016
carbon1,2124,16,1.535694525577128
carbon1,2125,16,1.9539279267191887
carbon1,2126,16,1.5970849972218275
carbon1,2127,16,1.9100919291377068
carbon1,2128,16,1.9780483869835734
carbon1,2129,16,1.6852153446525335
carbon1,2130,16,1.9257602570578456
carbon1,2131,16,1.8598895650357008
carbon1,2132,16,1.9030845472589135
carbon1,2133,16,1.7353915646672249
carbon1,2134,16,1.7856178134679794
carbon1,2135,16,1.754353441298008
carbon1,2136,16,1.8314026407897472
carbon1,2137,16,1.5994307100772858
carbon1,2138,16,1.6028983369469643
carbon1,2139,16,1.507259652018547
carbon1,2140,16,1.5990800894796848
carbon1,2141,16,2.087205946445465
carbon1,2142,16,1.6308985613286495
carbon1,2143,16,1.530713003128767
carbon1,2144,16,1.7181650549173355
carbon1,2145,16,2.115796871483326
carbon1,2146,16,1.6825066059827805
carbon1,2147,16,1.588136449456215
carbon1,2148,16,1.556166648864746
carbon1,2149,16,1.4802966974675655
carbon1,2150,16,1.769630428403616
carbon1,2151,16,1.841907024383545
carbon1,2152,16,1.6542218662798405
carbon1,2153,16,1.6726240366697311
carbon1,2154,16,1.698967594653368
carbon1,2155,16,1.996303252875805
carbon1,2156,16,1.9976875931024551
carbon1,2157,16,1.6042660921812057
carbon1,2158,16,1.5796416327357292
carbon1,2159,16,1.5784298591315746
carbon1,2160,16,1.4713343158364296
carbon1,2161,16,1.5645595714449883
carbon1,2162,16,2.01276284083724
carbon1,2163,16,1.4784532710909843
carbon1,2164,16,1.4525107592344284
carbon1,2165,16,1.8477703630924225
carbon1,2166,16,1.8254849053919315
carbon1,2167,16,1.8298194855451584
carbon1,2168,16,1.658508375287056
carbon1,2169,16,1.4264081604778767
carbon1,2170,16,1.5916781090199947
carbon1,2171,16,1.6663467772305012
carbon1,2172,16,1.6904222257435322
carbon1,2173,16,1.7659536376595497
carbon1,2174,16,1.7227009050548077
carbon1,2175,16,1.645113967359066
carbon1,2176,16,1.7083347886800766
carbon1,2177,16,1.5684858672320843
carbon1,2178,16,1.6751395128667355
carbon1,2179,16,1.5504441820085049
carbon1,2180,16,1.701799351722002
carbon1,2181,16,1.6595377400517464
carbon1,2182,16,1.6644629389047623
carbon1,2183,16,1.8747197166085243
carbon1,2184,16,2.0003686267882586
carbon1,2185,16,1.6752649871632457
carbon1,2186,16,2.085272056981921
carbon1,2187,16,1.8280910700559616
carbon1,2188,16,1.6571804154664278
carbon1,2189,16,1.6325040366500616
carbon1,2190,16,1.7298400094732642
carbon1,2191,16,1.6369159072637558
carbon1,2192,16,1.5885845748707652
carbon1,2193,16,1.8073223493993282
carbon1,2194,16,1.7276702430099249
carbon1,2195,16,1.6818064786493778
carbon1,2196,16,1.7158203553408384
carbon1,2197,16,1.7927559027448297
carbon1,2198,16,1.8482477022334933
carbon1,2199,16,1.9200481548905373
carbon1,2200,16,1.6147798728197813
carbon1,2201,16,1.5994445513933897
carbon1,2202,16,1.5691584469750524
carbon1,2203,16,1.5819035964086652
carbon1,2204,16,1.5452767191454768
carbon1,2205,16,1.6396868480369449
carbon1,2206,16,1.3737898990511894
carbon1,2207,16,1.6809068191796541
carbon1,2208,16,1.951549264602363
carbon1,2209,16,1.734911140985787
carbon1,2210,16,1.5578925209119916
carbon1,2211,16,1.584475688636303
carbon1,2212,16,1.715738918632269
carbon1,2213,16,2.171427734196186
carbon1,2214,16,1.7884827116504312
carbon1,2215,16,1.9964402988553047
carbon1,2216,16,1.575010651256889
carbon1,2217,16,1.995660835877061
carbon1,2218,16,1.8271026480942965
carbon1,2219,16,1.7931341361254454
carbon1,2220,16,1.5302230305969715
carbon1,2221,16,1.5076002711430192
carbon1,2222,16,2.0319184539839625
carbon1,2223,16,1.4715036936104298
carbon1,2224,16,1.9966984493657947
carbon1,2225,16,1.7723337463103235
carbon1,2226,16,1.548120576189831
carbon1,2227,16,1.5573251419700682
carbon1,2228,16,1.7614773511886597
carbon1,2229,16,1.7493568868376315
carbon1,2230,16,1.7483526859432459
carbon1,2231,16,1.7206312781199813
carbon1,2232,16,1.427731967996806
carbon1,2233,16,1.6835213266313076
carbon1,2234,16,2.0085593964904547
carbon1,2235,16,1.5342972129583359
carbon1,2236,16,1.581781018525362
carbon1,2237,16,1.744108091108501
carbon1,2238,16,1.5845547756180167
carbon1,2239,16,1.5182028347626328
carbon1,2240,16,1.4509668708778918
carbon1,2241,16,1.7403535931371152
carbon1,2242,16,1.5976807186380029
carbon1,2243,16,1.6645033992826939
carbon1,2244,16,1.5674735738430172
carbon1,2245,16,1.7083801361732185
carbon1,2246,16,1.4453910377342254
carbon1,2247,16,1.6107931667938828
carbon1,2248,16,1.6013074149377644
carbon1,2249,16,1.377552184741944
carbon1,2250,16,1.4271215172484517
carbon1,2251,16,1.6687424080446362
carbon1,2252,16,1.4919635322876275
carbon1,2253,16,1.3772499836049974
carbon1,2254,16,1.51003178791143
carbon1,2255,16,1.5090672690421343
carbon1,2256,16,1.4868080371525139
carbon1,2257,16,1.3943520435132086
carbon1,2258,16,1.5339785222895443
carbon1,2259,16,1.552711436059326
carbon1,2260,16,1.3852775460109115
carbon1,2261,16,1.704832386225462
carbon1,2262,16,1.3921801780816168
carbon1,2263,16,1.3206776343286037
carbon1,2264,16,1.740979252383113
carbon1,2265,16,1.9841699551325291
carbon1,2266,16,1.7413663528859615
carbon1,2267,16,1.5463199950754642
carbon1,2268,16,2.2441183475311846
carbon1,2269,16,1.5741987060755491
carbon1,2270,16,1.9757809550501406
carbon1,2271,16,1.6094864727929235
carbon1,2272,16,1.6426944881677628
carbon1,2273,16,1.7030673418194056
carbon1,2274,16,1.6493746715132147
carbon1,2275,16,1.7098858875688165
carbon1,2276,16,1.8775087737012655
carbon1,2277,16,1.8547726273536682
carbon1,2278,16,2.2309711948037148
carbon1,2279,16,1.6110709607601166
carbon1,2280,16,2.0474632531404495
carbon1,2281,16,1.6698360294103622
carbon1,2282,16,1.9514151215553284
carbon1,2283,16,1.6641413755714893
carbon1,2284,16,1.897042952477932
carbon1,2285,16,1.8290803879499435
carbon1,2286,16,1.7373833060264587
carbon1,2287,16,1.7962295860052109
carbon1,2288,16,1.780326969921589
carbon1,2289,16,1.9850473776459694
carbon1,2290,16,1.6504758670926094
carbon1,2291,16,1.942806139588356
carbon1,2292,16,1.6854276284575462
carbon1,2293,16,1.697837721556425
carbon1,2294,16,1.7692029997706413
carbon1,2295,16,1.833694539964199
carbon1,2296,16,1.8190752752125263
carbon1,2297,16,1.8816978856921196
carbon1,2298,16,1.7567220032215118
carbon1,2299,16,1.5814539194107056
carbon1,2300,16,1.8466507568955421
carbon1,2301,16,1.9916458800435066
carbon1,2302,16,1.6167681887745857
carbon1,2303,16,1.6831299811601639
carbon1,2304,16,1.5493090935051441
carbon1,2305,16,1.6638993844389915
carbon1,2306,16,1.8000188693404198
carbon1,2307,16,2.0053334683179855
carbon1,2308,16,2.1592743545770645
carbon1,2309,16,1.8065586388111115
carbon1,2310,16,1.8284383490681648
carbon1,2311,16,1.7429851330816746
carbon1,2312,16,1.6363786160945892
carbon1,2313,16,2.136196993291378
carbon1,2314,16,2.0139451399445534
carbon1,2315,16,1.901259645819664
carbon1,2316,16,1.8719989880919456
carbon1,2317,16,1.585054211318493
carbon1,2318,16,1.8422949090600014
carbon1,2319,16,1.679975502192974
carbon1,2320,16,1.6400112137198448
carbon1,2321,16,1.6946458742022514
carbon1,2322,16,1.7805925384163857
carbon1,2323,16,1.7918001487851143
carbon1,2324,16,1.773859217762947
carbon1,2325,16,1.899832770228386
carbon1,2326,16,1.679242879152298
carbon1,2327,16,2.0765560641884804
carbon1,2328,16,1.856820248067379
carbon1,2329,16,1.7913490012288094
carbon1,2330,16,1.7295146062970161
carbon1,2331,16,1.6215245798230171
carbon1,2332,16,1.4655866175889969
carbon1,2333,16,1.617779292166233
carbon1,2334,16,2.0794633328914642
carbon1,2335,16,1.5755610540509224
carbon1,2336,16,1.7220864705741405
carbon1,2337,16,1.6470587477087975
carbon1,2338,16,2.0012094005942345
carbon1,2339,16,1.6725546307861805
carbon1,2340,16,2.127278905361891
carbon1,2341,16,1.9305425807833672
carbon1,2342,16,1.96019696444273
carbon1,2343,16,1.7467105612158775
carbon1,2344,16,1.549393903464079
carbon1,2345,16,1.663981944322586
carbon1,2346,16,1.9463068768382072
carbon1,2347,16,1.9344017580151558
carbon1,2348,16,1.9903932884335518
carbon1,2349,16,2.007863372564316
carbon1,2350,16,1.9813516288995743
carbon1,2351,16,1.9477165266871452
carbon1,2352,16,1.752476453781128
carbon1,2353,16,1.99569421261549
carbon1,2354,16,1.7048519253730774
carbon1,2355,16,1.530369147658348
carbon1,2356,16,1.628963328897953
carbon1,2357,16,1.690898023545742
carbon1,2358,16,1.6987997256219387
carbon1,2359,16,1.530699010938406
carbon1,2360,16,1.6086846515536308
carbon1,2361,16,1.6203734800219536
carbon1,2362,16,1.866302516311407
carbon1,2363,16,2.002666063606739
carbon1,2364,16,1.636212570592761
carbon1,2365,16,1.5986810959875584
carbon1,2366,16,1.5884031653404236
carbon1,2367,16,1.7377664912492037
carbon1,2368,16,1.883737426251173
carbon1,2369,16,1.8537545502185822
carbon1,2370,16,1.3677845690399408
carbon1,2371,16,1.781322866678238
carbon1,2372,16,2.0188556164503098
carbon1,2373,16,1.6784442532807589
carbon1,2374,16,1.892107855528593
carbon1,2375,16,2.206326477229595
carbon1,2376,16,1.631759013980627
carbon1,2377,16,1.8016424030065536
carbon1,2378,16,1.7218751087784767
carbon1,2379,16,1.7986176386475563
carbon1,2380,16,1.5779161155223846
carbon1,2381,16,1.7561378106474876
carbon1,2382,16,1.728877104818821
carbon1,2383,16,1.6380005776882172
carbon1,2384,16,1.9436441138386726
carbon1,2385,16,1.7287990376353264
carbon1,2386,16,1.463278129696846
carbon1,2387,16,1.9240786358714104
carbon1,2388,16,1.810664527118206
carbon1,2389,16,1.6999822780489922
carbon1,2390,16,2.1757360845804214
carbon1,2391,16,1.9613623768091202
carbon1,2392,16,1.6408017203211784
carbon1,2393,16,1.4515733569860458
carbon1,2394,16,1.49522696249187
carbon1,2395,16,1.96198121458292
carbon1,2396,16,2.0242491960525513
carbon1,2397,16,1.6789803244173527
carbon1,2398,16,1.7789586186408997
carbon1,2399,16,1.6273724287748337
carbon1,2400,16,1.508397275581956
carbon1,2401,16,1.7122486215084791
carbon1,2402,16,1.7156017497181892
carbon1,2403,16,2.024275828152895
carbon1,2404,16,1.6198322959244251
carbon1,2405,16,1.9853066727519035
carbon1,2406,16,1.6933748312294483
carbon1,2407,16,1.7618248024955392
carbon1,2408,16,2.1610033214092255
carbon1,2409,16,2.1185468658804893
carbon1,2410,16,2.0300298258662224
carbon1,2411,16,2.347435362637043
carbon1,2412,16,1.839366726577282
carbon1,2413,16,1.7798973470926285
carbon1,2414,16,2.07826229929924
carbon1,2415,16,1.8370810970664024
carbon1,2416,16,1.7542894780635834
carbon1,2417,16,1.8987872675061226
carbon1,2418,16,1.7175465822219849
carbon1,2419,16,1.5426007807254791
carbon1,2420,16,1.7594623789191246
carbon1,2421,16,1.69439198076725
carbon1,2422,16,1.524254471063614
carbon1,2423,16,1.7214748039841652
carbon1,2424,16,1.8691883087158203
carbon1,2425,16,1.7229742109775543
carbon1,2426,16,1.7793822959065437
carbon1,2427,16,1.6864791214466095
carbon1,2428,16,1.816754899919033
carbon1,2429,16,1.6242807507514954
carbon1,2430,16,1.7425802126526833
carbon1,2431,16,1.7769383266568184
carbon1,2432,16,1.7267788797616959
carbon1,2433,16,1.540046602487564
carbon1,2434,16,1.3769466429948807
carbon1,2435,16,1.6780718937516212
carbon1,2436,16,1.7230233512818813
carbon1,2437,16,1.4150237552821636
carbon1,2438,16,1.5878832563757896
carbon1,2439,16,2.0289221107959747
carbon1,2440,16,1.768264815211296
carbon1,2441,16,2.1274956315755844
carbon1,2442,16,2.051871620118618
carbon1,2443,16,1.6391980443149805
carbon1,2444,16,1.9098442569375038
carbon1,2445,16,1.8930823430418968
carbon1,2446,16,1.8650908777490258
carbon1,2447,16,1.820637159049511
carbon1,2448,16,1.4313772767782211
carbon1,2449,16,2.0582418902777135
carbon1,2450,16,1.4989426881074905
carbon1,2451,16,1.9687347188591957
carbon1,2452,16,1.8485884219408035
carbon1,2453,16,1.873279631137848
carbon1,2454,16,1.7674619555473328
carbon1,2455,16,1.7987258061766624
carbon1,2456,16,1.9457011818885803
carbon1,2457,16,2.05031169205904
carbon1,2458,16,1.9193674698472023
carbon1,2459,16,1.9779259115457535
carbon1,2460,16,1.7109356001019478
carbon1,2461,16,1.4735543802380562
carbon1,2462,16,1.7946595028042793
carbon1,2463,16,1.7559805288910866
carbon1,2464,16,1.85014259070158
carbon1,2465,16,1.6238479316234589
carbon1,2466,16,1.4491794146597385
carbon1,2467,16,1.5513837561011314
carbon1,2468,16,1.8898108825087547
carbon1,2469,16,1.6762384921312332
carbon1,2470,16,1.3641443946398795
carbon1,2471,16,1.8925257921218872
carbon1,2472,16,2.3415177538990974
carbon1,2473,16,2.014264080673456
carbon1,2474,16,1.5866593271493912
carbon1,2475,16,1.5201448649168015
carbon1,2476,16,2.158194150775671
carbon1,2477,16,1.7201887369155884
carbon1,2478,16,1.662337027490139
carbon1,2479,16,1.7964009009301662
carbon1,2480,16,2.08426171541214
carbon1,2481,16,1.7962411120533943
carbon1,2482,16,1.9137953743338585
carbon1,2483,16,2.0147223100066185
carbon1,2484,16,2.0000227615237236
carbon1,2485,16,1.889608807861805
carbon1,2486,16,1.7756509482860565
carbon1,2487,16,1.4225313290953636
carbon1,2488,16,1.5157169476151466
carbon1,2489,16,1.571043312549591
carbon1,2490,16,1.6362640261650085
carbon1,2491,16,1.664550855755806
carbon1,2492,16,1.7416265606880188
carbon1,2493,16,1.8160204775631428
carbon1,2494,16,1.7986352667212486
carbon1,2495,16,1.5936824716627598
carbon1,2496,16,1.8795073330402374
carbon1,2497,16,1.8170009702444077
carbon1,2498,16,1.7551681399345398
carbon1,2499,16,1.3891026191413403
carbon1,2500,16,1.8844516649842262
carbon1,2501,16,1.6273926459252834
carbon1,2502,16,1.8403783030807972
carbon1,2503,16,1.9707726314663887
carbon1,2504,16,1.8086021393537521
carbon1,2505,16,1.8500501960515976
carbon1,2506,16,1.713977139443159
carbon1,2507,16,1.6373654957860708
carbon1,2508,16,1.6292137019336224
carbon1,2509,16,1.8935814872384071
carbon1,2510,16,1.9659947324544191
carbon1,2511,16,1.819709706120193
carbon1,2512,16,2.079396791756153
carbon1,2513,16,1.7696857638657093
carbon1,2514,16,1.5427624210715294
carbon1,2515,16,1.8431443981826305
carbon1,2516,16,1.6378332050517201
carbon1,2517,16,1.5845158570446074
carbon1,2518,16,1.5354571416974068
carbon1,2519,16,1.4263051273301244
carbon1,2520,16,1.9131538979709148
carbon1,2521,16,1.7787437215447426
carbon1,2522,16,1.8297174340113997
carbon1,2523,16,1.818206730298698
carbon1,2524,16,1.7937185764312744
carbon1,2525,16,1.6496863132342696
carbon1,2526,16,1.330969788134098
carbon1,2527,16,1.7625564709305763
carbon1,2528,16,1.7708181738853455
carbon1,2529,16,1.3924022051505744
carbon1,2530,16,1.741996556520462
carbon1,2531,16,1.8269473314285278
carbon1,2532,16,1.4643127135932446
carbon1,2533,16,1.867466352880001
carbon1,2534,16,1.7744892449118197
carbon1,2535,16,1.7095690881833434
carbon1,2536,16,1.513139944523573
carbon1,2537,16,1.5848664408549666
carbon1,2538,16,1.7566375089809299
carbon1,2539,16,1.716982051730156
carbon1,2540,16,1.7549670287407935
carbon1,2541,16,1.7168422611430287
carbon1,2542,16,1.5280110817402601
carbon1,2543,16,1.778782771434635
carbon1,2544,16,1.2587005011737347
carbon1,2545,16,1.934184005483985
carbon1,2546,16,1.5895817996934056
carbon1,2547,16,1.579865202307701
carbon1,2548,16,1.9599420931190252
carbon1,2549,16,1.816495810635388
carbon1,2550,16,1.3894950351677835
carbon1,2551,16,1.5506216827780008
carbon1,2552,16,1.7093142666853964
carbon1,2553,16,1.5429665360134095
carbon1,2554,16,1.772219005972147
carbon1,2555,16,1.8405338013544679
carbon1,2556,16,1.4760833010077477
carbon1,2557,16,1.36507061496377
carbon1,2558,16,1.6242881678044796
carbon1,2559,16,1.3481329919304699
carbon1,2560,16,1.7051246091723442
carbon1,2561,16,1.8476193915121257
carbon1,2562,16,1.5690768342465162
carbon1,2563,16,1.6000883094966412
carbon1,2564,16,1.8172570383176208
carbon1,2565,16,1.5118317166343331
carbon1,2566,16,1.8460348527878523
carbon1,2567,16,1.6965622850693762
carbon1,2568,16,1.5557279642671347
carbon1,2569,16,1.8402510806918144
carbon1,2570,16,1.7752397637814283
carbon1,2571,16,1.487375620752573
carbon1,2572,16,2.1316932439804077
carbon1,2573,16,1.682450425811112
carbon1,2574,16,2.0978991659358144
carbon1,2575,16,1.5573050156235695
carbon1,2576,16,1.6696623619645834
carbon1,2577,16,1.6109968209639192
carbon1,2578,16,1.3759612124413252
carbon1,2579,16,2.0921565517783165
carbon1,2580,16,2.0496987774968147
carbon1,2581,16,1.6489352844655514
carbon1,2582,16,1.926660854369402
carbon1,2583,16,2.2003989443182945
carbon1,2584,16,1.7863025553524494
carbon1,2585,16,1.9871081188321114
carbon1,2586,16,1.6534641655161977
carbon1,2587,16,1.3782306276261806
carbon1,2588,16,1.6244549341499805
carbon1,2589,16,1.762370526790619
carbon1,2590,16,1.6053438484668732
carbon1,2591,16,1.7378469184041023
carbon1,2592,16,1.852123006246984
carbon1,2593,16,1.6261047599837184
carbon1,2594,16,1.4744029194116592
carbon1,2595,16,1.6819874923676252
carbon1,2596,16,2.03588542714715
carbon1,2597,16,1.6608359478414059
carbon1,2598,16,1.3238035351969302
carbon1,2599,16,1.3781547229737043
carbon1,2600,16,1.579620286822319
carbon1,2601,16,1.784458008594811
carbon1,2602,16,1.3826903952285647
carbon1,2603,16,1.8674152912572026
carbon1,2604,16,1.5269647976383567
carbon1,2605,16,1.8137947861105204
carbon1,2606,16,1.8862760858610272
carbon1,2607,16,1.706089600455016
carbon1,2608,16,1.9941693842411041
carbon1,2609,16,1.462296939920634
carbon1,2610,16,1.4760808360297233
carbon1,2611,16,1.9976195506751537
carbon1,2612,16,1.6894657737575471
carbon1,2613,16,1.6378813609480858
carbon1,2614,16,1.5415830528363585
carbon1,2615,16,2.3686893433332443
carbon1,2616,16,1.9925500005483627
carbon1,2617,16,1.5426398981362581
carbon1,2618,16,1.7331421878188848
carbon1,2619,16,1.6274259686470032
carbon1,2620,16,1.5344799533486366
carbon1,2621,16,1.7654224671423435
carbon1,2622,16,1.697841520421207
carbon1,2623,16,1.8907120367512107
carbon1,2624,16,1.3994582071900368
carbon1,2625,16,1.680513777770102
carbon1,2626,16,1.5228863060474396
carbon1,2627,16,1.7099744658917189
carbon1,2628,16,1.6584527799859643
carbon1,2629,16,1.438526266720146
carbon1,2630,16,2.016862654592842
carbon1,2631,16,1.6021978026255965
carbon1,2632,16,1.5423485450446606
carbon1,2633,16,1.5959426267072558
carbon1,2634,16,2.1177038024179637
carbon1,2635,16,1.446524115279317
carbon1,2636,16,1.4437379837036133
carbon1,2637,16,1.6688275076448917
carbon1,2638,16,1.452324821613729
carbon1,2639,16,1.8997958824038506
carbon1,2640,16,2.029732931405306
carbon1,2641,16,1.8519929870963097
carbon1,2642,16,1.9587123095989227
carbon1,2643,16,2.0694194808602333
carbon1,2644,16,1.8032011203467846
carbon1,2645,16,2.0403660386800766
carbon1,2646,16,1.351475927978754
carbon1,2647,16,1.8486461713910103
carbon1,2648,16,1.934960663318634
carbon1,2649,16,1.9801426455378532
carbon1,2650,16,1.5087494105100632
carbon1,2651,16,1.9695337414741516
carbon1,2652,16,2.0211120508611202
carbon1,2653,16,1.7533627077937126
carbon1,2654,16,1.9354434832930565
carbon1,2655,16,1.7315236665308475
carbon1,2656,16,1.712202899158001
carbon1,2657,16,2.0637232810258865
carbon1,2658,16,1.9910861030220985
carbon1,2659,16,1.8409871831536293
carbon1,2660,16,1.8665806911885738
carbon1,2661,16,1.7397817708551884
carbon1,2662,16,1.945531152188778
carbon1,2663,16,1.750422716140747
carbon1,2664,16,1.4677113415673375
carbon1,2665,16,1.8599208258092403
carbon1,2666,16,1.8434575200080872
carbon1,2667,16,1.7316860686987638
carbon1,2668,16,2.038718892261386
carbon1,2669,16,1.7386811096221209
carbon1,2670,16,1.4207300283014774
carbon1,2671,16,1.8301626574248075
carbon1,2672,16,1.6721257343888283
carbon1,2673,16,1.536504577845335
carbon1,2674,16,2.0728926490992308
carbon1,2675,16,1.8388240151107311
carbon1,2676,16,1.6170073132961988
carbon1,2677,16,1.8091186992824078
carbon1,2678,16,1.820152424275875
carbon1,2679,16,1.6633646935224533
carbon1,2680,16,1.7628380134701729
carbon1,2681,16,1.9385225400328636
carbon1,2682,16,1.6592369843274355
carbon1,2683,16,1.8045904645696282
carbon1,2684,16,1.842607831582427
carbon1,2685,16,1.5473068300634623
carbon1,2686,16,1.974330149590969
carbon1,2687,16,2.1301960721611977
carbon1,2688,16,1.3857826050370932
carbon1,2689,16,1.5396498441696167
carbon1,2690,16,1.6336626131087542
carbon1,2691,16,1.6655907668173313
carbon1,2692,16,1.8414678638800979
carbon1,2693,16,1.3937814645469189
carbon1,2694,16,1.5549792684614658
carbon1,2695,16,1.9297898039221764
carbon1,2696,16,1.9231226667761803
carbon1,2697,16,1.3454799791797996
carbon1,2698,16,1.7691849414259195
carbon1,2699,16,1.874901406466961
carbon1,2700,16,1.4325934015214443
carbon1,2701,16,1.6717179492115974
carbon1,2702,16,1.5006747394800186
carbon1,2703,16,1.6962798312306404
carbon1,2704,16,1.4685978796333075
carbon1,2705,16,1.503449022769928
carbon1,2706,16,2.0690554063767195
carbon1,2707,16,1.623367890715599
carbon1,2708,16,1.8488784208893776
carbon1,2709,16,1.9509898647665977
carbon1,2710,16,1.9537067404016852
carbon1,2711,16,2.013714272528887
carbon1,2712,16,1.5709777772426605
carbon1,2713,16,1.8875513300299644
carbon1,2714,16,1.7790812253952026
carbon1,2715,16,1.8344213217496872
carbon1,2716,16,1.3683673106133938
carbon1,2717,16,1.652312908321619
carbon1,2718,16,1.8511062525212765
carbon1,2719,16,1.6310189124196768
carbon1,2720,16,1.966028869152069
carbon1,2721,16,1.7274540439248085
carbon1,2722,16,1.7615564614534378
carbon1,2723,16,2.01998658105731
carbon1,2724,16,1.9324751496315002
carbon1,2725,16,1.380114320665598
carbon1,2726,16,1.5827641561627388
carbon1,2727,16,1.9713301435112953
carbon1,2728,16,1.8469791114330292
carbon1,2729,16,1.7677864544093609
carbon1,2730,16,1.8922513332217932
carbon1,2731,16,1.7053063404746354
carbon1,2732,16,1.7025448381900787
carbon1,2733,16,1.6355900149792433
carbon1,2734,16,1.778843529522419
carbon1,2735,16,1.69340356066823
carbon1,2736,16,1.477011286886409
carbon1,2737,16,1.5361940748989582
carbon1,2738,16,1.6914293244481087
carbon1,2739,16,1.572716187685728
carbon1,2740,16,1.8574898447841406
carbon1,2741,16,1.7326547801494598
carbon1,2742,16,1.5779995573684573
carbon1,2743,16,1.85824566334486
carbon1,2744,16,1.5804884880781174
carbon1,2745,16,1.6745950989425182
carbon1,2746,16,1.7632972821593285
carbon1,2747,16,1.9086316488683224
carbon1,2748,16,1.5847585443407297
carbon1,2749,16,1.8275965191423893
carbon1,2750,16,1.7570439204573631
carbon1,2751,16,1.563060700893402
carbon1,2752,16,1.6069037541747093
carbon1,2753,16,1.575198456645012
carbon1,2754,16,1.6861978061497211
carbon1,2755,16,1.5891440138220787
carbon1,2756,16,1.8948134407401085
carbon1,2757,16,1.9781556352972984
carbon1,2758,16,2.1726452857255936
carbon1,2759,16,2.082381397485733
carbon1,2760,16,1.987559199333191
carbon1,2761,16,1.8184692226350307
carbon1,2762,16,1.9082399308681488
carbon1,2763,16,1.6326582990586758
carbon1,2764,16,1.8492301739752293
carbon1,2765,16,1.9794876538217068
carbon1,2766,16,1.961707804352045
carbon1,2767,16,1.7187195047736168
carbon1,2768,16,1.9140967726707458
carbon1,2769,16,1.8309428468346596
carbon1,2770,16,1.9012004733085632
carbon1,2771,16,1.765108585357666
carbon1,2772,16,1.7920851036906242
carbon1,2773,16,1.4304245859384537
carbon1,2774,16,2.0813470035791397
carbon1,2775,16,1.6493712291121483
carbon1,2776,16,1.5847371071577072
carbon1,2777,16,1.5593621879816055
carbon1,2778,16,1.7920398451387882
carbon1,2779,16,1.865951158106327
carbon1,2780,16,1.7856772169470787
carbon1,2781,16,1.8121818229556084
carbon1,2782,16,1.7044711783528328
carbon1,2783,16,1.7346260249614716
carbon1,2784,16,1.8899512998759747
carbon1,2785,16,1.856538824737072
carbon1,2786,16,1.8020371086895466
carbon1,2787,16,1.522316923364997
carbon1,2788,16,1.9853187054395676
carbon1,2789,16,1.5189775601029396
carbon1,2790,16,1.623323917388916
carbon1,2791,16,1.5415072422474623
carbon1,2792,16,1.804394245147705
carbon1,2793,16,1.6333555988967419
carbon1,2794,16,1.773168709129095
carbon1,2795,16,1.8028367161750793
carbon1,2796,16,1.6919577363878489
carbon1,2797,16,1.7813315764069557
carbon1,2798,16,1.9747119918465614
carbon1,2799,16,1.58714210242033
carbon1,2800,16,1.9486725851893425
carbon1,2801,16,1.6399501711130142
carbon1,2802,16,1.7904679514467716
carbon1,2803,16,1.6553542651236057
carbon1,2804,16,1.6635282784700394
carbon1,2805,16,2.2987362146377563
carbon1,2806,16,2.1474774554371834
carbon1,2807,16,1.8835699334740639
carbon1,2808,16,1.3884857948869467
carbon1,2809,16,1.725007776170969
carbon1,2810,16,2.099570009857416
carbon1,2811,16,1.7405175119638443
carbon1,2812,16,1.6066584512591362
carbon1,2813,16,1.8028041198849678
carbon1,2814,16,1.4276588149368763
carbon1,2815,16,1.9847789630293846
carbon1,2816,16,1.6345452461391687
carbon1,2817,16,1.6334393694996834
carbon1,2818,16,1.7442565970122814
carbon1,2819,16,1.5412500575184822
carbon1,2820,16,1.7073813676834106
carbon1,2821,16,2.2690391428768635
carbon1,2822,16,1.9706374108791351
carbon1,2823,16,1.9755327887833118
carbon1,2824,16,1.9415397197008133
carbon1,2825,16,1.9618573933839798
carbon1,2826,16,1.549285002052784
carbon1,2827,16,1.7251678742468357
carbon1,2828,16,1.8090397045016289
carbon1,2829,16,1.9923730716109276
carbon1,2830,16,1.6523760333657265
carbon1,2831,16,1.7389675080776215
carbon1,2832,16,1.6320987958461046
carbon1,2833,16,1.7386638708412647
carbon1,2834,16,1.7844940796494484
carbon1,2835,16,1.6006303392350674
carbon1,2836,16,2.049849212169647
carbon1,2837,16,1.7563554719090462
carbon1,2838,16,1.5502022486180067
carbon1,2839,16,1.5595154166221619
carbon1,2840,16,1.899729646742344
carbon1,2841,16,2.0725256018340588
carbon1,2842,16,1.735401514917612
carbon1,2843,16,1.720863215625286
carbon1,2844,16,1.7754982374608517
carbon1,2845,16,1.7716354578733444
carbon1,2846,16,1.7895916774868965
carbon1,2847,16,1.6887128204107285
carbon1,2848,16,1.6079249754548073
carbon1,2849,16,1.8855822123587132
carbon1,2850,16,1.833380764350295
carbon1,2851,16,1.9321842342615128
carbon1,2852,16,2.065801054239273
carbon1,2853,16,2.025563631206751
carbon1,2854,16,1.6607707142829895
carbon1,2855,16,2.027212403714657
carbon1,2856,16,1.9807074926793575
carbon1,2857,16,1.8663625940680504
carbon1,2858,16,1.7385309599339962
carbon1,2859,16,1.7962466478347778
carbon1,2860,16,1.9815164431929588
carbon1,2861,16,1.6506399996578693
carbon1,2862,16,1.6995049491524696
carbon1,2863,16,1.7393134385347366
carbon1,2864,16,2.1084902361035347
carbon1,2865,16,1.8542243130505085
carbon1,2866,16,1.8693712800741196
carbon1,2867,16,1.5695849135518074
carbon1,2868,16,1.9892544373869896
carbon1,2869,16,1.7476313933730125
carbon1,2870,16,1.961020402610302
carbon1,2871,16,1.5198644287884235
carbon1,2872,16,1.7542659416794777
carbon1,2873,16,1.6356708630919456
carbon1,2874,16,1.5876979306340218
carbon1,2875,16,1.836762584745884
carbon1,2876,16,2.0402625799179077
carbon1,2877,16,2.1417070850729942
carbon1,2878,16,2.0663585737347603
carbon1,2879,16,1.7184808924794197
carbon1,2880,16,1.660105463117361
carbon1,2881,16,1.6542875058948994
carbon1,2882,16,1.588889580219984
carbon1,2883,16,1.8451835438609123
carbon1,2884,16,1.8016741648316383
carbon1,2885,16,1.7744230851531029
carbon1,2886,16,1.8637449778616428
carbon1,2887,16,1.7858264595270157
carbon1,2888,16,2.204216979444027
carbon1,2889,16,1.538643755018711
carbon1,2890,16,1.9259042218327522
carbon1,2891,16,1.8846770972013474
carbon1,2892,16,2.1813038289546967
carbon1,2893,16,2.0457795411348343
carbon1,2894,16,1.7876089736819267
carbon1,2895,16,1.5978174898773432
carbon1,2896,16,1.4709755182266235
carbon1,2897,16,1.6112966984510422
carbon1,2898,16,1.5869394112378359
carbon1,2899,16,1.8461769334971905
carbon1,2900,16,1.5121954940259457
carbon1,2901,16,1.9804503992199898
carbon1,2902,16,1.8708681464195251
carbon1,2903,16,1.7153943702578545
carbon1,2904,16,1.991958387196064
carbon1,2905,16,1.6510246098041534
carbon1,2906,16,1.5627887323498726
carbon1,2907,16,1.6556285470724106
carbon1,2908,16,1.6669421568512917
carbon1,2909,16,1.6890764459967613
carbon1,2910,16,1.7160640135407448
carbon1,2911,16,1.6089258193969727
carbon1,2912,16,1.7876231521368027
carbon1,2913,16,1.9214765392243862
carbon1,2914,16,2.055009074509144
carbon1,2915,16,1.5365164875984192
carbon1,2916,16,1.803220035508275
carbon1,2917,16,1.7545259594917297
carbon1,2918,16,1.663276594132185
carbon1,2919,16,1.4308689832687378
carbon1,2920,16,1.6317491605877876
carbon1,2921,16,1.8968794383108616
carbon1,2922,16,1.4341761115938425
carbon1,2923,16,1.7422486413270235
carbon1,2924,16,1.9001955017447472
carbon1,2925,16,1.978720050305128
carbon1,2926,16,1.948257401585579
carbon1,2927,16,1.7912669479846954
carbon1,2928,16,1.4460794385522604
carbon1,2929,16,1.6330964136868715
carbon1,2930,16,1.567633893340826
carbon1,2931,16,1.6685806587338448
carbon1,2932,16,1.8323216177523136
carbon1,2933,16,1.7895959541201591
carbon1,2934,16,1.8231776505708694
carbon1,2935,16,1.7660531178116798
carbon1,2936,16,1.8068672809749842
carbon1,2937,16,1.5501263602636755
carbon1,2938,16,1.8425945527851582
carbon1,2939,16,1.8120453907176852
carbon1,2940,16,1.6496468130499125
carbon1,2941,16,1.5888517517596483
carbon1,2942,16,2.0491294898092747
carbon1,2943,16,1.9277055114507675
carbon1,2944,16,1.6272870115935802
carbon1,2945,16,1.5719289337284863
carbon1,2946,16,1.5020393184386194
carbon1,2947,16,1.9636247269809246
carbon1,2948,16,1.8051417507231236
carbon1,2949,16,1.8499914826825261
carbon1,2950,16,2.0364421913400292
carbon1,2951,16,1.8746139705181122
carbon1,2952,16,1.8384817354381084
carbon1,2953,16,1.943937137722969
carbon1,2954,16,1.5711602689698339
carbon1,2955,16,1.752332903444767
carbon1,2956,16,1.6212036851793528
carbon1,2957,16,1.696910540573299
carbon1,2958,16,1.9989970694296062
carbon1,2959,16,1.7813552329316735
carbon1,2960,16,1.7667912291362882
carbon1,2961,16,1.6815663035959005
carbon1,2962,16,1.8384205158799887
carbon1,2963,16,1.559468388557434
carbon1,2964,16,1.8663285151124
carbon1,2965,16,1.7359771011397243
carbon1,2966,16,1.6204318031668663
carbon1,2967,16,1.794728153385222
carbon1,2968,16,1.8935460522770882
carbon1,2969,16,1.4844106175005436
carbon1,2970,16,1.5440534790977836
carbon1,2971,16,1.6950853746384382
carbon1,2972,16,1.8061706516891718
carbon1,2973,16,1.7489486075937748
carbon1,2974,16,1.7202376276254654
carbon1,2975,16,1.8308423589915037
carbon1,2976,16,1.8929828740656376
carbon1,2977,16,1.7589790523052216
carbon1,2978,16,1.7705822195857763
carbon1,2979,16,1.5739890336990356
carbon1,2980,16,1.92129747569561
carbon1,2981,16,1.956358127295971
carbon1,2982,16,1.76637252420187
carbon1,2983,16,1.7047300823032856
carbon1,2984,16,1.9169467315077782
carbon1,2985,16,1.7640645802021027
carbon1,2986,16,2.0924503346905112
carbon1,2987,16,1.7455221973359585
carbon1,2988,16,1.6031422489322722
carbon1,2989,16,1.9940265864133835
carbon1,2990,16,1.784297801554203
carbon1,2991,16,1.6964182201772928
carbon1,2992,16,1.6830392554402351
carbon1,2993,16,1.593877824023366
carbon1,2994,16,1.9777322234585881
carbon1,2995,16,1.6911487728357315
carbon1,2996,16,1.9455545172095299
carbon1,2997,16,1.7126316130161285
carbon1,2998,16,1.6675402652472258
carbon1,2999,16,1.902327036485076
carbon1,3000,16,1.331890907138586
carbon1,3001,16,1.5552990660071373
carbon1,3002,16,1.483784969896078
carbon1,3003,16,2.035505898296833
carbon1,3004,16,1.9047640543431044
carbon1,3005,16,1.6603091284632683
carbon1,3006,16,1.7111547328531742
carbon1,3007,16,2.1958685740828514
carbon1,3008,16,1.8172221146523952
carbon1,3009,16,1.8018608763813972
carbon1,3010,16,1.5568837895989418
carbon1,3011,16,1.8824136480689049
carbon1,3012,16,1.9835269302129745
carbon1,3013,16,1.8173533752560616
carbon1,3014,16,1.7195325270295143
carbon1,3015,16,2.321612648665905
carbon1,3016,16,1.8703222423791885
carbon1,3017,16,2.0453620478510857
carbon1,3018,16,1.5113735236227512
carbon1,3019,16,1.9519373923540115
carbon1,3020,16,1.9698770083487034
carbon1,3021,16,1.8744345977902412
carbon1,3022,16,2.0284168645739555
carbon1,3023,16,2.1305856332182884
carbon1,3024,16,1.8892169408500195
carbon1,3025,16,1.7642487436532974
carbon1,3026,16,1.823677085340023
carbon1,3027,16,2.0975422114133835
carbon1,3028,16,1.7126314230263233
carbon1,3029,16,2.1504189744591713
carbon1,3030,16,1.9031690508127213
carbon1,3031,16,1.6476458013057709
carbon1,3032,16,1.8908416405320168
carbon1,3033,16,1.890105091035366
carbon1,3034,16,1.9925899617373943
carbon1,3035,16,1.7682248651981354
carbon1,3036,16,1.78695597499609
carbon1,3037,16,1.9650849364697933
carbon1,3038,16,1.862801268696785
carbon1,3039,16,2.0552760623395443
carbon1,3040,16,1.9139092490077019
carbon1,3041,16,1.8489918783307076
carbon1,3042,16,1.8128328695893288
carbon1,3043,16,1.7123030796647072
carbon1,3044,16,1.807031236588955
carbon1,3045,16,1.4928573593497276
carbon1,3046,16,1.854128036648035
carbon1,3047,16,1.7674943208694458
carbon1,3048,16,1.9231541752815247
carbon1,3049,16,1.7165938094258308
carbon1,3050,16,1.7412482276558876
carbon1,3051,16,1.9196304455399513
carbon1,3052,16,1.7496370635926723
carbon1,3053,16,1.5618652999401093
carbon1,3054,16,1.6582212001085281
carbon1,3055,16,2.1784204691648483
carbon1,3056,16,1.7891529724001884
carbon1,3057,16,2.1228674352169037
carbon1,3058,16,1.7261497154831886
carbon1,3059,16,1.8253919556736946
carbon1,3060,16,1.654767237138003
carbon1,3061,16,1.6052410248667002
carbon1,3062,16,1.6586425378918648
carbon1,3063,16,1.708183143287897
carbon1,3064,16,2.117275070399046
carbon1,3065,16,1.8438159544020891
carbon1,3066,16,1.4403326492756605
carbon1,3067,16,1.7159076342359185
carbon1,3068,16,2.1302267154678702
carbon1,3069,16,1.5585944391787052
carbon1,3070,16,1.4917419692501426
carbon1,3071,16,1.5523173585534096
