model,model_window_position,base_count,mean_bpb
megabyte1,0,15,2.0044725005152633
megabyte1,1,15,1.9159189573311808
megabyte1,2,15,1.9605844188821535
megabyte1,3,15,2.1128807209640805
megabyte1,4,15,2.021882732983129
megabyte1,5,15,2.0482000354905763
megabyte1,6,15,1.9852772617693502
megabyte1,7,15,1.9382008108713373
megabyte1,8,15,1.9084301086232824
megabyte1,9,15,2.141276333152841
megabyte1,10,15,2.094170695492743
megabyte1,11,15,1.9294558029327336
megabyte1,12,15,2.1001115560606203
megabyte1,13,15,1.883829988749234
megabyte1,14,15,1.8299615937894937
megabyte1,15,15,1.9832753023130358
megabyte1,16,15,1.842432131100178
megabyte1,17,15,2.1636893554452032
megabyte1,18,15,1.845919415876493
megabyte1,19,15,1.915270084023238
megabyte1,20,15,2.062979366614524
megabyte1,21,15,1.8916285299998592
megabyte1,22,15,1.6474888926345896
megabyte1,23,15,1.9114014188557975
megabyte1,24,15,1.7184765219143021
megabyte1,25,15,1.9807067434291326
megabyte1,26,15,2.013256508510736
megabyte1,27,15,1.7756881866215615
megabyte1,28,15,1.7127264766367583
megabyte1,29,15,1.9943074437372914
megabyte1,30,15,1.9520372892665088
megabyte1,31,15,1.7023279260563038
megabyte1,32,15,1.9215778651275344
megabyte1,33,15,1.8677711826492582
megabyte1,34,15,1.9172200812794717
megabyte1,35,15,1.7724794741456216
megabyte1,36,15,1.743633879484687
megabyte1,37,15,1.9744175718010595
megabyte1,38,15,1.877012110957319
megabyte1,39,15,2.0086650511918496
megabyte1,40,15,1.5482412799689924
megabyte1,41,15,1.9520015974884435
megabyte1,42,15,1.7647004394996626
megabyte1,43,15,1.7763848299196843
megabyte1,44,15,1.9211257596760376
megabyte1,45,15,1.8701333463891898
megabyte1,46,15,1.8426031614997396
megabyte1,47,15,2.1871415141893094
megabyte1,48,15,2.120266454303363
megabyte1,49,15,1.8051844587531578
megabyte1,50,15,2.145516723194322
megabyte1,51,15,1.9261773244822629
megabyte1,52,15,2.11097130833087
megabyte1,53,15,1.7809932755221745
megabyte1,54,15,1.99840925859273
megabyte1,55,15,1.9977019558569222
megabyte1,56,15,1.994489511903307
megabyte1,57,15,1.844535240516058
megabyte1,58,15,1.754633774340949
megabyte1,59,15,1.8225717666250423
megabyte1,60,15,1.8471247825529853
megabyte1,61,15,1.8943114623484072
megabyte1,62,15,1.8725638416786545
megabyte1,63,15,2.0339458964822628
megabyte1,64,15,1.709110456328683
megabyte1,65,15,1.7502750519961319
megabyte1,66,15,1.7168899897306182
megabyte1,67,15,1.9464567500409904
megabyte1,68,15,1.6600022175331481
megabyte1,69,15,1.8292190212529353
megabyte1,70,15,1.8420116411682246
megabyte1,71,15,1.9266666580721672
megabyte1,72,15,1.96470947223006
megabyte1,73,15,2.218635670204678
megabyte1,74,15,1.846414707817695
megabyte1,75,15,1.7552746757221516
megabyte1,76,15,1.574592493122173
megabyte1,77,15,1.904061451161144
megabyte1,78,15,2.0499471601603108
megabyte1,79,15,2.0619923164816027
megabyte1,80,15,2.022963914994159
megabyte1,81,15,1.7180006462158344
megabyte1,82,15,1.7096485556107577
megabyte1,83,15,1.8964417035845613
megabyte1,84,15,1.994755599331418
megabyte1,85,15,1.8955349335061316
megabyte1,86,15,1.7210866413440498
megabyte1,87,15,1.7951156642785076
megabyte1,88,15,1.8332849302688787
megabyte1,89,15,2.2294469236718206
megabyte1,90,15,1.94608585899264
megabyte1,91,15,1.8603603046102046
megabyte1,92,15,1.949128111100772
megabyte1,93,15,1.807037500932174
megabyte1,94,15,1.9897487705845451
megabyte1,95,15,1.9740373005503877
megabyte1,96,15,1.7527055535327176
megabyte1,97,15,1.859626652850362
megabyte1,98,15,2.0824245113217574
megabyte1,99,15,1.808732002584694
megabyte1,100,15,1.8782300160553465
megabyte1,101,15,1.9165659681236908
megabyte1,102,15,1.7841016361962507
megabyte1,103,15,1.9663676689841623
megabyte1,104,15,2.130960411149552
megabyte1,105,15,1.7468547237534306
megabyte1,106,15,1.743170018800101
megabyte1,107,15,1.9437491127941162
megabyte1,108,15,1.8068921640431526
megabyte1,109,15,1.8475810877741978
megabyte1,110,15,2.1613225081282517
megabyte1,111,15,1.9385128110141918
megabyte1,112,15,2.0075180157543846
megabyte1,113,15,2.211685586878589
megabyte1,114,15,1.7496793915505935
megabyte1,115,15,1.6968714435821508
megabyte1,116,15,1.7637921630137412
megabyte1,117,15,1.8707923288346555
megabyte1,118,15,1.6899672178959757
megabyte1,119,15,1.9042452334364905
megabyte1,120,15,1.8274063168104038
megabyte1,121,15,1.7770245481528462
megabyte1,122,15,1.9485996348150507
megabyte1,123,15,1.8486650120685866
megabyte1,124,15,1.597114960303981
megabyte1,125,15,2.0240439470920166
megabyte1,126,15,2.0372907288295723
megabyte1,127,15,1.612638490457104
megabyte1,128,15,2.0788022893150444
megabyte1,129,15,2.1504982156443213
megabyte1,130,15,1.9881452929578587
megabyte1,131,15,1.8605525179319637
megabyte1,132,15,2.187311049274396
megabyte1,133,15,1.8179038205268172
megabyte1,134,15,1.834545484978734
megabyte1,135,15,1.8930546110154791
megabyte1,136,15,2.0703964885332002
megabyte1,137,15,1.9759046888136993
megabyte1,138,15,1.8866164349510433
megabyte1,139,15,1.9052235743341137
megabyte1,140,15,1.7829142634759374
megabyte1,141,15,1.8158074481907716
megabyte1,142,15,1.8471577872391505
megabyte1,143,15,2.105874424540575
megabyte1,144,15,1.9711153912676975
megabyte1,145,15,1.7944100662113358
megabyte1,146,15,1.7520277283856405
megabyte1,147,15,1.9452534665071013
megabyte1,148,15,1.762863932727186
megabyte1,149,15,1.946953753018646
megabyte1,150,15,1.961029514156971
megabyte1,151,15,1.6857128646251842
megabyte1,152,15,2.0000930648426194
megabyte1,153,15,1.6747808355473346
megabyte1,154,15,1.9459696814086451
megabyte1,155,15,1.869738689509225
megabyte1,156,15,1.8114208908338492
megabyte1,157,15,1.8854545744011837
megabyte1,158,15,2.1293650894961353
megabyte1,159,15,2.1663986719792523
megabyte1,160,15,1.9022986025804658
megabyte1,161,15,1.7604202487011114
megabyte1,162,15,1.6347484472963871
megabyte1,163,15,1.9515781906037446
megabyte1,164,15,1.8837680177300424
megabyte1,165,15,1.8034820055084004
megabyte1,166,15,1.7337453275101506
megabyte1,167,15,1.8740537373342219
megabyte1,168,15,1.8250940476468216
megabyte1,169,15,1.8038347940114896
megabyte1,170,15,1.8409308471732317
megabyte1,171,15,1.5426963653618617
megabyte1,172,15,1.6238041123843907
megabyte1,173,15,1.6731214211832126
megabyte1,174,15,2.037283567314171
megabyte1,175,15,1.8657709280709827
megabyte1,176,15,1.8562737225797727
megabyte1,177,15,1.8790170502953225
megabyte1,178,15,1.8528380050022577
megabyte1,179,15,1.892219328448543
megabyte1,180,15,1.8045830368532307
megabyte1,181,15,1.8760460147136966
megabyte1,182,15,1.8870926099679994
megabyte1,183,15,1.9683929127070356
megabyte1,184,15,1.9487312372287235
megabyte1,185,15,1.9418605757778804
megabyte1,186,15,1.6605973852051756
megabyte1,187,15,1.7417860713520799
megabyte1,188,15,1.7565647494358467
megabyte1,189,15,1.8751917868145622
megabyte1,190,15,1.734223211923846
megabyte1,191,15,2.0181551588293853
megabyte1,192,15,1.9156222249197916
megabyte1,193,15,1.949703709218454
megabyte1,194,15,1.8798660639557392
megabyte1,195,15,1.8152166952579671
megabyte1,196,15,1.5434721797710433
megabyte1,197,15,1.8334469098889188
megabyte1,198,15,1.6967492580734789
megabyte1,199,15,1.793722671536272
megabyte1,200,15,2.0197977795575652
megabyte1,201,15,1.9115992714421561
megabyte1,202,15,1.6357387908278547
megabyte1,203,15,2.0421808119709834
megabyte1,204,15,1.7478168604013484
megabyte1,205,15,2.0088538915904777
megabyte1,206,15,1.7630717184996305
megabyte1,207,15,1.63522064200001
megabyte1,208,15,1.8524504543169533
megabyte1,209,15,1.649441263132079
megabyte1,210,15,1.8747546751185535
megabyte1,211,15,1.9566331228235034
megabyte1,212,15,1.779363502898711
megabyte1,213,15,1.8504707489956473
megabyte1,214,15,1.807609006083175
megabyte1,215,15,1.7685971248778123
megabyte1,216,15,1.9610648177003724
megabyte1,217,15,2.074822072196809
megabyte1,218,15,1.903476938537947
megabyte1,219,15,1.9343249038902899
megabyte1,220,15,1.887369624994764
megabyte1,221,15,1.7687516145613447
megabyte1,222,15,1.8779584306109416
megabyte1,223,15,1.8145584463687985
megabyte1,224,15,2.162935904607289
megabyte1,225,15,1.9006634769766417
megabyte1,226,15,1.7040176650746157
megabyte1,227,15,2.0992521555613894
megabyte1,228,15,1.691375711230588
megabyte1,229,15,1.9209981956094742
megabyte1,230,15,1.7864520926170873
megabyte1,231,15,1.7031951328826063
megabyte1,232,15,1.8910329652597986
megabyte1,233,15,1.859156929723119
megabyte1,234,15,1.9939875640632247
megabyte1,235,15,1.6907852034997433
megabyte1,236,15,2.0066674471305617
megabyte1,237,15,1.8630443717125675
megabyte1,238,15,1.6257164927994838
megabyte1,239,15,1.5503668387093301
megabyte1,240,15,1.5992332672200804
megabyte1,241,15,2.04155687349584
megabyte1,242,15,2.02342298306839
megabyte1,243,15,2.108278836406106
megabyte1,244,15,1.843800897730292
megabyte1,245,15,1.578943141393237
megabyte1,246,15,1.5345059837434967
megabyte1,247,15,1.865129202983757
megabyte1,248,15,1.8812381858015041
megabyte1,249,15,1.6766697403085589
megabyte1,250,15,1.778537327027714
megabyte1,251,15,1.7163110490323834
megabyte1,252,15,2.0897391548602573
megabyte1,253,15,1.8525848353494352
megabyte1,254,15,1.90897379537412
megabyte1,255,15,1.8343292240636728
megabyte1,256,15,1.9696772052841918
megabyte1,257,15,1.8941030333875686
megabyte1,258,15,1.8933607550098825
megabyte1,259,15,2.0852194665100052
megabyte1,260,15,1.8037139427136777
megabyte1,261,15,1.6929589838030357
megabyte1,262,15,1.8013136449917202
megabyte1,263,15,1.9107182944977656
megabyte1,264,15,1.8504182574043486
megabyte1,265,15,1.8940170078254523
megabyte1,266,15,1.8704003602133163
megabyte1,267,15,1.8198299581822752
megabyte1,268,15,1.774927764639934
megabyte1,269,15,1.9479228917049403
megabyte1,270,15,1.8673902890779501
megabyte1,271,15,1.7152399852654672
megabyte1,272,15,1.7762078936748755
megabyte1,273,15,1.9981700261264004
megabyte1,274,15,1.837851541382762
megabyte1,275,15,1.916469782324689
megabyte1,276,15,1.890048310367513
megabyte1,277,15,1.9919406211152026
megabyte1,278,15,1.8247740915870039
megabyte1,279,15,2.1045608532440614
megabyte1,280,15,2.021912142339658
megabyte1,281,15,2.113546741457262
megabyte1,282,15,1.4934477108513498
megabyte1,283,15,1.5947154482915242
megabyte1,284,15,1.79644182019114
megabyte1,285,15,1.742667614230461
megabyte1,286,15,2.0079123019267624
megabyte1,287,15,1.811528631554638
megabyte1,288,15,1.770815103283526
megabyte1,289,15,1.9097043805152787
megabyte1,290,15,2.008840215431772
megabyte1,291,15,1.6086537261256653
megabyte1,292,15,1.7447695169650952
megabyte1,293,15,2.041156443221162
megabyte1,294,15,1.8054466233792148
megabyte1,295,15,1.8717901848497998
megabyte1,296,15,1.769833949143225
megabyte1,297,15,1.8193996908929042
megabyte1,298,15,1.7767208861663069
megabyte1,299,15,1.681763418327301
megabyte1,300,15,1.5320334450086044
megabyte1,301,15,1.5826072159497508
megabyte1,302,15,1.537539495705546
megabyte1,303,15,1.5427525119258263
megabyte1,304,15,1.9821309300565786
megabyte1,305,15,2.2028489310831483
megabyte1,306,15,1.5239633376141455
megabyte1,307,15,2.068180274541635
megabyte1,308,15,1.8925734633677302
megabyte1,309,15,2.0615353380533112
megabyte1,310,15,1.6898496457473635
megabyte1,311,15,1.933264992403553
megabyte1,312,15,1.592490199123365
megabyte1,313,15,1.5307034239997819
megabyte1,314,15,1.7460481829109376
megabyte1,315,15,1.910567205095528
megabyte1,316,15,1.7241393113999037
megabyte1,317,15,2.1016148703450006
megabyte1,318,15,1.5528601183056845
megabyte1,319,15,1.8316628669725703
megabyte1,320,15,1.9769599274395184
megabyte1,321,15,1.7165643957620915
megabyte1,322,15,1.9019088625992926
megabyte1,323,15,1.814627404220394
megabyte1,324,15,1.978817038591899
megabyte1,325,15,1.902230551670962
megabyte1,326,15,1.8490054459815464
megabyte1,327,15,1.8355226823409516
megabyte1,328,15,2.087512396886152
megabyte1,329,15,1.6903033836367143
megabyte1,330,15,2.0866895844442346
megabyte1,331,15,1.872161057308022
megabyte1,332,15,2.1777076330814436
megabyte1,333,15,1.9544807307618521
megabyte1,334,15,1.8087881252373856
megabyte1,335,15,1.6463927369494151
megabyte1,336,15,1.8450776017652628
megabyte1,337,15,1.6024517828507747
megabyte1,338,15,1.8410867991995006
megabyte1,339,15,1.683575463062516
megabyte1,340,15,1.748405013694455
megabyte1,341,15,1.878969981536098
megabyte1,342,15,1.527283573132508
megabyte1,343,15,1.7244987425762648
megabyte1,344,15,1.472212851695211
megabyte1,345,15,1.761882760161534
megabyte1,346,15,1.7371727044832175
megabyte1,347,15,1.9603670584399286
megabyte1,348,15,1.851494818906817
megabyte1,349,15,1.727541554419254
megabyte1,350,15,1.6416235580404939
megabyte1,351,15,2.389310963653356
megabyte1,352,15,1.7391451461029812
megabyte1,353,15,1.6893283715229317
megabyte1,354,15,1.9148875540376609
megabyte1,355,15,1.675448035769083
megabyte1,356,15,1.7712811018749375
megabyte1,357,15,1.5627773571808734
megabyte1,358,15,1.840549549157007
megabyte1,359,15,1.7307662356592848
megabyte1,360,15,1.6028649369460377
megabyte1,361,15,1.9720402946260682
megabyte1,362,15,1.6751643796660178
megabyte1,363,15,1.6313672207194214
megabyte1,364,15,1.8532092403312892
megabyte1,365,15,1.629638910955405
megabyte1,366,15,1.6019694061061889
megabyte1,367,15,1.6762808786027477
megabyte1,368,15,1.753427922974247
megabyte1,369,15,1.5823913714071942
megabyte1,370,15,1.536338281047587
megabyte1,371,15,1.833618881378744
megabyte1,372,15,1.7078841827868705
megabyte1,373,15,1.9219762795436894
megabyte1,374,15,1.894022489442431
megabyte1,375,15,1.8973833231816877
megabyte1,376,15,1.808078306345462
megabyte1,377,15,2.081827228201892
megabyte1,378,15,1.9560556571225662
megabyte1,379,15,1.764203191740691
megabyte1,380,15,1.6004223113857337
megabyte1,381,15,2.1347057164204477
megabyte1,382,15,1.8930322750080215
megabyte1,383,15,1.9451083086868592
megabyte1,384,15,2.0861904356432697
megabyte1,385,15,1.5864776670250014
megabyte1,386,15,1.825946896752856
megabyte1,387,15,1.7747727307403425
megabyte1,388,15,1.604604958831748
megabyte1,389,15,1.7663399407523852
megabyte1,390,15,2.0160221403447687
megabyte1,391,15,1.696211449246557
megabyte1,392,15,1.7621557928679474
megabyte1,393,15,1.9359524805685242
megabyte1,394,15,1.790069378848822
megabyte1,395,15,1.940431248676943
megabyte1,396,15,1.782287736315261
megabyte1,397,15,1.7119055329967703
megabyte1,398,15,2.028166088367765
megabyte1,399,15,1.9384951854891999
megabyte1,400,15,1.7896376635708142
megabyte1,401,15,1.8418216754446772
megabyte1,402,15,1.5315993106020025
megabyte1,403,15,1.7495932843412352
megabyte1,404,15,1.8065092511566476
megabyte1,405,15,1.936601440555505
megabyte1,406,15,1.6809689321607084
megabyte1,407,15,2.202225590869347
megabyte1,408,15,1.8838412262358992
megabyte1,409,15,2.037804743126813
megabyte1,410,15,2.0817514869272027
megabyte1,411,15,1.9368866615613711
megabyte1,412,15,1.8386446015131612
megabyte1,413,15,1.7564355660549857
megabyte1,414,15,1.6643557298746923
megabyte1,415,15,1.7151757818491626
megabyte1,416,15,1.6336146013258395
megabyte1,417,15,1.946485756513132
megabyte1,418,15,1.5415528178779543
megabyte1,419,15,1.9666037597597763
megabyte1,420,15,1.8060921073917524
megabyte1,421,15,2.053967034686834
megabyte1,422,15,1.68731052308015
megabyte1,423,15,1.636487495340901
megabyte1,424,15,1.7699788719206067
megabyte1,425,15,1.6281111605530607
megabyte1,426,15,1.8483751517088611
megabyte1,427,15,1.6772880874756373
megabyte1,428,15,1.8130954052190977
megabyte1,429,15,1.6731447633716456
megabyte1,430,15,1.433944782417854
megabyte1,431,15,1.8823565322755258
megabyte1,432,15,2.1706479299083505
megabyte1,433,15,1.6441156944449893
megabyte1,434,15,1.954818860643479
megabyte1,435,15,1.828565972386208
megabyte1,436,15,1.6460025630875748
megabyte1,437,15,1.9619406089893845
megabyte1,438,15,1.9134032451600413
megabyte1,439,15,1.8464125208288167
megabyte1,440,15,1.9948895974553567
megabyte1,441,15,2.004088570207022
megabyte1,442,15,2.0296137590201755
megabyte1,443,15,2.012614781106294
megabyte1,444,15,1.7647763594944166
megabyte1,445,15,1.6027151028440454
megabyte1,446,15,2.188884396449943
megabyte1,447,15,2.01329987316772
megabyte1,448,15,1.7481196370841487
megabyte1,449,15,1.6498333827839105
megabyte1,450,15,1.9624561358629664
megabyte1,451,15,2.136854769813824
megabyte1,452,15,1.8858593819710288
megabyte1,453,15,1.8917540436456481
megabyte1,454,15,1.5254087138827335
megabyte1,455,15,1.9460136836863753
megabyte1,456,15,1.9226447357971734
megabyte1,457,15,1.6310257799932895
megabyte1,458,15,1.5301340541132855
megabyte1,459,15,1.824759679943506
megabyte1,460,15,1.6575931739921543
megabyte1,461,15,1.665656171257398
megabyte1,462,15,1.7471464072741838
megabyte1,463,15,1.757007941598929
megabyte1,464,15,1.908103658984189
megabyte1,465,15,2.0840071041558725
megabyte1,466,15,1.5772226318492175
megabyte1,467,15,1.9890192211697504
megabyte1,468,15,1.857294695629861
megabyte1,469,15,1.8947620609497342
megabyte1,470,15,1.7728495358153877
megabyte1,471,15,1.742235916047229
megabyte1,472,15,2.0869637674783648
megabyte1,473,15,1.9868569762664967
megabyte1,474,15,1.717125810117732
megabyte1,475,15,2.0544774470627742
megabyte1,476,15,1.808749792469821
megabyte1,477,15,2.4001536231532667
megabyte1,478,15,1.9814571615244196
megabyte1,479,15,1.8075674374350035
megabyte1,480,15,1.9155179005108112
megabyte1,481,15,2.1477814292647404
megabyte1,482,15,2.118176980753844
megabyte1,483,15,1.7722278698306162
megabyte1,484,15,1.8773188868545732
megabyte1,485,15,1.743675092876846
megabyte1,486,15,1.7614461718154761
megabyte1,487,15,1.5908559727227363
megabyte1,488,15,1.7923958823956727
megabyte1,489,15,1.6411666955824085
megabyte1,490,15,1.839109654474659
megabyte1,491,15,1.9328337592868403
megabyte1,492,15,1.7636415952175832
megabyte1,493,15,1.8155428005772147
megabyte1,494,15,1.7084550097657316
megabyte1,495,15,1.9311509201078176
megabyte1,496,15,1.8617109783369712
megabyte1,497,15,1.938914466412279
megabyte1,498,15,1.886127429503774
megabyte1,499,15,1.9641028348302203
megabyte1,500,15,1.8556216157441912
megabyte1,501,15,1.5701800711579585
megabyte1,502,15,1.7334109341945225
megabyte1,503,15,1.7822573403672455
megabyte1,504,15,1.4829192140844887
megabyte1,505,15,1.7827779506240025
megabyte1,506,15,1.753869022569867
megabyte1,507,15,1.9063622864548726
megabyte1,508,15,1.6616482807009914
megabyte1,509,15,2.1912897984879462
megabyte1,510,15,2.177654358117752
megabyte1,511,15,1.782618127505032
megabyte1,512,15,2.0091085316288892
megabyte1,513,15,1.6927520332054167
megabyte1,514,15,1.8426590595721128
megabyte1,515,15,2.0408987251025894
megabyte1,516,15,2.0265285802981956
megabyte1,517,15,1.8865539332260879
megabyte1,518,15,2.209269321759065
megabyte1,519,15,1.811065632895845
megabyte1,520,15,1.7139848675880944
megabyte1,521,15,1.7027608571362696
megabyte1,522,15,1.6655137308797987
megabyte1,523,15,1.7559632388252469
megabyte1,524,15,1.9017906232789774
megabyte1,525,15,1.7238453991988896
megabyte1,526,15,1.6006886023368072
megabyte1,527,15,1.7597919148989816
megabyte1,528,15,1.807583493779755
megabyte1,529,15,1.6838425094417449
megabyte1,530,15,1.938439158046589
megabyte1,531,15,1.8295493439403294
megabyte1,532,15,2.002410627777019
megabyte1,533,15,1.8867202272523935
megabyte1,534,15,2.0078407149223487
megabyte1,535,15,1.832946284249926
megabyte1,536,15,1.864305953447294
megabyte1,537,15,1.8069489155022513
megabyte1,538,15,1.8900917784065152
megabyte1,539,15,2.155603613354003
megabyte1,540,15,1.7771682763718337
megabyte1,541,15,1.9204051356067455
megabyte1,542,15,1.7178441077059903
megabyte1,543,15,1.6897770886539256
megabyte1,544,15,1.8354535232642093
megabyte1,545,15,1.6403315671972691
megabyte1,546,15,1.7662510877604904
megabyte1,547,15,1.9785791417122989
megabyte1,548,15,2.046934362052789
megabyte1,549,15,1.894517229463517
megabyte1,550,15,2.002140570066374
megabyte1,551,15,1.9302788205062043
megabyte1,552,15,1.964928357148857
megabyte1,553,15,1.7809603793526163
megabyte1,554,15,1.7982579475483214
megabyte1,555,15,1.8163146797940517
megabyte1,556,15,1.6377725965716363
megabyte1,557,15,1.5821011349062493
megabyte1,558,15,1.8315093941891833
megabyte1,559,15,2.0316672789583436
megabyte1,560,15,1.9701738600820418
megabyte1,561,15,1.9552750272987645
megabyte1,562,15,2.1011158716060523
megabyte1,563,15,1.9609703419169864
megabyte1,564,15,2.042701926405231
megabyte1,565,15,1.8033018436441102
megabyte1,566,15,1.9178604855367878
megabyte1,567,15,1.7602148632514
megabyte1,568,15,1.7595305881702492
megabyte1,569,15,2.1607321249843987
megabyte1,570,15,1.8354899687887942
megabyte1,571,15,1.9669190355581847
megabyte1,572,15,1.774669202470314
megabyte1,573,15,1.8539895967933484
megabyte1,574,15,2.0683011144131176
megabyte1,575,15,2.0268626108970786
megabyte1,576,15,1.7861137725350233
megabyte1,577,15,1.7265006344815557
megabyte1,578,15,2.106448885181132
megabyte1,579,15,1.7922171502932365
megabyte1,580,15,1.7392778793235124
megabyte1,581,15,1.9135953442123155
megabyte1,582,15,1.8029862104996826
megabyte1,583,15,1.8023496283496456
megabyte1,584,15,1.6148301190745302
megabyte1,585,15,1.7364797699024879
megabyte1,586,15,1.655726005280911
megabyte1,587,15,2.2464348072060476
megabyte1,588,15,1.882404512453433
megabyte1,589,15,1.9918306640303982
megabyte1,590,15,1.9813173053541888
megabyte1,591,15,2.0781018581884285
megabyte1,592,15,1.4913252070654772
megabyte1,593,15,2.0487009770903035
megabyte1,594,15,1.629375919218783
megabyte1,595,15,1.745995301587
megabyte1,596,15,1.8297936802403407
megabyte1,597,15,1.592264779204445
megabyte1,598,15,1.8419688391267703
megabyte1,599,15,1.8992993160123164
megabyte1,600,15,2.1361392092994933
megabyte1,601,15,1.9400829066395648
megabyte1,602,15,1.9292306423159074
megabyte1,603,15,1.799563588275594
megabyte1,604,15,1.95649665583546
megabyte1,605,15,1.8889890932556055
megabyte1,606,15,1.9153344582266896
megabyte1,607,15,1.943532628354464
megabyte1,608,15,1.822265641102773
megabyte1,609,15,1.8317320976158034
megabyte1,610,15,2.1398148208753875
megabyte1,611,15,1.9439285548030698
megabyte1,612,15,1.6567406924158206
megabyte1,613,15,1.4719928613850715
megabyte1,614,15,2.0219368908819133
megabyte1,615,15,2.1113494990796235
megabyte1,616,15,1.8625698994484658
megabyte1,617,15,1.8741250147391393
megabyte1,618,15,1.7427584575299735
megabyte1,619,15,1.9307107760610687
megabyte1,620,15,1.733727234601063
megabyte1,621,15,1.8879688437250755
megabyte1,622,15,1.7089014217967748
megabyte1,623,15,1.8474813389186022
megabyte1,624,15,1.69670138092623
megabyte1,625,15,1.7079534317907417
megabyte1,626,15,1.856613558770225
megabyte1,627,15,1.7767563140473377
megabyte1,628,15,1.7930446037730932
megabyte1,629,15,2.1824198555918026
megabyte1,630,15,1.903872785293568
megabyte1,631,15,1.925747963345845
megabyte1,632,15,1.8249340662103797
megabyte1,633,15,1.91926273611763
megabyte1,634,15,1.8771109245875146
megabyte1,635,15,1.9428287099412187
megabyte1,636,15,1.8467828694375295
megabyte1,637,15,1.8095642011846549
megabyte1,638,15,1.8982459601270143
megabyte1,639,15,2.1656864480963853
megabyte1,640,15,1.6483561117162813
megabyte1,641,15,1.98055076907346
megabyte1,642,15,1.8537050214095754
megabyte1,643,15,1.8116564779206608
megabyte1,644,15,1.8856099108450537
megabyte1,645,15,1.7901242051648911
megabyte1,646,15,1.8608698287087544
megabyte1,647,15,1.843133252757162
megabyte1,648,15,2.0691806523924687
megabyte1,649,15,1.8260013776686357
megabyte1,650,15,1.8660624074768277
megabyte1,651,15,1.7504420892432706
megabyte1,652,15,1.6473238599401507
megabyte1,653,15,2.0245915325177504
megabyte1,654,15,1.9278496191314975
megabyte1,655,15,2.054732376197088
megabyte1,656,15,1.6869624595703194
megabyte1,657,15,1.7215048478571322
megabyte1,658,15,1.647709722308633
megabyte1,659,15,1.9365597233522867
megabyte1,660,15,1.7534955424156988
megabyte1,661,15,2.029181346101619
megabyte1,662,15,1.8310754191681466
megabyte1,663,15,1.7363664761237032
megabyte1,664,15,1.6968020241475095
megabyte1,665,15,1.7864885022630579
megabyte1,666,15,1.7178231262531753
megabyte1,667,15,1.7443462890384822
megabyte1,668,15,1.956603159980193
megabyte1,669,15,1.9316166024533465
megabyte1,670,15,1.8867668756597764
megabyte1,671,15,2.1092973033732627
megabyte1,672,15,1.9959674778437484
megabyte1,673,15,1.7839357465077976
megabyte1,674,15,1.9446318043775317
megabyte1,675,15,1.7828071280528341
megabyte1,676,15,1.7914615990818645
megabyte1,677,15,1.9594570162347833
megabyte1,678,15,1.6677732698441683
megabyte1,679,15,1.7105799565591389
megabyte1,680,15,1.8481655203124159
megabyte1,681,15,1.6584884765361134
megabyte1,682,15,1.6987254071507072
megabyte1,683,15,1.7584367098654277
megabyte1,684,15,1.7549612917044173
megabyte1,685,15,1.7098424789355913
megabyte1,686,15,1.81181929169029
megabyte1,687,15,1.5833180274791978
megabyte1,688,15,1.821397199857462
megabyte1,689,15,1.868355484580352
megabyte1,690,15,1.9908675678938614
megabyte1,691,15,1.8194422146470226
megabyte1,692,15,1.8616806559636208
megabyte1,693,15,1.7740016178548068
megabyte1,694,15,1.7693451722230489
megabyte1,695,15,2.0338218846692695
megabyte1,696,15,1.6913488384901971
megabyte1,697,15,1.7684608568546283
megabyte1,698,15,1.99149699135414
megabyte1,699,15,1.6601690455332125
megabyte1,700,15,1.8015014718560804
megabyte1,701,15,1.8254145834699886
megabyte1,702,15,2.1014102927082616
megabyte1,703,15,1.7857293582651517
megabyte1,704,15,2.151120851697633
megabyte1,705,15,1.6257540283335798
megabyte1,706,15,1.7705675308309268
megabyte1,707,15,1.8708586389559951
megabyte1,708,15,1.7014092606081352
megabyte1,709,15,1.9247555326974826
megabyte1,710,15,1.8903481385303373
megabyte1,711,15,2.061210568890561
megabyte1,712,15,2.0566811311003312
megabyte1,713,15,1.8988443529245276
megabyte1,714,15,1.7735556639817152
megabyte1,715,15,1.9364004540947
megabyte1,716,15,1.6704249220148886
megabyte1,717,15,2.0155810003168946
megabyte1,718,15,1.730997015512873
megabyte1,719,15,1.8877202665139625
megabyte1,720,15,2.2147996453545695
megabyte1,721,15,1.6216252418913966
megabyte1,722,15,1.8192950850523022
megabyte1,723,15,1.8946679985104298
megabyte1,724,15,1.7854023401855286
megabyte1,725,15,1.9662789154008544
megabyte1,726,15,1.7693749629653472
megabyte1,727,15,2.144876641508954
megabyte1,728,15,1.9741037741615217
megabyte1,729,15,2.2722298491526733
megabyte1,730,15,1.9194142291464602
megabyte1,731,15,1.955772596961169
megabyte1,732,15,1.96048498627609
megabyte1,733,15,1.8654823670030878
megabyte1,734,15,1.9141320153132333
megabyte1,735,15,2.196040329687365
megabyte1,736,15,1.9349006071805959
megabyte1,737,15,1.5290783056018726
megabyte1,738,15,1.856456630855679
megabyte1,739,15,1.7258196663954226
megabyte1,740,15,1.8252401001138598
megabyte1,741,15,2.1331058897542667
megabyte1,742,15,2.033591807651178
megabyte1,743,15,1.6972378607947647
megabyte1,744,15,1.8531654360002214
megabyte1,745,15,1.9470025362826293
megabyte1,746,15,1.8581553967982718
megabyte1,747,15,1.8142007493400907
megabyte1,748,15,1.8007486357094729
megabyte1,749,15,1.9116456024818216
megabyte1,750,15,1.8296848079527366
megabyte1,751,15,1.8439851795550082
megabyte1,752,15,1.6092137128721606
megabyte1,753,15,2.014490210622497
megabyte1,754,15,1.668825776711605
megabyte1,755,15,1.993656194164059
megabyte1,756,15,1.7577798974181158
megabyte1,757,15,1.735983317831155
megabyte1,758,15,1.9019549766822668
megabyte1,759,15,1.8763095388716466
megabyte1,760,15,1.7154580850646617
megabyte1,761,15,1.873325046918073
megabyte1,762,15,1.9676694295802304
megabyte1,763,15,1.7927899610037323
megabyte1,764,15,1.80096510203942
megabyte1,765,15,2.0567278871744694
megabyte1,766,15,1.7911532988889718
megabyte1,767,15,1.9318611681625586
megabyte1,768,15,1.9410805391191692
megabyte1,769,15,1.5976402224912283
megabyte1,770,15,2.073393530372425
megabyte1,771,15,2.0732501475536287
megabyte1,772,15,1.901957373618029
megabyte1,773,15,2.184665797567569
megabyte1,774,15,1.864543766108712
megabyte1,775,15,1.8803576613367938
megabyte1,776,15,1.911350916215275
megabyte1,777,15,1.8454624151296022
megabyte1,778,15,1.8432042337271994
megabyte1,779,15,1.8235048616657419
megabyte1,780,15,2.1351258099865165
megabyte1,781,15,1.935612876464938
megabyte1,782,15,1.732618066289953
megabyte1,783,15,1.6786168288188141
megabyte1,784,15,1.8822640096448573
megabyte1,785,15,1.7347527174386108
megabyte1,786,15,1.9155690856452798
megabyte1,787,15,1.759955136555284
megabyte1,788,15,1.6600145813059888
megabyte1,789,15,1.8032533687103334
megabyte1,790,15,1.7454227852821889
megabyte1,791,15,1.8483666529986091
megabyte1,792,15,1.6524299748878828
megabyte1,793,15,1.4953107964183823
megabyte1,794,15,2.0472125023868433
megabyte1,795,15,2.0195878534395395
megabyte1,796,15,1.8592658636568056
megabyte1,797,15,1.8139295777592763
megabyte1,798,15,1.7084138559935722
megabyte1,799,15,1.9432059635212058
megabyte1,800,15,2.201371817082911
megabyte1,801,15,2.090368303450639
megabyte1,802,15,2.028620570335994
megabyte1,803,15,1.8166213417730648
megabyte1,804,15,1.8147133432782856
megabyte1,805,15,1.8371384126339703
megabyte1,806,15,1.951190603771145
megabyte1,807,15,1.6266264312113374
megabyte1,808,15,1.6329224961037303
megabyte1,809,15,1.8830020728716799
megabyte1,810,15,1.7821382947462612
megabyte1,811,15,1.7229389836357667
megabyte1,812,15,2.0573691102456624
megabyte1,813,15,2.1014319867371922
megabyte1,814,15,1.5847397121855697
megabyte1,815,15,1.8116996209034137
megabyte1,816,15,1.9473148867591448
megabyte1,817,15,1.9565190854053576
megabyte1,818,15,2.3068302747744487
megabyte1,819,15,2.079858289118442
megabyte1,820,15,1.876174587301754
megabyte1,821,15,1.9815050629177473
megabyte1,822,15,2.0116914056223774
megabyte1,823,15,1.9156284020965282
megabyte1,824,15,1.8634899603678516
megabyte1,825,15,1.901249265442771
megabyte1,826,15,1.7223073114549143
megabyte1,827,15,2.011717897015182
megabyte1,828,15,1.8233933611964726
megabyte1,829,15,1.7152781010419582
megabyte1,830,15,1.8348398856043249
megabyte1,831,15,1.8923838234963868
megabyte1,832,15,1.917714669463944
megabyte1,833,15,2.215934334217492
megabyte1,834,15,2.0905231434213416
megabyte1,835,15,1.941401455483472
megabyte1,836,15,1.6558244428437239
megabyte1,837,15,2.0722291056044466
megabyte1,838,15,2.191730430558231
megabyte1,839,15,2.1055251167671942
megabyte1,840,15,1.9279123408442735
megabyte1,841,15,1.7524403952149663
megabyte1,842,15,1.9282052595999852
megabyte1,843,15,1.7340850490351654
megabyte1,844,15,1.748763580888221
megabyte1,845,15,1.963693556905471
megabyte1,846,15,2.028345892233425
megabyte1,847,15,1.9490753262902867
megabyte1,848,15,2.00453147620513
megabyte1,849,15,1.673683311834778
megabyte1,850,15,1.6416824262478487
megabyte1,851,15,1.842228162359618
megabyte1,852,15,1.812742540277322
megabyte1,853,15,1.9977514107019423
megabyte1,854,15,1.7309851489477457
megabyte1,855,15,1.9227296062495849
megabyte1,856,15,1.8030033869099895
megabyte1,857,15,1.952214522400482
megabyte1,858,15,1.788040085022653
megabyte1,859,15,1.5394436056625727
megabyte1,860,15,1.777507316814557
megabyte1,861,15,2.0874809812227286
megabyte1,862,15,1.9202020458971663
megabyte1,863,15,1.762643928736126
megabyte1,864,15,1.9555676636629333
megabyte1,865,15,1.7954332963756137
megabyte1,866,15,1.9557777848171838
megabyte1,867,15,2.030757751085419
megabyte1,868,15,2.055605476393516
megabyte1,869,15,1.7807972057731267
megabyte1,870,15,1.9685215934457279
megabyte1,871,15,1.9972114639236653
megabyte1,872,15,1.8591152611874084
megabyte1,873,15,1.9552603543106124
megabyte1,874,15,1.9066256753789241
megabyte1,875,15,1.7959583464062872
megabyte1,876,15,1.7190009787878693
megabyte1,877,15,1.6693406476561676
megabyte1,878,15,1.790033233919016
megabyte1,879,15,1.8520303654565413
megabyte1,880,15,1.976961556084626
megabyte1,881,15,1.8154068240686871
megabyte1,882,15,1.8037888760286833
megabyte1,883,15,1.6248905644233935
megabyte1,884,15,2.1125437032410166
megabyte1,885,15,1.6541171359919995
megabyte1,886,15,1.8561628770975622
megabyte1,887,15,1.9023519939287867
megabyte1,888,15,2.0098204115424774
megabyte1,889,15,1.6702049494592175
megabyte1,890,15,1.5742238255849184
megabyte1,891,15,1.8270982081484324
megabyte1,892,15,1.8173548943735476
megabyte1,893,15,1.7835761322219328
megabyte1,894,15,2.085735477205457
megabyte1,895,15,2.073959062806943
megabyte1,896,15,1.895980805139705
megabyte1,897,15,1.7304464158561574
megabyte1,898,15,1.9377208788747462
megabyte1,899,15,1.9306941551968146
megabyte1,900,15,2.1462177782322596
megabyte1,901,15,1.8361595763200305
megabyte1,902,15,1.8784397130902988
megabyte1,903,15,1.916497562910828
megabyte1,904,15,1.7369732828269229
megabyte1,905,15,1.9012379987954646
megabyte1,906,15,1.8482977931122506
megabyte1,907,15,1.797220860510989
megabyte1,908,15,1.8844104777793582
megabyte1,909,15,1.8523431692525905
megabyte1,910,15,1.8624742038897557
megabyte1,911,15,2.007645257266097
megabyte1,912,15,1.666678595371213
megabyte1,913,15,1.667012425602508
megabyte1,914,15,1.8635967855523063
megabyte1,915,15,1.9112738587330074
megabyte1,916,15,1.7711175268986337
megabyte1,917,15,1.8543501458748743
megabyte1,918,15,2.129453976525479
megabyte1,919,15,1.8956610732189232
megabyte1,920,15,1.8844604707611015
megabyte1,921,15,2.009115271835836
megabyte1,922,15,2.1143598138511215
megabyte1,923,15,1.7869014286582308
megabyte1,924,15,1.8167498848997956
megabyte1,925,15,1.7016800816166877
megabyte1,926,15,1.8249407166430205
megabyte1,927,15,1.9399373547077523
megabyte1,928,15,1.617323565064591
megabyte1,929,15,1.904164872453475
megabyte1,930,15,1.9635295607410925
megabyte1,931,15,1.8488819824887197
megabyte1,932,15,1.883403477746041
megabyte1,933,15,1.7240209770459285
megabyte1,934,15,1.8488707146587366
megabyte1,935,15,1.6593363124345617
megabyte1,936,15,1.7908424559332972
megabyte1,937,15,1.8233837844143113
megabyte1,938,15,1.690151535730852
megabyte1,939,15,1.820162903377983
megabyte1,940,15,2.1064458519649474
megabyte1,941,15,1.5455501972734966
megabyte1,942,15,1.771261019943214
megabyte1,943,15,1.7426027447300891
megabyte1,944,15,1.8210429489166562
megabyte1,945,15,1.8381615225542876
megabyte1,946,15,1.735933631894287
megabyte1,947,15,1.7130182872149426
megabyte1,948,15,1.8964333921381498
megabyte1,949,15,1.7158562985523547
megabyte1,950,15,1.832031894480412
megabyte1,951,15,2.032263355139504
megabyte1,952,15,1.8511251656458412
megabyte1,953,15,1.7346288037704496
megabyte1,954,15,1.8006644027681276
megabyte1,955,15,1.6243548444056188
megabyte1,956,15,1.8541742664986052
megabyte1,957,15,1.7890719613455655
megabyte1,958,15,1.7568939301967497
megabyte1,959,15,1.6872605694938179
megabyte1,960,14,1.9130843455352993
megabyte1,961,14,1.980455848885134
megabyte1,962,14,2.0282439074773007
megabyte1,963,14,1.8951406775036592
megabyte1,964,14,1.9281145312342756
megabyte1,965,14,1.780011064052871
megabyte1,966,14,1.9086052857105404
megabyte1,967,14,1.7731242644298804
megabyte1,968,14,1.9439551277130247
megabyte1,969,14,1.7890138498768668
megabyte1,970,14,1.9023047753364002
megabyte1,971,14,1.894861777944253
megabyte1,972,14,1.991281560078125
megabyte1,973,14,1.9084352833637321
megabyte1,974,14,1.6648757702549504
megabyte1,975,14,2.049742366896297
megabyte1,976,14,1.7226348341836935
megabyte1,977,14,1.6544694660646928
megabyte1,978,14,2.003433904067109
megabyte1,979,14,1.5723841507221046
megabyte1,980,14,1.8978104709789698
megabyte1,981,14,1.8127896019071348
megabyte1,982,14,1.8668915249330045
megabyte1,983,14,1.810611516728152
megabyte1,984,14,1.893936545092164
megabyte1,985,14,2.053051100787891
megabyte1,986,14,1.910959475047213
megabyte1,987,14,1.791546838575885
megabyte1,988,14,1.8198088187586852
megabyte1,989,14,1.879311210400138
megabyte1,990,14,1.7090985410836854
megabyte1,991,14,1.8307956531936185
megabyte1,992,14,1.770313321417842
megabyte1,993,14,1.7681715250490144
megabyte1,994,14,1.6522164764752634
megabyte1,995,14,1.6895793293857058
megabyte1,996,14,1.8173267371531434
megabyte1,997,14,1.7697197584068556
megabyte1,998,14,1.6151924162034492
megabyte1,999,14,1.8670850465234554
megabyte1,1000,14,1.874483005797952
megabyte1,1001,14,1.9764808873207211
megabyte1,1002,14,1.5863301911614145
megabyte1,1003,14,1.7660738161171605
megabyte1,1004,14,2.1954297141967687
megabyte1,1005,14,2.0917501775610843
megabyte1,1006,14,1.723340416226702
megabyte1,1007,14,2.177611144915285
megabyte1,1008,14,1.6661657361891975
megabyte1,1009,14,1.7302207910372662
megabyte1,1010,14,1.9841933987909635
megabyte1,1011,14,1.7148509752053411
megabyte1,1012,14,2.0537688427982275
megabyte1,1013,14,2.0752469549282657
megabyte1,1014,14,2.0217391624663335
megabyte1,1015,14,1.6046200024159822
megabyte1,1016,14,1.8920603366401347
megabyte1,1017,14,1.9111004940349623
megabyte1,1018,14,1.7186849466491598
megabyte1,1019,14,1.8883373283089948
megabyte1,1020,14,1.7281350888782896
megabyte1,1021,14,1.776196011420589
megabyte1,1022,14,1.8930446129419207
megabyte1,1023,14,1.8890727167682777
megabyte1,1024,14,1.9787221217434632
megabyte1,1025,14,1.865045927200434
megabyte1,1026,14,1.761914182691586
megabyte1,1027,14,1.9258059619429386
megabyte1,1028,14,1.7867294050844047
megabyte1,1029,14,1.6107640278319766
megabyte1,1030,14,1.772048748749405
megabyte1,1031,14,1.8012390999334436
megabyte1,1032,14,1.8601000715825806
megabyte1,1033,14,1.7987962237620931
megabyte1,1034,14,1.9628246055188108
megabyte1,1035,14,1.8319167137836756
megabyte1,1036,14,1.9394354697393237
megabyte1,1037,14,1.9280503886727023
megabyte1,1038,14,1.5274408829103296
megabyte1,1039,14,1.82210179137962
megabyte1,1040,14,1.8340204548053012
megabyte1,1041,14,1.6901994948681
megabyte1,1042,14,1.866824356929148
megabyte1,1043,14,1.678924858592693
megabyte1,1044,14,1.5280484960583538
megabyte1,1045,14,1.6530000413459602
megabyte1,1046,14,1.8801829615353758
megabyte1,1047,14,1.8974595779118695
megabyte1,1048,14,1.940920462177127
megabyte1,1049,14,1.7810599336977333
megabyte1,1050,14,1.5935326890255868
megabyte1,1051,14,1.8430634610131718
megabyte1,1052,14,1.7975046859311872
megabyte1,1053,14,1.727547459872407
megabyte1,1054,14,1.9448068511591434
megabyte1,1055,14,1.5315014696989668
megabyte1,1056,14,1.6249885194016556
megabyte1,1057,14,2.1496045009240263
megabyte1,1058,14,1.989396995715238
megabyte1,1059,14,1.698259877996825
megabyte1,1060,14,1.589332211875186
megabyte1,1061,14,2.049830647381206
megabyte1,1062,14,1.7815744540021616
megabyte1,1063,14,1.9660532697534563
megabyte1,1064,14,1.8066141982786303
megabyte1,1065,14,2.195878622746959
megabyte1,1066,14,1.7477237701511628
megabyte1,1067,14,1.9074630327283855
megabyte1,1068,14,1.570125278554688
megabyte1,1069,14,1.8257088792991958
megabyte1,1070,14,1.9059899200018506
megabyte1,1071,14,1.9599273928810963
megabyte1,1072,14,1.8728387283231047
megabyte1,1073,14,1.9194506031846699
megabyte1,1074,14,1.8449811776315106
megabyte1,1075,14,2.160279770639274
megabyte1,1076,14,1.8568694865065898
megabyte1,1077,14,1.695985303972476
megabyte1,1078,14,1.9851868076635752
megabyte1,1079,14,1.837668586508219
megabyte1,1080,14,1.8945050573740543
megabyte1,1081,14,1.8092886943264166
megabyte1,1082,14,1.7171768574502948
megabyte1,1083,14,1.747410665328847
megabyte1,1084,14,1.9420327257407515
megabyte1,1085,14,1.7911849348848905
megabyte1,1086,14,1.6744698415584653
megabyte1,1087,14,2.028251330786124
megabyte1,1088,14,1.6208196947696618
megabyte1,1089,14,1.7613254422598514
megabyte1,1090,14,1.794400741648914
megabyte1,1091,14,1.7678799091293893
megabyte1,1092,14,1.9899696553135349
megabyte1,1093,14,1.913269426168455
megabyte1,1094,14,2.072198611172728
megabyte1,1095,14,2.081874419597837
megabyte1,1096,14,1.8178408213520838
megabyte1,1097,14,1.5713724916330587
megabyte1,1098,14,2.061689658191456
megabyte1,1099,14,1.8975992764982548
megabyte1,1100,14,1.9777624392110802
megabyte1,1101,14,1.963918272785375
megabyte1,1102,14,1.7503657927877578
megabyte1,1103,14,1.5725077666218434
megabyte1,1104,14,1.7835461930842207
megabyte1,1105,14,1.9260533976466097
megabyte1,1106,14,1.8720070830042126
megabyte1,1107,14,1.7460031155868774
megabyte1,1108,14,1.9538030778354931
megabyte1,1109,14,1.6695996312218433
megabyte1,1110,14,1.7476534168713858
megabyte1,1111,14,1.982310414202487
megabyte1,1112,14,1.7999941954471594
megabyte1,1113,14,2.1791932890266117
megabyte1,1114,14,1.9220490274143813
megabyte1,1115,14,1.9822716217762582
megabyte1,1116,14,1.8620997498665275
megabyte1,1117,14,1.921086868936847
megabyte1,1118,14,1.6348300788990022
megabyte1,1119,14,1.657199953055392
megabyte1,1120,14,1.8335179014096596
megabyte1,1121,14,1.773314760468698
megabyte1,1122,14,1.7232874202977582
megabyte1,1123,14,1.9217776829727506
megabyte1,1124,14,2.0537564513811852
megabyte1,1125,14,1.7443584486012
megabyte1,1126,14,1.5970859956627261
megabyte1,1127,14,1.9341427032275131
megabyte1,1128,14,1.4449611369308293
megabyte1,1129,14,1.894150295098996
megabyte1,1130,14,1.6544225164064663
megabyte1,1131,14,1.8661792684615648
megabyte1,1132,14,1.5381654022775602
megabyte1,1133,14,1.735258411968775
megabyte1,1134,14,1.8722798276146337
megabyte1,1135,14,1.6840810976442295
megabyte1,1136,14,1.8136527712807706
megabyte1,1137,14,1.9455724485442754
megabyte1,1138,14,1.6329620943497516
megabyte1,1139,14,2.1830641387277145
megabyte1,1140,14,1.7264453233903425
megabyte1,1141,14,1.9757552357366932
megabyte1,1142,14,2.0037370282546156
megabyte1,1143,14,1.857878832104484
megabyte1,1144,14,1.906743576547236
megabyte1,1145,14,1.9740078535772625
megabyte1,1146,14,1.8545335268780683
megabyte1,1147,14,1.6752666281607904
megabyte1,1148,14,1.9963249924427957
megabyte1,1149,14,2.1271578572158374
megabyte1,1150,14,1.9556900815377884
megabyte1,1151,14,1.7066405263858493
megabyte1,1152,14,1.541678036967273
megabyte1,1153,14,1.9076307860078803
megabyte1,1154,14,1.8790090142875282
megabyte1,1155,14,1.6529878065135026
megabyte1,1156,14,1.913544716828789
megabyte1,1157,14,1.6040455024492186
megabyte1,1158,14,1.8475836416610716
megabyte1,1159,14,1.9358864296828684
megabyte1,1160,14,2.0666926636460428
megabyte1,1161,14,2.1159202531211125
megabyte1,1162,14,1.7600701228603859
megabyte1,1163,14,1.9691901187376604
megabyte1,1164,14,2.010933001302733
megabyte1,1165,14,1.938421107705126
megabyte1,1166,14,1.984160093420046
megabyte1,1167,14,1.8611684372925477
megabyte1,1168,14,1.6019669177474065
megabyte1,1169,14,1.8241819486091464
megabyte1,1170,14,1.809478143932978
megabyte1,1171,14,2.0248754807640483
megabyte1,1172,14,1.7884307127639438
megabyte1,1173,14,2.040715940991222
megabyte1,1174,14,2.171649415531369
megabyte1,1175,14,1.9563233363437276
megabyte1,1176,14,1.9984479702413267
megabyte1,1177,14,2.6059743438580893
megabyte1,1178,14,2.000196665937916
megabyte1,1179,14,1.9579700357742278
megabyte1,1180,14,1.9315878376599358
megabyte1,1181,14,1.9366029274522192
megabyte1,1182,14,1.8746264839355178
megabyte1,1183,14,1.7729420355308105
megabyte1,1184,14,1.6127198545537422
megabyte1,1185,14,1.6150686275644317
megabyte1,1186,14,1.7576467993756026
megabyte1,1187,14,1.5433164378006523
megabyte1,1188,14,1.7577851486306244
megabyte1,1189,14,1.7298653062694267
megabyte1,1190,14,2.0313298797909
megabyte1,1191,14,1.8883444937645346
megabyte1,1192,14,1.8785691630104862
megabyte1,1193,14,1.9559730895441938
megabyte1,1194,14,1.7697589965306708
megabyte1,1195,14,1.9500869072642275
megabyte1,1196,14,1.781947242194929
megabyte1,1197,14,1.9893972119470351
megabyte1,1198,14,1.9276056282847216
megabyte1,1199,14,1.6902142102385425
megabyte1,1200,14,1.8138233174143512
megabyte1,1201,14,1.8669135212981784
megabyte1,1202,14,1.8182609674746115
megabyte1,1203,14,1.8999074123946347
megabyte1,1204,14,1.8877012122624282
megabyte1,1205,14,1.7387902437681841
megabyte1,1206,14,1.855875129917885
megabyte1,1207,14,1.997793289552163
megabyte1,1208,14,1.905126895429276
megabyte1,1209,14,1.550615437063366
megabyte1,1210,14,1.884359105431183
megabyte1,1211,14,1.7546582577945173
megabyte1,1212,14,1.7569885951253015
megabyte1,1213,14,1.6892142803169325
megabyte1,1214,14,1.6076166394367148
megabyte1,1215,14,1.8838000852766388
megabyte1,1216,14,1.8295126463604225
megabyte1,1217,14,1.6325337612785955
megabyte1,1218,14,1.6303665319052236
megabyte1,1219,14,1.7970079935642498
megabyte1,1220,14,2.1835879159740363
megabyte1,1221,14,1.68270425644514
megabyte1,1222,14,1.697234713177419
megabyte1,1223,14,2.232227179185201
megabyte1,1224,14,1.7536637415774459
megabyte1,1225,14,1.8951192410909654
megabyte1,1226,14,1.548394951825816
megabyte1,1227,14,1.93970761406847
megabyte1,1228,14,1.736050929666608
megabyte1,1229,14,2.0496870569175765
megabyte1,1230,14,1.6899206705229073
megabyte1,1231,14,1.9590644858023178
megabyte1,1232,14,1.7593167105191554
megabyte1,1233,14,1.7226070220996674
megabyte1,1234,14,1.7473149121988336
megabyte1,1235,14,1.9202836331663788
megabyte1,1236,14,1.8041509029062996
megabyte1,1237,14,1.7885762399650649
megabyte1,1238,14,1.6663990639509987
megabyte1,1239,14,1.7080332885277283
megabyte1,1240,14,1.945710521381536
megabyte1,1241,14,1.8351197463189006
megabyte1,1242,14,1.7886941915829329
megabyte1,1243,14,1.7078900174009797
megabyte1,1244,14,1.7513226839743965
megabyte1,1245,14,2.213623513656379
megabyte1,1246,14,1.6830540097501523
megabyte1,1247,14,1.7226744153116769
megabyte1,1248,14,1.851123364885888
megabyte1,1249,14,2.0005705879616147
megabyte1,1250,14,1.7578516961802784
megabyte1,1251,14,1.6695328749161167
megabyte1,1252,14,1.9162426933589267
megabyte1,1253,14,1.9384249193862098
megabyte1,1254,14,1.824782637535981
megabyte1,1255,14,1.7953851009549644
megabyte1,1256,14,1.757352532155848
megabyte1,1257,14,1.695170262991626
megabyte1,1258,14,1.8389943787930125
megabyte1,1259,14,1.6605092379321673
megabyte1,1260,14,1.6959583156294527
megabyte1,1261,14,1.8615799423719308
megabyte1,1262,14,1.8982066566357538
megabyte1,1263,14,1.85024602283536
megabyte1,1264,14,1.9289943758745356
megabyte1,1265,14,1.780984172975511
megabyte1,1266,14,1.626763963720262
megabyte1,1267,14,1.655354080967112
megabyte1,1268,14,2.169109045851825
megabyte1,1269,14,1.787395285052891
megabyte1,1270,14,1.6544819868600746
megabyte1,1271,14,2.2540365542731418
megabyte1,1272,14,1.865480926655988
megabyte1,1273,14,1.801509520011144
megabyte1,1274,14,1.899029775116969
megabyte1,1275,14,1.3904511315620955
megabyte1,1276,14,1.7385135091339639
megabyte1,1277,14,1.641180221863206
megabyte1,1278,14,1.4851609690597296
megabyte1,1279,14,1.7843287922913296
megabyte1,1280,14,2.08997847423028
megabyte1,1281,14,2.0046985219487
megabyte1,1282,14,1.6394953771060976
megabyte1,1283,14,1.667050634295223
megabyte1,1284,14,1.977467964567848
megabyte1,1285,14,1.929125217167515
megabyte1,1286,14,1.6177032751499936
megabyte1,1287,14,1.7838592678622813
megabyte1,1288,14,1.7558168850248006
megabyte1,1289,14,1.7816287468323646
megabyte1,1290,14,2.0441719615804055
megabyte1,1291,14,1.6569221502432836
megabyte1,1292,14,1.9257095940801128
megabyte1,1293,14,1.894854781942996
megabyte1,1294,14,1.762862300279835
megabyte1,1295,14,1.997887855770122
megabyte1,1296,14,1.6741259641991044
megabyte1,1297,14,1.8368756932143682
megabyte1,1298,14,1.8681541147600451
megabyte1,1299,14,1.7660179415770487
megabyte1,1300,14,2.127491711156333
megabyte1,1301,14,1.8555617454566828
megabyte1,1302,14,1.6525190119959314
megabyte1,1303,14,1.59558608446186
megabyte1,1304,14,1.8098758122080676
megabyte1,1305,14,1.6813759486947923
megabyte1,1306,14,1.8990451951416187
megabyte1,1307,14,2.1010961047458063
megabyte1,1308,14,1.8251278517146965
megabyte1,1309,14,1.8903093474066919
megabyte1,1310,14,1.9282687467117583
megabyte1,1311,14,1.7464079743460437
megabyte1,1312,14,1.8208116012025108
megabyte1,1313,14,1.9344867477847292
megabyte1,1314,14,1.7474515104385784
megabyte1,1315,14,2.066343236823602
megabyte1,1316,14,1.7447072086862574
megabyte1,1317,14,1.8238616584865757
megabyte1,1318,14,1.9155628836877927
megabyte1,1319,14,1.8965659306164409
megabyte1,1320,14,1.7632001237013915
megabyte1,1321,14,2.0049599064632355
megabyte1,1322,14,2.1850338421021815
megabyte1,1323,14,2.1289749749398714
megabyte1,1324,14,1.7357047082306571
megabyte1,1325,14,2.0433208262667395
megabyte1,1326,14,1.751489228896896
megabyte1,1327,14,2.0522962648440743
megabyte1,1328,14,1.9317508863477926
megabyte1,1329,14,1.9788167074652594
megabyte1,1330,14,2.045302081658928
megabyte1,1331,14,1.4629926416860055
megabyte1,1332,14,1.8380780735735378
megabyte1,1333,14,2.094293793243046
megabyte1,1334,14,1.6472542718744496
megabyte1,1335,14,1.6975124731459936
megabyte1,1336,14,1.8849874656064485
megabyte1,1337,14,1.9631497444872466
megabyte1,1338,14,1.5928757272562923
megabyte1,1339,14,1.5238221494693482
megabyte1,1340,14,1.80188096603022
megabyte1,1341,14,1.8316580053328766
megabyte1,1342,14,1.5786019855214597
megabyte1,1343,14,2.0054456485613232
megabyte1,1344,14,2.0097456784602232
megabyte1,1345,14,1.9504121919289779
megabyte1,1346,14,1.776367347823659
megabyte1,1347,14,1.8361638731009389
megabyte1,1348,14,1.8383060955240285
megabyte1,1349,14,1.7344954098551295
megabyte1,1350,14,2.111836709371534
megabyte1,1351,14,1.8124437530134565
megabyte1,1352,14,1.9368518954136869
megabyte1,1353,14,1.7662331658723915
megabyte1,1354,14,1.9662735973484604
megabyte1,1355,14,1.6867403124948936
megabyte1,1356,14,1.9332095833841882
megabyte1,1357,14,1.832525767231966
megabyte1,1358,14,1.629945242744176
megabyte1,1359,14,1.7028698388123271
megabyte1,1360,14,1.8459381546644669
megabyte1,1361,14,1.8549106501501025
megabyte1,1362,14,1.8413763354631327
megabyte1,1363,14,1.7776971378443458
megabyte1,1364,14,1.7910466670830723
megabyte1,1365,14,2.1279759830412144
megabyte1,1366,14,1.6704381200134732
megabyte1,1367,14,2.038293173797837
megabyte1,1368,14,2.1457476169136096
megabyte1,1369,14,1.7002204331608524
megabyte1,1370,14,1.9456618769393057
megabyte1,1371,14,1.7795576931466925
megabyte1,1372,14,2.222335061539312
megabyte1,1373,14,1.8170396172426098
megabyte1,1374,14,1.8627209286741413
megabyte1,1375,14,1.9126497537072953
megabyte1,1376,14,1.8477997047565033
megabyte1,1377,14,1.623692836215918
megabyte1,1378,14,2.135741447160809
megabyte1,1379,14,1.8059177753599502
megabyte1,1380,14,1.5994919306319981
megabyte1,1381,14,1.9919568763574997
megabyte1,1382,14,1.7173609110539902
megabyte1,1383,14,1.7862634992647537
megabyte1,1384,14,1.8205213414701704
megabyte1,1385,14,1.7895661051930603
megabyte1,1386,14,1.7295900322509126
megabyte1,1387,14,2.0950617925246853
megabyte1,1388,14,1.8292955146154841
megabyte1,1389,14,1.842583569924225
megabyte1,1390,14,1.8230901833941184
megabyte1,1391,14,2.007191336488881
megabyte1,1392,14,1.9459741947239135
megabyte1,1393,14,1.9196942342296546
megabyte1,1394,14,2.09674205034583
megabyte1,1395,14,1.9810526844124368
megabyte1,1396,14,1.7136229238721195
megabyte1,1397,14,1.9321801326406511
megabyte1,1398,14,1.8228809340171053
megabyte1,1399,14,1.9630518249598585
megabyte1,1400,14,1.8136197571230996
megabyte1,1401,14,1.7287922965573672
megabyte1,1402,14,1.8044774257700618
megabyte1,1403,14,1.9808127446895392
megabyte1,1404,14,1.776695655186064
megabyte1,1405,14,1.94268955646649
megabyte1,1406,14,1.9408851149812016
megabyte1,1407,14,1.8095005567697289
megabyte1,1408,14,1.821571188919025
megabyte1,1409,14,2.0839214458818893
megabyte1,1410,14,1.7935574533908647
megabyte1,1411,14,1.929391601890074
megabyte1,1412,14,2.436842691889566
megabyte1,1413,14,1.800906332112145
megabyte1,1414,14,1.8662498062848882
megabyte1,1415,14,2.071932327833404
megabyte1,1416,14,1.8186373503492559
megabyte1,1417,14,1.8962615918631802
megabyte1,1418,14,1.875111356547421
megabyte1,1419,14,1.5185635955953398
megabyte1,1420,14,1.9758329848823133
megabyte1,1421,14,2.142983989767232
megabyte1,1422,14,1.916349913592011
megabyte1,1423,14,1.8035441627520528
megabyte1,1424,14,1.8405598727324417
megabyte1,1425,14,2.10499037129245
megabyte1,1426,14,1.8634678488265612
megabyte1,1427,14,1.871328090073807
megabyte1,1428,14,1.8136960639447792
megabyte1,1429,14,1.9931971031109845
megabyte1,1430,14,1.8335064709682665
megabyte1,1431,14,1.7993176661953734
megabyte1,1432,14,1.917707967864739
megabyte1,1433,14,1.7245744399826644
megabyte1,1434,14,1.9843654643331816
megabyte1,1435,14,1.8131647886700775
megabyte1,1436,14,1.5646605161233533
megabyte1,1437,14,1.8023144928893438
megabyte1,1438,14,2.03440533109907
megabyte1,1439,14,1.9066346491387307
megabyte1,1440,14,1.7297776356293053
megabyte1,1441,14,1.9680630817898856
megabyte1,1442,14,1.7148060849773217
megabyte1,1443,14,1.8265585964155002
megabyte1,1444,14,1.978622505988248
megabyte1,1445,14,1.9331196741678376
megabyte1,1446,14,1.8904829650028052
megabyte1,1447,14,1.7386627786734643
megabyte1,1448,14,1.643959082395884
megabyte1,1449,14,1.9503944251453678
megabyte1,1450,14,2.147966278012795
megabyte1,1451,14,2.119007581395281
megabyte1,1452,14,1.8610758958449547
megabyte1,1453,14,2.0077500939705875
megabyte1,1454,14,2.0093133132567664
megabyte1,1455,14,2.074836688249064
megabyte1,1456,14,1.9448572393144177
megabyte1,1457,14,1.9282751847487805
megabyte1,1458,14,1.6709632683001245
megabyte1,1459,14,2.003923415428507
megabyte1,1460,14,1.8761114823180416
megabyte1,1461,14,1.9889831618521756
megabyte1,1462,14,1.6208833683953519
megabyte1,1463,14,1.7175196541603985
megabyte1,1464,14,1.9965771379216777
megabyte1,1465,14,1.9352367735726486
megabyte1,1466,14,1.8855610491551213
megabyte1,1467,14,1.6195892899898898
megabyte1,1468,14,1.713198156783679
megabyte1,1469,14,1.8093116372338627
megabyte1,1470,14,1.9593730721489937
megabyte1,1471,14,2.0982968826222206
megabyte1,1472,14,2.3459197662422575
megabyte1,1473,14,1.7946049161539952
megabyte1,1474,14,1.728281806718081
megabyte1,1475,14,1.9852828381653924
megabyte1,1476,14,1.790091189800447
megabyte1,1477,14,1.7017972187174648
megabyte1,1478,14,1.7926946067231142
megabyte1,1479,14,1.693421653409192
megabyte1,1480,14,1.9361485587782887
megabyte1,1481,14,1.7383668847759457
megabyte1,1482,14,1.8617414689564022
megabyte1,1483,14,1.924173809677324
megabyte1,1484,14,1.8070951156955033
megabyte1,1485,14,1.7165623329236277
megabyte1,1486,14,1.8074466776202998
megabyte1,1487,14,1.8721047662319847
megabyte1,1488,14,2.045742292557347
megabyte1,1489,14,2.002230055033011
megabyte1,1490,14,2.0257266049062905
megabyte1,1491,14,1.959383624423364
megabyte1,1492,14,1.908565892886509
megabyte1,1493,14,1.791131743460662
megabyte1,1494,14,1.746357417928473
megabyte1,1495,14,1.7574846838408373
megabyte1,1496,14,1.744642087034098
megabyte1,1497,14,1.9474851904032684
megabyte1,1498,14,2.0454597452500423
megabyte1,1499,14,1.8605538647578843
megabyte1,1500,14,1.783462993724679
megabyte1,1501,14,2.0014946631432267
megabyte1,1502,14,1.7327887645948201
megabyte1,1503,14,1.7609904442733098
megabyte1,1504,14,2.0566835471743685
megabyte1,1505,14,1.9513217740009157
megabyte1,1506,14,1.924241466089079
megabyte1,1507,14,1.8217115075527508
megabyte1,1508,14,1.7271137572692796
megabyte1,1509,14,1.9602701817392643
megabyte1,1510,14,1.666585131698161
megabyte1,1511,14,2.1318047910999303
megabyte1,1512,14,1.6078836334130897
megabyte1,1513,14,1.9717671756375192
megabyte1,1514,14,1.656906552991273
megabyte1,1515,14,1.8919320250200389
megabyte1,1516,14,1.7565364738953504
megabyte1,1517,14,1.855176906817705
megabyte1,1518,14,2.116834565863862
megabyte1,1519,14,1.8072192617818927
megabyte1,1520,14,1.8601987284490547
megabyte1,1521,14,2.0326149327795227
megabyte1,1522,14,1.837099078054108
megabyte1,1523,14,1.828501090274805
megabyte1,1524,14,1.836854329580968
megabyte1,1525,14,2.037173619486718
megabyte1,1526,14,1.8258654569003625
megabyte1,1527,14,1.7666588944244417
megabyte1,1528,14,1.7408532840618736
megabyte1,1529,14,1.6448496587759591
megabyte1,1530,14,1.93756995943133
megabyte1,1531,14,2.0220364415309877
megabyte1,1532,14,1.8757555017367993
megabyte1,1533,14,1.7909473134123104
megabyte1,1534,14,1.9032413931895367
megabyte1,1535,14,1.8635322016720308
megabyte1,1536,14,2.338396757606014
megabyte1,1537,14,2.094766548430017
megabyte1,1538,14,1.953209283170463
megabyte1,1539,14,1.9479511564118819
megabyte1,1540,14,1.9230582602834103
megabyte1,1541,14,1.9200841764175571
megabyte1,1542,14,1.9092883909333147
megabyte1,1543,14,1.6207293640174576
megabyte1,1544,14,1.9006255640665721
megabyte1,1545,14,1.8406562402877742
megabyte1,1546,14,1.9222419185075554
megabyte1,1547,14,1.8678553139475371
megabyte1,1548,14,1.989617181446241
megabyte1,1549,14,1.99450973649544
megabyte1,1550,14,1.9000507636231254
megabyte1,1551,14,1.7183133957920922
megabyte1,1552,14,2.1561128597512105
megabyte1,1553,14,1.6297210558986894
megabyte1,1554,14,1.81244865875976
megabyte1,1555,14,1.8134772005064441
megabyte1,1556,14,2.0597829539427037
megabyte1,1557,14,1.7663805443682576
megabyte1,1558,14,1.756864295105863
megabyte1,1559,14,1.9560928053841884
megabyte1,1560,14,1.9036643240125493
megabyte1,1561,14,1.850316685752643
megabyte1,1562,14,1.9421491492322753
megabyte1,1563,14,1.7669803627045513
megabyte1,1564,14,1.8461976682116206
megabyte1,1565,14,2.1197786715391636
megabyte1,1566,14,1.8838831081297471
megabyte1,1567,14,2.313852419190573
megabyte1,1568,14,1.6779824080510566
megabyte1,1569,14,1.9524412828056321
megabyte1,1570,14,1.6800624929764554
megabyte1,1571,14,1.6598669076226213
megabyte1,1572,14,1.8834675700505887
megabyte1,1573,14,1.8567213404500629
megabyte1,1574,14,1.8755816234578213
megabyte1,1575,14,1.903548952243521
megabyte1,1576,14,1.7133917686100262
megabyte1,1577,14,1.8073327553812653
megabyte1,1578,14,1.9351086080703932
megabyte1,1579,14,1.9046142831938833
megabyte1,1580,14,1.8972761338531139
megabyte1,1581,14,1.5361919182286272
megabyte1,1582,14,1.705797358781169
megabyte1,1583,14,1.6066177133959711
megabyte1,1584,14,1.9779842343713092
megabyte1,1585,14,1.853955973584924
megabyte1,1586,14,1.6651919035167755
megabyte1,1587,14,1.672921329216493
megabyte1,1588,14,1.9240613182092
megabyte1,1589,14,1.6944049363418132
megabyte1,1590,14,1.8923882336148539
megabyte1,1591,14,1.7671978699313229
megabyte1,1592,14,1.8155433144107795
megabyte1,1593,14,1.7950571331396838
megabyte1,1594,14,1.8518887954301693
megabyte1,1595,14,2.214794590022331
megabyte1,1596,14,1.8579380599758095
megabyte1,1597,14,2.0279934255925816
megabyte1,1598,14,2.2792813389241746
megabyte1,1599,14,2.179413024588697
megabyte1,1600,14,1.9307206882697296
megabyte1,1601,14,1.8517828209779152
megabyte1,1602,14,1.9737808866753006
megabyte1,1603,14,2.2162657128604843
megabyte1,1604,14,1.751882059493026
megabyte1,1605,14,1.9123239171947575
megabyte1,1606,14,2.134952114553986
megabyte1,1607,14,1.9321002599264634
megabyte1,1608,14,1.727269495559277
megabyte1,1609,14,1.6843978449801817
megabyte1,1610,14,1.8541757836550936
megabyte1,1611,14,2.0310268084861347
megabyte1,1612,14,1.7266081629251493
megabyte1,1613,14,1.9117444835013992
megabyte1,1614,14,2.023641458298403
megabyte1,1615,14,1.7479965453106732
megabyte1,1616,14,1.971634222801993
megabyte1,1617,14,1.7880359092316591
megabyte1,1618,14,1.7217497143923999
megabyte1,1619,14,2.002953234842205
megabyte1,1620,14,1.7877069754359651
megabyte1,1621,14,1.7631058247325524
megabyte1,1622,14,1.7921469044999487
megabyte1,1623,14,2.1107233203071574
megabyte1,1624,14,2.03733022375345
megabyte1,1625,14,1.9476906553438236
megabyte1,1626,14,1.7349110608995206
megabyte1,1627,14,1.7309700725523516
megabyte1,1628,14,2.135369020109716
megabyte1,1629,14,1.7743078649108117
megabyte1,1630,14,1.56443177636157
megabyte1,1631,14,1.6245545004677524
megabyte1,1632,14,1.7151606195357252
megabyte1,1633,14,1.828310670310088
megabyte1,1634,14,1.7008718868747457
megabyte1,1635,14,1.8269508814683484
megabyte1,1636,14,1.6528393907108252
megabyte1,1637,14,1.909131575654717
megabyte1,1638,14,1.8861017106529103
megabyte1,1639,14,1.95343133313494
megabyte1,1640,14,2.2225959455282216
megabyte1,1641,14,1.8321226794099155
megabyte1,1642,14,1.8157073941363921
megabyte1,1643,14,1.710276031158682
megabyte1,1644,14,2.081211409700333
megabyte1,1645,14,1.8508161798200773
megabyte1,1646,14,1.6963964013179627
megabyte1,1647,14,2.1017815252742644
megabyte1,1648,14,1.7718987134621538
megabyte1,1649,14,1.83694316712297
megabyte1,1650,14,1.9929670559933872
megabyte1,1651,14,1.4992490367197642
megabyte1,1652,14,2.080420296157388
megabyte1,1653,14,2.0561809556694253
megabyte1,1654,14,1.6022804136789828
megabyte1,1655,14,1.874431893437831
megabyte1,1656,14,1.5367032225082184
megabyte1,1657,14,1.680546610447063
megabyte1,1658,14,1.5889440567524669
megabyte1,1659,14,2.1085590692454748
megabyte1,1660,14,2.0552188018860913
megabyte1,1661,14,1.6010348699868817
megabyte1,1662,14,2.01827513918145
megabyte1,1663,14,1.5719705711622485
megabyte1,1664,14,1.8204241234523988
megabyte1,1665,14,1.9789720780709454
megabyte1,1666,14,1.6289669829223163
megabyte1,1667,14,1.4659199630400277
megabyte1,1668,14,1.7816190915710226
megabyte1,1669,14,1.929852892305049
megabyte1,1670,14,1.780421136265271
megabyte1,1671,14,1.7048059587432078
megabyte1,1672,14,1.6987126850895267
megabyte1,1673,14,1.8267043913971475
megabyte1,1674,14,1.790135375129996
megabyte1,1675,14,1.442553299703255
megabyte1,1676,14,1.9190572961872572
megabyte1,1677,14,1.486270539959147
megabyte1,1678,14,1.8043235536516509
megabyte1,1679,14,1.8451581964202948
megabyte1,1680,14,2.090949381135835
megabyte1,1681,14,2.066324259002488
megabyte1,1682,14,1.7829051400848073
megabyte1,1683,14,2.0484011805375757
megabyte1,1684,14,1.7820465990822318
megabyte1,1685,14,1.7476132055105784
megabyte1,1686,14,1.8206451247954198
megabyte1,1687,14,1.8897895320548745
megabyte1,1688,14,1.5969132240499546
megabyte1,1689,14,1.934403686016926
megabyte1,1690,14,1.6513417802718564
megabyte1,1691,14,1.6812324604281204
megabyte1,1692,14,2.04585300701214
megabyte1,1693,14,1.853494617885303
megabyte1,1694,14,1.8225618948192388
megabyte1,1695,14,1.6660247905535706
megabyte1,1696,14,2.007657231731417
megabyte1,1697,14,1.7702404116904813
megabyte1,1698,14,1.8004343952622464
megabyte1,1699,14,1.899190965342139
megabyte1,1700,14,1.8681706064549624
megabyte1,1701,14,1.8454597049566848
megabyte1,1702,14,1.910133751849393
megabyte1,1703,14,1.8190350013749403
megabyte1,1704,14,1.8844636270237436
megabyte1,1705,14,1.6296949505805318
megabyte1,1706,14,1.9483086542970258
megabyte1,1707,14,2.1679608198375164
megabyte1,1708,14,1.989750008277239
megabyte1,1709,14,1.7396267319063132
megabyte1,1710,14,1.9233163309017502
megabyte1,1711,14,1.9830377721061756
megabyte1,1712,14,2.188072647400108
megabyte1,1713,14,1.8815834614774372
megabyte1,1714,14,1.9618471779792326
megabyte1,1715,14,1.8736306425706155
megabyte1,1716,14,2.029018662863294
megabyte1,1717,14,1.6322334276834811
megabyte1,1718,14,2.158804343570055
megabyte1,1719,14,1.677656754147639
megabyte1,1720,14,1.7553501530269446
megabyte1,1721,14,1.8940520195586763
megabyte1,1722,14,1.91380798062169
megabyte1,1723,14,1.8051468904159134
megabyte1,1724,14,1.8623615204927457
megabyte1,1725,14,1.9112493992299553
megabyte1,1726,14,1.847908502558882
megabyte1,1727,14,1.8381989203844598
megabyte1,1728,14,2.0558497036356993
megabyte1,1729,14,1.7902082298571618
megabyte1,1730,14,1.872658488469217
megabyte1,1731,14,1.7545601359605745
megabyte1,1732,14,2.0598512699256686
megabyte1,1733,14,1.724122634218654
megabyte1,1734,14,1.900272964589793
megabyte1,1735,14,1.7101998721061091
megabyte1,1736,14,1.987126523064996
megabyte1,1737,14,1.8016213623580875
megabyte1,1738,14,1.8628501959160602
megabyte1,1739,14,2.0347678700889946
megabyte1,1740,14,1.7524741565745219
megabyte1,1741,14,1.8676536892811717
megabyte1,1742,14,1.8779665523449052
megabyte1,1743,14,1.7595949159900144
megabyte1,1744,14,1.934694655358866
megabyte1,1745,14,1.8252679689400484
megabyte1,1746,14,1.8510438516330805
megabyte1,1747,14,1.884118270260631
megabyte1,1748,14,2.0158491883946734
megabyte1,1749,14,1.923346966953251
megabyte1,1750,14,2.068479907097049
megabyte1,1751,14,2.008448910713516
megabyte1,1752,14,1.8795428015958766
megabyte1,1753,14,1.7937652973319929
megabyte1,1754,14,1.7881204912785704
megabyte1,1755,14,2.1072205375524127
megabyte1,1756,14,1.8293870573627216
megabyte1,1757,14,1.7999116022058441
megabyte1,1758,14,1.679445870613277
megabyte1,1759,14,1.8850661066480057
megabyte1,1760,14,1.9285045088339337
megabyte1,1761,14,1.815713946037053
megabyte1,1762,14,1.890468850761407
megabyte1,1763,14,1.555670157522544
megabyte1,1764,14,1.601667865821134
megabyte1,1765,14,1.8571640152941828
megabyte1,1766,14,1.6223391756808323
megabyte1,1767,14,1.6527172701721846
megabyte1,1768,14,1.6860460199302096
megabyte1,1769,14,2.098695590519911
megabyte1,1770,14,2.0984559937762235
megabyte1,1771,14,1.8685086705334275
megabyte1,1772,14,1.7651343492981084
megabyte1,1773,14,1.8413565255225692
megabyte1,1774,14,1.8063953242941706
megabyte1,1775,14,1.8639083983208145
megabyte1,1776,14,1.9999561115922475
megabyte1,1777,14,1.9422573435757948
megabyte1,1778,14,1.697521754925148
megabyte1,1779,14,1.5575895296841062
megabyte1,1780,14,1.9149143268494397
megabyte1,1781,14,2.077071215820894
megabyte1,1782,14,1.5648092047000017
megabyte1,1783,14,2.000744359728267
megabyte1,1784,14,2.2373291830487974
megabyte1,1785,14,1.8560086116407664
megabyte1,1786,14,1.8320945217212348
megabyte1,1787,14,1.978938393500092
megabyte1,1788,14,1.6322795783831414
megabyte1,1789,14,1.6939408042716597
megabyte1,1790,14,1.5979685720156545
megabyte1,1791,14,1.565583005721257
megabyte1,1792,14,1.9739292881933856
megabyte1,1793,14,1.6583246325114411
megabyte1,1794,14,1.8361965091361458
megabyte1,1795,14,1.7752557855531355
megabyte1,1796,14,1.5900104247107187
megabyte1,1797,14,2.1120139332337136
megabyte1,1798,14,1.7259608397462114
megabyte1,1799,14,1.7750421934391354
megabyte1,1800,14,1.8064020418112219
megabyte1,1801,14,1.741394233904904
megabyte1,1802,14,1.50326471243573
megabyte1,1803,14,1.7223532512924105
megabyte1,1804,14,1.8611362044516413
megabyte1,1805,14,1.487330390385693
megabyte1,1806,14,1.7868131884566718
megabyte1,1807,14,1.702665565508251
megabyte1,1808,14,1.6257180943728717
megabyte1,1809,14,1.6060997178883796
megabyte1,1810,14,1.8988056001553164
megabyte1,1811,14,1.797389989829768
megabyte1,1812,14,1.7577526610331085
megabyte1,1813,14,1.543198170924939
megabyte1,1814,14,1.8795995710862816
megabyte1,1815,14,1.8965910312786518
megabyte1,1816,14,1.8402735698675525
megabyte1,1817,14,1.8796073826164472
megabyte1,1818,14,2.2101435928997994
megabyte1,1819,14,1.9648993760955022
megabyte1,1820,14,2.0278169875613745
megabyte1,1821,14,1.8901187501242318
megabyte1,1822,14,1.929635179995506
megabyte1,1823,14,1.7382535908764942
megabyte1,1824,14,2.154027989966439
megabyte1,1825,14,1.8557269937253023
megabyte1,1826,14,1.7042648584749853
megabyte1,1827,14,2.0934422035957314
megabyte1,1828,14,1.8799717896805268
megabyte1,1829,14,1.6753869736446652
megabyte1,1830,14,1.7929162094372555
megabyte1,1831,14,2.215539353477876
megabyte1,1832,14,2.1436279957764808
megabyte1,1833,14,1.8989622308148746
megabyte1,1834,14,1.6485305669851908
megabyte1,1835,14,1.8819062577734198
megabyte1,1836,14,1.4108517486563557
megabyte1,1837,14,1.930507997288073
megabyte1,1838,14,1.6669209717072173
megabyte1,1839,14,1.920682838754072
megabyte1,1840,14,2.274119569657872
megabyte1,1841,14,1.9072001785317743
megabyte1,1842,14,1.95507486457417
megabyte1,1843,14,1.981821829359044
megabyte1,1844,14,2.033790364007919
megabyte1,1845,14,1.5000601606029897
megabyte1,1846,14,2.263861569790661
megabyte1,1847,14,1.7835505902956867
megabyte1,1848,14,2.028808483553215
megabyte1,1849,14,1.773769926621706
megabyte1,1850,14,1.8029494891508921
megabyte1,1851,14,1.8021359124331247
megabyte1,1852,14,1.5766573626494345
megabyte1,1853,14,1.6806751022032802
megabyte1,1854,14,2.128099150779031
megabyte1,1855,14,1.8260716233648806
megabyte1,1856,14,1.7854528118325808
megabyte1,1857,14,1.8456295920570345
megabyte1,1858,14,1.7860907488279962
megabyte1,1859,14,1.65085234942015
megabyte1,1860,14,1.8123785771772951
megabyte1,1861,14,1.594289459258229
megabyte1,1862,14,1.5609431300253462
megabyte1,1863,14,1.8015469214319286
megabyte1,1864,14,1.9442684341620307
megabyte1,1865,14,1.7818242013679415
megabyte1,1866,14,1.701304863667249
megabyte1,1867,14,1.6096761094253165
megabyte1,1868,14,1.9093685497068804
megabyte1,1869,14,1.8354848249364097
megabyte1,1870,14,1.5110320259943317
megabyte1,1871,14,1.4924095490535703
megabyte1,1872,14,1.942117267702849
megabyte1,1873,14,1.6464269083646375
megabyte1,1874,14,1.7286404348477902
megabyte1,1875,14,2.0091788315696038
megabyte1,1876,14,1.8608838970440513
megabyte1,1877,14,1.7782065909209364
megabyte1,1878,14,2.147562670124522
megabyte1,1879,14,1.9237685047277429
megabyte1,1880,14,2.115144287300738
megabyte1,1881,14,1.8469959947380041
megabyte1,1882,14,1.8481145325006498
megabyte1,1883,14,1.8909526554803031
megabyte1,1884,14,1.7751427187883275
megabyte1,1885,14,1.7663660982226357
megabyte1,1886,14,1.741502734725642
megabyte1,1887,14,1.9382804286999917
megabyte1,1888,14,1.7043922176234
megabyte1,1889,14,1.8802498644923191
megabyte1,1890,14,1.550136468400108
megabyte1,1891,14,1.6175816717608902
megabyte1,1892,14,1.8167214539429541
megabyte1,1893,14,1.6353829298385931
megabyte1,1894,14,1.527817147188
megabyte1,1895,14,1.6750613832387629
megabyte1,1896,14,1.5934942872276643
megabyte1,1897,14,1.6302888497107144
megabyte1,1898,14,1.5984992008486132
megabyte1,1899,14,2.029126344129431
megabyte1,1900,14,1.7911903388872579
megabyte1,1901,14,1.524791116898919
megabyte1,1902,14,1.6128407962928402
megabyte1,1903,14,1.614176609070645
megabyte1,1904,14,1.7722087017096153
megabyte1,1905,14,2.3528105553104424
megabyte1,1906,14,1.466919477112644
megabyte1,1907,14,1.9973938538330331
megabyte1,1908,14,1.8625623136360614
megabyte1,1909,14,1.7433352075807826
megabyte1,1910,14,1.561266360415538
megabyte1,1911,14,1.8763296298155134
megabyte1,1912,14,2.1140152028520873
megabyte1,1913,14,1.976134116748776
megabyte1,1914,14,1.6122768722026863
megabyte1,1915,14,1.8017766232216306
megabyte1,1916,14,1.706887688366994
megabyte1,1917,14,1.5806390810788735
megabyte1,1918,14,1.7281891574837047
megabyte1,1919,14,2.0929389064587682
megabyte1,1920,14,1.80553175810483
megabyte1,1921,14,1.8223054865520678
megabyte1,1922,14,1.797685472709618
megabyte1,1923,14,1.7172653686793617
megabyte1,1924,14,1.6864151632591555
megabyte1,1925,14,1.778770144573294
megabyte1,1926,14,1.8650407271195761
megabyte1,1927,14,1.693475346316468
megabyte1,1928,14,1.5255481532759536
megabyte1,1929,14,1.939307338225813
megabyte1,1930,14,1.7642742526717665
megabyte1,1931,14,1.6244918189060715
megabyte1,1932,14,1.9560344339928553
megabyte1,1933,14,1.9267131380366003
megabyte1,1934,14,1.8521721615741005
megabyte1,1935,14,1.8964509211251366
megabyte1,1936,14,1.9779931465379446
megabyte1,1937,14,1.9004852406800097
megabyte1,1938,14,1.742493985845586
megabyte1,1939,14,1.7097164588530434
megabyte1,1940,14,2.0582782130421053
megabyte1,1941,14,1.653968397657908
megabyte1,1942,14,1.860685308904237
megabyte1,1943,14,1.721512168302366
megabyte1,1944,14,1.822073872828113
megabyte1,1945,14,1.4936767688652774
megabyte1,1946,14,1.789488678178916
megabyte1,1947,14,1.5522375190339268
megabyte1,1948,14,1.5972311235526255
megabyte1,1949,14,1.998578377267173
megabyte1,1950,14,1.855071735759001
megabyte1,1951,14,1.9807738288217471
megabyte1,1952,14,1.5980378372879849
megabyte1,1953,14,1.8696723580526557
megabyte1,1954,14,1.6843280341582079
megabyte1,1955,14,1.8761934752214864
megabyte1,1956,14,1.6735126563577
megabyte1,1957,14,1.7462838813251107
megabyte1,1958,14,1.8918114117422211
megabyte1,1959,14,1.764194576991113
megabyte1,1960,14,1.622209105043985
megabyte1,1961,14,1.5847732627204127
megabyte1,1962,14,2.1720636663830892
megabyte1,1963,14,1.7056975323720978
megabyte1,1964,14,1.674182532621357
megabyte1,1965,14,1.7102358568892784
megabyte1,1966,14,1.8321434468537063
megabyte1,1967,14,1.610719513607981
megabyte1,1968,14,1.7677174578267496
megabyte1,1969,14,1.6883264602011316
megabyte1,1970,14,1.6771187428690433
megabyte1,1971,14,1.9664494055413912
megabyte1,1972,14,1.916108369236204
megabyte1,1973,14,1.9748783495508817
megabyte1,1974,14,2.0508658199521834
megabyte1,1975,14,1.8820062552619254
megabyte1,1976,14,1.871641025083249
megabyte1,1977,14,2.1702587089870664
megabyte1,1978,14,2.043936932054414
megabyte1,1979,14,1.8811697490864057
megabyte1,1980,14,2.1631280303282217
megabyte1,1981,14,1.7082550390200473
megabyte1,1982,14,1.7487615444524107
megabyte1,1983,14,1.8723035076655148
megabyte1,1984,14,1.8084297057861771
megabyte1,1985,14,1.828625546361083
megabyte1,1986,14,1.8372220635566219
megabyte1,1987,14,1.7259934181148016
megabyte1,1988,14,1.9124102757813686
megabyte1,1989,14,2.200664141677779
megabyte1,1990,14,1.6192793553149774
megabyte1,1991,14,1.944870309216005
megabyte1,1992,14,1.4977152305430952
megabyte1,1993,14,2.2101861964416583
megabyte1,1994,14,1.8376748244217838
megabyte1,1995,14,1.646237666110004
megabyte1,1996,14,1.810078752510542
megabyte1,1997,14,1.6792512395648278
megabyte1,1998,14,2.0427010673979042
megabyte1,1999,14,1.5942566540173289
megabyte1,2000,14,1.6402747261136048
megabyte1,2001,14,2.0066207727269996
megabyte1,2002,14,2.0667699852694166
megabyte1,2003,14,1.918867886263006
megabyte1,2004,14,1.7011218230385126
megabyte1,2005,14,1.9300924156816346
megabyte1,2006,14,1.9153274357014907
megabyte1,2007,14,1.9465659230747188
megabyte1,2008,14,1.7868004864469558
megabyte1,2009,14,1.8475654720111032
megabyte1,2010,14,1.985058169550482
megabyte1,2011,14,2.0727024675744277
megabyte1,2012,14,1.951225701109513
megabyte1,2013,14,1.7422515355544304
megabyte1,2014,14,1.8189795460268776
megabyte1,2015,14,1.5704358776267782
megabyte1,2016,14,1.9855188333777212
megabyte1,2017,14,1.8413638644127452
megabyte1,2018,14,1.858951825527528
megabyte1,2019,14,1.9395888630421467
megabyte1,2020,14,1.9201653700233396
megabyte1,2021,14,1.7612087170780495
megabyte1,2022,14,1.9012787320012967
megabyte1,2023,14,1.756031746817506
megabyte1,2024,14,1.9593476275710338
megabyte1,2025,14,1.7891194743358227
megabyte1,2026,14,1.8955733156903987
megabyte1,2027,14,1.8493127842363843
megabyte1,2028,14,1.5071803573438454
megabyte1,2029,14,1.9886020412841063
megabyte1,2030,14,1.7788620176617642
megabyte1,2031,14,1.8761223072831736
megabyte1,2032,14,1.631772022397701
megabyte1,2033,14,1.8783995710147667
megabyte1,2034,14,2.0670039223377357
megabyte1,2035,14,1.8061476957790006
megabyte1,2036,14,1.6659683630675013
megabyte1,2037,14,1.775202649099695
megabyte1,2038,14,1.7260803420436996
megabyte1,2039,14,1.7848177123432385
megabyte1,2040,14,2.0154401937753756
megabyte1,2041,14,2.135007810840456
megabyte1,2042,14,2.0899912450533917
megabyte1,2043,14,1.8631225969212684
megabyte1,2044,14,2.174158689944991
megabyte1,2045,14,1.553308502567267
megabyte1,2046,14,1.78737749724027
megabyte1,2047,14,1.9116266559665998
megabyte1,2048,14,1.8956022038861513
megabyte1,2049,14,1.88600681168494
megabyte1,2050,14,1.6660541415443166
megabyte1,2051,14,1.7982659574126798
megabyte1,2052,14,1.9654999354476177
megabyte1,2053,14,1.825340906884933
megabyte1,2054,14,1.6540227902489326
megabyte1,2055,14,1.7064431978652774
megabyte1,2056,14,1.9773823299462092
megabyte1,2057,14,1.6214801323508148
megabyte1,2058,14,2.0806383207870045
megabyte1,2059,14,1.5547347710479662
megabyte1,2060,14,2.0321543095878623
megabyte1,2061,14,1.9763969931196514
megabyte1,2062,14,1.6104470360225496
megabyte1,2063,14,1.8290108721702316
megabyte1,2064,14,2.1993429663469817
megabyte1,2065,14,1.994771549139955
megabyte1,2066,14,1.7574438540503243
megabyte1,2067,14,2.0850568695461313
megabyte1,2068,14,1.7373169009155558
megabyte1,2069,14,1.6478570112608775
megabyte1,2070,14,1.8091860820889971
megabyte1,2071,14,1.7669830093877206
megabyte1,2072,14,1.5215464038685957
megabyte1,2073,14,1.5523068319327817
megabyte1,2074,14,1.6313545660950228
megabyte1,2075,14,2.1725968226042065
megabyte1,2076,14,1.7097845340458044
megabyte1,2077,14,1.742778276504462
megabyte1,2078,14,1.75121560757616
megabyte1,2079,14,1.673439782403039
megabyte1,2080,14,1.7101902511122355
megabyte1,2081,14,1.8485827375725437
megabyte1,2082,14,2.038155798294789
megabyte1,2083,14,1.7924231637584593
megabyte1,2084,14,1.8074870306904587
megabyte1,2085,14,2.244296160184761
megabyte1,2086,14,1.8494985633426289
megabyte1,2087,14,1.8565143302028322
megabyte1,2088,14,1.7115920165519183
megabyte1,2089,14,1.5916550799543343
megabyte1,2090,14,1.6688517051821006
megabyte1,2091,14,1.7613911455397722
megabyte1,2092,14,1.7802820924853437
megabyte1,2093,14,1.6805730874154965
megabyte1,2094,14,2.0765645163800768
megabyte1,2095,14,2.006968957956767
megabyte1,2096,14,1.9590799519924917
megabyte1,2097,14,1.7336093332880578
megabyte1,2098,14,1.6467376241409786
megabyte1,2099,14,2.511359649073119
megabyte1,2100,14,1.926821520541988
megabyte1,2101,14,1.866217016977576
megabyte1,2102,14,1.5019310873830383
megabyte1,2103,14,2.000650230866939
megabyte1,2104,14,2.1802268805916256
megabyte1,2105,14,1.640383827768518
megabyte1,2106,14,1.7595433804139138
megabyte1,2107,14,1.604115745789668
megabyte1,2108,14,1.6367541669667927
megabyte1,2109,14,1.5317648122302852
megabyte1,2110,14,2.0127353741420655
megabyte1,2111,14,1.810557649160915
megabyte1,2112,14,1.8373522118840637
megabyte1,2113,14,1.9914844229786937
megabyte1,2114,14,1.807826517222053
megabyte1,2115,14,1.789010668798479
megabyte1,2116,14,1.6003893252900947
megabyte1,2117,14,1.581680515587789
megabyte1,2118,14,2.4207024862662547
megabyte1,2119,14,1.591224459046465
megabyte1,2120,14,1.9709381889913244
megabyte1,2121,14,1.961996422925044
megabyte1,2122,14,1.660033554584077
megabyte1,2123,14,1.5771392095093808
megabyte1,2124,14,2.214390519830934
megabyte1,2125,14,1.997517215619543
megabyte1,2126,14,2.1186713174989458
megabyte1,2127,14,1.9885024653857017
megabyte1,2128,14,1.7486595444679955
megabyte1,2129,14,1.666013660827817
megabyte1,2130,14,1.9753186011290453
megabyte1,2131,14,2.1740728713368966
megabyte1,2132,14,1.7067985793676166
megabyte1,2133,14,1.6272782600446563
megabyte1,2134,14,1.532488899358205
megabyte1,2135,14,1.7074969602982895
megabyte1,2136,14,1.7933893561074714
megabyte1,2137,14,1.8265281222407992
megabyte1,2138,14,1.7662873201510298
megabyte1,2139,14,1.713283243474058
megabyte1,2140,14,1.8797950811906214
megabyte1,2141,14,1.875546513351624
megabyte1,2142,14,2.190500387715448
megabyte1,2143,14,1.8033794881341223
megabyte1,2144,14,2.080277503759396
megabyte1,2145,14,1.9811801217667244
megabyte1,2146,14,1.599592273686031
megabyte1,2147,14,1.6163148139612933
megabyte1,2148,14,1.7738999223800274
megabyte1,2149,14,1.898184381693822
megabyte1,2150,14,2.000670722418202
megabyte1,2151,14,1.7483798868666105
megabyte1,2152,14,1.797732622748281
megabyte1,2153,14,1.6914140936801967
megabyte1,2154,14,2.048723587447421
megabyte1,2155,14,1.9853235155994373
megabyte1,2156,14,1.5155845154499186
megabyte1,2157,14,1.964180969953892
megabyte1,2158,14,1.8522587908860575
megabyte1,2159,14,1.8558742630461147
megabyte1,2160,14,1.8061859912178533
megabyte1,2161,14,1.798304017343185
megabyte1,2162,14,1.9655087653557046
megabyte1,2163,14,2.0616383883854414
megabyte1,2164,14,1.9739590208522277
megabyte1,2165,14,2.4304943463118023
megabyte1,2166,14,2.0697783311429627
megabyte1,2167,14,1.8795495371536843
megabyte1,2168,14,1.7663542799997427
megabyte1,2169,14,1.7518931865977814
megabyte1,2170,14,1.7990048438154045
megabyte1,2171,14,1.8103141668921645
megabyte1,2172,14,1.8928044452999688
megabyte1,2173,14,1.857861839173838
megabyte1,2174,14,1.9699114517507783
megabyte1,2175,14,1.9124142422269672
megabyte1,2176,14,1.838473628834207
megabyte1,2177,14,1.7576471260548843
megabyte1,2178,14,1.9826206133492403
megabyte1,2179,14,2.2057811268861798
megabyte1,2180,14,1.8114215492408015
megabyte1,2181,14,1.8634014883523375
megabyte1,2182,14,2.2188880238941002
megabyte1,2183,14,1.9706761485072621
megabyte1,2184,14,1.773826710797254
megabyte1,2185,14,1.642052464698262
megabyte1,2186,14,1.8671284089817095
megabyte1,2187,14,2.0855820228880853
megabyte1,2188,14,1.6631285140345553
megabyte1,2189,14,1.7911129760988478
megabyte1,2190,14,1.9905889675588928
megabyte1,2191,14,1.8909467872465737
megabyte1,2192,14,2.006351617803564
megabyte1,2193,14,1.7324267617811995
megabyte1,2194,14,1.826733811512737
megabyte1,2195,14,1.9968135785290282
megabyte1,2196,14,1.730098434551748
megabyte1,2197,14,1.6944507658864645
megabyte1,2198,14,1.7498884285120868
megabyte1,2199,14,1.9038511905624147
megabyte1,2200,14,1.8540731942720627
megabyte1,2201,14,1.6056271800590685
megabyte1,2202,14,1.7517089798236658
megabyte1,2203,14,1.7424450261595392
megabyte1,2204,14,2.1191862323111126
megabyte1,2205,14,1.7300747484822843
megabyte1,2206,14,1.6822684788680058
megabyte1,2207,14,1.7820740356941251
megabyte1,2208,14,2.0074410291342675
megabyte1,2209,14,1.8310487315394763
megabyte1,2210,14,1.7921094036065788
megabyte1,2211,14,1.6418040158272051
megabyte1,2212,14,1.6764360742334612
megabyte1,2213,14,2.1180184356171607
megabyte1,2214,14,1.6577475187771173
megabyte1,2215,14,2.0092024352120115
megabyte1,2216,14,1.5835105612732512
megabyte1,2217,14,1.7408702225386332
megabyte1,2218,14,1.5313914145666985
megabyte1,2219,14,1.8947859893493282
megabyte1,2220,14,1.9321460356241396
megabyte1,2221,14,1.8674950886994115
megabyte1,2222,14,1.6943836185445114
megabyte1,2223,14,1.9611727254612916
megabyte1,2224,14,1.8847718917076424
megabyte1,2225,14,1.9736152638433748
megabyte1,2226,14,1.846286301641183
megabyte1,2227,14,1.94430022014233
megabyte1,2228,14,2.1002512088246514
megabyte1,2229,14,1.8364371397437063
megabyte1,2230,14,1.896313790670362
megabyte1,2231,14,1.680155263850865
megabyte1,2232,14,1.9315309225440784
megabyte1,2233,14,1.7612144937716787
megabyte1,2234,14,2.020181765604268
megabyte1,2235,14,1.917331289755927
megabyte1,2236,14,1.4739596865250397
megabyte1,2237,14,1.791732789932072
megabyte1,2238,14,1.8491876399791205
megabyte1,2239,14,1.642566252801799
megabyte1,2240,14,1.8258526560171344
megabyte1,2241,14,1.6329938751093755
megabyte1,2242,14,1.9529467408851988
megabyte1,2243,14,2.089352966389403
megabyte1,2244,14,1.817146858884002
megabyte1,2245,14,1.6603831078526465
megabyte1,2246,14,1.9350672300807241
megabyte1,2247,14,1.9252943632776933
megabyte1,2248,14,2.025574192895795
megabyte1,2249,14,1.9318353552571341
megabyte1,2250,14,1.8350825888087974
megabyte1,2251,14,1.9314404034629356
megabyte1,2252,14,1.7864425242081807
megabyte1,2253,14,1.6746846249808074
megabyte1,2254,14,2.1016034532746692
megabyte1,2255,14,1.8726469676145705
megabyte1,2256,14,1.7343109756006097
megabyte1,2257,14,1.7672265985909092
megabyte1,2258,14,1.9647295710743298
megabyte1,2259,14,1.5887361720932316
megabyte1,2260,14,1.4385739523947916
megabyte1,2261,14,1.733247824964656
megabyte1,2262,14,1.7251648533049662
megabyte1,2263,14,1.8891323223824024
megabyte1,2264,14,1.5671711719622672
megabyte1,2265,14,2.1262378599174223
megabyte1,2266,14,1.9257471705857303
megabyte1,2267,14,1.7125923967472245
megabyte1,2268,14,1.792318146505588
megabyte1,2269,14,1.948953220478757
megabyte1,2270,14,1.8567594856343856
megabyte1,2271,14,1.919249715313853
megabyte1,2272,14,1.5368756276762408
megabyte1,2273,14,1.9634207171028604
megabyte1,2274,14,1.9679752187820176
megabyte1,2275,14,1.9953075739583341
megabyte1,2276,14,1.819732795532927
megabyte1,2277,14,1.9335399125214143
megabyte1,2278,14,1.8674956735227166
megabyte1,2279,14,1.9319191296793503
megabyte1,2280,14,1.643348952978249
megabyte1,2281,14,1.6903719542258167
megabyte1,2282,14,1.7211265185211395
megabyte1,2283,14,1.8171275563016285
megabyte1,2284,14,1.67425206012561
megabyte1,2285,14,1.8531239964412343
megabyte1,2286,14,1.8903617647520385
megabyte1,2287,14,2.2383560921022942
megabyte1,2288,14,2.034352394020747
megabyte1,2289,14,1.7795707981239655
megabyte1,2290,14,1.5656446500627792
megabyte1,2291,14,1.8857140051954142
megabyte1,2292,14,1.6990670008347677
megabyte1,2293,14,1.6091858510071344
megabyte1,2294,14,1.8232772777494455
megabyte1,2295,14,1.9460784437752214
megabyte1,2296,14,1.7034482769721089
megabyte1,2297,14,1.8119326041604358
megabyte1,2298,14,1.926568372157426
megabyte1,2299,14,1.8906605223693582
megabyte1,2300,14,1.9158984932878107
megabyte1,2301,14,1.9187780847686648
megabyte1,2302,14,1.7191360789690584
megabyte1,2303,14,1.7763212715966923
megabyte1,2304,14,1.7532314924883374
megabyte1,2305,14,1.7701375964742838
megabyte1,2306,14,1.6319477542683078
megabyte1,2307,14,1.9870359242924087
megabyte1,2308,14,2.110371760423567
megabyte1,2309,14,1.9688901024771117
megabyte1,2310,14,1.6419167097396283
megabyte1,2311,14,1.8986417948803354
megabyte1,2312,14,2.0111359738690138
megabyte1,2313,14,2.4188841735274687
megabyte1,2314,14,1.9586336002813607
megabyte1,2315,14,1.7970966302928166
megabyte1,2316,14,1.7104867956752743
megabyte1,2317,14,1.6364810754733117
megabyte1,2318,14,2.10914309915714
megabyte1,2319,14,2.063405288962341
megabyte1,2320,14,1.7037225810245882
megabyte1,2321,14,2.049847726952818
megabyte1,2322,14,1.8280118811140045
megabyte1,2323,14,1.7078994873453517
megabyte1,2324,14,1.8936632967723916
megabyte1,2325,14,1.8763651445798477
megabyte1,2326,14,2.0179272244708835
megabyte1,2327,14,2.0025126432186
megabyte1,2328,14,1.6947433892926915
megabyte1,2329,14,1.6854966789221153
megabyte1,2330,14,1.8827677195488306
megabyte1,2331,14,1.9932916733881645
megabyte1,2332,14,1.565969010675127
megabyte1,2333,14,1.824389112464824
megabyte1,2334,14,1.7691713947570658
megabyte1,2335,14,1.8349436358523579
megabyte1,2336,14,1.5932096765508101
megabyte1,2337,14,1.642805005452931
megabyte1,2338,14,1.5867196937732202
megabyte1,2339,14,1.4554572471830292
megabyte1,2340,14,1.8507613828050793
megabyte1,2341,14,1.686343986900954
megabyte1,2342,14,1.6879268098154527
megabyte1,2343,14,1.8069610648022274
megabyte1,2344,14,1.7874738813476163
megabyte1,2345,14,1.7648919038894064
megabyte1,2346,14,1.8152414136278245
megabyte1,2347,14,1.9048284458165912
megabyte1,2348,14,1.7316969822966244
megabyte1,2349,14,1.7540464468419972
megabyte1,2350,14,1.8384490322531823
megabyte1,2351,14,1.965640576014985
megabyte1,2352,14,1.9967132718948473
megabyte1,2353,14,2.0819998625048934
megabyte1,2354,14,2.076441718472128
megabyte1,2355,14,2.0254482169871806
megabyte1,2356,14,1.8400334255091748
megabyte1,2357,14,1.9509084577766216
megabyte1,2358,14,1.6923826841704466
megabyte1,2359,14,1.8907604636571465
megabyte1,2360,14,1.908380149043783
megabyte1,2361,14,1.8822084162183603
megabyte1,2362,14,1.9375929417251243
megabyte1,2363,14,2.0813141429362223
megabyte1,2364,14,1.6996704123279895
megabyte1,2365,14,2.087664258394922
megabyte1,2366,14,1.7039365315889372
megabyte1,2367,14,1.8415234433636882
megabyte1,2368,14,1.647687792239627
megabyte1,2369,14,1.4993502025564658
megabyte1,2370,14,1.5153052576128736
megabyte1,2371,14,1.8470419357785421
megabyte1,2372,14,1.6813510723755958
megabyte1,2373,14,1.8569480251325647
megabyte1,2374,14,1.519273030104589
megabyte1,2375,14,1.8715349389910003
megabyte1,2376,14,1.674593281192831
megabyte1,2377,14,1.764272802345266
megabyte1,2378,14,1.8823535647100802
megabyte1,2379,14,1.6312221971700545
megabyte1,2380,14,1.4006578375730718
megabyte1,2381,14,1.8457532635642735
megabyte1,2382,14,1.6697187222655292
megabyte1,2383,14,1.7166657380966108
megabyte1,2384,14,1.6326893144261163
megabyte1,2385,14,1.956397621665072
megabyte1,2386,14,1.5340203736727347
megabyte1,2387,14,1.7708519610406956
megabyte1,2388,14,2.013563383010941
megabyte1,2389,14,1.7077845130188811
megabyte1,2390,14,1.7937182878091213
megabyte1,2391,14,1.840787227208733
megabyte1,2392,14,1.7857731845502058
megabyte1,2393,14,1.595574956235731
megabyte1,2394,14,1.8525886705402406
megabyte1,2395,14,1.4750374248848208
megabyte1,2396,14,1.785270646708254
megabyte1,2397,14,1.916783187530887
megabyte1,2398,14,1.836052026166383
megabyte1,2399,14,1.8109509653566955
megabyte1,2400,14,2.1404113820968074
megabyte1,2401,14,2.173852379320755
megabyte1,2402,14,1.7102416697427962
megabyte1,2403,14,1.845834222097642
megabyte1,2404,14,1.7908068656164302
megabyte1,2405,14,1.7992517864043076
megabyte1,2406,14,1.9026992740576267
megabyte1,2407,14,1.801157294205915
megabyte1,2408,14,1.8884688427773622
megabyte1,2409,14,1.8718376352927293
megabyte1,2410,14,1.850141630022588
megabyte1,2411,14,2.0655959232245125
megabyte1,2412,14,1.7865615907699337
megabyte1,2413,14,1.7874847185748666
megabyte1,2414,14,1.9352377872017208
megabyte1,2415,14,1.791539660772614
megabyte1,2416,14,1.9774173507620871
megabyte1,2417,14,1.8526491090636328
megabyte1,2418,14,1.9805151696249241
megabyte1,2419,14,2.257561953149429
megabyte1,2420,14,1.57270632633138
megabyte1,2421,14,1.778314585714082
megabyte1,2422,14,1.7905730816510894
megabyte1,2423,14,2.0208987177703728
megabyte1,2424,14,1.863744269068661
megabyte1,2425,14,1.6624402340706335
megabyte1,2426,14,1.6932533400095688
megabyte1,2427,14,1.9158873203265778
megabyte1,2428,14,2.0402355091589155
megabyte1,2429,14,1.822852890009683
megabyte1,2430,14,1.7080696232872583
megabyte1,2431,14,1.5960893469986435
megabyte1,2432,14,2.221337256575676
megabyte1,2433,14,1.9102938060054968
megabyte1,2434,14,1.718908094118342
megabyte1,2435,14,1.8912314067392129
megabyte1,2436,14,2.0300693794241385
megabyte1,2437,14,2.039142415352992
megabyte1,2438,14,1.7967816560404741
megabyte1,2439,14,1.7784528371998896
megabyte1,2440,14,1.943229636683224
megabyte1,2441,14,1.7789659880384936
megabyte1,2442,14,1.831353060392365
megabyte1,2443,14,1.4267845867437803
megabyte1,2444,14,2.1012935342113
megabyte1,2445,14,1.9403988675689674
megabyte1,2446,14,1.7818186684748518
megabyte1,2447,14,1.7057011269944662
megabyte1,2448,14,1.724919369511264
megabyte1,2449,14,1.7809336985089328
megabyte1,2450,14,2.368307748161372
megabyte1,2451,14,1.8401326677730174
megabyte1,2452,14,2.030047971564005
megabyte1,2453,14,1.9699445304477696
megabyte1,2454,14,1.709795132939832
megabyte1,2455,14,1.7161148290180586
megabyte1,2456,14,1.7050247804080172
megabyte1,2457,14,1.8724828617311997
megabyte1,2458,14,1.9439014397219305
megabyte1,2459,14,1.639018570360412
megabyte1,2460,14,2.061747347000491
megabyte1,2461,14,1.913553609308913
megabyte1,2462,14,1.850975151767831
megabyte1,2463,14,1.8840065904506307
megabyte1,2464,14,1.682003346186953
megabyte1,2465,14,1.6719911642116436
megabyte1,2466,14,1.376712181513066
megabyte1,2467,14,1.7042693101658202
megabyte1,2468,14,1.8841704691288037
megabyte1,2469,14,1.9735558628694077
megabyte1,2470,14,1.595706509057157
megabyte1,2471,14,1.6957166866786062
megabyte1,2472,14,1.9897029123240568
megabyte1,2473,14,1.8276949772948268
megabyte1,2474,14,1.614127010385248
megabyte1,2475,14,1.8427701329991766
megabyte1,2476,14,1.707904025709151
megabyte1,2477,14,1.9139688371684656
megabyte1,2478,14,1.94454446972798
megabyte1,2479,14,1.8999980019292095
megabyte1,2480,14,1.6713673344664404
megabyte1,2481,14,1.904227991805897
megabyte1,2482,14,2.0373313309835455
megabyte1,2483,14,1.8748295337888397
megabyte1,2484,14,1.7822348392094205
megabyte1,2485,14,1.8072670070640318
megabyte1,2486,14,1.6781309417689323
megabyte1,2487,14,1.7463171882397455
megabyte1,2488,14,1.810382605000818
megabyte1,2489,14,1.6360426891133915
megabyte1,2490,14,1.6758210773822686
megabyte1,2491,14,2.2368678780624434
megabyte1,2492,14,1.5558808399365625
megabyte1,2493,14,1.6493740473086402
megabyte1,2494,14,1.9668796129160324
megabyte1,2495,14,1.7455286109684773
megabyte1,2496,14,1.8819046499953072
megabyte1,2497,14,1.8494708486927425
megabyte1,2498,14,1.6971615364362347
megabyte1,2499,14,1.7491771806571126
megabyte1,2500,14,1.7722121917718208
megabyte1,2501,14,1.9578077876953
megabyte1,2502,14,1.6902300823790557
megabyte1,2503,14,1.768131381950799
megabyte1,2504,14,1.8528349636319208
megabyte1,2505,14,1.759664696055307
megabyte1,2506,14,1.4800660757462984
megabyte1,2507,14,1.8066525659658434
megabyte1,2508,14,1.6674657483728084
megabyte1,2509,14,1.614004131830931
megabyte1,2510,14,1.72999343019881
megabyte1,2511,14,1.815006814393156
megabyte1,2512,14,1.6102834952250877
megabyte1,2513,14,2.041300635283108
megabyte1,2514,14,1.70475257789305
megabyte1,2515,14,1.6602263590548196
megabyte1,2516,14,1.8492556501623025
megabyte1,2517,14,1.8108367513373935
megabyte1,2518,14,2.2957156093631355
megabyte1,2519,14,1.9654869626932974
megabyte1,2520,14,2.1364904780823974
megabyte1,2521,14,1.8147513108131117
megabyte1,2522,14,1.5830754169865202
megabyte1,2523,14,2.100020657315134
megabyte1,2524,14,1.8291288069206977
megabyte1,2525,14,1.7229454271545308
megabyte1,2526,14,1.9532306769190348
megabyte1,2527,14,1.9325561852519562
megabyte1,2528,14,1.8270531923998719
megabyte1,2529,14,1.6097187244966131
megabyte1,2530,14,1.7877560154035954
megabyte1,2531,14,1.7296318778841029
megabyte1,2532,14,1.6698098475470682
megabyte1,2533,14,2.164761736520915
megabyte1,2534,14,1.7592281283952056
megabyte1,2535,14,2.026462930248831
megabyte1,2536,14,1.7993182090407465
megabyte1,2537,14,1.9153337651796782
megabyte1,2538,14,1.5515850049999453
megabyte1,2539,14,1.5663133691081748
megabyte1,2540,14,1.596257447520936
megabyte1,2541,14,1.5624682988619456
megabyte1,2542,14,1.6481216155626994
megabyte1,2543,14,1.9161122728779163
megabyte1,2544,14,1.8549922334125282
megabyte1,2545,14,2.044552276687202
megabyte1,2546,14,1.7574215567149631
megabyte1,2547,14,1.6417830728989569
megabyte1,2548,14,1.6615513914722109
megabyte1,2549,14,1.7670410651145239
megabyte1,2550,14,1.8395708752739603
megabyte1,2551,14,1.8650394715014733
megabyte1,2552,14,1.6673973891786837
megabyte1,2553,14,1.679393463310041
megabyte1,2554,14,1.6199624961904813
megabyte1,2555,14,1.8649957838993991
megabyte1,2556,14,1.9181946996793116
megabyte1,2557,14,1.7405000002889182
megabyte1,2558,14,1.9376693612606377
megabyte1,2559,14,1.917446710444903
megabyte1,2560,14,1.634805859749925
megabyte1,2561,14,1.54487929627726
megabyte1,2562,14,1.8400837721368202
megabyte1,2563,14,1.9117046558562714
megabyte1,2564,14,1.6367982946069302
megabyte1,2565,14,2.007875846828982
megabyte1,2566,14,1.660824343942208
megabyte1,2567,14,2.296932478035436
megabyte1,2568,14,1.5331827118924852
megabyte1,2569,14,1.7711601743067067
megabyte1,2570,14,2.3261243034991423
megabyte1,2571,14,2.0876523980106603
megabyte1,2572,14,1.6404429336808828
megabyte1,2573,14,1.7642746018199904
megabyte1,2574,14,1.6828818556718492
megabyte1,2575,14,1.9429691411398349
megabyte1,2576,14,2.068087792047186
megabyte1,2577,14,1.7487221695222543
megabyte1,2578,14,1.735130767496121
megabyte1,2579,14,2.101752717641236
megabyte1,2580,14,1.800018938617607
megabyte1,2581,14,1.9011301648739407
megabyte1,2582,14,2.034896263690777
megabyte1,2583,14,2.0284813040806653
megabyte1,2584,14,1.9524094696246994
megabyte1,2585,14,1.911789829638139
megabyte1,2586,14,1.8064722871582248
megabyte1,2587,14,1.830742689014933
megabyte1,2588,14,1.7491032249058416
megabyte1,2589,14,1.632072061369074
megabyte1,2590,14,1.5461409557330659
megabyte1,2591,14,1.7262241822810698
megabyte1,2592,14,1.7133758549989335
megabyte1,2593,14,2.181631617124394
megabyte1,2594,14,1.7172788436064865
megabyte1,2595,14,1.9265625459460003
megabyte1,2596,14,1.931094130094839
megabyte1,2597,14,1.9876719053535425
megabyte1,2598,14,1.8545221089683923
megabyte1,2599,14,2.212549200878034
megabyte1,2600,14,1.692570132535455
megabyte1,2601,14,1.9669036805511912
megabyte1,2602,14,1.8769552521188746
megabyte1,2603,14,1.8667688543306977
megabyte1,2604,14,2.05625856509658
megabyte1,2605,14,2.230583512377448
megabyte1,2606,14,1.822746296080192
megabyte1,2607,14,1.7278901981145836
megabyte1,2608,14,2.0239682899033293
megabyte1,2609,14,1.6889952359460516
megabyte1,2610,14,2.092968579194573
megabyte1,2611,14,2.0517830932614216
megabyte1,2612,14,1.708419808345374
megabyte1,2613,14,1.6770354482804726
megabyte1,2614,14,2.01146073113411
megabyte1,2615,14,1.7022785974840509
megabyte1,2616,14,1.5676113414550858
megabyte1,2617,14,1.5515185070300634
megabyte1,2618,14,1.4364519340246424
megabyte1,2619,14,1.6252214005145578
megabyte1,2620,14,1.6753040633303655
megabyte1,2621,14,1.6357756186453165
megabyte1,2622,14,1.5696052779785565
megabyte1,2623,14,1.5899632614665293
megabyte1,2624,14,1.5728380578541226
megabyte1,2625,14,1.811552455622694
megabyte1,2626,14,1.5816126692951868
megabyte1,2627,14,1.6938520559095556
megabyte1,2628,14,2.217169499863757
megabyte1,2629,14,1.8044278796158848
megabyte1,2630,14,1.6429091957607083
megabyte1,2631,14,1.7779179387118211
megabyte1,2632,14,2.073427489264853
megabyte1,2633,14,1.4231581097676993
megabyte1,2634,14,1.9082851926577518
megabyte1,2635,14,1.631201993486147
megabyte1,2636,14,1.671077986297746
megabyte1,2637,14,1.5243934909053913
megabyte1,2638,14,1.5601000060792998
megabyte1,2639,14,1.7669709008235552
megabyte1,2640,14,1.684193122874676
megabyte1,2641,14,1.9719080860653462
megabyte1,2642,14,1.5871963689295059
megabyte1,2643,14,1.809725675184774
megabyte1,2644,14,1.7539722243005624
megabyte1,2645,14,1.6885934634784843
megabyte1,2646,14,1.9549348587381192
megabyte1,2647,14,1.8821318863523377
megabyte1,2648,14,1.7170813538728307
megabyte1,2649,14,1.5750048973266542
megabyte1,2650,14,1.7209000585965144
megabyte1,2651,14,1.77958692784763
megabyte1,2652,14,1.6280971424239026
megabyte1,2653,14,1.6776826941511371
megabyte1,2654,14,1.657443172785489
megabyte1,2655,14,2.009672461901288
megabyte1,2656,14,1.7700029905065728
megabyte1,2657,14,1.56284263391116
megabyte1,2658,14,1.572704376461464
megabyte1,2659,14,1.3404536896486376
megabyte1,2660,14,1.5581965695872222
megabyte1,2661,14,1.7993488245357938
megabyte1,2662,14,1.5987155438303198
megabyte1,2663,14,1.6221718234805755
megabyte1,2664,14,1.9163859704528525
megabyte1,2665,14,1.6178850306501034
megabyte1,2666,14,1.5446184320290859
megabyte1,2667,14,1.8948284822624424
megabyte1,2668,14,1.8647853944387693
megabyte1,2669,14,1.478273560272278
megabyte1,2670,14,1.3968904935959991
megabyte1,2671,14,2.1574356555185203
megabyte1,2672,14,1.826333790575557
megabyte1,2673,14,1.9828311745415728
megabyte1,2674,14,1.8763557293983044
megabyte1,2675,14,2.0037814425121625
megabyte1,2676,14,1.7352916475216773
megabyte1,2677,14,1.9185669309846738
megabyte1,2678,14,1.9518249823968357
megabyte1,2679,14,1.9529024008154183
megabyte1,2680,14,1.701192133431752
megabyte1,2681,14,1.8548321292836627
megabyte1,2682,14,2.221765521678586
megabyte1,2683,14,1.83771624448565
megabyte1,2684,14,1.5569195723169835
megabyte1,2685,14,1.7967168781795948
megabyte1,2686,14,1.8357008828570751
megabyte1,2687,14,1.8878883234372055
megabyte1,2688,14,1.8977990634429875
megabyte1,2689,14,1.9244344043259514
megabyte1,2690,14,1.9413550558923007
megabyte1,2691,14,1.8535569462470318
megabyte1,2692,14,1.5889730054983002
megabyte1,2693,14,1.7778374758647684
megabyte1,2694,14,2.1414474459800514
megabyte1,2695,14,1.8786223853775044
megabyte1,2696,14,1.9458588980920954
megabyte1,2697,14,1.7151920068750643
megabyte1,2698,14,1.8842427124291812
megabyte1,2699,14,1.8725721562774296
megabyte1,2700,14,2.3191494905413386
megabyte1,2701,14,1.72332936933525
megabyte1,2702,14,2.0887943407758485
megabyte1,2703,14,1.631696719495421
megabyte1,2704,14,1.9961218658140543
megabyte1,2705,14,1.9085232081695234
megabyte1,2706,14,1.8908050230813782
megabyte1,2707,14,1.9810737419717641
megabyte1,2708,14,1.9121937143335452
megabyte1,2709,14,1.8630719339679553
megabyte1,2710,14,2.025526729911902
megabyte1,2711,14,1.7872310368501547
megabyte1,2712,14,1.7361763133388224
megabyte1,2713,14,1.992276645911397
megabyte1,2714,14,1.7595477121013319
megabyte1,2715,14,2.0480499499491422
megabyte1,2716,14,1.7390350527444158
megabyte1,2717,14,1.9267725402523694
megabyte1,2718,14,2.137874027898317
megabyte1,2719,14,1.8000831763413274
megabyte1,2720,14,1.8842099549549238
megabyte1,2721,14,1.639427113545331
megabyte1,2722,14,1.6630057870206392
megabyte1,2723,14,1.6569792072480223
megabyte1,2724,14,1.9973291691688395
megabyte1,2725,14,2.3527841381272614
megabyte1,2726,14,1.721286133842024
megabyte1,2727,14,1.76301254959036
megabyte1,2728,14,1.8846544217500951
megabyte1,2729,14,1.870889770261463
megabyte1,2730,14,1.7023339254111385
megabyte1,2731,14,1.602280485816652
megabyte1,2732,14,1.6910936637957936
megabyte1,2733,14,2.0815849865940086
megabyte1,2734,14,1.6542681855759531
megabyte1,2735,14,1.784873384160973
megabyte1,2736,14,1.5709547008789226
megabyte1,2737,14,1.5971090974732074
megabyte1,2738,14,1.9367332955888918
megabyte1,2739,14,1.756589818838125
megabyte1,2740,14,1.8038206136732278
megabyte1,2741,14,1.6904513735117859
megabyte1,2742,14,2.057835165507432
megabyte1,2743,14,1.665793310769207
megabyte1,2744,14,1.3176881263732092
megabyte1,2745,14,1.6497878801250117
megabyte1,2746,14,1.677365325990861
megabyte1,2747,14,1.9601903691708416
megabyte1,2748,14,1.9365292523026034
megabyte1,2749,14,1.7591485518011853
megabyte1,2750,14,1.621077254162764
megabyte1,2751,14,1.9105664993092077
megabyte1,2752,14,1.955988087347498
megabyte1,2753,14,1.7787846560851714
megabyte1,2754,14,1.6112372374702715
megabyte1,2755,14,1.4411387224192473
megabyte1,2756,14,1.6830709307694378
megabyte1,2757,14,2.0582634127626145
megabyte1,2758,14,2.2841141488877392
megabyte1,2759,14,2.052864352514661
megabyte1,2760,14,1.774189482007306
megabyte1,2761,14,1.531379233609576
megabyte1,2762,14,1.8819533386989076
megabyte1,2763,14,1.8534763107568946
megabyte1,2764,14,1.7737146605756868
megabyte1,2765,14,1.7546512010862954
megabyte1,2766,14,1.7143183636066375
megabyte1,2767,14,1.8304375622797857
megabyte1,2768,14,2.024892702751947
megabyte1,2769,14,1.7299873813286453
megabyte1,2770,14,1.7094257921645326
megabyte1,2771,14,1.7324068672145168
megabyte1,2772,14,2.3362538574177285
megabyte1,2773,14,1.8001480273222388
megabyte1,2774,14,1.8378492901715398
megabyte1,2775,14,2.156547205163667
megabyte1,2776,14,1.8852866190824777
megabyte1,2777,14,1.7630929154143413
megabyte1,2778,14,1.7442232302211316
megabyte1,2779,14,2.0144335631361243
megabyte1,2780,14,1.810525141144168
megabyte1,2781,14,1.8717647186101982
megabyte1,2782,14,1.8565296565856382
megabyte1,2783,14,1.8496431788746825
megabyte1,2784,14,2.077133897204934
megabyte1,2785,14,1.7855884190327873
megabyte1,2786,14,1.9400669814569187
megabyte1,2787,14,2.0387128665845973
megabyte1,2788,14,1.629871989795429
megabyte1,2789,14,1.6889475341287739
megabyte1,2790,14,1.625365988953304
megabyte1,2791,14,1.9119514831939863
megabyte1,2792,14,2.1102923189242486
megabyte1,2793,14,1.8864069512171653
megabyte1,2794,14,1.5028633579302706
megabyte1,2795,14,1.863003450424144
megabyte1,2796,14,1.8665764022125892
megabyte1,2797,14,1.748110256040294
megabyte1,2798,14,1.7036395431918465
megabyte1,2799,14,1.7758015395123325
megabyte1,2800,14,1.9101664031144463
megabyte1,2801,14,1.7161265658131055
megabyte1,2802,14,2.121314106657437
megabyte1,2803,14,1.6722701556505142
megabyte1,2804,14,1.667427066536453
megabyte1,2805,14,1.932839207092717
megabyte1,2806,14,1.9873006146237668
megabyte1,2807,14,1.9198985071632888
megabyte1,2808,14,1.8110174252322264
megabyte1,2809,14,1.9178499525631199
megabyte1,2810,14,1.5593952992172782
megabyte1,2811,14,2.2031675428920297
megabyte1,2812,14,1.5898422514793629
megabyte1,2813,14,2.0471689855361594
megabyte1,2814,14,1.786464021155013
megabyte1,2815,14,1.4761502898214967
megabyte1,2816,14,1.5892178212783359
megabyte1,2817,14,1.8877050894326612
megabyte1,2818,14,1.7835964192248592
megabyte1,2819,14,1.2760126955519346
megabyte1,2820,14,2.013714916748104
megabyte1,2821,14,1.7216674502542737
megabyte1,2822,14,1.7086305823414645
megabyte1,2823,14,2.233215301281453
megabyte1,2824,14,2.115708380989308
megabyte1,2825,14,1.8221241739004717
megabyte1,2826,14,1.891689071571766
megabyte1,2827,14,1.4546679787391639
megabyte1,2828,14,1.716349319962338
megabyte1,2829,14,1.6848384946585895
megabyte1,2830,14,1.7428655934046653
megabyte1,2831,14,1.862539809080152
megabyte1,2832,14,2.258975062307166
megabyte1,2833,14,1.9513238755608568
megabyte1,2834,14,1.836257569158967
megabyte1,2835,14,1.7259071858512114
megabyte1,2836,14,1.5857178617409387
megabyte1,2837,14,1.674532880757381
megabyte1,2838,14,1.7511969788929878
megabyte1,2839,14,1.7556518654496351
megabyte1,2840,14,1.8040203540351756
megabyte1,2841,14,1.6981102722660977
megabyte1,2842,14,2.0065880373227185
megabyte1,2843,14,1.5931543835575908
megabyte1,2844,14,1.6924638723041616
megabyte1,2845,14,2.130834111304505
megabyte1,2846,14,1.8195527144844257
megabyte1,2847,14,1.8721986685598984
megabyte1,2848,14,2.190964619866253
megabyte1,2849,14,1.7671353280850535
megabyte1,2850,14,1.9436406354806302
megabyte1,2851,14,1.8534330931922909
megabyte1,2852,14,1.6376935703169824
megabyte1,2853,14,1.8663502851845235
megabyte1,2854,14,2.0352581000692456
megabyte1,2855,14,1.7942981312676618
megabyte1,2856,14,1.8887597219626742
megabyte1,2857,14,2.1529231884444937
megabyte1,2858,14,1.6060750121294756
megabyte1,2859,14,1.9342000406408801
megabyte1,2860,14,1.7696545556561714
megabyte1,2861,14,1.7535131792618481
megabyte1,2862,14,1.6959243911298088
megabyte1,2863,14,1.5906657407853937
megabyte1,2864,14,1.374489630545104
megabyte1,2865,14,2.0997135596552505
megabyte1,2866,14,1.8311797497527278
megabyte1,2867,14,1.697460917256205
megabyte1,2868,14,1.757039136501458
megabyte1,2869,14,1.9248819786767282
megabyte1,2870,14,1.7765937736565134
megabyte1,2871,14,1.3609104029910113
megabyte1,2872,14,1.9848827442537333
megabyte1,2873,14,1.8933390444560825
megabyte1,2874,14,1.8099942561648465
megabyte1,2875,14,1.9553259423221772
megabyte1,2876,14,1.633563181267341
megabyte1,2877,14,1.5459109807197497
megabyte1,2878,14,2.1366090987742865
megabyte1,2879,14,1.8633042208032886
megabyte1,2880,14,1.9704834061022054
megabyte1,2881,14,1.971372047861454
megabyte1,2882,14,1.7796200619756328
megabyte1,2883,14,1.679403033620474
megabyte1,2884,14,2.1312759482261625
megabyte1,2885,14,1.450194878318275
megabyte1,2886,14,1.7668085697906244
megabyte1,2887,14,1.874955772425315
megabyte1,2888,14,1.9449501325240632
megabyte1,2889,14,2.155479351717861
megabyte1,2890,14,1.6267156016866193
megabyte1,2891,14,1.5162455812803155
megabyte1,2892,14,2.004386277818361
megabyte1,2893,14,1.8911265975384595
megabyte1,2894,14,1.971073627471488
megabyte1,2895,14,1.5599450737831468
megabyte1,2896,14,2.0565439979721085
megabyte1,2897,14,1.7341188241654795
megabyte1,2898,14,1.8430604016988619
megabyte1,2899,14,1.5837308601443911
megabyte1,2900,14,2.009909435482009
megabyte1,2901,14,1.6225380804888103
megabyte1,2902,14,1.9287688285819955
megabyte1,2903,14,1.9500890408109313
megabyte1,2904,14,1.4507449822397405
megabyte1,2905,14,1.9380623591094672
megabyte1,2906,14,1.6511788917123797
megabyte1,2907,14,2.052597235621913
megabyte1,2908,14,1.9907344549241393
megabyte1,2909,14,1.805713457620947
megabyte1,2910,14,1.6980437119840155
megabyte1,2911,14,2.1323411868296493
megabyte1,2912,14,2.0318950186135942
megabyte1,2913,14,1.6272341758228832
megabyte1,2914,14,1.8853488999946248
megabyte1,2915,14,1.8696565195056807
megabyte1,2916,14,1.5855324644577518
megabyte1,2917,14,1.8209321223547446
megabyte1,2918,14,1.6722572192553762
megabyte1,2919,14,1.673138650342543
megabyte1,2920,14,2.158186948441235
megabyte1,2921,14,1.914282367416638
megabyte1,2922,14,2.2767540005289764
megabyte1,2923,14,2.0485456521968843
megabyte1,2924,14,1.7298323735435568
megabyte1,2925,14,1.8509074015003653
megabyte1,2926,14,1.9819176760949266
megabyte1,2927,14,1.6876246315375865
megabyte1,2928,14,1.884329817512827
megabyte1,2929,14,1.95450206778944
megabyte1,2930,14,1.740271370303798
megabyte1,2931,14,1.6707845370957206
megabyte1,2932,14,1.8596320834422149
megabyte1,2933,14,1.8236046652300906
megabyte1,2934,14,1.828633947136766
megabyte1,2935,14,1.898129022942667
megabyte1,2936,14,2.1056589349158665
megabyte1,2937,14,2.2938353567439758
megabyte1,2938,14,1.9681229741936312
megabyte1,2939,14,2.0421126132962972
megabyte1,2940,14,2.123857043204317
megabyte1,2941,14,1.8128876923685713
megabyte1,2942,14,1.8199667917252784
megabyte1,2943,14,1.7011829470170527
megabyte1,2944,14,1.934795511926076
megabyte1,2945,14,1.8287709268009793
megabyte1,2946,14,1.8056338881923513
megabyte1,2947,14,1.7395911793197747
megabyte1,2948,14,1.4562867591210045
megabyte1,2949,14,2.28056197450572
megabyte1,2950,14,1.9720885974638327
megabyte1,2951,14,1.9290636826105076
megabyte1,2952,14,2.0993487147928547
megabyte1,2953,14,2.2247231897403226
megabyte1,2954,14,1.6141071029287057
megabyte1,2955,14,1.8244373111253434
megabyte1,2956,14,1.7602958119525096
megabyte1,2957,14,1.8899152906754415
megabyte1,2958,14,2.1670540392266324
megabyte1,2959,14,1.9350669177249376
megabyte1,2960,14,1.5308482557720566
megabyte1,2961,14,1.709987607635745
megabyte1,2962,14,2.0435778152384043
megabyte1,2963,14,1.7880235473421264
megabyte1,2964,14,1.9418004542229956
megabyte1,2965,14,1.9752351857165074
megabyte1,2966,14,1.9322430966051733
megabyte1,2967,14,1.8150826578725194
megabyte1,2968,14,1.7216881811264577
megabyte1,2969,14,1.8422010184098379
megabyte1,2970,14,1.928142037970229
megabyte1,2971,14,1.785342986470943
megabyte1,2972,14,2.0149959189326148
megabyte1,2973,14,1.7911601328539868
megabyte1,2974,14,2.1036034015284217
megabyte1,2975,14,1.9416977165545113
megabyte1,2976,14,1.9318053760128484
megabyte1,2977,14,1.9227344571929745
megabyte1,2978,14,1.823462525334288
megabyte1,2979,14,1.8005726900465606
megabyte1,2980,14,1.8428737742884422
megabyte1,2981,14,1.7695486197257868
megabyte1,2982,14,1.5478006007451037
megabyte1,2983,14,1.8643836546127364
megabyte1,2984,14,1.8608267524950484
megabyte1,2985,14,1.7921390299372957
megabyte1,2986,14,1.6136769532840478
megabyte1,2987,14,1.9935470293295434
megabyte1,2988,14,1.9396643780984977
megabyte1,2989,14,1.7020926787060429
megabyte1,2990,14,1.6368186647894283
megabyte1,2991,14,1.5817788119034142
megabyte1,2992,14,1.705728861859452
megabyte1,2993,14,1.6874070343276535
megabyte1,2994,14,1.8783842652692424
megabyte1,2995,14,2.0872444077971966
megabyte1,2996,14,1.8205446822855094
megabyte1,2997,14,1.962377545984362
megabyte1,2998,14,1.9696341329851192
megabyte1,2999,14,1.753865079616002
megabyte1,3000,14,1.7836853624469904
megabyte1,3001,14,1.7825186590791164
megabyte1,3002,14,1.736598109649312
megabyte1,3003,14,1.773447230675506
megabyte1,3004,14,1.8138253512238351
megabyte1,3005,14,1.6455308158863846
megabyte1,3006,14,2.0170798439642454
megabyte1,3007,14,2.1871072465246857
megabyte1,3008,14,1.6552046873778907
megabyte1,3009,14,1.6226624009054234
megabyte1,3010,14,1.761706366123228
megabyte1,3011,14,1.58616847768384
megabyte1,3012,14,1.528311009673916
megabyte1,3013,14,1.703710232172934
megabyte1,3014,14,1.4902649417978733
megabyte1,3015,14,1.97676253164402
megabyte1,3016,14,1.9014014225425224
megabyte1,3017,14,1.6757927916985038
megabyte1,3018,14,1.5056200612469668
megabyte1,3019,14,1.597879374746233
megabyte1,3020,14,1.6112434168112073
megabyte1,3021,14,1.9525973433819463
megabyte1,3022,14,1.5836546660921254
megabyte1,3023,14,2.053631667170356
megabyte1,3024,14,1.658564558343674
megabyte1,3025,14,1.627607819396287
megabyte1,3026,14,1.4879373725994467
megabyte1,3027,14,1.7074509128651012
megabyte1,3028,14,2.02624843281272
megabyte1,3029,14,1.8373836704890683
megabyte1,3030,14,1.741345772518185
megabyte1,3031,14,2.0776730521482283
megabyte1,3032,14,2.1032837845127133
megabyte1,3033,14,1.9961580652705049
megabyte1,3034,14,1.6484021334724814
megabyte1,3035,14,1.647272684465587
megabyte1,3036,14,1.6404639781122623
megabyte1,3037,14,1.9872594039804512
megabyte1,3038,14,1.8367592145264797
megabyte1,3039,14,1.9408037363042079
megabyte1,3040,14,2.202346959154155
megabyte1,3041,14,1.597380367477036
megabyte1,3042,14,1.9063176689476276
megabyte1,3043,14,1.6265524933459765
megabyte1,3044,14,1.75284891722625
megabyte1,3045,14,2.0977063431446257
megabyte1,3046,14,1.7431314046431898
megabyte1,3047,14,1.609676973563909
megabyte1,3048,14,2.2206734866785243
megabyte1,3049,14,1.9022792333099934
megabyte1,3050,14,1.7981975822258023
megabyte1,3051,14,1.7451924842634035
megabyte1,3052,14,1.5495465763263907
megabyte1,3053,14,2.564152576878619
megabyte1,3054,14,1.7946792381568941
megabyte1,3055,14,1.9845178786155062
megabyte1,3056,14,1.9648002025355578
megabyte1,3057,14,2.0779726561471326
megabyte1,3058,14,1.6754304106589362
megabyte1,3059,14,1.5645917434922403
megabyte1,3060,14,1.8607087667077178
megabyte1,3061,14,1.9514892433795323
megabyte1,3062,14,2.0295089621490052
megabyte1,3063,14,1.7788914062222576
megabyte1,3064,14,1.8010391948724813
megabyte1,3065,14,1.649105002273744
megabyte1,3066,14,1.6370088474428655
megabyte1,3067,14,1.7618061194385852
megabyte1,3068,14,2.1099769838894153
megabyte1,3069,14,1.8791778789873745
megabyte1,3070,14,1.6800744740304265
megabyte1,3071,14,1.6597724230556208
