model,model_window_position,base_count,mean_bpb
megabyte1,0,17,2.017578125
megabyte1,1,17,1.9839154411764706
megabyte1,2,17,1.9836282169117647
megabyte1,3,17,1.955422794117647
megabyte1,4,17,2.085592830882353
megabyte1,5,17,2.0728400735294117
megabyte1,6,17,2.009765625
megabyte1,7,17,1.7724034926470589
megabyte1,8,17,2.002642463235294
megabyte1,9,17,1.8561868106617647
megabyte1,10,17,1.8786908318014706
megabyte1,11,17,1.6357780905330883
megabyte1,12,17,1.9029612821691178
megabyte1,13,17,1.8826868393841911
megabyte1,14,17,1.9428675034466911
megabyte1,15,17,1.8287281709558822
megabyte1,16,17,1.8218545352711397
megabyte1,17,17,1.6673332663143383
megabyte1,18,17,1.9678075453814339
megabyte1,19,17,1.8029641544117647
megabyte1,20,17,1.8965095071231617
megabyte1,21,17,1.7854318057789522
megabyte1,22,17,1.9863622328814339
megabyte1,23,17,1.8843742819393383
megabyte1,24,17,1.7798910701976103
megabyte1,25,17,1.7698211669921875
megabyte1,26,17,1.7806845272288603
megabyte1,27,17,1.7670844582950367
megabyte1,28,17,1.792715633616728
megabyte1,29,17,1.8061281092026655
megabyte1,30,17,2.116376091452206
megabyte1,31,17,1.7260113884420956
megabyte1,32,17,1.9368645163143383
megabyte1,33,17,1.9605492984547335
megabyte1,34,17,1.8807947495404411
megabyte1,35,17,1.6974433450137867
megabyte1,36,17,2.159863640280331
megabyte1,37,17,1.675796957576976
megabyte1,38,17,1.8645145191865808
megabyte1,39,17,1.77239990234375
megabyte1,40,17,1.820290958180147
megabyte1,41,17,1.9281364889705883
megabyte1,42,17,1.7128313849954044
megabyte1,43,17,1.9673641429227942
megabyte1,44,17,2.3627642463235294
megabyte1,45,17,1.7560101677389706
megabyte1,46,17,2.0688763786764706
megabyte1,47,17,2.0121208639705883
megabyte1,48,17,1.8947035845588236
megabyte1,49,17,1.8326056985294117
megabyte1,50,17,1.7868795955882353
megabyte1,51,17,1.9103285845588236
megabyte1,52,17,1.96484375
megabyte1,53,17,1.8060661764705883
megabyte1,54,17,1.9420955882352942
megabyte1,55,17,1.7865349264705883
megabyte1,56,17,1.8860294117647058
megabyte1,57,17,1.9214154411764706
megabyte1,58,17,2.0962775735294117
megabyte1,59,17,2.198931525735294
megabyte1,60,17,1.9600183823529411
megabyte1,61,17,1.8602366727941178
megabyte1,62,17,1.8081916360294117
megabyte1,63,17,1.8895335477941178
megabyte1,64,17,1.8891888786764706
megabyte1,65,17,1.9393956801470589
megabyte1,66,17,2.242876838235294
megabyte1,67,17,1.8955652573529411
megabyte1,68,17,1.7383961397058822
megabyte1,69,17,1.9452550551470589
megabyte1,70,17,2.003619025735294
megabyte1,71,17,1.9855238970588236
megabyte1,72,17,2.0098805147058822
megabyte1,73,17,1.8997012867647058
megabyte1,74,17,1.806008731617647
megabyte1,75,17,1.7057674632352942
megabyte1,76,17,2.1583180147058822
megabyte1,77,17,1.8393841911764706
megabyte1,78,17,1.8860294117647058
megabyte1,79,17,2.124942555147059
megabyte1,80,17,1.9910960477941178
megabyte1,81,17,1.884133731617647
megabyte1,82,17,1.814108455882353
megabyte1,83,17,1.8538028492647058
megabyte1,84,17,2.010454963235294
megabyte1,85,17,1.8112362132352942
megabyte1,86,17,2.005801930147059
megabyte1,87,17,1.9491038602941178
megabyte1,88,17,1.883444393382353
megabyte1,89,17,1.9832261029411764
megabyte1,90,17,1.8327780330882353
megabyte1,91,17,1.9246323529411764
megabyte1,92,17,2.0239545036764706
megabyte1,93,17,1.8838465073529411
megabyte1,94,17,1.8095703125
megabyte1,95,17,1.9401999080882353
megabyte1,96,17,1.9902918198529411
megabyte1,97,17,1.7533892463235294
megabyte1,98,17,1.9434168198529411
megabyte1,99,17,1.8567325367647058
megabyte1,100,17,1.9523782169117647
megabyte1,101,17,2.0196461397058822
megabyte1,102,17,2.0669806985294117
megabyte1,103,17,1.7790670955882353
megabyte1,104,17,2.031537224264706
megabyte1,105,17,1.9712488511029411
megabyte1,106,17,1.7602826286764706
megabyte1,107,17,1.8520795036764706
megabyte1,108,17,1.8808019301470589
megabyte1,109,17,1.8835018382352942
megabyte1,110,17,1.9812155330882353
megabyte1,111,17,1.8246208639705883
megabyte1,112,17,1.8934972426470589
megabyte1,113,17,2.0272288602941178
megabyte1,114,17,1.9457146139705883
megabyte1,115,17,1.831686580882353
megabyte1,116,17,1.9255514705882353
megabyte1,117,17,1.6387580422794117
megabyte1,118,17,1.9953756893382353
megabyte1,119,17,1.7656932157628678
megabyte1,120,17,1.7570226332720589
megabyte1,121,17,1.6424919577205883
megabyte1,122,17,1.8425975126378678
megabyte1,123,17,1.931985294117647
megabyte1,124,17,1.9844324448529411
megabyte1,125,17,1.9735753676470589
megabyte1,126,17,1.7253561580882353
megabyte1,127,17,1.6877297794117647
megabyte1,128,17,1.6665972541360294
megabyte1,129,17,1.6909466911764706
megabyte1,130,17,1.955078125
megabyte1,131,17,1.843118106617647
megabyte1,132,17,1.6005141314338236
megabyte1,133,17,1.8040197035845589
megabyte1,134,17,1.7839786305147058
megabyte1,135,17,2.026079963235294
megabyte1,136,17,2.138327205882353
megabyte1,137,17,2.055721507352941
megabyte1,138,17,1.7385397518382353
megabyte1,139,17,1.9575482536764706
megabyte1,140,17,1.9391659007352942
megabyte1,141,17,1.9325597426470589
megabyte1,142,17,2.1645220588235294
megabyte1,143,17,1.711569393382353
megabyte1,144,17,1.9208409926470589
megabyte1,145,17,1.8820082720588236
megabyte1,146,17,1.7004825367647058
megabyte1,147,17,2.0046530330882355
megabyte1,148,17,1.866842830882353
megabyte1,149,17,1.8172679227941178
megabyte1,150,17,1.8785041360294117
megabyte1,151,17,2.0028435202205883
megabyte1,152,17,1.632180606617647
megabyte1,153,17,1.8465647977941178
megabyte1,154,17,1.7479319852941178
megabyte1,155,17,1.7821188534007353
megabyte1,156,17,2.124080882352941
megabyte1,157,17,1.9971277573529411
megabyte1,158,17,1.6454503676470589
megabyte1,159,17,1.6450769761029411
megabyte1,160,17,1.8509880514705883
megabyte1,161,17,1.812155330882353
megabyte1,162,17,1.8161190257352942
megabyte1,163,17,1.716208065257353
megabyte1,164,17,1.7198127297794117
megabyte1,165,17,1.8221399643841911
megabyte1,166,17,1.9686207490808822
megabyte1,167,17,1.8398365693933822
megabyte1,168,17,1.8576085707720589
megabyte1,169,17,1.8184168198529411
megabyte1,170,17,1.8908404181985294
megabyte1,171,17,2.0724954044117645
megabyte1,172,17,2.0409007352941178
megabyte1,173,17,1.821633731617647
megabyte1,174,17,1.9696116727941178
megabyte1,175,17,1.8585994944852942
megabyte1,176,17,1.640481387867647
megabyte1,177,17,1.8416245404411764
megabyte1,178,17,1.8921185661764706
megabyte1,179,17,2.0058306525735294
megabyte1,180,17,1.6581241383272058
megabyte1,181,17,1.9502814797794117
megabyte1,182,17,1.95703125
megabyte1,183,17,1.8551815257352942
megabyte1,184,17,1.8660386029411764
megabyte1,185,17,1.9044117647058822
megabyte1,186,17,2.1011029411764706
megabyte1,187,17,1.8038832720588236
megabyte1,188,17,1.9102711397058822
megabyte1,189,17,1.8587718290441178
megabyte1,190,17,1.8420553768382353
megabyte1,191,17,2.114889705882353
megabyte1,192,17,2.0033892463235294
megabyte1,193,17,1.9346852022058822
megabyte1,194,17,1.8250229779411764
megabyte1,195,17,2.3700022977941178
megabyte1,196,17,1.9541015625
megabyte1,197,17,1.9852941176470589
megabyte1,198,17,1.9528377757352942
megabyte1,199,17,1.5656020220588236
megabyte1,200,17,1.9422104779411764
megabyte1,201,17,1.6848575367647058
megabyte1,202,17,1.9669692095588236
megabyte1,203,17,1.807272518382353
megabyte1,204,17,2.141659007352941
megabyte1,205,17,1.9260684742647058
megabyte1,206,17,1.7287454044117647
megabyte1,207,17,1.7013442095588236
megabyte1,208,17,2.165958180147059
megabyte1,209,17,2.1423483455882355
megabyte1,210,17,2.0314654181985294
megabyte1,211,17,2.1183938419117645
megabyte1,212,17,2.0017807904411766
megabyte1,213,17,2.1225873161764706
megabyte1,214,17,2.002642463235294
megabyte1,215,17,1.919921875
megabyte1,216,17,2.0291245404411766
megabyte1,217,17,1.8780445772058822
megabyte1,218,17,1.9538717830882353
megabyte1,219,17,1.8848805147058822
megabyte1,220,17,1.8269761029411764
megabyte1,221,17,1.8818359375
megabyte1,222,17,1.826803768382353
megabyte1,223,17,2.016946231617647
megabyte1,224,17,1.9617417279411764
megabyte1,225,17,1.7903262867647058
megabyte1,226,17,1.9816176470588236
megabyte1,227,17,1.9015969669117647
megabyte1,228,17,1.7821978400735294
megabyte1,229,17,1.9383616727941178
megabyte1,230,17,1.7610294117647058
megabyte1,231,17,1.6391027113970589
megabyte1,232,17,2.1945082720588234
megabyte1,233,17,1.7554859834558822
megabyte1,234,17,1.9678883272058822
megabyte1,235,17,1.7576976102941178
megabyte1,236,17,1.9337804457720589
megabyte1,237,17,1.9382467830882353
megabyte1,238,17,1.9229090073529411
megabyte1,239,17,1.9358340992647058
megabyte1,240,17,1.8574793198529411
megabyte1,241,17,1.8364545036764706
megabyte1,242,17,1.7980526194852942
megabyte1,243,17,1.880392635569853
megabyte1,244,17,1.7988783892463236
megabyte1,245,17,1.7982464958639706
megabyte1,246,17,1.457174862132353
megabyte1,247,17,1.9075999540441178
megabyte1,248,17,1.9136029411764706
megabyte1,249,17,1.5878619025735294
megabyte1,250,17,1.7761948529411764
megabyte1,251,17,1.888327205882353
megabyte1,252,17,1.9654900045955883
megabyte1,253,17,2.054141773897059
megabyte1,254,17,1.8355353860294117
megabyte1,255,17,2.0625861672794117
megabyte1,256,17,1.6963393267463236
megabyte1,257,17,1.913552676930147
megabyte1,258,17,1.7752793255974264
megabyte1,259,17,1.8157456341911764
megabyte1,260,17,1.8689611098345589
megabyte1,261,17,1.7201861213235294
megabyte1,262,17,1.8812973920036764
megabyte1,263,17,1.8285558363970589
megabyte1,264,17,1.769919002757353
megabyte1,265,17,1.678048526539522
megabyte1,266,17,1.9756433823529411
megabyte1,267,17,1.5589527803308822
megabyte1,268,17,1.7487218520220589
megabyte1,269,17,1.7870914234834558
megabyte1,270,17,1.9475528492647058
megabyte1,271,17,1.8455882352941178
megabyte1,272,17,1.7671760110294117
megabyte1,273,17,1.8672593060661764
megabyte1,274,17,1.7694091796875
megabyte1,275,17,2.380801930147059
megabyte1,276,17,1.8712948069852942
megabyte1,277,17,2.16015625
megabyte1,278,17,1.9194048713235294
megabyte1,279,17,1.9140625
megabyte1,280,17,1.833984375
megabyte1,281,17,2.374310661764706
megabyte1,282,17,1.7972771139705883
megabyte1,283,17,1.9607077205882353
megabyte1,284,17,1.759133731617647
megabyte1,285,17,1.6758961397058822
megabyte1,286,17,1.8869772518382353
megabyte1,287,17,2.138226677389706
megabyte1,288,17,1.7216222426470589
megabyte1,289,17,2.156307444852941
megabyte1,290,17,1.9169921875
megabyte1,291,17,1.8252527573529411
megabyte1,292,17,1.717428768382353
megabyte1,293,17,1.8036534926470589
megabyte1,294,17,1.6978831571691178
megabyte1,295,17,1.6746969784007353
megabyte1,296,17,1.6967198988970589
megabyte1,297,17,1.7115496467141544
megabyte1,298,17,1.569967830882353
megabyte1,299,17,2.1552590762867645
megabyte1,300,17,1.4877893784466911
megabyte1,301,17,2.1308952780330883
megabyte1,302,17,1.7646915211397058
megabyte1,303,17,1.7760943244485294
megabyte1,304,17,1.5647762522977942
megabyte1,305,17,2.0431410845588234
megabyte1,306,17,1.8174294864430147
megabyte1,307,17,2.094439338235294
megabyte1,308,17,1.7996323529411764
megabyte1,309,17,1.9485904469209558
megabyte1,310,17,2.0079273897058822
megabyte1,311,17,1.767578125
megabyte1,312,17,1.5772776884191178
megabyte1,313,17,1.871438419117647
megabyte1,314,17,2.0098805147058822
megabyte1,315,17,2.0180951286764706
megabyte1,316,17,1.8902228860294117
megabyte1,317,17,1.8049747242647058
megabyte1,318,17,1.8002642463235294
megabyte1,319,17,1.7597081801470589
megabyte1,320,17,1.7272805606617647
megabyte1,321,17,1.7088120404411764
megabyte1,322,17,1.9497357536764706
megabyte1,323,17,1.746926700367647
megabyte1,324,17,1.8124425551470589
megabyte1,325,17,1.7367589613970589
megabyte1,326,17,2.1564223345588234
megabyte1,327,17,1.9995835248161764
megabyte1,328,17,1.8352481617647058
megabyte1,329,17,1.8613855698529411
megabyte1,330,17,1.9476677389705883
megabyte1,331,17,2.0234375
megabyte1,332,17,1.9503963694852942
megabyte1,333,17,1.8252240349264706
megabyte1,334,17,1.9917710248161764
megabyte1,335,17,1.7866677676930147
megabyte1,336,17,1.707497989430147
megabyte1,337,17,1.8692555147058822
megabyte1,338,17,2.0633616727941178
megabyte1,339,17,1.859335506663603
megabyte1,340,17,1.706277286305147
megabyte1,341,17,1.9434670840992647
megabyte1,342,17,1.615966796875
megabyte1,343,17,2.079388786764706
megabyte1,344,17,1.8738654641544117
megabyte1,345,17,1.749044979319853
megabyte1,346,17,1.765237247242647
megabyte1,347,17,1.6979262408088236
megabyte1,348,17,1.8038617302389706
megabyte1,349,17,2.093906178193934
megabyte1,350,17,2.0745095645680145
megabyte1,351,17,1.7518597771139706
megabyte1,352,17,2.162166819852941
megabyte1,353,17,1.9035500919117647
megabyte1,354,17,1.8794232536764706
megabyte1,355,17,1.9772518382352942
megabyte1,356,17,1.8751148897058822
megabyte1,357,17,1.7632697610294117
megabyte1,358,17,1.6194781135110294
megabyte1,359,17,2.0046530330882355
megabyte1,360,17,1.925149356617647
megabyte1,361,17,1.9048138786764706
megabyte1,362,17,1.9081744025735294
megabyte1,363,17,1.8357077205882353
megabyte1,364,17,2.0261374080882355
megabyte1,365,17,1.8665268841911764
megabyte1,366,17,1.983254825367647
megabyte1,367,17,1.9484145220588236
megabyte1,368,17,1.915670955882353
megabyte1,369,17,1.8659237132352942
megabyte1,370,17,1.6995346966911764
megabyte1,371,17,1.8173540900735294
megabyte1,372,17,1.8733628216911764
megabyte1,373,17,2.0181525735294117
megabyte1,374,17,1.81494140625
megabyte1,375,17,1.6970071231617647
megabyte1,376,17,1.906881893382353
megabyte1,377,17,1.8623621323529411
megabyte1,378,17,1.7521254595588236
megabyte1,379,17,1.9545036764705883
megabyte1,380,17,1.824075137867647
megabyte1,381,17,1.8586282169117647
megabyte1,382,17,1.7293126723345589
megabyte1,383,17,1.7711684283088236
megabyte1,384,17,1.7085248161764706
megabyte1,385,17,2.050838694852941
megabyte1,386,17,1.8913143382352942
megabyte1,387,17,2.051470588235294
megabyte1,388,17,1.6787109375
megabyte1,389,17,1.8473690257352942
megabyte1,390,17,2.0266256893382355
megabyte1,391,17,2.0031020220588234
megabyte1,392,17,1.8869485294117647
megabyte1,393,17,1.9151539522058822
megabyte1,394,17,1.8982651654411764
megabyte1,395,17,1.9395105698529411
megabyte1,396,17,1.8332375919117647
megabyte1,397,17,1.800192440257353
megabyte1,398,17,1.8400160845588236
megabyte1,399,17,1.9426125919117647
megabyte1,400,17,1.6023739085477942
megabyte1,401,17,1.7364573759191178
megabyte1,402,17,2.0294692095588234
megabyte1,403,17,1.7007625804227942
megabyte1,404,17,1.5915670955882353
megabyte1,405,17,1.9688577090992647
megabyte1,406,17,2.466452205882353
megabyte1,407,17,1.7123736213235294
megabyte1,408,17,1.6539163028492647
megabyte1,409,17,1.8926642922794117
megabyte1,410,17,1.8046444163602942
megabyte1,411,17,1.6832347196691178
megabyte1,412,17,1.7469410615808822
megabyte1,413,17,2.1320657169117645
megabyte1,414,17,1.6138628791360294
megabyte1,415,17,1.6304357192095589
megabyte1,416,17,1.811868106617647
megabyte1,417,17,1.7121438419117647
megabyte1,418,17,2.0258501838235294
megabyte1,419,17,2.062212775735294
megabyte1,420,17,1.8580681295955883
megabyte1,421,17,1.8625631893382353
megabyte1,422,17,1.635476505055147
megabyte1,423,17,1.9906580307904411
megabyte1,424,17,1.6973230698529411
megabyte1,425,17,1.922219669117647
megabyte1,426,17,1.905618106617647
megabyte1,427,17,1.8619456571691178
megabyte1,428,17,1.8560862821691178
megabyte1,429,17,1.8438648897058822
megabyte1,430,17,1.9287109375
megabyte1,431,17,1.9855813419117647
megabyte1,432,17,1.667825137867647
megabyte1,433,17,2.0637925091911766
megabyte1,434,17,1.926901424632353
megabyte1,435,17,1.8567325367647058
megabyte1,436,17,1.7482192095588236
megabyte1,437,17,1.8003504136029411
megabyte1,438,17,1.8941291360294117
megabyte1,439,17,1.8676470588235294
megabyte1,440,17,1.6626443301930147
megabyte1,441,17,1.942727481617647
megabyte1,442,17,1.6278722426470589
megabyte1,443,17,1.8330365349264706
megabyte1,444,17,2.007180606617647
megabyte1,445,17,1.9100413602941178
megabyte1,446,17,1.7918629365808822
megabyte1,447,17,1.7622644761029411
megabyte1,448,17,1.7275677849264706
megabyte1,449,17,2.0105124080882355
megabyte1,450,17,1.508688534007353
megabyte1,451,17,1.9033777573529411
megabyte1,452,17,1.706198299632353
megabyte1,453,17,1.9148595473345589
megabyte1,454,17,1.8463062959558822
megabyte1,455,17,1.674704159007353
megabyte1,456,17,1.7539349724264706
megabyte1,457,17,1.6582390280330883
megabyte1,458,17,1.6110049977022058
megabyte1,459,17,1.6696920955882353
megabyte1,460,17,1.6008157169117647
megabyte1,461,17,1.7220961626838236
megabyte1,462,17,1.8698658662683822
megabyte1,463,17,2.2259593290441178
megabyte1,464,17,1.6555606617647058
megabyte1,465,17,1.6979190602022058
megabyte1,466,17,1.8728960822610294
megabyte1,467,17,1.7272805606617647
megabyte1,468,17,1.8715676700367647
megabyte1,469,17,1.5495425953584558
megabyte1,470,17,1.7498599781709558
megabyte1,471,17,1.8338479434742647
megabyte1,472,17,1.6071490119485294
megabyte1,473,17,1.8017721737132353
megabyte1,474,17,1.5829503676470589
megabyte1,475,17,1.9667178883272058
megabyte1,476,17,1.53497314453125
megabyte1,477,17,1.7577191521139706
megabyte1,478,17,1.622414981617647
megabyte1,479,17,2.110164866727941
megabyte1,480,17,1.763671875
megabyte1,481,17,1.6612620634191178
megabyte1,482,17,1.92724609375
megabyte1,483,17,1.8362534466911764
megabyte1,484,17,1.5258358226102942
megabyte1,485,17,1.9965245863970589
megabyte1,486,17,1.5226691750919117
megabyte1,487,17,1.90185546875
megabyte1,488,17,1.573568905101103
megabyte1,489,17,1.55364990234375
megabyte1,490,17,1.7237871955422794
megabyte1,491,17,1.5876321231617647
megabyte1,492,17,1.8157779469209558
megabyte1,493,17,1.9353673598345589
megabyte1,494,17,1.5199333639705883
megabyte1,495,17,1.6793033375459558
megabyte1,496,17,1.8592601102941178
megabyte1,497,17,1.9421817555147058
megabyte1,498,17,1.9254078584558822
megabyte1,499,17,1.6717242072610294
megabyte1,500,17,1.5931755514705883
megabyte1,501,17,1.7945484834558822
megabyte1,502,17,1.5804937026079964
megabyte1,503,17,1.7749454273897058
megabyte1,504,17,1.4198321174172794
megabyte1,505,17,1.7803380629595589
megabyte1,506,17,1.6794361787683822
megabyte1,507,17,1.8618451286764706
megabyte1,508,17,1.6893956801470589
megabyte1,509,17,2.0674294864430145
megabyte1,510,17,1.9382611443014706
megabyte1,511,17,1.884420955882353
megabyte1,512,17,1.7198558134191178
megabyte1,513,17,2.1388442095588234
megabyte1,514,17,1.8116526884191178
megabyte1,515,17,1.8870203354779411
megabyte1,516,17,1.9720746208639706
megabyte1,517,17,1.791159237132353
megabyte1,518,17,2.059024586397059
megabyte1,519,17,1.8614860983455883
megabyte1,520,17,2.009133731617647
megabyte1,521,17,1.5225255629595589
megabyte1,522,17,1.8379965389476103
megabyte1,523,17,2.2560317095588234
megabyte1,524,17,1.7590188419117647
megabyte1,525,17,1.8506290211397058
megabyte1,526,17,1.909524356617647
megabyte1,527,17,1.879477108226103
megabyte1,528,17,1.8169519761029411
megabyte1,529,17,1.9915699678308822
megabyte1,530,17,1.9745124368106617
megabyte1,531,17,2.0225471047794117
megabyte1,532,17,1.6675953584558822
megabyte1,533,17,1.6449046415441178
megabyte1,534,17,2.1041977826286766
megabyte1,535,17,1.5659036075367647
megabyte1,536,17,1.6720132266773897
megabyte1,537,17,1.5849250344669117
megabyte1,538,17,1.884604061351103
megabyte1,539,17,1.5929852653952206
megabyte1,540,17,2.3745404411764706
megabyte1,541,17,1.6271182789522058
megabyte1,542,17,1.8473008099724264
megabyte1,543,17,1.4422463809742647
megabyte1,544,17,1.776388729319853
megabyte1,545,17,1.7338723575367647
megabyte1,546,17,1.8865679572610294
megabyte1,547,17,2.0876393037683822
megabyte1,548,17,1.8549158432904411
megabyte1,549,17,1.7375631893382353
megabyte1,550,17,1.804055606617647
megabyte1,551,17,1.6744241153492647
megabyte1,552,17,1.798196231617647
megabyte1,553,17,1.899758731617647
megabyte1,554,17,1.6440357881433822
megabyte1,555,17,1.5948127297794117
megabyte1,556,17,1.9318380916819853
megabyte1,557,17,1.9506907743566178
megabyte1,558,17,1.8449276194852942
megabyte1,559,17,1.3894689223345589
megabyte1,560,17,1.8128374885110294
megabyte1,561,17,1.9106876148897058
megabyte1,562,17,1.6825920553768383
megabyte1,563,17,1.7444296444163603
megabyte1,564,17,2.016457950367647
megabyte1,565,17,1.7583510454963236
megabyte1,566,17,1.7423023897058822
megabyte1,567,17,1.8819759593290442
megabyte1,568,17,1.7779002470128678
megabyte1,569,17,2.0712603400735294
megabyte1,570,17,1.8435345818014706
megabyte1,571,17,1.9018195657169117
megabyte1,572,17,1.8252240349264706
megabyte1,573,17,1.9400275735294117
megabyte1,574,17,1.8434340533088236
megabyte1,575,17,1.7195255055147058
megabyte1,576,17,2.1078239889705883
megabyte1,577,17,1.9263269761029411
megabyte1,578,17,1.8159466911764706
megabyte1,579,17,1.9300896139705883
megabyte1,580,17,1.8585133272058822
megabyte1,581,17,1.8637264476102942
megabyte1,582,17,2.001665900735294
megabyte1,583,17,2.1301987591911766
megabyte1,584,17,1.7701775045955883
megabyte1,585,17,1.9634937959558822
megabyte1,586,17,1.7937586167279411
megabyte1,587,17,1.8590590533088236
megabyte1,588,17,1.9408892463235294
megabyte1,589,17,2.0233226102941178
megabyte1,590,17,2.0167738970588234
megabyte1,591,17,1.985006893382353
megabyte1,592,17,1.7473575367647058
megabyte1,593,17,1.6559340533088236
megabyte1,594,17,2.136374080882353
megabyte1,595,17,1.9927332261029411
megabyte1,596,17,1.7394588694852942
megabyte1,597,17,1.954345703125
megabyte1,598,17,1.8811753216911764
megabyte1,599,17,1.8741096047794117
megabyte1,600,17,1.8176700367647058
megabyte1,601,17,2.246639476102941
megabyte1,602,17,1.6317856732536764
megabyte1,603,17,1.9382970473345589
megabyte1,604,17,1.6263499540441178
megabyte1,605,17,2.3042853860294117
megabyte1,606,17,1.7043887867647058
megabyte1,607,17,1.7674632352941178
megabyte1,608,17,1.9800953584558822
megabyte1,609,17,2.3023322610294117
megabyte1,610,17,1.8695427389705883
megabyte1,611,17,1.7984906364889706
megabyte1,612,17,1.9708754595588236
megabyte1,613,17,1.8182732077205883
megabyte1,614,16,1.73236083984375
megabyte1,615,16,1.71728515625
megabyte1,616,16,1.91546630859375
megabyte1,617,16,1.814544677734375
megabyte1,618,16,1.75103759765625
megabyte1,619,16,1.92156982421875
megabyte1,620,16,1.8733596801757812
megabyte1,621,16,1.82269287109375
megabyte1,622,16,1.759674072265625
megabyte1,623,16,1.7270927429199219
megabyte1,624,16,1.9249267578125
megabyte1,625,16,1.722564697265625
megabyte1,626,16,1.898712158203125
megabyte1,627,16,1.90625
megabyte1,628,16,2.388427734375
megabyte1,629,16,1.747161865234375
megabyte1,630,16,1.9989013671875
megabyte1,631,16,1.77490234375
megabyte1,632,16,1.898193359375
megabyte1,633,16,1.88226318359375
megabyte1,634,16,1.8740234375
megabyte1,635,16,1.79644775390625
megabyte1,636,16,1.7239990234375
megabyte1,637,16,1.750091552734375
megabyte1,638,16,1.81976318359375
megabyte1,639,16,2.1561279296875
megabyte1,640,16,1.900909423828125
megabyte1,641,16,1.88818359375
megabyte1,642,16,2.2662353515625
megabyte1,643,16,1.88165283203125
megabyte1,644,16,1.9154052734375
megabyte1,645,16,1.99871826171875
megabyte1,646,16,1.83966064453125
megabyte1,647,16,1.79364013671875
megabyte1,648,16,1.7991943359375
megabyte1,649,16,2.0775146484375
megabyte1,650,16,2.046478271484375
megabyte1,651,16,1.83306884765625
megabyte1,652,16,1.729736328125
megabyte1,653,16,1.90234375
megabyte1,654,16,1.851104736328125
megabyte1,655,16,1.855010986328125
megabyte1,656,16,1.9261016845703125
megabyte1,657,16,2.0069580078125
megabyte1,658,16,1.77044677734375
megabyte1,659,16,2.14996337890625
megabyte1,660,16,1.74505615234375
megabyte1,661,16,2.0892333984375
megabyte1,662,16,1.7484130859375
megabyte1,663,16,1.93243408203125
megabyte1,664,16,1.88250732421875
megabyte1,665,16,1.87646484375
megabyte1,666,16,1.76055908203125
megabyte1,667,16,1.886993408203125
megabyte1,668,16,2.01776123046875
megabyte1,669,16,1.98724365234375
megabyte1,670,16,1.63287353515625
megabyte1,671,16,1.7973251342773438
megabyte1,672,16,1.91839599609375
megabyte1,673,16,1.82550048828125
megabyte1,674,16,1.7611083984375
megabyte1,675,16,1.8712158203125
megabyte1,676,16,1.73553466796875
megabyte1,677,16,2.01177978515625
megabyte1,678,16,1.79925537109375
megabyte1,679,16,1.79144287109375
megabyte1,680,16,1.76019287109375
megabyte1,681,16,1.583740234375
megabyte1,682,16,2.0545654296875
megabyte1,683,16,1.6503896713256836
megabyte1,684,16,1.905029296875
megabyte1,685,16,1.75323486328125
megabyte1,686,16,1.7872314453125
megabyte1,687,16,2.0379638671875
megabyte1,688,16,1.5795364379882812
megabyte1,689,16,1.8205718994140625
megabyte1,690,16,1.8465042114257812
megabyte1,691,16,1.8939437866210938
megabyte1,692,16,1.6060562133789062
megabyte1,693,16,1.7345161437988281
megabyte1,694,16,1.7856826782226562
megabyte1,695,16,2.119598388671875
megabyte1,696,16,2.1208763122558594
megabyte1,697,16,1.7705020904541016
megabyte1,698,16,1.6708507537841797
megabyte1,699,16,1.950653076171875
megabyte1,700,16,2.022247314453125
megabyte1,701,16,2.04742431640625
megabyte1,702,16,1.63336181640625
megabyte1,703,16,1.609832763671875
megabyte1,704,16,2.00189208984375
megabyte1,705,16,1.825439453125
megabyte1,706,16,1.639984130859375
megabyte1,707,16,1.894317626953125
megabyte1,708,16,2.35406494140625
megabyte1,709,16,1.898712158203125
megabyte1,710,16,1.7819061279296875
megabyte1,711,16,2.000823974609375
megabyte1,712,16,2.0059814453125
megabyte1,713,16,1.7560043334960938
megabyte1,714,16,2.16351318359375
megabyte1,715,16,1.81280517578125
megabyte1,716,16,1.7189178466796875
megabyte1,717,16,1.785186767578125
megabyte1,718,16,1.7577133178710938
megabyte1,719,16,1.80194091796875
megabyte1,720,16,1.8524322509765625
megabyte1,721,16,1.803863525390625
megabyte1,722,16,1.7294692993164062
megabyte1,723,16,1.837493896484375
megabyte1,724,16,1.89739990234375
megabyte1,725,16,1.7029953002929688
megabyte1,726,16,1.7414169311523438
megabyte1,727,16,1.822052001953125
megabyte1,728,16,1.9231719970703125
megabyte1,729,16,1.6893539428710938
megabyte1,730,16,1.768585205078125
megabyte1,731,16,1.88079833984375
megabyte1,732,16,2.15802001953125
megabyte1,733,16,1.7911758422851562
megabyte1,734,16,1.6600189208984375
megabyte1,735,16,1.9517745971679688
megabyte1,736,16,2.1328125
megabyte1,737,16,1.7126312255859375
megabyte1,738,16,2.0765838623046875
megabyte1,739,16,1.7837905883789062
megabyte1,740,16,1.6807174682617188
megabyte1,741,16,1.93994140625
megabyte1,742,16,1.741180419921875
megabyte1,743,16,1.79266357421875
megabyte1,744,16,2.09002685546875
megabyte1,745,16,1.9343376159667969
megabyte1,746,16,2.02606201171875
megabyte1,747,16,1.620574951171875
megabyte1,748,16,1.8960552215576172
megabyte1,749,16,1.7311477661132812
megabyte1,750,16,1.8967742919921875
megabyte1,751,16,1.8606176376342773
megabyte1,752,16,1.8433876037597656
megabyte1,753,16,1.747894287109375
megabyte1,754,16,1.86041259765625
megabyte1,755,16,1.5390701293945312
megabyte1,756,16,1.853759765625
megabyte1,757,16,2.4461669921875
megabyte1,758,16,2.05712890625
megabyte1,759,16,2.04986572265625
megabyte1,760,16,1.7791748046875
megabyte1,761,16,1.738037109375
megabyte1,762,16,1.73663330078125
megabyte1,763,16,1.7947235107421875
megabyte1,764,16,1.8001384735107422
megabyte1,765,16,1.5067052841186523
megabyte1,766,16,1.647867202758789
megabyte1,767,16,1.9644737243652344
megabyte1,768,16,1.80908203125
megabyte1,769,16,1.79248046875
megabyte1,770,16,1.906982421875
megabyte1,771,16,1.77252197265625
megabyte1,772,16,1.6522216796875
megabyte1,773,16,2.1298828125
megabyte1,774,16,1.98291015625
megabyte1,775,16,1.8317108154296875
megabyte1,776,16,1.603363037109375
megabyte1,777,16,1.9287109375
megabyte1,778,16,1.89569091796875
megabyte1,779,16,1.90374755859375
megabyte1,780,16,1.62091064453125
megabyte1,781,16,1.97772216796875
megabyte1,782,16,1.75634765625
megabyte1,783,16,1.92913818359375
megabyte1,784,16,1.8651771545410156
megabyte1,785,16,2.0558929443359375
megabyte1,786,16,1.8596038818359375
megabyte1,787,16,1.8245697021484375
megabyte1,788,16,1.8081512451171875
megabyte1,789,16,1.737274169921875
megabyte1,790,16,1.8707656860351562
megabyte1,791,16,1.89434814453125
megabyte1,792,16,1.79443359375
megabyte1,793,16,1.9638671875
megabyte1,794,16,1.832000732421875
megabyte1,795,16,1.894775390625
megabyte1,796,16,1.540090560913086
megabyte1,797,16,1.7543144226074219
megabyte1,798,16,1.8418655395507812
megabyte1,799,16,2.0298328399658203
megabyte1,800,16,1.961350917816162
megabyte1,801,16,1.8155059814453125
megabyte1,802,16,1.7630033493041992
megabyte1,803,16,1.7488861083984375
megabyte1,804,16,2.0166778564453125
megabyte1,805,16,1.88946533203125
megabyte1,806,16,1.8655014038085938
megabyte1,807,16,1.77349853515625
megabyte1,808,16,2.1171875
megabyte1,809,16,1.9459228515625
megabyte1,810,16,1.9356689453125
megabyte1,811,16,1.7060422897338867
megabyte1,812,16,1.853546142578125
megabyte1,813,16,1.634918212890625
megabyte1,814,16,1.7781939506530762
megabyte1,815,16,1.9375667572021484
megabyte1,816,16,1.5638427734375
megabyte1,817,16,1.9721527099609375
megabyte1,818,16,1.7269172668457031
megabyte1,819,16,1.8294754028320312
megabyte1,820,16,1.6025238037109375
megabyte1,821,16,1.8486652374267578
megabyte1,822,16,2.1483154296875
megabyte1,823,16,2.005126953125
megabyte1,824,16,1.82513427734375
megabyte1,825,16,1.8808135986328125
megabyte1,826,16,1.8264083862304688
megabyte1,827,16,1.7403669357299805
megabyte1,828,16,1.96923828125
megabyte1,829,16,1.89288330078125
megabyte1,830,16,1.74713134765625
megabyte1,831,16,1.9583740234375
megabyte1,832,16,1.80743408203125
megabyte1,833,16,1.8563232421875
megabyte1,834,16,1.693115234375
megabyte1,835,16,1.99688720703125
megabyte1,836,16,1.95703125
megabyte1,837,16,1.7009506225585938
megabyte1,838,16,1.7616539001464844
megabyte1,839,16,1.8021793365478516
megabyte1,840,16,2.06390380859375
megabyte1,841,16,2.05267333984375
megabyte1,842,16,1.821563720703125
megabyte1,843,16,2.0371856689453125
megabyte1,844,16,1.716421127319336
megabyte1,845,16,1.5798492431640625
megabyte1,846,16,1.916229248046875
megabyte1,847,16,1.7393417358398438
megabyte1,848,16,1.915069580078125
megabyte1,849,16,1.52313232421875
megabyte1,850,16,2.189178466796875
megabyte1,851,16,1.5775070190429688
megabyte1,852,16,1.6743927001953125
megabyte1,853,16,1.5792961120605469
megabyte1,854,16,2.25994873046875
megabyte1,855,16,1.9415283203125
megabyte1,856,16,1.752288818359375
megabyte1,857,16,1.768096923828125
megabyte1,858,16,1.812103271484375
megabyte1,859,16,1.4485816955566406
megabyte1,860,16,2.03851318359375
megabyte1,861,16,2.025634765625
megabyte1,862,16,1.93463134765625
megabyte1,863,16,1.897705078125
megabyte1,864,16,1.879150390625
megabyte1,865,16,2.17608642578125
megabyte1,866,16,1.81878662109375
megabyte1,867,16,2.2083740234375
megabyte1,868,16,1.95404052734375
megabyte1,869,16,1.7403564453125
megabyte1,870,16,1.78277587890625
megabyte1,871,16,1.694122314453125
megabyte1,872,16,1.801971435546875
megabyte1,873,16,1.81085205078125
megabyte1,874,16,1.8743896484375
megabyte1,875,16,2.17431640625
megabyte1,876,16,1.85638427734375
megabyte1,877,16,1.77978515625
megabyte1,878,16,2.03851318359375
megabyte1,879,16,1.8885498046875
megabyte1,880,16,2.04840087890625
megabyte1,881,16,1.76251220703125
megabyte1,882,16,1.80340576171875
megabyte1,883,16,1.992919921875
megabyte1,884,16,2.019775390625
megabyte1,885,16,1.80877685546875
megabyte1,886,16,1.95751953125
megabyte1,887,16,1.87774658203125
megabyte1,888,16,2.02117919921875
megabyte1,889,16,1.99664306640625
megabyte1,890,16,1.91644287109375
megabyte1,891,16,1.812744140625
megabyte1,892,16,1.8125
megabyte1,893,16,2.13372802734375
megabyte1,894,16,1.931640625
megabyte1,895,16,1.85565185546875
megabyte1,896,16,1.87744140625
megabyte1,897,16,1.9384765625
megabyte1,898,16,1.887603759765625
megabyte1,899,16,2.16387939453125
megabyte1,900,16,1.7302093505859375
megabyte1,901,16,1.7035675048828125
megabyte1,902,16,1.8714599609375
megabyte1,903,16,1.624847412109375
megabyte1,904,16,1.807037353515625
megabyte1,905,16,2.10150146484375
megabyte1,906,16,1.718231201171875
megabyte1,907,16,1.946014404296875
megabyte1,908,16,2.10198974609375
megabyte1,909,16,1.871337890625
megabyte1,910,16,1.68603515625
megabyte1,911,16,1.845977783203125
megabyte1,912,16,2.15521240234375
megabyte1,913,16,2.160308837890625
megabyte1,914,16,1.83782958984375
megabyte1,915,16,2.17376708984375
megabyte1,916,16,1.88726806640625
megabyte1,917,16,1.779022216796875
megabyte1,918,16,2.07049560546875
megabyte1,919,16,1.8646240234375
megabyte1,920,16,1.920806884765625
megabyte1,921,16,1.85443115234375
megabyte1,922,16,1.7037353515625
megabyte1,923,16,1.9404296875
megabyte1,924,16,1.826171875
megabyte1,925,16,1.84130859375
megabyte1,926,16,1.88800048828125
megabyte1,927,16,1.70794677734375
megabyte1,928,16,1.7612457275390625
megabyte1,929,16,2.09088134765625
megabyte1,930,16,1.774322509765625
megabyte1,931,16,1.9615478515625
megabyte1,932,16,1.91131591796875
megabyte1,933,16,1.81817626953125
megabyte1,934,16,1.668121337890625
megabyte1,935,16,1.78460693359375
megabyte1,936,16,1.8392333984375
megabyte1,937,16,1.91204833984375
megabyte1,938,16,1.78277587890625
megabyte1,939,16,1.8095703125
megabyte1,940,16,1.781768798828125
megabyte1,941,16,1.662139892578125
megabyte1,942,16,1.72625732421875
megabyte1,943,16,1.6857147216796875
megabyte1,944,16,1.833038330078125
megabyte1,945,16,1.8851318359375
megabyte1,946,16,2.0220947265625
megabyte1,947,16,1.97650146484375
megabyte1,948,16,1.85675048828125
megabyte1,949,16,1.6829376220703125
megabyte1,950,16,1.79901123046875
megabyte1,951,16,1.6735305786132812
megabyte1,952,16,1.839385986328125
megabyte1,953,16,1.831298828125
megabyte1,954,16,1.72479248046875
megabyte1,955,16,1.9048004150390625
megabyte1,956,16,1.84552001953125
megabyte1,957,16,1.745330810546875
megabyte1,958,16,1.56976318359375
megabyte1,959,16,1.8477783203125
megabyte1,960,16,1.9025726318359375
megabyte1,961,16,1.802520751953125
megabyte1,962,16,1.7145004272460938
megabyte1,963,16,2.3271484375
megabyte1,964,16,2.065673828125
megabyte1,965,16,1.980316162109375
megabyte1,966,16,2.1578369140625
megabyte1,967,16,1.816650390625
megabyte1,968,16,2.1478271484375
megabyte1,969,16,1.911865234375
megabyte1,970,16,2.11334228515625
megabyte1,971,16,1.8271484375
megabyte1,972,16,1.8853759765625
megabyte1,973,16,1.689697265625
megabyte1,974,16,1.833740234375
megabyte1,975,16,1.76995849609375
megabyte1,976,16,1.89532470703125
megabyte1,977,16,1.677764892578125
megabyte1,978,16,1.828155517578125
megabyte1,979,16,1.7713623046875
megabyte1,980,16,1.72698974609375
megabyte1,981,16,1.8125457763671875
megabyte1,982,16,1.8128814697265625
megabyte1,983,16,1.9268798828125
megabyte1,984,16,1.81353759765625
megabyte1,985,16,1.780059814453125
megabyte1,986,16,1.93756103515625
megabyte1,987,16,1.851318359375
megabyte1,988,16,1.9251251220703125
megabyte1,989,16,1.70147705078125
megabyte1,990,16,1.843719482421875
megabyte1,991,16,1.7042236328125
megabyte1,992,16,1.885498046875
megabyte1,993,16,1.7434234619140625
megabyte1,994,16,1.74560546875
megabyte1,995,16,1.711822509765625
megabyte1,996,16,1.6591644287109375
megabyte1,997,16,1.722503662109375
megabyte1,998,16,1.784820556640625
megabyte1,999,16,1.9277572631835938
megabyte1,1000,16,1.81683349609375
megabyte1,1001,16,1.92578125
megabyte1,1002,16,1.64251708984375
megabyte1,1003,16,1.843353271484375
megabyte1,1004,16,1.78656005859375
megabyte1,1005,16,1.75787353515625
megabyte1,1006,16,1.919189453125
megabyte1,1007,16,2.04833984375
megabyte1,1008,16,1.832763671875
megabyte1,1009,16,1.945465087890625
megabyte1,1010,16,1.7587890625
megabyte1,1011,16,1.792388916015625
megabyte1,1012,16,2.0892333984375
megabyte1,1013,16,1.928192138671875
megabyte1,1014,16,1.88287353515625
megabyte1,1015,16,2.01959228515625
megabyte1,1016,16,1.696258544921875
megabyte1,1017,16,1.825714111328125
megabyte1,1018,16,2.34228515625
megabyte1,1019,16,1.8079833984375
megabyte1,1020,16,1.77923583984375
megabyte1,1021,16,1.776611328125
megabyte1,1022,16,2.1427001953125
megabyte1,1023,16,1.933441162109375
megabyte1,1024,16,1.9139862060546875
megabyte1,1025,16,1.716339111328125
megabyte1,1026,16,2.052734375
megabyte1,1027,16,2.05242919921875
megabyte1,1028,16,1.98699951171875
megabyte1,1029,16,1.790435791015625
megabyte1,1030,16,1.915985107421875
megabyte1,1031,16,1.667236328125
megabyte1,1032,16,1.95013427734375
megabyte1,1033,16,2.12939453125
megabyte1,1034,16,2.165771484375
megabyte1,1035,16,1.9324951171875
megabyte1,1036,16,1.8883056640625
megabyte1,1037,16,1.560821533203125
megabyte1,1038,16,1.84912109375
megabyte1,1039,16,2.00518798828125
megabyte1,1040,16,1.4669189453125
megabyte1,1041,16,1.82525634765625
megabyte1,1042,16,2.0369873046875
megabyte1,1043,16,1.975830078125
megabyte1,1044,16,1.92828369140625
megabyte1,1045,16,1.81341552734375
megabyte1,1046,16,1.95489501953125
megabyte1,1047,16,2.0433349609375
megabyte1,1048,16,1.96484375
megabyte1,1049,16,1.9381103515625
megabyte1,1050,16,1.78271484375
megabyte1,1051,16,1.9002685546875
megabyte1,1052,16,1.72369384765625
megabyte1,1053,16,1.79925537109375
megabyte1,1054,16,1.78265380859375
megabyte1,1055,16,2.0743408203125
megabyte1,1056,16,1.7364501953125
megabyte1,1057,16,1.9052734375
megabyte1,1058,16,1.7586669921875
megabyte1,1059,16,1.89520263671875
megabyte1,1060,16,1.717742919921875
megabyte1,1061,16,1.96527099609375
megabyte1,1062,16,1.625732421875
megabyte1,1063,16,1.64459228515625
megabyte1,1064,16,1.980621337890625
megabyte1,1065,16,1.83551025390625
megabyte1,1066,16,1.834136962890625
megabyte1,1067,16,1.8846435546875
megabyte1,1068,16,1.97259521484375
megabyte1,1069,16,1.81854248046875
megabyte1,1070,16,1.77117919921875
megabyte1,1071,16,1.992095947265625
megabyte1,1072,16,1.89422607421875
megabyte1,1073,16,1.85675048828125
megabyte1,1074,16,1.609588623046875
megabyte1,1075,16,2.12225341796875
megabyte1,1076,16,2.3072509765625
megabyte1,1077,16,1.8046875
megabyte1,1078,16,2.33447265625
megabyte1,1079,16,1.88421630859375
megabyte1,1080,16,1.9501953125
megabyte1,1081,16,1.8072509765625
megabyte1,1082,16,1.82940673828125
megabyte1,1083,16,1.93133544921875
megabyte1,1084,16,1.7652587890625
megabyte1,1085,16,2.08740234375
megabyte1,1086,16,2.01806640625
megabyte1,1087,16,1.8614501953125
megabyte1,1088,16,1.9200439453125
megabyte1,1089,16,1.72052001953125
megabyte1,1090,16,1.8297119140625
megabyte1,1091,16,1.67694091796875
megabyte1,1092,16,1.96954345703125
megabyte1,1093,16,2.0089111328125
megabyte1,1094,16,1.7845458984375
megabyte1,1095,16,1.87249755859375
megabyte1,1096,16,1.78277587890625
megabyte1,1097,16,1.9757080078125
megabyte1,1098,16,1.92828369140625
megabyte1,1099,16,1.7911376953125
megabyte1,1100,16,1.80255126953125
megabyte1,1101,16,1.9873046875
megabyte1,1102,16,1.805572509765625
megabyte1,1103,16,1.87237548828125
megabyte1,1104,16,1.890869140625
megabyte1,1105,16,2.02874755859375
megabyte1,1106,16,2.0107421875
megabyte1,1107,16,1.92816162109375
megabyte1,1108,16,1.98809814453125
megabyte1,1109,16,1.9962158203125
megabyte1,1110,16,1.9127197265625
megabyte1,1111,16,1.771514892578125
megabyte1,1112,16,1.836669921875
megabyte1,1113,16,1.77923583984375
megabyte1,1114,16,1.66845703125
megabyte1,1115,16,1.8760986328125
megabyte1,1116,16,1.87847900390625
megabyte1,1117,16,1.8777885437011719
megabyte1,1118,16,1.90118408203125
megabyte1,1119,16,1.8367919921875
megabyte1,1120,16,1.7780265808105469
megabyte1,1121,16,1.8616943359375
megabyte1,1122,16,1.86236572265625
megabyte1,1123,16,2.0460205078125
megabyte1,1124,16,1.8726806640625
megabyte1,1125,16,2.15087890625
megabyte1,1126,16,1.88909912109375
megabyte1,1127,16,1.8465576171875
megabyte1,1128,16,1.9109344482421875
megabyte1,1129,16,1.8043060302734375
megabyte1,1130,16,1.9171142578125
megabyte1,1131,16,1.6763038635253906
megabyte1,1132,16,1.7611083984375
megabyte1,1133,16,1.757537841796875
megabyte1,1134,16,1.777252197265625
megabyte1,1135,16,1.9214210510253906
megabyte1,1136,16,1.72247314453125
megabyte1,1137,16,1.920623779296875
megabyte1,1138,16,1.64178466796875
megabyte1,1139,16,1.858367919921875
megabyte1,1140,16,1.84564208984375
megabyte1,1141,16,1.8100719451904297
megabyte1,1142,16,1.88226318359375
megabyte1,1143,16,1.999267578125
megabyte1,1144,16,1.63922119140625
megabyte1,1145,16,2.09576416015625
megabyte1,1146,16,1.8887786865234375
megabyte1,1147,16,1.7188568115234375
megabyte1,1148,16,1.813262939453125
megabyte1,1149,16,2.1986083984375
megabyte1,1150,16,1.80279541015625
megabyte1,1151,16,1.6520233154296875
megabyte1,1152,16,1.808349609375
megabyte1,1153,16,1.68646240234375
megabyte1,1154,16,1.86529541015625
megabyte1,1155,16,1.995849609375
megabyte1,1156,16,1.69140625
megabyte1,1157,16,2.04571533203125
megabyte1,1158,16,1.8140869140625
megabyte1,1159,16,1.708526611328125
megabyte1,1160,16,2.07867431640625
megabyte1,1161,16,1.99029541015625
megabyte1,1162,16,1.921417236328125
megabyte1,1163,16,2.21112060546875
megabyte1,1164,16,1.910400390625
megabyte1,1165,16,1.79522705078125
megabyte1,1166,16,1.89825439453125
megabyte1,1167,16,1.92938232421875
megabyte1,1168,16,1.698516845703125
megabyte1,1169,16,1.9696044921875
megabyte1,1170,16,1.83966064453125
megabyte1,1171,16,1.98565673828125
megabyte1,1172,16,1.77899169921875
megabyte1,1173,16,2.03076171875
megabyte1,1174,16,1.915618896484375
megabyte1,1175,16,1.9200439453125
megabyte1,1176,16,2.03729248046875
megabyte1,1177,16,1.99652099609375
megabyte1,1178,16,1.9815673828125
megabyte1,1179,16,2.0194091796875
megabyte1,1180,16,1.8953857421875
megabyte1,1181,16,2.03375244140625
megabyte1,1182,16,2.0587158203125
megabyte1,1183,16,1.7918701171875
megabyte1,1184,16,1.9619140625
megabyte1,1185,16,1.95733642578125
megabyte1,1186,16,1.91094970703125
megabyte1,1187,16,2.03216552734375
megabyte1,1188,16,1.9775390625
megabyte1,1189,16,1.985107421875
megabyte1,1190,16,1.9530029296875
megabyte1,1191,16,1.9287109375
megabyte1,1192,16,1.8785400390625
megabyte1,1193,16,2.0550537109375
megabyte1,1194,16,1.86981201171875
megabyte1,1195,16,1.8077392578125
megabyte1,1196,16,1.74932861328125
megabyte1,1197,16,1.825347900390625
megabyte1,1198,16,1.92022705078125
megabyte1,1199,16,1.854766845703125
megabyte1,1200,16,1.9403076171875
megabyte1,1201,16,2.12786865234375
megabyte1,1202,16,1.94061279296875
megabyte1,1203,16,1.8284912109375
megabyte1,1204,16,2.00921630859375
megabyte1,1205,16,1.8948974609375
megabyte1,1206,16,1.8184814453125
megabyte1,1207,16,1.80841064453125
megabyte1,1208,16,2.0491943359375
megabyte1,1209,16,2.245849609375
megabyte1,1210,16,1.86932373046875
megabyte1,1211,16,1.883544921875
megabyte1,1212,16,2.02020263671875
megabyte1,1213,16,1.84637451171875
megabyte1,1214,16,1.8057861328125
megabyte1,1215,16,1.72735595703125
megabyte1,1216,16,1.84124755859375
megabyte1,1217,16,1.74603271484375
megabyte1,1218,16,1.66387939453125
megabyte1,1219,16,1.8402099609375
megabyte1,1220,16,1.7891845703125
megabyte1,1221,16,2.01348876953125
megabyte1,1222,16,1.697906494140625
megabyte1,1223,16,1.99371337890625
megabyte1,1224,16,1.964599609375
megabyte1,1225,16,1.905517578125
megabyte1,1226,16,1.815185546875
megabyte1,1227,16,1.94970703125
megabyte1,1228,16,1.87567138671875
megabyte1,1229,16,1.87322998046875
megabyte1,1230,16,2.1258544921875
megabyte1,1231,16,1.79803466796875
megabyte1,1232,16,1.83203125
megabyte1,1233,16,1.682159423828125
megabyte1,1234,16,1.7198486328125
megabyte1,1235,16,1.85748291015625
megabyte1,1236,16,2.0087890625
megabyte1,1237,16,2.037841796875
megabyte1,1238,16,1.60784912109375
megabyte1,1239,16,2.0714111328125
megabyte1,1240,16,1.93072509765625
megabyte1,1241,16,1.8214111328125
megabyte1,1242,16,1.9117431640625
megabyte1,1243,16,1.8922119140625
megabyte1,1244,16,1.732940673828125
megabyte1,1245,16,1.972320556640625
megabyte1,1246,16,1.894805908203125
megabyte1,1247,16,2.19622802734375
megabyte1,1248,16,1.88323974609375
megabyte1,1249,16,1.97406005859375
megabyte1,1250,16,1.8394775390625
megabyte1,1251,16,1.6953125
megabyte1,1252,16,1.8460693359375
megabyte1,1253,16,1.81884765625
megabyte1,1254,16,1.57977294921875
megabyte1,1255,16,1.89739990234375
megabyte1,1256,16,1.76995849609375
megabyte1,1257,16,1.89453125
megabyte1,1258,16,1.8681640625
megabyte1,1259,16,1.838104248046875
megabyte1,1260,16,1.5180206298828125
megabyte1,1261,16,2.033233642578125
megabyte1,1262,16,1.79730224609375
megabyte1,1263,16,2.00067138671875
megabyte1,1264,16,2.0281982421875
megabyte1,1265,16,1.9952392578125
megabyte1,1266,16,1.754608154296875
megabyte1,1267,16,1.8037109375
megabyte1,1268,16,2.01129150390625
megabyte1,1269,16,1.97747802734375
megabyte1,1270,16,1.72308349609375
megabyte1,1271,16,1.689849853515625
megabyte1,1272,16,1.8211669921875
megabyte1,1273,16,1.719390869140625
megabyte1,1274,16,1.8260498046875
megabyte1,1275,16,1.8472900390625
megabyte1,1276,16,1.954254150390625
megabyte1,1277,16,1.86505126953125
megabyte1,1278,16,1.8688507080078125
megabyte1,1279,16,2.10540771484375
megabyte1,1280,16,1.8746337890625
megabyte1,1281,16,1.71002197265625
megabyte1,1282,16,2.107177734375
megabyte1,1283,16,1.8677978515625
megabyte1,1284,16,1.63677978515625
megabyte1,1285,16,1.877410888671875
megabyte1,1286,16,1.6175537109375
megabyte1,1287,16,1.9955978393554688
megabyte1,1288,16,1.8129653930664062
megabyte1,1289,16,2.04443359375
megabyte1,1290,16,1.76141357421875
megabyte1,1291,16,1.74658203125
megabyte1,1292,16,1.819091796875
megabyte1,1293,16,1.87255859375
megabyte1,1294,16,1.53662109375
megabyte1,1295,16,1.7130126953125
megabyte1,1296,16,1.5738067626953125
megabyte1,1297,16,1.5460433959960938
megabyte1,1298,16,1.835968017578125
megabyte1,1299,16,2.3582611083984375
megabyte1,1300,16,1.894927978515625
megabyte1,1301,16,1.64764404296875
megabyte1,1302,16,2.2242431640625
megabyte1,1303,16,1.801055908203125
megabyte1,1304,16,1.98333740234375
megabyte1,1305,16,1.87548828125
megabyte1,1306,16,2.0775604248046875
megabyte1,1307,16,1.79010009765625
megabyte1,1308,16,1.84759521484375
megabyte1,1309,16,2.0653076171875
megabyte1,1310,16,1.694366455078125
megabyte1,1311,16,1.7539443969726562
megabyte1,1312,16,1.62017822265625
megabyte1,1313,16,1.881011962890625
megabyte1,1314,16,1.9492416381835938
megabyte1,1315,16,1.6399688720703125
megabyte1,1316,16,1.9732666015625
megabyte1,1317,16,2.12786865234375
megabyte1,1318,16,1.8074760437011719
megabyte1,1319,16,1.82330322265625
megabyte1,1320,16,1.6138114929199219
megabyte1,1321,16,1.89569091796875
megabyte1,1322,16,1.572296142578125
megabyte1,1323,16,1.869171142578125
megabyte1,1324,16,1.6657867431640625
megabyte1,1325,16,1.720703125
megabyte1,1326,16,1.75103759765625
megabyte1,1327,16,1.8220672607421875
megabyte1,1328,16,1.71282958984375
megabyte1,1329,16,1.5664825439453125
megabyte1,1330,16,1.86224365234375
megabyte1,1331,16,1.9378662109375
megabyte1,1332,16,1.7430419921875
megabyte1,1333,16,1.931671142578125
megabyte1,1334,16,1.6343994140625
megabyte1,1335,16,1.91070556640625
megabyte1,1336,16,1.6505126953125
megabyte1,1337,16,1.81719970703125
megabyte1,1338,16,1.87548828125
megabyte1,1339,16,1.5125656127929688
megabyte1,1340,16,2.1099853515625
megabyte1,1341,16,1.8763427734375
megabyte1,1342,16,2.15203857421875
megabyte1,1343,16,1.798675537109375
megabyte1,1344,16,1.91424560546875
megabyte1,1345,16,1.89959716796875
megabyte1,1346,16,1.88165283203125
megabyte1,1347,16,1.877197265625
megabyte1,1348,16,2.04449462890625
megabyte1,1349,16,1.8077392578125
megabyte1,1350,16,2.122314453125
megabyte1,1351,16,1.673309326171875
megabyte1,1352,16,1.9056396484375
megabyte1,1353,16,1.757080078125
megabyte1,1354,16,1.7777099609375
megabyte1,1355,16,1.78973388671875
megabyte1,1356,16,1.88427734375
megabyte1,1357,16,1.83782958984375
megabyte1,1358,16,1.72442626953125
megabyte1,1359,16,1.9497528076171875
megabyte1,1360,16,1.91143798828125
megabyte1,1361,16,1.94964599609375
megabyte1,1362,16,1.70233154296875
megabyte1,1363,16,1.7999267578125
megabyte1,1364,16,2.1298828125
megabyte1,1365,16,1.8983154296875
megabyte1,1366,16,1.8692626953125
megabyte1,1367,16,1.93621826171875
megabyte1,1368,16,1.8499755859375
megabyte1,1369,16,1.7315673828125
megabyte1,1370,16,1.818115234375
megabyte1,1371,16,1.897125244140625
megabyte1,1372,16,1.85498046875
megabyte1,1373,16,2.09796142578125
megabyte1,1374,16,1.7359619140625
megabyte1,1375,16,1.97857666015625
megabyte1,1376,16,1.93255615234375
megabyte1,1377,16,1.787841796875
megabyte1,1378,16,1.93359375
megabyte1,1379,16,1.710784912109375
megabyte1,1380,16,1.789825439453125
megabyte1,1381,16,1.5552558898925781
megabyte1,1382,16,1.609222412109375
megabyte1,1383,16,1.7300262451171875
megabyte1,1384,16,1.6594598293304443
megabyte1,1385,16,1.7105712890625
megabyte1,1386,16,1.8858642578125
megabyte1,1387,16,1.73150634765625
megabyte1,1388,16,1.826263427734375
megabyte1,1389,16,1.9990234375
megabyte1,1390,16,1.890380859375
megabyte1,1391,16,1.99078369140625
megabyte1,1392,16,2.30859375
megabyte1,1393,16,1.7986869812011719
megabyte1,1394,16,1.704803466796875
megabyte1,1395,16,1.991455078125
megabyte1,1396,16,1.9130859375
megabyte1,1397,16,1.6907958984375
megabyte1,1398,16,1.81500244140625
megabyte1,1399,16,1.676422119140625
megabyte1,1400,16,1.59490966796875
megabyte1,1401,16,1.619781494140625
megabyte1,1402,16,1.957672119140625
megabyte1,1403,16,1.847412109375
megabyte1,1404,16,1.88726806640625
megabyte1,1405,16,1.74017333984375
megabyte1,1406,16,1.66656494140625
megabyte1,1407,16,1.67724609375
megabyte1,1408,16,1.95001220703125
megabyte1,1409,16,1.7342529296875
megabyte1,1410,16,1.9033203125
megabyte1,1411,16,1.84906005859375
megabyte1,1412,16,1.8831787109375
megabyte1,1413,16,1.733123779296875
megabyte1,1414,16,1.65863037109375
megabyte1,1415,16,1.7757720947265625
megabyte1,1416,16,1.8582763671875
megabyte1,1417,16,1.903564453125
megabyte1,1418,16,1.60406494140625
megabyte1,1419,16,1.800628662109375
megabyte1,1420,16,1.685760498046875
megabyte1,1421,16,1.59967041015625
megabyte1,1422,16,1.8954925537109375
megabyte1,1423,16,1.79290771484375
megabyte1,1424,16,1.8311920166015625
megabyte1,1425,16,1.8770751953125
megabyte1,1426,16,1.718658447265625
megabyte1,1427,16,1.815185546875
megabyte1,1428,16,1.96893310546875
megabyte1,1429,16,1.853790283203125
megabyte1,1430,16,1.893646240234375
megabyte1,1431,16,1.90264892578125
megabyte1,1432,16,1.92535400390625
megabyte1,1433,16,1.7677001953125
megabyte1,1434,16,1.8792724609375
megabyte1,1435,16,1.9008560180664062
megabyte1,1436,16,1.7677001953125
megabyte1,1437,16,1.8463134765625
megabyte1,1438,16,1.99749755859375
megabyte1,1439,16,2.09423828125
megabyte1,1440,16,1.8521728515625
megabyte1,1441,16,1.93731689453125
megabyte1,1442,16,1.942626953125
megabyte1,1443,16,2.02557373046875
megabyte1,1444,16,2.02764892578125
megabyte1,1445,16,1.8138427734375
megabyte1,1446,16,1.97406005859375
megabyte1,1447,16,1.64044189453125
megabyte1,1448,16,1.99468994140625
megabyte1,1449,16,1.79071044921875
megabyte1,1450,16,1.726043701171875
megabyte1,1451,16,1.802734375
megabyte1,1452,16,2.0377197265625
megabyte1,1453,16,1.983245849609375
megabyte1,1454,16,1.83502197265625
megabyte1,1455,16,2.0316162109375
megabyte1,1456,16,1.800140380859375
megabyte1,1457,16,1.7816619873046875
megabyte1,1458,16,2.1029052734375
megabyte1,1459,16,1.93951416015625
megabyte1,1460,16,1.741943359375
megabyte1,1461,16,1.96026611328125
megabyte1,1462,16,1.906036376953125
megabyte1,1463,16,1.7933349609375
megabyte1,1464,16,1.613433837890625
megabyte1,1465,16,1.9908447265625
megabyte1,1466,16,1.7998046875
megabyte1,1467,16,1.76275634765625
megabyte1,1468,16,2.376708984375
megabyte1,1469,16,1.826416015625
megabyte1,1470,16,1.822113037109375
megabyte1,1471,16,1.750732421875
megabyte1,1472,16,1.92236328125
megabyte1,1473,16,2.061431884765625
megabyte1,1474,16,1.73291015625
megabyte1,1475,16,2.00537109375
megabyte1,1476,16,2.04754638671875
megabyte1,1477,16,1.662567138671875
megabyte1,1478,16,1.9947509765625
megabyte1,1479,16,2.0306396484375
megabyte1,1480,16,1.8109130859375
megabyte1,1481,16,2.0222930908203125
megabyte1,1482,16,1.85821533203125
megabyte1,1483,16,1.8573379516601562
megabyte1,1484,16,1.627288818359375
megabyte1,1485,16,2.0218963623046875
megabyte1,1486,16,1.75372314453125
megabyte1,1487,16,1.706451416015625
megabyte1,1488,16,1.667999267578125
megabyte1,1489,16,2.15594482421875
megabyte1,1490,16,1.756134033203125
megabyte1,1491,16,1.9088134765625
megabyte1,1492,16,1.879150390625
megabyte1,1493,16,1.875030517578125
megabyte1,1494,16,1.703155517578125
megabyte1,1495,16,1.5973968505859375
megabyte1,1496,16,1.679168701171875
megabyte1,1497,16,1.776611328125
megabyte1,1498,16,1.5306549072265625
megabyte1,1499,16,1.4962921142578125
megabyte1,1500,16,1.6083183288574219
megabyte1,1501,16,1.52838134765625
megabyte1,1502,16,1.7189788818359375
megabyte1,1503,16,1.483978271484375
megabyte1,1504,16,1.5413894653320312
megabyte1,1505,16,1.6436767578125
megabyte1,1506,16,1.7454681396484375
megabyte1,1507,16,1.5847244262695312
megabyte1,1508,16,1.6456718444824219
megabyte1,1509,16,1.8592300415039062
megabyte1,1510,16,2.122039794921875
megabyte1,1511,16,1.7356185913085938
megabyte1,1512,16,1.8854293823242188
megabyte1,1513,16,1.7067832946777344
megabyte1,1514,16,1.8463897705078125
megabyte1,1515,16,1.7813262939453125
megabyte1,1516,16,1.5333824157714844
megabyte1,1517,16,1.6642837524414062
megabyte1,1518,16,1.4882583618164062
megabyte1,1519,16,1.439544677734375
megabyte1,1520,16,1.9486007690429688
megabyte1,1521,16,1.5932731628417969
megabyte1,1522,16,1.8145408630371094
megabyte1,1523,16,1.6193923950195312
megabyte1,1524,16,1.827880859375
megabyte1,1525,16,1.7626228332519531
megabyte1,1526,16,1.7552719116210938
megabyte1,1527,16,2.116058349609375
megabyte1,1528,16,2.073577880859375
megabyte1,1529,16,2.08837890625
megabyte1,1530,16,1.69952392578125
megabyte1,1531,16,2.190185546875
megabyte1,1532,16,1.75860595703125
megabyte1,1533,16,1.935791015625
megabyte1,1534,16,1.75653076171875
megabyte1,1535,16,2.1387939453125
megabyte1,1536,16,1.97674560546875
megabyte1,1537,16,2.02630615234375
megabyte1,1538,16,1.77545166015625
megabyte1,1539,16,1.77374267578125
megabyte1,1540,16,1.9375
megabyte1,1541,16,2.16656494140625
megabyte1,1542,16,1.6265869140625
megabyte1,1543,16,1.88153076171875
megabyte1,1544,16,1.94488525390625
megabyte1,1545,16,1.86492919921875
megabyte1,1546,16,1.92901611328125
megabyte1,1547,16,1.919189453125
megabyte1,1548,16,1.8287353515625
megabyte1,1549,16,1.656005859375
megabyte1,1550,16,2.0159912109375
megabyte1,1551,16,2.0074462890625
megabyte1,1552,16,1.7513427734375
megabyte1,1553,16,2.01593017578125
megabyte1,1554,16,1.7769775390625
megabyte1,1555,16,1.974853515625
megabyte1,1556,16,1.74822998046875
megabyte1,1557,16,1.994384765625
megabyte1,1558,16,1.83343505859375
megabyte1,1559,16,2.17034912109375
megabyte1,1560,16,1.94708251953125
megabyte1,1561,16,2.0213623046875
megabyte1,1562,16,1.928955078125
megabyte1,1563,16,2.10980224609375
megabyte1,1564,16,1.78826904296875
megabyte1,1565,16,1.8585205078125
megabyte1,1566,16,1.94696044921875
megabyte1,1567,16,1.88104248046875
megabyte1,1568,16,1.81512451171875
megabyte1,1569,16,1.65692138671875
megabyte1,1570,16,1.6566162109375
megabyte1,1571,16,1.836181640625
megabyte1,1572,16,2.0283660888671875
megabyte1,1573,16,1.7457809448242188
megabyte1,1574,16,1.8243789672851562
megabyte1,1575,16,2.1497802734375
megabyte1,1576,16,1.8486480712890625
megabyte1,1577,16,1.788686752319336
megabyte1,1578,16,1.889678955078125
megabyte1,1579,16,1.787689208984375
megabyte1,1580,16,2.0417633056640625
megabyte1,1581,16,1.8724288940429688
megabyte1,1582,16,1.81103515625
megabyte1,1583,16,2.1339111328125
megabyte1,1584,16,1.753631591796875
megabyte1,1585,16,1.7476577758789062
megabyte1,1586,16,1.72735595703125
megabyte1,1587,16,1.78924560546875
megabyte1,1588,16,1.91839599609375
megabyte1,1589,16,2.07196044921875
megabyte1,1590,16,2.0147705078125
megabyte1,1591,16,1.768035888671875
megabyte1,1592,16,1.73175048828125
megabyte1,1593,16,1.96112060546875
megabyte1,1594,16,2.06475830078125
megabyte1,1595,16,1.74560546875
megabyte1,1596,16,1.94256591796875
megabyte1,1597,16,2.044921875
megabyte1,1598,16,1.7220458984375
megabyte1,1599,16,1.96197509765625
megabyte1,1600,16,1.70257568359375
megabyte1,1601,16,1.82672119140625
megabyte1,1602,16,1.93560791015625
megabyte1,1603,16,1.94598388671875
megabyte1,1604,16,1.94464111328125
megabyte1,1605,16,1.81146240234375
megabyte1,1606,16,1.894775390625
megabyte1,1607,16,1.8370361328125
megabyte1,1608,16,1.82177734375
megabyte1,1609,16,1.945709228515625
megabyte1,1610,16,1.75396728515625
megabyte1,1611,16,1.65118408203125
megabyte1,1612,16,1.769378662109375
megabyte1,1613,16,1.8839111328125
megabyte1,1614,16,1.7918701171875
megabyte1,1615,16,1.7472000122070312
megabyte1,1616,16,1.7476387023925781
megabyte1,1617,16,1.8857421875
megabyte1,1618,16,1.704437255859375
megabyte1,1619,16,1.8570556640625
megabyte1,1620,16,2.125732421875
megabyte1,1621,16,2.35687255859375
megabyte1,1622,16,1.918701171875
megabyte1,1623,16,1.7105255126953125
megabyte1,1624,16,1.62518310546875
megabyte1,1625,16,1.8593673706054688
megabyte1,1626,16,1.8055877685546875
megabyte1,1627,16,1.8595123291015625
megabyte1,1628,16,1.7980155944824219
megabyte1,1629,16,1.9410133361816406
megabyte1,1630,16,1.733377456665039
megabyte1,1631,16,1.82598876953125
megabyte1,1632,16,2.05548095703125
megabyte1,1633,16,1.96795654296875
megabyte1,1634,16,1.8837890625
megabyte1,1635,16,2.10687255859375
megabyte1,1636,16,1.86407470703125
megabyte1,1637,16,1.91845703125
megabyte1,1638,16,1.75921630859375
megabyte1,1639,16,2.03399658203125
megabyte1,1640,16,1.895263671875
megabyte1,1641,16,1.69720458984375
megabyte1,1642,16,1.7303466796875
megabyte1,1643,16,1.9168701171875
megabyte1,1644,16,2.02203369140625
megabyte1,1645,16,1.8377914428710938
megabyte1,1646,16,1.7431640625
megabyte1,1647,16,1.7652587890625
megabyte1,1648,16,2.016326904296875
megabyte1,1649,16,1.69622802734375
megabyte1,1650,16,1.888153076171875
megabyte1,1651,16,1.918426513671875
megabyte1,1652,16,2.0263671875
megabyte1,1653,16,1.890380859375
megabyte1,1654,16,1.896392822265625
megabyte1,1655,16,1.8592529296875
megabyte1,1656,16,1.613983154296875
megabyte1,1657,16,1.921417236328125
megabyte1,1658,16,1.9283447265625
megabyte1,1659,16,1.770782470703125
megabyte1,1660,16,1.85174560546875
megabyte1,1661,16,1.804107666015625
megabyte1,1662,16,1.7555160522460938
megabyte1,1663,16,1.8485755920410156
megabyte1,1664,16,1.8912010192871094
megabyte1,1665,16,1.6259651184082031
megabyte1,1666,16,1.913970947265625
megabyte1,1667,16,2.1002197265625
megabyte1,1668,16,1.7962646484375
megabyte1,1669,16,1.79620361328125
megabyte1,1670,16,2.034088134765625
megabyte1,1671,16,1.84600830078125
megabyte1,1672,16,1.74749755859375
megabyte1,1673,16,1.87127685546875
megabyte1,1674,16,1.8636474609375
megabyte1,1675,16,1.71746826171875
megabyte1,1676,16,1.6151580810546875
megabyte1,1677,16,1.99072265625
megabyte1,1678,16,2.01300048828125
megabyte1,1679,16,1.85931396484375
megabyte1,1680,16,1.8308792114257812
megabyte1,1681,16,1.6390228271484375
megabyte1,1682,16,1.8804092407226562
megabyte1,1683,16,2.158203125
megabyte1,1684,16,1.67535400390625
megabyte1,1685,16,2.11370849609375
megabyte1,1686,16,1.9122314453125
megabyte1,1687,16,2.037109375
megabyte1,1688,16,1.80072021484375
megabyte1,1689,16,1.6249237060546875
megabyte1,1690,16,1.5814361572265625
megabyte1,1691,16,2.040771484375
megabyte1,1692,16,1.460174560546875
megabyte1,1693,16,1.90557861328125
megabyte1,1694,16,2.012542724609375
megabyte1,1695,16,1.856353759765625
megabyte1,1696,16,1.825836181640625
megabyte1,1697,16,1.9560546875
megabyte1,1698,16,1.95770263671875
megabyte1,1699,16,1.72802734375
megabyte1,1700,16,1.89947509765625
megabyte1,1701,16,1.67034912109375
megabyte1,1702,16,1.9710693359375
megabyte1,1703,16,1.846527099609375
megabyte1,1704,16,1.656524658203125
megabyte1,1705,16,1.91046142578125
megabyte1,1706,16,1.87237548828125
megabyte1,1707,16,1.68377685546875
megabyte1,1708,16,1.903564453125
megabyte1,1709,16,1.8919677734375
megabyte1,1710,16,1.7821044921875
megabyte1,1711,16,1.85211181640625
megabyte1,1712,16,1.83819580078125
megabyte1,1713,16,2.202850341796875
megabyte1,1714,16,1.8231201171875
megabyte1,1715,16,1.8179931640625
megabyte1,1716,16,1.719879150390625
megabyte1,1717,16,1.67413330078125
megabyte1,1718,16,2.105712890625
megabyte1,1719,16,1.77593994140625
megabyte1,1720,16,1.9312744140625
megabyte1,1721,16,1.6590576171875
megabyte1,1722,16,1.7908782958984375
megabyte1,1723,16,1.881378173828125
megabyte1,1724,16,2.14739990234375
megabyte1,1725,16,1.904815673828125
megabyte1,1726,16,1.85357666015625
megabyte1,1727,16,1.884674072265625
megabyte1,1728,16,2.05828857421875
megabyte1,1729,16,1.8377685546875
megabyte1,1730,16,1.89898681640625
megabyte1,1731,16,1.98699951171875
megabyte1,1732,16,2.05126953125
megabyte1,1733,16,1.84295654296875
megabyte1,1734,16,1.9466552734375
megabyte1,1735,16,2.0738525390625
megabyte1,1736,16,1.953582763671875
megabyte1,1737,16,1.696685791015625
megabyte1,1738,16,1.8310546875
megabyte1,1739,16,1.9503173828125
megabyte1,1740,16,1.76409912109375
megabyte1,1741,16,2.416839599609375
megabyte1,1742,16,1.748748779296875
megabyte1,1743,16,1.608245849609375
megabyte1,1744,16,1.9582061767578125
megabyte1,1745,16,1.6190261840820312
megabyte1,1746,16,2.05511474609375
megabyte1,1747,16,1.70281982421875
megabyte1,1748,16,1.6932449340820312
megabyte1,1749,16,1.8968658447265625
megabyte1,1750,16,1.94439697265625
megabyte1,1751,16,1.99688720703125
megabyte1,1752,16,1.84771728515625
megabyte1,1753,16,2.13995361328125
megabyte1,1754,16,1.77099609375
megabyte1,1755,16,1.965576171875
megabyte1,1756,16,1.912109375
megabyte1,1757,16,1.96209716796875
megabyte1,1758,16,1.98089599609375
megabyte1,1759,16,1.995361328125
megabyte1,1760,16,1.91119384765625
megabyte1,1761,16,1.845550537109375
megabyte1,1762,16,1.9635009765625
megabyte1,1763,16,1.90289306640625
megabyte1,1764,16,2.0572509765625
megabyte1,1765,16,1.89288330078125
megabyte1,1766,16,1.82012939453125
megabyte1,1767,16,1.99676513671875
megabyte1,1768,16,1.73052978515625
megabyte1,1769,16,1.87713623046875
megabyte1,1770,16,1.94952392578125
megabyte1,1771,16,1.794677734375
megabyte1,1772,16,1.84844970703125
megabyte1,1773,16,1.829498291015625
megabyte1,1774,16,1.865447998046875
megabyte1,1775,16,1.8014907836914062
megabyte1,1776,16,1.7536239624023438
megabyte1,1777,16,1.908203125
megabyte1,1778,16,1.825592041015625
megabyte1,1779,16,1.983306884765625
megabyte1,1780,16,2.0733642578125
megabyte1,1781,16,1.65673828125
megabyte1,1782,16,1.7659912109375
megabyte1,1783,16,1.927825927734375
megabyte1,1784,16,1.9166259765625
megabyte1,1785,16,1.93389892578125
megabyte1,1786,16,1.8509521484375
megabyte1,1787,16,1.84112548828125
megabyte1,1788,16,1.7640380859375
megabyte1,1789,16,1.78955078125
megabyte1,1790,16,1.846923828125
megabyte1,1791,16,1.897857666015625
megabyte1,1792,16,1.96331787109375
megabyte1,1793,16,1.8687744140625
megabyte1,1794,16,2.24676513671875
megabyte1,1795,16,1.94921875
megabyte1,1796,16,1.86785888671875
megabyte1,1797,16,1.886627197265625
megabyte1,1798,16,1.8243408203125
megabyte1,1799,16,1.82928466796875
megabyte1,1800,16,1.94134521484375
megabyte1,1801,16,1.90533447265625
megabyte1,1802,16,1.673828125
megabyte1,1803,16,1.9805908203125
megabyte1,1804,16,1.701904296875
megabyte1,1805,16,2.2003173828125
megabyte1,1806,16,1.70147705078125
megabyte1,1807,16,1.77880859375
megabyte1,1808,16,1.90966796875
megabyte1,1809,16,1.9678955078125
megabyte1,1810,16,1.9393310546875
megabyte1,1811,16,1.912353515625
megabyte1,1812,16,1.8021240234375
megabyte1,1813,16,1.97320556640625
megabyte1,1814,16,1.90069580078125
megabyte1,1815,16,1.94134521484375
megabyte1,1816,16,2.0179443359375
megabyte1,1817,16,1.9234619140625
megabyte1,1818,16,2.1107177734375
megabyte1,1819,16,1.8873291015625
megabyte1,1820,16,1.96343994140625
megabyte1,1821,16,2.01483154296875
megabyte1,1822,16,1.5484619140625
megabyte1,1823,16,1.9522705078125
megabyte1,1824,16,1.92120361328125
megabyte1,1825,16,1.9599609375
megabyte1,1826,16,2.25177001953125
megabyte1,1827,16,1.8056640625
megabyte1,1828,16,1.7796630859375
megabyte1,1829,16,1.85760498046875
megabyte1,1830,16,2.0362548828125
megabyte1,1831,16,1.80535888671875
megabyte1,1832,16,1.82489013671875
megabyte1,1833,16,2.171875
megabyte1,1834,16,1.71142578125
megabyte1,1835,16,1.825439453125
megabyte1,1836,16,1.91021728515625
megabyte1,1837,16,1.8280029296875
megabyte1,1838,16,2.0782470703125
megabyte1,1839,16,1.802734375
megabyte1,1840,16,1.94775390625
megabyte1,1841,16,1.96807861328125
megabyte1,1842,16,2.03143310546875
megabyte1,1843,16,1.89581298828125
megabyte1,1844,16,1.94140625
megabyte1,1845,16,1.8890380859375
megabyte1,1846,16,1.9739990234375
megabyte1,1847,16,1.89593505859375
megabyte1,1848,16,1.8973388671875
megabyte1,1849,16,2.02532958984375
megabyte1,1850,16,1.94732666015625
megabyte1,1851,16,1.99017333984375
megabyte1,1852,16,1.70477294921875
megabyte1,1853,16,1.811279296875
megabyte1,1854,16,1.794342041015625
megabyte1,1855,16,1.85565185546875
megabyte1,1856,16,1.82586669921875
megabyte1,1857,16,1.72100830078125
megabyte1,1858,16,1.7547607421875
megabyte1,1859,16,2.003662109375
megabyte1,1860,16,2.19439697265625
megabyte1,1861,16,1.806640625
megabyte1,1862,16,1.737060546875
megabyte1,1863,16,1.961669921875
megabyte1,1864,16,1.8206787109375
megabyte1,1865,16,1.70550537109375
megabyte1,1866,16,1.984619140625
megabyte1,1867,16,1.93292236328125
megabyte1,1868,16,1.8035888671875
megabyte1,1869,16,2.120330810546875
megabyte1,1870,16,1.9918212890625
megabyte1,1871,16,1.8553466796875
megabyte1,1872,16,1.8515625
megabyte1,1873,16,1.97833251953125
megabyte1,1874,16,2.01385498046875
megabyte1,1875,16,1.88055419921875
megabyte1,1876,16,1.90936279296875
megabyte1,1877,16,1.8564453125
megabyte1,1878,16,1.822174072265625
megabyte1,1879,16,1.89849853515625
megabyte1,1880,16,1.79595947265625
megabyte1,1881,16,1.8765869140625
megabyte1,1882,16,1.8946533203125
megabyte1,1883,16,1.682586669921875
megabyte1,1884,16,2.030517578125
megabyte1,1885,16,1.7476806640625
megabyte1,1886,16,1.6551513671875
megabyte1,1887,16,1.985595703125
megabyte1,1888,16,1.805908203125
megabyte1,1889,16,1.88140869140625
megabyte1,1890,16,1.70867919921875
megabyte1,1891,16,1.9923095703125
megabyte1,1892,16,1.64520263671875
megabyte1,1893,16,2.18988037109375
megabyte1,1894,16,1.87750244140625
megabyte1,1895,16,1.81793212890625
megabyte1,1896,16,1.99627685546875
megabyte1,1897,16,1.9114990234375
megabyte1,1898,16,2.124267578125
megabyte1,1899,16,1.88531494140625
megabyte1,1900,16,1.841949462890625
megabyte1,1901,16,1.76617431640625
megabyte1,1902,16,1.72735595703125
megabyte1,1903,16,1.8704833984375
megabyte1,1904,16,1.89447021484375
megabyte1,1905,16,1.818023681640625
megabyte1,1906,16,1.90045166015625
megabyte1,1907,16,1.782562255859375
megabyte1,1908,16,1.60308837890625
megabyte1,1909,16,1.94366455078125
megabyte1,1910,16,1.9986572265625
megabyte1,1911,16,1.72760009765625
megabyte1,1912,16,1.8499755859375
megabyte1,1913,16,1.9615478515625
megabyte1,1914,16,1.80340576171875
megabyte1,1915,16,2.42254638671875
megabyte1,1916,16,2.102294921875
megabyte1,1917,16,1.92864990234375
megabyte1,1918,16,1.987152099609375
megabyte1,1919,16,1.76849365234375
megabyte1,1920,16,1.79583740234375
megabyte1,1921,16,1.8912353515625
megabyte1,1922,16,2.06732177734375
megabyte1,1923,16,1.75628662109375
megabyte1,1924,16,1.90234375
megabyte1,1925,16,1.7303466796875
megabyte1,1926,16,1.85791015625
megabyte1,1927,16,2.0233154296875
megabyte1,1928,16,2.12249755859375
megabyte1,1929,16,1.7841796875
megabyte1,1930,16,2.18603515625
megabyte1,1931,16,1.8829345703125
megabyte1,1932,16,2.0098876953125
megabyte1,1933,16,1.689422607421875
megabyte1,1934,16,1.623138427734375
megabyte1,1935,16,1.7860107421875
megabyte1,1936,16,2.04901123046875
megabyte1,1937,16,1.957275390625
megabyte1,1938,16,1.91363525390625
megabyte1,1939,16,1.9368896484375
megabyte1,1940,16,1.9683837890625
megabyte1,1941,16,1.816925048828125
megabyte1,1942,16,2.36700439453125
megabyte1,1943,16,1.7305908203125
megabyte1,1944,16,2.26422119140625
megabyte1,1945,16,1.855804443359375
megabyte1,1946,16,1.8606109619140625
megabyte1,1947,16,2.09454345703125
megabyte1,1948,16,1.7532196044921875
megabyte1,1949,16,1.7221221923828125
megabyte1,1950,16,1.9956741333007812
megabyte1,1951,16,1.7474212646484375
megabyte1,1952,16,2.07611083984375
megabyte1,1953,16,1.7930908203125
megabyte1,1954,16,1.9425048828125
megabyte1,1955,16,1.6503028869628906
megabyte1,1956,16,1.8489913940429688
megabyte1,1957,16,1.6884536743164062
megabyte1,1958,16,1.7767715454101562
megabyte1,1959,16,1.9363861083984375
megabyte1,1960,16,1.8104438781738281
megabyte1,1961,16,1.6788215637207031
megabyte1,1962,16,2.1412353515625
megabyte1,1963,16,1.7471771240234375
megabyte1,1964,16,1.9088287353515625
megabyte1,1965,16,2.010009765625
megabyte1,1966,16,2.30841064453125
megabyte1,1967,16,2.05145263671875
megabyte1,1968,16,1.8330078125
megabyte1,1969,16,1.81195068359375
megabyte1,1970,16,1.90362548828125
megabyte1,1971,16,1.9765625
megabyte1,1972,16,1.78717041015625
megabyte1,1973,16,1.8367919921875
megabyte1,1974,16,1.9305419921875
megabyte1,1975,16,2.03033447265625
megabyte1,1976,16,2.07244873046875
megabyte1,1977,16,1.65472412109375
megabyte1,1978,16,2.0084228515625
megabyte1,1979,16,1.81524658203125
megabyte1,1980,16,1.920867919921875
megabyte1,1981,16,1.825592041015625
megabyte1,1982,16,1.826507568359375
megabyte1,1983,16,1.87603759765625
megabyte1,1984,16,1.99359130859375
megabyte1,1985,16,1.7108993530273438
megabyte1,1986,16,1.8580322265625
megabyte1,1987,16,1.915130615234375
megabyte1,1988,16,2.20806884765625
megabyte1,1989,16,1.787353515625
megabyte1,1990,16,1.9059906005859375
megabyte1,1991,16,1.8108062744140625
megabyte1,1992,16,1.9256591796875
megabyte1,1993,16,1.77227783203125
megabyte1,1994,16,1.8070068359375
megabyte1,1995,16,1.6992073059082031
megabyte1,1996,16,1.8753776550292969
megabyte1,1997,16,2.2843017578125
megabyte1,1998,16,1.77850341796875
megabyte1,1999,16,1.59063720703125
megabyte1,2000,16,1.827911376953125
megabyte1,2001,16,2.01715087890625
megabyte1,2002,16,1.814697265625
megabyte1,2003,16,1.99462890625
megabyte1,2004,16,2.0244140625
megabyte1,2005,16,1.88470458984375
megabyte1,2006,16,2.04486083984375
megabyte1,2007,16,1.7940673828125
megabyte1,2008,16,2.0733642578125
megabyte1,2009,16,1.8514404296875
megabyte1,2010,16,1.91546630859375
megabyte1,2011,16,1.63623046875
megabyte1,2012,16,1.97955322265625
megabyte1,2013,16,1.838287353515625
megabyte1,2014,16,1.814453125
megabyte1,2015,16,1.90533447265625
megabyte1,2016,16,2.20037841796875
megabyte1,2017,16,1.8343505859375
megabyte1,2018,16,1.87811279296875
megabyte1,2019,16,1.96551513671875
megabyte1,2020,16,1.93109130859375
megabyte1,2021,16,1.85186767578125
megabyte1,2022,16,2.05975341796875
megabyte1,2023,16,1.9268798828125
megabyte1,2024,16,1.77777099609375
megabyte1,2025,16,1.906982421875
megabyte1,2026,16,1.82061767578125
megabyte1,2027,16,1.94012451171875
megabyte1,2028,16,1.82855224609375
megabyte1,2029,16,1.95184326171875
megabyte1,2030,16,1.92578125
megabyte1,2031,16,1.602325439453125
megabyte1,2032,16,1.9041748046875
megabyte1,2033,16,1.73419189453125
megabyte1,2034,16,1.97369384765625
megabyte1,2035,16,1.81610107421875
megabyte1,2036,16,1.677459716796875
megabyte1,2037,16,1.955078125
megabyte1,2038,16,2.13671875
megabyte1,2039,16,2.11663818359375
megabyte1,2040,16,1.79998779296875
megabyte1,2041,16,1.94970703125
megabyte1,2042,16,1.6923828125
megabyte1,2043,16,2.0107421875
megabyte1,2044,16,2.1551513671875
megabyte1,2045,16,1.786468505859375
megabyte1,2046,16,1.818603515625
megabyte1,2047,16,1.687591552734375
megabyte1,2048,16,1.829833984375
megabyte1,2049,16,2.141845703125
megabyte1,2050,16,1.88397216796875
megabyte1,2051,16,2.0802001953125
megabyte1,2052,16,1.84344482421875
megabyte1,2053,16,2.02642822265625
megabyte1,2054,16,1.85211181640625
megabyte1,2055,16,1.87542724609375
megabyte1,2056,16,1.9788818359375
megabyte1,2057,16,1.815277099609375
megabyte1,2058,16,1.94097900390625
megabyte1,2059,16,2.164886474609375
megabyte1,2060,16,1.9556884765625
megabyte1,2061,16,1.9996337890625
megabyte1,2062,16,1.92132568359375
megabyte1,2063,16,2.02935791015625
megabyte1,2064,16,1.95025634765625
megabyte1,2065,16,1.71405029296875
megabyte1,2066,16,1.96942138671875
megabyte1,2067,16,2.071533203125
megabyte1,2068,16,1.734283447265625
megabyte1,2069,16,1.86798095703125
megabyte1,2070,16,2.03607177734375
megabyte1,2071,16,1.591064453125
megabyte1,2072,16,1.8519287109375
megabyte1,2073,16,1.81744384765625
megabyte1,2074,16,1.79193115234375
megabyte1,2075,16,1.921142578125
megabyte1,2076,16,1.81878662109375
megabyte1,2077,16,2.08673095703125
megabyte1,2078,16,1.87286376953125
megabyte1,2079,16,1.950714111328125
megabyte1,2080,16,1.8372802734375
megabyte1,2081,16,2.0343017578125
megabyte1,2082,16,1.7587890625
megabyte1,2083,16,1.7745361328125
megabyte1,2084,16,2.0125732421875
megabyte1,2085,16,1.81097412109375
megabyte1,2086,16,1.765106201171875
megabyte1,2087,16,1.79864501953125
megabyte1,2088,16,1.99639892578125
megabyte1,2089,16,1.7198486328125
megabyte1,2090,16,1.808837890625
megabyte1,2091,16,1.96826171875
megabyte1,2092,16,1.8076171875
megabyte1,2093,16,1.800323486328125
megabyte1,2094,16,1.807861328125
megabyte1,2095,16,1.672576904296875
megabyte1,2096,16,1.8067626953125
megabyte1,2097,16,1.796051025390625
megabyte1,2098,16,1.532012939453125
megabyte1,2099,16,2.0966415405273438
megabyte1,2100,16,1.9381637573242188
megabyte1,2101,16,1.654571533203125
megabyte1,2102,16,2.0681915283203125
megabyte1,2103,16,1.817047119140625
megabyte1,2104,16,1.738677978515625
megabyte1,2105,16,1.857421875
megabyte1,2106,16,1.60980224609375
megabyte1,2107,16,1.7301254272460938
megabyte1,2108,16,2.01495361328125
megabyte1,2109,16,1.919586181640625
megabyte1,2110,16,1.90960693359375
megabyte1,2111,16,1.893310546875
megabyte1,2112,16,1.9910888671875
megabyte1,2113,16,1.7379150390625
megabyte1,2114,16,1.990966796875
megabyte1,2115,16,1.8243408203125
megabyte1,2116,16,1.8922119140625
megabyte1,2117,16,1.78192138671875
megabyte1,2118,16,1.83123779296875
megabyte1,2119,16,2.026123046875
megabyte1,2120,16,2.05084228515625
megabyte1,2121,16,1.87066650390625
megabyte1,2122,16,1.84051513671875
megabyte1,2123,16,2.0374755859375
megabyte1,2124,16,1.84942626953125
megabyte1,2125,16,1.98876953125
megabyte1,2126,16,1.7806396484375
megabyte1,2127,16,1.677154541015625
megabyte1,2128,16,1.907623291015625
megabyte1,2129,16,2.005157470703125
megabyte1,2130,16,1.690032958984375
megabyte1,2131,16,1.764373779296875
megabyte1,2132,16,1.8440093994140625
megabyte1,2133,16,1.770660400390625
megabyte1,2134,16,1.746429443359375
megabyte1,2135,16,1.936065673828125
megabyte1,2136,16,1.7470817565917969
megabyte1,2137,16,1.7582969665527344
megabyte1,2138,16,1.974029541015625
megabyte1,2139,16,1.6831588745117188
megabyte1,2140,16,1.8577232360839844
megabyte1,2141,16,2.0937042236328125
megabyte1,2142,16,1.88677978515625
megabyte1,2143,16,1.94720458984375
megabyte1,2144,16,1.6322784423828125
megabyte1,2145,16,1.6385650634765625
megabyte1,2146,16,1.992828369140625
megabyte1,2147,16,1.6982879638671875
megabyte1,2148,16,1.83514404296875
megabyte1,2149,16,1.873626708984375
megabyte1,2150,16,1.9537811279296875
megabyte1,2151,16,1.8586654663085938
megabyte1,2152,16,1.7436065673828125
megabyte1,2153,16,1.753662109375
megabyte1,2154,16,1.8903236389160156
megabyte1,2155,16,1.6802978515625
megabyte1,2156,16,1.6326141357421875
megabyte1,2157,16,1.75848388671875
megabyte1,2158,16,2.0780029296875
megabyte1,2159,16,1.8824462890625
megabyte1,2160,16,1.82147216796875
megabyte1,2161,16,2.03814697265625
megabyte1,2162,16,1.906494140625
megabyte1,2163,16,1.85614013671875
megabyte1,2164,16,2.02349853515625
megabyte1,2165,16,1.85791015625
megabyte1,2166,16,1.70654296875
megabyte1,2167,16,2.07696533203125
megabyte1,2168,16,2.02215576171875
megabyte1,2169,16,1.77056884765625
megabyte1,2170,16,1.779296875
megabyte1,2171,16,1.94195556640625
megabyte1,2172,16,1.92620849609375
megabyte1,2173,16,1.86956787109375
megabyte1,2174,16,2.119140625
megabyte1,2175,16,2.09765625
megabyte1,2176,16,1.95758056640625
megabyte1,2177,16,2.02716064453125
megabyte1,2178,16,1.8419189453125
megabyte1,2179,16,2.049072265625
megabyte1,2180,16,1.98773193359375
megabyte1,2181,16,1.96234130859375
megabyte1,2182,16,1.658599853515625
megabyte1,2183,16,1.98260498046875
megabyte1,2184,16,1.78802490234375
megabyte1,2185,16,1.849853515625
megabyte1,2186,16,2.020294189453125
megabyte1,2187,16,1.957672119140625
megabyte1,2188,16,1.90203857421875
megabyte1,2189,16,2.24798583984375
megabyte1,2190,16,1.73028564453125
megabyte1,2191,16,2.001739501953125
megabyte1,2192,16,1.649261474609375
megabyte1,2193,16,1.6733932495117188
megabyte1,2194,16,2.144287109375
megabyte1,2195,16,1.87921142578125
megabyte1,2196,16,1.816650390625
megabyte1,2197,16,2.0137939453125
megabyte1,2198,16,2.02874755859375
megabyte1,2199,16,1.94866943359375
megabyte1,2200,16,1.903961181640625
megabyte1,2201,16,1.8121337890625
megabyte1,2202,16,1.93145751953125
megabyte1,2203,16,1.99371337890625
megabyte1,2204,16,1.836273193359375
megabyte1,2205,16,1.9725341796875
megabyte1,2206,16,2.04998779296875
megabyte1,2207,16,1.84722900390625
megabyte1,2208,16,1.958251953125
megabyte1,2209,16,2.03948974609375
megabyte1,2210,16,1.6953125
megabyte1,2211,16,1.91534423828125
megabyte1,2212,16,1.81231689453125
megabyte1,2213,16,1.91302490234375
megabyte1,2214,16,1.9443359375
megabyte1,2215,16,2.02520751953125
megabyte1,2216,16,1.912109375
megabyte1,2217,16,1.64459228515625
megabyte1,2218,16,1.80078125
megabyte1,2219,16,2.155181884765625
megabyte1,2220,16,1.729827880859375
megabyte1,2221,16,1.86383056640625
megabyte1,2222,16,1.98797607421875
megabyte1,2223,16,1.81524658203125
megabyte1,2224,16,2.08489990234375
megabyte1,2225,16,1.72021484375
megabyte1,2226,16,1.86187744140625
megabyte1,2227,16,1.72955322265625
megabyte1,2228,16,1.84149169921875
megabyte1,2229,16,1.83624267578125
megabyte1,2230,16,1.92547607421875
megabyte1,2231,16,2.0562744140625
megabyte1,2232,16,1.82757568359375
megabyte1,2233,16,1.90130615234375
megabyte1,2234,16,1.842132568359375
megabyte1,2235,16,2.01190185546875
megabyte1,2236,16,1.778076171875
megabyte1,2237,16,1.97528076171875
megabyte1,2238,16,1.642578125
megabyte1,2239,16,1.74139404296875
megabyte1,2240,16,1.78912353515625
megabyte1,2241,16,2.034393310546875
megabyte1,2242,16,1.9910888671875
megabyte1,2243,16,1.66180419921875
megabyte1,2244,16,1.95440673828125
megabyte1,2245,16,1.7564697265625
megabyte1,2246,16,1.789947509765625
megabyte1,2247,16,2.018280029296875
megabyte1,2248,16,1.97723388671875
megabyte1,2249,16,2.19573974609375
megabyte1,2250,16,1.6187744140625
megabyte1,2251,16,2.36773681640625
megabyte1,2252,16,1.7833251953125
megabyte1,2253,16,1.779296875
megabyte1,2254,16,1.9217529296875
megabyte1,2255,16,1.92242431640625
megabyte1,2256,16,1.892578125
megabyte1,2257,16,1.8798828125
megabyte1,2258,16,1.81494140625
megabyte1,2259,16,1.91717529296875
megabyte1,2260,16,1.9501953125
megabyte1,2261,16,1.843017578125
megabyte1,2262,16,1.89141845703125
megabyte1,2263,16,1.94775390625
megabyte1,2264,16,1.9495849609375
megabyte1,2265,16,1.87506103515625
megabyte1,2266,16,2.0555419921875
megabyte1,2267,16,1.81109619140625
megabyte1,2268,16,2.01678466796875
megabyte1,2269,16,1.986083984375
megabyte1,2270,16,1.91119384765625
megabyte1,2271,16,1.98443603515625
megabyte1,2272,16,1.83160400390625
megabyte1,2273,16,1.71954345703125
megabyte1,2274,16,1.89324951171875
megabyte1,2275,16,1.90863037109375
megabyte1,2276,16,1.96868896484375
megabyte1,2277,16,1.961181640625
megabyte1,2278,16,1.80206298828125
megabyte1,2279,16,1.789794921875
megabyte1,2280,16,1.857452392578125
megabyte1,2281,16,1.9283447265625
megabyte1,2282,16,1.610260009765625
megabyte1,2283,16,1.764556884765625
megabyte1,2284,16,1.755401611328125
megabyte1,2285,16,1.9027099609375
megabyte1,2286,16,1.7149887084960938
megabyte1,2287,16,1.8811874389648438
megabyte1,2288,16,1.6630630493164062
megabyte1,2289,16,1.70550537109375
megabyte1,2290,16,2.07696533203125
megabyte1,2291,16,1.94842529296875
megabyte1,2292,16,1.819580078125
megabyte1,2293,16,1.9332275390625
megabyte1,2294,16,2.0443115234375
megabyte1,2295,16,1.676025390625
megabyte1,2296,16,1.77557373046875
megabyte1,2297,16,1.763427734375
megabyte1,2298,16,1.7119140625
megabyte1,2299,16,1.91552734375
megabyte1,2300,16,2.06829833984375
megabyte1,2301,16,2.06201171875
megabyte1,2302,16,1.6500244140625
megabyte1,2303,16,1.9461669921875
megabyte1,2304,16,1.9412841796875
megabyte1,2305,16,2.22802734375
megabyte1,2306,16,1.704833984375
megabyte1,2307,16,1.940185546875
megabyte1,2308,16,2.0665283203125
megabyte1,2309,16,1.812744140625
megabyte1,2310,16,1.9271240234375
megabyte1,2311,16,1.9412841796875
megabyte1,2312,16,1.8660888671875
megabyte1,2313,16,1.831268310546875
megabyte1,2314,16,1.907196044921875
megabyte1,2315,16,1.83465576171875
megabyte1,2316,16,1.547882080078125
megabyte1,2317,16,2.09613037109375
megabyte1,2318,16,1.80462646484375
megabyte1,2319,16,1.70306396484375
megabyte1,2320,16,1.9498291015625
megabyte1,2321,16,2.1224365234375
megabyte1,2322,16,2.175537109375
megabyte1,2323,16,1.864227294921875
megabyte1,2324,16,1.8421630859375
megabyte1,2325,16,1.95269775390625
megabyte1,2326,16,1.7515869140625
megabyte1,2327,16,1.7874755859375
megabyte1,2328,16,1.80462646484375
megabyte1,2329,16,1.992156982421875
megabyte1,2330,16,1.79254150390625
megabyte1,2331,16,1.974609375
megabyte1,2332,16,1.8780517578125
megabyte1,2333,16,2.01580810546875
megabyte1,2334,16,1.82220458984375
megabyte1,2335,16,2.0233154296875
megabyte1,2336,16,1.77105712890625
megabyte1,2337,16,1.8489990234375
megabyte1,2338,16,2.0474853515625
megabyte1,2339,16,2.01751708984375
megabyte1,2340,16,1.9189453125
megabyte1,2341,16,1.73297119140625
megabyte1,2342,16,1.9583740234375
megabyte1,2343,16,1.8253173828125
megabyte1,2344,16,2.05975341796875
megabyte1,2345,16,1.80865478515625
megabyte1,2346,16,1.67840576171875
megabyte1,2347,16,1.91778564453125
megabyte1,2348,16,1.87255859375
megabyte1,2349,16,1.97589111328125
megabyte1,2350,16,1.94659423828125
megabyte1,2351,16,1.73028564453125
megabyte1,2352,16,2.10955810546875
megabyte1,2353,16,1.570404052734375
megabyte1,2354,16,1.83544921875
megabyte1,2355,16,2.2042236328125
megabyte1,2356,16,1.573974609375
megabyte1,2357,16,1.874267578125
megabyte1,2358,16,1.93408203125
megabyte1,2359,16,1.9031982421875
megabyte1,2360,16,1.869873046875
megabyte1,2361,16,1.849365234375
megabyte1,2362,16,1.76727294921875
megabyte1,2363,16,1.8717041015625
megabyte1,2364,16,1.787109375
megabyte1,2365,16,1.6983642578125
megabyte1,2366,16,1.87939453125
megabyte1,2367,16,2.209228515625
megabyte1,2368,16,1.90155029296875
megabyte1,2369,16,1.91473388671875
megabyte1,2370,16,1.99945068359375
megabyte1,2371,16,1.80828857421875
megabyte1,2372,16,1.6815185546875
megabyte1,2373,16,1.879058837890625
megabyte1,2374,16,1.78179931640625
megabyte1,2375,16,1.952484130859375
megabyte1,2376,16,1.880035400390625
megabyte1,2377,16,2.20220947265625
megabyte1,2378,16,2.03460693359375
megabyte1,2379,16,1.8768310546875
megabyte1,2380,16,1.981903076171875
megabyte1,2381,16,1.85076904296875
megabyte1,2382,16,1.807373046875
megabyte1,2383,16,1.75567626953125
megabyte1,2384,16,1.96038818359375
megabyte1,2385,16,1.69158935546875
megabyte1,2386,16,1.76708984375
megabyte1,2387,16,1.9154052734375
megabyte1,2388,16,1.73681640625
megabyte1,2389,16,1.6934814453125
megabyte1,2390,16,1.86566162109375
megabyte1,2391,16,2.00909423828125
megabyte1,2392,16,2.02178955078125
megabyte1,2393,16,1.8250732421875
megabyte1,2394,16,1.684722900390625
megabyte1,2395,16,1.8187255859375
megabyte1,2396,16,1.811370849609375
megabyte1,2397,16,1.9010009765625
megabyte1,2398,16,1.906005859375
megabyte1,2399,16,2.14422607421875
megabyte1,2400,16,1.84417724609375
megabyte1,2401,16,1.78656005859375
megabyte1,2402,16,2.0008544921875
megabyte1,2403,16,1.86956787109375
megabyte1,2404,16,1.749267578125
megabyte1,2405,16,1.8927001953125
megabyte1,2406,16,1.754974365234375
megabyte1,2407,16,2.028106689453125
megabyte1,2408,16,1.735443115234375
megabyte1,2409,16,1.85162353515625
megabyte1,2410,16,2.038604736328125
megabyte1,2411,16,1.8173828125
megabyte1,2412,16,1.783966064453125
megabyte1,2413,16,1.903564453125
megabyte1,2414,16,2.0338134765625
megabyte1,2415,16,1.80670166015625
megabyte1,2416,16,1.9053955078125
megabyte1,2417,16,1.77911376953125
megabyte1,2418,16,1.80694580078125
megabyte1,2419,16,1.77374267578125
megabyte1,2420,16,1.977783203125
megabyte1,2421,16,1.8564453125
megabyte1,2422,16,1.89794921875
megabyte1,2423,16,1.80780029296875
megabyte1,2424,16,2.05584716796875
megabyte1,2425,16,1.79901123046875
megabyte1,2426,16,1.69293212890625
megabyte1,2427,16,1.94195556640625
megabyte1,2428,16,2.08990478515625
megabyte1,2429,16,1.831787109375
megabyte1,2430,16,1.795654296875
megabyte1,2431,16,1.69561767578125
megabyte1,2432,16,1.91552734375
megabyte1,2433,16,1.9376220703125
megabyte1,2434,16,1.9193115234375
megabyte1,2435,16,1.62127685546875
megabyte1,2436,16,1.815277099609375
megabyte1,2437,16,1.90020751953125
megabyte1,2438,16,1.86236572265625
megabyte1,2439,16,1.574462890625
megabyte1,2440,16,1.86767578125
megabyte1,2441,16,1.70953369140625
megabyte1,2442,16,1.99200439453125
megabyte1,2443,16,2.05352783203125
megabyte1,2444,16,1.99053955078125
megabyte1,2445,16,1.62060546875
megabyte1,2446,16,1.80377197265625
megabyte1,2447,16,1.940185546875
megabyte1,2448,16,1.7908935546875
megabyte1,2449,16,1.889404296875
megabyte1,2450,16,1.867431640625
megabyte1,2451,16,1.834381103515625
megabyte1,2452,16,1.76055908203125
megabyte1,2453,16,2.068359375
megabyte1,2454,16,1.771240234375
megabyte1,2455,16,2.03619384765625
megabyte1,2456,16,1.8751220703125
megabyte1,2457,16,1.56207275390625
megabyte1,2458,16,1.806640625
megabyte1,2459,16,1.90777587890625
megabyte1,2460,16,1.7021484375
megabyte1,2461,16,1.60687255859375
megabyte1,2462,16,1.9942626953125
megabyte1,2463,16,1.90875244140625
megabyte1,2464,16,1.897552490234375
megabyte1,2465,16,1.91888427734375
megabyte1,2466,16,2.136871337890625
megabyte1,2467,16,1.733154296875
megabyte1,2468,16,1.958251953125
megabyte1,2469,16,1.905181884765625
megabyte1,2470,16,1.7108154296875
megabyte1,2471,16,1.762176513671875
megabyte1,2472,16,1.95465087890625
megabyte1,2473,16,1.7960357666015625
megabyte1,2474,16,1.73394775390625
megabyte1,2475,16,1.9862060546875
megabyte1,2476,16,2.0257568359375
megabyte1,2477,16,1.7691650390625
megabyte1,2478,16,1.86248779296875
megabyte1,2479,16,1.813720703125
megabyte1,2480,16,1.81903076171875
megabyte1,2481,16,1.78155517578125
megabyte1,2482,16,2.0205078125
megabyte1,2483,16,1.81134033203125
megabyte1,2484,16,1.9910888671875
megabyte1,2485,16,1.914794921875
megabyte1,2486,16,1.83941650390625
megabyte1,2487,16,1.75439453125
megabyte1,2488,16,1.8763427734375
megabyte1,2489,16,1.9918212890625
megabyte1,2490,16,2.0185546875
megabyte1,2491,16,1.97833251953125
megabyte1,2492,16,2.03045654296875
megabyte1,2493,16,1.771697998046875
megabyte1,2494,16,2.00701904296875
megabyte1,2495,16,1.82965087890625
megabyte1,2496,16,1.80267333984375
megabyte1,2497,16,2.0240478515625
megabyte1,2498,16,1.9505615234375
megabyte1,2499,16,1.81085205078125
megabyte1,2500,16,1.7347412109375
megabyte1,2501,16,1.87994384765625
megabyte1,2502,16,1.77459716796875
megabyte1,2503,16,2.05328369140625
megabyte1,2504,16,1.871337890625
megabyte1,2505,16,1.72589111328125
megabyte1,2506,16,1.995361328125
megabyte1,2507,16,1.70245361328125
megabyte1,2508,16,1.92437744140625
megabyte1,2509,16,1.62493896484375
megabyte1,2510,16,1.91558837890625
megabyte1,2511,16,2.01300048828125
megabyte1,2512,16,1.658538818359375
megabyte1,2513,16,1.5491867065429688
megabyte1,2514,16,1.7763748168945312
megabyte1,2515,16,1.5766868591308594
megabyte1,2516,16,2.08392333984375
megabyte1,2517,16,1.984588623046875
megabyte1,2518,16,1.649932861328125
megabyte1,2519,16,1.8916015625
megabyte1,2520,16,1.757659912109375
megabyte1,2521,16,1.73272705078125
megabyte1,2522,16,1.9495849609375
megabyte1,2523,16,1.610321044921875
megabyte1,2524,16,1.769805908203125
megabyte1,2525,16,2.1541748046875
megabyte1,2526,16,1.78558349609375
megabyte1,2527,16,2.08697509765625
megabyte1,2528,16,1.8917236328125
megabyte1,2529,16,1.9510498046875
megabyte1,2530,16,2.14190673828125
megabyte1,2531,16,1.86322021484375
megabyte1,2532,16,1.9293212890625
megabyte1,2533,16,1.7130126953125
megabyte1,2534,16,2.00921630859375
megabyte1,2535,16,1.80804443359375
megabyte1,2536,16,1.9034423828125
megabyte1,2537,16,1.66949462890625
megabyte1,2538,16,2.02191162109375
megabyte1,2539,16,1.975830078125
megabyte1,2540,16,1.81805419921875
megabyte1,2541,16,1.9248046875
megabyte1,2542,16,1.8143310546875
megabyte1,2543,16,1.9852294921875
megabyte1,2544,16,1.80303955078125
megabyte1,2545,16,1.923583984375
megabyte1,2546,16,1.84771728515625
megabyte1,2547,16,1.8836669921875
megabyte1,2548,16,1.9320068359375
megabyte1,2549,16,1.88916015625
megabyte1,2550,16,1.828125
megabyte1,2551,16,1.571990966796875
megabyte1,2552,16,2.0091552734375
megabyte1,2553,16,2.0211181640625
megabyte1,2554,16,1.7642822265625
megabyte1,2555,16,1.77288818359375
megabyte1,2556,16,2.1339111328125
megabyte1,2557,16,1.76708984375
megabyte1,2558,16,1.95245361328125
megabyte1,2559,16,1.7672119140625
megabyte1,2560,16,1.901611328125
megabyte1,2561,16,2.02044677734375
megabyte1,2562,16,2.137451171875
megabyte1,2563,16,1.8668212890625
megabyte1,2564,16,1.90228271484375
megabyte1,2565,16,1.80633544921875
megabyte1,2566,16,1.77313232421875
megabyte1,2567,16,2.1116943359375
megabyte1,2568,16,1.72467041015625
megabyte1,2569,16,1.9412841796875
megabyte1,2570,16,1.82855224609375
megabyte1,2571,16,2.016021728515625
megabyte1,2572,16,2.17132568359375
megabyte1,2573,16,1.68646240234375
megabyte1,2574,16,2.01885986328125
megabyte1,2575,16,1.7542724609375
megabyte1,2576,16,2.01800537109375
megabyte1,2577,16,1.71942138671875
megabyte1,2578,16,1.84332275390625
megabyte1,2579,16,1.70404052734375
megabyte1,2580,16,2.0272216796875
megabyte1,2581,16,1.91717529296875
megabyte1,2582,16,1.89599609375
megabyte1,2583,16,1.92578125
megabyte1,2584,16,2.07958984375
megabyte1,2585,16,1.5721435546875
megabyte1,2586,16,1.96478271484375
megabyte1,2587,16,1.88427734375
megabyte1,2588,16,2.00225830078125
megabyte1,2589,16,1.9654541015625
megabyte1,2590,16,1.95733642578125
megabyte1,2591,16,1.88519287109375
megabyte1,2592,16,1.94598388671875
megabyte1,2593,16,1.65179443359375
megabyte1,2594,16,2.0399169921875
megabyte1,2595,16,1.98919677734375
megabyte1,2596,16,1.80914306640625
megabyte1,2597,16,2.1263427734375
megabyte1,2598,16,1.96502685546875
megabyte1,2599,16,1.8841552734375
megabyte1,2600,16,1.616485595703125
megabyte1,2601,16,2.08172607421875
megabyte1,2602,16,1.86114501953125
megabyte1,2603,16,2.066253662109375
megabyte1,2604,16,1.99896240234375
megabyte1,2605,16,1.9501953125
megabyte1,2606,16,1.69000244140625
megabyte1,2607,16,1.77911376953125
megabyte1,2608,16,2.2022705078125
megabyte1,2609,16,1.9208984375
megabyte1,2610,16,2.017608642578125
megabyte1,2611,16,1.90765380859375
megabyte1,2612,16,1.9989013671875
megabyte1,2613,16,2.151123046875
megabyte1,2614,16,1.81390380859375
megabyte1,2615,16,2.03729248046875
megabyte1,2616,16,1.757568359375
megabyte1,2617,16,1.873046875
megabyte1,2618,16,1.6495361328125
megabyte1,2619,16,2.04437255859375
megabyte1,2620,16,1.980743408203125
megabyte1,2621,16,1.94964599609375
megabyte1,2622,16,1.672607421875
megabyte1,2623,16,1.943817138671875
megabyte1,2624,16,1.79583740234375
megabyte1,2625,16,1.8868408203125
megabyte1,2626,16,1.97052001953125
megabyte1,2627,16,1.79888916015625
megabyte1,2628,16,1.73040771484375
megabyte1,2629,16,1.564056396484375
megabyte1,2630,16,1.99365234375
megabyte1,2631,16,1.796875
megabyte1,2632,16,1.78741455078125
megabyte1,2633,16,1.683837890625
megabyte1,2634,16,1.80633544921875
megabyte1,2635,16,1.72796630859375
megabyte1,2636,16,1.893280029296875
megabyte1,2637,16,2.06671142578125
megabyte1,2638,16,1.76654052734375
megabyte1,2639,16,2.12640380859375
megabyte1,2640,16,1.8721923828125
megabyte1,2641,16,1.8028564453125
megabyte1,2642,16,1.966064453125
megabyte1,2643,16,1.923553466796875
megabyte1,2644,16,1.867919921875
megabyte1,2645,16,2.10113525390625
megabyte1,2646,16,1.969970703125
megabyte1,2647,16,1.9251708984375
megabyte1,2648,16,2.0020751953125
megabyte1,2649,16,1.76043701171875
megabyte1,2650,16,2.05255126953125
megabyte1,2651,16,1.97918701171875
megabyte1,2652,16,1.810302734375
megabyte1,2653,16,1.90618896484375
megabyte1,2654,16,2.15008544921875
megabyte1,2655,16,1.73822021484375
megabyte1,2656,16,1.9564208984375
megabyte1,2657,16,1.944580078125
megabyte1,2658,16,2.0250244140625
megabyte1,2659,16,2.02655029296875
megabyte1,2660,16,1.9869384765625
megabyte1,2661,16,1.92913818359375
megabyte1,2662,16,2.01129150390625
megabyte1,2663,16,2.01824951171875
megabyte1,2664,16,1.967376708984375
megabyte1,2665,16,1.85833740234375
megabyte1,2666,16,1.902618408203125
megabyte1,2667,16,1.79278564453125
megabyte1,2668,16,2.04168701171875
megabyte1,2669,16,1.92218017578125
megabyte1,2670,16,1.81756591796875
megabyte1,2671,16,2.03643798828125
megabyte1,2672,16,2.07037353515625
megabyte1,2673,16,1.8555908203125
megabyte1,2674,16,1.83447265625
megabyte1,2675,16,1.63623046875
megabyte1,2676,16,1.77081298828125
megabyte1,2677,16,1.79010009765625
megabyte1,2678,16,1.82293701171875
megabyte1,2679,16,1.93316650390625
megabyte1,2680,16,1.9288330078125
megabyte1,2681,16,2.0982666015625
megabyte1,2682,16,1.99725341796875
megabyte1,2683,16,1.9378662109375
megabyte1,2684,16,1.889404296875
megabyte1,2685,16,1.84521484375
megabyte1,2686,16,1.7579345703125
megabyte1,2687,16,2.03045654296875
megabyte1,2688,16,1.8447265625
megabyte1,2689,16,1.777587890625
megabyte1,2690,16,1.9071044921875
megabyte1,2691,16,1.776824951171875
megabyte1,2692,16,2.04022216796875
megabyte1,2693,16,1.8438720703125
megabyte1,2694,16,1.67327880859375
megabyte1,2695,16,1.88037109375
megabyte1,2696,16,1.714996337890625
megabyte1,2697,16,1.9722900390625
megabyte1,2698,16,1.9892578125
megabyte1,2699,16,1.79412841796875
megabyte1,2700,16,1.596832275390625
megabyte1,2701,16,1.7543182373046875
megabyte1,2702,16,2.14190673828125
megabyte1,2703,16,2.197509765625
megabyte1,2704,16,1.617095947265625
megabyte1,2705,16,1.7178115844726562
megabyte1,2706,16,1.812530517578125
megabyte1,2707,16,1.7244815826416016
megabyte1,2708,16,1.7457256317138672
megabyte1,2709,16,1.850341796875
megabyte1,2710,16,1.7230224609375
megabyte1,2711,16,1.7690773010253906
megabyte1,2712,16,1.6551055908203125
megabyte1,2713,16,1.5168819427490234
megabyte1,2714,16,2.08636474609375
megabyte1,2715,16,1.9855804443359375
megabyte1,2716,16,1.594757080078125
megabyte1,2717,16,1.496328353881836
megabyte1,2718,16,1.6140823364257812
megabyte1,2719,16,1.9353466033935547
megabyte1,2720,16,2.0257129669189453
megabyte1,2721,16,1.9571533203125
megabyte1,2722,16,1.8361129760742188
megabyte1,2723,16,1.794219970703125
megabyte1,2724,16,1.567962646484375
megabyte1,2725,16,1.9158172607421875
megabyte1,2726,16,1.8942108154296875
megabyte1,2727,16,1.7155075073242188
megabyte1,2728,16,2.0221633911132812
megabyte1,2729,16,1.7509689331054688
megabyte1,2730,16,1.5639610290527344
megabyte1,2731,16,1.6695899963378906
megabyte1,2732,16,1.4836769104003906
megabyte1,2733,16,1.7210540771484375
megabyte1,2734,16,1.8387451171875
megabyte1,2735,16,1.8341960906982422
megabyte1,2736,16,1.8797607421875
megabyte1,2737,16,2.10040283203125
megabyte1,2738,16,1.8713531494140625
megabyte1,2739,16,1.607147216796875
megabyte1,2740,16,1.743865966796875
megabyte1,2741,16,1.8290834426879883
megabyte1,2742,16,1.96002197265625
megabyte1,2743,16,1.895711898803711
megabyte1,2744,16,1.82281494140625
megabyte1,2745,16,1.6534805297851562
megabyte1,2746,16,2.1746826171875
megabyte1,2747,16,1.780609130859375
megabyte1,2748,16,2.073974609375
megabyte1,2749,16,1.947509765625
megabyte1,2750,16,2.19366455078125
megabyte1,2751,16,1.957275390625
megabyte1,2752,16,2.0296630859375
megabyte1,2753,16,1.789093017578125
megabyte1,2754,16,1.796173095703125
megabyte1,2755,16,1.852508544921875
megabyte1,2756,16,1.6117630004882812
megabyte1,2757,16,1.78564453125
megabyte1,2758,16,1.889251708984375
megabyte1,2759,16,1.78271484375
megabyte1,2760,16,1.98773193359375
megabyte1,2761,16,1.879425048828125
megabyte1,2762,16,1.712371826171875
megabyte1,2763,16,1.83453369140625
megabyte1,2764,16,1.88946533203125
megabyte1,2765,16,1.83404541015625
megabyte1,2766,16,1.8778076171875
megabyte1,2767,16,1.67431640625
megabyte1,2768,16,1.80731201171875
megabyte1,2769,16,1.651580810546875
megabyte1,2770,16,2.001800537109375
megabyte1,2771,16,1.8609619140625
megabyte1,2772,16,2.04156494140625
megabyte1,2773,16,1.6595458984375
megabyte1,2774,16,1.75909423828125
megabyte1,2775,16,1.8707275390625
megabyte1,2776,16,1.8150634765625
megabyte1,2777,16,1.5406951904296875
megabyte1,2778,16,1.687652587890625
megabyte1,2779,16,1.6851806640625
megabyte1,2780,16,1.7452468872070312
megabyte1,2781,16,2.01678466796875
megabyte1,2782,16,1.860870361328125
megabyte1,2783,16,1.6229476928710938
megabyte1,2784,16,1.83465576171875
megabyte1,2785,16,1.9232177734375
megabyte1,2786,16,1.97735595703125
megabyte1,2787,16,1.8907470703125
megabyte1,2788,16,1.8359222412109375
megabyte1,2789,16,1.86041259765625
megabyte1,2790,16,2.25372314453125
megabyte1,2791,16,1.5277099609375
megabyte1,2792,16,1.602996826171875
megabyte1,2793,16,2.085693359375
megabyte1,2794,16,1.870269775390625
megabyte1,2795,16,1.91748046875
megabyte1,2796,16,1.7881698608398438
megabyte1,2797,16,1.8584918975830078
megabyte1,2798,16,1.8746337890625
megabyte1,2799,16,1.8309326171875
megabyte1,2800,16,1.8604412078857422
megabyte1,2801,16,1.8939132690429688
megabyte1,2802,16,1.7586250305175781
megabyte1,2803,16,1.6080608367919922
megabyte1,2804,16,1.6731758117675781
megabyte1,2805,16,1.9157943725585938
megabyte1,2806,16,1.5817832946777344
megabyte1,2807,16,1.814117431640625
megabyte1,2808,16,1.7289848327636719
megabyte1,2809,16,1.617767333984375
megabyte1,2810,16,2.15875244140625
megabyte1,2811,16,1.849578857421875
megabyte1,2812,16,2.0775833129882812
megabyte1,2813,16,1.9860553741455078
megabyte1,2814,16,1.6651420593261719
megabyte1,2815,16,1.736715316772461
megabyte1,2816,16,1.6568946838378906
megabyte1,2817,16,1.9284820556640625
megabyte1,2818,16,1.634735107421875
megabyte1,2819,16,1.7303924560546875
megabyte1,2820,16,2.043212890625
megabyte1,2821,16,1.82501220703125
megabyte1,2822,16,1.9752197265625
megabyte1,2823,16,1.67388916015625
megabyte1,2824,16,1.57220458984375
megabyte1,2825,16,2.088409423828125
megabyte1,2826,16,1.713653564453125
megabyte1,2827,16,1.9344024658203125
megabyte1,2828,16,1.6742095947265625
megabyte1,2829,16,1.7434844970703125
megabyte1,2830,16,1.8322906494140625
megabyte1,2831,16,1.843780517578125
megabyte1,2832,16,1.6165847778320312
megabyte1,2833,16,2.0289154052734375
megabyte1,2834,16,1.6419601440429688
megabyte1,2835,16,1.7480850219726562
megabyte1,2836,16,1.75494384765625
megabyte1,2837,16,2.0025367736816406
megabyte1,2838,17,1.6513779584099264
megabyte1,2839,17,1.7129588407628678
megabyte1,2840,17,1.6257503733915442
megabyte1,2841,17,1.8315681008731617
megabyte1,2842,17,1.872598087086397
megabyte1,2843,17,1.5924610811121322
megabyte1,2844,17,1.9329654469209558
megabyte1,2845,17,2.008868049172794
megabyte1,2846,17,1.7639914119944853
megabyte1,2847,17,1.569479549632353
megabyte1,2848,17,1.589272891773897
megabyte1,2849,17,1.7509227079503678
megabyte1,2850,17,1.6874066521139706
megabyte1,2851,17,1.6439918069278492
megabyte1,2852,17,1.6947057387408089
megabyte1,2853,17,1.61962890625
megabyte1,2854,17,1.8028582404641544
megabyte1,2855,17,1.6220200482536764
megabyte1,2856,17,1.7816619873046875
megabyte1,2857,17,1.5857131060431986
megabyte1,2858,17,1.5368993422564339
megabyte1,2859,17,1.7924625172334558
megabyte1,2860,17,1.5811031565946692
megabyte1,2861,17,1.6641702090992647
megabyte1,2862,17,1.8942494111902572
megabyte1,2863,17,1.7956004423253678
megabyte1,2864,17,1.7497414981617647
megabyte1,2865,17,1.7186351102941178
megabyte1,2866,17,2.0116038602941178
megabyte1,2867,17,1.90087890625
megabyte1,2868,17,1.8010325712316178
megabyte1,2869,17,1.8557272518382353
megabyte1,2870,17,1.7435661764705883
megabyte1,2871,17,1.7783885282628678
megabyte1,2872,17,1.8402521470013786
megabyte1,2873,17,1.7201897116268383
megabyte1,2874,17,1.9057581284466911
megabyte1,2875,17,1.6662041159237133
megabyte1,2876,17,2.032772288602941
megabyte1,2877,17,1.7409919289981617
megabyte1,2878,17,1.8245293112362133
megabyte1,2879,17,2.022708668428309
megabyte1,2880,17,1.9275045955882353
megabyte1,2881,17,1.586282169117647
megabyte1,2882,17,1.8996438419117647
megabyte1,2883,17,1.8684728285845589
megabyte1,2884,17,1.5262020335477942
megabyte1,2885,17,2.042868221507353
megabyte1,2886,17,1.909018123851103
megabyte1,2887,17,1.8778076171875
megabyte1,2888,17,1.9315670237821692
megabyte1,2889,17,2.5051125919117645
megabyte1,2890,17,1.9502814797794117
megabyte1,2891,17,1.7968462775735294
megabyte1,2892,17,2.1362591911764706
megabyte1,2893,17,1.7910730698529411
megabyte1,2894,17,1.9977596507352942
megabyte1,2895,17,1.7688131893382353
megabyte1,2896,17,1.787454044117647
megabyte1,2897,17,1.7231732536764706
megabyte1,2898,17,1.9115349264705883
megabyte1,2899,17,2.116153492647059
megabyte1,2900,17,1.7079216452205883
megabyte1,2901,17,1.711569393382353
megabyte1,2902,17,1.9356617647058822
megabyte1,2903,17,2.284122242647059
megabyte1,2904,17,1.7987132352941178
megabyte1,2905,17,1.8634535845588236
megabyte1,2906,17,2.155330882352941
megabyte1,2907,17,2.198874080882353
megabyte1,2908,17,1.8653492647058822
megabyte1,2909,17,1.8047736672794117
megabyte1,2910,17,1.5904181985294117
megabyte1,2911,17,1.8948184742647058
megabyte1,2912,17,1.7726907169117647
megabyte1,2913,17,1.900491153492647
megabyte1,2914,17,1.815573299632353
megabyte1,2915,17,1.7362419577205883
megabyte1,2916,17,1.8059010225183822
megabyte1,2917,17,1.7991225298713236
megabyte1,2918,17,1.5700001436121322
megabyte1,2919,17,1.7804367963005514
megabyte1,2920,17,2.0873951631433822
megabyte1,2921,17,1.7830218146829044
megabyte1,2922,17,1.8656364889705883
megabyte1,2923,17,1.8948328354779411
megabyte1,2924,17,1.8435776654411764
megabyte1,2925,17,2.024166331571691
megabyte1,2926,17,1.926962459788603
megabyte1,2927,17,1.7083165785845589
megabyte1,2928,17,1.6283641142003678
megabyte1,2929,17,1.9435317095588236
megabyte1,2930,17,1.8715102251838236
megabyte1,2931,17,1.7076056985294117
megabyte1,2932,17,1.9411190257352942
megabyte1,2933,17,2.3702320772058822
megabyte1,2934,17,1.7564051011029411
megabyte1,2935,17,1.8669002757352942
megabyte1,2936,17,2.0519875919117645
megabyte1,2937,17,1.7918772977941178
megabyte1,2938,17,1.8985595703125
megabyte1,2939,17,1.784079159007353
megabyte1,2940,17,1.86077880859375
megabyte1,2941,17,1.4862491383272058
megabyte1,2942,17,1.8312808766084558
megabyte1,2943,17,1.7526209214154411
megabyte1,2944,17,2.102944766773897
megabyte1,2945,17,1.8654300465303308
megabyte1,2946,17,1.6283282111672794
megabyte1,2947,17,1.7314273609834558
megabyte1,2948,17,1.8685446346507353
megabyte1,2949,17,1.5262199850643383
megabyte1,2950,17,1.623879825367647
megabyte1,2951,17,1.8429367963005514
megabyte1,2952,17,1.5972038717830883
megabyte1,2953,17,1.824563419117647
megabyte1,2954,17,1.6285903033088236
megabyte1,2955,17,2.012350643382353
megabyte1,2956,17,1.802102481617647
megabyte1,2957,17,1.6434613396139706
megabyte1,2958,17,1.899514590992647
megabyte1,2959,17,1.696023380055147
megabyte1,2960,17,1.7648997587316178
megabyte1,2961,17,1.7785213694852942
megabyte1,2962,17,1.6533059512867647
megabyte1,2963,17,1.6241347369025736
megabyte1,2964,17,1.6490299000459558
megabyte1,2965,17,1.7602395450367647
megabyte1,2966,17,1.5972864487591911
megabyte1,2967,17,1.7805498908547794
megabyte1,2968,17,1.8838860006893383
megabyte1,2969,17,1.5855210248161764
megabyte1,2970,17,1.8744399126838236
megabyte1,2971,17,2.035199333639706
megabyte1,2972,17,1.6467859604779411
megabyte1,2973,17,1.7331686580882353
megabyte1,2974,17,1.9551930147058822
megabyte1,2975,17,2.00146484375
megabyte1,2976,17,1.9865579044117647
megabyte1,2977,17,1.8163488051470589
megabyte1,2978,17,1.9203239889705883
megabyte1,2979,17,1.7892922794117647
megabyte1,2980,17,1.9846622242647058
megabyte1,2981,17,2.0297564338235294
megabyte1,2982,17,1.9785730698529411
megabyte1,2983,17,1.8557846966911764
megabyte1,2984,17,1.8540900735294117
megabyte1,2985,17,2.026711856617647
megabyte1,2986,17,1.6563074448529411
megabyte1,2987,17,1.7641888786764706
megabyte1,2988,17,1.70703125
megabyte1,2989,17,1.7348920036764706
megabyte1,2990,17,1.904928768382353
megabyte1,2991,17,1.9132008272058822
megabyte1,2992,17,1.7429342830882353
megabyte1,2993,17,2.139590992647059
megabyte1,2994,17,1.6939625459558822
megabyte1,2995,17,1.7165958180147058
megabyte1,2996,17,2.0393784466911766
megabyte1,2997,17,1.877786075367647
megabyte1,2998,17,1.7958984375
megabyte1,2999,17,2.024126838235294
megabyte1,3000,17,1.9053021599264706
megabyte1,3001,17,1.9530101102941178
megabyte1,3002,17,1.8137063419117647
megabyte1,3003,17,2.069048713235294
megabyte1,3004,17,2.0168313419117645
megabyte1,3005,17,1.9618278952205883
megabyte1,3006,17,2.1825022977941178
megabyte1,3007,17,1.7842945772058822
megabyte1,3008,17,1.8219784007352942
megabyte1,3009,17,1.9416934742647058
megabyte1,3010,17,1.9249195772058822
megabyte1,3011,17,1.7404641544117647
megabyte1,3012,17,1.681640625
megabyte1,3013,17,1.7882869944852942
megabyte1,3014,17,2.011661305147059
megabyte1,3015,17,1.755859375
megabyte1,3016,17,1.7108082490808822
megabyte1,3017,17,1.8158318014705883
megabyte1,3018,17,1.8677906709558822
megabyte1,3019,17,1.88720703125
megabyte1,3020,17,1.7865349264705883
megabyte1,3021,17,2.0601447610294117
megabyte1,3022,17,1.8116096047794117
megabyte1,3023,17,1.9541015625
megabyte1,3024,17,1.9751838235294117
megabyte1,3025,17,2.166302849264706
megabyte1,3026,17,1.9973575367647058
megabyte1,3027,17,1.7837201286764706
megabyte1,3028,17,2.1032858455882355
megabyte1,3029,17,1.798483455882353
megabyte1,3030,17,1.8195369944852942
megabyte1,3031,17,1.8196518841911764
megabyte1,3032,17,1.7658547794117647
megabyte1,3033,17,2.0855641084558822
megabyte1,3034,17,2.087890625
megabyte1,3035,17,1.8076459099264706
megabyte1,3036,17,1.8520795036764706
megabyte1,3037,17,1.7580422794117647
megabyte1,3038,17,1.88916015625
megabyte1,3039,17,2.079388786764706
megabyte1,3040,17,1.7111385569852942
megabyte1,3041,17,1.8581112132352942
megabyte1,3042,17,2.0524758731617645
megabyte1,3043,17,1.7412971047794117
megabyte1,3044,17,1.9662511488970589
megabyte1,3045,17,1.8828125
megabyte1,3046,17,1.5349839154411764
megabyte1,3047,17,2.3628791360294117
megabyte1,3048,17,2.257869944852941
megabyte1,3049,17,1.9122242647058822
megabyte1,3050,17,1.6975528492647058
megabyte1,3051,17,1.955422794117647
megabyte1,3052,17,1.8573931525735294
megabyte1,3053,17,1.8132467830882353
megabyte1,3054,17,1.815573299632353
megabyte1,3055,17,1.7831744025735294
megabyte1,3056,17,1.667746151194853
megabyte1,3057,17,1.8868767233455883
megabyte1,3058,17,1.93603515625
megabyte1,3059,17,1.9289119944852942
megabyte1,3060,17,1.7416417738970589
megabyte1,3061,17,1.8510885799632353
megabyte1,3062,17,2.0383157169117645
megabyte1,3063,17,1.6907958984375
megabyte1,3064,17,2.2938304227941178
megabyte1,3065,17,2.187155330882353
megabyte1,3066,17,1.7521829044117647
megabyte1,3067,17,1.9279641544117647
megabyte1,3068,17,1.9846047794117647
megabyte1,3069,17,1.7807904411764706
megabyte1,3070,17,1.8614430147058822
megabyte1,3071,17,1.8044002757352942
geco22,0,17,1.9782284007352942
geco22,1,17,1.7912454044117647
geco22,2,17,2.157571231617647
geco22,3,17,1.9046989889705883
geco22,4,17,2.127786075367647
geco22,5,17,1.8137637867647058
geco22,6,17,1.6994485294117647
geco22,7,17,1.6328125
geco22,8,17,1.9637522977941178
geco22,9,17,1.9328469669117647
geco22,10,17,1.6613051470588236
geco22,11,17,1.444192325367647
geco22,12,17,1.7530948414522058
geco22,13,17,1.8930735868566178
geco22,14,17,2.0713608685661766
geco22,15,17,1.8315968232996322
geco22,16,17,1.7039292279411764
geco22,17,17,1.8773839613970589
geco22,18,17,1.8789780560661764
geco22,19,17,1.7052037856158089
geco22,20,17,1.8109813017003678
geco22,21,17,1.7652839211856617
geco22,22,17,1.9433880974264706
geco22,23,17,1.6676922966452206
geco22,24,17,1.6576861213235294
geco22,25,17,1.6316456514246322
geco22,26,17,1.740579044117647
geco22,27,17,1.9053488338694853
geco22,28,17,1.8271304859834558
geco22,29,17,1.7060870002297794
geco22,30,17,1.953573787913603
geco22,31,17,1.6923289579503678
geco22,32,17,1.7761589499080883
geco22,33,17,1.7782108082490808
geco22,34,17,1.8153076171875
geco22,35,17,1.6629207835477942
geco22,36,17,1.8326559627757353
geco22,37,17,1.6737634995404411
geco22,38,17,1.8916949103860294
geco22,39,17,1.7598517922794117
geco22,40,17,1.6351677389705883
geco22,41,17,1.810586368336397
geco22,42,17,1.5747931985294117
geco22,43,17,1.7502872242647058
geco22,44,17,2.135943244485294
geco22,45,17,1.6364674287683822
geco22,46,17,1.7377139820772058
geco22,47,17,1.8677260454963236
geco22,48,17,1.8433801987591911
geco22,49,17,1.7776166130514706
geco22,50,17,1.6395497041590072
geco22,51,17,1.7662191951976103
geco22,52,17,1.7181019502527572
geco22,53,17,1.7133564668543197
geco22,54,17,1.7505205939797794
geco22,55,17,1.7231696633731617
geco22,56,17,1.7121348661534928
geco22,57,17,1.7355490291819853
geco22,58,17,1.9496639476102942
geco22,59,17,1.9062069163602942
geco22,60,17,1.8382011862362133
geco22,61,17,1.7439108455882353
geco22,62,17,1.7442555147058822
geco22,63,17,1.7826645795036764
geco22,64,17,1.7430348115808822
geco22,65,17,1.7191233915441178
geco22,66,17,1.9145400103400736
geco22,67,17,1.6481861787683822
geco22,68,17,1.5302770278033089
geco22,69,17,1.8464427274816178
geco22,70,17,1.8171314912683822
geco22,71,17,1.7371072208180147
geco22,72,17,1.7724752987132353
geco22,73,17,1.5428538602941178
geco22,74,17,1.5863360236672794
geco22,75,17,1.5185834099264706
geco22,76,17,1.9415283203125
geco22,77,17,1.6171444163602942
geco22,78,17,1.5832483628216911
geco22,79,17,1.7498276654411764
geco22,80,17,1.8151496438419117
geco22,81,17,1.4393534940831803
geco22,82,17,1.8801413143382353
geco22,83,17,1.6696202895220589
geco22,84,17,1.7050350413602942
geco22,85,17,1.4970451803768383
geco22,86,17,1.9653212603400736
geco22,87,17,1.6974433450137867
geco22,88,17,1.9173943014705883
geco22,89,17,1.9172830020680147
geco22,90,17,1.6767739688648897
geco22,91,17,1.7346765854779411
geco22,92,17,1.802621280445772
geco22,93,17,1.6877432430491728
geco22,94,17,1.6168571920955883
geco22,95,17,1.7582146139705883
geco22,96,17,1.8772403492647058
geco22,97,17,1.5528887580422794
geco22,98,17,1.5998212028952206
geco22,99,17,1.5447549258961397
geco22,100,17,1.69671630859375
geco22,101,17,1.5963996438419117
geco22,102,17,2.077780330882353
geco22,103,17,1.8058363970588236
geco22,104,17,1.8163344439338236
geco22,105,17,1.9114056755514706
geco22,106,17,1.766824161305147
geco22,107,17,1.6557976217830883
geco22,108,17,1.6059642118566178
geco22,109,17,1.7828692267922794
geco22,110,17,1.9006491268382353
geco22,111,17,1.6807502297794117
geco22,112,17,1.7220099954044117
geco22,113,17,1.6293442670036764
geco22,114,17,1.7885454963235294
geco22,115,17,1.6595818014705883
geco22,116,17,1.7576832490808822
geco22,117,17,1.679421817555147
geco22,118,17,1.7383853687959558
geco22,119,17,1.5455896714154411
geco22,120,17,1.6347620346966911
geco22,121,17,1.6192196116727942
geco22,122,17,2.003421559053309
geco22,123,17,1.5315013212316178
geco22,124,17,1.7154164033777572
geco22,125,17,1.6663710650275736
geco22,126,17,1.5594895306755514
geco22,127,17,1.6021010454963236
geco22,128,17,1.4589556525735294
geco22,129,17,1.4841236787683822
geco22,130,17,1.6770791446461397
geco22,131,17,1.6984127269071692
geco22,132,17,1.4654792336856617
geco22,133,17,1.5756907743566178
geco22,134,17,1.6275203929227942
geco22,135,17,1.551492130055147
geco22,136,17,1.7384033203125
geco22,137,17,1.4480079202090992
geco22,138,17,1.4263413373161764
geco22,139,17,1.4913312126608456
geco22,140,17,1.503134334788603
geco22,141,17,1.5853522805606617
geco22,142,17,1.7767630184397978
geco22,143,17,1.5501278147977942
geco22,144,17,1.6329273897058822
geco22,145,17,1.990273868336397
geco22,146,17,1.4458079618566178
geco22,147,17,1.9919756721047794
geco22,148,17,1.7196547564338236
geco22,149,17,1.5489932789522058
geco22,150,17,1.6312578986672794
geco22,151,17,1.5588486615349264
geco22,152,17,1.41455078125
geco22,153,17,1.5723517922794117
geco22,154,17,1.501504337086397
geco22,155,17,1.9036317713120405
geco22,156,17,1.644744873046875
geco22,157,17,1.7549402573529411
geco22,158,17,1.4801617790670956
geco22,159,17,1.4547083237591911
geco22,160,17,1.5548436781939339
geco22,161,17,1.6174172794117647
geco22,162,17,1.5149302763097428
geco22,163,17,1.472756778492647
geco22,164,17,1.641012752757353
geco22,165,17,1.4871664608226103
geco22,166,17,1.9223946964039522
geco22,167,17,1.6459781422334558
geco22,168,17,1.5930848963120405
geco22,169,17,1.6791274126838236
geco22,170,17,1.7539313821231617
geco22,171,17,1.8239243451286764
geco22,172,17,1.7374375287224264
geco22,173,17,1.6778977338005514
geco22,174,17,1.6740004595588236
geco22,175,17,1.7235538258272058
geco22,176,17,1.6182574103860294
geco22,177,17,1.760458553538603
geco22,178,17,1.790365780101103
geco22,179,17,1.7371682559742647
geco22,180,17,1.5001292509191178
geco22,181,17,1.6268382352941178
geco22,182,17,1.6350366928998161
geco22,183,17,1.6423662971047794
geco22,184,17,1.7099322150735294
geco22,185,17,1.5579941693474264
geco22,186,17,1.7755916819852942
geco22,187,17,1.5855389763327206
geco22,188,17,1.6036233340992647
geco22,189,17,1.6497730928308822
geco22,190,17,1.8087409524356617
geco22,191,17,1.7861328125
geco22,192,17,1.8626242244944853
geco22,193,17,1.6751251220703125
geco22,194,17,1.5346356560202206
geco22,195,17,1.7154433306525736
geco22,196,17,1.5766529756433822
geco22,197,17,1.9035536822150736
geco22,198,17,2.082684685202206
geco22,199,17,1.5492284438189339
geco22,200,17,1.697653377757353
geco22,201,17,1.5736658432904411
geco22,202,17,1.636575137867647
geco22,203,17,1.6143152573529411
geco22,204,17,1.5585291245404411
geco22,205,17,1.7775555778952206
geco22,206,17,1.5154454848345589
geco22,207,17,1.4914048138786764
geco22,208,17,1.6832419002757353
geco22,209,17,1.771584903492647
geco22,210,17,1.8744147805606617
geco22,211,17,1.6375804227941178
geco22,212,17,1.6626551011029411
geco22,213,17,1.7487649356617647
geco22,214,17,1.7695124009076286
geco22,215,17,1.6614936379825367
geco22,216,17,1.7645676556755514
geco22,217,17,1.6622799144071692
geco22,218,17,1.8302468692555147
geco22,219,17,1.6681464700137867
geco22,220,17,1.656302059397978
geco22,221,17,1.7873247931985294
geco22,222,17,1.6310658174402572
geco22,223,17,1.787759219898897
geco22,224,17,1.760894775390625
geco22,225,17,1.4984364229090072
geco22,226,17,1.8983621036305147
geco22,227,17,1.656036376953125
geco22,228,17,1.6817662856158089
geco22,229,17,1.8139935661764706
geco22,230,17,1.5544792624080883
geco22,231,17,1.3867474724264706
geco22,232,17,1.7704611385569853
geco22,233,17,1.5407463522518383
geco22,234,17,1.6227147719439339
geco22,235,17,1.5000753963694853
geco22,236,17,1.657012939453125
geco22,237,17,1.4810108857996322
geco22,238,17,1.9013815487132353
geco22,239,17,1.6811505485983456
geco22,240,17,1.9257166245404411
geco22,241,17,1.5289809283088236
geco22,242,17,1.6820571001838236
geco22,243,17,1.6552770278033089
geco22,244,17,1.5479449103860294
geco22,245,17,1.472921932444853
geco22,246,17,1.2547356100643383
geco22,247,17,1.5651316923253678
geco22,248,17,1.9353206858915442
geco22,249,17,1.5213120404411764
geco22,250,17,1.66558837890625
geco22,251,17,1.6124106014476103
geco22,252,17,1.6658432904411764
geco22,253,17,1.5728687959558822
geco22,254,17,1.6305972828584558
geco22,255,17,2.0562519746668197
geco22,256,17,1.6085384593290442
geco22,257,17,1.7962897805606617
geco22,258,17,1.5535031486960018
geco22,259,17,1.5440314797794117
geco22,260,17,1.7111708697150736
geco22,261,17,1.6740973977481617
geco22,262,17,2.178689395680147
geco22,263,17,1.6668701171875
geco22,264,17,1.6292598948759192
geco22,265,17,1.615072811351103
geco22,266,17,1.8413516773897058
geco22,267,17,1.5776313332950367
geco22,268,17,1.675271426930147
geco22,269,17,1.6404041963465072
geco22,270,17,2.047244801240809
geco22,271,17,1.7137505026424633
geco22,272,17,1.6999978458180147
geco22,273,17,1.5884830250459558
geco22,274,17,1.5633078182444853
geco22,275,17,1.821066463694853
geco22,276,17,1.658578311695772
geco22,277,17,1.8355138442095589
geco22,278,17,1.5121388154871322
geco22,279,17,1.7117022346047794
geco22,280,17,1.6922445858226103
geco22,281,17,2.224395751953125
geco22,282,17,1.6557509478400736
geco22,283,17,1.7061623965992647
geco22,284,17,1.6970071231617647
geco22,285,17,1.5063117532169117
geco22,286,17,2.0300651999080883
geco22,287,17,1.7852926815257353
geco22,288,17,1.472189510569853
geco22,289,17,2.1176614200367645
geco22,290,17,1.8518533145680147
geco22,291,17,1.7547966452205883
geco22,292,17,1.6837445427389706
geco22,293,17,1.6231833065257353
geco22,294,17,2.1005356732536766
geco22,295,17,1.5504509420955883
geco22,296,17,1.7146426930147058
geco22,297,17,1.8522302964154411
geco22,298,17,1.6313620174632353
geco22,299,17,1.9551068474264706
geco22,300,17,1.6943359375
geco22,301,17,1.9678021599264706
geco22,302,17,1.7625229779411764
geco22,303,17,1.8222512637867647
geco22,304,17,1.8382927389705883
geco22,305,17,1.8303653492647058
geco22,306,17,1.8442095588235294
geco22,307,17,1.7553423713235294
geco22,308,17,1.8031652113970589
geco22,309,17,1.8719913258272058
geco22,310,17,1.7904339958639706
geco22,311,17,1.769775390625
geco22,312,17,1.735391055836397
geco22,313,17,1.773171817555147
geco22,314,17,1.7991009880514706
geco22,315,17,1.7794692095588236
geco22,316,17,1.6852560604319853
geco22,317,17,1.8060177073759192
geco22,318,17,1.7133851892807905
geco22,319,17,1.7853806439568014
geco22,320,17,1.7402074477251839
geco22,321,17,1.6690925149356617
geco22,322,17,1.8157222972196692
geco22,323,17,1.6927903119255514
geco22,324,17,1.740509033203125
geco22,325,17,1.7064891142003678
geco22,326,17,1.7959343405330883
geco22,327,17,1.8978684369255514
geco22,328,17,1.709860409007353
geco22,329,17,1.6937507180606617
geco22,330,17,1.71844482421875
geco22,331,17,1.6643640854779411
geco22,332,17,1.7390172621783089
geco22,333,17,1.6938404756433822
geco22,334,17,2.047250186695772
geco22,335,17,1.6142506318933822
geco22,336,17,1.6467540965360754
geco22,337,17,1.7445822323069853
geco22,338,17,1.7263901654411764
geco22,339,17,1.7061143762925093
geco22,340,17,1.5921271829044117
geco22,341,17,1.7828328749712776
geco22,342,17,1.59161376953125
geco22,343,17,1.6563972024356617
geco22,344,17,1.7130746280445772
geco22,345,17,1.6175541597254135
geco22,346,17,1.539895450367647
geco22,347,17,1.6751996208639706
geco22,348,17,1.669259464039522
geco22,349,17,1.8395188275505514
geco22,350,17,1.811204798081342
geco22,351,17,1.8232762953814339
geco22,352,17,1.6228673598345589
geco22,353,17,1.6392319623161764
geco22,354,17,1.6250062830307905
geco22,355,17,1.6368480009191178
geco22,356,17,1.5806023092830883
geco22,357,17,1.5422542796415442
geco22,358,17,1.4775139303768383
geco22,359,17,1.7377786075367647
geco22,360,17,1.6374188591452206
geco22,361,17,1.553466796875
geco22,362,17,1.7626809512867647
geco22,363,17,1.5039636948529411
geco22,364,17,1.6721370921415442
geco22,365,17,1.6068949979894303
geco22,366,17,1.8193018296185661
geco22,367,17,1.4049844180836397
geco22,368,17,1.6773322610294117
geco22,369,17,1.6065996955422794
geco22,370,17,1.5310633042279411
geco22,371,17,1.5904487161075367
geco22,372,17,1.5541579302619486
geco22,373,17,1.5050730985753678
geco22,374,17,1.9003852395450367
geco22,375,17,1.5282305549172794
geco22,376,17,1.7267815085018383
geco22,377,17,1.704903995289522
geco22,378,17,1.5884973862591911
geco22,379,17,1.6942210477941178
geco22,380,17,1.6501823874080883
geco22,381,17,1.6775333180147058
geco22,382,17,1.724831973805147
geco22,383,17,1.8751723345588236
geco22,384,17,1.522134219898897
geco22,385,17,1.7379006778492647
geco22,386,17,1.6116925407858456
geco22,387,17,1.5960836971507353
geco22,388,17,1.4293212890625
geco22,389,17,1.88409423828125
geco22,390,17,1.8231757668887867
geco22,391,17,2.2688221650965072
geco22,392,17,1.8567397173713236
geco22,393,17,1.9854233685661764
geco22,394,17,1.7218520220588236
geco22,395,17,1.7938735064338236
geco22,396,17,1.6845846737132353
geco22,397,17,1.7087115119485294
geco22,398,17,1.6186020795036764
geco22,399,17,1.6962818818933822
geco22,400,17,1.5110590317670036
geco22,401,17,1.5683127010569853
geco22,402,17,1.6609739415785845
geco22,403,17,1.5250818589154411
geco22,404,17,1.540915096507353
geco22,405,17,1.6768125646254595
geco22,406,17,1.8496847713694853
geco22,407,17,1.5085045309627758
geco22,408,17,1.5465321260340072
geco22,409,17,1.9189722397748161
geco22,410,17,1.7155959185431986
geco22,411,17,1.635293399586397
geco22,412,17,1.5726174747242647
geco22,413,17,2.11669921875
geco22,414,17,1.7194752412683822
geco22,415,17,1.7627527573529411
geco22,416,17,1.7042918485753678
geco22,417,17,1.5657994887408089
geco22,418,17,1.6157513786764706
geco22,419,17,1.9307358685661764
geco22,420,17,1.751059139476103
geco22,421,17,1.7442196116727942
geco22,422,17,1.586465274586397
geco22,423,17,1.6235315659466911
geco22,424,17,1.5957821116727942
geco22,425,17,1.794259464039522
geco22,426,17,1.717106538660386
geco22,427,17,1.5529138901654411
geco22,428,17,1.7104680678423714
geco22,429,17,1.5473166073069853
geco22,430,17,1.6203756893382353
geco22,431,17,1.9194138470818014
geco22,432,17,1.58154296875
geco22,433,17,1.8594324448529411
geco22,434,17,1.6059283088235294
geco22,435,17,1.7257834041819853
geco22,436,17,1.8490133846507353
geco22,437,17,1.6513169232536764
geco22,438,17,1.7661491842830883
geco22,439,17,2.084659352022059
geco22,440,17,1.6125847311580883
geco22,441,17,1.7851993336397058
geco22,442,17,1.6741458668428308
geco22,443,17,1.7333625344669117
geco22,444,17,1.8967976289636947
geco22,445,17,1.9747134937959558
geco22,446,17,1.8199391084558822
geco22,447,17,1.7665369370404411
geco22,448,17,1.8229136747472428
geco22,449,17,1.8708208869485294
geco22,450,17,1.6714315975413603
geco22,451,17,1.6928280101102942
geco22,452,17,1.6907169117647058
geco22,453,17,1.7320628446691178
geco22,454,17,1.7070240693933822
geco22,455,17,1.5395256491268383
geco22,456,17,1.6755012063419117
geco22,457,17,1.6456621955422794
geco22,458,17,1.5536929859834558
geco22,459,17,1.6360527487362133
geco22,460,17,1.4287791532628678
geco22,461,17,1.677499210133272
geco22,462,17,1.759726131663603
geco22,463,17,1.8794842888327206
geco22,464,17,1.5118085075827206
geco22,465,17,1.5267782772288603
geco22,466,17,1.6587201286764706
geco22,467,17,1.6006362017463236
geco22,468,17,1.8025369083180147
geco22,469,17,1.471475040211397
geco22,470,17,1.7617905560661764
geco22,471,17,1.72149658203125
geco22,472,17,1.4585535386029411
geco22,473,17,1.5486216825597428
geco22,474,17,1.492954927332261
geco22,475,17,1.6361407111672794
geco22,476,17,1.4324233111213236
geco22,477,17,1.4887587603400736
geco22,478,17,1.3878335391773897
geco22,479,17,1.6692181755514706
geco22,480,17,1.3308823529411764
geco22,481,17,1.4802955178653492
geco22,482,17,1.5750481100643383
geco22,483,17,1.441986083984375
geco22,484,17,1.7636898265165442
geco22,485,17,1.604055965647978
geco22,486,17,1.2887196260340072
geco22,487,17,1.7006153779871322
geco22,488,17,1.4873890596277572
geco22,489,17,1.4717227711397058
geco22,490,17,1.7173102883731617
geco22,491,17,1.5299144071691178
geco22,492,17,1.6030991498161764
geco22,493,17,1.5804263844209558
geco22,494,17,1.3912174000459558
geco22,495,17,1.4687140969669117
geco22,496,17,1.5198077033547794
geco22,497,17,1.8697509765625
geco22,498,17,1.6131699505974264
geco22,499,17,1.6181748334099264
geco22,500,17,1.4850176642922794
geco22,501,17,1.638650333180147
geco22,502,17,1.4373366411994486
geco22,503,17,1.7750315946691178
geco22,504,17,1.4692705939797794
geco22,505,17,1.9409754136029411
geco22,506,17,1.5353716681985294
geco22,507,17,1.658529842601103
geco22,508,17,1.6721909466911764
geco22,509,17,1.9832440544577206
geco22,510,17,1.5878188189338236
geco22,511,17,1.7615176930147058
geco22,512,17,1.8439797794117647
geco22,513,17,2.1211870978860294
geco22,514,17,1.7629322725183822
geco22,515,17,1.8988055060891544
geco22,516,17,1.693991268382353
geco22,517,17,1.543404971852022
geco22,518,17,1.6010724235983456
geco22,519,17,1.8558170094209558
geco22,520,17,1.9811078239889706
geco22,521,17,1.6396125344669117
geco22,522,17,1.729330623851103
geco22,523,17,1.68798828125
geco22,524,17,1.4839226217830883
geco22,525,17,1.8016106100643383
geco22,526,17,1.7958517635569853
geco22,527,17,1.8109211641199447
geco22,528,17,1.6554457720588236
geco22,529,17,2.0262989717371322
geco22,530,17,1.8899572035845589
geco22,531,17,1.9836533490349264
geco22,532,17,1.602151309742647
geco22,533,17,1.6823299632352942
geco22,534,17,1.7979808134191178
geco22,535,17,1.586282169117647
geco22,536,17,1.6732464958639706
geco22,537,17,1.6569267721737133
geco22,538,17,1.7039426915785845
geco22,539,17,1.535605037913603
geco22,540,17,1.6201746323529411
geco22,541,17,1.5356014476102942
geco22,542,17,1.5682929543887867
geco22,543,17,1.7698041130514706
geco22,544,17,1.7032434800091911
geco22,545,17,1.8715066348805147
geco22,546,17,1.845358455882353
geco22,547,17,1.7762379365808822
geco22,548,17,1.6280481675091911
geco22,549,17,1.5673415240119486
geco22,550,17,1.6686948888442095
geco22,551,17,1.613093656652114
geco22,552,17,1.5856807933134192
geco22,553,17,1.6775333180147058
geco22,554,17,1.578133975758272
geco22,555,17,1.5224842744715072
geco22,556,17,1.8425885368795956
geco22,557,17,1.872706693761489
geco22,558,17,1.6061473173253678
geco22,559,17,1.7777997185202206
geco22,560,17,1.7622716567095589
geco22,561,17,1.6471019071691178
geco22,562,17,1.6481610466452206
geco22,563,17,1.719320858226103
geco22,564,17,1.7949146943933822
geco22,565,17,1.5019656910615808
geco22,566,17,1.5628069709329044
geco22,567,17,1.5761682846966911
geco22,568,17,1.3829381606158089
geco22,569,17,1.6059498506433822
geco22,570,17,1.5270143396714155
geco22,571,17,1.9617866067325367
geco22,572,17,1.4720584644990808
geco22,573,17,1.4837646484375
geco22,574,17,1.5753470028147978
geco22,575,17,1.5427174287683822
geco22,576,17,1.50927734375
geco22,577,17,1.6951868393841911
geco22,578,17,1.6061329561121322
geco22,579,17,1.4676334156709558
geco22,580,17,1.9023114372702206
geco22,581,17,1.5597300809972428
geco22,582,17,2.3010110294117645
geco22,583,17,1.8382927389705883
geco22,584,17,1.7140251608455883
geco22,585,17,1.7685690487132353
geco22,586,17,1.5948288861443014
geco22,587,17,1.8479865579044117
geco22,588,17,1.7988712086397058
geco22,589,17,1.666617000804228
geco22,590,17,1.908403284409467
geco22,591,17,1.7863482306985294
geco22,592,17,1.9346277573529411
geco22,593,17,1.5281838809742647
geco22,594,17,2.002423454733456
geco22,595,17,1.8758975758272058
geco22,596,17,1.7754624310661764
geco22,597,17,1.8552775663488053
geco22,598,17,1.6203900505514706
geco22,599,17,1.9885828354779411
geco22,600,17,1.836691463694853
geco22,601,17,2.0304376938763786
geco22,602,17,1.5238414091222428
geco22,603,17,1.6659976734834558
geco22,604,17,1.7741268382352942
geco22,605,17,2.015682444852941
geco22,606,17,1.664206112132353
geco22,607,17,1.5760139016544117
geco22,608,17,1.8275397805606617
geco22,609,17,1.8616153492647058
geco22,610,17,2.047564338235294
geco22,611,17,1.7514899758731617
geco22,612,17,1.833639705882353
geco22,613,17,1.7295352711397058
geco22,614,16,1.69952392578125
geco22,615,16,1.6965179443359375
geco22,616,16,1.7854461669921875
geco22,617,16,1.7090606689453125
geco22,618,16,1.6953201293945312
geco22,619,16,1.8544921875
geco22,620,16,1.8875579833984375
geco22,621,16,1.7564697265625
geco22,622,16,1.7070999145507812
geco22,623,16,1.8298206329345703
geco22,624,16,1.76580810546875
geco22,625,16,1.7820816040039062
geco22,626,16,1.8747711181640625
geco22,627,16,1.682769775390625
geco22,628,16,2.219482421875
geco22,629,16,1.77490234375
geco22,630,16,2.00177001953125
geco22,631,16,1.822509765625
geco22,632,16,1.8756103515625
geco22,633,16,1.96258544921875
geco22,634,16,2.0218505859375
geco22,635,16,1.90264892578125
geco22,636,16,1.76690673828125
geco22,637,16,1.85394287109375
geco22,638,16,1.80377197265625
geco22,639,16,1.960906982421875
geco22,640,16,1.8880615234375
geco22,641,16,1.8486328125
geco22,642,16,2.20684814453125
geco22,643,16,1.8125
geco22,644,16,1.85113525390625
geco22,645,16,2.014404296875
geco22,646,16,1.80255126953125
geco22,647,16,1.86370849609375
geco22,648,16,1.84014892578125
geco22,649,16,1.97369384765625
geco22,650,16,2.01397705078125
geco22,651,16,1.6279144287109375
geco22,652,16,1.67633056640625
geco22,653,16,1.6703948974609375
geco22,654,16,1.959259033203125
geco22,655,16,1.9122848510742188
geco22,656,16,1.8448638916015625
geco22,657,16,1.9425544738769531
geco22,658,16,1.7614288330078125
geco22,659,16,1.8848419189453125
geco22,660,16,1.76654052734375
geco22,661,16,1.9217681884765625
geco22,662,16,1.7492218017578125
geco22,663,16,1.7397956848144531
geco22,664,16,1.8176078796386719
geco22,665,16,1.7933769226074219
geco22,666,16,1.7736587524414062
geco22,667,16,1.8359375
geco22,668,16,1.7865142822265625
geco22,669,16,1.8532791137695312
geco22,670,16,1.7665977478027344
geco22,671,16,1.7411651611328125
geco22,672,16,1.78741455078125
geco22,673,16,1.7451400756835938
geco22,674,16,1.748016357421875
geco22,675,16,2.05816650390625
geco22,676,16,1.74676513671875
geco22,677,16,1.984375
geco22,678,16,1.80242919921875
geco22,679,16,1.9039306640625
geco22,680,16,1.8211669921875
geco22,681,16,1.73065185546875
geco22,682,16,1.9468994140625
geco22,683,16,1.821868896484375
geco22,684,16,1.967529296875
geco22,685,16,1.82452392578125
geco22,686,16,1.7392578125
geco22,687,16,1.862274169921875
geco22,688,16,1.7256431579589844
geco22,689,16,1.6998329162597656
geco22,690,16,1.7351036071777344
geco22,691,16,1.8516082763671875
geco22,692,16,1.5869903564453125
geco22,693,16,1.749460220336914
geco22,694,16,1.5967960357666016
geco22,695,16,1.6294593811035156
geco22,696,16,2.1329288482666016
geco22,697,16,1.826019287109375
geco22,698,16,1.7651901245117188
geco22,699,16,1.98291015625
geco22,700,16,2.0113525390625
geco22,701,16,1.766357421875
geco22,702,16,1.588897705078125
geco22,703,16,1.5362396240234375
geco22,704,16,1.7881546020507812
geco22,705,16,1.6287002563476562
geco22,706,16,1.766998291015625
geco22,707,16,1.6847343444824219
geco22,708,16,2.1668624877929688
geco22,709,16,1.8970794677734375
geco22,710,16,1.7838897705078125
geco22,711,16,1.7851791381835938
geco22,712,16,1.8899993896484375
geco22,713,16,2.0133285522460938
geco22,714,16,1.8242683410644531
geco22,715,16,1.6451644897460938
geco22,716,16,1.6876754760742188
geco22,717,16,1.851318359375
geco22,718,16,1.772369384765625
geco22,719,16,1.6658401489257812
geco22,720,16,1.7964630126953125
geco22,721,16,1.6716079711914062
geco22,722,16,1.6588401794433594
geco22,723,16,1.6826705932617188
geco22,724,16,1.8779640197753906
geco22,725,16,1.7901687622070312
geco22,726,16,1.7514381408691406
geco22,727,16,1.7193603515625
geco22,728,16,1.7681198120117188
geco22,729,16,1.6036872863769531
geco22,730,16,1.703399658203125
geco22,731,16,1.806365966796875
geco22,732,16,2.23583984375
geco22,733,16,1.86761474609375
geco22,734,16,1.7745437622070312
geco22,735,16,1.91790771484375
geco22,736,16,2.0436859130859375
geco22,737,16,1.8930816650390625
geco22,738,16,1.91082763671875
geco22,739,16,1.7592506408691406
geco22,740,16,1.5401906967163086
geco22,741,16,1.9004058837890625
geco22,742,16,1.8918800354003906
geco22,743,16,1.7922210693359375
geco22,744,16,1.8748664855957031
geco22,745,16,1.8767852783203125
geco22,746,16,1.7485160827636719
geco22,747,16,1.7338337898254395
geco22,748,16,1.8421249389648438
geco22,749,16,1.800516128540039
geco22,750,16,1.9096555709838867
geco22,751,16,1.8062286376953125
geco22,752,16,1.8158435821533203
geco22,753,16,1.6587638854980469
geco22,754,16,1.7552986145019531
geco22,755,16,1.6346979141235352
geco22,756,16,1.9673004150390625
geco22,757,16,2.0874557495117188
geco22,758,16,1.9792327880859375
geco22,759,16,1.8291015625
geco22,760,16,1.6961898803710938
geco22,761,16,1.6719970703125
geco22,762,16,1.73919677734375
geco22,763,16,1.766204833984375
geco22,764,16,1.8422412872314453
geco22,765,16,1.6888885498046875
geco22,766,16,1.6823577880859375
geco22,767,16,2.0115966796875
geco22,768,16,1.8007049560546875
geco22,769,16,1.8049736022949219
geco22,770,16,1.7727508544921875
geco22,771,16,1.6943130493164062
geco22,772,16,1.7280960083007812
geco22,773,16,2.096923828125
geco22,774,16,1.838958740234375
geco22,775,16,1.951751708984375
geco22,776,16,1.68316650390625
geco22,777,16,2.01873779296875
geco22,778,16,1.8619384765625
geco22,779,16,1.79229736328125
geco22,780,16,1.773193359375
geco22,781,16,1.90875244140625
geco22,782,16,1.82684326171875
geco22,783,16,1.79058837890625
geco22,784,16,1.86322021484375
geco22,785,16,1.811798095703125
geco22,786,16,1.9059600830078125
geco22,787,16,1.84417724609375
geco22,788,16,1.9349021911621094
geco22,789,16,1.8701324462890625
geco22,790,16,1.97198486328125
geco22,791,16,1.9255828857421875
geco22,792,16,1.89971923828125
geco22,793,16,2.028076171875
geco22,794,16,2.02630615234375
geco22,795,16,2.005615234375
geco22,796,16,1.6826171875
geco22,797,16,1.920654296875
geco22,798,16,1.830963134765625
geco22,799,16,2.096221923828125
geco22,800,16,1.8881912231445312
geco22,801,16,1.773712158203125
geco22,802,16,1.7342338562011719
geco22,803,16,1.64794921875
geco22,804,16,1.9163360595703125
geco22,805,16,1.720458984375
geco22,806,16,1.8721923828125
geco22,807,16,1.649688720703125
geco22,808,16,2.0286102294921875
geco22,809,16,1.8781795501708984
geco22,810,16,1.7054977416992188
geco22,811,16,1.7770004272460938
geco22,812,16,1.8621368408203125
geco22,813,16,1.7564659118652344
geco22,814,16,1.7594451904296875
geco22,815,16,1.8711395263671875
geco22,816,16,1.6692123413085938
geco22,817,16,2.0369873046875
geco22,818,16,1.7503204345703125
geco22,819,16,2.00054931640625
geco22,820,16,1.67169189453125
geco22,821,16,1.8743896484375
geco22,822,16,2.0987548828125
geco22,823,16,1.7602462768554688
geco22,824,16,1.651092529296875
geco22,825,16,1.9736328125
geco22,826,16,1.86138916015625
geco22,827,16,1.7356109619140625
geco22,828,16,1.6874542236328125
geco22,829,16,1.754730224609375
geco22,830,16,1.5485610961914062
geco22,831,16,1.7362594604492188
geco22,832,16,1.911590576171875
geco22,833,16,1.7979736328125
geco22,834,16,1.64764404296875
geco22,835,16,1.8610687255859375
geco22,836,16,1.7196273803710938
geco22,837,16,1.7323417663574219
geco22,838,16,1.8331069946289062
geco22,839,16,1.796417236328125
geco22,840,16,1.7907562255859375
geco22,841,16,2.0852699279785156
geco22,842,16,1.8711738586425781
geco22,843,16,2.0647125244140625
geco22,844,16,1.7093524932861328
geco22,845,16,1.7383804321289062
geco22,846,16,1.8841495513916016
geco22,847,16,1.8154935836791992
geco22,848,16,1.96478271484375
geco22,849,16,1.6505584716796875
geco22,850,16,1.8512649536132812
geco22,851,16,1.676116943359375
geco22,852,16,1.8657684326171875
geco22,853,16,1.7582206726074219
geco22,854,16,1.8389739990234375
geco22,855,16,1.8315582275390625
geco22,856,16,1.764007568359375
geco22,857,16,1.6619338989257812
geco22,858,16,1.8204345703125
geco22,859,16,1.5868682861328125
geco22,860,16,1.9501953125
geco22,861,16,1.7697525024414062
geco22,862,16,1.76507568359375
geco22,863,16,1.881927490234375
geco22,864,16,1.91510009765625
geco22,865,16,2.22308349609375
geco22,866,16,1.847412109375
geco22,867,16,2.20098876953125
geco22,868,16,1.958251953125
geco22,869,16,1.7835693359375
geco22,870,16,1.903564453125
geco22,871,16,1.84820556640625
geco22,872,16,1.9337158203125
geco22,873,16,1.94805908203125
geco22,874,16,1.83941650390625
geco22,875,16,2.13946533203125
geco22,876,16,1.75244140625
geco22,877,16,1.83367919921875
geco22,878,16,2.015625
geco22,879,16,2.00128173828125
geco22,880,16,1.96807861328125
geco22,881,16,1.830810546875
geco22,882,16,1.86517333984375
geco22,883,16,1.86981201171875
geco22,884,16,2.08489990234375
geco22,885,16,1.88330078125
geco22,886,16,2.02227783203125
geco22,887,16,1.86822509765625
geco22,888,16,2.03118896484375
geco22,889,16,1.9288330078125
geco22,890,16,1.99456787109375
geco22,891,16,1.8056640625
geco22,892,16,1.782470703125
geco22,893,16,1.974365234375
geco22,894,16,1.95391845703125
geco22,895,16,1.8468017578125
geco22,896,16,1.8094482421875
geco22,897,16,1.9517822265625
geco22,898,16,1.88494873046875
geco22,899,16,2.18060302734375
geco22,900,16,1.781280517578125
geco22,901,16,1.81805419921875
geco22,902,16,1.798828125
geco22,903,16,1.688079833984375
geco22,904,16,1.94549560546875
geco22,905,16,1.953033447265625
geco22,906,16,1.6948089599609375
geco22,907,16,1.89935302734375
geco22,908,16,2.101226806640625
geco22,909,16,1.7498779296875
geco22,910,16,1.883056640625
geco22,911,16,2.02166748046875
geco22,912,16,2.20367431640625
geco22,913,16,2.04119873046875
geco22,914,16,1.8988037109375
geco22,915,16,2.20294189453125
geco22,916,16,1.91229248046875
geco22,917,16,1.77691650390625
geco22,918,16,1.9638214111328125
geco22,919,16,1.76702880859375
geco22,920,16,1.82763671875
geco22,921,16,1.7485427856445312
geco22,922,16,1.81744384765625
geco22,923,16,1.7434158325195312
geco22,924,16,1.75518798828125
geco22,925,16,1.75872802734375
geco22,926,16,1.8306884765625
geco22,927,16,1.90118408203125
geco22,928,16,1.77960205078125
geco22,929,16,2.165679931640625
geco22,930,16,1.79010009765625
geco22,931,16,1.84503173828125
geco22,932,16,1.6329116821289062
geco22,933,16,1.873870849609375
geco22,934,16,1.6724853515625
geco22,935,16,1.66717529296875
geco22,936,16,1.6780548095703125
geco22,937,16,1.734130859375
geco22,938,16,1.6560211181640625
geco22,939,16,1.681304931640625
geco22,940,16,1.76416015625
geco22,941,16,1.761260986328125
geco22,942,16,1.81756591796875
geco22,943,16,1.447998046875
geco22,944,16,1.7758331298828125
geco22,945,16,1.81494140625
geco22,946,16,1.916748046875
geco22,947,16,1.988037109375
geco22,948,16,1.8591461181640625
geco22,949,16,1.59222412109375
geco22,950,16,1.792694091796875
geco22,951,16,1.665313720703125
geco22,952,16,1.8594207763671875
geco22,953,16,1.838226318359375
geco22,954,16,1.5088424682617188
geco22,955,16,1.9101333618164062
geco22,956,16,1.610076904296875
geco22,957,16,1.915313720703125
geco22,958,16,1.6727294921875
geco22,959,16,1.8457489013671875
geco22,960,16,1.837921142578125
geco22,961,16,1.8997039794921875
geco22,962,16,1.82855224609375
geco22,963,16,2.04632568359375
geco22,964,16,2.09307861328125
geco22,965,16,1.9849853515625
geco22,966,16,2.014892578125
geco22,967,16,1.70343017578125
geco22,968,16,1.881195068359375
geco22,969,16,1.787078857421875
geco22,970,16,1.974945068359375
geco22,971,16,1.6328811645507812
geco22,972,16,1.9366340637207031
geco22,973,16,1.6965789794921875
geco22,974,16,1.6826095581054688
geco22,975,16,1.7429008483886719
geco22,976,16,1.8354759216308594
geco22,977,16,1.760772705078125
geco22,978,16,1.8666839599609375
geco22,979,16,1.669769287109375
geco22,980,16,1.8013458251953125
geco22,981,16,1.726043701171875
geco22,982,16,1.8831329345703125
geco22,983,16,1.8419952392578125
geco22,984,16,1.8498382568359375
geco22,985,16,1.8699951171875
geco22,986,16,1.8184814453125
geco22,987,16,1.9005050659179688
geco22,988,16,1.905029296875
geco22,989,16,1.7197418212890625
geco22,990,16,1.8376007080078125
geco22,991,16,1.8173828125
geco22,992,16,2.12933349609375
geco22,993,16,1.86669921875
geco22,994,16,1.823516845703125
geco22,995,16,1.8916015625
geco22,996,16,1.800811767578125
geco22,997,16,1.8482208251953125
geco22,998,16,1.6759033203125
geco22,999,16,1.87945556640625
geco22,1000,16,1.9556884765625
geco22,1001,16,1.77569580078125
geco22,1002,16,1.78680419921875
geco22,1003,16,1.756378173828125
geco22,1004,16,1.673675537109375
geco22,1005,16,1.9301567077636719
geco22,1006,16,1.798583984375
geco22,1007,16,1.8511505126953125
geco22,1008,16,2.00799560546875
geco22,1009,16,1.9267578125
geco22,1010,16,1.97308349609375
geco22,1011,16,2.025634765625
geco22,1012,16,1.91925048828125
geco22,1013,16,1.91058349609375
geco22,1014,16,1.9217529296875
geco22,1015,16,1.9898681640625
geco22,1016,16,1.84051513671875
geco22,1017,16,2.048828125
geco22,1018,16,2.31561279296875
geco22,1019,16,1.8648681640625
geco22,1020,16,1.8447418212890625
geco22,1021,16,1.832916259765625
geco22,1022,16,1.94866943359375
geco22,1023,16,1.88323974609375
geco22,1024,16,1.922210693359375
geco22,1025,16,1.860687255859375
geco22,1026,16,1.750274658203125
geco22,1027,16,1.7696113586425781
geco22,1028,16,1.739898681640625
geco22,1029,16,1.7733039855957031
geco22,1030,16,1.8820343017578125
geco22,1031,16,1.866790771484375
geco22,1032,16,2.1610107421875
geco22,1033,16,2.04583740234375
geco22,1034,16,2.33612060546875
geco22,1035,16,2.016845703125
geco22,1036,16,1.8314208984375
geco22,1037,16,1.745758056640625
geco22,1038,16,1.804656982421875
geco22,1039,16,2.1394424438476562
geco22,1040,16,1.4780807495117188
geco22,1041,16,1.85614013671875
geco22,1042,16,1.917816162109375
geco22,1043,16,1.786956787109375
geco22,1044,16,2.15435791015625
geco22,1045,16,1.7872238159179688
geco22,1046,16,1.7207260131835938
geco22,1047,16,1.993255615234375
geco22,1048,16,1.7630481719970703
geco22,1049,16,1.907928466796875
geco22,1050,16,1.97247314453125
geco22,1051,16,1.9907150268554688
geco22,1052,16,1.7782506942749023
geco22,1053,16,1.7517261505126953
geco22,1054,16,1.7900991439819336
geco22,1055,16,1.8429298400878906
geco22,1056,16,1.6816673278808594
geco22,1057,16,1.8454618453979492
geco22,1058,16,1.8831787109375
geco22,1059,16,1.639404296875
geco22,1060,16,1.73822021484375
geco22,1061,16,1.832000732421875
geco22,1062,16,1.660186767578125
geco22,1063,16,1.7760162353515625
geco22,1064,16,2.0838623046875
geco22,1065,16,1.6642379760742188
geco22,1066,16,1.8969345092773438
geco22,1067,16,1.72564697265625
geco22,1068,16,1.99371337890625
geco22,1069,16,1.7207412719726562
geco22,1070,16,1.7110977172851562
geco22,1071,16,1.9018440246582031
geco22,1072,16,1.8714332580566406
geco22,1073,16,1.6999740600585938
geco22,1074,16,1.6941032409667969
geco22,1075,16,2.116626739501953
geco22,1076,16,2.2493019104003906
geco22,1077,16,1.7581787109375
geco22,1078,16,2.1318607330322266
geco22,1079,16,1.704925537109375
geco22,1080,16,1.8631172180175781
geco22,1081,16,1.6772594451904297
geco22,1082,16,1.8448486328125
geco22,1083,16,1.695892333984375
geco22,1084,16,1.7018394470214844
geco22,1085,16,1.90191650390625
geco22,1086,16,1.8371772766113281
geco22,1087,16,1.842041015625
geco22,1088,16,1.8174896240234375
geco22,1089,16,1.7474212646484375
geco22,1090,16,1.9532470703125
geco22,1091,16,1.706695556640625
geco22,1092,16,1.914621353149414
geco22,1093,16,1.7929115295410156
geco22,1094,16,1.658975601196289
geco22,1095,16,1.9554443359375
geco22,1096,16,1.8864688873291016
geco22,1097,16,1.974853515625
geco22,1098,16,1.7998046875
geco22,1099,16,1.8311767578125
geco22,1100,16,1.5427703857421875
geco22,1101,16,1.792510986328125
geco22,1102,16,1.572601318359375
geco22,1103,16,1.7924232482910156
geco22,1104,16,1.6095390319824219
geco22,1105,16,1.8731498718261719
geco22,1106,16,2.072956085205078
geco22,1107,16,1.8834266662597656
geco22,1108,16,1.9019851684570312
geco22,1109,16,1.9324970245361328
geco22,1110,16,1.96002197265625
geco22,1111,16,1.7692718505859375
geco22,1112,16,1.7710113525390625
geco22,1113,16,1.6115951538085938
geco22,1114,16,1.697265625
geco22,1115,16,1.94854736328125
geco22,1116,16,2.15850830078125
geco22,1117,16,1.8632965087890625
geco22,1118,16,1.942626953125
geco22,1119,16,1.755828857421875
geco22,1120,16,1.7758941650390625
geco22,1121,16,1.809814453125
geco22,1122,16,1.8145751953125
geco22,1123,16,1.810821533203125
geco22,1124,16,1.8312625885009766
geco22,1125,16,1.804534912109375
geco22,1126,16,1.8928871154785156
geco22,1127,16,1.7895755767822266
geco22,1128,16,1.6870498657226562
geco22,1129,16,1.8077774047851562
geco22,1130,16,1.7443923950195312
geco22,1131,16,1.7592887878417969
geco22,1132,16,1.7690792083740234
geco22,1133,16,1.7492942810058594
geco22,1134,16,1.8199844360351562
geco22,1135,16,1.866058349609375
geco22,1136,16,1.766275405883789
geco22,1137,16,1.8892641067504883
geco22,1138,16,1.792083740234375
geco22,1139,16,1.86376953125
geco22,1140,16,1.9239578247070312
geco22,1141,16,1.854471206665039
geco22,1142,16,1.7120819091796875
geco22,1143,16,1.8923091888427734
geco22,1144,16,1.6689605712890625
geco22,1145,16,1.9000635147094727
geco22,1146,16,1.8772830963134766
geco22,1147,16,1.7891321182250977
geco22,1148,16,1.6889019012451172
geco22,1149,16,1.9471855163574219
geco22,1150,16,1.813018798828125
geco22,1151,16,1.5751361846923828
geco22,1152,16,1.6798973083496094
geco22,1153,16,1.6533203125
geco22,1154,16,1.840911865234375
geco22,1155,16,1.86553955078125
geco22,1156,16,1.6037445068359375
geco22,1157,16,1.98309326171875
geco22,1158,16,1.6493377685546875
geco22,1159,16,1.9799938201904297
geco22,1160,16,2.041534423828125
geco22,1161,16,1.8488311767578125
geco22,1162,16,1.8905792236328125
geco22,1163,16,2.27117919921875
geco22,1164,16,1.9107666015625
geco22,1165,16,1.7268524169921875
geco22,1166,16,1.8127593994140625
geco22,1167,16,1.8250732421875
geco22,1168,16,1.73284912109375
geco22,1169,16,1.8695793151855469
geco22,1170,16,1.6702880859375
geco22,1171,16,1.8695030212402344
geco22,1172,16,1.7758407592773438
geco22,1173,16,1.8356781005859375
geco22,1174,16,1.8329124450683594
geco22,1175,16,1.8525238037109375
geco22,1176,16,1.8810882568359375
geco22,1177,16,1.9441986083984375
geco22,1178,16,2.04425048828125
geco22,1179,16,1.8646621704101562
geco22,1180,16,1.7112350463867188
geco22,1181,16,1.92694091796875
geco22,1182,16,2.29736328125
geco22,1183,16,1.84002685546875
geco22,1184,16,1.86309814453125
geco22,1185,16,1.9937744140625
geco22,1186,16,2.00628662109375
geco22,1187,16,2.0125732421875
geco22,1188,16,1.87811279296875
geco22,1189,16,1.89202880859375
geco22,1190,16,1.965576171875
geco22,1191,16,1.88555908203125
geco22,1192,16,1.91876220703125
geco22,1193,16,2.30816650390625
geco22,1194,16,1.84429931640625
geco22,1195,16,1.9278564453125
geco22,1196,16,1.76312255859375
geco22,1197,16,1.75262451171875
geco22,1198,16,1.92169189453125
geco22,1199,16,1.9229736328125
geco22,1200,16,1.801605224609375
geco22,1201,16,2.02850341796875
geco22,1202,16,1.809326171875
geco22,1203,16,1.8228759765625
geco22,1204,16,1.984375
geco22,1205,16,2.0220947265625
geco22,1206,16,1.8505859375
geco22,1207,16,1.747039794921875
geco22,1208,16,1.9870758056640625
geco22,1209,16,2.0823211669921875
geco22,1210,16,1.708831787109375
geco22,1211,16,1.8240814208984375
geco22,1212,16,2.115509033203125
geco22,1213,16,1.76361083984375
geco22,1214,16,1.8890609741210938
geco22,1215,16,1.7756195068359375
geco22,1216,16,1.81488037109375
geco22,1217,16,1.784149169921875
geco22,1218,16,1.67474365234375
geco22,1219,16,1.8533172607421875
geco22,1220,16,1.7048873901367188
geco22,1221,16,2.16815185546875
geco22,1222,16,1.7161865234375
geco22,1223,16,1.876861572265625
geco22,1224,16,1.829345703125
geco22,1225,16,1.791259765625
geco22,1226,16,1.91064453125
geco22,1227,16,1.8280029296875
geco22,1228,16,1.816162109375
geco22,1229,16,1.6959457397460938
geco22,1230,16,1.96875
geco22,1231,16,1.7139358520507812
geco22,1232,16,1.9930419921875
geco22,1233,16,1.79925537109375
geco22,1234,16,1.73431396484375
geco22,1235,16,1.79559326171875
geco22,1236,16,2.11749267578125
geco22,1237,16,1.93609619140625
geco22,1238,16,1.76318359375
geco22,1239,16,1.9749755859375
geco22,1240,16,2.045654296875
geco22,1241,16,1.8487548828125
geco22,1242,16,1.93121337890625
geco22,1243,16,1.89996337890625
geco22,1244,16,1.80804443359375
geco22,1245,16,1.87060546875
geco22,1246,16,1.847412109375
geco22,1247,16,2.13623046875
geco22,1248,16,1.9039306640625
geco22,1249,16,1.93792724609375
geco22,1250,16,1.85882568359375
geco22,1251,16,1.75128173828125
geco22,1252,16,1.828826904296875
geco22,1253,16,1.686676025390625
geco22,1254,16,1.76446533203125
geco22,1255,16,1.8619384765625
geco22,1256,16,1.8419189453125
geco22,1257,16,1.8867034912109375
geco22,1258,16,1.97052001953125
geco22,1259,16,1.9132080078125
geco22,1260,16,1.6600494384765625
geco22,1261,16,1.9387359619140625
geco22,1262,16,1.81317138671875
geco22,1263,16,1.82061767578125
geco22,1264,16,1.808837890625
geco22,1265,16,1.849365234375
geco22,1266,16,1.80419921875
geco22,1267,16,1.72625732421875
geco22,1268,16,1.8971405029296875
geco22,1269,16,1.9883880615234375
geco22,1270,16,1.85443115234375
geco22,1271,16,1.749542236328125
geco22,1272,16,1.824127197265625
geco22,1273,16,1.7442626953125
geco22,1274,16,1.926300048828125
geco22,1275,16,1.73095703125
geco22,1276,16,1.87091064453125
geco22,1277,16,1.735504150390625
geco22,1278,16,1.7292556762695312
geco22,1279,16,1.93408203125
geco22,1280,16,1.851715087890625
geco22,1281,16,1.729949951171875
geco22,1282,16,1.92974853515625
geco22,1283,16,1.9263916015625
geco22,1284,16,1.732168197631836
geco22,1285,16,1.8094253540039062
geco22,1286,16,1.732086181640625
geco22,1287,16,1.88427734375
geco22,1288,16,2.098876953125
geco22,1289,16,1.8436279296875
geco22,1290,16,1.91827392578125
geco22,1291,16,1.82232666015625
geco22,1292,16,1.748809814453125
geco22,1293,16,1.7315216064453125
geco22,1294,16,1.64312744140625
geco22,1295,16,1.74676513671875
geco22,1296,16,1.6775627136230469
geco22,1297,16,1.5848388671875
geco22,1298,16,1.7209587097167969
geco22,1299,16,2.061614990234375
geco22,1300,16,1.6558952331542969
geco22,1301,16,1.6576309204101562
geco22,1302,16,1.9652824401855469
geco22,1303,16,1.62158203125
geco22,1304,16,1.735198974609375
geco22,1305,16,1.87738037109375
geco22,1306,16,1.8017807006835938
geco22,1307,16,1.6254348754882812
geco22,1308,16,1.6186370849609375
geco22,1309,16,1.9334182739257812
geco22,1310,16,1.879434585571289
geco22,1311,16,1.7747535705566406
geco22,1312,16,1.8871841430664062
geco22,1313,16,1.8854827880859375
geco22,1314,16,2.181884765625
geco22,1315,16,1.68316650390625
geco22,1316,16,1.82080078125
geco22,1317,16,1.8008041381835938
geco22,1318,16,1.631134033203125
geco22,1319,16,2.05841064453125
geco22,1320,16,1.6940689086914062
geco22,1321,16,1.7803115844726562
geco22,1322,16,1.6563491821289062
geco22,1323,16,1.8616104125976562
geco22,1324,16,1.5756683349609375
geco22,1325,16,1.6051521301269531
geco22,1326,16,1.5439262390136719
geco22,1327,16,1.4902496337890625
geco22,1328,16,1.4920806884765625
geco22,1329,16,1.3249969482421875
geco22,1330,16,1.84649658203125
geco22,1331,16,1.9921646118164062
geco22,1332,16,1.6452274322509766
geco22,1333,16,1.7914009094238281
geco22,1334,16,1.6648063659667969
geco22,1335,16,1.6050910949707031
geco22,1336,16,1.3974685668945312
geco22,1337,16,1.5549392700195312
geco22,1338,16,1.5144538879394531
geco22,1339,16,1.3182029724121094
geco22,1340,16,1.5545654296875
geco22,1341,16,1.4994544982910156
geco22,1342,16,1.8643169403076172
geco22,1343,16,1.7307243347167969
geco22,1344,16,1.73687744140625
geco22,1345,16,1.5401382446289062
geco22,1346,16,1.6733436584472656
geco22,1347,16,1.6171875
geco22,1348,16,1.84832763671875
geco22,1349,16,1.4743423461914062
geco22,1350,16,1.850830078125
geco22,1351,16,1.4483470916748047
geco22,1352,16,1.7027215957641602
geco22,1353,16,1.547128677368164
geco22,1354,16,1.4484138488769531
geco22,1355,16,1.5956802368164062
geco22,1356,16,1.6570816040039062
geco22,1357,16,1.6543731689453125
geco22,1358,16,1.7653274536132812
geco22,1359,16,1.6836051940917969
geco22,1360,16,1.5897407531738281
geco22,1361,16,1.687490463256836
geco22,1362,16,1.3873348236083984
geco22,1363,16,1.4867210388183594
geco22,1364,16,2.0175933837890625
geco22,1365,16,1.67791748046875
geco22,1366,16,1.4551677703857422
geco22,1367,16,1.6633758544921875
geco22,1368,16,1.573455810546875
geco22,1369,16,1.7401885986328125
geco22,1370,16,1.5083045959472656
geco22,1371,16,1.5017585754394531
geco22,1372,16,1.543691635131836
geco22,1373,16,1.7673463821411133
geco22,1374,16,1.5596237182617188
geco22,1375,16,1.768218994140625
geco22,1376,16,1.6922073364257812
geco22,1377,16,1.6498775482177734
geco22,1378,16,1.6906776428222656
geco22,1379,16,1.5447959899902344
geco22,1380,16,1.5957622528076172
geco22,1381,16,1.5277843475341797
geco22,1382,16,1.4625091552734375
geco22,1383,16,1.5393524169921875
geco22,1384,16,1.5341300964355469
geco22,1385,16,1.3179550170898438
geco22,1386,16,1.6523208618164062
geco22,1387,16,1.592752456665039
geco22,1388,16,1.59564208984375
geco22,1389,16,1.7059326171875
geco22,1390,16,1.6510734558105469
geco22,1391,16,1.5566844940185547
geco22,1392,16,1.7813396453857422
geco22,1393,16,1.446868896484375
geco22,1394,16,1.6222238540649414
geco22,1395,16,1.4278373718261719
geco22,1396,16,1.5385494232177734
geco22,1397,16,1.6464900970458984
geco22,1398,16,1.7366104125976562
geco22,1399,16,1.5141792297363281
geco22,1400,16,1.4544868469238281
geco22,1401,16,1.4921035766601562
geco22,1402,16,1.5854530334472656
geco22,1403,16,1.5913352966308594
geco22,1404,16,1.5546798706054688
geco22,1405,16,1.507986068725586
geco22,1406,16,1.3645553588867188
geco22,1407,16,1.4358596801757812
geco22,1408,16,1.6136322021484375
geco22,1409,16,1.5040092468261719
geco22,1410,16,1.4770736694335938
geco22,1411,16,1.5918769836425781
geco22,1412,16,2.1037368774414062
geco22,1413,16,1.492828369140625
geco22,1414,16,1.624908447265625
geco22,1415,16,1.6455078125
geco22,1416,16,1.601776123046875
geco22,1417,16,1.7217941284179688
geco22,1418,16,1.4663009643554688
geco22,1419,16,1.8026275634765625
geco22,1420,16,1.7435684204101562
geco22,1421,16,1.69915771484375
geco22,1422,16,1.816497802734375
geco22,1423,16,1.5915756225585938
geco22,1424,16,1.6649627685546875
geco22,1425,16,1.5798492431640625
geco22,1426,16,1.8643035888671875
geco22,1427,16,1.63787841796875
geco22,1428,16,1.79095458984375
geco22,1429,16,2.075958251953125
geco22,1430,16,1.86138916015625
geco22,1431,16,1.71966552734375
geco22,1432,16,1.6380615234375
geco22,1433,16,1.594757080078125
geco22,1434,16,2.149505615234375
geco22,1435,16,1.773529052734375
geco22,1436,16,1.5779876708984375
geco22,1437,16,1.7519989013671875
geco22,1438,16,1.7140045166015625
geco22,1439,16,1.8401355743408203
geco22,1440,16,1.7080059051513672
geco22,1441,16,2.0801239013671875
geco22,1442,16,1.647918701171875
geco22,1443,16,1.6518936157226562
geco22,1444,16,1.9315528869628906
geco22,1445,16,1.753021240234375
geco22,1446,16,1.6750736236572266
geco22,1447,16,1.556854248046875
geco22,1448,16,1.7843170166015625
geco22,1449,16,1.6416358947753906
geco22,1450,16,1.5633277893066406
geco22,1451,16,1.8430137634277344
geco22,1452,16,1.8634834289550781
geco22,1453,16,1.7302894592285156
geco22,1454,16,1.682027816772461
geco22,1455,16,1.7348251342773438
geco22,1456,16,1.5862598419189453
geco22,1457,16,1.5377922058105469
geco22,1458,16,1.6043968200683594
geco22,1459,16,1.6251583099365234
geco22,1460,16,1.4513874053955078
geco22,1461,16,1.6429214477539062
geco22,1462,16,1.6705913543701172
geco22,1463,16,1.5828742980957031
geco22,1464,16,1.9759483337402344
geco22,1465,16,1.6665153503417969
geco22,1466,16,1.6266975402832031
geco22,1467,16,1.6292171478271484
geco22,1468,16,1.745849609375
geco22,1469,16,1.5270309448242188
geco22,1470,16,1.5399303436279297
geco22,1471,16,1.4681072235107422
geco22,1472,16,1.6183395385742188
geco22,1473,16,1.746938705444336
geco22,1474,16,1.55126953125
geco22,1475,16,1.8440570831298828
geco22,1476,16,2.2926025390625
geco22,1477,16,1.589263916015625
geco22,1478,16,1.9386138916015625
geco22,1479,16,1.9194793701171875
geco22,1480,16,2.043975830078125
geco22,1481,16,2.021148681640625
geco22,1482,16,1.757110595703125
geco22,1483,16,1.8278579711914062
geco22,1484,16,1.6638870239257812
geco22,1485,16,1.806640625
geco22,1486,16,1.746734619140625
geco22,1487,16,1.923858642578125
geco22,1488,16,1.7786788940429688
geco22,1489,16,1.6537933349609375
geco22,1490,16,1.7327346801757812
geco22,1491,16,1.7364387512207031
geco22,1492,16,1.6926651000976562
geco22,1493,16,1.8699989318847656
geco22,1494,16,1.5052490234375
geco22,1495,16,1.619110107421875
geco22,1496,16,1.4317665100097656
geco22,1497,16,1.6468734741210938
geco22,1498,16,1.4740943908691406
geco22,1499,16,1.60919189453125
geco22,1500,16,1.5269622802734375
geco22,1501,16,1.5362167358398438
geco22,1502,16,1.6439285278320312
geco22,1503,16,1.3602294921875
geco22,1504,16,1.4740943908691406
geco22,1505,16,1.440378189086914
geco22,1506,16,1.5615768432617188
geco22,1507,16,1.5587425231933594
geco22,1508,16,1.5533981323242188
geco22,1509,16,1.9253883361816406
geco22,1510,16,1.9258308410644531
geco22,1511,16,1.5507011413574219
geco22,1512,16,1.7289848327636719
geco22,1513,16,1.673248291015625
geco22,1514,16,1.5290603637695312
geco22,1515,16,1.6543560028076172
geco22,1516,16,1.5132570266723633
geco22,1517,16,1.5187625885009766
geco22,1518,16,1.4950628280639648
geco22,1519,16,1.4290189743041992
geco22,1520,16,1.5667657852172852
geco22,1521,16,1.5586986541748047
geco22,1522,16,1.6849040985107422
geco22,1523,16,1.4941787719726562
geco22,1524,16,1.6174087524414062
geco22,1525,16,1.577474594116211
geco22,1526,16,1.4796485900878906
geco22,1527,16,1.7809772491455078
geco22,1528,16,1.5350065231323242
geco22,1529,16,1.8794898986816406
geco22,1530,16,1.4033517837524414
geco22,1531,16,1.9069108963012695
geco22,1532,16,1.427912712097168
geco22,1533,16,1.6056938171386719
geco22,1534,16,1.4855079650878906
geco22,1535,16,1.7405786514282227
geco22,1536,16,1.5982837677001953
geco22,1537,16,1.7423954010009766
geco22,1538,16,1.5061969757080078
geco22,1539,16,1.6657333374023438
geco22,1540,16,1.7175788879394531
geco22,1541,16,1.6327075958251953
geco22,1542,16,1.4603157043457031
geco22,1543,16,1.6177444458007812
geco22,1544,16,1.6146774291992188
geco22,1545,16,1.6667003631591797
geco22,1546,16,1.624769687652588
geco22,1547,16,1.5756301879882812
geco22,1548,16,1.6852879524230957
geco22,1549,16,1.3793959617614746
geco22,1550,16,1.6579360961914062
geco22,1551,16,1.4945955276489258
geco22,1552,16,1.584442138671875
geco22,1553,16,1.6858062744140625
geco22,1554,16,1.6810836791992188
geco22,1555,16,1.734771728515625
geco22,1556,16,1.5058746337890625
geco22,1557,16,1.75732421875
geco22,1558,16,1.5633964538574219
geco22,1559,16,1.7426929473876953
geco22,1560,16,1.7655181884765625
geco22,1561,16,1.7416210174560547
geco22,1562,16,1.699416160583496
geco22,1563,16,1.6754684448242188
geco22,1564,16,1.468099594116211
geco22,1565,16,1.6323575973510742
geco22,1566,16,1.6059045791625977
geco22,1567,16,1.589273452758789
geco22,1568,16,1.5886192321777344
geco22,1569,16,1.6790657043457031
geco22,1570,16,1.5677433013916016
geco22,1571,16,1.6215572357177734
geco22,1572,16,1.6487979888916016
geco22,1573,16,1.5896835327148438
geco22,1574,16,1.5873184204101562
geco22,1575,16,1.8359851837158203
geco22,1576,16,1.5780029296875
geco22,1577,16,1.5207195281982422
geco22,1578,16,1.6555061340332031
geco22,1579,16,1.6021614074707031
geco22,1580,16,1.8001022338867188
geco22,1581,16,1.491067886352539
geco22,1582,16,1.7633743286132812
geco22,1583,16,1.5026912689208984
geco22,1584,16,1.4353446960449219
geco22,1585,16,1.536203384399414
geco22,1586,16,1.4464263916015625
geco22,1587,16,1.5414390563964844
geco22,1588,16,1.7922182083129883
geco22,1589,16,1.7912158966064453
geco22,1590,16,1.5832815170288086
geco22,1591,16,1.9934062957763672
geco22,1592,16,1.7652320861816406
geco22,1593,16,1.7301197052001953
geco22,1594,16,1.7719802856445312
geco22,1595,16,1.5488204956054688
geco22,1596,16,1.7043380737304688
geco22,1597,16,1.586395263671875
geco22,1598,16,1.4502983093261719
geco22,1599,16,1.5672836303710938
geco22,1600,16,1.4919700622558594
geco22,1601,16,1.5099248886108398
geco22,1602,16,1.5352630615234375
geco22,1603,16,1.4997482299804688
geco22,1604,16,1.77392578125
geco22,1605,16,1.5531768798828125
geco22,1606,16,1.5915603637695312
geco22,1607,16,1.5019512176513672
geco22,1608,16,1.5828475952148438
geco22,1609,16,1.6776542663574219
geco22,1610,16,1.5194950103759766
geco22,1611,16,1.3800582885742188
geco22,1612,16,1.7460060119628906
geco22,1613,16,1.8084259033203125
geco22,1614,16,1.596323013305664
geco22,1615,16,1.5756473541259766
geco22,1616,16,1.5992965698242188
geco22,1617,16,1.5402297973632812
geco22,1618,16,1.542384147644043
geco22,1619,16,1.572662353515625
geco22,1620,16,1.8541336059570312
geco22,1621,16,1.8332643508911133
geco22,1622,16,1.7157325744628906
geco22,1623,16,1.419036865234375
geco22,1624,16,1.8087806701660156
geco22,1625,16,1.536642074584961
geco22,1626,16,1.722503662109375
geco22,1627,16,1.6130256652832031
geco22,1628,16,1.6708965301513672
geco22,1629,16,1.6998367309570312
geco22,1630,16,1.7406091690063477
geco22,1631,16,1.758244514465332
geco22,1632,16,1.661520004272461
geco22,1633,16,1.6206607818603516
geco22,1634,16,1.5855350494384766
geco22,1635,16,1.949777603149414
geco22,1636,16,1.819610595703125
geco22,1637,16,1.5908470153808594
geco22,1638,16,1.6248111724853516
geco22,1639,16,1.6923599243164062
geco22,1640,16,1.7404747009277344
geco22,1641,16,1.5529518127441406
geco22,1642,16,1.5091304779052734
geco22,1643,16,1.4967193603515625
geco22,1644,16,1.8464889526367188
geco22,1645,16,1.575155258178711
geco22,1646,16,1.6551933288574219
geco22,1647,16,1.3856182098388672
geco22,1648,16,1.6144227981567383
geco22,1649,16,1.6005029678344727
geco22,1650,16,1.5630989074707031
geco22,1651,16,1.6192741394042969
geco22,1652,16,1.5644187927246094
geco22,1653,16,1.6153907775878906
geco22,1654,16,1.7319087982177734
geco22,1655,16,1.732381820678711
geco22,1656,16,1.6370658874511719
geco22,1657,16,1.8270111083984375
geco22,1658,16,1.7835636138916016
geco22,1659,16,1.6592788696289062
geco22,1660,16,1.5549468994140625
geco22,1661,16,1.7389259338378906
geco22,1662,16,1.67694091796875
geco22,1663,16,1.5773200988769531
geco22,1664,16,1.7477846145629883
geco22,1665,16,1.5603742599487305
geco22,1666,16,1.7199630737304688
geco22,1667,16,1.5852203369140625
geco22,1668,16,1.5798282623291016
geco22,1669,16,1.6651687622070312
geco22,1670,16,2.0782947540283203
geco22,1671,16,2.02056884765625
geco22,1672,16,1.643585205078125
geco22,1673,16,1.6304473876953125
geco22,1674,16,1.6957473754882812
geco22,1675,16,1.7335853576660156
geco22,1676,16,1.5608634948730469
geco22,1677,16,2.1036853790283203
geco22,1678,16,1.8518943786621094
geco22,1679,16,1.83001708984375
geco22,1680,16,1.6945343017578125
geco22,1681,16,1.6456756591796875
geco22,1682,16,1.732025146484375
geco22,1683,16,1.8773994445800781
geco22,1684,16,1.604574203491211
geco22,1685,16,1.6540908813476562
geco22,1686,16,1.6114387512207031
geco22,1687,16,1.89056396484375
geco22,1688,16,1.5209007263183594
geco22,1689,16,1.576568603515625
geco22,1690,16,1.4666976928710938
geco22,1691,16,1.8483505249023438
geco22,1692,16,1.3839263916015625
geco22,1693,16,1.6415863037109375
geco22,1694,16,1.6611557006835938
geco22,1695,16,1.7332992553710938
geco22,1696,16,1.6841659545898438
geco22,1697,16,1.5937957763671875
geco22,1698,16,1.74261474609375
geco22,1699,16,1.474496841430664
geco22,1700,16,1.6287174224853516
geco22,1701,16,1.3874588012695312
geco22,1702,16,1.4803924560546875
geco22,1703,16,1.4330635070800781
geco22,1704,16,1.5422916412353516
geco22,1705,16,1.5512657165527344
geco22,1706,16,1.5628547668457031
geco22,1707,16,1.522430419921875
geco22,1708,16,1.4061470031738281
geco22,1709,16,1.6163291931152344
geco22,1710,16,1.8508453369140625
geco22,1711,16,1.582244873046875
geco22,1712,16,1.5567092895507812
geco22,1713,16,1.9537582397460938
geco22,1714,16,1.473907470703125
geco22,1715,16,1.6246261596679688
geco22,1716,16,1.627655029296875
geco22,1717,16,1.621307373046875
geco22,1718,16,1.9657440185546875
geco22,1719,16,1.988067626953125
geco22,1720,16,1.833627700805664
geco22,1721,16,1.6199121475219727
geco22,1722,16,1.7868499755859375
geco22,1723,16,1.5943031311035156
geco22,1724,16,1.97906494140625
geco22,1725,16,1.8573532104492188
geco22,1726,16,1.674346923828125
geco22,1727,16,1.911285400390625
geco22,1728,16,1.94140625
geco22,1729,16,1.7072296142578125
geco22,1730,16,1.7467269897460938
geco22,1731,16,1.8384246826171875
geco22,1732,16,1.9404163360595703
geco22,1733,16,1.6290550231933594
geco22,1734,16,2.07257080078125
geco22,1735,16,2.13751220703125
geco22,1736,16,2.01361083984375
geco22,1737,16,1.8062744140625
geco22,1738,16,1.9361572265625
geco22,1739,16,1.93756103515625
geco22,1740,16,1.82489013671875
geco22,1741,16,2.167449951171875
geco22,1742,16,1.8813018798828125
geco22,1743,16,1.7652740478515625
geco22,1744,16,1.9714813232421875
geco22,1745,16,1.66253662109375
geco22,1746,16,1.8392410278320312
geco22,1747,16,1.6109886169433594
geco22,1748,16,1.5400505065917969
geco22,1749,16,1.7726902961730957
geco22,1750,16,1.6781272888183594
geco22,1751,16,1.5951080322265625
geco22,1752,16,1.6391372680664062
geco22,1753,16,1.7968382835388184
geco22,1754,16,1.8639636039733887
geco22,1755,16,1.7780776023864746
geco22,1756,16,1.7714271545410156
geco22,1757,16,1.6622018814086914
geco22,1758,16,1.7348241806030273
geco22,1759,16,1.8010072708129883
geco22,1760,16,1.6229562759399414
geco22,1761,16,1.5027971267700195
geco22,1762,16,1.8110923767089844
geco22,1763,16,1.6172523498535156
geco22,1764,16,1.606801986694336
geco22,1765,16,1.7070775032043457
geco22,1766,16,1.5876202583312988
geco22,1767,16,1.746251106262207
geco22,1768,16,1.5947251319885254
geco22,1769,16,1.6830825805664062
geco22,1770,16,1.6717700958251953
geco22,1771,16,1.5482711791992188
geco22,1772,16,1.666107177734375
geco22,1773,16,2.3221282958984375
geco22,1774,16,1.6944122314453125
geco22,1775,16,1.7969284057617188
geco22,1776,16,1.5335311889648438
geco22,1777,16,1.7174530029296875
geco22,1778,16,1.782470703125
geco22,1779,16,1.8018035888671875
geco22,1780,16,1.7824287414550781
geco22,1781,16,1.6486930847167969
geco22,1782,16,1.6640243530273438
geco22,1783,16,1.6671142578125
geco22,1784,16,1.71954345703125
geco22,1785,16,1.7521686553955078
geco22,1786,16,1.6705245971679688
geco22,1787,16,1.5701618194580078
geco22,1788,16,1.5642433166503906
geco22,1789,16,1.6542930603027344
geco22,1790,16,1.6076812744140625
geco22,1791,16,1.608428955078125
geco22,1792,16,1.70404052734375
geco22,1793,16,1.8490066528320312
geco22,1794,16,1.961761474609375
geco22,1795,16,1.6386947631835938
geco22,1796,16,1.6953887939453125
geco22,1797,16,1.7622528076171875
geco22,1798,16,1.7242660522460938
geco22,1799,16,1.600006103515625
geco22,1800,16,1.7058448791503906
geco22,1801,16,1.7685966491699219
geco22,1802,16,1.5728721618652344
geco22,1803,16,1.7187652587890625
geco22,1804,16,1.5263137817382812
geco22,1805,16,2.1650123596191406
geco22,1806,16,1.4165973663330078
geco22,1807,16,1.5781440734863281
geco22,1808,16,1.5996379852294922
geco22,1809,16,1.7655105590820312
geco22,1810,16,1.5711250305175781
geco22,1811,16,1.6445426940917969
geco22,1812,16,1.5630874633789062
geco22,1813,16,1.6719493865966797
geco22,1814,16,1.4925079345703125
geco22,1815,16,2.0708389282226562
geco22,1816,16,1.8517379760742188
geco22,1817,16,1.5489253997802734
geco22,1818,16,1.8964977264404297
geco22,1819,16,1.598306655883789
geco22,1820,16,1.5749778747558594
geco22,1821,16,1.982330322265625
geco22,1822,16,1.5937423706054688
geco22,1823,16,1.6868648529052734
geco22,1824,16,1.711782455444336
geco22,1825,16,1.7281036376953125
geco22,1826,16,1.8678207397460938
geco22,1827,16,1.7742767333984375
geco22,1828,16,1.613677978515625
geco22,1829,16,1.6745109558105469
geco22,1830,16,1.7958412170410156
geco22,1831,16,1.6217613220214844
geco22,1832,16,1.59429931640625
geco22,1833,16,1.7180633544921875
geco22,1834,16,1.5849761962890625
geco22,1835,16,1.6680221557617188
geco22,1836,16,1.6865119934082031
geco22,1837,16,1.6948699951171875
geco22,1838,16,1.794036865234375
geco22,1839,16,1.5918750762939453
geco22,1840,16,1.5857810974121094
geco22,1841,16,1.7355880737304688
geco22,1842,16,1.6920661926269531
geco22,1843,16,1.5933647155761719
geco22,1844,16,1.8679962158203125
geco22,1845,16,1.5865478515625
geco22,1846,16,1.569793701171875
geco22,1847,16,1.9156036376953125
geco22,1848,16,1.7086715698242188
geco22,1849,16,1.58172607421875
geco22,1850,16,1.5894088745117188
geco22,1851,16,1.5920982360839844
geco22,1852,16,1.5031661987304688
geco22,1853,16,1.5035324096679688
geco22,1854,16,1.4938125610351562
geco22,1855,16,1.8813972473144531
geco22,1856,16,1.5048789978027344
geco22,1857,16,1.4704742431640625
geco22,1858,16,1.4259033203125
geco22,1859,16,2.154006004333496
geco22,1860,16,1.9284725189208984
geco22,1861,16,1.6165199279785156
geco22,1862,16,1.615152359008789
geco22,1863,16,1.8039875030517578
geco22,1864,16,1.6184520721435547
geco22,1865,16,1.5883636474609375
geco22,1866,16,1.8130340576171875
geco22,1867,16,1.7104244232177734
geco22,1868,16,1.9696836471557617
geco22,1869,16,1.8434524536132812
geco22,1870,16,1.7410516738891602
geco22,1871,16,1.7477874755859375
geco22,1872,16,1.648834228515625
geco22,1873,16,1.817018985748291
geco22,1874,16,1.729203224182129
geco22,1875,16,1.6247596740722656
geco22,1876,16,1.6851768493652344
geco22,1877,16,1.6913719177246094
geco22,1878,16,1.6271286010742188
geco22,1879,16,1.6400337219238281
geco22,1880,16,1.6265711784362793
geco22,1881,16,1.6728229522705078
geco22,1882,16,1.6604294776916504
geco22,1883,16,1.6682062149047852
geco22,1884,16,1.6925735473632812
geco22,1885,16,1.7093505859375
geco22,1886,16,1.4477615356445312
geco22,1887,16,1.8074150085449219
geco22,1888,16,1.4938530921936035
geco22,1889,16,1.5637550354003906
geco22,1890,16,1.3918380737304688
geco22,1891,16,1.9051971435546875
geco22,1892,16,1.8763046264648438
geco22,1893,16,1.7946319580078125
geco22,1894,16,1.6297187805175781
geco22,1895,16,1.6527137756347656
geco22,1896,16,1.7444648742675781
geco22,1897,16,1.8334388732910156
geco22,1898,16,1.9310760498046875
geco22,1899,16,1.7938499450683594
geco22,1900,16,1.6651611328125
geco22,1901,16,1.759521484375
geco22,1902,16,1.6421546936035156
geco22,1903,16,1.6812591552734375
geco22,1904,16,1.6755218505859375
geco22,1905,16,1.669586181640625
geco22,1906,16,1.7529587745666504
geco22,1907,16,1.63970947265625
geco22,1908,16,1.49053955078125
geco22,1909,16,1.6619796752929688
geco22,1910,16,1.8260421752929688
geco22,1911,16,1.5232925415039062
geco22,1912,16,1.5639801025390625
geco22,1913,16,1.7906951904296875
geco22,1914,16,1.63531494140625
geco22,1915,16,2.48919677734375
geco22,1916,16,1.7925872802734375
geco22,1917,16,1.84930419921875
geco22,1918,16,1.725372314453125
geco22,1919,16,1.6026458740234375
geco22,1920,16,1.8541908264160156
geco22,1921,16,1.7852745056152344
geco22,1922,16,1.9217948913574219
geco22,1923,16,1.7236328125
geco22,1924,16,1.8908424377441406
geco22,1925,16,1.7077674865722656
geco22,1926,16,1.7807273864746094
geco22,1927,16,1.9112701416015625
geco22,1928,16,2.0034027099609375
geco22,1929,16,1.6198921203613281
geco22,1930,16,2.0107879638671875
geco22,1931,16,1.6247596740722656
geco22,1932,16,1.7390594482421875
geco22,1933,16,1.5802850723266602
geco22,1934,16,2.0044631958007812
geco22,1935,16,1.7917404174804688
geco22,1936,16,1.704376220703125
geco22,1937,16,1.9401702880859375
geco22,1938,16,1.7147064208984375
geco22,1939,16,2.264404296875
geco22,1940,16,2.1181640625
geco22,1941,16,1.958740234375
geco22,1942,16,2.10333251953125
geco22,1943,16,1.7910919189453125
geco22,1944,16,2.0550537109375
geco22,1945,16,1.750213623046875
geco22,1946,16,1.70635986328125
geco22,1947,16,1.934967041015625
geco22,1948,16,1.714324951171875
geco22,1949,16,1.5806198120117188
geco22,1950,16,2.0350341796875
geco22,1951,16,1.9940185546875
geco22,1952,16,1.8953170776367188
geco22,1953,16,1.940093994140625
geco22,1954,16,1.869873046875
geco22,1955,16,1.707366943359375
geco22,1956,16,1.9734649658203125
geco22,1957,16,1.707550048828125
geco22,1958,16,1.8214797973632812
geco22,1959,16,1.95770263671875
geco22,1960,16,1.992279052734375
geco22,1961,16,1.913787841796875
geco22,1962,16,1.8050613403320312
geco22,1963,16,1.841796875
geco22,1964,16,1.9186172485351562
geco22,1965,16,1.8259811401367188
geco22,1966,16,1.9432525634765625
geco22,1967,16,1.9788818359375
geco22,1968,16,1.691741943359375
geco22,1969,16,1.7543220520019531
geco22,1970,16,1.91064453125
geco22,1971,16,1.905609130859375
geco22,1972,16,1.723297119140625
geco22,1973,16,1.6285400390625
geco22,1974,16,1.64251708984375
geco22,1975,16,2.07110595703125
geco22,1976,16,1.8423080444335938
geco22,1977,16,1.667449951171875
geco22,1978,16,2.00146484375
geco22,1979,16,1.949188232421875
geco22,1980,16,1.9999275207519531
geco22,1981,16,1.8059864044189453
geco22,1982,16,1.8669891357421875
geco22,1983,16,1.7292327880859375
geco22,1984,16,1.82635498046875
geco22,1985,16,1.6173019409179688
geco22,1986,16,1.6769142150878906
geco22,1987,16,1.8944168090820312
geco22,1988,16,2.088958740234375
geco22,1989,16,1.642547607421875
geco22,1990,16,1.76727294921875
geco22,1991,16,1.6356353759765625
geco22,1992,16,1.8109130859375
geco22,1993,16,1.9195022583007812
geco22,1994,16,2.053955078125
geco22,1995,16,1.58233642578125
geco22,1996,16,1.798675537109375
geco22,1997,16,1.9380874633789062
geco22,1998,16,1.73748779296875
geco22,1999,16,1.5928955078125
geco22,2000,16,1.675506591796875
geco22,2001,16,1.6623191833496094
geco22,2002,16,1.8537139892578125
geco22,2003,16,1.8249759674072266
geco22,2004,16,1.929931640625
geco22,2005,16,1.7796630859375
geco22,2006,16,1.8260459899902344
geco22,2007,16,1.6940536499023438
geco22,2008,16,1.9285926818847656
geco22,2009,16,1.6515655517578125
geco22,2010,16,1.7512702941894531
geco22,2011,16,1.4964447021484375
geco22,2012,16,1.84259033203125
geco22,2013,16,1.6925220489501953
geco22,2014,16,1.6545181274414062
geco22,2015,16,1.7993555068969727
geco22,2016,16,1.8647079467773438
geco22,2017,16,1.6567201614379883
geco22,2018,16,1.5876998901367188
geco22,2019,16,1.5854988098144531
geco22,2020,16,1.9922447204589844
geco22,2021,16,1.821650505065918
geco22,2022,16,2.083606719970703
geco22,2023,16,1.6630802154541016
geco22,2024,16,1.715576171875
geco22,2025,16,1.75494384765625
geco22,2026,16,1.6857833862304688
geco22,2027,16,1.6186447143554688
geco22,2028,16,1.6364669799804688
geco22,2029,16,1.9085464477539062
geco22,2030,16,1.962615966796875
geco22,2031,16,1.5031166076660156
geco22,2032,16,1.8336219787597656
geco22,2033,16,1.6164970397949219
geco22,2034,16,1.6375808715820312
geco22,2035,16,1.6671676635742188
geco22,2036,16,1.6772880554199219
geco22,2037,16,1.8972320556640625
geco22,2038,16,1.9366836547851562
geco22,2039,16,1.966120719909668
geco22,2040,16,1.6265945434570312
geco22,2041,16,1.77996826171875
geco22,2042,16,1.6849594116210938
geco22,2043,16,1.6824722290039062
geco22,2044,16,1.9796066284179688
geco22,2045,16,1.619638442993164
geco22,2046,16,1.5138587951660156
geco22,2047,16,1.4586105346679688
geco22,2048,16,1.7755126953125
geco22,2049,16,2.0401039123535156
geco22,2050,16,1.7872505187988281
geco22,2051,16,1.9670181274414062
geco22,2052,16,1.6860694885253906
geco22,2053,16,1.7380447387695312
geco22,2054,16,1.578582763671875
geco22,2055,16,1.7517328262329102
geco22,2056,16,1.78076171875
geco22,2057,16,1.7088890075683594
geco22,2058,16,1.6945533752441406
geco22,2059,16,2.228851318359375
geco22,2060,16,1.8290939331054688
geco22,2061,16,1.7098121643066406
geco22,2062,16,1.7032623291015625
geco22,2063,16,1.8373565673828125
geco22,2064,16,1.7863082885742188
geco22,2065,16,1.573272705078125
geco22,2066,16,1.821685791015625
geco22,2067,16,1.819122314453125
geco22,2068,16,1.6636581420898438
geco22,2069,16,1.8580780029296875
geco22,2070,16,1.7263031005859375
geco22,2071,16,1.46185302734375
geco22,2072,16,1.80914306640625
geco22,2073,16,1.7266807556152344
geco22,2074,16,1.8646316528320312
geco22,2075,16,1.7330322265625
geco22,2076,16,1.6812515258789062
geco22,2077,16,1.949310302734375
geco22,2078,16,1.78021240234375
geco22,2079,16,1.7058067321777344
geco22,2080,16,1.5812911987304688
geco22,2081,16,1.6379470825195312
geco22,2082,16,1.5526676177978516
geco22,2083,16,1.4462833404541016
geco22,2084,16,2.0263328552246094
geco22,2085,16,1.6874637603759766
geco22,2086,16,1.78448486328125
geco22,2087,16,1.797823429107666
geco22,2088,16,1.6687431335449219
geco22,2089,16,1.5116920471191406
geco22,2090,16,1.4526777267456055
geco22,2091,16,1.7021865844726562
geco22,2092,16,1.4183006286621094
geco22,2093,16,1.5296554565429688
geco22,2094,16,1.4984397888183594
geco22,2095,16,1.540863037109375
geco22,2096,16,1.3969459533691406
geco22,2097,16,1.452199935913086
geco22,2098,16,1.4915237426757812
geco22,2099,16,1.9353561401367188
geco22,2100,16,1.6373443603515625
geco22,2101,16,1.975494384765625
geco22,2102,16,1.8388442993164062
geco22,2103,16,1.7765235900878906
geco22,2104,16,1.800811767578125
geco22,2105,16,1.64080810546875
geco22,2106,16,1.496124267578125
geco22,2107,16,1.8713150024414062
geco22,2108,16,1.66632080078125
geco22,2109,16,1.855499267578125
geco22,2110,16,1.951416015625
geco22,2111,16,1.78790283203125
geco22,2112,16,1.8781700134277344
geco22,2113,16,1.5995712280273438
geco22,2114,16,2.0914688110351562
geco22,2115,16,1.7068252563476562
geco22,2116,16,1.8451080322265625
geco22,2117,16,1.7179756164550781
geco22,2118,16,1.816274642944336
geco22,2119,16,1.9359130859375
geco22,2120,16,1.8503646850585938
geco22,2121,16,1.8540611267089844
geco22,2122,16,1.8477764129638672
geco22,2123,16,1.7948646545410156
geco22,2124,16,1.7928695678710938
geco22,2125,16,1.99676513671875
geco22,2126,16,1.8139495849609375
geco22,2127,16,1.6991119384765625
geco22,2128,16,1.8522720336914062
geco22,2129,16,1.890655517578125
geco22,2130,16,1.82244873046875
geco22,2131,16,1.6552467346191406
geco22,2132,16,1.7471466064453125
geco22,2133,16,1.7404365539550781
geco22,2134,16,1.579254150390625
geco22,2135,16,2.02557373046875
geco22,2136,16,1.5749664306640625
geco22,2137,16,1.6047515869140625
geco22,2138,16,1.8064804077148438
geco22,2139,16,1.6506271362304688
geco22,2140,16,1.6075897216796875
geco22,2141,16,1.8881263732910156
geco22,2142,16,2.107513427734375
geco22,2143,16,1.7713584899902344
geco22,2144,16,1.631744384765625
geco22,2145,16,1.65570068359375
geco22,2146,16,1.8930549621582031
geco22,2147,16,1.4923782348632812
geco22,2148,16,1.7913589477539062
geco22,2149,16,1.7582359313964844
geco22,2150,16,1.8111820220947266
geco22,2151,16,1.7318620681762695
geco22,2152,16,1.6193351745605469
geco22,2153,16,1.5732917785644531
geco22,2154,16,1.7411231994628906
geco22,2155,16,1.6535797119140625
geco22,2156,16,1.5429801940917969
geco22,2157,16,1.66864013671875
geco22,2158,16,1.7499732971191406
geco22,2159,16,1.4996566772460938
geco22,2160,16,1.5108757019042969
geco22,2161,16,1.855865478515625
geco22,2162,16,1.8377838134765625
geco22,2163,16,1.5354232788085938
geco22,2164,16,1.6528091430664062
geco22,2165,16,1.624537467956543
geco22,2166,16,1.4130477905273438
geco22,2167,16,1.6374549865722656
geco22,2168,16,1.8293266296386719
geco22,2169,16,1.4539833068847656
geco22,2170,16,1.4894561767578125
geco22,2171,16,1.8021621704101562
geco22,2172,16,1.5261421203613281
geco22,2173,16,1.7590713500976562
geco22,2174,16,1.869232177734375
geco22,2175,16,1.9005889892578125
geco22,2176,16,1.6913375854492188
geco22,2177,16,1.7811126708984375
geco22,2178,16,1.6575164794921875
geco22,2179,16,1.78070068359375
geco22,2180,16,1.6490230560302734
geco22,2181,16,1.7319107055664062
geco22,2182,16,1.414398193359375
geco22,2183,16,1.6377058029174805
geco22,2184,16,1.4638023376464844
geco22,2185,16,1.502847671508789
geco22,2186,16,2.0554046630859375
geco22,2187,16,1.7047157287597656
geco22,2188,16,1.8227081298828125
geco22,2189,16,1.8530960083007812
geco22,2190,16,1.6051311492919922
geco22,2191,16,1.7939491271972656
geco22,2192,16,1.5615196228027344
geco22,2193,16,1.5406723022460938
geco22,2194,16,1.6777629852294922
geco22,2195,16,1.6100349426269531
geco22,2196,16,1.4614219665527344
geco22,2197,16,1.5839176177978516
geco22,2198,16,1.590749740600586
geco22,2199,16,1.5357551574707031
geco22,2200,16,1.5887908935546875
geco22,2201,16,1.5617942810058594
geco22,2202,16,1.5313644409179688
geco22,2203,16,1.6844825744628906
geco22,2204,16,1.5578155517578125
geco22,2205,16,1.6973419189453125
geco22,2206,16,1.9664649963378906
geco22,2207,16,1.4873180389404297
geco22,2208,16,1.7067489624023438
geco22,2209,16,2.2339019775390625
geco22,2210,16,1.5927886962890625
geco22,2211,16,1.7222137451171875
geco22,2212,16,1.6542348861694336
geco22,2213,16,1.7108573913574219
geco22,2214,16,1.8428764343261719
geco22,2215,16,2.0596542358398438
geco22,2216,16,1.7457695007324219
geco22,2217,16,1.4966354370117188
geco22,2218,16,1.8415069580078125
geco22,2219,16,2.061798095703125
geco22,2220,16,1.6783370971679688
geco22,2221,16,1.920654296875
geco22,2222,16,1.950439453125
geco22,2223,16,2.05877685546875
geco22,2224,16,2.083740234375
geco22,2225,16,1.66998291015625
geco22,2226,16,1.81768798828125
geco22,2227,16,1.695770263671875
geco22,2228,16,1.80194091796875
geco22,2229,16,1.734649658203125
geco22,2230,16,1.7588043212890625
geco22,2231,16,1.9035491943359375
geco22,2232,16,1.7840576171875
geco22,2233,16,1.748779296875
geco22,2234,16,1.6194610595703125
geco22,2235,16,1.7844696044921875
geco22,2236,16,1.647705078125
geco22,2237,16,2.0254364013671875
geco22,2238,16,1.59332275390625
geco22,2239,16,1.93115234375
geco22,2240,16,1.773834228515625
geco22,2241,16,1.803375244140625
geco22,2242,16,2.015716552734375
geco22,2243,16,1.5530433654785156
geco22,2244,16,1.849700927734375
geco22,2245,16,1.673065185546875
geco22,2246,16,1.5742111206054688
geco22,2247,16,1.87139892578125
geco22,2248,16,1.898834228515625
geco22,2249,16,1.8997726440429688
geco22,2250,16,1.5897636413574219
geco22,2251,16,2.08355712890625
geco22,2252,16,1.7298011779785156
geco22,2253,16,1.6055412292480469
geco22,2254,16,1.8396759033203125
geco22,2255,16,1.7813339233398438
geco22,2256,16,1.6191940307617188
geco22,2257,16,1.6772842407226562
geco22,2258,16,1.5580711364746094
geco22,2259,16,1.820587158203125
geco22,2260,16,1.764923095703125
geco22,2261,16,1.6534690856933594
geco22,2262,16,1.6871414184570312
geco22,2263,16,1.664886474609375
geco22,2264,16,1.7129154205322266
geco22,2265,16,1.6520929336547852
geco22,2266,16,1.745981216430664
geco22,2267,16,1.6027488708496094
geco22,2268,16,1.8614578247070312
geco22,2269,16,1.794839859008789
geco22,2270,16,1.6913833618164062
geco22,2271,16,1.7237014770507812
geco22,2272,16,1.6374893188476562
geco22,2273,16,1.5884017944335938
geco22,2274,16,2.016345977783203
geco22,2275,16,1.7396774291992188
geco22,2276,16,1.7576522827148438
geco22,2277,16,1.7870063781738281
geco22,2278,16,1.622528076171875
geco22,2279,16,1.598236083984375
geco22,2280,16,1.8173599243164062
geco22,2281,16,1.7542800903320312
geco22,2282,16,1.5409088134765625
geco22,2283,16,1.655670166015625
geco22,2284,16,1.428955078125
geco22,2285,16,2.2148284912109375
geco22,2286,16,1.7410507202148438
geco22,2287,16,1.8240966796875
geco22,2288,16,1.72613525390625
geco22,2289,16,1.557525634765625
geco22,2290,16,1.7737579345703125
geco22,2291,16,1.6950454711914062
geco22,2292,16,1.64459228515625
geco22,2293,16,2.046356201171875
geco22,2294,16,1.8392620086669922
geco22,2295,16,1.6155433654785156
geco22,2296,16,1.6207923889160156
geco22,2297,16,1.6138057708740234
geco22,2298,16,1.5595817565917969
geco22,2299,16,1.6923809051513672
geco22,2300,16,1.9270095825195312
geco22,2301,16,1.733168601989746
geco22,2302,16,1.498443603515625
geco22,2303,16,1.7280082702636719
geco22,2304,16,2.0043258666992188
geco22,2305,16,1.9259929656982422
geco22,2306,16,1.5346107482910156
geco22,2307,16,1.7232742309570312
geco22,2308,16,1.7350502014160156
geco22,2309,16,1.5706329345703125
geco22,2310,16,2.3739013671875
geco22,2311,16,1.863800048828125
geco22,2312,16,1.781768798828125
geco22,2313,16,1.7686386108398438
geco22,2314,16,1.6501998901367188
geco22,2315,16,1.720306396484375
geco22,2316,16,1.4429740905761719
geco22,2317,16,1.7987823486328125
geco22,2318,16,1.5782928466796875
geco22,2319,16,1.552001953125
geco22,2320,16,2.018848419189453
geco22,2321,16,1.8353347778320312
geco22,2322,16,1.8303756713867188
geco22,2323,16,1.692138671875
geco22,2324,16,1.7227592468261719
geco22,2325,16,1.6614990234375
geco22,2326,16,1.6274337768554688
geco22,2327,16,1.5311622619628906
geco22,2328,16,1.4930057525634766
geco22,2329,16,1.6747245788574219
geco22,2330,16,1.4804401397705078
geco22,2331,16,1.6515731811523438
geco22,2332,16,1.8080520629882812
geco22,2333,16,1.7900619506835938
geco22,2334,16,1.4575653076171875
geco22,2335,16,1.7093849182128906
geco22,2336,16,1.6688117980957031
geco22,2337,16,1.5539169311523438
geco22,2338,16,1.7411689758300781
geco22,2339,16,1.8013076782226562
geco22,2340,16,1.6851615905761719
geco22,2341,16,1.5442276000976562
geco22,2342,16,1.7041168212890625
geco22,2343,16,1.57977294921875
geco22,2344,16,1.6227302551269531
geco22,2345,16,1.4588966369628906
geco22,2346,16,1.3417778015136719
geco22,2347,16,1.5793514251708984
geco22,2348,16,1.8764190673828125
geco22,2349,16,1.7502593994140625
geco22,2350,16,1.6861114501953125
geco22,2351,16,1.5438461303710938
geco22,2352,16,1.776559829711914
geco22,2353,16,1.4688377380371094
geco22,2354,16,1.4912834167480469
geco22,2355,16,2.2544593811035156
geco22,2356,16,1.4923138618469238
geco22,2357,16,1.6749076843261719
geco22,2358,16,1.7043380737304688
geco22,2359,16,1.6428756713867188
geco22,2360,16,1.7697582244873047
geco22,2361,16,1.99627685546875
geco22,2362,16,1.6776962280273438
geco22,2363,16,1.7452850341796875
geco22,2364,16,1.6774978637695312
geco22,2365,16,1.5781097412109375
geco22,2366,16,1.6729583740234375
geco22,2367,16,1.8403244018554688
geco22,2368,16,1.5975914001464844
geco22,2369,16,1.729278564453125
geco22,2370,16,1.6774253845214844
geco22,2371,16,1.7540569305419922
geco22,2372,16,1.5682945251464844
geco22,2373,16,1.7558746337890625
geco22,2374,16,1.6683807373046875
geco22,2375,16,1.7701263427734375
geco22,2376,16,1.7537603378295898
geco22,2377,16,1.8819990158081055
geco22,2378,16,1.834547996520996
geco22,2379,16,1.7026605606079102
geco22,2380,16,1.769251823425293
geco22,2381,16,1.6011466979980469
geco22,2382,16,2.1587905883789062
geco22,2383,16,1.6525154113769531
geco22,2384,16,1.8371024131774902
geco22,2385,16,1.7681622505187988
geco22,2386,16,1.6824684143066406
geco22,2387,16,1.762115478515625
geco22,2388,16,1.6548233032226562
geco22,2389,16,1.54852294921875
geco22,2390,16,1.6935348510742188
geco22,2391,16,1.9875869750976562
geco22,2392,16,1.8831558227539062
geco22,2393,16,1.7283935546875
geco22,2394,16,1.73876953125
geco22,2395,16,1.901611328125
geco22,2396,16,1.8065643310546875
geco22,2397,16,1.85357666015625
geco22,2398,16,1.8848190307617188
geco22,2399,16,1.8139724731445312
geco22,2400,16,1.8099098205566406
geco22,2401,16,1.7219619750976562
geco22,2402,16,1.8101577758789062
geco22,2403,16,1.7796173095703125
geco22,2404,16,1.61767578125
geco22,2405,16,1.6194305419921875
geco22,2406,16,1.6365318298339844
geco22,2407,16,1.8600387573242188
geco22,2408,16,1.5783233642578125
geco22,2409,16,1.6534080505371094
geco22,2410,16,1.7046527862548828
geco22,2411,16,1.620880126953125
geco22,2412,16,1.877288818359375
geco22,2413,16,1.7619056701660156
geco22,2414,16,1.7770004272460938
geco22,2415,16,1.5703582763671875
geco22,2416,16,1.61419677734375
geco22,2417,16,1.6447868347167969
geco22,2418,16,1.4908981323242188
geco22,2419,16,1.6952857971191406
geco22,2420,16,1.7377204895019531
geco22,2421,16,1.6156044006347656
geco22,2422,16,1.6127777099609375
geco22,2423,16,1.5614089965820312
geco22,2424,16,2.0731430053710938
geco22,2425,16,1.7067413330078125
geco22,2426,16,1.5660400390625
geco22,2427,16,1.880401611328125
geco22,2428,16,1.8261260986328125
geco22,2429,16,1.5826644897460938
geco22,2430,16,1.5935211181640625
geco22,2431,16,1.4720306396484375
geco22,2432,16,1.654815673828125
geco22,2433,16,1.8896636962890625
geco22,2434,16,1.752166748046875
geco22,2435,16,1.63067626953125
geco22,2436,16,1.7849044799804688
geco22,2437,16,1.78131103515625
geco22,2438,16,1.927947998046875
geco22,2439,16,1.578155517578125
geco22,2440,16,1.735107421875
geco22,2441,16,1.6595458984375
geco22,2442,16,1.82806396484375
geco22,2443,16,1.8941192626953125
geco22,2444,16,1.8709869384765625
geco22,2445,16,1.70477294921875
geco22,2446,16,1.69256591796875
geco22,2447,16,1.7227020263671875
geco22,2448,16,1.6506118774414062
geco22,2449,16,1.7394332885742188
geco22,2450,16,1.7419662475585938
geco22,2451,16,1.7504253387451172
geco22,2452,16,1.6165084838867188
geco22,2453,16,1.73089599609375
geco22,2454,16,1.5324249267578125
geco22,2455,16,1.74163818359375
geco22,2456,16,1.80194091796875
geco22,2457,16,1.50286865234375
geco22,2458,16,1.7009696960449219
geco22,2459,16,1.7855987548828125
geco22,2460,16,1.6020431518554688
geco22,2461,16,1.5191688537597656
geco22,2462,16,1.777496337890625
geco22,2463,16,1.6811513900756836
geco22,2464,16,1.7987737655639648
geco22,2465,16,1.7698173522949219
geco22,2466,16,1.913604736328125
geco22,2467,16,1.6232824325561523
geco22,2468,16,1.7936248779296875
geco22,2469,16,1.816324234008789
geco22,2470,16,1.5995941162109375
geco22,2471,16,1.691650390625
geco22,2472,16,1.8504791259765625
geco22,2473,16,1.7276153564453125
geco22,2474,16,1.70538330078125
geco22,2475,16,1.9584121704101562
geco22,2476,16,1.9066619873046875
geco22,2477,16,1.695028305053711
geco22,2478,16,1.829833984375
geco22,2479,16,1.7851181030273438
geco22,2480,16,1.740478515625
geco22,2481,16,1.67474365234375
geco22,2482,16,1.93994140625
geco22,2483,16,1.7953338623046875
geco22,2484,16,1.8302040100097656
geco22,2485,16,1.8235549926757812
geco22,2486,16,1.7720513343811035
geco22,2487,16,1.6602935791015625
geco22,2488,16,1.6988525390625
geco22,2489,16,1.8181657791137695
geco22,2490,16,1.97412109375
geco22,2491,16,1.8102307319641113
geco22,2492,16,1.9196624755859375
geco22,2493,16,1.7269010543823242
geco22,2494,16,1.80804443359375
geco22,2495,16,1.8325653076171875
geco22,2496,16,1.81201171875
geco22,2497,16,1.917633056640625
geco22,2498,16,1.6749305725097656
geco22,2499,16,1.5561676025390625
geco22,2500,16,1.6251106262207031
geco22,2501,16,1.6731338500976562
geco22,2502,16,1.6640872955322266
geco22,2503,16,1.7551116943359375
geco22,2504,16,1.653982162475586
geco22,2505,16,1.5323867797851562
geco22,2506,16,1.7717361450195312
geco22,2507,16,1.5906982421875
geco22,2508,16,1.7519378662109375
geco22,2509,16,1.5855255126953125
geco22,2510,16,1.6516609191894531
geco22,2511,16,1.6388702392578125
geco22,2512,16,1.6836051940917969
geco22,2513,16,1.8014488220214844
geco22,2514,16,1.6128463745117188
geco22,2515,16,1.5255203247070312
geco22,2516,16,1.9279670715332031
geco22,2517,16,1.6990814208984375
geco22,2518,16,1.4981651306152344
geco22,2519,16,1.5822982788085938
geco22,2520,16,1.7750015258789062
geco22,2521,16,1.6523284912109375
geco22,2522,16,1.6393661499023438
geco22,2523,16,1.5564041137695312
geco22,2524,16,1.6076431274414062
geco22,2525,16,1.7523880004882812
geco22,2526,16,1.8827018737792969
geco22,2527,16,1.7908782958984375
geco22,2528,16,1.6762237548828125
geco22,2529,16,1.7848434448242188
geco22,2530,16,1.6715316772460938
geco22,2531,16,1.5729503631591797
geco22,2532,16,1.55963134765625
geco22,2533,16,1.7800712585449219
geco22,2534,16,1.773223876953125
geco22,2535,16,1.6007556915283203
geco22,2536,16,1.7666549682617188
geco22,2537,16,1.3921051025390625
geco22,2538,16,1.8312835693359375
geco22,2539,16,1.7235984802246094
geco22,2540,16,1.5991439819335938
geco22,2541,16,1.6302528381347656
geco22,2542,16,1.603586196899414
geco22,2543,16,1.717254638671875
geco22,2544,16,1.5815544128417969
geco22,2545,16,1.7343978881835938
geco22,2546,16,1.6554603576660156
geco22,2547,16,1.609018325805664
geco22,2548,16,1.7706279754638672
geco22,2549,16,1.6916999816894531
geco22,2550,16,1.5518035888671875
geco22,2551,16,1.9475250244140625
geco22,2552,16,1.8055801391601562
geco22,2553,16,1.973541259765625
geco22,2554,16,1.6120758056640625
geco22,2555,16,1.727325439453125
geco22,2556,16,1.9421234130859375
geco22,2557,16,1.615325927734375
geco22,2558,16,1.7106781005859375
geco22,2559,16,1.6836280822753906
geco22,2560,16,1.7083587646484375
geco22,2561,16,1.642592430114746
geco22,2562,16,1.685133934020996
geco22,2563,16,1.813948631286621
geco22,2564,16,1.630401611328125
geco22,2565,16,1.5738639831542969
geco22,2566,16,1.5609416961669922
geco22,2567,16,1.7075653076171875
geco22,2568,16,1.4847259521484375
geco22,2569,16,1.6616668701171875
geco22,2570,16,1.5368423461914062
geco22,2571,16,1.6898536682128906
geco22,2572,16,1.871622085571289
geco22,2573,16,1.3928298950195312
geco22,2574,16,1.6002874374389648
geco22,2575,16,1.4609918594360352
geco22,2576,16,1.9563789367675781
geco22,2577,16,1.515507698059082
geco22,2578,16,1.6635112762451172
geco22,2579,16,1.529372215270996
geco22,2580,16,1.8331222534179688
geco22,2581,16,1.673811435699463
geco22,2582,16,2.195392608642578
geco22,2583,16,1.7963981628417969
geco22,2584,16,1.7242927551269531
geco22,2585,16,1.5141029357910156
geco22,2586,16,1.651397705078125
geco22,2587,16,1.73297119140625
geco22,2588,16,1.697235107421875
geco22,2589,16,1.7506752014160156
geco22,2590,16,2.1238327026367188
geco22,2591,16,1.8541259765625
geco22,2592,16,1.7884702682495117
geco22,2593,16,1.70355224609375
geco22,2594,16,1.7858772277832031
geco22,2595,16,1.8487701416015625
geco22,2596,16,1.7203083038330078
geco22,2597,16,1.8703651428222656
geco22,2598,16,1.7866172790527344
geco22,2599,16,1.7525477409362793
geco22,2600,16,1.6175603866577148
geco22,2601,16,1.790985107421875
geco22,2602,16,1.7750167846679688
geco22,2603,16,2.021759033203125
geco22,2604,16,1.701202392578125
geco22,2605,16,1.7207050323486328
geco22,2606,16,1.6231575012207031
geco22,2607,16,1.6667938232421875
geco22,2608,16,2.1007766723632812
geco22,2609,16,1.6939849853515625
geco22,2610,16,1.8785400390625
geco22,2611,16,1.7921981811523438
geco22,2612,16,1.6464271545410156
geco22,2613,16,2.0620460510253906
geco22,2614,16,1.6330184936523438
geco22,2615,16,1.8158111572265625
geco22,2616,16,1.6962432861328125
geco22,2617,16,1.8337211608886719
geco22,2618,16,1.6920146942138672
geco22,2619,16,1.9775619506835938
geco22,2620,16,1.777862548828125
geco22,2621,16,1.8620758056640625
geco22,2622,16,1.700347900390625
geco22,2623,16,1.830291748046875
geco22,2624,16,1.6507949829101562
geco22,2625,16,1.834716796875
geco22,2626,16,1.784637451171875
geco22,2627,16,1.7174568176269531
geco22,2628,16,1.6968307495117188
geco22,2629,16,1.6825332641601562
geco22,2630,16,2.07623291015625
geco22,2631,16,1.65899658203125
geco22,2632,16,1.8756866455078125
geco22,2633,16,1.7083740234375
geco22,2634,16,1.6500701904296875
geco22,2635,16,1.6609039306640625
geco22,2636,16,1.6988449096679688
geco22,2637,16,1.9474334716796875
geco22,2638,16,1.8728713989257812
geco22,2639,16,1.9011039733886719
geco22,2640,16,1.780242919921875
geco22,2641,16,1.677642822265625
geco22,2642,16,1.8368072509765625
geco22,2643,16,1.84112548828125
geco22,2644,16,1.77783203125
geco22,2645,16,1.7589111328125
geco22,2646,16,2.0305328369140625
geco22,2647,16,1.8440113067626953
geco22,2648,16,1.8013114929199219
geco22,2649,16,1.6236896514892578
geco22,2650,16,1.9910736083984375
geco22,2651,16,1.895721435546875
geco22,2652,16,1.7395095825195312
geco22,2653,16,1.809967041015625
geco22,2654,16,1.8992958068847656
geco22,2655,16,1.77105712890625
geco22,2656,16,1.8612747192382812
geco22,2657,16,1.7869377136230469
geco22,2658,16,1.82623291015625
geco22,2659,16,1.862039566040039
geco22,2660,16,1.875986099243164
geco22,2661,16,1.7607269287109375
geco22,2662,16,1.8654899597167969
geco22,2663,16,1.8794136047363281
geco22,2664,16,2.0149307250976562
geco22,2665,16,1.7282218933105469
geco22,2666,16,1.970977783203125
geco22,2667,16,1.748870849609375
geco22,2668,16,1.9146575927734375
geco22,2669,16,2.108154296875
geco22,2670,16,1.7506103515625
geco22,2671,16,1.7919921875
geco22,2672,16,1.92694091796875
geco22,2673,16,2.0819091796875
geco22,2674,16,1.86004638671875
geco22,2675,16,1.7154541015625
geco22,2676,16,1.89434814453125
geco22,2677,16,1.8299560546875
geco22,2678,16,1.89556884765625
geco22,2679,16,1.95965576171875
geco22,2680,16,1.9449462890625
geco22,2681,16,1.9892578125
geco22,2682,16,1.92181396484375
geco22,2683,16,1.99920654296875
geco22,2684,16,1.9188232421875
geco22,2685,16,1.8238525390625
geco22,2686,16,1.705291748046875
geco22,2687,16,1.7548065185546875
geco22,2688,16,1.8291168212890625
geco22,2689,16,1.649169921875
geco22,2690,16,1.8287544250488281
geco22,2691,16,1.8396530151367188
geco22,2692,16,1.8750686645507812
geco22,2693,16,1.7103767395019531
geco22,2694,16,1.657470703125
geco22,2695,16,1.7327613830566406
geco22,2696,16,1.810211181640625
geco22,2697,16,1.9455604553222656
geco22,2698,16,1.856719970703125
geco22,2699,16,1.8453483581542969
geco22,2700,16,1.73486328125
geco22,2701,16,1.8062820434570312
geco22,2702,16,1.8776626586914062
geco22,2703,16,2.096118927001953
geco22,2704,16,1.6882781982421875
geco22,2705,16,1.8437690734863281
geco22,2706,16,1.8634796142578125
geco22,2707,16,1.823333740234375
geco22,2708,16,1.9921798706054688
geco22,2709,16,1.75531005859375
geco22,2710,16,1.6675682067871094
geco22,2711,16,1.8541059494018555
geco22,2712,16,1.7129783630371094
geco22,2713,16,1.6307868957519531
geco22,2714,16,2.114593505859375
geco22,2715,16,1.9700088500976562
geco22,2716,16,1.6652297973632812
geco22,2717,16,1.666158676147461
geco22,2718,16,1.7357025146484375
geco22,2719,16,1.9141616821289062
geco22,2720,16,1.8422813415527344
geco22,2721,16,1.7800655364990234
geco22,2722,16,1.7254676818847656
geco22,2723,16,1.7442665100097656
geco22,2724,16,1.6467361450195312
geco22,2725,16,1.8150978088378906
geco22,2726,16,1.868011474609375
geco22,2727,16,1.6873855590820312
geco22,2728,16,1.9876937866210938
geco22,2729,16,1.903146743774414
geco22,2730,16,1.61297607421875
geco22,2731,16,1.6484031677246094
geco22,2732,16,1.6185150146484375
geco22,2733,16,1.7885284423828125
geco22,2734,16,1.6353111267089844
geco22,2735,16,1.8373985290527344
geco22,2736,16,1.713348388671875
geco22,2737,16,1.6854934692382812
geco22,2738,16,1.7566642761230469
geco22,2739,16,1.6521186828613281
geco22,2740,16,1.50469970703125
geco22,2741,16,1.7393617630004883
geco22,2742,16,1.9967498779296875
geco22,2743,16,1.8331413269042969
geco22,2744,16,1.6941757202148438
geco22,2745,16,1.844085693359375
geco22,2746,16,1.7823944091796875
geco22,2747,16,1.6788597106933594
geco22,2748,16,2.16119384765625
geco22,2749,16,1.79437255859375
geco22,2750,16,1.940765380859375
geco22,2751,16,1.7210884094238281
geco22,2752,16,1.869394302368164
geco22,2753,16,1.707326889038086
geco22,2754,16,1.6768245697021484
geco22,2755,16,1.7972259521484375
geco22,2756,16,1.4931068420410156
geco22,2757,16,1.768026351928711
geco22,2758,16,1.6873207092285156
geco22,2759,16,1.684988021850586
geco22,2760,16,1.7716350555419922
geco22,2761,16,1.5262374877929688
geco22,2762,16,1.6385440826416016
geco22,2763,16,1.7137088775634766
geco22,2764,16,1.6699047088623047
geco22,2765,16,1.6879463195800781
geco22,2766,16,1.7095375061035156
geco22,2767,16,2.02471923828125
geco22,2768,16,1.8174514770507812
geco22,2769,16,1.6142578125
geco22,2770,16,1.86199951171875
geco22,2771,16,1.6813735961914062
geco22,2772,16,1.95318603515625
geco22,2773,16,1.8250732421875
geco22,2774,16,1.764404296875
geco22,2775,16,1.77972412109375
geco22,2776,16,1.7425384521484375
geco22,2777,16,1.73614501953125
geco22,2778,16,1.7800445556640625
geco22,2779,16,1.8115692138671875
geco22,2780,16,1.8089828491210938
geco22,2781,16,1.7994384765625
geco22,2782,16,1.895233154296875
geco22,2783,16,1.6737861633300781
geco22,2784,16,1.76824951171875
geco22,2785,16,1.8342437744140625
geco22,2786,16,1.8202896118164062
geco22,2787,16,1.7830429077148438
geco22,2788,16,1.9512863159179688
geco22,2789,16,1.8071517944335938
geco22,2790,16,1.90228271484375
geco22,2791,16,1.5515289306640625
geco22,2792,16,1.572784423828125
geco22,2793,16,1.86480712890625
geco22,2794,16,1.7409133911132812
geco22,2795,16,1.9000015258789062
geco22,2796,16,1.8196678161621094
geco22,2797,16,1.8563880920410156
geco22,2798,16,1.6874141693115234
geco22,2799,16,1.9123802185058594
geco22,2800,16,1.7767448425292969
geco22,2801,16,1.9101448059082031
geco22,2802,16,1.7779464721679688
geco22,2803,16,1.6409721374511719
geco22,2804,16,1.7631587982177734
geco22,2805,16,1.9169082641601562
geco22,2806,16,1.6184539794921875
geco22,2807,16,1.8546295166015625
geco22,2808,16,1.6954498291015625
geco22,2809,16,1.7071723937988281
geco22,2810,16,2.0987091064453125
geco22,2811,16,1.93133544921875
geco22,2812,16,2.126220703125
geco22,2813,16,2.0623931884765625
geco22,2814,16,1.5948982238769531
geco22,2815,16,1.7557449340820312
geco22,2816,16,1.7668228149414062
geco22,2817,16,1.7872161865234375
geco22,2818,16,1.6050605773925781
geco22,2819,16,1.7039108276367188
geco22,2820,16,2.057220458984375
geco22,2821,16,1.857391357421875
geco22,2822,16,1.851715087890625
geco22,2823,16,1.729156494140625
geco22,2824,16,1.76318359375
geco22,2825,16,1.9022216796875
geco22,2826,16,1.784393310546875
geco22,2827,16,1.928497314453125
geco22,2828,16,1.729888916015625
geco22,2829,16,1.75396728515625
geco22,2830,16,1.887451171875
geco22,2831,16,1.724151611328125
geco22,2832,16,1.7191162109375
geco22,2833,16,1.90435791015625
geco22,2834,16,1.710601806640625
geco22,2835,16,1.829132080078125
geco22,2836,16,1.825897216796875
geco22,2837,16,1.906951904296875
geco22,2838,17,1.7453379911534928
geco22,2839,17,1.741494571461397
geco22,2840,17,1.6498520795036764
geco22,2841,17,1.8525965073529411
geco22,2842,17,1.830827600815717
geco22,2843,17,1.5535529641544117
geco22,2844,17,1.8047664866727942
geco22,2845,17,1.7990794462316178
geco22,2846,17,1.6436911190257353
geco22,2847,17,1.5704830394071692
geco22,2848,17,1.5624246036305147
geco22,2849,17,1.7392578125
geco22,2850,17,1.700888241038603
geco22,2851,17,1.7389678955078125
geco22,2852,17,1.6588134765625
geco22,2853,17,1.633200252757353
geco22,2854,17,1.7218816420611214
geco22,2855,17,1.6406429515165442
geco22,2856,17,1.6159542308134192
geco22,2857,17,1.8262221392463236
geco22,2858,17,1.4912468405330883
geco22,2859,17,1.7773509306066178
geco22,2860,17,1.638253604664522
geco22,2861,17,1.6601454790900736
geco22,2862,17,1.8504746380974264
geco22,2863,17,1.7769236845128678
geco22,2864,17,1.7537662281709558
geco22,2865,17,1.679351806640625
geco22,2866,17,1.8827658260569853
geco22,2867,17,1.8623118681066178
geco22,2868,17,1.8194328756893383
geco22,2869,17,1.8887167537913603
geco22,2870,17,1.7637400907628678
geco22,2871,17,1.677267635569853
geco22,2872,17,1.9056252872242647
geco22,2873,17,1.7466466567095589
geco22,2874,17,1.7821619370404411
geco22,2875,17,1.7583869485294117
geco22,2876,17,1.8678768382352942
geco22,2877,17,1.7342529296875
geco22,2878,17,1.8204704733455883
geco22,2879,17,1.8206248563878678
geco22,2880,17,1.7357716279871322
geco22,2881,17,1.4713619456571692
geco22,2882,17,1.6107321346507353
geco22,2883,17,1.649862850413603
geco22,2884,17,1.5009236055261947
geco22,2885,17,1.6450374827665442
geco22,2886,17,1.6493171243106617
geco22,2887,17,1.9216667624080883
geco22,2888,17,1.712319766773897
geco22,2889,17,1.8892858168658089
geco22,2890,17,1.6855540556066178
geco22,2891,17,1.5096704819623161
geco22,2892,17,1.787698184742647
geco22,2893,17,1.8668320599724264
geco22,2894,17,1.8713702033547794
geco22,2895,17,1.7860035615808822
geco22,2896,17,1.6942641314338236
geco22,2897,17,1.7186781939338236
geco22,2898,17,1.765625
geco22,2899,17,1.9780129825367647
geco22,2900,17,1.6730203067555147
geco22,2901,17,1.6290175494025736
geco22,2902,17,1.6960269703584558
geco22,2903,17,1.8080623851102942
geco22,2904,17,1.5683055204503678
geco22,2905,17,1.6095688763786764
geco22,2906,17,1.8832505170036764
geco22,2907,17,1.6126224293428308
geco22,2908,17,1.6839725269990808
geco22,2909,17,1.6991891299977022
geco22,2910,17,1.4887991512522978
geco22,2911,17,1.677389705882353
geco22,2912,17,1.6126421760110294
geco22,2913,17,1.797341739430147
geco22,2914,17,1.5285626579733456
geco22,2915,17,1.555008383358226
geco22,2916,17,1.5699050005744486
geco22,2917,17,1.5981409409466911
geco22,2918,17,1.5780837115119486
geco22,2919,17,1.6345932904411764
geco22,2920,17,1.6598241469439339
geco22,2921,17,1.612649356617647
geco22,2922,17,1.5945560230928308
geco22,2923,17,1.5958790498621322
geco22,2924,17,1.4198931525735294
geco22,2925,17,1.541146671070772
geco22,2926,17,1.5129591997931986
geco22,2927,17,1.6071597828584558
geco22,2928,17,1.4391012752757353
geco22,2929,17,1.5180305032169117
geco22,2930,17,1.5551183363970589
geco22,2931,17,1.4394302368164062
geco22,2932,17,1.7050134995404411
geco22,2933,17,1.8620749080882353
geco22,2934,17,1.6246517405790442
geco22,2935,17,1.8200647690716911
geco22,2936,17,1.7757496553308822
geco22,2937,17,1.8575942095588236
geco22,2938,17,1.8436171587775736
geco22,2939,17,1.607400333180147
geco22,2940,17,1.8591847139246322
geco22,2941,17,1.4691628848805147
geco22,2942,17,1.7402666877297794
geco22,2943,17,1.7050583783318014
geco22,2944,17,1.9416432100183822
geco22,2945,17,1.8210269703584558
geco22,2946,17,1.493551815257353
geco22,2947,17,1.8315250172334558
geco22,2948,17,1.6801398782169117
geco22,2949,17,1.7203010110294117
geco22,2950,17,1.6306870404411764
geco22,2951,17,1.8887436810661764
geco22,2952,17,1.7377247529871322
geco22,2953,17,1.7675924862132353
geco22,2954,17,1.5906479779411764
geco22,2955,17,1.749167049632353
geco22,2956,17,1.8755062327665442
geco22,2957,17,1.6663190056295956
geco22,2958,17,1.7332871380974264
geco22,2959,17,1.4690300436580883
geco22,2960,17,1.525320614085478
geco22,2961,17,1.6430035759420956
geco22,2962,17,1.5746424057904411
geco22,2963,17,1.3934326171875
geco22,2964,17,1.4447407441980697
geco22,2965,17,1.508340274586397
geco22,2966,17,1.4784689510569853
geco22,2967,17,1.5162927964154411
geco22,2968,17,1.5734827378216911
geco22,2969,17,1.3776999080882353
geco22,2970,17,1.5655409869025736
geco22,2971,17,1.8460585650275736
geco22,2972,17,1.3514512005974264
geco22,2973,17,1.549560546875
geco22,2974,17,1.8282398897058822
geco22,2975,17,1.9255945542279411
geco22,2976,17,1.7176226447610294
geco22,2977,17,1.675811767578125
geco22,2978,17,2.0910572725183822
geco22,2979,17,1.8311264935661764
geco22,2980,17,1.8222799862132353
geco22,2981,17,1.7731179630055147
geco22,2982,17,1.9129710477941178
geco22,2983,17,1.823586856617647
geco22,2984,17,1.7906206916360294
geco22,2985,17,1.8900218290441178
geco22,2986,17,1.7900965073529411
geco22,2987,17,1.6813534007352942
geco22,2988,17,1.7678581686580883
geco22,2989,17,1.695290958180147
geco22,2990,17,1.735983455882353
geco22,2991,17,1.813009823069853
geco22,2992,17,1.7249181410845589
geco22,2993,17,1.8830997242647058
geco22,2994,17,1.7455875172334558
geco22,2995,17,1.7069055893841911
geco22,2996,17,1.9625746783088236
geco22,2997,17,1.8870849609375
geco22,2998,17,1.7195757697610294
geco22,2999,17,1.923483455882353
geco22,3000,17,1.8054630055147058
geco22,3001,17,1.7833503274356617
geco22,3002,17,1.7151632869944853
geco22,3003,17,1.8184042537913603
geco22,3004,17,1.8300601734834558
geco22,3005,17,1.924774169921875
geco22,3006,17,1.8610678280101103
geco22,3007,17,2.1123046875
geco22,3008,17,1.9269301470588236
geco22,3009,17,1.9069967830882353
geco22,3010,17,1.8461052389705883
geco22,3011,17,1.6865090762867647
geco22,3012,17,1.7373046875
geco22,3013,17,1.7631261488970589
geco22,3014,17,1.909036075367647
geco22,3015,17,1.6953412224264706
geco22,3016,17,1.7685905905330883
geco22,3017,17,1.7637005974264706
geco22,3018,17,1.8265452665441178
geco22,3019,17,1.7424460018382353
geco22,3020,17,1.6996136833639706
geco22,3021,17,1.9270593979779411
geco22,3022,17,1.689239501953125
geco22,3023,17,1.6635562672334558
geco22,3024,17,1.717233096852022
geco22,3025,17,1.8384776395909928
geco22,3026,17,1.7408447265625
geco22,3027,17,1.6351641486672794
geco22,3028,17,1.9010296989889706
geco22,3029,17,1.715890323414522
geco22,3030,17,1.7016457950367647
geco22,3031,17,1.6403162339154411
geco22,3032,17,1.6497820685891544
geco22,3033,17,1.9164141486672794
geco22,3034,17,1.8652487362132353
geco22,3035,17,1.6688806870404411
geco22,3036,17,1.7098927217371322
geco22,3037,17,1.5791661879595589
geco22,3038,17,1.7068660960477942
geco22,3039,17,1.9485437729779411
geco22,3040,17,1.73382568359375
geco22,3041,17,1.7367446001838236
geco22,3042,17,1.7914392807904411
geco22,3043,17,1.525900448069853
geco22,3044,17,1.7839032341452206
geco22,3045,17,1.6740686753216911
geco22,3046,17,1.6024008358226103
geco22,3047,17,1.8867950439453125
geco22,3048,17,2.2276539522058822
geco22,3049,17,1.8008602366727942
geco22,3050,17,1.6286190257352942
geco22,3051,17,1.9054816750919117
geco22,3052,17,1.84918212890625
geco22,3053,17,1.7193531709558822
geco22,3054,17,1.8083693560431986
geco22,3055,17,1.7348201976102942
geco22,3056,17,1.6067442052504595
geco22,3057,17,1.9372598984662224
geco22,3058,17,1.8946766572840072
geco22,3059,17,1.6457663143382353
geco22,3060,17,1.9193761488970589
geco22,3061,17,1.648049747242647
geco22,3062,17,1.8438289866727942
geco22,3063,17,1.549172794117647
geco22,3064,17,2.1606732536764706
geco22,3065,17,1.9788531135110294
geco22,3066,17,1.709127987132353
geco22,3067,17,1.781494140625
geco22,3068,17,1.9699563419117647
geco22,3069,17,1.7660271139705883
geco22,3070,17,1.8618810317095589
geco22,3071,17,2.0925436580882355
