model,model_window_position,base_count,mean_bpb
evo21,1,17,1.982058181482203
evo21,2,17,2.1650968649808098
evo21,3,17,1.969686648424934
evo21,4,17,1.9888959702323465
evo21,5,17,1.9663884219001322
evo21,6,17,1.9163944160237032
evo21,7,17,1.9864132053711836
evo21,8,17,2.0104964270311245
evo21,9,17,1.831208348274231
evo21,10,17,2.0848088965696445
evo21,11,17,1.9776293109445011
evo21,12,17,2.0730805186664356
evo21,13,17,1.9179556299658382
evo21,14,17,1.8590075548957377
evo21,15,17,1.904315527747659
evo21,16,17,1.9617062175975126
evo21,17,17,1.771976400824154
evo21,18,17,1.7345934299861683
evo21,19,17,2.008531153202057
evo21,20,17,1.964531092082753
evo21,21,17,1.9098478695925545
evo21,22,17,1.873986139016993
evo21,23,17,1.8631300856085384
evo21,24,17,1.8043527743395638
evo21,25,17,2.0371718406677246
evo21,26,17,2.0491518483442417
evo21,27,17,1.6805104963919695
evo21,28,17,2.0070321559906006
evo21,29,17,1.7878927553401274
evo21,30,17,1.9637720304376938
evo21,31,17,1.8740844446070053
evo21,32,17,1.9904520932365866
evo21,33,17,2.0257882651160743
evo21,34,17,1.9769757845822502
evo21,35,17,1.9999774133457857
evo21,36,17,1.9486009303261251
evo21,37,17,2.008321698974161
evo21,38,17,2.2405644795473885
evo21,39,17,1.9825952824424296
evo21,40,17,2.0571422927519856
evo21,41,17,1.9360274707569796
evo21,42,17,1.9154112689635332
evo21,43,17,1.9392050855300005
evo21,44,17,1.8626143301234526
evo21,45,17,2.00033243263469
evo21,46,17,2.0051326821832096
evo21,47,17,1.8847047020407284
evo21,48,17,2.048964437316446
evo21,49,17,1.9543397566851448
evo21,50,17,1.7301755302092607
evo21,51,17,1.823551430421717
evo21,52,17,2.020203197703642
evo21,53,17,1.714483702884001
evo21,54,17,2.066194260821623
evo21,55,17,1.930231255643508
evo21,56,17,1.903826454106499
evo21,57,17,1.9532967385123758
evo21,58,17,2.04661567772136
evo21,59,17,1.9539848425809074
evo21,60,17,1.7874074192608105
evo21,61,17,1.8885213066549862
evo21,62,17,1.7572874251533956
evo21,63,17,2.016280770301819
evo21,64,17,1.8236415842000175
evo21,65,17,1.7921041504425161
evo21,66,17,1.7559441976687487
evo21,67,17,1.9864122166353113
evo21,68,17,1.9227332577985876
evo21,69,17,1.9239779149784761
evo21,70,17,1.749405727666967
evo21,71,17,1.8192441393347347
evo21,72,17,2.05339356730966
evo21,73,17,1.846889523898854
evo21,74,17,1.850117613287533
evo21,75,17,1.966978907585144
evo21,76,17,1.9877403062932633
evo21,77,17,1.9445423028048348
evo21,78,17,1.8742896108066334
evo21,79,17,2.098064724136801
evo21,80,17,1.8833996969110824
evo21,81,17,1.7694255674586576
evo21,82,17,1.866641086690566
evo21,83,17,1.8486503923640532
evo21,84,17,1.8731691486695234
evo21,85,17,1.8779037998003119
evo21,86,17,1.6004876459346098
evo21,87,17,1.9493227846482222
evo21,88,17,1.9385637535768396
evo21,89,17,1.757924991495469
evo21,90,17,1.7718299802611857
evo21,91,17,1.729194213362301
evo21,92,17,1.9374110277961283
evo21,93,17,1.757484891835381
evo21,94,17,1.9282818962545956
evo21,95,17,1.7464764328563915
evo21,96,17,1.9061617150026209
evo21,97,17,1.8375312160043156
evo21,98,17,1.9842449566897224
evo21,99,17,2.034956027479733
evo21,100,17,1.6869849597706514
evo21,101,17,1.9632611204596127
evo21,102,17,1.9013005530132967
evo21,103,17,1.8075843979330624
evo21,104,17,2.0403721437734714
evo21,105,17,1.675957995302537
evo21,106,17,1.7468085394186132
evo21,107,17,2.1514496452668133
evo21,108,17,1.8964864927179672
evo21,109,17,1.8359252004062427
evo21,110,17,1.7354626795824837
evo21,111,17,1.8476833701133728
evo21,112,17,2.118296749451581
evo21,113,17,1.7818113004460054
evo21,114,17,1.9578235009137321
evo21,115,17,1.868835968129775
evo21,116,17,1.8204039475497078
evo21,117,17,2.1620603379081276
evo21,118,17,2.103995253058041
evo21,119,17,1.907605816336239
evo21,120,17,1.9754489660263062
evo21,121,17,1.7049796020283419
evo21,122,17,1.8224290714544409
evo21,123,17,1.9828815670574413
evo21,124,17,1.937267121146707
evo21,125,17,1.9404269351678736
evo21,126,17,1.8364981973872465
evo21,127,17,1.793254743604099
evo21,128,17,2.135279283804052
evo21,129,17,1.963979538749246
evo21,130,17,1.844259311171139
evo21,131,17,1.705834991791669
evo21,132,17,1.8781100195996903
evo21,133,17,1.858269922873553
evo21,134,17,1.969754927298602
evo21,135,17,1.8593044210882748
evo21,136,17,1.9455435065662159
evo21,137,17,2.0219470613143025
evo21,138,17,1.888722588034237
evo21,139,17,1.9034053543034721
evo21,140,17,1.94287188614116
evo21,141,17,1.939607543103835
evo21,142,17,1.8211983231937183
evo21,143,17,1.9996738503961002
evo21,144,17,1.8278493881225586
evo21,145,17,1.7461145064410042
evo21,146,17,1.9289364358958077
evo21,147,17,1.7860863419140087
evo21,148,17,2.0441179363166584
evo21,149,17,1.981789133127998
evo21,150,17,1.7774631275850183
evo21,151,17,1.7116983515374802
evo21,152,17,1.9028823305578793
evo21,153,17,1.8730201545883627
evo21,154,17,1.7988012994036955
evo21,155,17,1.6536977887153625
evo21,156,17,2.1144083598080803
evo21,157,17,1.619752536801731
evo21,158,17,2.1221954822540283
evo21,159,17,1.947868220946368
evo21,160,17,2.013081291142632
evo21,161,17,1.7291345175574808
evo21,162,17,1.8472587851917042
evo21,163,17,1.8331374175408308
evo21,164,17,1.7719157776411842
evo21,165,17,1.7921107621753918
evo21,166,17,1.81026971690795
evo21,167,17,2.0113459404777077
evo21,168,17,2.0243645661017475
evo21,169,17,1.712819541201872
evo21,170,17,1.7781491419848274
evo21,171,17,1.963757823495304
evo21,172,17,1.7691031554166008
evo21,173,17,1.7752240335240084
evo21,174,17,1.866459706250359
evo21,175,17,2.1473415108288036
evo21,176,17,1.9091518065508675
evo21,177,17,1.9748452691470875
evo21,178,17,1.9842545495313757
evo21,179,17,1.8780804381651037
evo21,180,17,1.9979736594592823
evo21,181,17,1.8224757839651669
evo21,182,17,2.0297458802952484
evo21,183,17,1.9920218411613912
evo21,184,17,1.8168657106511734
evo21,185,17,1.8299124801860136
evo21,186,17,1.8019871080622953
evo21,187,17,1.8691168743021347
evo21,188,17,1.8355226656969856
evo21,189,17,1.8144903884214514
evo21,190,17,1.6790879544089823
evo21,191,17,1.7870869566412533
evo21,192,17,1.9966873772004072
evo21,193,17,1.8989786751130049
evo21,194,17,1.9259258859297808
evo21,195,17,1.9631424931918873
evo21,196,17,1.8773575810825123
evo21,197,17,1.830903495059294
evo21,198,17,1.8636956214904785
evo21,199,17,1.8420358124901266
evo21,200,17,1.9789315251743091
evo21,201,17,1.7910023787442375
evo21,202,17,1.8174888596815222
evo21,203,17,1.7547657112864887
evo21,204,17,2.010139416245853
evo21,205,17,1.7826258136945612
evo21,206,17,1.6272673659464891
evo21,207,17,1.8150393401875216
evo21,208,17,1.8181977131787468
evo21,209,17,1.872992803068722
evo21,210,17,1.8218210059053757
evo21,211,17,1.8928455447449404
evo21,212,17,1.7908731330843533
evo21,213,17,2.1215054725899414
evo21,214,17,1.6605802809490877
evo21,215,17,1.9197159146561342
evo21,216,17,2.136928263832541
evo21,217,17,1.842280289706062
evo21,218,17,1.8170734012828154
evo21,219,17,1.8614218217485092
evo21,220,17,1.739446643520804
evo21,221,17,1.8778723828932817
evo21,222,17,1.7154357827761595
evo21,223,17,1.782404016045963
evo21,224,17,1.7589224059792126
evo21,225,17,1.6262891748372246
evo21,226,17,1.8212867896346485
evo21,227,17,1.7740977967486662
evo21,228,17,1.9583426415920258
evo21,229,17,1.8002425204305088
evo21,230,17,1.971560471198138
evo21,231,17,2.0170517949496998
evo21,232,17,2.008449523764498
evo21,233,17,1.7797496441532583
evo21,234,17,2.1590071075102863
evo21,235,17,1.826849944451276
evo21,236,17,1.9139780191814197
evo21,237,17,2.105827871490927
evo21,238,17,1.7390515944536995
evo21,239,17,1.7654518888277166
evo21,240,17,1.6339270753018997
evo21,241,17,2.1111672976437736
evo21,242,17,1.956382337738486
evo21,243,17,1.9606978542664473
evo21,244,17,1.704520888188306
evo21,245,17,1.8350714418817968
evo21,246,17,1.9294559184242697
evo21,247,17,1.7134645169272142
evo21,248,17,1.8253950266277088
evo21,249,17,1.6833671629428864
evo21,250,17,2.0567728456328895
evo21,251,17,1.8662694920511806
evo21,252,17,1.6801736161989325
evo21,253,17,1.6842100339777328
evo21,254,17,1.9990239038186914
evo21,255,17,1.9363662565455717
evo21,256,17,1.8526269477956436
evo21,257,17,1.9016986769788407
evo21,258,17,1.825390338897705
evo21,259,17,2.0310149964164284
evo21,260,17,1.8295838096562553
evo21,261,17,1.6796179764411028
evo21,262,17,1.8011377208373125
evo21,263,17,2.0323681410621193
evo21,264,17,2.0661617587594425
evo21,265,17,1.740796916625079
evo21,266,17,1.9617057793280657
evo21,267,17,1.8611358123667099
evo21,268,17,1.8432391250834745
evo21,269,17,2.0715014548862682
evo21,270,17,1.8299824577920578
evo21,271,17,1.8119600099675797
evo21,272,17,1.8712058190037222
evo21,273,17,1.7817832853864222
evo21,274,17,1.6713148863876568
evo21,275,17,1.829874543582692
evo21,276,17,1.7319344466223436
evo21,277,17,1.6220259824219871
evo21,278,17,1.8164894186398561
evo21,279,17,1.9639636558644913
evo21,280,17,1.975394887082717
evo21,281,17,1.9189547721077413
evo21,282,17,1.65088410412564
evo21,283,17,1.9415781497955322
evo21,284,17,1.73941671147066
evo21,285,17,1.8197576158186968
evo21,286,17,1.8853680438855116
evo21,287,17,1.794938045389512
evo21,288,17,1.7988689366508932
evo21,289,17,1.6227604536449207
evo21,290,17,1.896455589462729
evo21,291,17,1.9306403819252462
evo21,292,17,1.9241056512383854
evo21,293,17,1.7879862224354464
evo21,294,17,1.6662163839620703
evo21,295,17,1.6748490543926464
evo21,296,17,1.8512692556661718
evo21,297,17,1.7964187360861723
evo21,298,17,1.7947578570422005
evo21,299,17,1.9088183974518496
evo21,300,17,1.7067914850571577
evo21,301,17,1.848235217963948
evo21,302,17,1.5697278836194206
evo21,303,17,1.6967630842152763
evo21,304,17,1.6241313955363106
evo21,305,17,1.8049973898074205
evo21,306,17,1.7355556750998777
evo21,307,17,1.5261436604401644
evo21,308,17,1.6059907850097208
evo21,309,17,1.7818963536444832
evo21,310,17,1.8621327035567339
evo21,311,17,1.7516613988315357
evo21,312,17,1.5648047047502853
evo21,313,17,1.7158918880364473
evo21,314,17,1.9504023299497717
evo21,315,17,1.8971716007765602
evo21,316,17,1.631674100370968
evo21,317,17,1.7759709551053888
evo21,318,17,1.632154246463495
evo21,319,17,1.6488953863873201
evo21,320,17,1.6166288642322315
evo21,321,17,1.8590452215250801
evo21,322,17,1.721462887876174
evo21,323,17,1.7388832972330206
evo21,324,17,2.251100918825935
evo21,325,17,1.7867851467693554
evo21,326,17,1.9242788623361027
evo21,327,17,1.8044891988529879
evo21,328,17,1.7391612529754639
evo21,329,17,1.7665190486346973
evo21,330,17,1.7389801460153915
evo21,331,17,1.7776017942849327
evo21,332,17,1.770914324942757
evo21,333,17,1.6892207072061651
evo21,334,17,1.9589993445312275
evo21,335,17,1.5324153952738817
evo21,336,17,1.8988906776203829
evo21,337,17,1.929731761707979
evo21,338,17,1.6333155351526596
evo21,339,17,1.5569490457282347
evo21,340,17,1.781263579340542
evo21,341,17,1.9305691052885616
evo21,342,17,1.9036231005893034
evo21,343,17,1.619488288374508
evo21,344,17,1.813320114332087
evo21,345,17,1.7991951739086824
evo21,346,17,2.0987374852685368
evo21,347,17,1.94952209556804
evo21,348,17,1.9903087966582353
evo21,349,17,1.7151845202726477
evo21,350,17,1.7179787158966064
evo21,351,17,1.9566607685650097
evo21,352,17,1.7555342526996838
evo21,353,17,1.794894796960494
evo21,354,17,1.9171072910813725
evo21,355,17,1.844705515048083
evo21,356,17,1.81398804398144
evo21,357,17,1.803849963580861
evo21,358,17,1.864469019805684
evo21,359,17,1.95356764162288
evo21,360,17,1.7647605398122002
evo21,361,17,1.9933203704216902
evo21,362,17,1.7688185905708986
evo21,363,17,1.9204187813927145
evo21,364,17,1.9451873653075273
evo21,365,17,1.7924759738585527
evo21,366,17,1.8342045755947338
evo21,367,17,1.8429409546010636
evo21,368,17,1.966369867324829
evo21,369,17,1.8003407436258652
evo21,370,17,1.8438676210010754
evo21,371,17,2.0169958367067227
evo21,372,17,1.9629492549335255
evo21,373,17,1.759604629348306
evo21,374,17,2.2299630641937256
evo21,375,17,1.5932938912335564
evo21,376,17,2.0381864537211025
evo21,377,17,1.8932323210379656
evo21,378,17,1.7412161809556626
evo21,379,17,1.7383839470498703
evo21,380,17,1.887470676618464
evo21,381,17,1.8340631758465487
evo21,382,17,2.1014601202572094
evo21,383,17,2.0183744640911327
evo21,384,17,1.8498869257814743
evo21,385,17,1.7311748020789202
evo21,386,17,1.7458151263349198
evo21,387,17,1.7747023526360006
evo21,388,17,1.6753022705807405
evo21,389,17,2.0438829677946426
evo21,390,17,1.8655949901132023
evo21,391,17,1.5971107894883436
evo21,392,17,2.1098096440820133
evo21,393,17,1.7052852406221277
evo21,394,17,1.7060961109750412
evo21,395,17,1.9430163502693176
evo21,396,17,1.464996553519193
evo21,397,17,1.6463219221023953
evo21,398,17,2.0634943948072544
evo21,399,17,1.5250181099947762
evo21,400,17,1.5056714257773232
evo21,401,17,1.7424679433598238
evo21,402,17,1.5452149291248882
evo21,403,17,1.6307589310933561
evo21,404,17,1.9992550935815363
evo21,405,17,1.9249936254585491
evo21,406,17,1.6344264675589169
evo21,407,17,1.9617069880752003
evo21,408,17,1.769152383593952
evo21,409,17,1.6205151826143265
evo21,410,17,1.662934363764875
evo21,411,17,1.5761587462004494
evo21,412,17,2.1683777027270374
evo21,413,17,1.731799654662609
evo21,414,17,1.8286967110984467
evo21,415,17,1.6895015932181303
evo21,416,17,1.6745921110405642
evo21,417,17,2.2169495189891144
evo21,418,17,1.8269798422560972
evo21,419,17,1.6939868024166893
evo21,420,17,1.6695868101190119
evo21,421,17,1.749150746008929
evo21,422,17,1.5607403415967436
evo21,423,17,1.749174433595994
evo21,424,17,1.6981147922137205
evo21,425,17,1.666285662966616
evo21,426,17,1.6997676956302978
evo21,427,17,1.7593728111070746
evo21,428,17,1.6520036292426727
evo21,429,17,1.7079607993364334
evo21,430,17,1.7372280753710692
evo21,431,17,1.7957705531050177
evo21,432,17,1.9158520935212864
evo21,433,17,1.5786121294778936
evo21,434,17,1.8042674800928902
evo21,435,17,2.1535624511101665
evo21,436,17,1.7229244288276224
evo21,437,17,1.9310069837990929
evo21,438,17,1.6400372806717367
evo21,439,17,1.9749655649065971
evo21,440,17,1.893371788894429
evo21,441,17,1.810055070063647
evo21,442,17,1.6757417075774248
evo21,443,17,1.9538179846370922
evo21,444,17,1.9450231992146547
evo21,445,17,1.7447395237053143
evo21,446,17,1.6677566551986862
evo21,447,17,1.6823911903535618
evo21,448,17,1.631418408716426
evo21,449,17,1.7105526617344688
evo21,450,17,2.100742788875804
evo21,451,17,1.920731395483017
evo21,452,17,1.945644413723665
evo21,453,17,2.0030257211011997
evo21,454,17,1.9615654454511755
evo21,455,17,1.53762686252594
evo21,456,17,1.7710958333576428
evo21,457,17,1.6890192312352799
evo21,458,17,1.7765007702743305
evo21,459,17,1.889082880142857
evo21,460,17,1.979328849736382
evo21,461,17,2.031997287974638
evo21,462,17,1.8267555131631739
evo21,463,17,1.7813856277395697
evo21,464,17,1.6312636005527832
evo21,465,17,1.6747270568328745
evo21,466,17,1.8934744158211876
evo21,467,17,1.5793987424934612
evo21,468,17,1.6970468514105852
evo21,469,17,1.4277758615858414
evo21,470,17,1.5246271534877665
evo21,471,17,1.653806093861075
evo21,472,17,1.6451764089219711
evo21,473,17,1.7304391676888746
evo21,474,17,1.5885467108558207
evo21,475,17,1.4003268164746903
evo21,476,17,1.5367845296859741
evo21,477,17,1.6605311106233036
evo21,478,17,1.9698178137049955
evo21,479,17,1.5608266057337032
evo21,480,17,2.146120870814604
evo21,481,17,2.159894049167633
evo21,482,17,1.669364473398994
evo21,483,17,1.6658367540906458
evo21,484,17,1.9437633691465153
evo21,485,17,1.5832121139940094
evo21,486,17,1.6545582808115904
evo21,487,17,1.8083963315276539
evo21,488,17,1.6332110048216932
evo21,489,17,1.647348578361904
evo21,490,17,1.622678692726528
evo21,491,17,1.600333909778034
evo21,492,17,1.6402196717612885
evo21,493,17,1.7235780971891739
evo21,494,17,1.9526326568687664
evo21,495,17,1.7480641813839184
evo21,496,17,1.5795751564642961
evo21,497,17,1.706303365090314
evo21,498,17,1.470301742939388
evo21,499,17,1.5549719526487238
evo21,500,17,1.8092840243788326
evo21,501,17,1.6484942006714203
evo21,502,17,1.8486407039796604
evo21,503,17,1.6735785708707922
evo21,504,17,1.8245989224489998
evo21,505,17,1.9242366289391237
evo21,506,17,2.0863623899572037
evo21,507,17,1.7417481155956493
evo21,508,17,1.5111920745933758
evo21,509,17,2.054169163984411
evo21,510,17,2.4917950069203094
evo21,511,17,1.5906914823195513
evo21,512,17,1.7026312228511362
evo21,513,17,1.5980694188791162
evo21,514,17,1.831154285108342
evo21,515,17,1.6932697787004358
evo21,516,17,1.6658067326335346
evo21,517,17,1.8342034378472496
evo21,518,17,1.9068725740208345
evo21,519,17,1.5394334964015906
evo21,520,17,1.7351083983393276
evo21,521,17,1.6159788703217226
evo21,522,17,1.8443516010747236
evo21,523,17,1.78762385161484
evo21,524,17,1.635509239838404
evo21,525,17,2.197292012326858
evo21,526,17,1.4647623383823563
evo21,527,17,1.5645443249274702
evo21,528,17,1.636981833507033
evo21,529,17,1.6529231588630116
evo21,530,17,1.5446330657338394
evo21,531,17,2.3181740578044865
evo21,532,17,1.475880645434646
evo21,533,17,2.2545807273948895
evo21,534,17,1.6320327053613521
evo21,535,17,1.9018233723061926
evo21,536,17,1.837789131218896
evo21,537,17,1.6213699276832974
evo21,538,17,1.7463438342161037
evo21,539,17,1.7554982940063757
evo21,540,17,1.447729133946054
evo21,541,17,2.054245850619148
evo21,542,17,1.73590474159402
evo21,543,17,1.6823621541261673
evo21,544,17,1.7268872012329453
evo21,545,17,1.6250338576295797
evo21,546,17,1.506916425026515
evo21,547,17,1.7493744465138983
evo21,548,17,1.6406251758556156
evo21,549,17,1.886654930517954
evo21,550,17,1.6434050070888855
evo21,551,17,1.745280860539745
evo21,552,17,1.4576336907989837
evo21,553,17,1.664214816163568
evo21,554,17,1.6135364827864311
evo21,555,17,1.6632688602103907
evo21,556,17,1.8056929942001314
evo21,557,17,1.645778585006209
evo21,558,17,1.6941784712321617
evo21,559,17,1.900824526872705
evo21,560,17,1.7228625370737385
evo21,561,17,1.8635422894183327
evo21,562,17,1.6690022088587284
evo21,563,17,1.6623492823804127
evo21,564,17,1.599607141359764
evo21,565,17,1.5598332163165598
evo21,566,17,1.5740791285300957
evo21,567,17,1.9031860233448885
evo21,568,17,1.6579579062321608
evo21,569,17,1.8230672382256563
evo21,570,17,1.9582400571774035
evo21,571,17,1.6895474228350555
evo21,572,17,1.6870481861645685
evo21,573,17,1.7324529038194347
evo21,574,17,1.6160307186929619
evo21,575,17,1.8964588031830156
evo21,576,17,1.6485874697785168
evo21,577,17,2.035162565681864
evo21,578,17,1.7791655326590818
evo21,579,17,1.9335661985199242
evo21,580,17,1.8401392497779692
evo21,581,17,1.603667481638053
evo21,582,17,1.4925889133968775
evo21,583,17,1.6068852177875883
evo21,584,17,1.5544946428169222
evo21,585,17,1.6708358361878817
evo21,586,17,1.648244822069126
evo21,587,17,1.5873102920458597
evo21,588,17,1.8112442655598415
evo21,589,17,1.6455094853744787
evo21,590,17,1.586518273634069
evo21,591,17,1.5568736871594893
evo21,592,17,1.6416139203835936
evo21,593,17,1.5488212669596952
evo21,594,17,1.6522887872860712
evo21,595,17,1.6446529944591664
evo21,596,17,1.5146215249072104
evo21,597,17,1.8709985006819754
evo21,598,17,1.5731229782104492
evo21,599,17,1.5615265711265451
evo21,600,17,1.718463316998061
evo21,601,17,1.8978164809591629
evo21,602,17,1.6207276122534977
evo21,603,17,1.6561020586420507
evo21,604,17,1.6173383856520933
evo21,605,17,1.8102629040093983
evo21,606,17,1.586746495874489
evo21,607,17,1.9819166886017603
evo21,608,17,1.7387916802921717
evo21,609,17,1.9191313133958507
evo21,610,17,1.720968341564431
evo21,611,17,1.6395909911131157
evo21,612,17,1.3707230998312725
evo21,613,17,1.650639794766903
evo21,614,17,1.8488038966760916
evo21,615,17,1.6841915935716207
evo21,616,17,1.7683846720439547
evo21,617,17,1.6418220361365992
evo21,618,17,1.9258723784895504
evo21,619,17,1.653496857294265
evo21,620,17,1.8628509099430897
evo21,621,17,1.7601750234470648
evo21,622,17,1.7942079879781778
evo21,623,17,1.8393530109349419
evo21,624,17,1.6477085568887346
evo21,625,17,1.6796024871223114
evo21,626,17,1.5814309155239779
evo21,627,17,1.7088468272019834
evo21,628,17,1.71004629003651
evo21,629,17,1.9914254826657913
evo21,630,17,1.7385860576349146
evo21,631,17,1.5383813065641068
evo21,632,17,1.729083598974873
evo21,633,17,1.500177223016234
evo21,634,17,1.7978982579182177
evo21,635,17,1.8040557854315813
evo21,636,17,1.8355047711554695
evo21,637,17,1.694417745751493
evo21,638,17,2.1290419474244118
evo21,639,17,1.7549689670695978
evo21,640,17,1.5445228714276762
evo21,641,17,1.773633817977765
evo21,642,17,1.601405667469782
evo21,643,17,1.5980360683272867
evo21,644,17,1.728293410557158
evo21,645,17,1.5496487499159926
evo21,646,17,1.5904128796914045
evo21,647,17,1.3458682180327528
evo21,648,17,1.6004398977931809
evo21,649,17,1.568448038662181
evo21,650,17,1.4732630752465303
evo21,651,17,1.6002524964073126
evo21,652,17,1.5951889556120424
evo21,653,17,1.4831270084661596
evo21,654,17,1.2819082412649603
evo21,655,17,1.8046968279077726
evo21,656,17,1.4415341482004698
evo21,657,17,1.6792369592277443
evo21,658,17,1.8151826102505713
evo21,659,17,1.7059073312317623
evo21,660,17,1.8974297094871015
evo21,661,17,1.762458330129876
evo21,662,17,1.5136102330597008
evo21,663,17,1.7395504478584318
evo21,664,17,1.5410582449506312
evo21,665,17,2.0319602399626198
evo21,666,17,1.7301237079150535
evo21,667,17,1.8322097784017815
evo21,668,17,1.5058826041572235
evo21,669,17,1.5974796942489988
evo21,670,17,1.810731455026304
evo21,671,17,1.647047300110845
evo21,672,17,1.8402713188791977
evo21,673,17,1.64054716685239
evo21,674,17,1.5366280361571734
evo21,675,17,1.7491578183629934
evo21,676,17,1.7872378615772022
evo21,677,17,1.6691935141296947
evo21,678,17,1.8993725483031834
evo21,679,17,1.6081970813958084
evo21,680,17,1.890000679256285
evo21,681,17,1.4740993980975712
evo21,682,17,1.5684989482602651
evo21,683,17,1.6899434152771444
evo21,684,17,1.7177063331884497
evo21,685,17,1.6762796316076727
evo21,686,17,1.7928738217143452
evo21,687,17,1.6881744085865862
evo21,688,17,1.4275415552889599
evo21,689,17,1.5184030169073273
evo21,690,17,1.6504216761711765
evo21,691,17,1.4289614571367992
evo21,692,17,1.715360113145674
evo21,693,17,1.5690430599976988
evo21,694,17,1.4378419588593876
evo21,695,17,1.709617953747511
evo21,696,17,1.4580343242953806
evo21,697,17,1.6380185684298767
evo21,698,17,1.5306543059208815
evo21,699,17,1.513937330859549
evo21,700,17,1.5648357508813633
evo21,701,17,1.9558700936682083
evo21,702,17,1.6193482200889027
evo21,703,17,1.6235118729665
evo21,704,17,1.6227391154012258
evo21,705,17,2.1113676148302414
evo21,706,17,1.830709064269767
evo21,707,17,1.783551293260911
evo21,708,17,1.6874868157593643
evo21,709,17,1.9782904241891468
evo21,710,17,1.795764112516361
evo21,711,17,1.9741176007425083
evo21,712,17,1.6172674854888636
evo21,713,17,1.8650983160032946
evo21,714,17,1.8185362068607527
evo21,715,17,1.7599884392145801
evo21,716,17,1.912588329437901
evo21,717,17,1.9558399832423996
evo21,718,17,1.720878781422096
evo21,719,17,1.977769323350752
evo21,720,17,1.6535127410555588
evo21,721,17,1.7004497358027626
evo21,722,17,1.7346623353660107
evo21,723,17,1.7422820507165264
evo21,724,17,1.924509582493235
evo21,725,17,1.8260168319239336
evo21,726,17,1.7381463042076897
evo21,727,17,1.73680261916974
evo21,728,17,1.6141936020816074
evo21,729,17,1.7783869612304604
evo21,730,17,1.6926506030208923
evo21,731,17,1.6385928072473581
evo21,732,17,1.7261786780813162
evo21,733,17,1.8549749936689348
evo21,734,17,1.7309834010460798
evo21,735,17,1.663127980030635
evo21,736,17,1.8168804873438442
evo21,737,17,1.790296212057857
evo21,738,17,1.6593740630675764
evo21,739,17,1.5226952475221718
evo21,740,17,1.8348877326968838
evo21,741,17,1.6645708947497255
evo21,742,17,1.8836365916273172
evo21,743,17,1.763625632314121
evo21,744,17,1.7368040829896927
evo21,745,17,1.6478605244089575
evo21,746,17,1.6293022137354403
evo21,747,17,1.6385632378651815
evo21,748,17,1.713855895706836
evo21,749,17,1.7710037744220566
evo21,750,17,1.6900465727290686
evo21,751,17,1.6996331648791538
evo21,752,17,1.5301955138497494
evo21,753,17,1.7212256504332317
evo21,754,17,1.7447264591122376
evo21,755,17,1.7941783828770412
evo21,756,17,1.6008137348381912
evo21,757,17,1.6698177660651066
evo21,758,17,1.588394221575821
evo21,759,17,1.5599332535091568
evo21,760,17,1.7188440602930153
evo21,761,17,1.8281977275276886
evo21,762,17,1.7418340082992525
evo21,763,17,1.6964035367264467
evo21,764,17,1.5552938878536224
evo21,765,17,2.001261962468133
evo21,766,17,1.4094136591781588
evo21,767,17,1.706330297186094
evo21,768,17,1.8450404274113037
evo21,769,17,1.9040702388567083
evo21,770,17,1.5793350711464882
evo21,771,17,1.687199120355003
evo21,772,17,1.6760255909141373
evo21,773,17,1.661747594090069
evo21,774,17,1.8497820376035046
evo21,775,17,2.1352188251912594
evo21,776,17,2.0225089231834694
evo21,777,17,1.725814660463263
evo21,778,17,1.6599172128035742
evo21,779,17,1.695950224995613
evo21,780,17,1.6783356780514997
evo21,781,17,1.9145240696037518
evo21,782,17,2.057644865968648
evo21,783,17,1.8870490438797896
evo21,784,17,1.8053321159061264
evo21,785,17,1.8635775773402523
evo21,786,17,1.679390101967489
evo21,787,17,1.9891672522267874
evo21,788,17,1.6031977924353935
evo21,789,17,1.7718201809946228
evo21,790,17,1.746285570456701
evo21,791,17,1.4937906554516625
evo21,792,17,1.6532983983702518
evo21,793,17,1.8340744906488586
evo21,794,17,1.7066587459515123
evo21,795,17,1.6466768938390648
evo21,796,17,1.7968267662560238
evo21,797,17,1.748106768464341
evo21,798,17,1.935288990245146
evo21,799,17,1.703439803684459
evo21,800,17,1.8352884325911016
evo21,801,17,1.8517426208538168
evo21,802,17,1.9000036085353178
evo21,803,17,1.8599030173876707
evo21,804,17,1.6722393561812008
evo21,805,17,1.8957517480148989
evo21,806,17,2.06894844419816
evo21,807,17,1.9682349036721623
evo21,808,17,2.212165250497706
evo21,809,17,2.2379946638556087
evo21,810,17,1.895023977055269
evo21,811,17,1.8061856031417847
evo21,812,17,1.9295396664563347
evo21,813,17,1.9836427884943344
evo21,814,17,1.8696916033239925
evo21,815,17,1.6335764422136194
evo21,816,17,1.7712170166127823
evo21,817,17,1.8670298527268803
evo21,818,17,1.5822473045657663
evo21,819,17,1.8044817377539242
evo21,820,17,1.710732712465174
evo21,821,17,1.4555151374901043
evo21,822,17,1.8604515370200663
evo21,823,17,1.5368666797876358
evo21,824,17,1.4527679751901066
evo21,825,17,1.9052025325158064
evo21,826,17,2.1720329803578995
evo21,827,17,1.838954161195194
evo21,828,17,1.5009581341462976
evo21,829,17,1.8799365040133982
evo21,830,17,1.7781442473916447
evo21,831,17,1.6421324032194473
evo21,832,17,2.207190057810615
evo21,833,17,1.8258223147953259
evo21,834,17,1.6708951048991258
evo21,835,17,1.7279868125915527
evo21,836,17,1.7961971970165478
evo21,837,17,1.9307834470973295
evo21,838,17,1.8500076532363892
evo21,839,17,1.8443389920627369
evo21,840,17,1.6302905433318193
evo21,841,17,1.8659835072124706
evo21,842,17,2.167545837514541
evo21,843,17,1.6956993797246147
evo21,844,17,1.6841474455945633
evo21,845,17,1.9576934435788322
evo21,846,17,1.781502176733578
evo21,847,17,1.6325032675967497
evo21,848,16,1.7932469621300697
evo21,849,16,1.7994279824197292
evo21,850,16,1.669911976903677
evo21,851,16,1.7508795969188213
evo21,852,16,1.7466834746301174
evo21,853,16,1.769596153870225
evo21,854,16,1.675519298762083
evo21,855,16,1.911456786096096
evo21,856,16,1.9542512148618698
evo21,857,16,1.8360802978277206
evo21,858,16,1.8415893390774727
evo21,859,16,1.8189003206789494
evo21,860,16,1.8847139328718185
evo21,861,16,1.6837446372956038
evo21,862,16,1.62278525903821
evo21,863,16,1.6569655016064644
evo21,864,16,1.650267455726862
evo21,865,16,1.6320192832499743
evo21,866,16,1.9000263661146164
evo21,867,16,1.6938631162047386
evo21,868,16,1.5946660712361336
evo21,869,16,1.760040283203125
evo21,870,16,2.0930110178887844
evo21,871,16,1.7703046835958958
evo21,872,16,2.1233744844794273
evo21,873,16,1.7869178727269173
evo21,874,16,1.8364824131131172
evo21,875,16,1.901511125266552
evo21,876,16,1.6488147228956223
evo21,877,16,2.0878377705812454
evo21,878,16,2.059171661734581
evo21,879,16,1.6661564521491528
evo21,880,16,1.9471069499850273
evo21,881,16,1.8382659330964088
evo21,882,16,1.7778336741030216
evo21,883,16,1.8032086417078972
evo21,884,16,1.9913674611598253
evo21,885,16,1.6355985160917044
evo21,886,16,2.0655904412269592
evo21,887,16,1.904527086764574
evo21,888,16,2.001630313694477
evo21,889,16,1.6920003555715084
evo21,890,16,1.8291439674794674
evo21,891,16,1.6884645149111748
evo21,892,16,1.9402831308543682
evo21,893,16,1.7912775874137878
evo21,894,16,1.9050357528030872
evo21,895,16,1.9728568121790886
evo21,896,16,1.885017029941082
evo21,897,16,1.9004982635378838
evo21,898,16,1.7332820780575275
evo21,899,16,1.9884122535586357
evo21,900,16,1.738025464117527
evo21,901,16,1.955464318394661
evo21,902,16,2.0013207495212555
evo21,903,16,1.8265201225876808
evo21,904,16,1.8099311087280512
evo21,905,16,1.8708060793578625
evo21,906,16,1.9090612642467022
evo21,907,16,2.0354182720184326
evo21,908,16,1.947945300489664
evo21,909,16,1.9289374388754368
evo21,910,16,1.8301242217421532
evo21,911,16,1.8461311273276806
evo21,912,16,1.6747549716383219
evo21,913,16,1.6917600128799677
evo21,914,16,2.0963284522295
evo21,915,16,1.9082429967820644
evo21,916,16,1.8686732575297356
evo21,917,16,1.7053721137344837
evo21,918,16,1.7718239556998014
evo21,919,16,1.7432630397379398
evo21,920,16,1.8710655625909567
evo21,921,16,1.7310362085700035
evo21,922,16,1.7687515243887901
evo21,923,16,1.8374329954385757
evo21,924,16,1.7380114272236824
evo21,925,16,2.104453392326832
evo21,926,16,1.7811086997389793
evo21,927,16,2.0122318156063557
evo21,928,16,1.7507244274020195
evo21,929,16,1.6997494343668222
evo21,930,16,1.7051091380417347
evo21,931,16,2.1218786016106606
evo21,932,16,1.791205644607544
evo21,933,16,1.7537945806980133
evo21,934,16,1.7996536046266556
evo21,935,16,2.0994042307138443
evo21,936,16,1.757428701967001
evo21,937,16,1.72150170058012
evo21,938,16,1.7133047506213188
evo21,939,16,1.7034870935603976
evo21,940,16,1.9187867641448975
evo21,941,16,1.8117060214281082
evo21,942,16,1.8290546424686909
evo21,943,16,1.921885997056961
evo21,944,16,1.7717372626066208
evo21,945,16,1.881824815645814
evo21,946,16,1.8910871855914593
evo21,947,16,1.791313886642456
evo21,948,16,1.9484430737793446
evo21,949,16,1.6554371062666178
evo21,950,16,1.8161027543246746
evo21,951,16,1.8443185072392225
evo21,952,16,1.9279918670654297
evo21,953,16,1.7294976143166423
evo21,954,16,1.7063811887055635
evo21,955,16,2.0557369738817215
evo21,956,16,2.04834745824337
evo21,957,16,1.8621672131121159
evo21,958,16,1.6680518798530102
evo21,959,16,1.985187605023384
evo21,960,16,2.0062959045171738
evo21,961,16,2.1028648167848587
evo21,962,16,2.0413223430514336
evo21,963,16,2.0356996804475784
evo21,964,16,1.9776064828038216
evo21,965,16,1.9611413478851318
evo21,966,16,1.9643262103199959
evo21,967,16,1.8392932899296284
evo21,968,16,1.8730234429240227
evo21,969,16,1.7996029555797577
evo21,970,16,1.8708644807338715
evo21,971,16,1.8387659415602684
evo21,972,16,1.8957631587982178
evo21,973,16,1.7679220214486122
evo21,974,16,2.2171888425946236
evo21,975,16,1.721158441156149
evo21,976,16,1.8595877345651388
evo21,977,16,1.814310122281313
evo21,978,16,1.7659502569586039
evo21,979,16,2.0595627650618553
evo21,980,16,1.7124100420624018
evo21,981,16,1.8375682327896357
evo21,982,16,1.9704734329134226
evo21,983,16,1.757106757722795
evo21,984,16,1.820049213245511
evo21,985,16,1.7342958021908998
evo21,986,16,1.8936524717137218
evo21,987,16,2.066112130880356
evo21,988,16,1.8924402631819248
evo21,989,16,1.7593170627951622
evo21,990,16,1.81422920525074
evo21,991,16,1.8726425925269723
evo21,992,16,1.9092697724699974
evo21,993,16,2.0609193295240402
evo21,994,16,1.9314364846795797
evo21,995,16,1.709016501903534
evo21,996,16,1.9256848795339465
evo21,997,16,1.6717549171298742
evo21,998,16,1.748385976999998
evo21,999,16,1.7633867096155882
evo21,1000,16,1.6946311369538307
evo21,1001,16,1.6233855057507753
evo21,1002,16,1.8687375215813518
evo21,1003,16,1.8292661113664508
evo21,1004,16,1.9080193312838674
evo21,1005,16,1.6868337076157331
evo21,1006,16,1.7818298488855362
evo21,1007,16,1.8929141238331795
evo21,1008,16,1.6532470379024744
evo21,1009,16,1.6764018163084984
evo21,1010,16,2.0359261110424995
evo21,1011,16,1.8027976714074612
evo21,1012,16,1.8670565895736217
evo21,1013,16,1.6945706978440285
evo21,1014,16,1.5017501693218946
evo21,1015,16,1.708271063864231
evo21,1016,16,1.9233170505613089
evo21,1017,16,1.7101651839911938
evo21,1018,16,1.4776996355503798
evo21,1019,16,1.8528916649520397
evo21,1020,16,1.7655920442193747
evo21,1021,16,1.775294940918684
evo21,1022,16,1.759638549759984
evo21,1023,16,1.7633097730576992
evo21,1024,16,1.6389395417645574
evo21,1025,16,2.0177482832223177
evo21,1026,16,1.7554614413529634
evo21,1027,16,1.6379809025675058
evo21,1028,16,2.03803314268589
evo21,1029,16,1.329435819759965
evo21,1030,16,1.956593094393611
evo21,1031,16,1.621795291081071
evo21,1032,16,1.8209246136248112
evo21,1033,16,1.704310154542327
evo21,1034,16,1.690278548747301
evo21,1035,16,1.5175883658230305
evo21,1036,16,1.538853877224028
evo21,1037,16,1.493101142346859
evo21,1038,16,1.689210888929665
evo21,1039,16,1.4842144269496202
evo21,1040,16,1.7957464875653386
evo21,1041,16,1.778572153300047
evo21,1042,16,1.9694087952375412
evo21,1043,16,1.715034157037735
evo21,1044,16,1.880772041156888
evo21,1045,16,1.9922247417271137
evo21,1046,16,1.7536842226982117
evo21,1047,16,1.8892208086326718
evo21,1048,16,2.0465863421559334
evo21,1049,16,1.871401596814394
evo21,1050,16,1.8328147744759917
evo21,1051,16,1.8841927330940962
evo21,1052,16,1.735455839894712
evo21,1053,16,1.714393511414528
evo21,1054,16,1.78396181948483
evo21,1055,16,1.9466235227882862
evo21,1056,16,1.8306940458714962
evo21,1057,16,1.6071723327040672
evo21,1058,16,1.8389210347086191
evo21,1059,16,1.6761935167014599
evo21,1060,16,2.383668664842844
evo21,1061,16,1.9392812252044678
evo21,1062,16,1.6201501404866576
evo21,1063,16,1.6517567783594131
evo21,1064,16,1.6974861174821854
evo21,1065,16,1.658454105257988
evo21,1066,16,1.6669503059238195
evo21,1067,16,1.7770950999110937
evo21,1068,16,1.7260480606928468
evo21,1069,16,1.8219986893236637
evo21,1070,16,1.9105039928108454
evo21,1071,16,1.7844240292906761
evo21,1072,16,1.9519530087709427
evo21,1073,16,1.6617015525698662
evo21,1074,16,1.5037122778594494
evo21,1075,16,1.66451396048069
evo21,1076,16,1.9279482821002603
evo21,1077,16,1.8184547824785113
evo21,1078,16,1.6345114959403872
evo21,1079,16,1.9909774446859956
evo21,1080,16,1.8296958608552814
evo21,1081,16,1.5825467240065336
evo21,1082,16,1.9089290909469128
evo21,1083,16,1.7160142408683896
evo21,1084,16,1.6715179374441504
evo21,1085,16,1.6045555332675576
evo21,1086,16,1.899860691279173
evo21,1087,16,1.6588626205921173
evo21,1088,16,1.877045157365501
evo21,1089,16,1.5573969604447484
evo21,1090,16,1.5345909437164664
evo21,1091,16,1.7256361641921103
evo21,1092,16,1.6249351324513555
evo21,1093,16,1.715682515874505
evo21,1094,16,1.661453383974731
evo21,1095,16,1.5934617556631565
evo21,1096,16,1.586715922690928
evo21,1097,16,1.6300183832645416
evo21,1098,16,1.7531672893092036
evo21,1099,16,1.6216518352739513
evo21,1100,16,1.8534476170316339
evo21,1101,16,1.5812980304472148
evo21,1102,16,1.6086720312014222
evo21,1103,16,1.6115154130384326
evo21,1104,16,1.8348291050642729
evo21,1105,16,2.005127413198352
evo21,1106,16,1.9712054338306189
evo21,1107,16,1.8399801142513752
evo21,1108,16,1.5094038778916001
evo21,1109,16,1.7296408079564571
evo21,1110,16,2.064248876646161
evo21,1111,16,1.7555535109713674
evo21,1112,16,1.7059740014374256
evo21,1113,16,1.495939277112484
evo21,1114,16,2.058115378022194
evo21,1115,16,1.6079880353063345
evo21,1116,16,1.6289307791739702
evo21,1117,16,2.0593494288623333
evo21,1118,16,1.6458307206630707
evo21,1119,16,1.7399874683469534
evo21,1120,16,1.845032013952732
evo21,1121,16,1.6307135131210089
evo21,1122,16,1.560335992835462
evo21,1123,16,1.6181461811065674
evo21,1124,16,1.744034276343882
evo21,1125,16,1.6834358368068933
evo21,1126,16,1.624166989699006
evo21,1127,16,1.7124922964721918
evo21,1128,16,1.8380868285894394
evo21,1129,16,1.644525969401002
evo21,1130,16,1.7284063007682562
evo21,1131,16,1.8149329209700227
evo21,1132,16,1.9010606659576297
evo21,1133,16,1.8336070654913783
evo21,1134,16,1.5261667631566525
evo21,1135,16,1.5551009634509683
evo21,1136,16,1.7098434627987444
evo21,1137,16,1.5374162504449487
evo21,1138,16,1.5944850742816925
evo21,1139,16,1.9074146910570562
evo21,1140,16,1.8716888995841146
evo21,1141,16,1.6093606380745769
evo21,1142,16,1.5502056200057268
evo21,1143,16,1.5962376156821847
evo21,1144,16,1.6835356270894408
evo21,1145,16,1.662502876482904
evo21,1146,16,2.0601916229352355
evo21,1147,16,1.4142200406640768
evo21,1148,16,1.5701388102024794
evo21,1149,16,1.387534554116428
evo21,1150,16,1.8115820344537497
evo21,1151,16,1.7855688789859414
evo21,1152,16,1.9086087169125676
evo21,1153,16,1.6083851838484406
evo21,1154,16,1.8753675855696201
evo21,1155,16,1.4590531354770064
evo21,1156,16,1.4229080462828279
evo21,1157,16,1.537777939811349
evo21,1158,16,1.632642662152648
evo21,1159,16,1.3692782018333673
evo21,1160,16,1.5386082828044891
evo21,1161,16,2.1720783449709415
evo21,1162,16,1.459105309098959
evo21,1163,16,1.9623826835304499
evo21,1164,16,1.7086236998438835
evo21,1165,16,1.543293822556734
evo21,1166,16,2.0825312472879887
evo21,1167,16,1.9865545630455017
evo21,1168,16,1.98114800080657
evo21,1169,16,1.9107104241847992
evo21,1170,16,2.3002641573548317
evo21,1171,16,1.8857352882623672
evo21,1172,16,1.9796422496438026
evo21,1173,16,1.827920164912939
evo21,1174,16,1.8668873086571693
evo21,1175,16,1.8627525195479393
evo21,1176,16,1.5497371144592762
evo21,1177,16,1.951998233795166
evo21,1178,16,1.6236331388354301
evo21,1179,16,2.0197723731398582
evo21,1180,16,1.9450326189398766
evo21,1181,16,2.0163338258862495
evo21,1182,16,1.847364131361246
evo21,1183,16,2.1539233922958374
evo21,1184,16,1.9158521816134453
evo21,1185,16,2.143369644880295
evo21,1186,16,1.7816989049315453
evo21,1187,16,1.9493698999285698
evo21,1188,16,1.8953868933022022
evo21,1189,16,1.9756225869059563
evo21,1190,16,1.9747264850884676
evo21,1191,16,1.8351643672212958
evo21,1192,16,1.6262035425752401
evo21,1193,16,1.8500627018511295
evo21,1194,16,1.6978771090507507
evo21,1195,16,1.9465361088514328
evo21,1196,16,1.857738433405757
evo21,1197,16,1.8080127332359552
evo21,1198,16,1.7683099783025682
evo21,1199,16,1.6669548358768225
evo21,1200,16,1.757115663960576
evo21,1201,16,1.762935347855091
evo21,1202,16,1.9597934484481812
evo21,1203,16,1.7487914636731148
evo21,1204,16,1.7593454979360104
evo21,1205,16,1.7723278924822807
evo21,1206,16,1.8573637176305056
evo21,1207,16,1.9960579462349415
evo21,1208,16,1.6818479988723993
evo21,1209,16,1.567523730918765
evo21,1210,16,1.7252067970111966
evo21,1211,16,1.9663398079574108
evo21,1212,16,1.7455218518152833
evo21,1213,16,1.8568153716623783
evo21,1214,16,1.863801444415003
evo21,1215,16,1.8495827056467533
evo21,1216,16,1.6097929868847132
evo21,1217,16,1.9176255920901895
evo21,1218,16,1.7190297208726406
evo21,1219,16,1.8770087426528335
evo21,1220,16,1.5947584165260196
evo21,1221,16,1.8029489889740944
evo21,1222,16,1.7380475606769323
evo21,1223,16,1.7243211716413498
evo21,1224,16,1.6669713044539094
evo21,1225,16,1.6555535681545734
evo21,1226,16,1.8338200859725475
evo21,1227,16,1.474869784899056
evo21,1228,16,1.9513318706303835
evo21,1229,16,1.612468432635069
evo21,1230,16,1.625606304500252
evo21,1231,16,1.6053172210231423
evo21,1232,16,1.8031822238117456
evo21,1233,16,1.8576801074668765
evo21,1234,16,1.7261007269844413
evo21,1235,16,1.8119035577401519
evo21,1236,16,1.654512138105929
evo21,1237,16,1.643948474433273
evo21,1238,16,1.6584466737695038
evo21,1239,16,1.7841442208737135
evo21,1240,16,1.8408316723071039
evo21,1241,16,1.857814872637391
evo21,1242,16,2.0992116779088974
evo21,1243,16,1.8935377020388842
evo21,1244,16,1.7014437476173043
evo21,1245,16,1.7478575436398387
evo21,1246,16,1.9746561497449875
evo21,1247,16,2.1939116939902306
evo21,1248,16,1.9016860127449036
evo21,1249,16,1.6128448843955994
evo21,1250,16,1.9921174384653568
evo21,1251,16,1.6304632425308228
evo21,1252,16,1.6715162508189678
evo21,1253,16,1.7563439197838306
evo21,1254,16,2.039559538476169
evo21,1255,16,1.6612410871312022
evo21,1256,16,1.717441501095891
evo21,1257,16,1.58697102451697
evo21,1258,16,1.6551121287047863
evo21,1259,16,1.838383261114359
evo21,1260,16,1.9876570478081703
evo21,1261,16,1.6027230005711317
evo21,1262,16,1.8451731652021408
evo21,1263,16,1.7975420886650681
evo21,1264,16,1.7850912064313889
evo21,1265,16,2.025558764114976
evo21,1266,16,1.5631442507728934
evo21,1267,16,1.8863322148099542
evo21,1268,16,2.050567622296512
evo21,1269,16,1.7430017553269863
evo21,1270,16,1.7023918628692627
evo21,1271,16,2.031215671915561
evo21,1272,16,1.793312574736774
evo21,1273,16,1.8002610276453197
evo21,1274,16,1.6030139233916998
evo21,1275,16,1.7966391439549625
evo21,1276,16,1.7814542353153229
evo21,1277,16,1.7672910057008266
evo21,1278,16,1.7580350800417364
evo21,1279,16,1.7551690936088562
evo21,1280,16,2.161257855594158
evo21,1281,16,1.8956340476870537
evo21,1282,16,1.829870529472828
evo21,1283,16,1.7669903859496117
evo21,1284,16,1.7276890194043517
evo21,1285,16,1.7806987692601979
evo21,1286,16,1.7915750625543296
evo21,1287,16,1.6724969763308764
evo21,1288,16,1.9620036110281944
evo21,1289,16,1.9055934716016054
evo21,1290,16,1.6605547666549683
evo21,1291,16,1.8216480240225792
evo21,1292,16,1.7340527893975377
evo21,1293,16,1.6087508825585246
evo21,1294,16,1.7306920820847154
evo21,1295,16,1.8087661643512547
evo21,1296,16,1.7952606258913875
evo21,1297,16,1.7000072207301855
evo21,1298,16,1.643011917360127
evo21,1299,16,1.6214079279452562
evo21,1300,16,1.7226814292371273
evo21,1301,16,1.5951880952343345
evo21,1302,16,1.661265344824642
evo21,1303,16,1.5113323419354856
evo21,1304,16,1.6400949405506253
evo21,1305,16,1.6034536445513368
evo21,1306,16,1.85752441175282
evo21,1307,16,2.3318773061037064
evo21,1308,16,1.5352030470967293
evo21,1309,16,1.8111607441678643
evo21,1310,16,1.4883976420387626
evo21,1311,16,1.8297033463604748
evo21,1312,16,1.7087186453863978
evo21,1313,16,1.9086466487497091
evo21,1314,16,1.7937467144802213
evo21,1315,16,1.9383117901161313
evo21,1316,16,1.8218705700710416
evo21,1317,16,1.6659595454111695
evo21,1318,16,1.8509561605751514
evo21,1319,16,1.8133014207705855
evo21,1320,16,1.9074969375506043
evo21,1321,16,1.777396036311984
evo21,1322,16,1.841610787436366
evo21,1323,16,2.0714967623353004
evo21,1324,16,1.7914059814065695
evo21,1325,16,1.8882531309500337
evo21,1326,16,1.692449470050633
evo21,1327,16,1.7735585700720549
evo21,1328,16,1.8681072629988194
evo21,1329,16,1.8338520899415016
evo21,1330,16,1.7111071487888694
evo21,1331,16,1.8607029519043863
evo21,1332,16,1.8879420282319188
evo21,1333,16,2.0077825412154198
evo21,1334,16,1.7141842851415277
evo21,1335,16,1.7478733723983169
evo21,1336,16,1.6614875011146069
evo21,1337,16,1.8494461504742503
evo21,1338,16,1.9393514320254326
evo21,1339,16,1.9830618426203728
evo21,1340,16,1.6859645117074251
evo21,1341,16,1.6357555729337037
evo21,1342,16,1.9004747569561005
evo21,1343,16,1.6923843175172806
evo21,1344,16,1.9565848018974066
evo21,1345,16,1.9528741859830916
evo21,1346,16,1.7318708673119545
evo21,1347,16,1.825148486532271
evo21,1348,16,2.2149092834442854
evo21,1349,16,1.716228323057294
evo21,1350,16,1.7134241559542716
evo21,1351,16,1.6889006467536092
evo21,1352,16,2.0055083483457565
evo21,1353,16,2.139867477118969
evo21,1354,16,1.8920408859848976
evo21,1355,16,1.8937510251998901
evo21,1356,16,1.560455942992121
evo21,1357,16,1.8636374068446457
evo21,1358,16,1.686153850518167
evo21,1359,16,2.352716065943241
evo21,1360,16,1.913717821240425
evo21,1361,16,1.8740446455776691
evo21,1362,16,1.694737322628498
evo21,1363,16,1.8374480735510588
evo21,1364,16,2.0491842553019524
evo21,1365,16,1.7594797480851412
evo21,1366,16,1.793209046125412
evo21,1367,16,1.7501053963787854
evo21,1368,16,1.905336263589561
evo21,1369,16,1.6901170890778303
evo21,1370,16,1.8363691037520766
evo21,1371,16,1.7702126866206527
evo21,1372,16,1.802767244167626
evo21,1373,16,1.6847441960126162
evo21,1374,16,1.7978113102726638
evo21,1375,16,1.8423222033306956
evo21,1376,16,1.8413926474750042
evo21,1377,16,1.6830969881266356
evo21,1378,16,1.7333894781768322
evo21,1379,16,1.9188802018761635
evo21,1380,16,1.6674991743639112
evo21,1381,16,1.8639606703072786
evo21,1382,16,1.6214832090772688
evo21,1383,16,1.886456842534244
evo21,1384,16,2.026127304881811
evo21,1385,16,1.731437680311501
evo21,1386,16,1.8414991237223148
evo21,1387,16,1.7571086762472987
evo21,1388,16,1.707308817654848
evo21,1389,16,1.5796057898551226
evo21,1390,16,1.6199738904833794
evo21,1391,16,1.8350834986194968
evo21,1392,16,1.7293668310157955
evo21,1393,16,1.7877166653051972
evo21,1394,16,1.9270231761038303
evo21,1395,16,1.708666555583477
evo21,1396,16,1.7037510024383664
evo21,1397,16,1.7422567596659064
evo21,1398,16,1.6521628266200423
evo21,1399,16,1.8167229471728206
evo21,1400,16,1.7352703250944614
evo21,1401,16,1.742467349395156
evo21,1402,16,1.8427042588591576
evo21,1403,16,1.696245487779379
evo21,1404,16,1.8138757515698671
evo21,1405,16,1.8582245903089643
evo21,1406,16,1.820889021269977
evo21,1407,16,1.7415302307344973
evo21,1408,16,1.7297758543863893
evo21,1409,16,1.6091743973083794
evo21,1410,16,1.7656892067752779
evo21,1411,16,1.8462018948048353
evo21,1412,16,1.6231746403500438
evo21,1413,16,1.7474300302565098
evo21,1414,16,1.94523548707366
evo21,1415,16,1.7208837680518627
evo21,1416,16,1.8040399020537734
evo21,1417,16,1.6044446164742112
evo21,1418,16,1.9661200125701725
evo21,1419,16,1.62451546266675
evo21,1420,16,1.599344164133072
evo21,1421,16,1.730183602310717
evo21,1422,16,1.628360228613019
evo21,1423,16,1.991973476484418
evo21,1424,16,1.760734897106886
evo21,1425,16,1.7682521548122168
evo21,1426,16,1.6088486136868596
evo21,1427,16,1.6920952822547406
evo21,1428,16,1.884059059433639
evo21,1429,16,1.739281540736556
evo21,1430,16,1.600333595648408
evo21,1431,16,1.9076880956999958
evo21,1432,16,1.9295688048005104
evo21,1433,16,1.6384859783574939
evo21,1434,16,1.8843783335760236
evo21,1435,16,1.784251173492521
evo21,1436,16,1.8133387663401663
evo21,1437,16,1.7602744279429317
evo21,1438,16,1.6509710499085486
evo21,1439,16,1.7629506783559918
evo21,1440,16,1.7055083950981498
evo21,1441,16,1.8783928295597434
evo21,1442,16,1.6885724598541856
evo21,1443,16,1.8274287465028465
evo21,1444,16,1.9932889491319656
evo21,1445,16,1.7897639870643616
evo21,1446,16,1.6392130395397544
evo21,1447,16,1.882070554420352
evo21,1448,16,1.6232038894668221
evo21,1449,16,1.7830738248303533
evo21,1450,16,1.8432305743917823
evo21,1451,16,1.8582617393694818
evo21,1452,16,1.7695995420217514
evo21,1453,16,1.6905610794201493
evo21,1454,16,1.7829722044989467
evo21,1455,16,1.8386191306635737
evo21,1456,16,1.8038246361538768
evo21,1457,16,1.6222842633724213
evo21,1458,16,1.7117253821343184
evo21,1459,16,1.7567836195230484
evo21,1460,16,1.875973580405116
evo21,1461,16,1.708729287609458
evo21,1462,16,1.8104261858388782
evo21,1463,16,1.4016714645549655
evo21,1464,16,1.7330825813114643
evo21,1465,16,2.0520184095948935
evo21,1466,16,1.7410196233540773
evo21,1467,16,1.9768252242356539
evo21,1468,16,1.8257347354665399
evo21,1469,16,1.6840369352139533
evo21,1470,16,1.7191898887977004
evo21,1471,16,1.7171311657875776
evo21,1472,16,1.8805880136787891
evo21,1473,16,2.020042337477207
evo21,1474,16,1.8011400289833546
evo21,1475,16,1.6447595320641994
evo21,1476,16,1.7647830974310637
evo21,1477,16,2.253916159272194
evo21,1478,16,1.9040608815848827
evo21,1479,16,1.5915408479049802
evo21,1480,16,1.7631589593365788
evo21,1481,16,1.8899738974869251
evo21,1482,16,1.8641187399625778
evo21,1483,16,1.9884333852678537
evo21,1484,16,1.8376077227294445
evo21,1485,16,1.6410149550065398
evo21,1486,16,1.743865336989984
evo21,1487,16,1.5257869441993535
evo21,1488,16,1.653965612873435
evo21,1489,16,1.610208535566926
evo21,1490,16,1.5964610613882542
evo21,1491,16,1.7545241890475154
evo21,1492,16,1.7324889851734042
evo21,1493,16,1.8168792352080345
evo21,1494,16,1.7780081164091825
evo21,1495,16,2.119838133454323
evo21,1496,16,1.7525802850723267
evo21,1497,16,1.6217747293412685
evo21,1498,16,1.8227682188153267
evo21,1499,16,1.8364439494907856
evo21,1500,16,2.0216545797884464
evo21,1501,16,1.8591795526444912
evo21,1502,16,1.7284190021455288
evo21,1503,16,1.7620285637676716
evo21,1504,16,1.8669132068753242
evo21,1505,16,1.947849564254284
evo21,1506,16,1.8860663659870625
evo21,1507,16,1.9040970206260681
evo21,1508,16,1.7603215835988522
evo21,1509,16,2.223367787897587
evo21,1510,16,1.8665715008974075
evo21,1511,16,2.1638277396559715
evo21,1512,16,1.965736746788025
evo21,1513,16,1.809475515037775
evo21,1514,16,1.7433844469487667
evo21,1515,16,1.9980169162154198
evo21,1516,16,1.9188598990440369
evo21,1517,16,1.8332051411271095
evo21,1518,16,2.0167712047696114
evo21,1519,16,1.96578861027956
evo21,1520,16,1.8114764988422394
evo21,1521,16,1.881663128733635
evo21,1522,16,1.7888107672333717
evo21,1523,16,1.9503317475318909
evo21,1524,16,1.9461504966020584
evo21,1525,16,2.036151260137558
evo21,1526,16,1.6885161325335503
evo21,1527,16,1.8841521739959717
evo21,1528,16,2.051153615117073
evo21,1529,16,2.0377684831619263
evo21,1530,16,1.7478560283780098
evo21,1531,16,2.0803715214133263
evo21,1532,16,1.682641550898552
evo21,1533,16,1.9457440301775932
evo21,1534,16,1.9921184852719307
evo21,1535,16,1.7446067780256271
evo21,1536,16,1.6378420777618885
evo21,1537,16,1.8302772119641304
evo21,1538,16,1.6334100496023893
evo21,1539,16,1.8485218975692987
evo21,1540,16,1.7981317844241858
evo21,1541,16,1.6280801426619291
evo21,1542,16,1.7384948432445526
evo21,1543,16,1.8438822459429502
evo21,1544,16,1.742225656285882
evo21,1545,16,1.8788954187184572
evo21,1546,16,2.0421090368181467
evo21,1547,16,1.8821045896038413
evo21,1548,16,1.7030909191817045
evo21,1549,16,1.686129666864872
evo21,1550,16,1.7390139922499657
evo21,1551,16,2.059217695146799
evo21,1552,16,1.7623331099748611
evo21,1553,16,1.6029310151934624
evo21,1554,16,1.775031492114067
evo21,1555,16,1.9533602595329285
evo21,1556,16,2.00886045768857
evo21,1557,16,1.8083318248391151
evo21,1558,16,2.007406886667013
evo21,1559,16,2.029789946973324
evo21,1560,16,1.8430070206522942
evo21,1561,16,1.8397306259721518
evo21,1562,16,1.8534540086984634
evo21,1563,16,1.6921330336481333
evo21,1564,16,1.7827810905873775
evo21,1565,16,1.9343712199479342
evo21,1566,16,1.971813715994358
evo21,1567,16,1.8517086133360863
evo21,1568,16,1.9192400239408016
evo21,1569,16,1.7192334830760956
evo21,1570,16,1.9666123371571302
evo21,1571,16,1.9123749919235706
evo21,1572,16,2.0254261745139956
evo21,1573,16,1.7595128072425723
evo21,1574,16,1.6804715115576982
evo21,1575,16,1.7860334478318691
evo21,1576,16,1.6551435384899378
evo21,1577,16,1.7964320965111256
evo21,1578,16,1.8689049175009131
evo21,1579,16,1.7307721646502614
evo21,1580,16,1.8189466930925846
evo21,1581,16,1.562533501535654
evo21,1582,16,1.699623852968216
evo21,1583,16,1.9814393352717161
evo21,1584,16,1.8851035088300705
evo21,1585,16,1.9220846556127071
evo21,1586,16,1.8979024179279804
evo21,1587,16,1.730981657281518
evo21,1588,16,1.6172716366127133
evo21,1589,16,1.6143451342359185
evo21,1590,16,1.878483759239316
evo21,1591,16,1.887134201824665
evo21,1592,16,1.7790783382952213
evo21,1593,16,1.9340288219973445
evo21,1594,16,1.698717139661312
evo21,1595,16,1.8043597750365734
evo21,1596,16,1.7723969724029303
evo21,1597,16,1.660095302388072
evo21,1598,16,1.6733922008424997
evo21,1599,16,1.585391559638083
evo21,1600,16,1.50975579675287
evo21,1601,16,1.9555016905069351
evo21,1602,16,1.7560942647978663
evo21,1603,16,1.7917195409536362
evo21,1604,16,1.8627872075885534
evo21,1605,16,1.6736909821629524
evo21,1606,16,1.7351019410416484
evo21,1607,16,1.7514759935438633
evo21,1608,16,1.6940102707594633
evo21,1609,16,1.9548028521239758
evo21,1610,16,1.786086375825107
evo21,1611,16,2.1262626610696316
evo21,1612,16,2.0827334141358733
evo21,1613,16,1.5513685531914234
evo21,1614,16,1.5771671012043953
evo21,1615,16,1.6786394342780113
evo21,1616,16,2.1513800621032715
evo21,1617,16,1.7519864737987518
evo21,1618,16,1.6136099230498075
evo21,1619,16,2.09558068215847
evo21,1620,16,1.7115338128060102
evo21,1621,16,1.6220739502459764
evo21,1622,16,1.6736278925091028
evo21,1623,16,1.6659261230379343
evo21,1624,16,1.627562541514635
evo21,1625,16,1.8013612870126963
evo21,1626,16,1.7893093954771757
evo21,1627,16,1.685544022358954
evo21,1628,16,1.5840409798547626
evo21,1629,16,1.957512685097754
evo21,1630,16,1.7753212936222553
evo21,1631,16,1.9122270159423351
evo21,1632,16,1.656127323396504
evo21,1633,16,1.9456649255007505
evo21,1634,16,1.7288197074085474
evo21,1635,16,1.6978201251477003
evo21,1636,16,1.6271249260753393
evo21,1637,16,1.688462606165558
evo21,1638,16,1.5672397436574101
evo21,1639,16,1.686791087500751
evo21,1640,16,1.8356252815574408
evo21,1641,16,1.7431325428187847
evo21,1642,16,1.7184686232358217
evo21,1643,16,1.9808338824659586
evo21,1644,16,2.2642874279990792
evo21,1645,16,1.679499015212059
evo21,1646,16,1.9970360323786736
evo21,1647,16,1.5999489426612854
evo21,1648,16,1.8045489825308323
evo21,1649,16,1.9600023832172155
evo21,1650,16,1.6336479429155588
evo21,1651,16,1.762626400217414
evo21,1652,16,1.6511939857155085
evo21,1653,16,2.0520884301513433
evo21,1654,16,1.6807770291343331
evo21,1655,16,1.6435215044766665
evo21,1656,16,1.6197425266727805
evo21,1657,16,1.8518059263005853
evo21,1658,16,1.8198493029922247
evo21,1659,16,1.6611128579825163
evo21,1660,16,1.8807655526325107
evo21,1661,16,2.085339004173875
evo21,1662,16,1.8032492827624083
evo21,1663,16,1.7928029764443636
evo21,1664,16,1.8868021667003632
evo21,1665,16,1.8557185623794794
evo21,1666,16,1.472256824374199
evo21,1667,16,1.7837925553321838
evo21,1668,16,1.828470204025507
evo21,1669,16,1.6763640753924847
evo21,1670,16,1.6702961158007383
evo21,1671,16,1.8856605514883995
evo21,1672,16,1.7377924770116806
evo21,1673,16,1.9363770447671413
evo21,1674,16,1.6799943409860134
evo21,1675,16,1.6961931269615889
evo21,1676,16,1.878038470633328
evo21,1677,16,1.7614923361688852
evo21,1678,16,1.996148438192904
evo21,1679,16,1.8223550794646144
evo21,1680,16,1.468539266847074
evo21,1681,16,1.863494509831071
evo21,1682,16,2.1259617879986763
evo21,1683,16,1.7551220413297415
evo21,1684,16,1.5668085161596537
evo21,1685,16,1.7426058650016785
evo21,1686,16,1.8256529248319566
evo21,1687,16,2.0008996753022075
evo21,1688,16,1.717212119139731
evo21,1689,16,1.5948328571394086
evo21,1690,16,1.4814462130889297
evo21,1691,16,2.0044067492708564
evo21,1692,16,1.6988850887864828
evo21,1693,16,1.4725520852953196
evo21,1694,16,1.6594534162431955
evo21,1695,16,1.7262980369850993
evo21,1696,16,1.8695326028391719
evo21,1697,16,1.9003974385559559
evo21,1698,16,1.871446467936039
evo21,1699,16,1.6103681083768606
evo21,1700,16,1.5876412075012922
evo21,1701,16,1.6734220460057259
evo21,1702,16,1.6199696324765682
evo21,1703,16,2.062551994808018
evo21,1704,16,1.824623977765441
evo21,1705,16,1.7100771944969893
evo21,1706,16,1.7327244877815247
evo21,1707,16,1.6624041004106402
evo21,1708,16,1.8338598143309355
evo21,1709,16,1.4853793187066913
evo21,1710,16,2.0176918637007475
evo21,1711,16,1.688169002532959
evo21,1712,16,1.815551731735468
evo21,1713,16,2.0865023704245687
evo21,1714,16,1.9017966901883483
evo21,1715,16,1.6859171083196998
evo21,1716,16,1.8161367988213897
evo21,1717,16,1.8543087039142847
evo21,1718,16,1.7926291227340698
evo21,1719,16,1.5518423989415169
evo21,1720,16,1.6765575911849737
evo21,1721,16,1.8879866879433393
evo21,1722,16,1.8776391204446554
evo21,1723,16,1.613916396163404
evo21,1724,16,1.9255988914519548
evo21,1725,16,1.6531543349847198
evo21,1726,16,1.9134524837136269
evo21,1727,16,1.7543560601770878
evo21,1728,16,2.0427622385323048
evo21,1729,16,1.56889808177948
evo21,1730,16,1.7105970587581396
evo21,1731,16,1.8235641596838832
evo21,1732,16,1.8700621128082275
evo21,1733,16,1.842427585273981
evo21,1734,16,1.7438016533851624
evo21,1735,16,2.0724710505455732
evo21,1736,16,1.9396232580766082
evo21,1737,16,1.794251300394535
evo21,1738,16,1.715168746188283
evo21,1739,16,1.773184749763459
evo21,1740,16,1.7730503715574741
evo21,1741,16,1.8485878203064203
evo21,1742,16,1.7598635973408818
evo21,1743,16,1.9874857305549085
evo21,1744,16,1.9023817777633667
evo21,1745,16,1.8728182688355446
evo21,1746,16,1.800031952559948
evo21,1747,16,2.0956398248672485
evo21,1748,16,1.7086159414611757
evo21,1749,16,1.9375636940822005
evo21,1750,16,1.733646197244525
evo21,1751,16,1.698825715109706
evo21,1752,16,1.6529686395078897
evo21,1753,16,2.03386502712965
evo21,1754,16,1.7706038020551205
evo21,1755,16,1.7597420811653137
evo21,1756,16,1.7379714846611023
evo21,1757,16,1.8399826055392623
evo21,1758,16,1.8781772032380104
evo21,1759,16,1.9279190031811595
evo21,1760,16,1.7007791567593813
evo21,1761,16,1.803199083544314
evo21,1762,16,1.491681738756597
evo21,1763,16,1.7267806762829423
evo21,1764,16,1.7274090461432934
evo21,1765,16,1.7574455495923758
evo21,1766,16,1.6058985218405724
evo21,1767,16,1.5796919334679842
evo21,1768,16,1.7087007015943527
evo21,1769,16,1.70637740008533
evo21,1770,16,1.8439970817416906
evo21,1771,16,1.7591125313192606
evo21,1772,16,2.153422974050045
evo21,1773,16,1.5686532333493233
evo21,1774,16,1.7455704063177109
evo21,1775,16,1.9126050174236298
evo21,1776,16,1.6756851598620415
evo21,1777,16,1.6211419142782688
evo21,1778,16,1.5837384164333344
evo21,1779,16,1.6141430102288723
evo21,1780,16,1.8763207085430622
evo21,1781,16,1.417334321886301
evo21,1782,16,1.8955072835087776
evo21,1783,16,1.7668535485863686
evo21,1784,16,1.6366620808839798
evo21,1785,16,1.9519180227071047
evo21,1786,16,1.7683940269052982
evo21,1787,16,1.6543390210717916
evo21,1788,16,1.781529925763607
evo21,1789,16,1.9211363568902016
evo21,1790,16,1.7334220595657825
evo21,1791,16,1.6838298104703426
evo21,1792,16,1.8048885110765696
evo21,1793,16,2.0172026129439473
evo21,1794,16,1.7979921735823154
evo21,1795,16,1.4517030231654644
evo21,1796,16,2.1794654205441475
evo21,1797,16,1.7112197875976562
evo21,1798,16,1.7853824198246002
evo21,1799,16,1.873697940260172
evo21,1800,16,1.8626750521361828
evo21,1801,16,1.755228590220213
evo21,1802,16,1.757760763168335
evo21,1803,16,1.7108190804719925
evo21,1804,16,1.7046868652105331
evo21,1805,16,1.693269245326519
evo21,1806,16,2.0643182396888733
evo21,1807,16,1.799570471048355
evo21,1808,16,1.9193475246429443
evo21,1809,16,2.266287140548229
evo21,1810,16,1.9277342185378075
evo21,1811,16,1.8326988220214844
evo21,1812,16,1.784724809229374
evo21,1813,16,2.021171700209379
evo21,1814,16,1.6176067367196083
evo21,1815,16,1.71671911329031
evo21,1816,16,1.6995080839842558
evo21,1817,16,1.5951680280268192
evo21,1818,16,1.8670353442430496
evo21,1819,16,1.6180036440491676
evo21,1820,16,1.610747192054987
evo21,1821,16,1.7953936196863651
evo21,1822,16,1.8056022766977549
evo21,1823,16,1.9710638783872128
evo21,1824,16,2.055561177432537
evo21,1825,16,1.907582975924015
evo21,1826,16,1.7982360273599625
evo21,1827,16,1.9558817222714424
evo21,1828,16,2.0010388121008873
evo21,1829,16,1.6206427440047264
evo21,1830,16,1.6735726948827505
evo21,1831,16,1.976358249783516
evo21,1832,16,2.009782377630472
evo21,1833,16,1.5910429619252682
evo21,1834,16,2.0521254017949104
evo21,1835,16,1.8808582350611687
evo21,1836,16,1.8281188607215881
evo21,1837,16,1.7747086733579636
evo21,1838,16,1.8323010988533497
evo21,1839,16,1.6294116154313087
evo21,1840,16,1.7838902063667774
evo21,1841,16,1.9442724995315075
evo21,1842,16,1.9300709664821625
evo21,1843,16,1.8835418410599232
evo21,1844,16,1.9554635882377625
evo21,1845,16,2.120534084737301
evo21,1846,16,1.8474598750472069
evo21,1847,16,1.9605047479271889
evo21,1848,16,1.8844495676457882
evo21,1849,16,2.013743907213211
evo21,1850,16,1.7775832042098045
evo21,1851,16,1.9212645813822746
evo21,1852,16,1.8146795481443405
evo21,1853,16,1.9024694934487343
evo21,1854,16,1.7528969570994377
evo21,1855,16,2.0526869520545006
evo21,1856,16,1.7727137878537178
evo21,1857,16,2.200016498565674
evo21,1858,16,1.725621223449707
evo21,1859,16,1.81789680570364
evo21,1860,16,1.7433155477046967
evo21,1861,16,1.6844172701239586
evo21,1862,16,1.8263036906719208
evo21,1863,16,1.8014743700623512
evo21,1864,16,1.8945875689387321
evo21,1865,16,2.0280397310853004
evo21,1866,16,1.8432626724243164
evo21,1867,16,2.039856933057308
evo21,1868,16,1.9574734792113304
evo21,1869,16,1.9991936087608337
evo21,1870,16,1.8912561535835266
evo21,1871,16,1.6379651576280594
evo21,1872,16,1.831472221761942
evo21,1873,16,1.8946566320955753
evo21,1874,16,1.8827410899102688
evo21,1875,16,1.754969283938408
evo21,1876,16,1.9254791401326656
evo21,1877,16,1.7860653586685658
evo21,1878,16,1.8152302876114845
evo21,1879,16,1.6716724447906017
evo21,1880,16,1.9325298443436623
evo21,1881,16,1.7263952028006315
evo21,1882,16,1.9734922535717487
evo21,1883,16,1.5862217899411917
evo21,1884,16,1.8804579675197601
evo21,1885,16,1.8584678443148732
evo21,1886,16,1.7109318897128105
evo21,1887,16,1.5998301394283772
evo21,1888,16,2.0659667439758778
evo21,1889,16,1.8328687772154808
evo21,1890,16,1.668315015733242
evo21,1891,16,1.7472173571586609
evo21,1892,16,1.804169375449419
evo21,1893,16,1.8815547339618206
evo21,1894,16,1.8272864473983645
evo21,1895,16,1.7156556528061628
evo21,1896,16,1.9243420399725437
evo21,1897,16,1.995927957817912
evo21,1898,16,1.8950858414173126
evo21,1899,16,1.6160933822393417
evo21,1900,16,2.054934173822403
evo21,1901,16,1.8853005319833755
evo21,1902,16,1.921190643683076
evo21,1903,16,1.8140201307833195
evo21,1904,16,1.7829368561506271
evo21,1905,16,1.9261446967720985
evo21,1906,16,1.9112597219645977
evo21,1907,16,2.1402008682489395
evo21,1908,16,1.7677131369709969
evo21,1909,16,1.7352543622255325
evo21,1910,16,1.7353519722819328
evo21,1911,16,2.1950546503067017
evo21,1912,16,1.7214938141405582
evo21,1913,16,1.6916437968611717
evo21,1914,16,1.7916814237833023
evo21,1915,16,1.806436687707901
evo21,1916,16,1.9585635010153055
evo21,1917,16,1.771244689822197
evo21,1918,16,1.8409237898886204
evo21,1919,16,1.6454160027205944
evo21,1920,16,1.9120597206056118
evo21,1921,16,1.6908448226749897
evo21,1922,16,1.7193702533841133
evo21,1923,16,1.7658269107341766
evo21,1924,16,1.8995206523686647
evo21,1925,16,1.847319483757019
evo21,1926,16,1.9068389423191547
evo21,1927,16,1.6914507895708084
evo21,1928,16,1.8341258242726326
evo21,1929,16,1.9049451500177383
evo21,1930,16,1.8445637226104736
evo21,1931,16,1.9323854595422745
evo21,1932,16,1.7959536910057068
evo21,1933,16,1.9640527963638306
evo21,1934,16,1.9399092569947243
evo21,1935,16,1.9486109912395477
evo21,1936,16,1.9446185901761055
evo21,1937,16,1.8731249943375587
evo21,1938,16,1.8015198335051537
evo21,1939,16,1.7157599665224552
evo21,1940,16,1.7758605852723122
evo21,1941,16,1.9766257256269455
evo21,1942,16,1.7290275171399117
evo21,1943,16,1.7954735588282347
evo21,1944,16,1.6722792126238346
evo21,1945,16,1.9212402999401093
evo21,1946,16,1.6625389605760574
evo21,1947,16,1.7836065674200654
evo21,1948,16,1.8762999894097447
evo21,1949,16,1.7966576293110847
evo21,1950,16,1.7313454486429691
evo21,1951,16,1.7743230815976858
evo21,1952,16,1.8125743865966797
evo21,1953,16,1.8063042387366295
evo21,1954,16,1.794183662161231
evo21,1955,16,1.7836166843771935
evo21,1956,16,1.899468444287777
evo21,1957,16,2.0540669560432434
evo21,1958,16,1.9199830144643784
evo21,1959,16,2.0230662375688553
evo21,1960,16,1.8967392891645432
evo21,1961,16,1.9284862875938416
evo21,1962,16,1.8107977844774723
evo21,1963,16,2.172797977924347
evo21,1964,16,1.7261384204030037
evo21,1965,16,1.8646264970302582
evo21,1966,16,1.8927897810935974
evo21,1967,16,1.957222118973732
evo21,1968,16,1.7894125394523144
evo21,1969,16,2.047199100255966
evo21,1970,16,2.1802995204925537
evo21,1971,16,2.0485400408506393
evo21,1972,16,2.0077952314168215
evo21,1973,16,1.7821704111993313
evo21,1974,16,2.0457729417830706
evo21,1975,16,1.793888807296753
evo21,1976,16,1.7732507064938545
evo21,1977,16,1.9695634432137012
evo21,1978,16,1.8301501795649529
evo21,1979,16,1.6810786053538322
evo21,1980,16,1.9605966359376907
evo21,1981,16,2.2347578331828117
evo21,1982,16,2.0628075897693634
evo21,1983,16,1.989106647670269
evo21,1984,16,1.8175630792975426
evo21,1985,16,1.9279444739222527
evo21,1986,16,1.8578092977404594
evo21,1987,16,1.786815319210291
evo21,1988,16,1.895908784121275
evo21,1989,16,2.0376454517245293
evo21,1990,16,1.775875300168991
evo21,1991,16,1.7941639572381973
evo21,1992,16,1.9359635934233665
evo21,1993,16,1.984865128993988
evo21,1994,16,1.899519208818674
evo21,1995,16,1.7881321087479591
evo21,1996,16,1.7405451238155365
evo21,1997,16,1.967903971672058
evo21,1998,16,1.9882537573575974
evo21,1999,16,2.1993518322706223
evo21,2000,16,1.813260056078434
evo21,2001,16,2.058443881571293
evo21,2002,16,2.036729283630848
evo21,2003,16,2.0757157877087593
evo21,2004,16,1.8863480985164642
evo21,2005,16,1.7860536575317383
evo21,2006,16,1.8701280355453491
evo21,2007,16,1.794728346168995
evo21,2008,16,2.0482828691601753
evo21,2009,16,1.8048575967550278
evo21,2010,16,1.9101729691028595
evo21,2011,16,1.8400603830814362
evo21,2012,16,1.8171382248401642
evo21,2013,16,1.9037693440914154
evo21,2014,16,1.8718545585870743
evo21,2015,16,1.8312908709049225
evo21,2016,16,2.1281589046120644
evo21,2017,16,1.7900580652058125
evo21,2018,16,1.742176629602909
evo21,2019,16,1.9428454786539078
evo21,2020,16,1.9131507836282253
evo21,2021,16,1.9887913316488266
evo21,2022,16,2.1197084337472916
evo21,2023,16,2.116714730858803
evo21,2024,16,1.68704342097044
evo21,2025,16,2.159724533557892
evo21,2026,16,1.9198759719729424
evo21,2027,16,1.8009688258171082
evo21,2028,16,1.8957038819789886
evo21,2029,16,1.922607883810997
evo21,2030,16,2.012994706630707
evo21,2031,16,1.8867425322532654
evo21,2032,16,1.8730637729167938
evo21,2033,16,1.5590329617261887
evo21,2034,16,1.7303449362516403
evo21,2035,16,1.9230061527341604
evo21,2036,16,1.6592510202899575
evo21,2037,16,1.7920685904100537
evo21,2038,16,2.129622493404895
evo21,2039,16,1.7522242716513574
evo21,2040,16,1.8673340955283493
evo21,2041,16,1.810637499205768
evo21,2042,16,1.729086008388549
evo21,2043,16,1.5876509016379714
evo21,2044,16,1.5728509947657585
evo21,2045,16,1.5967423625988886
evo21,2046,16,1.844449570402503
evo21,2047,16,1.6386503346730024
evo21,2048,16,1.6611681960057467
evo21,2049,16,1.6444296995177865
evo21,2050,16,1.7184093308169395
evo21,2051,16,1.7503107958473265
evo21,2052,16,1.5455745117506012
evo21,2053,16,1.5560575037961826
evo21,2054,16,1.8293467519106343
evo21,2055,16,1.7979396625887603
evo21,2056,16,1.4600652235094458
evo21,2057,16,1.4870656171115115
evo21,2058,16,1.8135171701433137
evo21,2059,16,1.863370687700808
evo21,2060,16,1.6014285301789641
evo21,2061,16,1.6997596768196672
evo21,2062,16,1.94014846382197
evo21,2063,16,1.5191160449758172
evo21,2064,16,1.885222394601442
evo21,2065,16,1.6573737289290875
evo21,2066,16,1.640612553106621
evo21,2067,16,1.6933391564525664
evo21,2068,16,1.9506340560037643
evo21,2069,16,1.8452681970084086
evo21,2070,16,1.9539384189993143
evo21,2071,16,1.9113457794301212
evo21,2072,16,1.7733273399062455
evo21,2073,16,1.6539450730197132
evo21,2074,16,1.687439579050988
evo21,2075,16,1.6455693643074483
evo21,2076,16,1.5808495776727796
evo21,2077,16,1.7283479238394648
evo21,2078,16,1.5589962222147733
evo21,2079,16,1.8053710525855422
evo21,2080,16,1.7808802057988942
evo21,2081,16,1.753164800349623
evo21,2082,16,1.5533064091578126
evo21,2083,16,1.6993649259675294
evo21,2084,16,1.9038325711153448
evo21,2085,16,1.6577986346092075
evo21,2086,16,1.9859879785217345
evo21,2087,16,1.844581259880215
evo21,2088,16,1.8030893951654434
evo21,2089,16,1.9205571678467095
evo21,2090,16,1.7991598329972476
evo21,2091,16,1.7750726728700101
evo21,2092,16,1.7837673553731292
evo21,2093,16,1.7337892539799213
evo21,2094,16,1.8327027051709592
evo21,2095,16,1.6233813278377056
evo21,2096,16,1.794916677987203
evo21,2097,16,1.8221749314107
evo21,2098,16,1.7472797867376357
evo21,2099,16,1.4894465021789074
evo21,2100,16,1.873490520985797
evo21,2101,16,1.703477140283212
evo21,2102,16,1.6666517618577927
evo21,2103,16,1.717046496924013
evo21,2104,16,1.5780865396372974
evo21,2105,16,1.7343997990246862
evo21,2106,16,1.5825718210544437
evo21,2107,16,1.7518262602388859
evo21,2108,16,1.6619104584679008
evo21,2109,16,1.3983622745145112
evo21,2110,16,1.613874624716118
evo21,2111,16,1.774403044488281
evo21,2112,16,1.3595147209707648
evo21,2113,16,1.6962810717523098
evo21,2114,16,1.8559774933382869
evo21,2115,16,1.5952758574858308
evo21,2116,16,1.7468394683673978
evo21,2117,16,1.7087782183662057
evo21,2118,16,1.6181083722040057
evo21,2119,16,1.7291238368488848
evo21,2120,16,1.748983383178711
evo21,2121,16,1.8361958139576018
evo21,2122,16,1.6276322780176997
evo21,2123,16,1.6388839075807482
evo21,2124,16,1.713316401001066
evo21,2125,16,1.701737632509321
evo21,2126,16,1.7338233906775713
evo21,2127,16,1.777936892118305
evo21,2128,16,1.8728249203413725
evo21,2129,16,1.6597225123550743
evo21,2130,16,1.6800217158161104
evo21,2131,16,1.882049944018945
evo21,2132,16,1.6697999511379749
evo21,2133,16,1.6252260094042867
evo21,2134,16,1.6516215375158936
evo21,2135,16,1.729070142377168
evo21,2136,16,1.858307687798515
evo21,2137,16,1.773300912231207
evo21,2138,16,1.8008228312246501
evo21,2139,16,1.7160306086298078
evo21,2140,16,1.6755269053392112
evo21,2141,16,1.9795193672180176
evo21,2142,16,1.5484896304551512
evo21,2143,16,1.8391529561486095
evo21,2144,16,1.6658756379038095
evo21,2145,16,1.8899932450149208
evo21,2146,16,1.7584617901593447
evo21,2147,16,1.7068640431389213
evo21,2148,16,1.9129656981676817
evo21,2149,16,2.1655694656074047
evo21,2150,16,2.001701958477497
evo21,2151,16,1.703458096832037
evo21,2152,16,1.7080275900661945
evo21,2153,16,2.0210933312773705
evo21,2154,16,1.751364791765809
evo21,2155,16,1.821259637363255
evo21,2156,16,1.7081061326898634
evo21,2157,16,1.8811227902770042
evo21,2158,16,1.8904249127954245
evo21,2159,16,1.6805265555158257
evo21,2160,16,1.577435932122171
evo21,2161,16,1.8874626159667969
evo21,2162,16,1.6397201521322131
evo21,2163,16,1.561960774473846
evo21,2164,16,1.5800958280451596
evo21,2165,16,1.799874847754836
evo21,2166,16,1.6820229466538876
evo21,2167,16,1.6160093513317406
evo21,2168,16,1.7930107172578573
evo21,2169,16,1.8216662183403969
evo21,2170,16,1.6964608097914606
evo21,2171,16,1.7839167406782508
evo21,2172,16,1.6792320925742388
evo21,2173,16,1.7509728968143463
evo21,2174,16,1.8548163222149014
evo21,2175,16,1.7787088151089847
evo21,2176,16,1.6494280165061355
evo21,2177,16,1.782075496390462
evo21,2178,16,1.84650010894984
evo21,2179,16,1.9547382877208292
evo21,2180,16,1.6793415723368526
evo21,2181,16,1.6509528383612633
evo21,2182,16,1.6238482492044568
evo21,2183,16,1.706820722669363
evo21,2184,16,1.6160783388186246
evo21,2185,16,1.6634031375870109
evo21,2186,16,1.6387655846774578
evo21,2187,16,1.7878022445365787
evo21,2188,16,1.5964303261134773
evo21,2189,16,1.833819841966033
evo21,2190,16,1.844736404134892
evo21,2191,16,1.6437137809116393
evo21,2192,16,1.812787996372208
evo21,2193,16,1.4059846568852663
evo21,2194,16,1.656457027187571
evo21,2195,16,1.8786360977683216
evo21,2196,16,1.6442748451372609
evo21,2197,16,1.7995400791987777
evo21,2198,16,1.6065626627532765
evo21,2199,16,1.5544004058465362
evo21,2200,16,1.798936833976768
evo21,2201,16,1.9402602342888713
evo21,2202,16,1.959051854093559
evo21,2203,16,1.5865084828110412
evo21,2204,16,1.5551038578851148
evo21,2205,16,1.6826415690593421
evo21,2206,16,1.7158514260081574
evo21,2207,16,1.6550323092378676
evo21,2208,16,1.5115167903713882
evo21,2209,16,1.8467350648716092
evo21,2210,16,1.600139541667886
evo21,2211,16,1.7851223042234778
evo21,2212,16,1.965070518781431
evo21,2213,16,1.6359082604758441
evo21,2214,16,1.6647462848341092
evo21,2215,16,1.8899752093711868
evo21,2216,16,1.563766134902835
evo21,2217,16,1.7856063265353441
evo21,2218,16,1.7733967079548165
evo21,2219,16,1.7889673839090392
evo21,2220,16,1.8817114087287337
evo21,2221,16,1.9084155997261405
evo21,2222,16,1.5970120066776872
evo21,2223,16,1.9050059024011716
evo21,2224,16,1.7301155331078917
evo21,2225,16,1.7743191705085337
evo21,2226,16,1.611731790821068
evo21,2227,16,1.745600637048483
evo21,2228,16,1.8435848065419123
evo21,2229,16,1.9039869806729257
evo21,2230,16,1.62540403008461
evo21,2231,16,1.6113460429478437
evo21,2232,16,1.8357603751355782
evo21,2233,16,1.8982674246653914
evo21,2234,16,1.7738927534082904
evo21,2235,16,1.620815045433119
evo21,2236,16,1.802014078013599
evo21,2237,16,1.6533767264336348
evo21,2238,16,1.8734483344014734
evo21,2239,16,1.599876502295956
evo21,2240,16,1.578277433407493
evo21,2241,16,1.7427880829200149
evo21,2242,16,1.5806074938736856
evo21,2243,16,1.8069234588183463
evo21,2244,16,1.6353299099719152
evo21,2245,16,1.718203708063811
evo21,2246,16,1.7606595235411078
evo21,2247,16,1.7205155026167631
evo21,2248,16,1.77012629667297
evo21,2249,16,1.7355900281108916
evo21,2250,16,1.7669680174440145
evo21,2251,16,1.6187190862838179
evo21,2252,16,1.7053360773716122
evo21,2253,16,1.5234745312482119
evo21,2254,16,1.8121718836482614
evo21,2255,16,1.7254916701931506
evo21,2256,16,1.6395559255033731
evo21,2257,16,1.7135724518448114
evo21,2258,16,1.8253841223195195
evo21,2259,16,1.7895240855868906
evo21,2260,16,1.6101548904553056
evo21,2261,16,1.778923966921866
evo21,2262,16,1.7565352725796402
evo21,2263,16,1.917217567563057
evo21,2264,16,1.9422456696629524
evo21,2265,16,1.73674750700593
evo21,2266,16,1.7675489578396082
evo21,2267,16,1.8190844021737576
evo21,2268,16,1.7242068853229284
evo21,2269,16,1.647552814334631
evo21,2270,16,1.8030350795015693
evo21,2271,16,1.6590368002653122
evo21,2272,16,1.5246197613887489
evo21,2273,16,1.8719510277733207
evo21,2274,16,1.4707407979294658
evo21,2275,16,1.73208864685148
evo21,2276,16,1.5619001467712224
evo21,2277,16,1.8313306346535683
evo21,2278,16,1.605081146582961
evo21,2279,16,1.9878755128011107
evo21,2280,16,1.6550784390419722
evo21,2281,16,1.7292266529984772
evo21,2282,16,1.6726533640176058
evo21,2283,16,1.9909849958494306
evo21,2284,16,1.767584622837603
evo21,2285,16,1.7156162480823696
evo21,2286,16,1.5997970944736153
evo21,2287,16,1.7811486665159464
evo21,2288,16,1.663912121206522
evo21,2289,16,1.8782762750051916
evo21,2290,16,1.7984626218676567
evo21,2291,16,1.9412363632582128
evo21,2292,16,2.0089114629663527
evo21,2293,16,1.629809828940779
evo21,2294,16,1.7929816024843603
evo21,2295,16,1.7163932528346777
evo21,2296,16,1.7641945956274867
evo21,2297,16,1.6815522236283869
evo21,2298,16,1.7768860987853259
evo21,2299,16,1.766668745316565
evo21,2300,16,1.6899406280135736
evo21,2301,16,1.8025094331242144
evo21,2302,16,2.3036713525652885
evo21,2303,16,1.7838641069829464
evo21,2304,16,1.8775364309549332
evo21,2305,16,1.7195855714380741
evo21,2306,16,1.8588180653750896
evo21,2307,16,1.7956154672428966
evo21,2308,16,1.6616264879703522
evo21,2309,16,1.7808869490399957
evo21,2310,16,1.7775707319378853
evo21,2311,16,1.709303303156048
evo21,2312,16,1.7274906998500228
evo21,2313,16,2.0161936841905117
evo21,2314,16,1.8172878473997116
evo21,2315,16,1.9048066288232803
evo21,2316,16,1.8049679603427649
evo21,2317,16,1.7370971702039242
evo21,2318,16,1.6399866193532944
evo21,2319,16,1.9055406115949154
evo21,2320,16,1.7680150754749775
evo21,2321,16,1.8447731994092464
evo21,2322,16,1.9102749601006508
evo21,2323,16,1.9395489878952503
evo21,2324,16,1.919446237385273
evo21,2325,16,1.6240120716392994
evo21,2326,16,1.88059701025486
evo21,2327,16,1.8549629375338554
evo21,2328,16,1.6039533168077469
evo21,2329,16,2.154630668461323
evo21,2330,16,1.7176749296486378
evo21,2331,16,1.8483797274529934
evo21,2332,16,1.69674002379179
evo21,2333,16,1.7590461485087872
evo21,2334,16,1.88290736079216
evo21,2335,16,1.7868138626217842
evo21,2336,16,1.6850529722869396
evo21,2337,16,1.7803444601595402
evo21,2338,16,1.952458444982767
evo21,2339,16,2.037119083106518
evo21,2340,16,2.0455700382590294
evo21,2341,16,1.9623505249619484
evo21,2342,16,1.7999393567442894
evo21,2343,16,1.9268185794353485
evo21,2344,16,2.0431673005223274
evo21,2345,16,1.8917764946818352
evo21,2346,16,1.8274015709757805
evo21,2347,16,1.9806605651974678
evo21,2348,16,1.627623900771141
evo21,2349,16,1.99389236420393
evo21,2350,16,1.8812663853168488
evo21,2351,16,1.9355854168534279
evo21,2352,16,1.9522827118635178
evo21,2353,16,2.017661802470684
evo21,2354,16,1.9078928530216217
evo21,2355,16,2.0258539840579033
evo21,2356,16,1.7443833947181702
evo21,2357,16,1.920932114124298
evo21,2358,16,1.6771540567278862
evo21,2359,16,1.8919212445616722
evo21,2360,16,1.9532711207866669
evo21,2361,16,1.8233020678162575
evo21,2362,16,1.9768958389759064
evo21,2363,16,1.8172229826450348
evo21,2364,16,1.8962565511465073
evo21,2365,16,1.893621638417244
evo21,2366,16,1.9414865523576736
evo21,2367,16,2.0084080770611763
evo21,2368,16,1.6716355755925179
evo21,2369,16,1.891620673239231
evo21,2370,16,2.007534459233284
evo21,2371,16,1.996962159872055
evo21,2372,16,1.7670630067586899
evo21,2373,16,1.993873417377472
evo21,2374,16,1.8965714126825333
evo21,2375,16,1.7923056110739708
evo21,2376,16,1.8208535313606262
evo21,2377,16,1.6872351542115211
evo21,2378,16,1.9519593641161919
evo21,2379,16,1.8190354853868484
evo21,2380,16,2.0028405636548996
evo21,2381,16,1.8867990300059319
evo21,2382,16,2.0072262473404408
evo21,2383,16,1.83030503988266
evo21,2384,16,1.7492691464722157
evo21,2385,16,1.6637194529175758
evo21,2386,16,2.0544895716011524
evo21,2387,16,1.8738551810383797
evo21,2388,16,1.6696262285113335
evo21,2389,16,1.6733109019696712
evo21,2390,16,1.8807413093745708
evo21,2391,16,1.8414819538593292
evo21,2392,16,2.006945289671421
evo21,2393,16,1.8983494564890862
evo21,2394,16,1.8123443126678467
evo21,2395,16,1.8555676117539406
evo21,2396,16,2.068574085831642
evo21,2397,16,1.8576017171144485
evo21,2398,16,1.773298516869545
evo21,2399,16,2.063344918191433
evo21,2400,16,2.08528021723032
evo21,2401,16,1.8163654133677483
evo21,2402,16,1.87515539675951
evo21,2403,16,1.9021261185407639
evo21,2404,16,1.702669732272625
evo21,2405,16,1.8668181262910366
evo21,2406,16,1.8393785431981087
evo21,2407,16,1.86677360907197
evo21,2408,16,1.9982204362750053
evo21,2409,16,1.7946519255638123
evo21,2410,16,1.9128348119556904
evo21,2411,16,1.6618610471487045
evo21,2412,16,1.9866738133132458
evo21,2413,16,1.6448166109621525
evo21,2414,16,1.7501261718571186
evo21,2415,16,2.079749908298254
evo21,2416,16,1.813337191939354
evo21,2417,16,1.9215970858931541
evo21,2418,16,1.739091670140624
evo21,2419,16,1.8863647319376469
evo21,2420,16,1.846542626619339
evo21,2421,16,1.8693982064723969
evo21,2422,16,1.854372438043356
evo21,2423,16,1.8561091721057892
evo21,2424,16,2.005515545606613
evo21,2425,16,1.7413308918476105
evo21,2426,16,1.7489139959216118
evo21,2427,16,2.0371173582971096
evo21,2428,16,1.6921090129762888
evo21,2429,16,1.6434019543230534
evo21,2430,16,1.954699382185936
evo21,2431,16,2.20513965934515
evo21,2432,16,1.6684752628207207
evo21,2433,16,1.7084702923893929
evo21,2434,16,1.6986007690429688
evo21,2435,16,1.8882879540324211
evo21,2436,16,1.680246565490961
evo21,2437,16,1.5146364904940128
evo21,2438,16,2.0369806680828333
evo21,2439,16,2.0089878290891647
evo21,2440,16,1.8029488623142242
evo21,2441,16,1.8679522648453712
evo21,2442,16,1.81999983638525
evo21,2443,16,1.6758618988096714
evo21,2444,16,2.153548501431942
evo21,2445,16,1.8303256146609783
evo21,2446,16,1.8484652787446976
evo21,2447,16,1.7732275575399399
evo21,2448,16,1.9328949451446533
evo21,2449,16,1.934353418648243
evo21,2450,16,1.9130962044000626
evo21,2451,16,1.8815824948251247
evo21,2452,16,1.8913851976394653
evo21,2453,16,1.7129353322088718
evo21,2454,16,2.087666019797325
evo21,2455,16,2.0414918661117554
evo21,2456,16,1.890943504869938
evo21,2457,16,1.8301037549972534
evo21,2458,16,1.7742827832698822
evo21,2459,16,1.8191109709441662
evo21,2460,16,1.9769105464220047
evo21,2461,16,2.0598863810300827
evo21,2462,16,1.7663330100476742
evo21,2463,16,1.9047280550003052
evo21,2464,16,1.98658636957407
evo21,2465,16,2.06759475171566
evo21,2466,16,1.793729119002819
evo21,2467,16,1.8685361966490746
evo21,2468,16,1.9134815856814384
evo21,2469,16,1.688716173171997
evo21,2470,16,1.8699024096131325
evo21,2471,16,1.662073791027069
evo21,2472,16,1.7843195721507072
evo21,2473,16,1.9573738723993301
evo21,2474,16,1.8872025161981583
evo21,2475,16,2.00665170699358
evo21,2476,16,1.9878670275211334
evo21,2477,16,1.8570425286889076
evo21,2478,16,1.9108832851052284
evo21,2479,16,1.889025904238224
evo21,2480,16,1.9434023015201092
evo21,2481,16,1.9472767487168312
evo21,2482,16,1.7820087373256683
evo21,2483,16,1.6822679936885834
evo21,2484,16,1.851195089519024
evo21,2485,16,2.0188929811120033
evo21,2486,16,1.737795740365982
evo21,2487,16,1.747687317430973
evo21,2488,16,1.7949872389435768
evo21,2489,16,1.9667467772960663
evo21,2490,16,1.7065134905278683
evo21,2491,16,1.6342032924294472
evo21,2492,16,1.9478113427758217
evo21,2493,16,1.8874838650226593
evo21,2494,16,1.8317329660058022
evo21,2495,16,1.771908462047577
evo21,2496,16,1.7655103132128716
evo21,2497,16,1.9775082170963287
evo21,2498,16,2.0229078456759453
evo21,2499,16,1.6388537995517254
evo21,2500,16,2.121433697640896
evo21,2501,16,1.805059291422367
evo21,2502,16,1.914751522243023
evo21,2503,16,1.8952815383672714
evo21,2504,16,1.9422778710722923
evo21,2505,16,1.8678225874900818
evo21,2506,16,1.8102930039167404
evo21,2507,16,1.8914094790816307
evo21,2508,16,1.9886168837547302
evo21,2509,16,1.8627348020672798
evo21,2510,16,1.9113523066043854
evo21,2511,16,1.841785952448845
evo21,2512,16,1.970879890024662
evo21,2513,16,2.0121555253863335
evo21,2514,16,2.1524717658758163
evo21,2515,16,1.7882586866617203
evo21,2516,16,1.8812949359416962
evo21,2517,16,1.8699902296066284
evo21,2518,16,1.9981813579797745
evo21,2519,16,1.8739977553486824
evo21,2520,16,2.098075233399868
evo21,2521,16,1.924859769642353
evo21,2522,16,1.90377988666296
evo21,2523,16,1.9129040613770485
evo21,2524,16,1.7830825299024582
evo21,2525,16,1.824743166565895
evo21,2526,16,2.05450002849102
evo21,2527,16,1.8043557778000832
evo21,2528,16,1.7782654911279678
evo21,2529,16,1.9957294464111328
evo21,2530,16,1.8837037235498428
evo21,2531,16,2.0173095241189003
evo21,2532,16,1.8434436917304993
evo21,2533,16,1.9778311029076576
evo21,2534,16,1.8858475163578987
evo21,2535,16,1.9393292739987373
evo21,2536,16,1.9242413118481636
evo21,2537,16,2.006053641438484
evo21,2538,16,1.8181124031543732
evo21,2539,16,1.7840096279978752
evo21,2540,16,1.8780094124376774
evo21,2541,16,1.8114762678742409
evo21,2542,16,1.9453546777367592
evo21,2543,16,1.8890137523412704
evo21,2544,16,1.8329375013709068
evo21,2545,16,1.7285789363086224
evo21,2546,16,1.9717535600066185
evo21,2547,16,1.8493450060486794
evo21,2548,16,2.0078566148877144
evo21,2549,16,1.9128323215991259
evo21,2550,16,1.891901715658605
evo21,2551,16,1.9210862070322037
evo21,2552,16,1.8121754061430693
evo21,2553,16,1.7466196697205305
evo21,2554,16,1.6623500161804259
evo21,2555,16,1.8612554082646966
evo21,2556,16,1.7880456298589706
evo21,2557,16,1.9994963333010674
evo21,2558,16,2.0026423409581184
evo21,2559,16,1.7779546827077866
evo21,2560,16,2.1332622095942497
evo21,2561,16,1.890354909002781
evo21,2562,16,1.878282479941845
evo21,2563,16,1.6926783993840218
evo21,2564,16,1.9400274232029915
evo21,2565,16,1.9103655815124512
evo21,2566,16,2.0509939193725586
evo21,2567,16,1.7265532538294792
evo21,2568,16,1.9237051233649254
evo21,2569,16,1.9395367205142975
evo21,2570,16,2.138164758682251
evo21,2571,16,1.928390882909298
evo21,2572,16,1.8423445597290993
evo21,2573,16,2.047064259648323
evo21,2574,16,2.0280071049928665
evo21,2575,16,1.7726685255765915
evo21,2576,16,1.8707989677786827
evo21,2577,16,1.920396350324154
evo21,2578,16,1.9350341632962227
evo21,2579,16,1.902231365442276
evo21,2580,16,1.7414397448301315
evo21,2581,16,1.8136704340577126
evo21,2582,16,2.0889814272522926
evo21,2583,16,1.8904291242361069
evo21,2584,16,1.801357477903366
evo21,2585,16,1.817747674882412
evo21,2586,16,1.8991848602890968
evo21,2587,16,1.727547638118267
evo21,2588,16,1.8777185156941414
evo21,2589,16,1.8102722615003586
evo21,2590,16,1.8261407166719437
evo21,2591,16,1.8493099454790354
evo21,2592,16,1.7008728366345167
evo21,2593,16,1.6348571293056011
evo21,2594,16,1.9342622170224786
evo21,2595,16,1.6348222885280848
evo21,2596,16,1.5934260580688715
evo21,2597,16,1.768703917041421
evo21,2598,16,1.6458490323275328
evo21,2599,16,1.6904396042227745
evo21,2600,16,1.6906505227088928
evo21,2601,16,1.736233314499259
evo21,2602,16,1.581568455323577
evo21,2603,16,1.946286803111434
evo21,2604,16,1.9734734296798706
evo21,2605,16,1.627494053915143
evo21,2606,16,1.6812169775366783
evo21,2607,16,1.9776349738240242
evo21,2608,16,1.7950298078358173
evo21,2609,16,1.8673469126224518
evo21,2610,16,1.8832501284778118
evo21,2611,16,1.974819965660572
evo21,2612,16,1.7973130121827126
evo21,2613,16,1.850716331973672
evo21,2614,16,1.6508243568241596
evo21,2615,16,1.770033324835822
evo21,2616,16,1.6940586883574724
evo21,2617,16,1.65240244474262
evo21,2618,16,1.6294453358277678
evo21,2619,16,1.750080592930317
evo21,2620,16,1.841891954652965
evo21,2621,16,1.9537644241936505
evo21,2622,16,1.6821494214236736
evo21,2623,16,1.5772443944588304
evo21,2624,16,1.8872093558311462
evo21,2625,16,1.8329002661630511
evo21,2626,16,1.9709580317139626
evo21,2627,16,1.6872128583490849
evo21,2628,16,1.5579764377325773
evo21,2629,16,1.8177446583285928
evo21,2630,16,1.7902084551751614
evo21,2631,16,1.7016773391515017
evo21,2632,16,1.668310315348208
evo21,2633,16,1.5319602526724339
evo21,2634,16,1.5926256962120533
evo21,2635,16,1.7811867045238614
evo21,2636,16,2.101728618144989
evo21,2637,16,1.7503799349069595
evo21,2638,16,1.8644139412790537
evo21,2639,16,2.065670244395733
evo21,2640,16,1.9537490829825401
evo21,2641,16,1.9887833148241043
evo21,2642,16,1.7010572534054518
evo21,2643,16,1.8131444361060858
evo21,2644,16,1.635341771878302
evo21,2645,16,1.630579799413681
evo21,2646,16,1.961305096745491
evo21,2647,16,1.7963338466361165
evo21,2648,16,1.9054997954517603
evo21,2649,16,1.633218690752983
evo21,2650,16,1.7249590624123812
evo21,2651,16,1.978505345992744
evo21,2652,16,1.5885506561025977
evo21,2653,16,1.6745141968131065
evo21,2654,16,1.7589861070737243
evo21,2655,16,1.9985566344112158
evo21,2656,16,1.6083041056990623
evo21,2657,16,1.8298979485407472
evo21,2658,16,1.512539939954877
evo21,2659,16,1.6331731393001974
evo21,2660,16,1.7313947218935937
evo21,2661,16,1.5583191951736808
evo21,2662,16,1.7146696262061596
evo21,2663,16,1.867454626597464
evo21,2664,16,1.737803190946579
evo21,2665,16,1.5836311811581254
evo21,2666,16,1.5229199081659317
evo21,2667,16,1.9630589615553617
evo21,2668,16,1.774181604385376
evo21,2669,16,1.827219604048878
evo21,2670,16,1.60847741458565
evo21,2671,16,1.6159220766276121
evo21,2672,16,1.6743014501407743
evo21,2673,16,1.869155267253518
evo21,2674,16,1.6626633098348975
evo21,2675,16,1.5585816223174334
evo21,2676,16,1.6050346274860203
evo21,2677,16,1.6798512758687139
evo21,2678,16,1.8452189806848764
evo21,2679,16,1.8222072683274746
evo21,2680,16,1.8319713482633233
evo21,2681,16,1.8636924996972084
evo21,2682,16,1.782764671370387
evo21,2683,16,2.1162594854831696
evo21,2684,16,1.6323922062292695
evo21,2685,16,1.7893048413097858
evo21,2686,16,1.8190137539058924
evo21,2687,16,1.8334493078291416
evo21,2688,16,1.7573622944764793
evo21,2689,16,1.9050532840192318
evo21,2690,16,1.6094214054755867
evo21,2691,16,1.640214091166854
evo21,2692,16,1.8282640799880028
evo21,2693,16,1.7857878934592009
evo21,2694,16,1.6818337133154273
evo21,2695,16,1.6595617984421551
evo21,2696,16,2.1217936351895332
evo21,2697,16,1.8616563668474555
evo21,2698,16,1.9263945282436907
evo21,2699,16,1.7678795084357262
evo21,2700,16,1.6195721123367548
evo21,2701,16,1.98264738637954
evo21,2702,16,1.9724804749712348
evo21,2703,16,1.7408135859295726
evo21,2704,16,1.7327256868593395
evo21,2705,16,1.7737152059562504
evo21,2706,16,1.6865127868950367
evo21,2707,16,1.7204261282458901
evo21,2708,16,1.675240992102772
evo21,2709,16,1.8456979542970657
evo21,2710,16,1.7792190061882138
evo21,2711,16,1.7199596515856683
evo21,2712,16,1.8753400892019272
evo21,2713,16,1.766563824377954
evo21,2714,16,1.7336096446961164
evo21,2715,16,1.6541422177106142
evo21,2716,16,1.774498597253114
evo21,2717,16,1.5735976272262633
evo21,2718,16,2.029690444469452
evo21,2719,16,1.840759476646781
evo21,2720,16,1.7181127900257707
evo21,2721,16,1.6701982477679849
evo21,2722,16,1.853009007871151
evo21,2723,16,1.6268154829740524
evo21,2724,16,1.9473475590348244
evo21,2725,16,1.6765167261473835
evo21,2726,16,1.723798523657024
evo21,2727,16,1.60839269682765
evo21,2728,16,2.1944300369359553
evo21,2729,16,1.5162421092391014
evo21,2730,16,1.8334211558103561
evo21,2731,16,1.5748573439195752
evo21,2732,16,1.8507948364131153
evo21,2733,16,1.5679230503737926
evo21,2734,16,1.6631246143952012
evo21,2735,16,1.7594393608160317
evo21,2736,16,1.796319174580276
evo21,2737,16,2.0003383830189705
evo21,2738,16,1.7580582443624735
evo21,2739,16,1.5470536798238754
evo21,2740,16,1.7795771062374115
evo21,2741,16,1.6301309620030224
evo21,2742,16,1.7329252231866121
evo21,2743,16,1.8461884260177612
evo21,2744,16,1.9095987416803837
evo21,2745,16,1.7335768025368452
evo21,2746,16,1.683174487669021
evo21,2747,16,1.9214273940306157
evo21,2748,16,1.8724643532186747
evo21,2749,16,1.7719470700249076
evo21,2750,16,1.8031814941205084
evo21,2751,16,1.9049771018326283
evo21,2752,16,1.616484752856195
evo21,2753,16,1.7765430472791195
evo21,2754,16,1.6952315382659435
evo21,2755,16,1.8208093051798642
evo21,2756,16,1.583212565165013
evo21,2757,16,1.693640616722405
evo21,2758,16,1.8182635055854917
evo21,2759,16,1.8930576359853148
evo21,2760,16,1.5462096179835498
evo21,2761,16,1.7412068010307848
evo21,2762,16,1.7755646901205182
evo21,2763,16,1.591416684910655
evo21,2764,16,1.57409064238891
evo21,2765,16,1.6070219408720732
evo21,2766,16,1.7598661724478006
evo21,2767,16,2.033716004807502
evo21,2768,16,1.7520458181388676
evo21,2769,16,1.6930443150922656
evo21,2770,16,1.5140052963979542
evo21,2771,16,1.6236891695298254
evo21,2772,16,1.6965316692367196
evo21,2773,16,1.7689741025678813
evo21,2774,16,1.7773065902292728
evo21,2775,16,1.5337232914753258
evo21,2776,16,1.697901050094515
evo21,2777,16,1.7016925439238548
evo21,2778,16,1.6575183439999819
evo21,2779,16,1.8219416057690978
evo21,2780,16,1.667479288764298
evo21,2781,16,1.7796717416495085
evo21,2782,16,1.841417409479618
evo21,2783,16,1.8400180446915329
evo21,2784,16,1.901477474719286
evo21,2785,16,1.459442921448499
evo21,2786,16,1.6772238416597247
evo21,2787,16,1.6697479006834328
evo21,2788,16,1.454377262853086
evo21,2789,16,1.5377846052870154
evo21,2790,16,1.9786148611456156
evo21,2791,16,1.993621289730072
evo21,2792,16,1.6627258425578475
evo21,2793,16,1.9354717279784381
evo21,2794,16,1.7242547124624252
evo21,2795,16,1.6352461157366633
evo21,2796,16,2.027054540812969
evo21,2797,16,1.7413998460397124
evo21,2798,16,1.5943723060190678
evo21,2799,16,1.806941220536828
evo21,2800,16,1.7498190738260746
evo21,2801,16,1.8035684353671968
evo21,2802,16,1.7087547378614545
evo21,2803,16,1.9769323486834764
evo21,2804,16,1.8581800004467368
evo21,2805,16,1.44705811701715
evo21,2806,16,2.008261622162536
evo21,2807,16,1.7562004756182432
evo21,2808,16,1.651716492138803
evo21,2809,16,1.9850829131901264
evo21,2810,16,1.852560292929411
evo21,2811,16,1.6905014226213098
evo21,2812,16,1.6771916523575783
evo21,2813,16,1.8562188087962568
evo21,2814,16,1.6713949209079146
evo21,2815,16,1.7083922661840916
evo21,2816,16,1.8209200287237763
evo21,2817,16,1.7734617656096816
evo21,2818,16,1.600078753195703
evo21,2819,16,1.6659215772524476
evo21,2820,16,1.89140909537673
evo21,2821,16,1.6872700634412467
evo21,2822,16,1.5319149387069046
evo21,2823,16,1.5326197696849704
evo21,2824,16,1.843146726489067
evo21,2825,16,1.6984709445387125
evo21,2826,16,1.531987075228244
evo21,2827,16,2.0375917409546673
evo21,2828,16,1.70327222160995
evo21,2829,16,1.8566043814644217
evo21,2830,16,1.7084032588172704
evo21,2831,16,1.3784593041054904
evo21,2832,16,1.7205982729792595
evo21,2833,16,1.646241801790893
evo21,2834,16,1.6224056065548211
evo21,2835,16,1.9733822457492352
evo21,2836,16,1.7287516491487622
evo21,2837,16,1.8611344546079636
evo21,2838,16,1.728104893118143
evo21,2839,16,1.5147657049819827
evo21,2840,16,2.0416862033307552
evo21,2841,16,1.7640541968867183
evo21,2842,16,1.919871703721583
evo21,2843,16,1.9168786630034447
evo21,2844,16,1.823530761525035
evo21,2845,16,1.8804629733785987
evo21,2846,16,1.6581953587010503
evo21,2847,16,1.680258123204112
evo21,2848,16,1.895872350782156
evo21,2849,16,1.6781497653573751
evo21,2850,16,1.4338745633140206
evo21,2851,16,1.863563869614154
evo21,2852,16,1.748423834796995
evo21,2853,16,1.527629899326712
evo21,2854,16,1.943773578852415
evo21,2855,16,1.971626297570765
evo21,2856,16,1.646241414360702
evo21,2857,16,1.819331890437752
evo21,2858,16,1.6325950953178108
evo21,2859,16,1.9063855931162834
evo21,2860,16,1.6698723332956433
evo21,2861,16,1.577314198948443
evo21,2862,16,1.759656219277531
evo21,2863,16,1.5803133905865252
evo21,2864,16,1.494303999003023
evo21,2865,16,1.7095700507052243
evo21,2866,16,1.7086296183988452
evo21,2867,16,1.7690099943429232
evo21,2868,16,1.9528963286429644
evo21,2869,16,1.8494818843901157
evo21,2870,16,1.6109788101166487
evo21,2871,16,1.567241762764752
evo21,2872,16,1.7602364807389677
evo21,2873,16,1.7895864550955594
evo21,2874,16,1.4385180396493524
evo21,2875,16,1.691327802836895
evo21,2876,16,1.7562382277101278
evo21,2877,16,1.9747251998633146
evo21,2878,16,1.7055787649005651
evo21,2879,16,2.1874457141384482
evo21,2880,16,1.714804987423122
evo21,2881,16,1.7589221931993961
evo21,2882,16,1.875337865203619
evo21,2883,16,1.9955727164633572
evo21,2884,16,1.774348377250135
evo21,2885,16,1.6163281835615635
evo21,2886,16,1.6177452923730016
evo21,2887,16,1.774767114315182
evo21,2888,16,1.6437052683904767
evo21,2889,16,1.6426218203268945
evo21,2890,16,1.8471064809709787
evo21,2891,16,1.7046942547895014
evo21,2892,16,1.8565857172943652
evo21,2893,16,1.8852369505912066
evo21,2894,16,1.5942380344495177
evo21,2895,16,2.104192547965795
evo21,2896,16,1.6208775672130287
evo21,2897,16,1.6738996445201337
evo21,2898,16,1.6848251493647695
evo21,2899,16,1.7560971644707024
evo21,2900,16,1.6284321737475693
evo21,2901,16,1.8629375654272735
evo21,2902,16,1.6827358519658446
evo21,2903,16,1.8190771858207881
evo21,2904,16,1.9987041065469384
evo21,2905,16,1.8690029680728912
evo21,2906,16,1.6175283621996641
evo21,2907,16,1.8540319046005607
evo21,2908,16,1.685844232328236
evo21,2909,16,1.8150029703974724
evo21,2910,16,1.9151751801837236
evo21,2911,16,1.6957153878174722
evo21,2912,16,1.5026938756927848
evo21,2913,16,2.0652628168463707
evo21,2914,16,1.5150863826274872
evo21,2915,16,1.7140864608809352
evo21,2916,16,2.0126509789843112
evo21,2917,16,2.3504916946403682
evo21,2918,16,1.8839466348290443
evo21,2919,16,1.6711065485142171
evo21,2920,16,1.643729163100943
evo21,2921,16,1.8524405071511865
evo21,2922,16,1.67966891778633
evo21,2923,16,1.9622807407286018
evo21,2924,16,1.8546182550489902
evo21,2925,16,1.6791425358969718
evo21,2926,16,1.6573158344253898
evo21,2927,16,1.5118426664266735
evo21,2928,16,1.7178347231820226
evo21,2929,16,1.7277321969158947
evo21,2930,16,1.7922634483547881
evo21,2931,16,1.6953724971972406
evo21,2932,16,1.5345263895578682
evo21,2933,16,2.091955527663231
evo21,2934,16,1.8398655261844397
evo21,2935,16,1.7710389397107065
evo21,2936,16,1.5216503427363932
evo21,2937,16,1.7047481727786362
evo21,2938,16,1.5838946783915162
evo21,2939,16,1.5978406723588705
evo21,2940,16,1.4159056269563735
evo21,2941,16,1.99955152743496
evo21,2942,16,1.5971224643290043
evo21,2943,16,1.6037905933335423
evo21,2944,16,1.573597563430667
evo21,2945,16,1.5661534378305078
evo21,2946,16,1.6181514370255172
evo21,2947,16,1.6526745315641165
evo21,2948,16,1.4949448900297284
evo21,2949,16,1.9174454312305897
evo21,2950,16,1.6673693391494453
evo21,2951,16,1.7312461948022246
evo21,2952,16,1.5660963505506516
evo21,2953,16,1.872470889473334
evo21,2954,16,1.7138238169718534
evo21,2955,16,1.831290602684021
evo21,2956,16,1.5095353219658136
evo21,2957,16,1.7313316725194454
evo21,2958,16,1.5144524269271642
evo21,2959,16,1.91172787360847
evo21,2960,16,1.7179473186843097
evo21,2961,16,1.479931153357029
evo21,2962,16,1.7424202035181224
evo21,2963,16,1.6289493639487773
evo21,2964,16,1.7213479969650507
evo21,2965,16,1.6363676395267248
evo21,2966,16,1.8839614591561258
evo21,2967,16,1.5512283109128475
evo21,2968,16,1.512239851988852
evo21,2969,16,1.961447574198246
evo21,2970,16,1.8379410272464156
evo21,2971,16,1.7352548316121101
evo21,2972,16,1.4142386675812304
evo21,2973,16,1.4544210648164153
evo21,2974,16,1.5012012859806418
evo21,2975,16,1.44633415248245
evo21,2976,16,1.4616894433274865
evo21,2977,16,1.6534898998215795
evo21,2978,16,1.5093586817383766
evo21,2979,16,1.7942465944215655
evo21,2980,16,1.472373359836638
evo21,2981,16,1.6744937412440777
evo21,2982,16,1.6519947410561144
evo21,2983,16,1.5141283785924315
evo21,2984,16,1.7565861828625202
evo21,2985,16,1.626172486692667
evo21,2986,16,1.9721575817093253
evo21,2987,16,1.510716279502958
evo21,2988,16,1.6904054689221084
evo21,2989,16,1.6095823757350445
evo21,2990,16,1.9033925626426935
evo21,2991,16,1.8437241613864899
evo21,2992,16,1.5391560238786042
evo21,2993,16,1.6311258133500814
evo21,2994,16,1.868785341270268
evo21,2995,16,1.7881017215549946
evo21,2996,16,1.5940211187116802
evo21,2997,16,1.683742430061102
evo21,2998,16,1.549117075279355
evo21,2999,16,1.939100804273039
evo21,3000,16,1.5595515468157828
evo21,3001,16,1.606370700057596
evo21,3002,16,1.8578436630778015
evo21,3003,16,1.6860560160130262
evo21,3004,16,1.8817458604462445
evo21,3005,16,1.506988262059167
evo21,3006,16,1.5852102304343134
evo21,3007,16,1.4781872536987066
evo21,3008,16,1.718062334228307
evo21,3009,16,1.6734949573874474
evo21,3010,16,1.4468863499350846
evo21,3011,16,1.9465604051947594
evo21,3012,16,1.892065211199224
evo21,3013,16,1.5587947550229728
evo21,3014,16,1.7412132313475013
evo21,3015,16,1.8578957868739963
evo21,3016,16,1.6719657694920897
evo21,3017,16,1.8328979820944369
evo21,3018,16,1.6075671291910112
evo21,3019,16,1.7737578847445548
evo21,3020,16,1.7735213320702314
evo21,3021,16,1.693894944153726
evo21,3022,16,1.7103522620163858
evo21,3023,16,1.7173674574587494
evo21,3024,16,1.8153837025165558
evo21,3025,16,1.606395609676838
evo21,3026,16,1.4430365404114127
evo21,3027,16,1.6597464052028954
evo21,3028,16,1.7554416311904788
evo21,3029,16,1.483396980445832
evo21,3030,16,1.596462537534535
evo21,3031,16,1.989635827485472
evo21,3032,16,1.6202451437711716
evo21,3033,16,1.7669442971237004
evo21,3034,16,1.5934322364628315
evo21,3035,16,2.0560705922544003
evo21,3036,16,1.5171920768916607
evo21,3037,16,1.8055386394262314
evo21,3038,16,1.6995294084772468
evo21,3039,16,1.3671343163587153
evo21,3040,16,1.844750152900815
evo21,3041,16,1.889623111113906
evo21,3042,16,1.7304124552756548
evo21,3043,16,1.9571709018200636
evo21,3044,16,1.6224483139812946
evo21,3045,16,1.7357471641153097
evo21,3046,16,1.9053997425362468
evo21,3047,16,1.9405347276479006
evo21,3048,16,1.6465888489037752
evo21,3049,16,1.998197772540152
evo21,3050,16,1.7887324979528785
evo21,3051,16,1.6674033803865314
evo21,3052,16,1.7743504969403148
evo21,3053,16,1.8403108082711697
evo21,3054,16,1.626749660819769
evo21,3055,16,2.1019571721553802
evo21,3056,16,1.6911281002685428
evo21,3057,16,1.8289361651986837
evo21,3058,16,1.7333024870604277
evo21,3059,16,1.7956563979387283
evo21,3060,16,1.9714166224002838
evo21,3061,16,1.8524309992790222
evo21,3062,16,2.112620398402214
evo21,3063,16,1.6553506441414356
evo21,3064,16,1.8850807566195726
evo21,3065,16,1.8153700260445476
evo21,3066,16,1.849665149115026
evo21,3067,16,1.6364368544891477
evo21,3068,16,1.6828658357262611
evo21,3069,16,1.6361171617172658
evo21,3070,16,1.9072522595524788
evo21,3071,16,1.5537046194076538
