model,model_window_position,base_count,mean_bpb
megabyte1,0,2926,2.0227503017130894
megabyte1,1,2926,2.0079873867908407
megabyte1,2,2926,2.0009268332407726
megabyte1,3,2926,1.963964977251367
megabyte1,4,2926,1.9602299427546137
megabyte1,5,2926,1.9594122468814081
megabyte1,6,2926,1.955121012314166
megabyte1,7,2926,1.942326074419002
megabyte1,8,2926,1.9457704096889952
megabyte1,9,2926,1.9266460051050922
megabyte1,10,2926,1.923991664174641
megabyte1,11,2926,1.9269513894822283
megabyte1,12,2926,1.8968157921437117
megabyte1,13,2926,1.9047305875662166
megabyte1,14,2926,1.9023315680002564
megabyte1,15,2926,1.8822744894907724
megabyte1,16,2926,1.881890005553657
megabyte1,17,2926,1.897436656938867
megabyte1,18,2926,1.8878656936197027
megabyte1,19,2926,1.8924418701672505
megabyte1,20,2926,1.8880904765464799
megabyte1,21,2926,1.8720931328899308
megabyte1,22,2926,1.8756050115078178
megabyte1,23,2926,1.8893095526235688
megabyte1,24,2926,1.8582514191195318
megabyte1,25,2926,1.8660991718242694
megabyte1,26,2926,1.8585586391404647
megabyte1,27,2926,1.853623177038833
megabyte1,28,2926,1.859579924598428
megabyte1,29,2926,1.8677417392691602
megabyte1,30,2926,1.8514839949382957
megabyte1,31,2926,1.8494183846067584
megabyte1,32,2926,1.8376569976076556
megabyte1,33,2926,1.825127143364448
megabyte1,34,2926,1.8223675449499104
megabyte1,35,2926,1.8595770355454064
megabyte1,36,2926,1.8374558694543532
megabyte1,37,2926,1.8182305670403816
megabyte1,38,2926,1.8336450937913855
megabyte1,39,2926,1.8381767872662391
megabyte1,40,2926,1.8301429566013756
megabyte1,41,2926,1.851949184623713
megabyte1,42,2926,1.8228676535866477
megabyte1,43,2926,1.8236152508123558
megabyte1,44,2926,1.832275567931503
megabyte1,45,2926,1.8394084833944324
megabyte1,46,2926,1.8379334340907088
megabyte1,47,2926,1.8275056475250182
megabyte1,48,2926,1.8401213598349122
megabyte1,49,2926,1.824196753563819
megabyte1,50,2926,1.8216709076991573
megabyte1,51,2926,1.7936004617812287
megabyte1,52,2926,1.825603409491413
megabyte1,53,2926,1.821096533712099
megabyte1,54,2926,1.822255747984797
megabyte1,55,2926,1.8206623830945217
megabyte1,56,2926,1.8156331884315058
megabyte1,57,2926,1.8002564018911804
megabyte1,58,2926,1.816136196551059
megabyte1,59,2926,1.8270661516378615
megabyte1,60,2926,1.8167846950862152
megabyte1,61,2926,1.8191628550635734
megabyte1,62,2926,1.806106551738121
megabyte1,63,2926,1.826860439589964
megabyte1,64,2926,1.7826708039435637
megabyte1,65,2926,1.8066323020241477
megabyte1,66,2926,1.812681853893434
megabyte1,67,2926,1.8275128545128803
megabyte1,68,2926,1.8287238735738716
megabyte1,69,2926,1.7875348636734103
megabyte1,70,2926,1.8200189117202186
megabyte1,71,2926,1.8253202822953156
megabyte1,72,2926,1.805801203865265
megabyte1,73,2926,1.8271294083402976
megabyte1,74,2926,1.8248040126923086
megabyte1,75,2926,1.8393284868721431
megabyte1,76,2926,1.8147745086815938
megabyte1,77,2926,1.8330718775114945
megabyte1,78,2926,1.7987071628531446
megabyte1,79,2926,1.8180020919664217
megabyte1,80,2926,1.8200541800696477
megabyte1,81,2926,1.8134890365339842
megabyte1,82,2926,1.8221852034635928
megabyte1,83,2926,1.8312646079698982
megabyte1,84,2926,1.8305764240674263
megabyte1,85,2926,1.7964473784336552
megabyte1,86,2926,1.8254242125880775
megabyte1,87,2926,1.7957292140874648
megabyte1,88,2926,1.8281834224927775
megabyte1,89,2926,1.8216465124102872
megabyte1,90,2926,1.7894532131317618
megabyte1,91,2926,1.8131516965708339
megabyte1,92,2926,1.8214710989148342
megabyte1,93,2926,1.7924935842163336
megabyte1,94,2926,1.8210149675057672
megabyte1,95,2926,1.8090773795617416
megabyte1,96,2926,1.8127602859465781
megabyte1,97,2926,1.8391821881474817
megabyte1,98,2926,1.8338750707557245
megabyte1,99,2926,1.8377492908574258
megabyte1,100,2926,1.835989836707803
megabyte1,101,2926,1.8285489502787509
megabyte1,102,2926,1.8240963876532597
megabyte1,103,2926,1.8471911228933484
megabyte1,104,2926,1.8145680404736095
megabyte1,105,2926,1.8621992631392046
megabyte1,106,2926,1.8390099765988792
megabyte1,107,2926,1.8194855633290434
megabyte1,108,2926,1.8379064052787775
megabyte1,109,2926,1.8225188186864534
megabyte1,110,2926,1.8362772714089468
megabyte1,111,2926,1.8077098353627765
megabyte1,112,2926,1.8540586144322821
megabyte1,113,2926,1.8180393706587024
megabyte1,114,2926,1.827112381701101
megabyte1,115,2926,1.7953367409279146
megabyte1,116,2926,1.8440393224939124
megabyte1,117,2926,1.8271144989493442
megabyte1,118,2926,1.8226264176593605
megabyte1,119,2926,1.8235010549945532
megabyte1,120,2926,1.822878161604406
megabyte1,121,2926,1.808102355456401
megabyte1,122,2926,1.835072233834987
megabyte1,123,2926,1.8137738324971697
megabyte1,124,2926,1.805432985192362
megabyte1,125,2926,1.820111653451144
megabyte1,126,2926,1.8175317629998624
megabyte1,127,2926,1.8019104160353165
megabyte1,128,2926,1.8159451905131259
megabyte1,129,2926,1.8226768196403207
megabyte1,130,2926,1.823114678049772
megabyte1,131,2926,1.7917041791601696
megabyte1,132,2926,1.8191513301408706
megabyte1,133,2926,1.836152283361491
megabyte1,134,2926,1.8224812166705493
megabyte1,135,2926,1.8141489609087973
megabyte1,136,2926,1.792296289012437
megabyte1,137,2926,1.8234251834559099
megabyte1,138,2926,1.8186486714194265
megabyte1,139,2926,1.8078200287470163
megabyte1,140,2926,1.805193511900312
megabyte1,141,2926,1.7853754764538632
megabyte1,142,2926,1.7977418202043638
megabyte1,143,2926,1.8036213586041965
megabyte1,144,2926,1.782145234875213
megabyte1,145,2926,1.7976415080724313
megabyte1,146,2926,1.8042500222780407
megabyte1,147,2926,1.7871328003180003
megabyte1,148,2926,1.8368175660431263
megabyte1,149,2926,1.828941128796612
megabyte1,150,2926,1.83327722712404
megabyte1,151,2926,1.791117430222173
megabyte1,152,2926,1.79635399820376
megabyte1,153,2926,1.800428183210768
megabyte1,154,2926,1.801054103848711
megabyte1,155,2926,1.8148055268898453
megabyte1,156,2926,1.7966377273945473
megabyte1,157,2926,1.8010184209149582
megabyte1,158,2926,1.8035380089030393
megabyte1,159,2926,1.8032038578494967
megabyte1,160,2926,1.7996869227369598
megabyte1,161,2926,1.7935605208839527
megabyte1,162,2926,1.79889972032298
megabyte1,163,2926,1.8026239860571172
megabyte1,164,2926,1.7909566914473016
megabyte1,165,2926,1.7798002377325595
megabyte1,166,2926,1.8199099177623235
megabyte1,167,2926,1.8076453049217114
megabyte1,168,2926,1.787712958929723
megabyte1,169,2926,1.8024768060148373
megabyte1,170,2926,1.8186482177233745
megabyte1,171,2926,1.8130364929741567
megabyte1,172,2926,1.803826716039088
megabyte1,173,2926,1.7902205924179484
megabyte1,174,2926,1.8017666491432216
megabyte1,175,2926,1.8094651384542677
megabyte1,176,2926,1.7916487845670501
megabyte1,177,2926,1.797228750592621
megabyte1,178,2926,1.7861166254592447
megabyte1,179,2926,1.7928831318185823
megabyte1,180,2926,1.785244892821765
megabyte1,181,2926,1.7956730418228077
megabyte1,182,2926,1.7983108098101144
megabyte1,183,2926,1.799266311947972
megabyte1,184,2926,1.7795845365491698
megabyte1,185,2926,1.8107673764962167
megabyte1,186,2926,1.7838084233271612
megabyte1,187,2926,1.7804179423000417
megabyte1,188,2926,1.7708790036642788
megabyte1,189,2926,1.769307877702902
megabyte1,190,2926,1.8086912242500894
megabyte1,191,2926,1.7879721849484551
megabyte1,192,2926,1.818767054799641
megabyte1,193,2926,1.8444171730818524
megabyte1,194,2926,1.8154001503225392
megabyte1,195,2926,1.818134216600628
megabyte1,196,2926,1.8357587333256793
megabyte1,197,2926,1.8153170248619597
megabyte1,198,2926,1.8449851588199013
megabyte1,199,2926,1.8226057405921587
megabyte1,200,2926,1.8221847523749892
megabyte1,201,2926,1.8157849888726612
megabyte1,202,2926,1.8409994024979441
megabyte1,203,2926,1.8232107938191537
megabyte1,204,2926,1.8194392759019353
megabyte1,205,2926,1.8200082003214713
megabyte1,206,2926,1.8257097725336957
megabyte1,207,2926,1.8187636651164933
megabyte1,208,2926,1.822823639854697
megabyte1,209,2926,1.843679087828547
megabyte1,210,2926,1.816019221193075
megabyte1,211,2926,1.8125173343181284
megabyte1,212,2926,1.8216790637983007
megabyte1,213,2926,1.8081994151221672
megabyte1,214,2926,1.801591472925589
megabyte1,215,2926,1.8228304009688527
megabyte1,216,2926,1.822358872575949
megabyte1,217,2926,1.794183664589163
megabyte1,218,2926,1.7961411648878722
megabyte1,219,2926,1.7952735937383186
megabyte1,220,2926,1.8005022373577544
megabyte1,221,2926,1.8070707497169771
megabyte1,222,2926,1.8140453800141445
megabyte1,223,2926,1.8297913017455472
megabyte1,224,2926,1.7962811822689158
megabyte1,225,2926,1.8205536837783156
megabyte1,226,2926,1.7892325265066964
megabyte1,227,2926,1.8009277677503417
megabyte1,228,2926,1.817053940226098
megabyte1,229,2926,1.8080066255894085
megabyte1,230,2926,1.7929918624241712
megabyte1,231,2926,1.7999443945946632
megabyte1,232,2926,1.7839045182369542
megabyte1,233,2926,1.8058385581735545
megabyte1,234,2926,1.8233431739833204
megabyte1,235,2926,1.8012283720223772
megabyte1,236,2926,1.8009920778620023
megabyte1,237,2926,1.8317012773827992
megabyte1,238,2926,1.792036537592817
megabyte1,239,2926,1.8001976508598823
megabyte1,240,2926,1.8022941177378593
megabyte1,241,2926,1.8022503777880092
megabyte1,242,2926,1.791020062877475
megabyte1,243,2926,1.7966979855311218
megabyte1,244,2926,1.7809639276907367
megabyte1,245,2926,1.8022972023495238
megabyte1,246,2926,1.815612860762413
megabyte1,247,2926,1.8291556201238626
megabyte1,248,2926,1.7950139283645015
megabyte1,249,2926,1.7907145429130131
megabyte1,250,2926,1.7984610197076387
megabyte1,251,2926,1.8026649855785148
megabyte1,252,2926,1.8103845978304693
megabyte1,253,2926,1.8073037513216634
megabyte1,254,2926,1.7960799211357361
megabyte1,255,2926,1.820903692030369
megabyte1,256,2926,1.80316248155178
megabyte1,257,2926,1.7891659739892611
megabyte1,258,2926,1.811787118344623
megabyte1,259,2926,1.7977144419943236
megabyte1,260,2926,1.8018493495896835
megabyte1,261,2926,1.8138033748895277
megabyte1,262,2926,1.8176012697565336
megabyte1,263,2926,1.8109466438006638
megabyte1,264,2926,1.7805926830737622
megabyte1,265,2926,1.8166702489533493
megabyte1,266,2926,1.802550852339478
megabyte1,267,2926,1.7940589086046304
megabyte1,268,2926,1.7808361666217212
megabyte1,269,2926,1.8023090479884014
megabyte1,270,2926,1.8019447039840812
megabyte1,271,2926,1.8062344757726725
megabyte1,272,2926,1.8010721317481604
megabyte1,273,2926,1.7963815612167182
megabyte1,274,2926,1.7876373129353813
megabyte1,275,2926,1.797326943846655
megabyte1,276,2926,1.7956314399807891
megabyte1,277,2926,1.8087642302027485
megabyte1,278,2926,1.8032003886391672
megabyte1,279,2926,1.8167309816455646
megabyte1,280,2926,1.799504220770877
megabyte1,281,2926,1.7907036698524543
megabyte1,282,2926,1.7800949941493025
megabyte1,283,2926,1.8212717099297315
megabyte1,284,2926,1.7998050577576976
megabyte1,285,2926,1.76977733056674
megabyte1,286,2926,1.7991062172128987
megabyte1,287,2926,1.7891987496178523
megabyte1,288,2926,1.8322616441561113
megabyte1,289,2926,1.8314651624845137
megabyte1,290,2926,1.8584072819655673
megabyte1,291,2926,1.8453499304457877
megabyte1,292,2926,1.8318280463176317
megabyte1,293,2926,1.8238668904594584
megabyte1,294,2926,1.811225573004555
megabyte1,295,2926,1.8477080652180877
megabyte1,296,2926,1.8270770559878033
megabyte1,297,2926,1.8391113171248263
megabyte1,298,2926,1.8308891979538247
megabyte1,299,2926,1.805329977936396
megabyte1,300,2926,1.798081901899691
megabyte1,301,2926,1.8187288322109763
megabyte1,302,2926,1.8162120472301135
megabyte1,303,2926,1.8147250792789524
megabyte1,304,2926,1.8178990873179042
megabyte1,305,2926,1.8272621379025733
megabyte1,306,2926,1.8226122755101504
megabyte1,307,2926,1.8144183937849774
megabyte1,308,2926,1.8335597207101337
megabyte1,309,2926,1.8060633593524718
megabyte1,310,2926,1.8310873796902367
megabyte1,311,2926,1.811133185886636
megabyte1,312,2926,1.8169972125748943
megabyte1,313,2926,1.8120635183233964
megabyte1,314,2926,1.8382996971771803
megabyte1,315,2926,1.8085545861223995
megabyte1,316,2926,1.7980442112305355
megabyte1,317,2926,1.8106185329017457
megabyte1,318,2926,1.7949207303300754
megabyte1,319,2926,1.8193306704538779
megabyte1,320,2926,1.8263289007681
megabyte1,321,2926,1.7972722708649287
megabyte1,322,2926,1.8113208387457012
megabyte1,323,2926,1.8040352936729698
megabyte1,324,2926,1.8033971102043773
megabyte1,325,2926,1.7914272629065784
megabyte1,326,2926,1.8058398436457022
megabyte1,327,2926,1.8104926035653544
megabyte1,328,2926,1.8211862090834998
megabyte1,329,2926,1.805999515974106
megabyte1,330,2926,1.8264306538413015
megabyte1,331,2926,1.7987101223072774
megabyte1,332,2926,1.7862534539306807
megabyte1,333,2926,1.7932020279942353
megabyte1,334,2926,1.8236418885070007
megabyte1,335,2926,1.8332730786733569
megabyte1,336,2926,1.795044946572753
megabyte1,337,2926,1.7913224539036467
megabyte1,338,2926,1.7806959901863144
megabyte1,339,2926,1.7964511644489864
megabyte1,340,2926,1.8313800918672969
megabyte1,341,2926,1.7957902701033033
megabyte1,342,2926,1.7910007938325039
megabyte1,343,2926,1.7983306303304594
megabyte1,344,2926,1.810062193332758
megabyte1,345,2926,1.7938646680267396
megabyte1,346,2926,1.7850433526915879
megabyte1,347,2926,1.8246395139765919
megabyte1,348,2926,1.8095724401780375
megabyte1,349,2926,1.7999551340234825
megabyte1,350,2926,1.7987006442317064
megabyte1,351,2926,1.8022703730074086
megabyte1,352,2926,1.8069853479537912
megabyte1,353,2926,1.79657657751056
megabyte1,354,2926,1.8126221589657516
megabyte1,355,2926,1.7918092801973418
megabyte1,356,2926,1.8154325869828156
megabyte1,357,2926,1.797578309711657
megabyte1,358,2926,1.7919706525822168
megabyte1,359,2926,1.7760529482275023
megabyte1,360,2926,1.7827443027040035
megabyte1,361,2926,1.8122755038925662
megabyte1,362,2926,1.8208528493905995
megabyte1,363,2926,1.7893273802709677
megabyte1,364,2926,1.7902496322245933
megabyte1,365,2926,1.80632865942266
megabyte1,366,2926,1.8090617818043644
megabyte1,367,2926,1.7882604123139658
megabyte1,368,2926,1.8093109808796004
megabyte1,369,2926,1.786039945611543
megabyte1,370,2926,1.8145492407693817
megabyte1,371,2926,1.7976002409616236
megabyte1,372,2926,1.7944656836196158
megabyte1,373,2926,1.8038936857482952
megabyte1,374,2926,1.7934887482544697
megabyte1,375,2926,1.806219928817071
megabyte1,376,2926,1.7896516999396574
megabyte1,377,2926,1.8119183355867252
megabyte1,378,2926,1.808625133251052
megabyte1,379,2926,1.8076094746671143
megabyte1,380,2926,1.8051704542325606
megabyte1,381,2926,1.8035801778651228
megabyte1,382,2926,1.7851317034791123
megabyte1,383,2926,1.808449573738479
megabyte1,384,2926,1.8344292683057075
megabyte1,385,2926,1.8276974618720097
megabyte1,386,2926,1.838815956350393
megabyte1,387,2926,1.8128111285863473
megabyte1,388,2926,1.818027081753567
megabyte1,389,2926,1.8384949690009826
megabyte1,390,2926,1.8259303261788837
megabyte1,391,2926,1.8471353652130147
megabyte1,392,2926,1.8313399006549578
megabyte1,393,2926,1.830803372480245
megabyte1,394,2926,1.8185229350342298
megabyte1,395,2926,1.7989387851175347
megabyte1,396,2926,1.8245765154115647
megabyte1,397,2926,1.8245012826978224
megabyte1,398,2926,1.8170233392096184
megabyte1,399,2926,1.8339494100516573
megabyte1,400,2926,1.81107485204711
megabyte1,401,2926,1.8017163227782702
megabyte1,402,2926,1.810071817262484
megabyte1,403,2926,1.830521706759074
megabyte1,404,2926,1.824579380997549
megabyte1,405,2926,1.8096553413980396
megabyte1,406,2926,1.8270711944434062
megabyte1,407,2926,1.831484530612531
megabyte1,408,2926,1.7966762550546955
megabyte1,409,2926,1.803084612707528
megabyte1,410,2926,1.8164046438116777
megabyte1,411,2926,1.8382399631377695
megabyte1,412,2926,1.8090205997615665
megabyte1,413,2926,1.8119994428821076
megabyte1,414,2926,1.818560710445464
megabyte1,415,2926,1.7740437422235453
megabyte1,416,2926,1.7953987147656516
megabyte1,417,2926,1.818510439488795
megabyte1,418,2926,1.7886036568444148
megabyte1,419,2926,1.7981761794178273
megabyte1,420,2926,1.7933412501034636
megabyte1,421,2926,1.8256284123158015
megabyte1,422,2926,1.7991538266164346
megabyte1,423,2926,1.8071442380476226
megabyte1,424,2926,1.7959413352439604
megabyte1,425,2926,1.779927101839265
megabyte1,426,2926,1.7897530931849555
megabyte1,427,2926,1.8116836782521935
megabyte1,428,2926,1.7912898868709415
megabyte1,429,2926,1.8077631400858631
megabyte1,430,2926,1.7928577926333278
megabyte1,431,2926,1.8199769005087738
megabyte1,432,2926,1.794158351478394
megabyte1,433,2926,1.7879129280721335
megabyte1,434,2926,1.8005130269799587
megabyte1,435,2926,1.807247232266346
megabyte1,436,2926,1.8175275467555163
megabyte1,437,2926,1.8013310748587221
megabyte1,438,2926,1.7959789190077244
megabyte1,439,2926,1.8102361720796325
megabyte1,440,2926,1.8116119968834106
megabyte1,441,2926,1.7928370269128744
megabyte1,442,2926,1.7860195762232731
megabyte1,443,2926,1.783965498636784
megabyte1,444,2926,1.7911528758781052
megabyte1,445,2926,1.7988721830585763
megabyte1,446,2926,1.7778688536387801
megabyte1,447,2926,1.8030254444844578
megabyte1,448,2926,1.794006746595882
megabyte1,449,2926,1.8107760958042523
megabyte1,450,2926,1.8041581879392194
megabyte1,451,2926,1.7951394587612608
megabyte1,452,2926,1.7991042903084016
megabyte1,453,2926,1.8044011545604985
megabyte1,454,2926,1.7779847390832595
megabyte1,455,2926,1.7788320386238645
megabyte1,456,2926,1.7772870067041049
megabyte1,457,2926,1.7966712331087396
megabyte1,458,2926,1.8012858747376699
megabyte1,459,2926,1.7856525419838853
megabyte1,460,2926,1.79226733068856
megabyte1,461,2926,1.7966206798957622
megabyte1,462,2926,1.8083030572918612
megabyte1,463,2926,1.789159985983608
megabyte1,464,2926,1.772057554775611
megabyte1,465,2926,1.800431215673461
megabyte1,466,2926,1.7724398901751004
megabyte1,467,2926,1.7967778308213938
megabyte1,468,2926,1.8120982912575962
megabyte1,469,2926,1.796023214344121
megabyte1,470,2926,1.7907487891426008
megabyte1,471,2926,1.8192138697949485
megabyte1,472,2926,1.801589373929486
megabyte1,473,2926,1.8024418662039288
megabyte1,474,2926,1.7870959570696316
megabyte1,475,2926,1.7975311513967247
megabyte1,476,2926,1.8144138855063907
megabyte1,477,2926,1.8276076352685915
megabyte1,478,2926,1.7744119582889997
megabyte1,479,2926,1.8202711875847735
megabyte1,480,2926,1.8094742749540755
megabyte1,481,2926,1.8093614662989148
megabyte1,482,2926,1.7992239982724922
megabyte1,483,2926,1.82294755363334
megabyte1,484,2926,1.8274432252061261
megabyte1,485,2926,1.8247940365940598
megabyte1,486,2926,1.7871510550654757
megabyte1,487,2926,1.8268859091476473
megabyte1,488,2926,1.8117537325730653
megabyte1,489,2926,1.8029236522995278
megabyte1,490,2926,1.8203517671977505
megabyte1,491,2926,1.8214992371961343
megabyte1,492,2926,1.8317099262897234
megabyte1,493,2926,1.8161273520854917
megabyte1,494,2926,1.8130988944334603
megabyte1,495,2926,1.8298854045646287
megabyte1,496,2926,1.8042615537193647
megabyte1,497,2926,1.8007258886518498
megabyte1,498,2926,1.8104167398490567
megabyte1,499,2926,1.8053173213810116
megabyte1,500,2926,1.8067678319861933
megabyte1,501,2926,1.8139241988416086
megabyte1,502,2926,1.7995340917017553
megabyte1,503,2926,1.8125398287769874
megabyte1,504,2926,1.779745687300916
megabyte1,505,2926,1.8221656554216241
megabyte1,506,2926,1.822837073429757
megabyte1,507,2926,1.7972693022847257
megabyte1,508,2926,1.7956920057962955
megabyte1,509,2926,1.7826415548891705
megabyte1,510,2926,1.8201973726711937
megabyte1,511,2926,1.8149839650256456
megabyte1,512,2926,1.822928980777138
megabyte1,513,2926,1.7923652534198045
megabyte1,514,2926,1.8014273861867471
megabyte1,515,2926,1.7978961498706372
megabyte1,516,2926,1.7985191892779044
megabyte1,517,2926,1.7851445269112056
megabyte1,518,2926,1.7814602672605586
megabyte1,519,2926,1.8119733612258713
megabyte1,520,2926,1.7987262650214069
megabyte1,521,2926,1.7902240140423413
megabyte1,522,2926,1.7987226002524344
megabyte1,523,2926,1.78882891954173
megabyte1,524,2926,1.7969943168468046
megabyte1,525,2926,1.8004696807548435
megabyte1,526,2926,1.8021771893139498
megabyte1,527,2926,1.820908043862041
megabyte1,528,2926,1.7826817623980633
megabyte1,529,2926,1.7975499185078452
megabyte1,530,2926,1.802131248677502
megabyte1,531,2926,1.809543221109303
megabyte1,532,2926,1.7938325377416708
megabyte1,533,2926,1.7993526184958133
megabyte1,534,2926,1.795923770166633
megabyte1,535,2926,1.7959253620139883
megabyte1,536,2926,1.8113778903723903
megabyte1,537,2926,1.8072767381544237
megabyte1,538,2926,1.7840369375128495
megabyte1,539,2926,1.8125001147277373
megabyte1,540,2926,1.7941861872956595
megabyte1,541,2926,1.784732067658326
megabyte1,542,2926,1.7926602875298208
megabyte1,543,2926,1.789310030308148
megabyte1,544,2926,1.7848906187838427
megabyte1,545,2926,1.802492523714849
megabyte1,546,2926,1.7908143951562032
megabyte1,547,2926,1.7953778864664325
megabyte1,548,2926,1.8065058929172184
megabyte1,549,2926,1.7799019230120978
megabyte1,550,2926,1.7888085449385627
megabyte1,551,2926,1.7950752451251977
megabyte1,552,2926,1.7819905766704192
megabyte1,553,2926,1.811651481477186
megabyte1,554,2926,1.8172746816075833
megabyte1,555,2926,1.802033693596507
megabyte1,556,2926,1.7955566896450332
megabyte1,557,2926,1.7857688439682748
megabyte1,558,2926,1.811116474748717
megabyte1,559,2926,1.7995114851226077
megabyte1,560,2926,1.81520792921357
megabyte1,561,2926,1.7830688570430648
megabyte1,562,2926,1.7902277596422196
megabyte1,563,2926,1.8118278232243317
megabyte1,564,2926,1.7912047530230968
megabyte1,565,2926,1.7905380108221214
megabyte1,566,2926,1.7960559148456003
megabyte1,567,2926,1.793667064492049
megabyte1,568,2926,1.7892643452016606
megabyte1,569,2926,1.7744172018680846
megabyte1,570,2926,1.7991616895405789
megabyte1,571,2926,1.8022594960356768
megabyte1,572,2926,1.793713922298533
megabyte1,573,2926,1.7981345730127738
megabyte1,574,2926,1.7862914548862168
megabyte1,575,2926,1.8130089869991362
megabyte1,576,2926,1.8487207565255468
megabyte1,577,2926,1.838968022751303
megabyte1,578,2926,1.836621319033557
megabyte1,579,2926,1.807749098323423
megabyte1,580,2926,1.8017077703469433
megabyte1,581,2926,1.8346327327329333
megabyte1,582,2926,1.81423756657442
megabyte1,583,2926,1.8191208334223343
megabyte1,584,2926,1.8571884874929245
megabyte1,585,2926,1.7891810222268512
megabyte1,586,2926,1.7910963098887132
megabyte1,587,2926,1.8424438247107024
megabyte1,588,2926,1.801847996975735
megabyte1,589,2926,1.8107428469237448
megabyte1,590,2926,1.8150332145143353
megabyte1,591,2926,1.7916575703650244
megabyte1,592,2926,1.8013969390097335
megabyte1,593,2926,1.793962060142199
megabyte1,594,2926,1.8041516966959914
megabyte1,595,2926,1.8166779044223662
megabyte1,596,2926,1.8105575551093642
megabyte1,597,2926,1.7806477784621577
megabyte1,598,2926,1.7891793189110694
megabyte1,599,2926,1.790041518716558
megabyte1,600,2926,1.8049771353877413
megabyte1,601,2926,1.786404974071114
megabyte1,602,2926,1.8062904759457237
megabyte1,603,2926,1.791332096248478
megabyte1,604,2926,1.8054900348634648
megabyte1,605,2926,1.7834347449828727
megabyte1,606,2926,1.7845550323298591
megabyte1,607,2926,1.8027116589080123
megabyte1,608,2926,1.793532602932057
megabyte1,609,2926,1.784573628653098
megabyte1,610,2926,1.8031955857188915
megabyte1,611,2926,1.7772755873830695
megabyte1,612,2926,1.803985835588394
megabyte1,613,2926,1.795339906370485
megabyte1,614,2926,1.7808173538802505
megabyte1,615,2926,1.7952257470569624
megabyte1,616,2926,1.797913155650245
megabyte1,617,2926,1.8005194569481453
megabyte1,618,2926,1.7918010849864696
megabyte1,619,2926,1.766742615038128
megabyte1,620,2926,1.8053112799226627
megabyte1,621,2926,1.8014825066718352
megabyte1,622,2926,1.7920083041396437
megabyte1,623,2926,1.7800217717784117
megabyte1,624,2926,1.794685770531509
megabyte1,625,2926,1.8143963696446552
megabyte1,626,2926,1.7964032062992037
megabyte1,627,2926,1.7846443348361136
megabyte1,628,2926,1.7831849641206732
megabyte1,629,2926,1.8019293304672814
megabyte1,630,2926,1.8125116318280943
megabyte1,631,2926,1.80452088403604
megabyte1,632,2926,1.7813428877480455
megabyte1,633,2926,1.833435548794082
megabyte1,634,2926,1.7954967444022876
megabyte1,635,2926,1.8272610271294802
megabyte1,636,2926,1.7963416151045448
megabyte1,637,2926,1.7720015989291855
megabyte1,638,2926,1.7791256594967533
megabyte1,639,2926,1.8119550953967394
megabyte1,640,2926,1.823125415523005
megabyte1,641,2926,1.7971477756252536
megabyte1,642,2926,1.7792487571439919
megabyte1,643,2926,1.800669382633775
megabyte1,644,2926,1.8118289678942563
megabyte1,645,2926,1.785804946701248
megabyte1,646,2926,1.7861113773171249
megabyte1,647,2926,1.799560260707519
megabyte1,648,2926,1.7829066711342343
megabyte1,649,2926,1.7947649926415716
megabyte1,650,2926,1.7871279934865518
megabyte1,651,2926,1.7969825728984214
megabyte1,652,2926,1.7838284954662935
megabyte1,653,2926,1.787448276824847
megabyte1,654,2926,1.8084464004735628
megabyte1,655,2926,1.794244251264258
megabyte1,656,2926,1.7769094950844797
megabyte1,657,2926,1.8087978467335053
megabyte1,658,2926,1.779182841495871
megabyte1,659,2926,1.8020211733617932
megabyte1,660,2926,1.7883271812496329
megabyte1,661,2926,1.8049229630361414
megabyte1,662,2926,1.7894525312839593
megabyte1,663,2926,1.8115420574532415
megabyte1,664,2926,1.8124829877017705
megabyte1,665,2926,1.7971960707877648
megabyte1,666,2926,1.7953637801696403
megabyte1,667,2926,1.7690615376950287
megabyte1,668,2926,1.7798666585738416
megabyte1,669,2926,1.787226251274938
megabyte1,670,2926,1.8102533649436758
megabyte1,671,2926,1.7824393273703627
megabyte1,672,2926,1.8091729790563056
megabyte1,673,2926,1.825098565728063
megabyte1,674,2926,1.8250846315228768
megabyte1,675,2926,1.8398874925572988
megabyte1,676,2926,1.827034471137672
megabyte1,677,2926,1.8255630044682907
megabyte1,678,2926,1.8311874053287571
megabyte1,679,2926,1.8461225591778185
megabyte1,680,2926,1.7982324377282874
megabyte1,681,2926,1.8035893938921121
megabyte1,682,2926,1.809770324665312
megabyte1,683,2926,1.8376533158902673
megabyte1,684,2926,1.8137122967107933
megabyte1,685,2926,1.792804793633587
megabyte1,686,2926,1.781990463246406
megabyte1,687,2926,1.822308298503383
megabyte1,688,2926,1.7971983953281698
megabyte1,689,2926,1.806524460558523
megabyte1,690,2926,1.8120592786120129
megabyte1,691,2926,1.8326432807593824
megabyte1,692,2926,1.7974237531973578
megabyte1,693,2926,1.7983261311779426
megabyte1,694,2926,1.816738616254993
megabyte1,695,2926,1.8158138898326694
megabyte1,696,2926,1.8123301299402181
megabyte1,697,2926,1.803966018979222
megabyte1,698,2926,1.7899442452400087
megabyte1,699,2926,1.7826932853651796
megabyte1,700,2926,1.7935801497568273
megabyte1,701,2926,1.810143533994788
megabyte1,702,2926,1.8095041563147483
megabyte1,703,2926,1.7856560405280113
megabyte1,704,2926,1.8092970571042084
megabyte1,705,2926,1.7945014969257973
megabyte1,706,2926,1.7866073785704941
megabyte1,707,2926,1.7882762551715092
megabyte1,708,2926,1.7802652396816794
megabyte1,709,2926,1.8027371545401814
megabyte1,710,2926,1.8140841658117017
megabyte1,711,2926,1.8066933137133605
megabyte1,712,2926,1.8142434835270995
megabyte1,713,2926,1.7927419228335397
megabyte1,714,2926,1.7981146827431793
megabyte1,715,2926,1.7993338500809686
megabyte1,716,2926,1.811761097311566
megabyte1,717,2926,1.7819227634515977
megabyte1,718,2926,1.8090203650911947
megabyte1,719,2926,1.7790606395072182
megabyte1,720,2926,1.7926817324906281
megabyte1,721,2926,1.7990326949854216
megabyte1,722,2926,1.8104112668144972
megabyte1,723,2926,1.7956061894487862
megabyte1,724,2926,1.7901981220779888
megabyte1,725,2926,1.7889388495736633
megabyte1,726,2926,1.7614969995359158
megabyte1,727,2926,1.7934941195985348
megabyte1,728,2926,1.7845848713194925
megabyte1,729,2926,1.7754456082681067
megabyte1,730,2926,1.793872066662072
megabyte1,731,2926,1.77975986399882
megabyte1,732,2926,1.7777775251449826
megabyte1,733,2926,1.807226070213709
megabyte1,734,2926,1.8132777060862688
megabyte1,735,2926,1.7979706485876057
megabyte1,736,2926,1.7835169972741107
megabyte1,737,2926,1.7922901624860783
megabyte1,738,2926,1.7940546949677327
megabyte1,739,2926,1.7986596290656172
megabyte1,740,2926,1.7915736189951086
megabyte1,741,2926,1.7935900854396234
megabyte1,742,2926,1.7845202828626965
megabyte1,743,2926,1.7819129340223312
megabyte1,744,2926,1.769487687356653
megabyte1,745,2926,1.7968069143028025
megabyte1,746,2926,1.7890347984663364
megabyte1,747,2926,1.7724484895405017
megabyte1,748,2926,1.7883269087712568
megabyte1,749,2926,1.8146100542925028
megabyte1,750,2926,1.7709926519178807
megabyte1,751,2926,1.799382493174899
megabyte1,752,2926,1.7851868653574465
megabyte1,753,2926,1.7752862742561555
megabyte1,754,2926,1.7660597322415752
megabyte1,755,2926,1.782638850639067
megabyte1,756,2926,1.8259878191162444
megabyte1,757,2926,1.8100001621311523
megabyte1,758,2926,1.793655447656784
megabyte1,759,2926,1.8023156383146755
megabyte1,760,2926,1.7982142638117178
megabyte1,761,2926,1.7871552921694105
megabyte1,762,2926,1.7812151071231657
megabyte1,763,2926,1.807178460810173
megabyte1,764,2926,1.787374424755125
megabyte1,765,2926,1.776103861268383
megabyte1,766,2926,1.8032729461106713
megabyte1,767,2926,1.7846009260322326
megabyte1,768,2926,1.8212322409806476
megabyte1,769,2926,1.8307741260333006
megabyte1,770,2926,1.8289298463666268
megabyte1,771,2926,1.8318155983581335
megabyte1,772,2926,1.8090247299601099
megabyte1,773,2926,1.8168572134459906
megabyte1,774,2926,1.804667135826627
megabyte1,775,2926,1.8102631533056273
megabyte1,776,2926,1.810889358155465
megabyte1,777,2926,1.8221216781939535
megabyte1,778,2926,1.8134394285211153
megabyte1,779,2926,1.810277932324152
megabyte1,780,2926,1.834478168396288
megabyte1,781,2926,1.8162662951977222
megabyte1,782,2926,1.8149594028600666
megabyte1,783,2926,1.8213602054306521
megabyte1,784,2926,1.788701115449813
megabyte1,785,2926,1.8050238712960045
megabyte1,786,2926,1.8381511925510243
megabyte1,787,2926,1.818286750386695
megabyte1,788,2926,1.8222904322657452
megabyte1,789,2926,1.7862684050408113
megabyte1,790,2926,1.7986013499825113
megabyte1,791,2926,1.8125086775888586
megabyte1,792,2926,1.7750329928942437
megabyte1,793,2926,1.8010893461236543
megabyte1,794,2926,1.8013158499664912
megabyte1,795,2926,1.8152595566953607
megabyte1,796,2926,1.8165864142667572
megabyte1,797,2926,1.808297126650077
megabyte1,798,2926,1.7831566407105244
megabyte1,799,2926,1.7835935151340696
megabyte1,800,2926,1.8341283687401209
megabyte1,801,2926,1.8050586937717275
megabyte1,802,2926,1.7963881303574725
megabyte1,803,2926,1.8113269714647502
megabyte1,804,2926,1.793195081751231
megabyte1,805,2926,1.8087525436182341
megabyte1,806,2926,1.7947207364169033
megabyte1,807,2926,1.790701583893594
megabyte1,808,2926,1.7773282200362857
megabyte1,809,2926,1.786835206997207
megabyte1,810,2926,1.7979294349294939
megabyte1,811,2926,1.8122262596187735
megabyte1,812,2926,1.799437918568505
megabyte1,813,2926,1.7922520171430774
megabyte1,814,2926,1.7912376987877074
megabyte1,815,2926,1.783574897625311
megabyte1,816,2926,1.8015657817347768
megabyte1,817,2926,1.7959278834167605
megabyte1,818,2926,1.8099746638915348
megabyte1,819,2926,1.7977489072495916
megabyte1,820,2926,1.7913406434649077
megabyte1,821,2926,1.7759289444918838
megabyte1,822,2926,1.7947521457424411
megabyte1,823,2926,1.7698234067905136
megabyte1,824,2926,1.7930940300816962
megabyte1,825,2926,1.7746711673593163
megabyte1,826,2926,1.803016081136624
megabyte1,827,2926,1.787593150578862
megabyte1,828,2926,1.7846600564472983
megabyte1,829,2926,1.8041995394661747
megabyte1,830,2926,1.7898566662572626
megabyte1,831,2926,1.7960857931099277
megabyte1,832,2926,1.8112034435884967
megabyte1,833,2926,1.8070854192226615
megabyte1,834,2926,1.7934005278393739
megabyte1,835,2926,1.780284727752331
megabyte1,836,2926,1.7821364308250984
megabyte1,837,2926,1.7978613225059483
megabyte1,838,2926,1.804243361550655
megabyte1,839,2926,1.8108098730190274
megabyte1,840,2926,1.7964775805105027
megabyte1,841,2926,1.7994626058916157
megabyte1,842,2926,1.7891938632592224
megabyte1,843,2926,1.7912622531309408
megabyte1,844,2926,1.8043199853382124
megabyte1,845,2926,1.7655228558095122
megabyte1,846,2926,1.800238624306794
megabyte1,847,2926,1.7915717885662086
megabyte1,848,2926,1.8060031038233457
megabyte1,849,2926,1.79037423436966
megabyte1,850,2926,1.7902215369661947
megabyte1,851,2926,1.7952421791978836
megabyte1,852,2926,1.8178238063663632
megabyte1,853,2926,1.7742577563877067
megabyte1,854,2926,1.7700412721562206
megabyte1,855,2926,1.8172525274207636
megabyte1,856,2926,1.7691748378542458
megabyte1,857,2926,1.8082338699476408
megabyte1,858,2926,1.790055275615241
megabyte1,859,2926,1.7760623715466535
megabyte1,860,2926,1.7952309019827957
megabyte1,861,2926,1.7960457426998115
megabyte1,862,2926,1.7906742239356936
megabyte1,863,2926,1.81093244885062
megabyte1,864,2926,1.8283332621326043
megabyte1,865,2926,1.8298644393743593
megabyte1,866,2926,1.8215649514188526
megabyte1,867,2926,1.8344592575495648
megabyte1,868,2926,1.8396326613931402
megabyte1,869,2926,1.8354136740110218
megabyte1,870,2926,1.8288750325826775
megabyte1,871,2926,1.8042717058203925
megabyte1,872,2926,1.8124831715268952
megabyte1,873,2926,1.8158228698855625
megabyte1,874,2926,1.816318848323757
megabyte1,875,2926,1.8101989070764568
megabyte1,876,2926,1.778569198681407
megabyte1,877,2926,1.7986724381567434
megabyte1,878,2926,1.7995915598683543
megabyte1,879,2926,1.8220720089060432
megabyte1,880,2926,1.7974656705406538
megabyte1,881,2926,1.8057114528778555
megabyte1,882,2926,1.7918527515799887
megabyte1,883,2926,1.7976106603261306
megabyte1,884,2926,1.767630951908135
megabyte1,885,2926,1.8028096859371996
megabyte1,886,2926,1.8089412498865238
megabyte1,887,2926,1.7972717806645966
megabyte1,888,2926,1.783212511814871
megabyte1,889,2926,1.8138926122095678
megabyte1,890,2926,1.7955434555397893
megabyte1,891,2926,1.790777010210393
megabyte1,892,2926,1.788084464291555
megabyte1,893,2926,1.7872831353730563
megabyte1,894,2926,1.7893865484940379
megabyte1,895,2926,1.8152409760168131
megabyte1,896,2926,1.8068323506937398
megabyte1,897,2926,1.8026967377835401
megabyte1,898,2926,1.784489645341937
megabyte1,899,2926,1.8026533680506462
megabyte1,900,2926,1.822618704826475
megabyte1,901,2926,1.8044600835501619
megabyte1,902,2926,1.7948887291137112
megabyte1,903,2926,1.8017580364146464
megabyte1,904,2926,1.8063952901635525
megabyte1,905,2926,1.8180312275968018
megabyte1,906,2926,1.8176885172673798
megabyte1,907,2926,1.8052918648605711
megabyte1,908,2926,1.818243836346181
megabyte1,909,2926,1.7825295323797554
megabyte1,910,2926,1.7968239565866904
megabyte1,911,2926,1.8079324593221335
megabyte1,912,2926,1.799770352617161
megabyte1,913,2926,1.8023443841314934
megabyte1,914,2926,1.8114927582600633
megabyte1,915,2926,1.7983094043953323
megabyte1,916,2926,1.8010112791133106
megabyte1,917,2926,1.8024625758642379
megabyte1,918,2926,1.7965945793355236
megabyte1,919,2926,1.793712566425274
megabyte1,920,2926,1.8057842006931057
megabyte1,921,2926,1.8062880823079315
megabyte1,922,2926,1.7958501214779001
megabyte1,923,2926,1.8053629008858316
megabyte1,924,2926,1.7912478652297024
megabyte1,925,2926,1.797188420533645
megabyte1,926,2926,1.7730618696545217
megabyte1,927,2926,1.8073962375226285
megabyte1,928,2926,1.802104066026105
megabyte1,929,2926,1.7948442877601942
megabyte1,930,2926,1.7744644905554459
megabyte1,931,2926,1.8034107315157344
megabyte1,932,2926,1.8092381287664072
megabyte1,933,2926,1.8037489488853304
megabyte1,934,2926,1.792731743354302
megabyte1,935,2926,1.8159528798789744
megabyte1,936,2926,1.774490857075439
megabyte1,937,2926,1.7999020809191837
megabyte1,938,2926,1.7898519259157526
megabyte1,939,2926,1.7874915643823692
megabyte1,940,2926,1.812856860626909
megabyte1,941,2926,1.8105929551349464
megabyte1,942,2926,1.7873872664393584
megabyte1,943,2926,1.7954249300536276
megabyte1,944,2926,1.8172193619786103
megabyte1,945,2926,1.8020906272361479
megabyte1,946,2926,1.7906022557475676
megabyte1,947,2926,1.8196329936863866
megabyte1,948,2926,1.7956283579765733
megabyte1,949,2926,1.7934858487716538
megabyte1,950,2926,1.812733747334979
megabyte1,951,2926,1.7904331992117413
megabyte1,952,2926,1.8003168581938467
megabyte1,953,2926,1.7915463607277027
megabyte1,954,2926,1.7889121127959726
megabyte1,955,2926,1.7842724931134155
megabyte1,956,2926,1.819780474888977
megabyte1,957,2926,1.8211896300560306
megabyte1,958,2926,1.802182375529166
megabyte1,959,2926,1.8089459902280336
megabyte1,960,2926,1.8256493840246923
megabyte1,961,2926,1.8442074090588687
megabyte1,962,2926,1.8040869315845545
megabyte1,963,2926,1.8078749285767686
megabyte1,964,2926,1.832653898289981
megabyte1,965,2926,1.8078506897348128
megabyte1,966,2926,1.8067775681991733
megabyte1,967,2926,1.8079192864919311
megabyte1,968,2926,1.8215745676891981
megabyte1,969,2926,1.816815588136935
megabyte1,970,2926,1.8085247882000812
megabyte1,971,2926,1.8276896395262838
megabyte1,972,2926,1.8254884314390378
megabyte1,973,2926,1.8104875190406324
megabyte1,974,2926,1.8123360123442038
megabyte1,975,2926,1.7879529498003153
megabyte1,976,2926,1.8166976224373892
megabyte1,977,2926,1.7987038774679396
megabyte1,978,2926,1.7915489655688293
megabyte1,979,2926,1.7952100091492242
megabyte1,980,2926,1.8027168164412941
megabyte1,981,2926,1.7825630068045646
megabyte1,982,2926,1.8173635460624773
megabyte1,983,2926,1.8016802865352357
megabyte1,984,2926,1.8180808160538064
megabyte1,985,2926,1.783920861724624
megabyte1,986,2926,1.814168952217024
megabyte1,987,2926,1.803036400983371
megabyte1,988,2926,1.7843555990181308
megabyte1,989,2926,1.8145482140865052
megabyte1,990,2926,1.8110603650628256
megabyte1,991,2926,1.803838600789694
megabyte1,992,2926,1.7816412202805096
megabyte1,993,2926,1.8239688019351608
megabyte1,994,2926,1.7969700538859494
megabyte1,995,2926,1.8058913348883043
megabyte1,996,2926,1.793922273084389
megabyte1,997,2926,1.7950890958920294
megabyte1,998,2926,1.805039746746655
megabyte1,999,2926,1.8048227483575994
megabyte1,1000,2926,1.7885511232742446
megabyte1,1001,2926,1.793816249010421
megabyte1,1002,2926,1.8159839267691602
megabyte1,1003,2926,1.811582777814676
megabyte1,1004,2926,1.7845134174505979
megabyte1,1005,2926,1.7937939136059253
megabyte1,1006,2926,1.7880099355889278
megabyte1,1007,2926,1.7968486804140813
megabyte1,1008,2926,1.8153364607836397
megabyte1,1009,2926,1.8164729198526213
megabyte1,1010,2926,1.794027855195823
megabyte1,1011,2926,1.8088945661272322
megabyte1,1012,2926,1.8081709587321408
megabyte1,1013,2926,1.7955863780545114
megabyte1,1014,2926,1.7897981199106776
megabyte1,1015,2926,1.7981315138237328
megabyte1,1016,2926,1.790023991447235
megabyte1,1017,2926,1.7812190078662342
megabyte1,1018,2926,1.7924142838828139
megabyte1,1019,2926,1.764715845260568
megabyte1,1020,2926,1.8135466070429398
megabyte1,1021,2926,1.795957269362204
megabyte1,1022,2926,1.7844966228743244
megabyte1,1023,2926,1.7786656221297206
megabyte1,1024,2926,1.7948553188973229
megabyte1,1025,2926,1.796775306811173
megabyte1,1026,2926,1.8032637470320978
megabyte1,1027,2926,1.798468604123682
megabyte1,1028,2926,1.797487921203071
megabyte1,1029,2926,1.7997583844282004
megabyte1,1030,2926,1.809167719832529
megabyte1,1031,2926,1.8139172213092212
megabyte1,1032,2926,1.7943969956017976
megabyte1,1033,2926,1.7839026460888772
megabyte1,1034,2926,1.793875964797692
megabyte1,1035,2926,1.8105620086315308
megabyte1,1036,2926,1.8073871388308251
megabyte1,1037,2926,1.7929833204226386
megabyte1,1038,2926,1.8103037564948414
megabyte1,1039,2926,1.797080654684029
megabyte1,1040,2926,1.8103849237615413
megabyte1,1041,2926,1.7657558834886844
megabyte1,1042,2926,1.8183019198706438
megabyte1,1043,2926,1.7800802724946465
megabyte1,1044,2926,1.777277729402074
megabyte1,1045,2926,1.7711836964156802
megabyte1,1046,2926,1.7756123194039397
megabyte1,1047,2926,1.7682304486622162
megabyte1,1048,2926,1.8084548473032223
megabyte1,1049,2926,1.7969617061393357
megabyte1,1050,2926,1.7809418621571684
megabyte1,1051,2926,1.798394804854794
megabyte1,1052,2926,1.7977039874292609
megabyte1,1053,2926,1.8078470425661182
megabyte1,1054,2926,1.7907226299147694
megabyte1,1055,2926,1.7975130439700937
megabyte1,1056,2926,1.820398858696813
megabyte1,1057,2926,1.8413832293580186
megabyte1,1058,2926,1.8211451521982336
megabyte1,1059,2926,1.8261374253894236
megabyte1,1060,2926,1.8119594967699344
megabyte1,1061,2926,1.8123244665619125
megabyte1,1062,2926,1.793686486724624
megabyte1,1063,2926,1.8101231750363125
megabyte1,1064,2926,1.8163827725330282
megabyte1,1065,2926,1.8096879710095106
megabyte1,1066,2926,1.8167891851126619
megabyte1,1067,2926,1.8130271374486688
megabyte1,1068,2926,1.8204871364757775
megabyte1,1069,2926,1.805402013918185
megabyte1,1070,2926,1.8272536871617409
megabyte1,1071,2926,1.8078200574289505
megabyte1,1072,2926,1.7912625598320795
megabyte1,1073,2926,1.7948631826362949
megabyte1,1074,2926,1.8246266592551157
megabyte1,1075,2926,1.8092360662745843
megabyte1,1076,2926,1.8025122412409753
megabyte1,1077,2926,1.8150345130237258
megabyte1,1078,2926,1.7980638609629989
megabyte1,1079,2926,1.8231028923822117
megabyte1,1080,2926,1.8216298299543026
megabyte1,1081,2926,1.7905190833529134
megabyte1,1082,2926,1.7855854829695643
megabyte1,1083,2926,1.7976171685177744
megabyte1,1084,2926,1.8044814229093018
megabyte1,1085,2926,1.8284825959274074
megabyte1,1086,2926,1.789827410684248
megabyte1,1087,2926,1.788606744063528
megabyte1,1088,2926,1.7858568491873803
megabyte1,1089,2926,1.8067265404305553
megabyte1,1090,2926,1.7675652468114866
megabyte1,1091,2926,1.8062396437357486
megabyte1,1092,2926,1.7823002229222515
megabyte1,1093,2926,1.7981655970877846
megabyte1,1094,2926,1.7944820297147344
megabyte1,1095,2926,1.8077073973983588
megabyte1,1096,2926,1.8060628968562806
megabyte1,1097,2926,1.7958742768815015
megabyte1,1098,2926,1.7890293410764682
megabyte1,1099,2926,1.77423539034569
megabyte1,1100,2926,1.80375597269993
megabyte1,1101,2926,1.7930123361103842
megabyte1,1102,2926,1.793471440010827
megabyte1,1103,2926,1.8121208587250153
megabyte1,1104,2926,1.772557018068826
megabyte1,1105,2926,1.7941617960809275
megabyte1,1106,2926,1.7947907307664581
megabyte1,1107,2926,1.7937046202257407
megabyte1,1108,2926,1.8162017790976241
megabyte1,1109,2926,1.7780490935215458
megabyte1,1110,2925,1.8037586101303753
megabyte1,1111,2925,1.8132084016718417
megabyte1,1112,2925,1.7774549957014556
megabyte1,1113,2925,1.8053250474196214
megabyte1,1114,2925,1.7948368515927569
megabyte1,1115,2925,1.7944643930288462
megabyte1,1116,2925,1.8034588075295472
megabyte1,1117,2925,1.8243251860854972
megabyte1,1118,2925,1.8054708471053686
megabyte1,1119,2925,1.7792119865743523
megabyte1,1120,2925,1.7905118476019966
megabyte1,1121,2925,1.7933890109592014
megabyte1,1122,2925,1.7960197357438568
megabyte1,1123,2925,1.790966346773327
megabyte1,1124,2925,1.796791251418937
megabyte1,1125,2925,1.768522714468149
megabyte1,1126,2925,1.7869940211630275
megabyte1,1127,2925,1.7847140411637787
megabyte1,1128,2925,1.7649920602130076
megabyte1,1129,2925,1.802635263296274
megabyte1,1130,2925,1.8166337128989718
megabyte1,1131,2925,1.7569554698976697
megabyte1,1132,2925,1.7747586294320914
megabyte1,1133,2925,1.778169420682467
megabyte1,1134,2925,1.8030325395633013
megabyte1,1135,2925,1.776840045635517
megabyte1,1136,2925,1.7963645217765092
megabyte1,1137,2925,1.7841474275507478
megabyte1,1138,2925,1.806700658553686
megabyte1,1139,2925,1.8155669540014023
megabyte1,1140,2925,1.7645823578141693
megabyte1,1141,2925,1.7469002643813434
megabyte1,1142,2925,1.7909259385329026
megabyte1,1143,2925,1.7793526178343684
megabyte1,1144,2925,1.7772359133989384
megabyte1,1145,2925,1.809985111595219
megabyte1,1146,2925,1.7783348018287592
megabyte1,1147,2925,1.7991061851305838
megabyte1,1148,2925,1.7979664546607905
megabyte1,1149,2925,1.7794694010416667
megabyte1,1150,2925,1.7956805002587473
megabyte1,1151,2925,1.787230490660056
megabyte1,1152,2925,1.8289581663995726
megabyte1,1153,2925,1.839308560363248
megabyte1,1154,2925,1.8373197115384616
megabyte1,1155,2925,1.831132603832799
megabyte1,1156,2925,1.7990080274272169
megabyte1,1157,2925,1.8275880784254808
megabyte1,1158,2925,1.8102173268896902
megabyte1,1159,2925,1.829731935680422
megabyte1,1160,2925,1.8107416397485978
megabyte1,1161,2925,1.8167701708149706
megabyte1,1162,2925,1.8213391843616453
megabyte1,1163,2925,1.8284458623380742
megabyte1,1164,2925,1.804972176837106
megabyte1,1165,2925,1.8029191289396367
megabyte1,1166,2925,1.7931092404096554
megabyte1,1167,2925,1.8284329262757912
megabyte1,1168,2925,1.7969226126385551
megabyte1,1169,2925,1.8121605141142494
megabyte1,1170,2925,1.8372886305588942
megabyte1,1171,2925,1.8246414471487713
megabyte1,1172,2925,1.8144103534405047
megabyte1,1173,2925,1.8029256967397838
megabyte1,1174,2925,1.8012865219768297
megabyte1,1175,2925,1.7848812579293536
megabyte1,1176,2925,1.8209456967084836
megabyte1,1177,2925,1.8059602162776849
megabyte1,1178,2925,1.768770960620326
megabyte1,1179,2925,1.8042641116411258
megabyte1,1180,2925,1.8282307450384156
megabyte1,1181,2925,1.7876991467598158
megabyte1,1182,2925,1.7899269195295806
megabyte1,1183,2925,1.819579548631978
megabyte1,1184,2925,1.7965641510792267
megabyte1,1185,2925,1.8073682198157677
megabyte1,1186,2925,1.79117308070517
megabyte1,1187,2925,1.8348951447315704
megabyte1,1188,2925,1.7817349934374165
megabyte1,1189,2925,1.8021512088612615
megabyte1,1190,2925,1.8157480927817842
megabyte1,1191,2925,1.7738646730602297
megabyte1,1192,2925,1.8029335059467544
megabyte1,1193,2925,1.7877883989383012
megabyte1,1194,2925,1.7805745377499833
megabyte1,1195,2925,1.820726794381427
megabyte1,1196,2925,1.796056127303686
megabyte1,1197,2925,1.8062891407502004
megabyte1,1198,2925,1.7991993700337205
megabyte1,1199,2925,1.8131338474893162
megabyte1,1200,2925,1.7824846720899272
megabyte1,1201,2925,1.8066280671470185
megabyte1,1202,2925,1.7764251578567374
megabyte1,1203,2925,1.8275784719092214
megabyte1,1204,2925,1.8028000914744842
megabyte1,1205,2925,1.7894571887937367
megabyte1,1206,2925,1.7559900737012553
megabyte1,1207,2925,1.8015451121534038
megabyte1,1208,2925,1.812007581922743
megabyte1,1209,2925,1.808838173629891
megabyte1,1210,2925,1.8186509795881745
megabyte1,1211,2925,1.7708045946430957
megabyte1,1212,2925,1.811011012150691
megabyte1,1213,2925,1.8123217071223463
megabyte1,1214,2925,1.7906193372938368
megabyte1,1215,2925,1.7898772547795223
megabyte1,1216,2925,1.79138753275586
megabyte1,1217,2925,1.7975532831697383
megabyte1,1218,2925,1.7820293615618323
megabyte1,1219,2925,1.7785311237563435
megabyte1,1220,2925,1.8119488942725026
megabyte1,1221,2925,1.7992823308961003
megabyte1,1222,2925,1.786345937353933
megabyte1,1223,2925,1.7847498497596155
megabyte1,1224,2925,1.7846314578586155
megabyte1,1225,2925,1.781662638737605
megabyte1,1226,2925,1.826185584435096
megabyte1,1227,2925,1.7923767715845353
megabyte1,1228,2925,1.8142971971299913
megabyte1,1229,2925,1.7911988191523103
megabyte1,1230,2925,1.80833256648137
megabyte1,1231,2925,1.781371071318276
megabyte1,1232,2925,1.7922437618940303
megabyte1,1233,2925,1.786757296048678
megabyte1,1234,2925,1.7780028801290397
megabyte1,1235,2925,1.8225831173627804
megabyte1,1236,2925,1.7969371045756544
megabyte1,1237,2925,1.7826385080712472
megabyte1,1238,2925,1.7708349048581897
megabyte1,1239,2925,1.7975842911157853
megabyte1,1240,2925,1.7633798700316339
megabyte1,1241,2925,1.7789998633229835
megabyte1,1242,2925,1.795402106912727
megabyte1,1243,2925,1.7885026041666667
megabyte1,1244,2925,1.8048313447349091
megabyte1,1245,2925,1.7842622688489083
megabyte1,1246,2925,1.792718983185597
megabyte1,1247,2925,1.7821547392494659
megabyte1,1248,2925,1.8236868364383012
megabyte1,1249,2925,1.8243541332799145
megabyte1,1250,2925,1.8268788394764957
megabyte1,1251,2925,1.825220467331063
megabyte1,1252,2925,1.8011381335136218
megabyte1,1253,2925,1.823577181824252
megabyte1,1254,2925,1.8027074060684596
megabyte1,1255,2925,1.7993895054678632
megabyte1,1256,2925,1.8177867296006944
megabyte1,1257,2925,1.833964319473658
megabyte1,1258,2925,1.7823463505149906
megabyte1,1259,2925,1.8221569511217948
megabyte1,1260,2925,1.7963653720953525
megabyte1,1261,2925,1.821753667847723
megabyte1,1262,2925,1.8055113102839544
megabyte1,1263,2925,1.8135821494078024
megabyte1,1264,2925,1.7904752630250067
megabyte1,1265,2925,1.8067487772102029
megabyte1,1266,2925,1.8305148393679889
megabyte1,1267,2925,1.7978951009114583
megabyte1,1268,2925,1.7997108889848759
megabyte1,1269,2925,1.8279159258981037
megabyte1,1270,2925,1.779167193551349
megabyte1,1271,2925,1.812447749732906
megabyte1,1272,2925,1.7986039016593216
megabyte1,1273,2925,1.8140272430680755
megabyte1,1274,2925,1.7903575382069645
megabyte1,1275,2925,1.8116573601095085
megabyte1,1276,2925,1.8007955476157687
megabyte1,1277,2925,1.800628416925414
megabyte1,1278,2925,1.7912806740785256
megabyte1,1279,2925,1.791302934304262
megabyte1,1280,2925,1.786582511184562
megabyte1,1281,2925,1.795392116970486
megabyte1,1282,2925,1.7794608143863515
megabyte1,1283,2925,1.775737077761919
megabyte1,1284,2925,1.8079149034288196
megabyte1,1285,2925,1.8194710416875335
megabyte1,1286,2925,1.7783378144614717
megabyte1,1287,2925,1.8087423210470086
megabyte1,1288,2925,1.7952764266576522
megabyte1,1289,2925,1.790109169462807
megabyte1,1290,2925,1.7963523199619391
megabyte1,1291,2925,1.769422357021234
megabyte1,1292,2925,1.8032620526175214
megabyte1,1293,2925,1.8097440122946715
megabyte1,1294,2925,1.7912261626251742
megabyte1,1295,2925,1.7716520703959668
megabyte1,1296,2925,1.794091323461288
megabyte1,1297,2925,1.7656620221260266
megabyte1,1298,2925,1.787890844100561
megabyte1,1299,2925,1.77364748180422
megabyte1,1300,2925,1.7924586121648804
megabyte1,1301,2925,1.795011466262687
megabyte1,1302,2925,1.7800613742404514
megabyte1,1303,2925,1.784494394155649
megabyte1,1304,2925,1.802970445421007
megabyte1,1305,2925,1.7792528214413896
megabyte1,1306,2925,1.7867251299181555
megabyte1,1307,2925,1.8098601825420673
megabyte1,1308,2925,1.7855781750801283
megabyte1,1309,2925,1.7749172530215012
megabyte1,1310,2925,1.7891094970703125
megabyte1,1311,2925,1.783735132461939
megabyte1,1312,2925,1.806097636426616
megabyte1,1313,2925,1.8122799813034187
megabyte1,1314,2925,1.7782081043210805
megabyte1,1315,2925,1.7952012966840696
megabyte1,1316,2925,1.7881856752053285
megabyte1,1317,2925,1.807657199435764
megabyte1,1318,2925,1.8066673370100494
megabyte1,1319,2925,1.758255396133814
megabyte1,1320,2925,1.8058339019514558
megabyte1,1321,2925,1.7811818153837806
megabyte1,1322,2925,1.8211124074560965
megabyte1,1323,2925,1.790566630567241
megabyte1,1324,2925,1.7947750515407985
megabyte1,1325,2925,1.812106208475227
megabyte1,1326,2925,1.7760697050176115
megabyte1,1327,2925,1.7739291486169537
megabyte1,1328,2925,1.7774044304220085
megabyte1,1329,2925,1.7815122581547143
megabyte1,1330,2925,1.8099258579351962
megabyte1,1331,2925,1.8071140908787393
megabyte1,1332,2925,1.784629876552484
megabyte1,1333,2925,1.7918597653380826
megabyte1,1334,2925,1.7719734857021234
megabyte1,1335,2925,1.78583007551666
megabyte1,1336,2925,1.8068151751135149
megabyte1,1337,2925,1.7819142320421006
megabyte1,1338,2925,1.7860040883121326
megabyte1,1339,2925,1.7882053864307892
megabyte1,1340,2925,1.805724145612146
megabyte1,1341,2925,1.776722892043937
megabyte1,1342,2925,1.7941421821789865
megabyte1,1343,2925,1.802684326171875
megabyte1,1344,2925,1.801267569778312
megabyte1,1345,2925,1.8306483707264958
megabyte1,1346,2925,1.846821748130342
megabyte1,1347,2925,1.8144173177083334
megabyte1,1348,2925,1.8095830620659723
megabyte1,1349,2925,1.8006800737951556
megabyte1,1350,2925,1.822179195045406
megabyte1,1351,2925,1.8063497044489933
megabyte1,1352,2925,1.8109621815803723
megabyte1,1353,2925,1.805621598724626
megabyte1,1354,2925,1.8124904987954686
megabyte1,1355,2925,1.8072512866289188
megabyte1,1356,2925,1.8123359823634482
megabyte1,1357,2925,1.7936948336087741
megabyte1,1358,2925,1.813477313701923
megabyte1,1359,2925,1.8249447762252937
megabyte1,1360,2925,1.7884601524548653
megabyte1,1361,2925,1.8285014646481246
megabyte1,1362,2925,1.80667240501469
megabyte1,1363,2925,1.8160614300589277
megabyte1,1364,2925,1.8158449002616426
megabyte1,1365,2925,1.809868681817992
megabyte1,1366,2925,1.8215523326906384
megabyte1,1367,2925,1.823795926346738
megabyte1,1368,2925,1.7983268855168268
megabyte1,1369,2925,1.7915295530791975
megabyte1,1370,2925,1.7937601216634114
megabyte1,1371,2925,1.7965711362137753
megabyte1,1372,2925,1.7818221758981037
megabyte1,1373,2925,1.8104290301983172
megabyte1,1374,2925,1.7904693212264624
megabyte1,1375,2925,1.8012604164058326
megabyte1,1376,2925,1.803420916174212
megabyte1,1377,2925,1.765843401851817
megabyte1,1378,2925,1.8072616316314436
megabyte1,1379,2925,1.7882133079594018
megabyte1,1380,2925,1.8099503971980169
megabyte1,1381,2925,1.850284914196047
megabyte1,1382,2925,1.8033230877737714
megabyte1,1383,2925,1.8153182018312632
megabyte1,1384,2925,1.7802562381059694
megabyte1,1385,2925,1.787956749027611
megabyte1,1386,2925,1.7753759243956997
megabyte1,1387,2925,1.8040416958800747
megabyte1,1388,2925,1.820520489032452
megabyte1,1389,2925,1.796615011101095
megabyte1,1390,2925,1.800468267457098
megabyte1,1391,2925,1.7823323815500633
megabyte1,1392,2925,1.7868263362004206
megabyte1,1393,2925,1.8015313068618122
megabyte1,1394,2925,1.7804667363615116
megabyte1,1395,2925,1.7615859750600962
megabyte1,1396,2925,1.8067221095419337
megabyte1,1397,2925,1.7769057366786858
megabyte1,1398,2925,1.8011907124315572
megabyte1,1399,2925,1.7859864715837006
megabyte1,1400,2925,1.8041621281550482
megabyte1,1401,2925,1.7915641419500368
megabyte1,1402,2925,1.780842307979225
megabyte1,1403,2925,1.8103830503806089
megabyte1,1404,2925,1.782227762336405
megabyte1,1405,2925,1.811655621976934
megabyte1,1406,2925,1.7997930647369125
megabyte1,1407,2925,1.7767284256372697
megabyte1,1408,2925,1.8053235176282052
megabyte1,1409,2925,1.809223387628539
megabyte1,1410,2925,1.7937225341796874
megabyte1,1411,2925,1.7928622227856237
megabyte1,1412,2925,1.7908098321898371
megabyte1,1413,2925,1.7856741359091213
megabyte1,1414,2925,1.7879363283336671
megabyte1,1415,2925,1.7938467381143162
megabyte1,1416,2925,1.7793103809845754
megabyte1,1417,2925,1.8177717107789129
megabyte1,1418,2925,1.8167395645532853
megabyte1,1419,2925,1.7982099014673478
megabyte1,1420,2925,1.805544204059829
megabyte1,1421,2925,1.8104134696569198
megabyte1,1422,2925,1.7916727075821315
megabyte1,1423,2925,1.7892425497984275
megabyte1,1424,2925,1.7921764719384348
megabyte1,1425,2925,1.7799771352914664
megabyte1,1426,2925,1.7908516274965727
megabyte1,1427,2925,1.7919681229550615
megabyte1,1428,2925,1.7992181396484375
megabyte1,1429,2925,1.7965091574905265
megabyte1,1430,2925,1.788701657026242
megabyte1,1431,2925,1.775118882921007
megabyte1,1432,2925,1.774411241906321
megabyte1,1433,2925,1.7986234172592814
megabyte1,1434,2925,1.7851050013354701
megabyte1,1435,2925,1.8019613530085636
megabyte1,1436,2925,1.752271509415064
megabyte1,1437,2925,1.782038336859809
megabyte1,1438,2925,1.7801962241148337
megabyte1,1439,2925,1.7824141817011385
megabyte1,1440,2925,1.8248130759214745
megabyte1,1441,2925,1.8414728357037928
megabyte1,1442,2925,1.822946547809829
megabyte1,1443,2925,1.8171595594618055
megabyte1,1444,2925,1.8257587035089478
megabyte1,1445,2925,1.831665998931624
megabyte1,1446,2925,1.8174261213775373
megabyte1,1447,2925,1.8101349659455128
megabyte1,1448,2925,1.8153492306440304
megabyte1,1449,2925,1.7744706426115118
megabyte1,1450,2925,1.8034339291825254
megabyte1,1451,2925,1.8183333542000535
megabyte1,1452,2925,1.8160026250333867
megabyte1,1453,2925,1.8018143926115118
megabyte1,1454,2925,1.8280764411861061
megabyte1,1455,2925,1.8010408893813434
megabyte1,1456,2925,1.7838950325077416
megabyte1,1457,2925,1.8062786030565572
megabyte1,1458,2925,1.7947280988122662
megabyte1,1459,2925,1.8069289751949473
megabyte1,1460,2925,1.7808970687735795
megabyte1,1461,2925,1.7940697264059997
megabyte1,1462,2925,1.7905393368973692
megabyte1,1463,2925,1.8043883840446797
megabyte1,1464,2925,1.7914855555998974
megabyte1,1465,2925,1.8115726412259616
megabyte1,1466,2925,1.815564198942266
megabyte1,1467,2925,1.8005080606183435
megabyte1,1468,2925,1.7947022755940756
megabyte1,1469,2925,1.7881740993923612
megabyte1,1470,2925,1.8029039197090344
megabyte1,1471,2925,1.7785279715774405
megabyte1,1472,2925,1.8050516868656517
megabyte1,1473,2925,1.7771867918356872
megabyte1,1474,2925,1.7570304440229367
megabyte1,1475,2925,1.8100848649505876
megabyte1,1476,2925,1.7811742440248146
megabyte1,1477,2925,1.793130863548344
megabyte1,1478,2925,1.7956376569699017
megabyte1,1479,2925,1.7688017110743075
megabyte1,1480,2925,1.787762181208684
megabyte1,1481,2925,1.7810674161992521
megabyte1,1482,2925,1.805561027852898
megabyte1,1483,2925,1.7940505120693109
megabyte1,1484,2925,1.8040657343416133
megabyte1,1485,2925,1.7910287710336539
megabyte1,1486,2925,1.8126854816664997
megabyte1,1487,2925,1.823644901829907
megabyte1,1488,2925,1.798593948233841
megabyte1,1489,2925,1.7965946869157319
megabyte1,1490,2925,1.811433350652711
megabyte1,1491,2925,1.796487575433193
megabyte1,1492,2925,1.7946129327757745
megabyte1,1493,2925,1.788637241461338
megabyte1,1494,2925,1.7873751491970487
megabyte1,1495,2925,1.7949258866269364
megabyte1,1496,2925,1.797292209201389
megabyte1,1497,2925,1.7668163071330796
megabyte1,1498,2925,1.782681112696982
megabyte1,1499,2925,1.776392806615585
megabyte1,1500,2925,1.7758483365050748
megabyte1,1501,2925,1.763796892736712
megabyte1,1502,2925,1.7944135199652778
megabyte1,1503,2925,1.7926131915231036
megabyte1,1504,2925,1.7731862907735711
megabyte1,1505,2925,1.7951463409162993
megabyte1,1506,2925,1.8025237802358773
megabyte1,1507,2925,1.7930408132178153
megabyte1,1508,2925,1.799549555330195
megabyte1,1509,2925,1.8067024361374031
megabyte1,1510,2925,1.7897151770958533
megabyte1,1511,2925,1.8081319068843482
megabyte1,1512,2925,1.8012595726078393
megabyte1,1513,2925,1.7883593137040097
megabyte1,1514,2925,1.7844596145499465
megabyte1,1515,2925,1.7719721763154381
megabyte1,1516,2925,1.7873996222732413
megabyte1,1517,2925,1.7859336500901442
megabyte1,1518,2925,1.7971551931006278
megabyte1,1519,2925,1.8001617640307825
megabyte1,1520,2925,1.7652103417551415
megabyte1,1521,2925,1.7893825850527512
megabyte1,1522,2925,1.7964275679629074
megabyte1,1523,2925,1.783649203308627
megabyte1,1524,2925,1.7929983390090811
megabyte1,1525,2925,1.7819889688084267
megabyte1,1526,2925,1.7808313209990152
megabyte1,1527,2925,1.780499746208517
megabyte1,1528,2925,1.7860460434612047
megabyte1,1529,2925,1.7813860614483172
megabyte1,1530,2925,1.7864144193209135
megabyte1,1531,2925,1.7823031798794737
megabyte1,1532,2925,1.7835705096905048
megabyte1,1533,2925,1.7703451851086738
megabyte1,1534,2925,1.7889793956789195
megabyte1,1535,2925,1.7880799383179755
megabyte1,1536,2925,1.8304308560363247
megabyte1,1537,2925,1.798169216579861
megabyte1,1538,2925,1.8288145198985042
megabyte1,1539,2925,1.8377344793336003
megabyte1,1540,2925,1.7897248722956731
megabyte1,1541,2925,1.8442631335136217
megabyte1,1542,2925,1.8166518095619657
megabyte1,1543,2925,1.807303216396234
megabyte1,1544,2925,1.8176583784054487
megabyte1,1545,2925,1.7971293444511218
megabyte1,1546,2925,1.8032423440004006
megabyte1,1547,2925,1.8229422623071916
megabyte1,1548,2925,1.786734598273905
megabyte1,1549,2925,1.801818649422409
megabyte1,1550,2925,1.807597911867321
megabyte1,1551,2925,1.8066276146000266
megabyte1,1552,2925,1.7812706710945847
megabyte1,1553,2925,1.8401812561556825
megabyte1,1554,2925,1.8015585405398638
megabyte1,1555,2925,1.796879392444578
megabyte1,1556,2925,1.7892810919345954
megabyte1,1557,2925,1.814729974208734
megabyte1,1558,2925,1.7760261561727932
megabyte1,1559,2925,1.804234595665565
megabyte1,1560,2925,1.8030037956563836
megabyte1,1561,2925,1.7875601131080563
megabyte1,1562,2925,1.79628910945012
megabyte1,1563,2925,1.8150848127837873
megabyte1,1564,2925,1.8079824234073998
megabyte1,1565,2925,1.7912225772172976
megabyte1,1566,2925,1.8095322829026443
megabyte1,1567,2925,1.772393318893563
megabyte1,1568,2925,1.8130501197749733
megabyte1,1569,2925,1.7848935953776042
megabyte1,1570,2925,1.7835194475222858
megabyte1,1571,2925,1.8166342319586337
megabyte1,1572,2925,1.7907513584234775
megabyte1,1573,2925,1.778541750133547
megabyte1,1574,2925,1.805396720690605
megabyte1,1575,2925,1.8091598275991587
megabyte1,1576,2925,1.7717102911533453
megabyte1,1577,2925,1.8049023959168002
megabyte1,1578,2925,1.7874620173527644
megabyte1,1579,2925,1.7815457648904915
megabyte1,1580,2925,1.7947020649706196
megabyte1,1581,2925,1.7895407678326989
megabyte1,1582,2925,1.790138665875818
megabyte1,1583,2925,1.7868024672809828
megabyte1,1584,2925,1.7920230787228315
megabyte1,1585,2925,1.7902628846453805
megabyte1,1586,2925,1.7913369411892361
megabyte1,1587,2925,1.7995647567357773
megabyte1,1588,2925,1.81368651300414
megabyte1,1589,2925,1.7892199152758999
megabyte1,1590,2925,1.808673361753806
megabyte1,1591,2925,1.7700409613715278
megabyte1,1592,2925,1.7819446335490952
megabyte1,1593,2925,1.8029232866336138
megabyte1,1594,2925,1.7793846397725945
megabyte1,1595,2925,1.7927829843504817
megabyte1,1596,2925,1.7864461732522035
megabyte1,1597,2925,1.7967407043978698
megabyte1,1598,2925,1.7679269542857112
megabyte1,1599,2925,1.790911638308794
megabyte1,1600,2925,1.7924280173146827
megabyte1,1601,2925,1.8093365191598223
megabyte1,1602,2925,1.7912783996060364
megabyte1,1603,2925,1.793390406421107
megabyte1,1604,2925,1.793588496477176
megabyte1,1605,2925,1.8034456797542735
megabyte1,1606,2925,1.7698143905248398
megabyte1,1607,2925,1.788939210288545
megabyte1,1608,2925,1.791344978136894
megabyte1,1609,2925,1.7815631286099425
megabyte1,1610,2925,1.803162340995593
megabyte1,1611,2925,1.7849109564887153
megabyte1,1612,2925,1.7832950324686165
megabyte1,1613,2925,1.80075068742801
megabyte1,1614,2925,1.78053959251469
megabyte1,1615,2925,1.8079436629857772
megabyte1,1616,2925,1.7943695929111578
megabyte1,1617,2925,1.8008961421607905
megabyte1,1618,2925,1.8031685984032786
megabyte1,1619,2925,1.7799623042701656
megabyte1,1620,2925,1.8121978238097622
megabyte1,1621,2925,1.7949571032401843
megabyte1,1622,2925,1.8011256343482906
megabyte1,1623,2925,1.795768054407886
megabyte1,1624,2925,1.7896730406671508
megabyte1,1625,2925,1.8009893955328526
megabyte1,1626,2925,1.7952534941322784
megabyte1,1627,2925,1.7985401694795005
megabyte1,1628,2925,1.7899559373121996
megabyte1,1629,2925,1.7801180925939837
megabyte1,1630,2925,1.795510608314449
megabyte1,1631,2925,1.79510981111445
megabyte1,1632,2925,1.807062049278846
megabyte1,1633,2925,1.8271786525106837
megabyte1,1634,2925,1.801182412693643
megabyte1,1635,2925,1.7982365326188567
megabyte1,1636,2925,1.8382411232972757
megabyte1,1637,2925,1.8207196305755875
megabyte1,1638,2925,1.803090361244658
megabyte1,1639,2925,1.8066939499031784
megabyte1,1640,2925,1.8024016760149573
megabyte1,1641,2925,1.813121796958467
megabyte1,1642,2925,1.784447258843316
megabyte1,1643,2925,1.8005980923644498
megabyte1,1644,2925,1.809692127195179
megabyte1,1645,2925,1.7959588153545674
megabyte1,1646,2925,1.7907041892027245
megabyte1,1647,2925,1.8010299291366185
megabyte1,1648,2925,1.7986173085269765
megabyte1,1649,2925,1.8130108694744924
megabyte1,1650,2925,1.7963926788069244
megabyte1,1651,2925,1.816409413916433
megabyte1,1652,2925,1.818256564670139
megabyte1,1653,2925,1.806224135700454
megabyte1,1654,2925,1.8129118255876069
megabyte1,1655,2925,1.8129232501168537
megabyte1,1656,2925,1.7987505738348024
megabyte1,1657,2925,1.8060978294437766
megabyte1,1658,2925,1.8231725135216346
megabyte1,1659,2925,1.779292461688702
megabyte1,1660,2925,1.8017082123063568
megabyte1,1661,2925,1.8189037303435496
megabyte1,1662,2925,1.8238337798811433
megabyte1,1663,2925,1.8014415121486045
megabyte1,1664,2925,1.8260003714276176
megabyte1,1665,2925,1.8014051910139557
megabyte1,1666,2925,1.7926880404480503
megabyte1,1667,2925,1.7947903624966612
megabyte1,1668,2925,1.79654296875
megabyte1,1669,2925,1.8006429753751836
megabyte1,1670,2925,1.7953137520032052
megabyte1,1671,2925,1.7871848916599893
megabyte1,1672,2925,1.8116783624632746
megabyte1,1673,2925,1.8110883520403478
megabyte1,1674,2925,1.8047633713942308
megabyte1,1675,2925,1.8085156589084201
megabyte1,1676,2925,1.7888377341245993
megabyte1,1677,2925,1.7993086959969284
megabyte1,1678,2925,1.8008560800144815
megabyte1,1679,2925,1.788237800272102
megabyte1,1680,2925,1.7915794020432692
megabyte1,1681,2925,1.8266309002933339
megabyte1,1682,2925,1.809170185317341
megabyte1,1683,2925,1.799154282268296
megabyte1,1684,2925,1.79953857943543
megabyte1,1685,2925,1.8060546405498799
megabyte1,1686,2925,1.7777144055488783
megabyte1,1687,2925,1.8043837561974159
megabyte1,1688,2925,1.7964835924979967
megabyte1,1689,2925,1.8064105433276576
megabyte1,1690,2925,1.7824539341070713
megabyte1,1691,2925,1.7848472425672743
megabyte1,1692,2925,1.7959339526575855
megabyte1,1693,2925,1.7816282849434095
megabyte1,1694,2925,1.8082008296607905
megabyte1,1695,2925,1.793666501819578
megabyte1,1696,2925,1.8072381643963675
megabyte1,1697,2925,1.7965180747529381
megabyte1,1698,2925,1.7811329324836405
megabyte1,1699,2925,1.7956390824277177
megabyte1,1700,2925,1.8113082807491987
megabyte1,1701,2925,1.7843724751268697
megabyte1,1702,2925,1.7821062775962373
megabyte1,1703,2925,1.762281045506143
megabyte1,1704,2925,1.7776771167200855
megabyte1,1705,2925,1.8029091572557758
megabyte1,1706,2925,1.7949367529714209
megabyte1,1707,2925,1.7863770563174517
megabyte1,1708,2925,1.8067393454527243
megabyte1,1709,2925,1.7972074459760616
megabyte1,1710,2925,1.7910098449185363
megabyte1,1711,2925,1.7756980387369792
megabyte1,1712,2925,1.8004248933710603
megabyte1,1713,2925,1.792981689974793
megabyte1,1714,2925,1.7707077208950988
megabyte1,1715,2925,1.8095772298177084
megabyte1,1716,2925,1.787958499875843
megabyte1,1717,2925,1.7983766774234609
megabyte1,1718,2925,1.7878234563322148
megabyte1,1719,2925,1.792408744616386
megabyte1,1720,2925,1.7865618844317575
megabyte1,1721,2925,1.8249061623597755
megabyte1,1722,2925,1.7933376005775907
megabyte1,1723,2925,1.7911805607722355
megabyte1,1724,2925,1.8118364696013622
megabyte1,1725,2925,1.7662145213591747
megabyte1,1726,2925,1.7786312631460337
megabyte1,1727,2925,1.7912141966208432
megabyte1,1728,2925,1.8171680104834402
megabyte1,1729,2925,1.8348470678084936
megabyte1,1730,2925,1.7977339785323183
megabyte1,1731,2925,1.8067845636351496
megabyte1,1732,2925,1.818972439236111
megabyte1,1733,2925,1.8074139247796475
megabyte1,1734,2925,1.807082999465812
megabyte1,1735,2925,1.8051103849492522
megabyte1,1736,2925,1.8294444392277645
megabyte1,1737,2925,1.7879168962005876
megabyte1,1738,2925,1.8247579669137286
megabyte1,1739,2925,1.8225850527510683
megabyte1,1740,2925,1.8248519793127338
megabyte1,1741,2925,1.8024721285828158
megabyte1,1742,2925,1.8269330355652378
megabyte1,1743,2925,1.8138044934395032
megabyte1,1744,2925,1.7992166268112313
megabyte1,1745,2925,1.7940427913828794
megabyte1,1746,2925,1.8063385661850628
megabyte1,1747,2925,1.7791086884849092
megabyte1,1748,2925,1.812019522903312
megabyte1,1749,2925,1.8035606762486645
megabyte1,1750,2925,1.7846524960770567
megabyte1,1751,2925,1.8197739977714342
megabyte1,1752,2925,1.7875306010450054
megabyte1,1753,2925,1.8229168622921674
megabyte1,1754,2925,1.7918927836621927
megabyte1,1755,2925,1.7873489236424112
megabyte1,1756,2925,1.782122307149773
megabyte1,1757,2925,1.8051274017594818
megabyte1,1758,2925,1.7963596806974493
megabyte1,1759,2925,1.8201845035389956
megabyte1,1760,2925,1.7863902973924946
megabyte1,1761,2925,1.8028882647783329
megabyte1,1762,2925,1.8004101979834402
megabyte1,1763,2925,1.8012291893592247
megabyte1,1764,2925,1.7800375183627137
megabyte1,1765,2925,1.8095206105810964
megabyte1,1766,2925,1.8013812464526575
megabyte1,1767,2925,1.7850435644948583
megabyte1,1768,2925,1.7861756453554853
megabyte1,1769,2925,1.8071407063802083
megabyte1,1770,2925,1.7951370108840812
megabyte1,1771,2925,1.7790638315575755
megabyte1,1772,2925,1.80350585415832
megabyte1,1773,2925,1.7918793559278179
megabyte1,1774,2925,1.7976874972612429
megabyte1,1775,2925,1.7813799996661326
megabyte1,1776,2925,1.8118758085854032
megabyte1,1777,2925,1.8130918584318243
megabyte1,1778,2925,1.7936785940838675
megabyte1,1779,2925,1.803791973407452
megabyte1,1780,2925,1.8020309135241386
megabyte1,1781,2925,1.7634718153211806
megabyte1,1782,2925,1.7978573164980636
megabyte1,1783,2925,1.7740610028128339
megabyte1,1784,2925,1.8016406876001603
megabyte1,1785,2925,1.7721414028069913
megabyte1,1786,2925,1.8056512483776126
megabyte1,1787,2925,1.8014549216245994
megabyte1,1788,2925,1.7993068910256411
megabyte1,1789,2925,1.8161592871511085
megabyte1,1790,2925,1.7796149014203977
megabyte1,1791,2925,1.7679725738264556
megabyte1,1792,2925,1.7890990376268696
megabyte1,1793,2925,1.799912354558961
megabyte1,1794,2925,1.7838956366644965
megabyte1,1795,2925,1.7774461182162293
megabyte1,1796,2925,1.795511738051716
megabyte1,1797,2925,1.7588001009949252
megabyte1,1798,2925,1.7921260677239834
megabyte1,1799,2925,1.7971423965845352
megabyte1,1800,2925,1.799885968591413
megabyte1,1801,2925,1.7732622665014022
megabyte1,1802,2925,1.7647666709443444
megabyte1,1803,2925,1.7761993460369925
megabyte1,1804,2925,1.8009679699759198
megabyte1,1805,2925,1.784751477363782
megabyte1,1806,2925,1.769986817449586
megabyte1,1807,2925,1.7783168564494858
megabyte1,1808,2925,1.7749915333283253
megabyte1,1809,2925,1.777779046735193
megabyte1,1810,2925,1.7679933737485836
megabyte1,1811,2925,1.790731430705796
megabyte1,1812,2925,1.7906373896150507
megabyte1,1813,2925,1.7696353201580863
megabyte1,1814,2925,1.82528806507078
megabyte1,1815,2925,1.765571531638121
megabyte1,1816,2925,1.7942023174579327
megabyte1,1817,2925,1.807238273946648
megabyte1,1818,2925,1.7918402777777778
megabyte1,1819,2925,1.759716306507078
megabyte1,1820,2925,1.791028298924112
megabyte1,1821,2925,1.7740098467443743
megabyte1,1822,2925,1.7864471748547677
megabyte1,1823,2925,1.785221163757846
megabyte1,1824,2925,1.7892916583199787
megabyte1,1825,2925,1.8263858006143163
megabyte1,1826,2925,1.8086974158653846
megabyte1,1827,2925,1.832855944511218
megabyte1,1828,2925,1.8147115175948183
megabyte1,1829,2925,1.7837620192307693
megabyte1,1830,2925,1.8311629753438836
megabyte1,1831,2925,1.8176976065350394
megabyte1,1832,2925,1.8139862530048076
megabyte1,1833,2925,1.8229943586822248
megabyte1,1834,2925,1.8084480533436833
megabyte1,1835,2925,1.7989720845018697
megabyte1,1836,2925,1.8174706509581997
megabyte1,1837,2925,1.8133038799579326
megabyte1,1838,2925,1.8013350371010284
megabyte1,1839,2925,1.8004513367220887
megabyte1,1840,2925,1.7912007649739583
megabyte1,1841,2925,1.7987181573851496
megabyte1,1842,2925,1.7822976449819712
megabyte1,1843,2925,1.820646004310021
megabyte1,1844,2925,1.7943251389723558
megabyte1,1845,2925,1.798457772018563
megabyte1,1846,2925,1.791582761585203
megabyte1,1847,2925,1.798272945045406
megabyte1,1848,2925,1.8100222752236912
megabyte1,1849,2925,1.7853290342673278
megabyte1,1850,2925,1.7801311059283396
megabyte1,1851,2925,1.8049606036324786
megabyte1,1852,2925,1.785810828575721
megabyte1,1853,2925,1.792144806690705
megabyte1,1854,2925,1.7958230877737713
megabyte1,1855,2925,1.818188940847022
megabyte1,1856,2925,1.790061766795623
megabyte1,1857,2925,1.7875766904129942
megabyte1,1858,2925,1.7957079347789797
megabyte1,1859,2925,1.812984613923945
megabyte1,1860,2925,1.797823032476963
megabyte1,1861,2925,1.7880838664780314
megabyte1,1862,2925,1.8003615457583697
megabyte1,1863,2925,1.7774386622763088
megabyte1,1864,2925,1.7875675612229567
megabyte1,1865,2925,1.7860857267461272
megabyte1,1866,2925,1.7946768266726763
megabyte1,1867,2925,1.7969739656366854
megabyte1,1868,2925,1.7917429022503715
megabyte1,1869,2925,1.7783207089676816
megabyte1,1870,2925,1.7789024326943943
megabyte1,1871,2925,1.7944790884164663
megabyte1,1872,2925,1.7908841333633814
megabyte1,1873,2925,1.7938577270507812
megabyte1,1874,2925,1.7770589557875935
megabyte1,1875,2925,1.79843013404781
megabyte1,1876,2925,1.7985458347940038
megabyte1,1877,2925,1.7831219769339277
megabyte1,1878,2925,1.806362049070179
megabyte1,1879,2925,1.7882273199619392
megabyte1,1880,2925,1.7958675521459335
megabyte1,1881,2925,1.7942029160719652
megabyte1,1882,2925,1.7957388423039362
megabyte1,1883,2925,1.7963856649806358
megabyte1,1884,2925,1.7821776300413996
megabyte1,1885,2925,1.7937342221512753
megabyte1,1886,2925,1.802860587356437
megabyte1,1887,2925,1.787087157159789
megabyte1,1888,2925,1.792040812174479
megabyte1,1889,2925,1.7982200009598692
megabyte1,1890,2925,1.7713763688568376
megabyte1,1891,2925,1.7690146813025842
megabyte1,1892,2925,1.815977251101763
megabyte1,1893,2925,1.7821827097835703
megabyte1,1894,2925,1.771570179279034
megabyte1,1895,2925,1.799001736111111
megabyte1,1896,2925,1.7743369404067342
megabyte1,1897,2925,1.783242422250601
megabyte1,1898,2925,1.7989798886551815
megabyte1,1899,2925,1.7812847900390625
megabyte1,1900,2925,1.7828016649555956
megabyte1,1901,2925,1.796390628651676
megabyte1,1902,2925,1.7810333969246628
megabyte1,1903,2925,1.7755263075869308
megabyte1,1904,2925,1.778932604667468
megabyte1,1905,2925,1.7732478997646235
megabyte1,1906,2925,1.780118318541437
megabyte1,1907,2925,1.760294883271568
megabyte1,1908,2925,1.794369617038303
megabyte1,1909,2925,1.7784483480861044
megabyte1,1910,2925,1.7916909920456063
megabyte1,1911,2925,1.7790673802041599
megabyte1,1912,2925,1.7800919752854567
megabyte1,1913,2925,1.7972500479934561
megabyte1,1914,2925,1.7981317399505876
megabyte1,1915,2925,1.7961214570917634
megabyte1,1916,2925,1.805800562149439
megabyte1,1917,2925,1.76360596876878
megabyte1,1918,2925,1.79835208077716
megabyte1,1919,2925,1.7891725093482906
megabyte1,1920,2925,1.8410632428552351
megabyte1,1921,2925,1.8497657084668804
megabyte1,1922,2925,1.8361350661057692
megabyte1,1923,2925,1.8063900156917736
megabyte1,1924,2925,1.814319864908854
megabyte1,1925,2925,1.8120786722297342
megabyte1,1926,2925,1.8088158553685898
megabyte1,1927,2925,1.8249826284555288
megabyte1,1928,2925,1.8186974471654647
megabyte1,1929,2925,1.797060046073718
megabyte1,1930,2925,1.8215323893229167
megabyte1,1931,2925,1.8086856887686966
megabyte1,1932,2925,1.80079831897703
megabyte1,1933,2925,1.782418901492388
megabyte1,1934,2925,1.810788073417468
megabyte1,1935,2925,1.8042013210720487
megabyte1,1936,2925,1.8133040260249733
megabyte1,1937,2925,1.8060474050146902
megabyte1,1938,2925,1.8066624059432592
megabyte1,1939,2925,1.825538090110844
megabyte1,1940,2925,1.7986766117454593
megabyte1,1941,2925,1.807133549095219
megabyte1,1942,2925,1.7879373025486611
megabyte1,1943,2925,1.7871724863948986
megabyte1,1944,2925,1.8187684774806356
megabyte1,1945,2925,1.8087263319227431
megabyte1,1946,2925,1.8043860489282852
megabyte1,1947,2925,1.7920294733944102
megabyte1,1948,2925,1.7727653177375466
megabyte1,1949,2925,1.800050325312166
megabyte1,1950,2925,1.7923658478565705
megabyte1,1951,2925,1.7879563447349092
megabyte1,1952,2925,1.7997960030319344
megabyte1,1953,2925,1.8084975126869658
megabyte1,1954,2925,1.79819091666458
megabyte1,1955,2925,1.776106395232372
megabyte1,1956,2925,1.7839220930572248
megabyte1,1957,2925,1.8004063428569044
megabyte1,1958,2925,1.783839630387787
megabyte1,1959,2925,1.7609776788695246
megabyte1,1960,2925,1.7793006675263756
megabyte1,1961,2925,1.7936429850260416
megabyte1,1962,2925,1.779752686329377
megabyte1,1963,2925,1.7339228181757478
megabyte1,1964,2925,1.7964723609859108
megabyte1,1965,2925,1.7718281802968083
megabyte1,1966,2925,1.7834576781183227
megabyte1,1967,2925,1.7972989126352164
megabyte1,1968,2925,1.7895944500784589
megabyte1,1969,2925,1.8040508720202324
megabyte1,1970,2925,1.7979463547926682
megabyte1,1971,2925,1.7854933153462207
megabyte1,1972,2925,1.7903085718399439
megabyte1,1973,2925,1.784657189784906
megabyte1,1974,2925,1.788590599125267
megabyte1,1975,2925,1.7973247665014023
megabyte1,1976,2925,1.7708424520900108
megabyte1,1977,2925,1.7879682857154782
megabyte1,1978,2925,1.7853177740635016
megabyte1,1979,2925,1.783634810488448
megabyte1,1980,2925,1.8192930146567843
megabyte1,1981,2925,1.7829741701305422
megabyte1,1982,2925,1.789378922943376
megabyte1,1983,2925,1.762246824085203
megabyte1,1984,2925,1.8120120108840811
megabyte1,1985,2925,1.7643745878822783
megabyte1,1986,2925,1.7985259592431224
megabyte1,1987,2925,1.7702074308476896
megabyte1,1988,2925,1.79512205466246
megabyte1,1989,2925,1.7812347255608973
megabyte1,1990,2925,1.7831807923928285
megabyte1,1991,2925,1.7991030962039263
megabyte1,1992,2925,1.7655555659889155
megabyte1,1993,2925,1.7979334330762553
megabyte1,1994,2925,1.796118404029781
megabyte1,1995,2925,1.7990760998848156
megabyte1,1996,2925,1.8011196664663462
megabyte1,1997,2925,1.788725319886819
megabyte1,1998,2925,1.7869387999966613
megabyte1,1999,2925,1.8037579997788127
megabyte1,2000,2925,1.8047822453425482
megabyte1,2001,2925,1.7921961257804153
megabyte1,2002,2925,1.7928646720168937
megabyte1,2003,2925,1.7781051557491987
megabyte1,2004,2925,1.7944231916900375
megabyte1,2005,2925,1.7861066769330929
megabyte1,2006,2925,1.7765361714159322
megabyte1,2007,2925,1.7945750544621395
megabyte1,2008,2925,1.7723279695429353
megabyte1,2009,2925,1.7982401425614316
megabyte1,2010,2925,1.7888232734875802
megabyte1,2011,2925,1.781246092706664
megabyte1,2012,2925,1.7775301393688234
megabyte1,2013,2925,1.7944296342898638
megabyte1,2014,2925,1.7877606514172677
megabyte1,2015,2925,1.7833526024451622
megabyte1,2016,2925,1.8189979801014957
megabyte1,2017,2925,1.8091478031517094
megabyte1,2018,2925,1.8293829293536326
megabyte1,2019,2925,1.8255743773370727
megabyte1,2020,2925,1.825357864249466
megabyte1,2021,2925,1.8189308518629808
megabyte1,2022,2925,1.8243135318593082
megabyte1,2023,2925,1.816189413478232
megabyte1,2024,2925,1.800253415882078
megabyte1,2025,2925,1.8016127053285256
megabyte1,2026,2925,1.8233508066030648
megabyte1,2027,2925,1.8087221246703058
megabyte1,2028,2925,1.8173399626903044
megabyte1,2029,2925,1.7892340270474425
megabyte1,2030,2925,1.8308052128196781
megabyte1,2031,2925,1.8211048041449653
megabyte1,2032,2925,1.7976692760500133
megabyte1,2033,2925,1.7962529552492321
megabyte1,2034,2925,1.7828283065404646
megabyte1,2035,2925,1.811662357688969
megabyte1,2036,2925,1.7921464238615117
megabyte1,2037,2925,1.8047210667275975
megabyte1,2038,2925,1.7921807678744324
megabyte1,2039,2925,1.803310296474359
megabyte1,2040,2925,1.7902489543164897
megabyte1,2041,2925,1.8235542858156384
megabyte1,2042,2925,1.7929178847614518
megabyte1,2043,2925,1.812364491519765
megabyte1,2044,2925,1.7935861815754166
megabyte1,2045,2925,1.8062677680121528
megabyte1,2046,2925,1.7728662213708601
megabyte1,2047,2925,1.7733490042401174
megabyte1,2048,2925,1.7735267469618055
megabyte1,2049,2925,1.7986374996869992
megabyte1,2050,2925,1.7847484803811098
megabyte1,2051,2925,1.7902206186147835
megabyte1,2052,2925,1.7800630784646059
megabyte1,2053,2925,1.8103897766374115
megabyte1,2054,2925,1.8225110489282852
megabyte1,2055,2925,1.793859598534739
megabyte1,2056,2925,1.7986838042430389
megabyte1,2057,2925,1.7812728438418135
megabyte1,2058,2925,1.7748534712832198
megabyte1,2059,2925,1.8069773303952992
megabyte1,2060,2925,1.805051754682492
megabyte1,2061,2925,1.790449469150641
megabyte1,2062,2925,1.785494426499065
megabyte1,2063,2925,1.8112733029096555
megabyte1,2064,2925,1.803640071673271
megabyte1,2065,2925,1.8025921350462824
megabyte1,2066,2925,1.7765338695558728
megabyte1,2067,2925,1.762030797453008
megabyte1,2068,2925,1.7908919479500534
megabyte1,2069,2925,1.821475877028245
megabyte1,2070,2925,1.7850138372437567
megabyte1,2071,2925,1.7967322455512154
megabyte1,2072,2925,1.8002067578959668
megabyte1,2073,2925,1.7782082999465811
megabyte1,2074,2925,1.8059096168452857
megabyte1,2075,2925,1.783023655557225
megabyte1,2076,2925,1.778441162109375
megabyte1,2077,2925,1.8034887225811298
megabyte1,2078,2925,1.8057420466496394
megabyte1,2079,2925,1.7712259667551415
megabyte1,2080,2925,1.7759115209334937
megabyte1,2081,2925,1.7814213327261117
megabyte1,2082,2925,1.7841424091045672
megabyte1,2083,2925,1.7750745150574252
megabyte1,2084,2925,1.8121051599225428
megabyte1,2085,2925,1.7703121283115484
megabyte1,2086,2925,1.81419921353332
megabyte1,2087,2925,1.801173546945947
megabyte1,2088,2925,1.7726085799779647
megabyte1,2089,2925,1.8061403245192307
megabyte1,2090,2925,1.7836172407101363
megabyte1,2091,2925,1.7962178574260483
megabyte1,2092,2925,1.7679608832465277
megabyte1,2093,2925,1.790688742613181
megabyte1,2094,2925,1.7935154358953491
megabyte1,2095,2925,1.7830242946005275
megabyte1,2096,2925,1.8001617568578476
megabyte1,2097,2925,1.7833431459084534
megabyte1,2098,2925,1.7744725727831197
megabyte1,2099,2925,1.7997854640341213
megabyte1,2100,2925,1.789785396217281
megabyte1,2101,2925,1.766019524468316
megabyte1,2102,2925,1.7997243349776308
megabyte1,2103,2925,1.7948206609742254
megabyte1,2104,2925,1.8131327311197916
megabyte1,2105,2925,1.8028355577256945
megabyte1,2106,2925,1.7841823845235711
megabyte1,2107,2925,1.7678875888922276
megabyte1,2108,2925,1.7983467506343482
megabyte1,2109,2925,1.8111423068576389
megabyte1,2110,2925,1.8023250951522436
megabyte1,2111,2925,1.802973883213141
megabyte1,2112,2925,1.7936577273637822
megabyte1,2113,2925,1.8255026166866988
megabyte1,2114,2925,1.8268184094551283
megabyte1,2115,2925,1.8033491085737179
megabyte1,2116,2925,1.8226727347088676
megabyte1,2117,2925,1.825408904246795
megabyte1,2118,2925,1.8314322916666668
megabyte1,2119,2925,1.8317786896534456
megabyte1,2120,2925,1.8311395315838674
megabyte1,2121,2925,1.813278307792468
megabyte1,2122,2925,1.809527806991186
megabyte1,2123,2925,1.796087156116453
megabyte1,2124,2925,1.809933852497329
megabyte1,2125,2925,1.845945345886752
megabyte1,2126,2925,1.8286436631944445
megabyte1,2127,2925,1.7822188522469284
megabyte1,2128,2925,1.807763442341079
megabyte1,2129,2925,1.8161992756118122
megabyte1,2130,2925,1.787844739082532
megabyte1,2131,2925,1.7957426570012018
megabyte1,2132,2925,1.8024622468866853
megabyte1,2133,2925,1.8104076052934694
megabyte1,2134,2925,1.8061029411381126
megabyte1,2135,2925,1.7924673122829862
megabyte1,2136,2925,1.8144731779180021
megabyte1,2137,2925,1.795152572240585
megabyte1,2138,2925,1.8287487166967147
megabyte1,2139,2925,1.8019723223824786
megabyte1,2140,2925,1.812542985443376
megabyte1,2141,2925,1.7961983027009882
megabyte1,2142,2925,1.7983940085386618
megabyte1,2143,2925,1.8056918308877536
megabyte1,2144,2925,1.8123202384231436
megabyte1,2145,2925,1.7856763425647704
megabyte1,2146,2925,1.804061734452207
megabyte1,2147,2925,1.8026923076923076
megabyte1,2148,2925,1.8043238869691507
megabyte1,2149,2925,1.778484121469351
megabyte1,2150,2925,1.7934276404747596
megabyte1,2151,2925,1.7919278084518564
megabyte1,2152,2925,1.7900608890892094
megabyte1,2153,2925,1.811489993364383
megabyte1,2154,2925,1.800661130725828
megabyte1,2155,2925,1.804682898888221
megabyte1,2156,2925,1.7871932070479433
megabyte1,2157,2925,1.774454606537126
megabyte1,2158,2925,1.8031484046349158
megabyte1,2159,2925,1.7912069154397035
megabyte1,2160,2925,1.8012571990184294
megabyte1,2161,2925,1.8048834600204076
megabyte1,2162,2925,1.8154781530657385
megabyte1,2163,2925,1.7913548500517495
megabyte1,2164,2925,1.7916841373280583
megabyte1,2165,2925,1.8007337677784454
megabyte1,2166,2925,1.7822523328993056
megabyte1,2167,2925,1.7824652308276576
megabyte1,2168,2925,1.8225704669137286
megabyte1,2169,2925,1.8020582437107706
megabyte1,2170,2925,1.7964997302976429
megabyte1,2171,2925,1.7958355347723023
megabyte1,2172,2925,1.7688593468299278
megabyte1,2173,2925,1.7843518705449553
megabyte1,2174,2925,1.772680165869558
megabyte1,2175,2925,1.8001421753973024
megabyte1,2176,2925,1.8196509675898103
megabyte1,2177,2925,1.7852018750834668
megabyte1,2178,2925,1.7925877575996594
megabyte1,2179,2925,1.7964960551465678
megabyte1,2180,2925,1.8186708003639156
megabyte1,2181,2925,1.79561768099793
megabyte1,2182,2925,1.7725285769731571
megabyte1,2183,2925,1.7919329781817575
megabyte1,2184,2925,1.7819039421407585
megabyte1,2185,2925,1.7759080857496996
megabyte1,2186,2925,1.7773854703984708
megabyte1,2187,2925,1.7936427607088008
megabyte1,2188,2925,1.8012720456897704
megabyte1,2189,2925,1.8030289452707666
megabyte1,2190,2925,1.789131803594084
megabyte1,2191,2925,1.7965191102639222
megabyte1,2192,2925,1.7752054276425615
megabyte1,2193,2925,1.785091281467014
megabyte1,2194,2925,1.797747317583133
megabyte1,2195,2925,1.8008723853999733
megabyte1,2196,2925,1.7793448547624116
megabyte1,2197,2925,1.7834717892377805
megabyte1,2198,2925,1.8078232717921592
megabyte1,2199,2925,1.8285686786358173
megabyte1,2200,2925,1.7836854435847356
megabyte1,2201,2925,1.8002682521200588
megabyte1,2202,2925,1.802673569377671
megabyte1,2203,2925,1.7657145130124867
megabyte1,2204,2925,1.7933211236937434
megabyte1,2205,2925,1.8056244470319178
megabyte1,2206,2925,1.79499023959168
megabyte1,2207,2925,1.776940469334268
megabyte1,2208,2925,1.8253155882745726
megabyte1,2209,2925,1.823822991786859
megabyte1,2210,2925,1.824746594551282
megabyte1,2211,2925,1.8169256643963676
megabyte1,2212,2925,1.8049431694878473
megabyte1,2213,2925,1.8074315519414397
megabyte1,2214,2925,1.818301031650641
megabyte1,2215,2925,1.8144220335870727
megabyte1,2216,2925,1.8386761318108975
megabyte1,2217,2925,1.8109880678877872
megabyte1,2218,2925,1.8342978283482738
megabyte1,2219,2925,1.8445060390896266
megabyte1,2220,2925,1.8130376486492972
megabyte1,2221,2925,1.7935798918895232
megabyte1,2222,2925,1.820722941211146
megabyte1,2223,2925,1.8112923990559373
megabyte1,2224,2925,1.8141102326221956
megabyte1,2225,2925,1.8010121506911059
megabyte1,2226,2925,1.8094151580028044
megabyte1,2227,2925,1.8277969960269764
megabyte1,2228,2925,1.7886790661934096
megabyte1,2229,2925,1.7910448155851446
megabyte1,2230,2925,1.7942153904580662
megabyte1,2231,2925,1.7909945443960336
megabyte1,2232,2925,1.8282213312132747
megabyte1,2233,2925,1.8261544512887287
megabyte1,2234,2925,1.8137810861962473
megabyte1,2235,2925,1.784530509231437
megabyte1,2236,2925,1.7966900582598824
megabyte1,2237,2925,1.812663081894573
megabyte1,2238,2925,1.8225351838168935
megabyte1,2239,2925,1.7784633851662661
megabyte1,2240,2925,1.8054317898220487
megabyte1,2241,2925,1.793803246652978
megabyte1,2242,2925,1.7881414221087073
megabyte1,2243,2925,1.7890909452519865
megabyte1,2244,2925,1.7768619478665866
megabyte1,2245,2925,1.8206744123931624
megabyte1,2246,2925,1.7863766505575587
megabyte1,2247,2925,1.7884856656066372
megabyte1,2248,2925,1.788978506234976
megabyte1,2249,2925,1.8155364729400374
megabyte1,2250,2925,1.8147933673043537
megabyte1,2251,2925,1.7917836220244057
megabyte1,2252,2925,1.7608616905538446
megabyte1,2253,2925,1.8019976897932526
megabyte1,2254,2925,1.7756690600794605
megabyte1,2255,2925,1.8096522248096956
megabyte1,2256,2925,1.787887247851771
megabyte1,2257,2925,1.7901133532401843
megabyte1,2258,2925,1.777861122066139
megabyte1,2259,2925,1.803907241169204
megabyte1,2260,2925,1.7878222812750402
megabyte1,2261,2925,1.78361082941039
megabyte1,2262,2925,1.7825009390024038
megabyte1,2263,2925,1.8003466536041
megabyte1,2264,2925,1.7789766595302483
megabyte1,2265,2925,1.8052959944244125
megabyte1,2266,2925,1.7788738335503471
megabyte1,2267,2925,1.7923250169020433
megabyte1,2268,2925,1.7964136889857105
megabyte1,2269,2925,1.7892593618539663
megabyte1,2270,2925,1.7925680463741986
megabyte1,2271,2925,1.78855227478549
megabyte1,2272,2925,1.8006617136898204
megabyte1,2273,2925,1.7896067731808394
megabyte1,2274,2925,1.7955823249490852
megabyte1,2275,2925,1.7676376603607438
megabyte1,2276,2925,1.7839854392027243
megabyte1,2277,2925,1.7945716949202057
megabyte1,2278,2925,1.7767876623430823
megabyte1,2279,2925,1.7845333992721688
megabyte1,2280,2925,1.7772118019038796
megabyte1,2281,2925,1.7761455855410324
megabyte1,2282,2925,1.7881107936761318
megabyte1,2283,2925,1.784550499549279
megabyte1,2284,2925,1.8064531323033521
megabyte1,2285,2925,1.7932694446531117
megabyte1,2286,2925,1.7889961855635683
megabyte1,2287,2925,1.7692303258129674
megabyte1,2288,2925,1.7885826697716347
megabyte1,2289,2925,1.7836820423093616
megabyte1,2290,2925,1.7844668605184963
megabyte1,2291,2925,1.7718610401642627
megabyte1,2292,2925,1.7850470335870727
megabyte1,2293,2925,1.765897675864717
megabyte1,2294,2925,1.7874981898120326
megabyte1,2295,2925,1.813659928802751
megabyte1,2296,2925,1.7694305393838474
megabyte1,2297,2925,1.7655728612394415
megabyte1,2298,2925,1.7610571706396903
megabyte1,2299,2925,1.827681177905482
megabyte1,2300,2925,1.7863650747445914
megabyte1,2301,2925,1.8034552523621128
megabyte1,2302,2925,1.788286586663662
megabyte1,2303,2925,1.7994067839272
megabyte1,2304,2925,1.8347979475494125
megabyte1,2305,2925,1.8401754056490385
megabyte1,2306,2925,1.8269704861111111
megabyte1,2307,2925,1.8124397369123932
megabyte1,2308,2925,1.8158358790731837
megabyte1,2309,2925,1.8102557216546475
megabyte1,2310,2925,1.8101766315688435
megabyte1,2311,2925,1.8210220310830663
megabyte1,2312,2925,1.8149143160306491
megabyte1,2313,2925,1.8120147861578526
megabyte1,2314,2925,1.7670633012820514
megabyte1,2315,2925,1.7986446334969284
megabyte1,2316,2925,1.8282534398788062
megabyte1,2317,2925,1.8045104015382947
megabyte1,2318,2925,1.7903504278720954
megabyte1,2319,2925,1.7956585745526175
megabyte1,2320,2925,1.8140333909254807
megabyte1,2321,2925,1.7905297773312299
megabyte1,2322,2925,1.809539309770633
megabyte1,2323,2925,1.8062684670472757
megabyte1,2324,2925,1.7749171591212607
megabyte1,2325,2925,1.8090535586104435
megabyte1,2326,2925,1.8147945919199886
megabyte1,2327,2925,1.8008516960470085
megabyte1,2328,2925,1.8064444465311165
megabyte1,2329,2925,1.8026220911792201
megabyte1,2330,2925,1.7844015255137387
megabyte1,2331,2925,1.7894798761351496
megabyte1,2332,2925,1.7909762129824385
megabyte1,2333,2925,1.7960778391259349
megabyte1,2334,2925,1.8061851984007746
megabyte1,2335,2925,1.776727514022436
megabyte1,2336,2925,1.8043499077690972
megabyte1,2337,2925,1.787885950854701
megabyte1,2338,2925,1.8077665384406718
megabyte1,2339,2925,1.7950410970052084
megabyte1,2340,2925,1.8188750646868324
megabyte1,2341,2925,1.780198249490852
megabyte1,2342,2925,1.7853675046741453
megabyte1,2343,2925,1.7869001939561633
megabyte1,2344,2925,1.7620052005083133
megabyte1,2345,2925,1.7754754690838674
megabyte1,2346,2925,1.7901861937433226
megabyte1,2347,2925,1.7909495322724693
megabyte1,2348,2925,1.7954489996494392
megabyte1,2349,2925,1.7796482340494792
megabyte1,2350,2925,1.7808293696346447
megabyte1,2351,2925,1.799933145637186
megabyte1,2352,2925,1.7634351811857305
megabyte1,2353,2925,1.7917615815513155
megabyte1,2354,2925,1.792605476053352
megabyte1,2355,2925,1.7955545487363114
megabyte1,2356,2925,1.7728509332379725
megabyte1,2357,2925,1.7693416445479433
megabyte1,2358,2925,1.803486523750501
megabyte1,2359,2925,1.7897070925459901
megabyte1,2360,2925,1.818254848382412
megabyte1,2361,2925,1.7795433109642094
megabyte1,2362,2925,1.739767808180589
megabyte1,2363,2925,1.7735889976045005
megabyte1,2364,2925,1.774086423694578
megabyte1,2365,2925,1.7994185671031984
megabyte1,2366,2925,1.7770679676023304
megabyte1,2367,2925,1.7956148379073185
megabyte1,2368,2925,1.785140161758814
megabyte1,2369,2925,1.762179413493882
megabyte1,2370,2925,1.81361326299162
megabyte1,2371,2925,1.7813750392555172
megabyte1,2372,2925,1.800374030740852
megabyte1,2373,2925,1.7740515449719552
megabyte1,2374,2925,1.7770630300146901
megabyte1,2375,2925,1.772550267928686
megabyte1,2376,2925,1.7966248080261753
megabyte1,2377,2925,1.785990981403579
megabyte1,2378,2925,1.778085200643947
megabyte1,2379,2925,1.794078838641827
megabyte1,2380,2925,1.7952583404280182
megabyte1,2381,2925,1.7752507097293169
megabyte1,2382,2925,1.782405765892094
megabyte1,2383,2925,1.7938021355001335
megabyte1,2384,2925,1.7748990565895015
megabyte1,2385,2925,1.7732410241803553
megabyte1,2386,2925,1.7832233031183227
megabyte1,2387,2925,1.7608686815571581
megabyte1,2388,2925,1.7996095836672008
megabyte1,2389,2925,1.8138011573726296
megabyte1,2390,2925,1.7710707027076655
megabyte1,2391,2925,1.7939638917058962
megabyte1,2392,2925,1.7819273024338942
megabyte1,2393,2925,1.7916774130275106
megabyte1,2394,2925,1.7917098046979334
megabyte1,2395,2925,1.7754412502712673
megabyte1,2396,2925,1.7857781617254274
megabyte1,2397,2925,1.7811170516054855
megabyte1,2398,2925,1.7952367290268596
megabyte1,2399,2925,1.7624529031606821
megabyte1,2400,2925,1.823586905715812
megabyte1,2401,2925,1.8077943042200855
megabyte1,2402,2925,1.8211620676415599
megabyte1,2403,2925,1.8155034826555823
megabyte1,2404,2925,1.8381430236294738
megabyte1,2405,2925,1.8152014890491452
megabyte1,2406,2925,1.8018839544312566
megabyte1,2407,2925,1.7987761733878371
megabyte1,2408,2925,1.8178515779870188
megabyte1,2409,2925,1.798119386852297
megabyte1,2410,2925,1.7904324210403313
megabyte1,2411,2925,1.801680430224818
megabyte1,2412,2925,1.8018014395950186
megabyte1,2413,2925,1.7956871567424546
megabyte1,2414,2925,1.8048676257663303
megabyte1,2415,2925,1.7890316955044738
megabyte1,2416,2925,1.7979698181152344
megabyte1,2417,2925,1.8202184452154697
megabyte1,2418,2925,1.7754186750884748
megabyte1,2419,2925,1.780429456661909
megabyte1,2420,2925,1.7831942546877086
megabyte1,2421,2925,1.7822369697766427
megabyte1,2422,2925,1.8066728940784422
megabyte1,2423,2925,1.7974884528787727
megabyte1,2424,2925,1.7740902423043536
megabyte1,2425,2925,1.7968979964297043
megabyte1,2426,2925,1.7851712922968417
megabyte1,2427,2925,1.7837860889923878
megabyte1,2428,2925,1.7771385349371494
megabyte1,2429,2925,1.7862621639936398
megabyte1,2430,2925,1.8262974091880342
megabyte1,2431,2925,1.783671621991019
megabyte1,2432,2925,1.7889970358824119
megabyte1,2433,2925,1.792761480869391
megabyte1,2434,2925,1.7878017275557558
megabyte1,2435,2925,1.809891808664697
megabyte1,2436,2925,1.7809810540614983
megabyte1,2437,2925,1.801062211256761
megabyte1,2438,2925,1.7917291624933227
megabyte1,2439,2925,1.7933750439505292
megabyte1,2440,2925,1.7893479932475294
megabyte1,2441,2925,1.7750617136506952
megabyte1,2442,2925,1.8294514687040933
megabyte1,2443,2925,1.794280032948551
megabyte1,2444,2925,1.7910711252587472
megabyte1,2445,2925,1.7868327240251067
megabyte1,2446,2925,1.7952517308944311
megabyte1,2447,2925,1.813103496844952
megabyte1,2448,2925,1.7863555934286526
megabyte1,2449,2925,1.7788081659822383
megabyte1,2450,2925,1.7827118832840878
megabyte1,2451,2925,1.7819625828408787
megabyte1,2452,2925,1.8023990102914664
megabyte1,2453,2925,1.780253452398838
megabyte1,2454,2925,1.7817638116820245
megabyte1,2455,2925,1.7830968507946048
megabyte1,2456,2925,1.790718532464443
megabyte1,2457,2925,1.7880345166850293
megabyte1,2458,2925,1.7794420239049145
megabyte1,2459,2925,1.7957889811197916
megabyte1,2460,2925,1.7833097017728365
megabyte1,2461,2925,1.799519791562333
megabyte1,2462,2925,1.7750072251018296
megabyte1,2463,2925,1.802959683410123
megabyte1,2464,2925,1.7800071416349492
megabyte1,2465,2925,1.7660470920138889
megabyte1,2466,2925,1.8112899310772235
megabyte1,2467,2925,1.7843626286433294
megabyte1,2468,2925,1.7978071007361778
megabyte1,2469,2925,1.7985711643838476
megabyte1,2470,2925,1.8033550295055423
megabyte1,2471,2925,1.7983682537893964
megabyte1,2472,2925,1.7577383683685563
megabyte1,2473,2925,1.7952029497195512
megabyte1,2474,2925,1.7930375006260015
megabyte1,2475,2925,1.7776827768179086
megabyte1,2476,2925,1.7991116254757613
megabyte1,2477,2925,1.8013172847389156
megabyte1,2478,2925,1.780961204594017
megabyte1,2479,2925,1.7722329294579662
megabyte1,2480,2925,1.7790542550372261
megabyte1,2481,2925,1.7618110852363782
megabyte1,2482,2925,1.7747999872713007
megabyte1,2483,2925,1.780688267895299
megabyte1,2484,2925,1.7669632662259616
megabyte1,2485,2925,1.7992459915030716
megabyte1,2486,2925,1.7748162163628471
megabyte1,2487,2925,1.7954934979300214
megabyte1,2488,2925,1.7866542346660907
megabyte1,2489,2925,1.7791576105101496
megabyte1,2490,2925,1.771964878180088
megabyte1,2491,2925,1.7874372068225828
megabyte1,2492,2925,1.7866442545051249
megabyte1,2493,2925,1.8138845955612313
megabyte1,2494,2925,1.7650486690162595
megabyte1,2495,2925,1.7704442472539397
megabyte1,2496,2925,1.811689453125
megabyte1,2497,2925,1.8387324719551281
megabyte1,2498,2925,1.830176991519765
megabyte1,2499,2925,1.8183617120726496
megabyte1,2500,2925,1.8114950744107239
megabyte1,2501,2925,1.7985421257345084
megabyte1,2502,2925,1.822412391075721
megabyte1,2503,2925,1.8247156387720354
megabyte1,2504,2925,1.8066684012127738
megabyte1,2505,2925,1.8074190788595086
megabyte1,2506,2925,1.8085613648504273
megabyte1,2507,2925,1.8105731566339476
megabyte1,2508,2925,1.7745619449452457
megabyte1,2509,2925,1.8044754745613816
megabyte1,2510,2925,1.8281226420606302
megabyte1,2511,2925,1.8029066402076657
megabyte1,2512,2925,1.8184117354694596
megabyte1,2513,2925,1.7784029160197983
megabyte1,2514,2925,1.8043649080879667
megabyte1,2515,2925,1.7888450198703343
megabyte1,2516,2925,1.8095938762436565
megabyte1,2517,2925,1.8098046710348537
megabyte1,2518,2925,1.791551239796174
megabyte1,2519,2925,1.7859754839514055
megabyte1,2520,2925,1.7723933867104034
megabyte1,2521,2925,1.804441401815822
megabyte1,2522,2925,1.8014910536545974
megabyte1,2523,2925,1.7938258942172058
megabyte1,2524,2925,1.8138051212343396
megabyte1,2525,2925,1.7677289757361778
megabyte1,2526,2925,1.7891611268785266
megabyte1,2527,2925,1.792408911550147
megabyte1,2528,2925,1.7984571512336405
megabyte1,2529,2925,1.7794349096575355
megabyte1,2530,2925,1.802204859154856
megabyte1,2531,2925,1.8104850103916266
megabyte1,2532,2925,1.778076188177125
megabyte1,2533,2925,1.8199947937533387
megabyte1,2534,2925,1.8073694577991453
megabyte1,2535,2925,1.8085195159912109
megabyte1,2536,2925,1.8135261679103232
megabyte1,2537,2925,1.8177782368456197
megabyte1,2538,2925,1.8060202052450587
megabyte1,2539,2925,1.7748881961137821
megabyte1,2540,2925,1.8161300633096287
megabyte1,2541,2925,1.8217234528370392
megabyte1,2542,2925,1.7898214539095887
megabyte1,2543,2925,1.81871337890625
megabyte1,2544,2925,1.7851751552483974
megabyte1,2545,2925,1.8281077432224893
megabyte1,2546,2925,1.7934191790197649
megabyte1,2547,2925,1.7999885650373932
megabyte1,2548,2925,1.7880593689486513
megabyte1,2549,2925,1.7918031037159454
megabyte1,2550,2925,1.780216565254407
megabyte1,2551,2925,1.7864349939069177
megabyte1,2552,2925,1.7986126030815972
megabyte1,2553,2925,1.791429166875334
megabyte1,2554,2925,1.7840499721429286
megabyte1,2555,2925,1.7928826017461272
megabyte1,2556,2925,1.775783451438969
megabyte1,2557,2925,1.8082999257144765
megabyte1,2558,2925,1.776476341312767
megabyte1,2559,2925,1.7549412653996395
megabyte1,2560,2925,1.7955270724826389
megabyte1,2561,2925,1.8099107426048344
megabyte1,2562,2925,1.780625985952524
megabyte1,2563,2925,1.7849825554220085
megabyte1,2564,2925,1.8006597222222223
megabyte1,2565,2925,1.751825668465378
megabyte1,2566,2925,1.7754857550726997
megabyte1,2567,2925,1.790794889009916
megabyte1,2568,2925,1.7548265140892094
megabyte1,2569,2925,1.7937288985293136
megabyte1,2570,2925,1.7744163369724892
megabyte1,2571,2925,1.7553837389823719
megabyte1,2572,2925,1.7881316877837874
megabyte1,2573,2925,1.777730718107305
megabyte1,2574,2925,1.7823562700320512
megabyte1,2575,2925,1.7650231411925748
megabyte1,2576,2925,1.784738508697249
megabyte1,2577,2925,1.7798136132395166
megabyte1,2578,2925,1.7788030536358173
megabyte1,2579,2925,1.7997168386084401
megabyte1,2580,2925,1.7921381084735577
megabyte1,2581,2925,1.8009836676181892
megabyte1,2582,2925,1.7919334111661993
megabyte1,2583,2925,1.7813826549562632
megabyte1,2584,2925,1.7934708906646468
megabyte1,2585,2925,1.7706046406020466
megabyte1,2586,2925,1.782944093361879
megabyte1,2587,2925,1.7770098146617923
megabyte1,2588,2925,1.783714109241453
megabyte1,2589,2925,1.7861364328759348
megabyte1,2590,2925,1.7896301739032452
megabyte1,2591,2925,1.7572569470527843
megabyte1,2592,2925,1.8397599492521368
megabyte1,2593,2925,1.819891138321314
megabyte1,2594,2925,1.8127625033386752
megabyte1,2595,2925,1.8088017990242722
megabyte1,2596,2925,1.8065742988260383
megabyte1,2597,2925,1.8040892094017094
megabyte1,2598,2925,1.831275859082866
megabyte1,2599,2925,1.8292558767856695
megabyte1,2600,2925,1.802459727230235
megabyte1,2601,2925,1.7950642486311432
megabyte1,2602,2925,1.8305638396434294
megabyte1,2603,2925,1.828083986461672
megabyte1,2604,2925,1.820381104558961
megabyte1,2605,2925,1.8102052659254808
megabyte1,2606,2925,1.7992766812316372
megabyte1,2607,2925,1.8051871301373865
megabyte1,2608,2925,1.8216797501001603
megabyte1,2609,2925,1.7824002988114316
megabyte1,2610,2925,1.7930192161625267
megabyte1,2611,2925,1.7849271021133815
megabyte1,2612,2925,1.795752933860844
megabyte1,2613,2925,1.7985232622195513
megabyte1,2614,2925,1.802941179846087
megabyte1,2615,2925,1.7888429390670906
megabyte1,2616,2925,1.8019463224492522
megabyte1,2617,2925,1.7840182834201388
megabyte1,2618,2925,1.8102227626702725
megabyte1,2619,2925,1.7974225792518028
megabyte1,2620,2925,1.778010702540732
megabyte1,2621,2925,1.7706048740484777
megabyte1,2622,2925,1.7978269815037393
megabyte1,2623,2925,1.81010255862505
megabyte1,2624,2925,1.8069931473691239
megabyte1,2625,2925,1.7926278295272435
megabyte1,2626,2925,1.8047767417451255
megabyte1,2627,2925,1.802640140892094
megabyte1,2628,2925,1.8013562846387554
megabyte1,2629,2925,1.8252447248931625
megabyte1,2630,2925,1.812373558109642
megabyte1,2631,2925,1.7999833170572916
megabyte1,2632,2925,1.796844983223157
megabyte1,2633,2925,1.7598607876769499
megabyte1,2634,2925,1.7765113243689903
megabyte1,2635,2925,1.7982098545172276
megabyte1,2636,2925,1.799352046607906
megabyte1,2637,2925,1.7686493337256277
megabyte1,2638,2925,1.7740551862146101
megabyte1,2639,2925,1.7994368235270182
megabyte1,2640,2925,1.8008276810605301
megabyte1,2641,2925,1.8212604020599625
megabyte1,2642,2925,1.8004156285473425
megabyte1,2643,2925,1.7889293077256945
megabyte1,2644,2925,1.7939434657952724
megabyte1,2645,2925,1.794434814453125
megabyte1,2646,2925,1.774403342222556
megabyte1,2647,2925,1.7885247698400775
megabyte1,2648,2925,1.7782583644247463
megabyte1,2649,2925,1.7726416354709202
megabyte1,2650,2925,1.808304443359375
megabyte1,2651,2925,1.7992766864483174
megabyte1,2652,2925,1.794408689319578
megabyte1,2653,2925,1.8101018452440572
megabyte1,2654,2925,1.7927970273270566
megabyte1,2655,2925,1.7871435964209401
megabyte1,2656,2925,1.7705013438167736
megabyte1,2657,2925,1.823483678051549
megabyte1,2658,2925,1.764290766267695
megabyte1,2659,2925,1.7933849523821448
megabyte1,2660,2925,1.7763824619391027
megabyte1,2661,2925,1.7773592226729433
megabyte1,2662,2925,1.7819353726378873
megabyte1,2663,2925,1.8054123837723692
megabyte1,2664,2925,1.771163609170506
megabyte1,2665,2925,1.7699446092915332
megabyte1,2666,2925,1.7984789517394497
megabyte1,2667,2925,1.7852341558994391
megabyte1,2668,2925,1.7815337430513822
megabyte1,2669,2925,1.789455322526459
megabyte1,2670,2925,1.790106485480936
megabyte1,2671,2925,1.7879069036500066
megabyte1,2672,2925,1.771394762870593
megabyte1,2673,2925,1.7949436442057292
megabyte1,2674,2925,1.774640163845486
megabyte1,2675,2925,1.806564221504407
megabyte1,2676,2925,1.7399168722038596
megabyte1,2677,2925,1.79437989715837
megabyte1,2678,2925,1.7645424684703859
megabyte1,2679,2925,1.78627931252504
megabyte1,2680,2925,1.798579850808168
megabyte1,2681,2925,1.7679690943008814
megabyte1,2682,2925,1.7693081847622862
megabyte1,2683,2925,1.7903878758096288
megabyte1,2684,2925,1.7690489992321048
megabyte1,2685,2925,1.771776618631477
megabyte1,2686,2925,1.8109634529831062
megabyte1,2687,2925,1.7707360422509348
megabyte1,2688,2925,1.8272081163194445
megabyte1,2689,2925,1.836888646834936
megabyte1,2690,2925,1.7926517427884616
megabyte1,2691,2925,1.8047713424813034
megabyte1,2692,2925,1.8139564761952458
megabyte1,2693,2925,1.7964897768721622
megabyte1,2694,2925,1.8114837855151575
megabyte1,2695,2925,1.8096132301265357
megabyte1,2696,2925,1.7985040857037928
megabyte1,2697,2925,1.8054637341621596
megabyte1,2698,2925,1.8209365375225361
megabyte1,2699,2925,1.8094591137486646
megabyte1,2700,2925,1.8298501978165065
megabyte1,2701,2925,1.8023689882979435
megabyte1,2702,2925,1.8198615336621928
megabyte1,2703,2925,1.8003064956012953
megabyte1,2704,2925,1.7963760062975762
megabyte1,2705,2925,1.8165182521200587
megabyte1,2706,2925,1.7848690821981839
megabyte1,2707,2925,1.8026434221838274
megabyte1,2708,2925,1.8031423976278713
megabyte1,2709,2925,1.7870307381132728
megabyte1,2710,2925,1.7974121980585605
megabyte1,2711,2925,1.7804263070913462
megabyte1,2712,2925,1.7762125703208467
megabyte1,2713,2925,1.79417480990418
megabyte1,2714,2925,1.7956896124945747
megabyte1,2715,2925,1.7840970481155265
megabyte1,2716,2925,1.7746919915614985
megabyte1,2717,2925,1.7849330047868255
megabyte1,2718,2925,1.7733914575821315
megabyte1,2719,2925,1.7925731730664898
megabyte1,2720,2925,1.8077589246961805
megabyte1,2721,2925,1.7674307143382537
megabyte1,2722,2925,1.7842779175848023
megabyte1,2723,2925,1.8036224391317774
megabyte1,2724,2925,1.7841533641326122
megabyte1,2725,2925,1.797605708195613
megabyte1,2726,2925,1.7631875740768563
megabyte1,2727,2925,1.7827892701238648
megabyte1,2728,2925,1.7784707980685763
megabyte1,2729,2925,1.7840292169293788
megabyte1,2730,2925,1.7838944237863916
megabyte1,2731,2925,1.7706227150941507
megabyte1,2732,2925,1.7912501512837207
megabyte1,2733,2925,1.7899307094476162
megabyte1,2734,2925,1.782200706025474
megabyte1,2735,2925,1.8139469505375267
megabyte1,2736,2925,1.7951129124307226
megabyte1,2737,2925,1.766150152744391
megabyte1,2738,2925,1.7904444194043803
megabyte1,2739,2925,1.7641992057083
megabyte1,2740,2925,1.781749986175798
megabyte1,2741,2925,1.8068808426816239
megabyte1,2742,2925,1.7691064661792202
megabyte1,2743,2925,1.771621370234041
megabyte1,2744,2925,1.7873962845761553
megabyte1,2745,2925,1.777681899111495
megabyte1,2746,2925,1.7966915293636485
megabyte1,2747,2925,1.7772647303393763
megabyte1,2748,2925,1.7977294478457198
megabyte1,2749,2925,1.8041782894297542
megabyte1,2750,2925,1.7739473835219686
megabyte1,2751,2925,1.7914591419187367
megabyte1,2752,2925,1.7752067318125668
megabyte1,2753,2925,1.7735643096662994
megabyte1,2754,2925,1.7696969578408788
megabyte1,2755,2925,1.778619618864141
megabyte1,2756,2925,1.7842409052400507
megabyte1,2757,2925,1.7569939663878873
megabyte1,2758,2925,1.7799769161909054
megabyte1,2759,2925,1.7936804981720753
megabyte1,2760,2925,1.769025419838408
megabyte1,2761,2925,1.775466811351287
megabyte1,2762,2925,1.784950905824319
megabyte1,2763,2925,1.769927988948985
megabyte1,2764,2925,1.7518675766643297
megabyte1,2765,2925,1.7986580403645833
megabyte1,2766,2925,1.7686345079210068
megabyte1,2767,2925,1.7722201407668936
megabyte1,2768,2925,1.7776041144998664
megabyte1,2769,2925,1.7502593524639423
megabyte1,2770,2925,1.769836655315171
megabyte1,2771,2925,1.788272720728165
megabyte1,2772,2925,1.7792673694577992
megabyte1,2773,2925,1.7536582959819045
megabyte1,2774,2925,1.754276378664196
megabyte1,2775,2925,1.8031736950996595
megabyte1,2776,2925,1.769450692070855
megabyte1,2777,2925,1.7812285829201722
megabyte1,2778,2925,1.791870811005943
megabyte1,2779,2925,1.798311018984542
megabyte1,2780,2925,1.7848077183910924
megabyte1,2781,2925,1.7689464536487547
megabyte1,2782,2925,1.7693782865084136
megabyte1,2783,2925,1.7912074579744257
megabyte1,2784,2925,1.811960720486111
megabyte1,2785,2925,1.7909547776442307
megabyte1,2786,2925,1.8215662142761753
megabyte1,2787,2925,1.82658201038328
megabyte1,2788,2925,1.815680901943109
megabyte1,2789,2925,1.8015793185763889
megabyte1,2790,2925,1.8084525657719017
megabyte1,2791,2925,1.8051113865518162
megabyte1,2792,2925,1.8188288762019231
megabyte1,2793,2925,1.802153570713141
megabyte1,2794,2925,1.7956295228615786
megabyte1,2795,2925,1.8369854058159722
megabyte1,2796,2925,1.8112789890908787
megabyte1,2797,2925,1.793729006775424
megabyte1,2798,2925,1.815496106270032
megabyte1,2799,2925,1.7878007311698718
megabyte1,2800,2925,1.8057608319143963
megabyte1,2801,2925,1.8142085670405983
megabyte1,2802,2925,1.8141703287760416
megabyte1,2803,2925,1.7883121327457265
megabyte1,2804,2925,1.8271525378104967
megabyte1,2805,2925,1.7866146772335738
megabyte1,2806,2925,1.796995129707532
megabyte1,2807,2925,1.791412155281784
megabyte1,2808,2925,1.7795677719768297
megabyte1,2809,2925,1.8065673567290998
megabyte1,2810,2925,1.7944147511017627
megabyte1,2811,2925,1.7968968578892894
megabyte1,2812,2925,1.8116173559987647
megabyte1,2813,2925,1.7831178081545056
megabyte1,2814,2925,1.7984583562867253
megabyte1,2815,2925,1.8171665648109891
megabyte1,2816,2925,1.7849053589910524
megabyte1,2817,2925,1.7822521033653846
megabyte1,2818,2925,1.7664806085570246
megabyte1,2819,2925,1.8007989045493624
megabyte1,2820,2925,1.7992520571977664
megabyte1,2821,2925,1.7628906957512227
megabyte1,2822,2925,1.8053102724776309
megabyte1,2823,2925,1.802800027570154
megabyte1,2824,2925,1.7938968275347327
megabyte1,2825,2925,1.7843093937278813
megabyte1,2826,2925,1.7741674335186297
megabyte1,2827,2925,1.786587626139323
megabyte1,2828,2925,1.7904044231186564
megabyte1,2829,2925,1.762503899468316
megabyte1,2830,2925,1.7632157663198618
megabyte1,2831,2925,1.7874037209535256
megabyte1,2832,2925,1.7678586832682293
megabyte1,2833,2925,1.765124047434228
megabyte1,2834,2925,1.7943295783670539
megabyte1,2835,2925,1.8003644476996528
megabyte1,2836,2925,1.788442116761819
megabyte1,2837,2925,1.778599410097823
megabyte1,2838,2925,1.8015161654480503
megabyte1,2839,2925,1.7421515570746529
megabyte1,2840,2925,1.7920994320078794
megabyte1,2841,2925,1.764384285690438
megabyte1,2842,2925,1.7804213512453257
megabyte1,2843,2925,1.7866363603640825
megabyte1,2844,2925,1.7846193036462508
megabyte1,2845,2925,1.7833552955562233
megabyte1,2846,2925,1.775471676557492
megabyte1,2847,2925,1.7920189073350694
megabyte1,2848,2925,1.790072751819578
megabyte1,2849,2925,1.8098479080200196
megabyte1,2850,2925,1.7760804057325053
megabyte1,2851,2925,1.785867416512253
megabyte1,2852,2925,1.7798333635900774
megabyte1,2853,2925,1.7920725765391292
megabyte1,2854,2925,1.7870534834902512
megabyte1,2855,2925,1.791373797033587
megabyte1,2856,2925,1.7920176501151843
megabyte1,2857,2925,1.7617255460298977
megabyte1,2858,2925,1.7717534657013723
megabyte1,2859,2925,1.7763987171140492
megabyte1,2860,2925,1.7814060778495593
megabyte1,2861,2925,1.7648963119637253
megabyte1,2862,2925,1.7975306916848206
megabyte1,2863,2925,1.803012209509173
megabyte1,2864,2925,1.7873617599356888
megabyte1,2865,2925,1.8078255077916332
megabyte1,2866,2925,1.7727868352384648
megabyte1,2867,2925,1.7573589461889023
megabyte1,2868,2925,1.7885901244073852
megabyte1,2869,2925,1.7696678865872897
megabyte1,2870,2925,1.7768629220815806
megabyte1,2871,2925,1.7969897826105101
megabyte1,2872,2925,1.78447998046875
megabyte1,2873,2925,1.761504713857276
megabyte1,2874,2925,1.7755843646709735
megabyte1,2875,2925,1.781163830879407
megabyte1,2876,2925,1.7898509177183493
megabyte1,2877,2925,1.7976351224459135
megabyte1,2878,2925,1.7893700806707398
megabyte1,2879,2925,1.7748991172334068
megabyte1,2880,2925,1.833865977230235
megabyte1,2881,2925,1.8222360359909189
megabyte1,2882,2925,1.8330242554754272
megabyte1,2883,2925,1.8031597535223023
megabyte1,2884,2925,1.796288347814837
megabyte1,2885,2925,1.7998946126302082
megabyte1,2886,2925,1.8020047153570713
megabyte1,2887,2925,1.8091499941573184
megabyte1,2888,2925,1.7998121708274906
megabyte1,2889,2925,1.7792826879126393
megabyte1,2890,2925,1.809576317469279
megabyte1,2891,2925,1.8043889598357372
megabyte1,2892,2925,1.7985799414479835
megabyte1,2893,2925,1.7863872625888921
megabyte1,2894,2925,1.7924607048686754
megabyte1,2895,2925,1.7844372033665323
megabyte1,2896,2925,1.8032939503335546
megabyte1,2897,2925,1.8278138674222506
megabyte1,2898,2925,1.7882656612559262
megabyte1,2899,2925,1.810866930056841
megabyte1,2900,2925,1.7824795897394163
megabyte1,2901,2925,1.78499876299475
megabyte1,2902,2925,1.8153284340230829
megabyte1,2903,2925,1.7918534159864117
megabyte1,2904,2925,1.792549511510083
megabyte1,2905,2925,1.8039503061669504
megabyte1,2906,2925,1.7736201568342682
megabyte1,2907,2925,1.7611416938977364
megabyte1,2908,2925,1.8002961978749332
megabyte1,2909,2925,1.802739033495259
megabyte1,2910,2925,1.7661610927744809
megabyte1,2911,2925,1.8068199439741608
megabyte1,2912,2925,1.7973146774422408
megabyte1,2913,2925,1.7891615751869658
megabyte1,2914,2925,1.79671876043336
megabyte1,2915,2925,1.777876247829861
megabyte1,2916,2925,1.7839847871177217
megabyte1,2917,2925,1.800618145934537
megabyte1,2918,2925,1.796016856136485
megabyte1,2919,2925,1.771004878639156
megabyte1,2920,2925,1.7749884685288129
megabyte1,2921,2925,1.7667446612496662
megabyte1,2922,2925,1.7810554713061733
megabyte1,2923,2925,1.776256692185361
megabyte1,2924,2925,1.8019840260041067
megabyte1,2925,2925,1.7903931290064103
megabyte1,2926,2925,1.8043562564686833
megabyte1,2927,2925,1.7897183344914362
megabyte1,2928,2925,1.781456559010041
megabyte1,2929,2925,1.78271239712707
megabyte1,2930,2925,1.7673468995705628
megabyte1,2931,2925,1.8023763672918336
megabyte1,2932,2925,1.78501221224793
megabyte1,2933,2925,1.7830794427333734
megabyte1,2934,2925,1.7413424630450387
megabyte1,2935,2925,1.7623101284972622
megabyte1,2936,2925,1.7857714322082
megabyte1,2937,2925,1.7686900251339643
megabyte1,2938,2925,1.776670892177484
megabyte1,2939,2925,1.7878267389281184
megabyte1,2940,2925,1.7743283054971288
megabyte1,2941,2925,1.7906696078308628
megabyte1,2942,2925,1.767492430597289
megabyte1,2943,2925,1.7833651759481837
megabyte1,2944,2925,1.7749837526500734
megabyte1,2945,2925,1.8021409515641693
megabyte1,2946,2925,1.7777088654346955
megabyte1,2947,2925,1.7682023164145968
megabyte1,2948,2925,1.789687220907619
megabyte1,2949,2925,1.7699036746554904
megabyte1,2950,2925,1.7916311084714711
megabyte1,2951,2925,1.7927544820410573
megabyte1,2952,2925,1.7967769955366086
megabyte1,2953,2925,1.8069401041666666
megabyte1,2954,2925,1.769571298452524
megabyte1,2955,2925,1.7815133849575988
megabyte1,2956,2925,1.7897563810430022
megabyte1,2957,2925,1.766855223566039
megabyte1,2958,2925,1.7888236360468417
megabyte1,2959,2925,1.7638743030515491
megabyte1,2960,2925,1.814067085461739
megabyte1,2961,2925,1.7954655104417068
megabyte1,2962,2925,1.779752716325287
megabyte1,2963,2925,1.773918942182492
megabyte1,2964,2925,1.7815169323000133
megabyte1,2965,2925,1.8056817131368523
megabyte1,2966,2925,1.771121085403312
megabyte1,2967,2925,1.7832041944194044
megabyte1,2968,2925,1.771913796449319
megabyte1,2969,2925,1.7836005369007077
megabyte1,2970,2925,1.782341309245835
megabyte1,2971,2925,1.7951614588550013
megabyte1,2972,2925,1.7986483451647637
megabyte1,2973,2925,1.7715256386129266
megabyte1,2974,2925,1.7904594636574769
megabyte1,2975,2925,1.8180156851222373
megabyte1,2976,2925,1.8016468850160257
megabyte1,2977,2925,1.8078387920673078
megabyte1,2978,2925,1.8181258346688034
megabyte1,2979,2925,1.8209608289930554
megabyte1,2980,2925,1.8253521885016026
megabyte1,2981,2925,1.831789801181891
megabyte1,2982,2925,1.803353962694478
megabyte1,2983,2925,1.8107431428045289
megabyte1,2984,2925,1.8163877777360444
megabyte1,2985,2925,1.8070069767878605
megabyte1,2986,2925,1.803345233884632
megabyte1,2987,2925,1.7761848280164931
megabyte1,2988,2925,1.8278015201927251
megabyte1,2989,2925,1.790707308777377
megabyte1,2990,2925,1.7936375622871594
megabyte1,2991,2925,1.7810270736563918
megabyte1,2992,2925,1.7980556129390357
megabyte1,2993,2925,1.7919699481409839
megabyte1,2994,2925,1.7918002462794638
megabyte1,2995,2925,1.8109241642096103
megabyte1,2996,2925,1.7953289064586673
megabyte1,2997,2925,1.7972302637344753
megabyte1,2998,2925,1.799959226428953
megabyte1,2999,2925,1.7755243206839275
megabyte1,3000,2925,1.8207351081391685
megabyte1,3001,2925,1.7919201216738447
megabyte1,3002,2925,1.7583911524063502
megabyte1,3003,2925,1.7831535143729969
megabyte1,3004,2925,1.797729257436899
megabyte1,3005,2925,1.8071651360927483
megabyte1,3006,2925,1.796266870743189
megabyte1,3007,2925,1.7794387791299413
megabyte1,3008,2925,1.7880746694711538
megabyte1,3009,2925,1.7817260481353498
megabyte1,3010,2925,1.7749181085570245
megabyte1,3011,2925,1.7895776836688702
megabyte1,3012,2925,1.7761314476860894
megabyte1,3013,2925,1.7838123367179153
megabyte1,3014,2925,1.7715167705829327
megabyte1,3015,2925,1.7867476109561757
megabyte1,3016,2925,1.7984295615171775
megabyte1,3017,2925,1.7710904165414663
megabyte1,3018,2925,1.777198256794204
megabyte1,3019,2925,1.7745804354675814
megabyte1,3020,2925,1.798548058403863
megabyte1,3021,2925,1.8027828196990183
megabyte1,3022,2925,1.7640816817324385
megabyte1,3023,2925,1.8058177250267093
megabyte1,3024,2925,1.7983991052350428
megabyte1,3025,2925,1.781688931456998
megabyte1,3026,2925,1.7647715459318243
megabyte1,3027,2925,1.7980212819678152
megabyte1,3028,2925,1.7997756958007813
megabyte1,3029,2925,1.7978759191790197
megabyte1,3030,2925,1.8054867736294737
megabyte1,3031,2925,1.7755965703980536
megabyte1,3032,2925,1.7883527080829327
megabyte1,3033,2925,1.7747346509623732
megabyte1,3034,2925,1.7895809545272436
megabyte1,3035,2925,1.7800707538311298
megabyte1,3036,2925,1.7632371273203793
megabyte1,3037,2925,1.7865022499540932
megabyte1,3038,2925,1.805120828742655
megabyte1,3039,2925,1.7748922286074387
megabyte1,3040,2925,1.7687185408111312
megabyte1,3041,2925,1.7869129304804354
megabyte1,3042,2925,1.7772851458166399
megabyte1,3043,2925,1.7665325040898772
megabyte1,3044,2925,1.7727025845519497
megabyte1,3045,2925,1.7724844125600963
megabyte1,3046,2925,1.7767303981944027
megabyte1,3047,2925,1.7735731754139956
megabyte1,3048,2925,1.7759589301215277
megabyte1,3049,2925,1.7882501638037527
megabyte1,3050,2925,1.7625835816473023
megabyte1,3051,2925,1.7733342632065472
megabyte1,3052,2925,1.769961148775541
megabyte1,3053,2925,1.786550992003873
megabyte1,3054,2925,1.7859955551277877
megabyte1,3055,2925,1.782374744904347
megabyte1,3056,2925,1.7759427531967815
megabyte1,3057,2925,1.772918200370593
megabyte1,3058,2925,1.7784468404655782
megabyte1,3059,2925,1.7723280895265758
megabyte1,3060,2925,1.7662056673490085
megabyte1,3061,2925,1.7711514308309964
megabyte1,3062,2925,1.7634874966613248
megabyte1,3063,2925,1.7606620097364116
megabyte1,3064,2925,1.7960304247212207
megabyte1,3065,2925,1.7904979842748396
megabyte1,3066,2925,1.7883768743531316
megabyte1,3067,2925,1.7790040158002804
megabyte1,3068,2925,1.7704435377854568
megabyte1,3069,2925,1.7795602195283287
megabyte1,3070,2925,1.7853221273829794
megabyte1,3071,2925,1.7902037896050347
geco22,0,2926,1.7078178259744599
geco22,1,2926,1.7199541810271028
geco22,2,2926,1.703615814386291
geco22,3,2926,1.707892581525113
geco22,4,2926,1.7129192769486694
geco22,5,2926,1.685675385710481
geco22,6,2926,1.7145047673442473
geco22,7,2926,1.7023939678950906
geco22,8,2926,1.712098002352294
geco22,9,2926,1.7121815619530616
geco22,10,2926,1.726985282141789
geco22,11,2926,1.7202316109480633
geco22,12,2926,1.6850502420922133
geco22,13,2926,1.714359039650824
geco22,14,2926,1.709684701790487
geco22,15,2926,1.7027397416506576
geco22,16,2926,1.6933668049247153
geco22,17,2926,1.73083413698375
geco22,18,2926,1.7054267486968597
geco22,19,2926,1.7105663323027585
geco22,20,2926,1.7246490369002785
geco22,21,2926,1.715799095690943
geco22,22,2926,1.7105072592515613
geco22,23,2926,1.7282644481750196
geco22,24,2926,1.69859783827077
geco22,25,2926,1.7097429378506914
geco22,26,2926,1.7097452962879278
geco22,27,2926,1.7041527154261498
geco22,28,2926,1.7230453882328223
geco22,29,2926,1.6994817033664706
geco22,30,2926,1.698698360628244
geco22,31,2926,1.700235910474317
geco22,32,2926,1.7175694398495407
geco22,33,2926,1.696927021728015
geco22,34,2926,1.7071353914960965
geco22,35,2926,1.7281538362952837
geco22,36,2926,1.7214403589213456
geco22,37,2926,1.690246250885281
geco22,38,2926,1.727090640012646
geco22,39,2926,1.7048857761260507
geco22,40,2926,1.7196585002698397
geco22,41,2926,1.7259328598366643
geco22,42,2926,1.723407070032147
geco22,43,2926,1.7019330166173323
geco22,44,2926,1.715842050798772
geco22,45,2926,1.7351247118665027
geco22,46,2926,1.7241491890083986
geco22,47,2926,1.730018487957676
geco22,48,2926,1.7265017725226819
geco22,49,2926,1.7100673696396698
geco22,50,2926,1.7168461805488342
geco22,51,2926,1.6928009585982222
geco22,52,2926,1.720810781336776
geco22,53,2926,1.6942561899890496
geco22,54,2926,1.6958183737055375
geco22,55,2926,1.697755379458445
geco22,56,2926,1.6879385793689825
geco22,57,2926,1.6961184454062013
geco22,58,2926,1.7091082105551854
geco22,59,2926,1.722919445859188
geco22,60,2926,1.6957164420221085
geco22,61,2926,1.723163440467068
geco22,62,2926,1.7082786507909622
geco22,63,2926,1.7132836066120223
geco22,64,2926,1.6841938829715335
geco22,65,2926,1.7043046462397338
geco22,66,2926,1.710269484712258
geco22,67,2926,1.7202087736097167
geco22,68,2926,1.7324041743353467
geco22,69,2926,1.7118456234935204
geco22,70,2926,1.7071371306642962
geco22,71,2926,1.7293782941462321
geco22,72,2926,1.7033914369177672
geco22,73,2926,1.7394270339569489
geco22,74,2926,1.7282393384452397
geco22,75,2926,1.7177507781200188
geco22,76,2926,1.7086590547229197
geco22,77,2926,1.7226920046385885
geco22,78,2926,1.6965233169837268
geco22,79,2926,1.700129989394568
geco22,80,2926,1.7182607566014758
geco22,81,2926,1.6979067640115526
geco22,82,2926,1.7201929268410006
geco22,83,2926,1.7093137283481643
geco22,84,2926,1.731203715441085
geco22,85,2926,1.701965952604011
geco22,86,2926,1.714888128774751
geco22,87,2926,1.6859572157009122
geco22,88,2926,1.7293038958160338
geco22,89,2926,1.7125355843721966
geco22,90,2926,1.7035450234611964
geco22,91,2926,1.710568800252835
geco22,92,2926,1.7160456103978707
geco22,93,2926,1.7089390549363133
geco22,94,2926,1.7150356516965186
geco22,95,2926,1.7091700709689095
geco22,96,2926,1.6943596978751423
geco22,97,2926,1.7031787890566594
geco22,98,2926,1.7122549968310112
geco22,99,2926,1.7042087325476165
geco22,100,2926,1.7138304954836487
geco22,101,2926,1.6935863899027577
geco22,102,2926,1.7133412925005773
geco22,103,2926,1.7151751228170857
geco22,104,2926,1.7011825694503315
geco22,105,2926,1.735463149565503
geco22,106,2926,1.7112391909262292
geco22,107,2926,1.6905167423855827
geco22,108,2926,1.7230318712194082
geco22,109,2926,1.7110839669050946
geco22,110,2926,1.7181808396063678
geco22,111,2926,1.7082047400536475
geco22,112,2926,1.73875402996822
geco22,113,2926,1.719243535258879
geco22,114,2926,1.720769163850066
geco22,115,2926,1.7023000084856807
geco22,116,2926,1.7257829771739364
geco22,117,2926,1.7364743559309985
geco22,118,2926,1.7070874209609328
geco22,119,2926,1.7175425440174867
geco22,120,2926,1.720818169542314
geco22,121,2926,1.7052831395554038
geco22,122,2926,1.7348856740183645
geco22,123,2926,1.7104809892071655
geco22,124,2926,1.7109967190683173
geco22,125,2926,1.729437140349403
geco22,126,2926,1.7126146878433488
geco22,127,2926,1.7095503829883045
geco22,128,2926,1.710117645159374
geco22,129,2926,1.7125505980610929
geco22,130,2926,1.722890849970663
geco22,131,2926,1.7074330604328982
geco22,132,2926,1.7134172592110937
geco22,133,2926,1.7397204142927065
geco22,134,2926,1.7199369210212587
geco22,135,2926,1.7082658599519762
geco22,136,2926,1.7175540858886051
geco22,137,2926,1.7277731605368123
geco22,138,2926,1.7312084088485207
geco22,139,2926,1.717752075977547
geco22,140,2926,1.7238645312399874
geco22,141,2926,1.7004206455984265
geco22,142,2926,1.7240066945512085
geco22,143,2926,1.7060119827072342
geco22,144,2926,1.6933998634614769
geco22,145,2926,1.7083694356317318
geco22,146,2926,1.7128266538566543
geco22,147,2926,1.693864748075411
geco22,148,2926,1.7510506166469864
geco22,149,2926,1.729386275546321
geco22,150,2926,1.7334144198560422
geco22,151,2926,1.709248621660964
geco22,152,2926,1.7057713660489837
geco22,153,2926,1.7216905214488303
geco22,154,2926,1.7143667629135038
geco22,155,2926,1.7462133106432463
geco22,156,2926,1.7062693457039593
geco22,157,2926,1.7288490133748344
geco22,158,2926,1.709112287301033
geco22,159,2926,1.7290017498900283
geco22,160,2926,1.7191506123102778
geco22,161,2926,1.7166494081383767
geco22,162,2926,1.7038134772404365
geco22,163,2926,1.7250146272650175
geco22,164,2926,1.7140669662986645
geco22,165,2926,1.7070024168336546
geco22,166,2926,1.7263790946746638
geco22,167,2926,1.7357797212007513
geco22,168,2926,1.6987542291251423
geco22,169,2926,1.7173187884254482
geco22,170,2926,1.725493237488252
geco22,171,2926,1.7170625479353345
geco22,172,2926,1.7162705276082495
geco22,173,2926,1.6830051836703463
geco22,174,2926,1.727097601900342
geco22,175,2926,1.7337063849990855
geco22,176,2926,1.7082253714904994
geco22,177,2926,1.7037196912263568
geco22,178,2926,1.710320638942132
geco22,179,2926,1.6988540253081879
geco22,180,2926,1.7040094869721856
geco22,181,2926,1.7194725213927597
geco22,182,2926,1.7036056518554688
geco22,183,2926,1.7049352237808322
geco22,184,2926,1.6976111536554008
geco22,185,2926,1.714079926621808
geco22,186,2926,1.7064350451497452
geco22,187,2926,1.7113594047353435
geco22,188,2926,1.6849870492722674
geco22,189,2926,1.6979437363286256
geco22,190,2926,1.6971727242147117
geco22,191,2926,1.7044169255828336
geco22,192,2926,1.7027676882844873
geco22,193,2926,1.7089285964600778
geco22,194,2926,1.6956139067143345
geco22,195,2926,1.7121163301083298
geco22,196,2926,1.712892954755302
geco22,197,2926,1.6964937120126031
geco22,198,2926,1.7219618082209474
geco22,199,2926,1.7056129935336943
geco22,200,2926,1.7029695778127736
geco22,201,2926,1.6970695709416252
geco22,202,2926,1.7201901355673006
geco22,203,2926,1.716125819427219
geco22,204,2926,1.714412686601536
geco22,205,2926,1.7090144284522786
geco22,206,2926,1.694573092770267
geco22,207,2926,1.713499181334156
geco22,208,2926,1.6993134473173568
geco22,209,2926,1.72125632128973
geco22,210,2926,1.7057703204621049
geco22,211,2926,1.697738730899292
geco22,212,2926,1.718341586203585
geco22,213,2926,1.6963534208494593
geco22,214,2926,1.6957216217187032
geco22,215,2926,1.7056847074955845
geco22,216,2926,1.6935500081727868
geco22,217,2926,1.6980275397258349
geco22,218,2926,1.688128971352776
geco22,219,2926,1.7059219892271071
geco22,220,2926,1.7012564554168847
geco22,221,2926,1.7119021086520068
geco22,222,2926,1.6973091628725856
geco22,223,2926,1.7178624805651213
geco22,224,2926,1.7135982917582264
geco22,225,2926,1.7113184847411276
geco22,226,2926,1.7147344979046961
geco22,227,2926,1.7009559482723087
geco22,228,2926,1.7145043097370223
geco22,229,2926,1.7263409385759376
geco22,230,2926,1.6880319077758372
geco22,231,2926,1.7047952872306944
geco22,232,2926,1.7081651746289663
geco22,233,2926,1.6967047204404193
geco22,234,2926,1.7126171649194952
geco22,235,2926,1.7084624720043462
geco22,236,2926,1.7021071720188476
geco22,237,2926,1.7166075168695665
geco22,238,2926,1.6980848514455193
geco22,239,2926,1.6992531826621609
geco22,240,2926,1.6971844603407489
geco22,241,2926,1.7074904699319042
geco22,242,2926,1.7214450093058797
geco22,243,2926,1.696442960633534
geco22,244,2926,1.6907393063736222
geco22,245,2926,1.7030690154716404
geco22,246,2926,1.707863383315967
geco22,247,2926,1.7211604154199587
geco22,248,2926,1.7035583449159675
geco22,249,2926,1.703512519007257
geco22,250,2926,1.7133088480179552
geco22,251,2926,1.6934425943287283
geco22,252,2926,1.7166498149003546
geco22,253,2926,1.7130793456092568
geco22,254,2926,1.7068677668855032
geco22,255,2926,1.715292009521818
geco22,256,2926,1.7103237105165534
geco22,257,2926,1.7004283675573821
geco22,258,2926,1.7067040856049147
geco22,259,2926,1.7196841393116804
geco22,260,2926,1.7220265837621787
geco22,261,2926,1.7196051349235737
geco22,262,2926,1.738224126016613
geco22,263,2926,1.7199872082744814
geco22,264,2926,1.7058521695766071
geco22,265,2926,1.720967177406045
geco22,266,2926,1.7122461627952383
geco22,267,2926,1.7139191865432124
geco22,268,2926,1.6865901933984242
geco22,269,2926,1.6874580357226296
geco22,270,2926,1.7023222539332006
geco22,271,2926,1.709600092691668
geco22,272,2926,1.6855368428416067
geco22,273,2926,1.6930493793500585
geco22,274,2926,1.69067294941483
geco22,275,2926,1.7000048814044777
geco22,276,2926,1.6982536328955211
geco22,277,2926,1.7173128434426965
geco22,278,2926,1.6949027551010873
geco22,279,2926,1.7155446582515192
geco22,280,2926,1.7011660264928457
geco22,281,2926,1.702108478350584
geco22,282,2926,1.6917931001966975
geco22,283,2926,1.7119715202368047
geco22,284,2926,1.7012497568814948
geco22,285,2926,1.6973025451681016
geco22,286,2926,1.7147727948056453
geco22,287,2926,1.7061272684385413
geco22,288,2926,1.711917647741791
geco22,289,2926,1.7180284407557647
geco22,290,2926,1.7030291658350645
geco22,291,2926,1.6996599811441835
geco22,292,2926,1.7111631472959798
geco22,293,2926,1.717956775031673
geco22,294,2926,1.7090921851762417
geco22,295,2926,1.7162347729696612
geco22,296,2926,1.7071761224502908
geco22,297,2926,1.7045069373151005
geco22,298,2926,1.7140635140367508
geco22,299,2926,1.6941496196546053
geco22,300,2926,1.69083465164195
geco22,301,2926,1.7147715614824692
geco22,302,2926,1.703641324359427
geco22,303,2926,1.7085161437258196
geco22,304,2926,1.7002944920214578
geco22,305,2926,1.7013875983467024
geco22,306,2926,1.6980791632964525
geco22,307,2926,1.697138455821811
geco22,308,2926,1.7061683735616062
geco22,309,2926,1.7025631430698271
geco22,310,2926,1.74035055247872
geco22,311,2926,1.7188613758621685
geco22,312,2926,1.6989079369149303
geco22,313,2926,1.7121727422582558
geco22,314,2926,1.7323651968903193
geco22,315,2926,1.7104653262635738
geco22,316,2926,1.715171701844555
geco22,317,2926,1.7245585779905808
geco22,318,2926,1.7115522594543164
geco22,319,2926,1.7149901478077072
geco22,320,2926,1.7225167019596999
geco22,321,2926,1.7140930199248288
geco22,322,2926,1.6971333543486735
geco22,323,2926,1.7105795846601421
geco22,324,2926,1.7477917804835352
geco22,325,2926,1.7090406698147402
geco22,326,2926,1.710187473935944
geco22,327,2926,1.7393754423275762
geco22,328,2926,1.7349337697110596
geco22,329,2926,1.7159847277773626
geco22,330,2926,1.722969778742761
geco22,331,2926,1.7206417482679865
geco22,332,2926,1.7036022908542552
geco22,333,2926,1.7079120617734187
geco22,334,2926,1.733543382958851
geco22,335,2926,1.7273397517383546
geco22,336,2926,1.7103129091608305
geco22,337,2926,1.7319989325001235
geco22,338,2926,1.699579358834236
geco22,339,2926,1.6879953357021205
geco22,340,2926,1.7359080624270748
geco22,341,2926,1.7177496862509278
geco22,342,2926,1.6943486083963515
geco22,343,2926,1.7076429848139691
geco22,344,2926,1.7209529759373798
geco22,345,2926,1.7024754154625121
geco22,346,2926,1.7233314931351928
geco22,347,2926,1.7154246204451837
geco22,348,2926,1.7040009775637603
geco22,349,2926,1.7179109556415841
geco22,350,2926,1.7159444205335617
geco22,351,2926,1.7113271662411589
geco22,352,2926,1.7259340149363833
geco22,353,2926,1.725188189471982
geco22,354,2926,1.716111690967114
geco22,355,2926,1.7044094356868011
geco22,356,2926,1.7066894526035103
geco22,357,2926,1.7181674673063496
geco22,358,2926,1.7157041311101073
geco22,359,2926,1.7090009961809431
geco22,360,2926,1.7129584981901387
geco22,361,2926,1.715848373861567
geco22,362,2926,1.6968562216768506
geco22,363,2926,1.6960740666314502
geco22,364,2926,1.7070236558060246
geco22,365,2926,1.7244697396101727
geco22,366,2926,1.7174754634917149
geco22,367,2926,1.6976718889550648
geco22,368,2926,1.7377372697372593
geco22,369,2926,1.7064952420112782
geco22,370,2926,1.7161045315651884
geco22,371,2926,1.7048809536499108
geco22,372,2926,1.6942831275402808
geco22,373,2926,1.7253492228885423
geco22,374,2926,1.716051005208973
geco22,375,2926,1.7146990744120767
geco22,376,2926,1.7023796399651694
geco22,377,2926,1.7093554527402657
geco22,378,2926,1.718219923956787
geco22,379,2926,1.7276242361114356
geco22,380,2926,1.7158603915920505
geco22,381,2926,1.7117645813843525
geco22,382,2926,1.7106971936281299
geco22,383,2926,1.7155066990151604
geco22,384,2926,1.7215850319018204
geco22,385,2926,1.7143355634875763
geco22,386,2926,1.712382600149388
geco22,387,2926,1.7065351255446857
geco22,388,2926,1.6902050975244174
geco22,389,2926,1.7219754634291362
geco22,390,2926,1.6995383814761513
geco22,391,2926,1.7348104738977292
geco22,392,2926,1.7111580510377395
geco22,393,2926,1.717847521632645
geco22,394,2926,1.702628220423231
geco22,395,2926,1.70821414251321
geco22,396,2926,1.7172561457771516
geco22,397,2926,1.7124384034600717
geco22,398,2926,1.7180287223602106
geco22,399,2926,1.7191903576489107
geco22,400,2926,1.7086528444322755
geco22,401,2926,1.7046385430670403
geco22,402,2926,1.6995447540804693
geco22,403,2926,1.702398906402692
geco22,404,2926,1.7000848388150385
geco22,405,2926,1.6914340036826352
geco22,406,2926,1.728474691968541
geco22,407,2926,1.7117760958772608
geco22,408,2926,1.698687614028941
geco22,409,2926,1.704265440642956
geco22,410,2926,1.7251275702037798
geco22,411,2926,1.7351076343820588
geco22,412,2926,1.721661992702106
geco22,413,2926,1.712263725265117
geco22,414,2926,1.716777693304556
geco22,415,2926,1.6951751226606389
geco22,416,2926,1.6961142650142729
geco22,417,2926,1.7141923167814723
geco22,418,2926,1.695767952168713
geco22,419,2926,1.698252870216813
geco22,420,2926,1.705736735220731
geco22,421,2926,1.7079791044911863
geco22,422,2926,1.702638173706305
geco22,423,2926,1.713357072779355
geco22,424,2926,1.6982750791600527
geco22,425,2926,1.6906904466984944
geco22,426,2926,1.697838647024972
geco22,427,2926,1.7116843801773498
geco22,428,2926,1.6951867623110788
geco22,429,2926,1.7096251828655835
geco22,430,2926,1.7010913700252384
geco22,431,2926,1.7173284946527696
geco22,432,2926,1.6901969857518997
geco22,433,2926,1.69744100720607
geco22,434,2926,1.7156507083999728
geco22,435,2926,1.717440639712268
geco22,436,2926,1.7273030727592462
geco22,437,2926,1.7099168911749423
geco22,438,2926,1.7232923175240735
geco22,439,2926,1.7118213703105976
geco22,440,2926,1.713215780355958
geco22,441,2926,1.7167371800723177
geco22,442,2926,1.6940161639179014
geco22,443,2926,1.7033703322289988
geco22,444,2926,1.710169679403142
geco22,445,2926,1.7224159110350228
geco22,446,2926,1.694994333909948
geco22,447,2926,1.713352059959469
geco22,448,2926,1.7129490501002262
geco22,449,2926,1.7160567494181844
geco22,450,2926,1.7170112841926204
geco22,451,2926,1.7187848902693856
geco22,452,2926,1.7181176598236647
geco22,453,2926,1.7301750339552384
geco22,454,2926,1.7169258015985287
geco22,455,2926,1.7157278836629037
geco22,456,2926,1.7026694500519655
geco22,457,2926,1.7253812201937337
geco22,458,2926,1.7113449386106478
geco22,459,2926,1.7163793260075015
geco22,460,2926,1.7074303108783755
geco22,461,2926,1.7272229302198367
geco22,462,2926,1.718461485815146
geco22,463,2926,1.7112403577594666
geco22,464,2926,1.7051242194759137
geco22,465,2926,1.7108173122653714
geco22,466,2926,1.7073840143251973
geco22,467,2926,1.715350850510092
geco22,468,2926,1.7331533660158587
geco22,469,2926,1.7118054303255947
geco22,470,2926,1.7133149051209957
geco22,471,2926,1.7361012482920168
geco22,472,2926,1.724403557350435
geco22,473,2926,1.7088158979696195
geco22,474,2926,1.708333883070408
geco22,475,2926,1.707236025973859
geco22,476,2926,1.7468211512327683
geco22,477,2926,1.7479105745369004
geco22,478,2926,1.7112190731567467
geco22,479,2926,1.7309146184914745
geco22,480,2926,1.707704807419689
geco22,481,2926,1.694137689273649
geco22,482,2926,1.6929314092504433
geco22,483,2926,1.70781253220199
geco22,484,2926,1.7188247933586573
geco22,485,2926,1.7226302172334245
geco22,486,2926,1.6932829350375673
geco22,487,2926,1.7284577996129462
geco22,488,2926,1.7236372308216108
geco22,489,2926,1.6966632626599347
geco22,490,2926,1.7206549562987448
geco22,491,2926,1.7134776138232655
geco22,492,2926,1.7293837384988573
geco22,493,2926,1.7096574239672166
geco22,494,2926,1.71601608234648
geco22,495,2926,1.7501831771735858
geco22,496,2926,1.7095264218396222
geco22,497,2926,1.688078047882101
geco22,498,2926,1.7187778279949195
geco22,499,2926,1.7173854556706207
geco22,500,2926,1.7137253879278551
geco22,501,2926,1.7297568526564602
geco22,502,2926,1.7268489888491731
geco22,503,2926,1.7356854488975124
geco22,504,2926,1.7074781523448348
geco22,505,2926,1.7272273446302746
geco22,506,2926,1.7354184930974788
geco22,507,2926,1.7363068299674858
geco22,508,2926,1.701177513607544
geco22,509,2926,1.6976765236949074
geco22,510,2926,1.7249588813182024
geco22,511,2926,1.7051938350935627
geco22,512,2926,1.7289179217220576
geco22,513,2926,1.7048623247335646
geco22,514,2926,1.727606216034332
geco22,515,2926,1.7206634761369644
geco22,516,2926,1.7160458685352797
geco22,517,2926,1.703434286423929
geco22,518,2926,1.696758003000193
geco22,519,2926,1.7263847619641421
geco22,520,2926,1.7046302357358796
geco22,521,2926,1.7090056569952714
geco22,522,2926,1.7130591483125928
geco22,523,2926,1.7050413677974343
geco22,524,2926,1.7112814185559058
geco22,525,2926,1.70382156945709
geco22,526,2926,1.7185360223401187
geco22,527,2926,1.7385216632772615
geco22,528,2926,1.7093778859240831
geco22,529,2926,1.7130676068757709
geco22,530,2926,1.7290821231886369
geco22,531,2926,1.7240929411277328
geco22,532,2926,1.714495192793079
geco22,533,2926,1.719715353078575
geco22,534,2926,1.6978852655980494
geco22,535,2926,1.6987772333401976
geco22,536,2926,1.7203546786096433
geco22,537,2926,1.721643975884313
geco22,538,2926,1.708136862952336
geco22,539,2926,1.7251354955437244
geco22,540,2926,1.703542074436858
geco22,541,2926,1.7026525198883662
geco22,542,2926,1.70562368928775
geco22,543,2926,1.7116260319968568
geco22,544,2926,1.7141559572148144
geco22,545,2926,1.7131315082698673
geco22,546,2926,1.7122261584497687
geco22,547,2926,1.697735780571229
geco22,548,2926,1.71951148449682
geco22,549,2926,1.6842902751304643
geco22,550,2926,1.705742894014266
geco22,551,2926,1.7036494426505662
geco22,552,2926,1.6931235951588566
geco22,553,2926,1.7085348267467235
geco22,554,2926,1.7091609390321367
geco22,555,2926,1.701943200007743
geco22,556,2926,1.708159108399856
geco22,557,2926,1.691743484361483
geco22,558,2926,1.720475302440046
geco22,559,2926,1.7202956159882405
geco22,560,2926,1.7301616772999115
geco22,561,2926,1.7104591896333519
geco22,562,2926,1.72335278295281
geco22,563,2926,1.7198043661580376
geco22,564,2926,1.7187914271429638
geco22,565,2926,1.7104285247343824
geco22,566,2926,1.6982197530124583
geco22,567,2926,1.7060473090723942
geco22,568,2926,1.7198427380231334
geco22,569,2926,1.6954050396536609
geco22,570,2926,1.719091811737457
geco22,571,2926,1.7208652196481304
geco22,572,2926,1.7153974143267492
geco22,573,2926,1.7202337542707922
geco22,574,2926,1.6933791746607563
geco22,575,2926,1.7188549028710804
geco22,576,2926,1.7294325043058363
geco22,577,2926,1.7158557672820023
geco22,578,2926,1.70708738967155
geco22,579,2926,1.7091739195630067
geco22,580,2926,1.690674393941341
geco22,581,2926,1.729306896989344
geco22,582,2926,1.71424395860423
geco22,583,2926,1.7168595319892639
geco22,584,2926,1.7325558131146903
geco22,585,2926,1.691478435910082
geco22,586,2926,1.6961847384825033
geco22,587,2926,1.7367525772126016
geco22,588,2926,1.7092651737445197
geco22,589,2926,1.6996263046421096
geco22,590,2926,1.6982075475456775
geco22,591,2926,1.6960515500092783
geco22,592,2926,1.713869989203494
geco22,593,2926,1.7128242693449323
geco22,594,2926,1.7054626324041526
geco22,595,2926,1.7227523409986203
geco22,596,2926,1.7228346855283516
geco22,597,2926,1.6863829794601473
geco22,598,2926,1.6966171564505024
geco22,599,2926,1.707921898373169
geco22,600,2926,1.7010664180460973
geco22,601,2926,1.6988461012719676
geco22,602,2926,1.7122044266696181
geco22,603,2926,1.7170050328346613
geco22,604,2926,1.715435450482841
geco22,605,2926,1.699969976794125
geco22,606,2926,1.7004213000680188
geco22,607,2926,1.7227164155721502
geco22,608,2926,1.690485805008237
geco22,609,2926,1.7135379071603958
geco22,610,2926,1.7023252850921693
geco22,611,2926,1.6939078909195373
geco22,612,2926,1.7080641425152958
geco22,613,2926,1.707816670874741
geco22,614,2926,1.692835041862274
geco22,615,2926,1.7085711361199964
geco22,616,2926,1.6977308929088746
geco22,617,2926,1.719228345567204
geco22,618,2926,1.7104563683739935
geco22,619,2926,1.6989863428935887
geco22,620,2926,1.711269939263553
geco22,621,2926,1.7093158912267574
geco22,622,2926,1.6978378739164695
geco22,623,2926,1.6881086273871295
geco22,624,2926,1.7215614709964941
geco22,625,2926,1.7168104924001844
geco22,626,2926,1.7158204585171202
geco22,627,2926,1.6927163638403704
geco22,628,2926,1.706457127631729
geco22,629,2926,1.6967185184064175
geco22,630,2926,1.7135529769094366
geco22,631,2926,1.7093340156018042
geco22,632,2926,1.700389373163939
geco22,633,2926,1.7192180722198174
geco22,634,2926,1.7088029721951696
geco22,635,2926,1.7453401725909845
geco22,636,2926,1.6964276275321872
geco22,637,2926,1.6951153090940463
geco22,638,2926,1.702653947466461
geco22,639,2926,1.7107909327081352
geco22,640,2926,1.7216623883824274
geco22,641,2926,1.7060241503660107
geco22,642,2926,1.6895104445420301
geco22,643,2926,1.7146511677594032
geco22,644,2926,1.7142005054737228
geco22,645,2926,1.7159867120457282
geco22,646,2926,1.706327251921919
geco22,647,2926,1.708077454843997
geco22,648,2926,1.698665345114384
geco22,649,2926,1.7204862139604715
geco22,650,2926,1.691511645678861
geco22,651,2926,1.7054066817726246
geco22,652,2926,1.6894559058439056
geco22,653,2926,1.6868814310633151
geco22,654,2926,1.715865094125556
geco22,655,2926,1.6935640662317804
geco22,656,2926,1.706170788058987
geco22,657,2926,1.7128981683487283
geco22,658,2926,1.681837926722518
geco22,659,2926,1.6972650396277948
geco22,660,2926,1.7135454870134041
geco22,661,2926,1.7097160693968474
geco22,662,2926,1.671732800836361
geco22,663,2926,1.7110626594871996
geco22,664,2926,1.7228139680456969
geco22,665,2926,1.6980496978238275
geco22,666,2926,1.7010709198060625
geco22,667,2926,1.6906710740074424
geco22,668,2926,1.6972552356211519
geco22,669,2926,1.6878863502184334
geco22,670,2926,1.7130493430022256
geco22,671,2926,1.6859061618578084
geco22,672,2926,1.697194686754061
geco22,673,2926,1.6974972133675585
geco22,674,2926,1.7058467134904634
geco22,675,2926,1.7160434572972099
geco22,676,2926,1.7056839252610119
geco22,677,2926,1.713766497613955
geco22,678,2926,1.701762786729647
geco22,679,2926,1.7194922649933717
geco22,680,2926,1.6985273537208834
geco22,681,2926,1.6930770326459237
geco22,682,2926,1.7002641908615643
geco22,683,2926,1.7293354133506873
geco22,684,2926,1.7075018201555525
geco22,685,2926,1.689600110787361
geco22,686,2926,1.6872956164471515
geco22,687,2926,1.7206001725004538
geco22,688,2926,1.6928299599450007
geco22,689,2926,1.704978201051974
geco22,690,2926,1.717717759346848
geco22,691,2926,1.728722698136054
geco22,692,2926,1.7097764957138553
geco22,693,2926,1.7025023843031262
geco22,694,2926,1.7315548488071986
geco22,695,2926,1.7235612106583986
geco22,696,2926,1.7107477716118689
geco22,697,2926,1.710180261733185
geco22,698,2926,1.7109031664208851
geco22,699,2926,1.690064750301129
geco22,700,2926,1.716226508661402
geco22,701,2926,1.7261681468700272
geco22,702,2926,1.7187681491458082
geco22,703,2926,1.6912577479812925
geco22,704,2926,1.712844470552769
geco22,705,2926,1.7071798067751276
geco22,706,2926,1.7136907636182241
geco22,707,2926,1.7094768112193046
geco22,708,2926,1.7072800240611183
geco22,709,2926,1.6868201416808288
geco22,710,2926,1.7232686614468744
geco22,711,2926,1.7179709074029512
geco22,712,2926,1.7267717190662313
geco22,713,2926,1.7121210939168767
geco22,714,2926,1.7255767345102535
geco22,715,2926,1.710984016882583
geco22,716,2926,1.738397767750759
geco22,717,2926,1.7076073774962253
geco22,718,2926,1.718888115247308
geco22,719,2926,1.7064188828797513
geco22,720,2926,1.717499798809268
geco22,721,2926,1.7186498153071166
geco22,722,2926,1.7115687515665552
geco22,723,2926,1.7170434614117636
geco22,724,2926,1.7138790279239804
geco22,725,2926,1.7108847030775236
geco22,726,2926,1.6953415182951943
geco22,727,2926,1.709111068970686
geco22,728,2926,1.7267695379354981
geco22,729,2926,1.7164613745918196
geco22,730,2926,1.7248707652010498
geco22,731,2926,1.7097494551684054
geco22,732,2926,1.712182827869345
geco22,733,2926,1.7141736383236033
geco22,734,2926,1.7122683587012353
geco22,735,2926,1.7333382171714298
geco22,736,2926,1.7124949316414593
geco22,737,2926,1.6983647036862064
geco22,738,2926,1.7184274168920615
geco22,739,2926,1.7291801006763012
geco22,740,2926,1.7251201520125832
geco22,741,2926,1.7105940273178006
geco22,742,2926,1.7226542448720457
geco22,743,2926,1.7150885633467323
geco22,744,2926,1.706056201123898
geco22,745,2926,1.716133493148376
geco22,746,2926,1.7146630277392478
geco22,747,2926,1.7015773906173237
geco22,748,2926,1.7068887933508141
geco22,749,2926,1.7351231891165346
geco22,750,2926,1.7192682916793771
geco22,751,2926,1.7199869240625867
geco22,752,2926,1.7177452848777328
geco22,753,2926,1.7070114177461364
geco22,754,2926,1.6914173264415477
geco22,755,2926,1.709616949846707
geco22,756,2926,1.7352929144629206
geco22,757,2926,1.7233178861648029
geco22,758,2926,1.7155539042641672
geco22,759,2926,1.7153036491722582
geco22,760,2926,1.7293991081044842
geco22,761,2926,1.70814726015353
geco22,762,2926,1.7058959512456344
geco22,763,2926,1.7325703144399418
geco22,764,2926,1.7070461085457063
geco22,765,2926,1.722973323569099
geco22,766,2926,1.732538324957096
geco22,767,2926,1.712950480937632
geco22,768,2926,1.709360843640195
geco22,769,2926,1.7139458894240718
geco22,770,2926,1.7142181944048576
geco22,771,2926,1.7191649871742734
geco22,772,2926,1.7028694413576888
geco22,773,2926,1.7066282557854486
geco22,774,2926,1.707871963125504
geco22,775,2926,1.7016242047490442
geco22,776,2926,1.7047216437568586
geco22,777,2926,1.7140279223636985
geco22,778,2926,1.7001545137521428
geco22,779,2926,1.7258571317076927
geco22,780,2926,1.7401899949215245
geco22,781,2926,1.6996175801191766
geco22,782,2926,1.7308549574606238
geco22,783,2926,1.7298130288322902
geco22,784,2926,1.6988528545637775
geco22,785,2926,1.7061002741753037
geco22,786,2926,1.7382241573059958
geco22,787,2926,1.7140337304553999
geco22,788,2926,1.7193593164054157
geco22,789,2926,1.7004912852915035
geco22,790,2926,1.7037860234143876
geco22,791,2926,1.7124752740866505
geco22,792,2926,1.702184086536921
geco22,793,2926,1.7107008896864855
geco22,794,2926,1.715306725961577
geco22,795,2926,1.7170245274239342
geco22,796,2926,1.7312384544784536
geco22,797,2926,1.7173757233688136
geco22,798,2926,1.707031376461256
geco22,799,2926,1.6924617490944436
geco22,800,2926,1.73269018276212
geco22,801,2926,1.7171498244540462
geco22,802,2926,1.7054771298182312
geco22,803,2926,1.7366667673837137
geco22,804,2926,1.7052213430241698
geco22,805,2926,1.7038069155960969
geco22,806,2926,1.708406879896997
geco22,807,2926,1.707551072251691
geco22,808,2926,1.695969545751586
geco22,809,2926,1.7005851091135877
geco22,810,2926,1.7137287280694802
geco22,811,2926,1.7145039225309089
geco22,812,2926,1.7149997901525387
geco22,813,2926,1.7208258132778123
geco22,814,2926,1.702491541228226
geco22,815,2926,1.7029373836452149
geco22,816,2926,1.71561493420552
geco22,817,2926,1.7108137283273046
geco22,818,2926,1.7308909624142754
geco22,819,2926,1.7108897941208667
geco22,820,2926,1.7046918158488817
geco22,821,2926,1.7200924488101523
geco22,822,2926,1.7152443375395163
geco22,823,2926,1.698615265153323
geco22,824,2926,1.7205451514243428
geco22,825,2926,1.7078604069134184
geco22,826,2926,1.7207353569755632
geco22,827,2926,1.702204835308959
geco22,828,2926,1.7188419647112498
geco22,829,2926,1.7239764846520154
geco22,830,2926,1.71819876190415
geco22,831,2926,1.708968774635174
geco22,832,2926,1.732788258029106
geco22,833,2926,1.7200179826862911
geco22,834,2926,1.7132465234783847
geco22,835,2926,1.7070744958383453
geco22,836,2926,1.710785695647672
geco22,837,2926,1.7176999230948689
geco22,838,2926,1.7327787408418063
geco22,839,2926,1.7301280829324677
geco22,840,2926,1.7246237915831726
geco22,841,2926,1.7149572261619959
geco22,842,2926,1.7105230421377875
geco22,843,2926,1.7144778754233663
geco22,844,2926,1.7238267649548231
geco22,845,2926,1.6965818724563817
geco22,846,2926,1.7315027206952818
geco22,847,2926,1.702989300553797
geco22,848,2926,1.7112870688969684
geco22,849,2926,1.7118860454650586
geco22,850,2926,1.705284654483026
geco22,851,2926,1.7095980099921184
geco22,852,2926,1.711580285615328
geco22,853,2926,1.7085300583751415
geco22,854,2926,1.6986630818490207
geco22,855,2926,1.7252647285174607
geco22,856,2926,1.6920505948695759
geco22,857,2926,1.7313926094456722
geco22,858,2926,1.7040639500543018
geco22,859,2926,1.6996210780114405
geco22,860,2926,1.7142472426857105
geco22,861,2926,1.724391582642853
geco22,862,2926,1.7111359855041712
geco22,863,2926,1.7151747121439351
geco22,864,2926,1.7166629016847539
geco22,865,2926,1.7132593808073096
geco22,866,2926,1.720233516992972
geco22,867,2926,1.7100682053269383
geco22,868,2926,1.7146959963190336
geco22,869,2926,1.7215275194085957
geco22,870,2926,1.7312559361174265
geco22,871,2926,1.705249839829649
geco22,872,2926,1.714569291266691
geco22,873,2926,1.7158164756394214
geco22,874,2926,1.7373452978596977
geco22,875,2926,1.7169217248526814
geco22,876,2926,1.7119423441909718
geco22,877,2926,1.7114817475262196
geco22,878,2926,1.7178598431308874
geco22,879,2926,1.7354358300230557
geco22,880,2926,1.7105519000748943
geco22,881,2926,1.7151903933396668
geco22,882,2926,1.7124759389860371
geco22,883,2926,1.7167888323248697
geco22,884,2926,1.701353448592712
geco22,885,2926,1.72365417923735
geco22,886,2926,1.7241978153168789
geco22,887,2926,1.7275199290423546
geco22,888,2926,1.7084688198379026
geco22,889,2926,1.7466686376544278
geco22,890,2926,1.7340150026124548
geco22,891,2926,1.7068497963499225
geco22,892,2926,1.7030613925957305
geco22,893,2926,1.703047552258693
geco22,894,2926,1.710379671577876
geco22,895,2926,1.7366329513831409
geco22,896,2926,1.7410670050349206
geco22,897,2926,1.7359120870239508
geco22,898,2926,1.7009123895401346
geco22,899,2926,1.7360382027929153
geco22,900,2926,1.741627047180885
geco22,901,2926,1.7337527923688283
geco22,902,2926,1.7126863939828931
geco22,903,2926,1.713325477021244
geco22,904,2926,1.7376328674963053
geco22,905,2926,1.7220676888852435
geco22,906,2926,1.7456833271644576
geco22,907,2926,1.7070541420947667
geco22,908,2926,1.7251101459286755
geco22,909,2926,1.707286613083668
geco22,910,2926,1.7269994510173472
geco22,911,2926,1.7110060146224881
geco22,912,2926,1.7117425458364428
geco22,913,2926,1.7191367276466145
geco22,914,2926,1.7119406780313322
geco22,915,2926,1.7158917761468269
geco22,916,2926,1.7146737143672335
geco22,917,2926,1.7183070153466498
geco22,918,2926,1.7050067408803546
geco22,919,2926,1.72837235221941
geco22,920,2926,1.7190161514021483
geco22,921,2926,1.7239798704239904
geco22,922,2926,1.7188294346171213
geco22,923,2926,1.7178571496365092
geco22,924,2926,1.7057004577887034
geco22,925,2926,1.7212651018728073
geco22,926,2926,1.7037106407723521
geco22,927,2926,1.7071287346798838
geco22,928,2926,1.7315691298030453
geco22,929,2926,1.7046918992872362
geco22,930,2926,1.697890313618491
geco22,931,2926,1.7160937856177476
geco22,932,2926,1.7302934525360087
geco22,933,2926,1.7173282443377065
geco22,934,2926,1.719020977789461
geco22,935,2926,1.7271594779587573
geco22,936,2926,1.6972263059792092
geco22,937,2926,1.710640532466865
geco22,938,2926,1.7186179027440038
geco22,939,2926,1.7089177938006304
geco22,940,2926,1.726489376712155
geco22,941,2926,1.7187627556384302
geco22,942,2926,1.708154703115488
geco22,943,2926,1.7185033353647792
geco22,944,2926,1.714804606981988
geco22,945,2926,1.7080957682590654
geco22,946,2926,1.7174355212907146
geco22,947,2926,1.7343427484685725
geco22,948,2926,1.7082629500393662
geco22,949,2926,1.7113030238748004
geco22,950,2926,1.7197760505702344
geco22,951,2926,1.716189709739659
geco22,952,2926,1.7080708136724758
geco22,953,2926,1.712669124850979
geco22,954,2926,1.712941103900693
geco22,955,2926,1.710228099288471
geco22,956,2926,1.7412747469815342
geco22,957,2926,1.740957247094593
geco22,958,2926,1.7112122585898952
geco22,959,2926,1.7242377770737436
geco22,960,2926,1.7162464595541755
geco22,961,2926,1.7388041803303924
geco22,962,2926,1.6957327229310124
geco22,963,2926,1.7231606791790266
geco22,964,2926,1.7237938094122802
geco22,965,2926,1.726742170155252
geco22,966,2926,1.715532519274677
geco22,967,2926,1.715772000389073
geco22,968,2926,1.7275814713473525
geco22,969,2926,1.7315126537706294
geco22,970,2926,1.7071266995662708
geco22,971,2926,1.7389171975814393
geco22,972,2926,1.7313059600183431
geco22,973,2926,1.7340893892091345
geco22,974,2926,1.7140971618568905
geco22,975,2926,1.7135808283713934
geco22,976,2926,1.7340772658769839
geco22,977,2926,1.711760717145564
geco22,978,2926,1.705879495637676
geco22,979,2926,1.7112944479764363
geco22,980,2926,1.713402769619361
geco22,981,2926,1.7139571562093656
geco22,982,2926,1.730476758778299
geco22,983,2926,1.7194929807380055
geco22,984,2926,1.732731895420703
geco22,985,2926,1.7051444610992035
geco22,986,2926,1.7198173838450497
geco22,987,2926,1.7152385607371978
geco22,988,2926,1.6976683493436238
geco22,989,2926,1.73202283107004
geco22,990,2926,1.7258114896241068
geco22,991,2926,1.7111213433766967
geco22,992,2926,1.6997949374675425
geco22,993,2926,1.7439002664791585
geco22,994,2926,1.7021517202777563
geco22,995,2926,1.72828977693048
geco22,996,2926,1.7305315321467953
geco22,997,2926,1.7188995815024177
geco22,998,2926,1.7118475634352606
geco22,999,2926,1.7140267190261809
geco22,1000,2926,1.7101642246207227
geco22,1001,2926,1.7110263592399968
geco22,1002,2926,1.736161739795239
geco22,1003,2926,1.7265886566203827
geco22,1004,2926,1.716647328698138
geco22,1005,2926,1.712570577635801
geco22,1006,2926,1.7214588561615387
geco22,1007,2926,1.7217270426773
geco22,1008,2926,1.7357702274804887
geco22,1009,2926,1.7296339388343462
geco22,1010,2926,1.7092885078018198
geco22,1011,2926,1.7148524875601758
geco22,1012,2926,1.7199410590421478
geco22,1013,2926,1.7162186080922188
geco22,1014,2926,1.7080353458532307
geco22,1015,2926,1.7177869936251429
geco22,1016,2926,1.702606536229017
geco22,1017,2926,1.7119050068310981
geco22,1018,2926,1.7020631882725556
geco22,1019,2926,1.6974667557607508
geco22,1020,2926,1.7319129740466668
geco22,1021,2926,1.7126578319911996
geco22,1022,2926,1.7189568528066492
geco22,1023,2926,1.7124717449050038
geco22,1024,2926,1.7156964691224688
geco22,1025,2926,1.732889646059507
geco22,1026,2926,1.7128745957098834
geco22,1027,2926,1.7047760755495918
geco22,1028,2926,1.7096030195526937
geco22,1029,2926,1.715638929251034
geco22,1030,2926,1.729389811246589
geco22,1031,2926,1.7301828862866229
geco22,1032,2926,1.6948175110885402
geco22,1033,2926,1.7141416723077947
geco22,1034,2926,1.7216809781870448
geco22,1035,2926,1.7291089733903406
geco22,1036,2926,1.715643892529397
geco22,1037,2926,1.7157348468543239
geco22,1038,2926,1.7282250248562858
geco22,1039,2926,1.7176823436765742
geco22,1040,2926,1.7180988940162685
geco22,1041,2926,1.7028252627046159
geco22,1042,2926,1.7265951348263682
geco22,1043,2926,1.6976428524077305
geco22,1044,2926,1.6969719324222754
geco22,1045,2926,1.70426909367841
geco22,1046,2926,1.7053261741904144
geco22,1047,2926,1.6993164602241855
geco22,1048,2926,1.7065533555213996
geco22,1049,2926,1.7231613740640719
geco22,1050,2926,1.7096446422543008
geco22,1051,2926,1.720130044307435
geco22,1052,2926,1.7145602329903404
geco22,1053,2926,1.7255370308907978
geco22,1054,2926,1.7071945336446808
geco22,1055,2926,1.7241978674658502
geco22,1056,2926,1.7148831941783225
geco22,1057,2926,1.7102734043593286
geco22,1058,2926,1.7006467505016314
geco22,1059,2926,1.7157210560588094
geco22,1060,2926,1.7248666128391936
geco22,1061,2926,1.7158060719196062
geco22,1062,2926,1.7010956527595233
geco22,1063,2926,1.7108295685773993
geco22,1064,2926,1.7069306481153446
geco22,1065,2926,1.7150719200024764
geco22,1066,2926,1.7246322723096639
geco22,1067,2926,1.708553366357956
geco22,1068,2926,1.7183152966033248
geco22,1069,2926,1.7145332041784092
geco22,1070,2926,1.7139902160498515
geco22,1071,2926,1.7012444624571628
geco22,1072,2926,1.7033611918180183
geco22,1073,2926,1.713765739498282
geco22,1074,2926,1.733164168675306
geco22,1075,2926,1.7187629590194191
geco22,1076,2926,1.709746494410548
geco22,1077,2926,1.718351413677265
geco22,1078,2926,1.7323610145428046
geco22,1079,2926,1.7252820836951777
geco22,1080,2926,1.7184250688846194
geco22,1081,2926,1.7109090657732866
geco22,1082,2926,1.7088748673747356
geco22,1083,2926,1.713418466459784
geco22,1084,2926,1.7130802530013611
geco22,1085,2926,1.7301924660526884
geco22,1086,2926,1.7157789922624276
geco22,1087,2926,1.717309595865496
geco22,1088,2926,1.7101977094753262
geco22,1089,2926,1.7268749153622192
geco22,1090,2926,1.6853733975351142
geco22,1091,2926,1.7158546499902878
geco22,1092,2926,1.704516017754764
geco22,1093,2926,1.7149798379560406
geco22,1094,2926,1.7340906994520437
geco22,1095,2926,1.7297018576548349
geco22,1096,2926,1.7050336862539317
geco22,1097,2926,1.7047923186504914
geco22,1098,2926,1.7232875178631086
geco22,1099,2926,1.694976063517781
geco22,1100,2926,1.717598957471137
geco22,1101,2926,1.7167841271839155
geco22,1102,2926,1.695319688735722
geco22,1103,2926,1.7264080008495692
geco22,1104,2926,1.7118745622615332
geco22,1105,2926,1.7137427600539878
geco22,1106,2926,1.7065903213198512
geco22,1107,2926,1.7123959007445706
geco22,1108,2926,1.725026363391055
geco22,1109,2926,1.705736803014394
geco22,1110,2926,1.716209526348831
geco22,1111,2926,1.7246292646177321
geco22,1112,2925,1.7017551676432292
geco22,1113,2925,1.718060806143997
geco22,1114,2925,1.7169551379864032
geco22,1115,2925,1.706368892050197
geco22,1116,2925,1.7297337002224393
geco22,1117,2925,1.744516353770199
geco22,1118,2925,1.7271223814874632
geco22,1119,2925,1.713233383048294
geco22,1120,2925,1.7013176942482973
geco22,1121,2925,1.6970016114324586
geco22,1122,2925,1.7125845180413661
geco22,1123,2925,1.6954757455679086
geco22,1124,2925,1.7154295675163596
geco22,1125,2925,1.6927960035536025
geco22,1126,2925,1.7121505424303887
geco22,1127,2925,1.695781465188051
geco22,1128,2925,1.7028752957857571
geco22,1129,2925,1.720961671486879
geco22,1130,2925,1.74069582556048
geco22,1131,2925,1.6893650570078793
geco22,1132,2925,1.7039194899338943
geco22,1133,2925,1.7133782346024473
geco22,1134,2925,1.7255592150565906
geco22,1135,2925,1.690667967184996
geco22,1136,2925,1.7021165831476195
geco22,1137,2925,1.702840323162894
geco22,1138,2925,1.7123044018867688
geco22,1139,2925,1.7037042418911925
geco22,1140,2925,1.7037232488648504
geco22,1141,2925,1.6789594966529782
geco22,1142,2925,1.7259869319557124
geco22,1143,2925,1.687516586434128
geco22,1144,2925,1.6763226683526977
geco22,1145,2925,1.7113159766564003
geco22,1146,2925,1.6956016605735844
geco22,1147,2925,1.6994273761194996
geco22,1148,2925,1.7157861184666299
geco22,1149,2925,1.7107081343169905
geco22,1150,2925,1.7182351906279214
geco22,1151,2925,1.730094211937016
geco22,1152,2925,1.7110015060555221
geco22,1153,2925,1.7317216569949418
geco22,1154,2925,1.7060108517377806
geco22,1155,2925,1.7312454784425915
geco22,1156,2925,1.701231403839894
geco22,1157,2925,1.7076055334368323
geco22,1158,2925,1.7107089559440938
geco22,1159,2925,1.7244054184612045
geco22,1160,2925,1.7193584644285023
geco22,1161,2925,1.7076183221279047
geco22,1162,2925,1.7174107152172642
geco22,1163,2925,1.7384299997182993
geco22,1164,2925,1.70219969268538
geco22,1165,2925,1.7021449684077858
geco22,1166,2925,1.7221304073496762
geco22,1167,2925,1.7341618855794272
geco22,1168,2925,1.7037022165151743
geco22,1169,2925,1.717555890205579
geco22,1170,2925,1.7254908556815904
geco22,1171,2925,1.71755861722506
geco22,1172,2925,1.7110394560985076
geco22,1173,2925,1.7158211132603833
geco22,1174,2925,1.7164862751756977
geco22,1175,2925,1.705363251775758
geco22,1176,2925,1.7299420974601027
geco22,1177,2925,1.715338107378055
geco22,1178,2925,1.6919131300184462
geco22,1179,2925,1.7247467764829978
geco22,1180,2925,1.7456647693601428
geco22,1181,2925,1.6996346185146234
geco22,1182,2925,1.7089979227180154
geco22,1183,2925,1.7406282278207632
geco22,1184,2925,1.7027911729079026
geco22,1185,2925,1.714914349939069
geco22,1186,2925,1.7003567739633414
geco22,1187,2925,1.7467962359566973
geco22,1188,2925,1.7100889130942842
geco22,1189,2925,1.7187282190567408
geco22,1190,2925,1.725978509625818
geco22,1191,2925,1.6975002869174012
geco22,1192,2925,1.7232711726783687
geco22,1193,2925,1.7059231450007513
geco22,1194,2925,1.7333479895958535
geco22,1195,2925,1.736907018677801
geco22,1196,2925,1.7205053130581847
geco22,1197,2925,1.7417216322157119
geco22,1198,2925,1.7162594552325388
geco22,1199,2925,1.7183560767540564
geco22,1200,2925,1.7158841281467014
geco22,1201,2925,1.7372777759519398
geco22,1202,2925,1.7228511569031284
geco22,1203,2925,1.7560655721028646
geco22,1204,2925,1.726418695694361
geco22,1205,2925,1.7140973604642429
geco22,1206,2925,1.7128680419921876
geco22,1207,2925,1.7367987464839576
geco22,1208,2925,1.720301747118306
geco22,1209,2925,1.7343942325950688
geco22,1210,2925,1.7475646007570447
geco22,1211,2925,1.7053428884652946
geco22,1212,2925,1.727055379753439
geco22,1213,2925,1.7203241071130475
geco22,1214,2925,1.7117506760817307
geco22,1215,2925,1.7166153632269965
geco22,1216,2925,1.7195165220081297
geco22,1217,2925,1.7176963584443443
geco22,1218,2925,1.6921400321243156
geco22,1219,2925,1.697470452724359
geco22,1220,2925,1.735154535016443
geco22,1221,2925,1.7156280882745727
geco22,1222,2925,1.7159327671670506
geco22,1223,2925,1.7048518971500233
geco22,1224,2925,1.7043089359642094
geco22,1225,2925,1.714108190291967
geco22,1226,2925,1.7391444436097756
geco22,1227,2925,1.7200015350080964
geco22,1228,2925,1.7364912792760083
geco22,1229,2925,1.7091598615075787
geco22,1230,2925,1.7263762606107271
geco22,1231,2925,1.7033883875659388
geco22,1232,2925,1.7197891209268161
geco22,1233,2925,1.70030519273546
geco22,1234,2925,1.704809322520199
geco22,1235,2925,1.730099132570446
geco22,1236,2925,1.716744384765625
geco22,1237,2925,1.703311741494725
geco22,1238,2925,1.7014266876481536
geco22,1239,2925,1.7111633509448452
geco22,1240,2925,1.701067846575354
geco22,1241,2925,1.7075587026481955
geco22,1242,2925,1.717703366401868
geco22,1243,2925,1.7285394645756127
geco22,1244,2925,1.7322810559395032
geco22,1245,2925,1.7040694577469786
geco22,1246,2925,1.7141515852447249
geco22,1247,2925,1.7261237080891927
geco22,1248,2925,1.7317840693547175
geco22,1249,2925,1.7199854454627403
geco22,1250,2925,1.7334584554036458
geco22,1251,2925,1.717680910550631
geco22,1252,2925,1.7115777822641225
geco22,1253,2925,1.7140104753543168
geco22,1254,2925,1.7017906958425146
geco22,1255,2925,1.704046405237964
geco22,1256,2925,1.7338565754686666
geco22,1257,2925,1.7408170755500467
geco22,1258,2925,1.6823541494516225
geco22,1259,2925,1.7265528387086004
geco22,1260,2925,1.7186886909680488
geco22,1261,2925,1.7257034640842015
geco22,1262,2925,1.7076080465724326
geco22,1263,2925,1.7273346195057926
geco22,1264,2925,1.7078961129473824
geco22,1265,2925,1.7155855332072985
geco22,1266,2925,1.7340464900090145
geco22,1267,2925,1.713217243944478
geco22,1268,2925,1.704820551423945
geco22,1269,2925,1.7205145537547577
geco22,1270,2925,1.6980894365881243
geco22,1271,2925,1.7172859791812733
geco22,1272,2925,1.7137169405945345
geco22,1273,2925,1.7320907781878088
geco22,1274,2925,1.7148582380245894
geco22,1275,2925,1.7339518450875568
geco22,1276,2925,1.7169855323204628
geco22,1277,2925,1.724296376807058
geco22,1278,2925,1.7063807221763154
geco22,1279,2925,1.7151592574160324
geco22,1280,2925,1.7045945178952993
geco22,1281,2925,1.7133887814252804
geco22,1282,2925,1.7107444541474692
geco22,1283,2925,1.720025904728816
geco22,1284,2925,1.7205570579594016
geco22,1285,2925,1.7330752667810163
geco22,1286,2925,1.6973360736553487
geco22,1287,2925,1.720455105773404
geco22,1288,2925,1.717949475671491
geco22,1289,2925,1.709752952380058
geco22,1290,2925,1.7280641187358106
geco22,1291,2925,1.7031191547100362
geco22,1292,2925,1.7287636116223457
geco22,1293,2925,1.7402833074586004
geco22,1294,2925,1.7218690692869008
geco22,1295,2925,1.6934924642448752
geco22,1296,2925,1.7240276369274172
geco22,1297,2925,1.6825657953767694
geco22,1298,2925,1.6999723268166567
geco22,1299,2925,1.7053995585645365
geco22,1300,2925,1.7079053842919505
geco22,1301,2925,1.7096325161925747
geco22,1302,2925,1.6911078102568275
geco22,1303,2925,1.7045496987888955
geco22,1304,2925,1.717455084385016
geco22,1305,2925,1.7055586764343784
geco22,1306,2925,1.718374490330362
geco22,1307,2925,1.7185791680751703
geco22,1308,2925,1.7155598697499332
geco22,1309,2925,1.6901531395545373
geco22,1310,2925,1.7038882094163161
geco22,1311,2925,1.7104892293815939
geco22,1312,2925,1.7168018008501102
geco22,1313,2925,1.7083916362534222
geco22,1314,2925,1.6874222884218917
geco22,1315,2925,1.7251937031542135
geco22,1316,2925,1.7131693398239267
geco22,1317,2925,1.711118651822082
geco22,1318,2925,1.7155464120196482
geco22,1319,2925,1.6846662015996428
geco22,1320,2925,1.7221058824327258
geco22,1321,2925,1.7037538681682358
geco22,1322,2925,1.734757558708517
geco22,1323,2925,1.7044737765320346
geco22,1324,2925,1.710878404796633
geco22,1325,2925,1.7379864110702123
geco22,1326,2925,1.7094741821289063
geco22,1327,2925,1.7065040588378906
geco22,1328,2925,1.7020650762574285
geco22,1329,2925,1.700791752481053
geco22,1330,2925,1.7120983221592048
geco22,1331,2925,1.7171123811118623
geco22,1332,2925,1.6986652980706631
geco22,1333,2925,1.711581260485527
geco22,1334,2925,1.6937852699736244
geco22,1335,2925,1.7019146950224526
geco22,1336,2925,1.7367767503526477
geco22,1337,2925,1.7030852906316774
geco22,1338,2925,1.7090279407990285
geco22,1339,2925,1.7110197983440172
geco22,1340,2925,1.7204491078955495
geco22,1341,2925,1.7053360454852764
geco22,1342,2925,1.7004742275140223
geco22,1343,2925,1.702174545679337
geco22,1344,2925,1.6918538346249834
geco22,1345,2925,1.7239617776463174
geco22,1346,2925,1.7306292881109775
geco22,1347,2925,1.6940834475786257
geco22,1348,2925,1.7043537941957132
geco22,1349,2925,1.6880132548014324
geco22,1350,2925,1.704104229527661
geco22,1351,2925,1.7060429499699519
geco22,1352,2925,1.7003223503960503
geco22,1353,2925,1.7183955787593483
geco22,1354,2925,1.701815193371895
geco22,1355,2925,1.7020726482684796
geco22,1356,2925,1.7223893346541967
geco22,1357,2925,1.7086693644727398
geco22,1358,2925,1.6956011441222623
geco22,1359,2925,1.7204408081576354
geco22,1360,2925,1.6965543593708265
geco22,1361,2925,1.7279802971212272
geco22,1362,2925,1.7022608543461204
geco22,1363,2925,1.7073742271488548
geco22,1364,2925,1.7267094304011419
geco22,1365,2925,1.7016034783257379
geco22,1366,2925,1.7170846101157686
geco22,1367,2925,1.728397202451005
geco22,1368,2925,1.7009460188384748
geco22,1369,2925,1.7051038132365952
geco22,1370,2925,1.7107803566435464
geco22,1371,2925,1.6934865341838607
geco22,1372,2925,1.7068156237479968
geco22,1373,2925,1.714608180380275
geco22,1374,2925,1.7026934605785924
geco22,1375,2925,1.7089230451013289
geco22,1376,2925,1.706255384917952
geco22,1377,2925,1.6815370660765558
geco22,1378,2925,1.7056472465319512
geco22,1379,2925,1.7003027513292102
geco22,1380,2925,1.7100636200212005
geco22,1381,2925,1.7558435032510349
geco22,1382,2925,1.7185661915836172
geco22,1383,2925,1.7088900704669137
geco22,1384,2925,1.693496349367321
geco22,1385,2925,1.7182579392653246
geco22,1386,2925,1.6990169023041033
geco22,1387,2925,1.710850384051983
geco22,1388,2925,1.711512174687834
geco22,1389,2925,1.7223549032618857
geco22,1390,2925,1.7317613833174745
geco22,1391,2925,1.7142197672526043
geco22,1392,2925,1.7120486606695713
geco22,1393,2925,1.7204736888918102
geco22,1394,2925,1.708745331071381
geco22,1395,2925,1.6922876928606605
geco22,1396,2925,1.722703130999182
geco22,1397,2925,1.6929522991995527
geco22,1398,2925,1.7106416672926683
geco22,1399,2925,1.7075314083262387
geco22,1400,2925,1.713828586676182
geco22,1401,2925,1.716581283960587
geco22,1402,2925,1.7217560296996026
geco22,1403,2925,1.735286867842715
geco22,1404,2925,1.7159649201743623
geco22,1405,2925,1.7338128218691573
geco22,1406,2925,1.7211677720811631
geco22,1407,2925,1.7014000617133247
geco22,1408,2925,1.7262408303806924
geco22,1409,2925,1.7361306880070613
geco22,1410,2925,1.7225078732743222
geco22,1411,2925,1.7196652195596287
geco22,1412,2925,1.7219779674823468
geco22,1413,2925,1.7094870242909488
geco22,1414,2925,1.7074312963241185
geco22,1415,2925,1.7230740825946513
geco22,1416,2925,1.7097987776536208
geco22,1417,2925,1.7415912047818176
geco22,1418,2925,1.735742913922693
geco22,1419,2925,1.7244735652564938
geco22,1420,2925,1.7234433126857138
geco22,1421,2925,1.7307743287697817
geco22,1422,2925,1.7223474851428953
geco22,1423,2925,1.7258856853256879
geco22,1424,2925,1.7180132378472222
geco22,1425,2925,1.7224573536408254
geco22,1426,2925,1.7334486050075955
geco22,1427,2925,1.7276122825166098
geco22,1428,2925,1.7307938391530615
geco22,1429,2925,1.734111052945129
geco22,1430,2925,1.7227325687245425
geco22,1431,2925,1.7215786312787962
geco22,1432,2925,1.7258004721617088
geco22,1433,2925,1.7387304178873697
geco22,1434,2925,1.740840604081113
geco22,1435,2925,1.724104997683794
geco22,1436,2925,1.6981165320241554
geco22,1437,2925,1.70764894403963
geco22,1438,2925,1.7148765955215846
geco22,1439,2925,1.7105145524505876
geco22,1440,2925,1.7224327426486545
geco22,1441,2925,1.7333853801499066
geco22,1442,2925,1.7127144524989983
geco22,1443,2925,1.7117674516205095
geco22,1444,2925,1.7313692572177986
geco22,1445,2925,1.728830080602923
geco22,1446,2925,1.7125764556623932
geco22,1447,2925,1.6954119266607823
geco22,1448,2925,1.727164042546199
geco22,1449,2925,1.7104841515956781
geco22,1450,2925,1.71414427993644
geco22,1451,2925,1.728219755775908
geco22,1452,2925,1.7231180892031417
geco22,1453,2925,1.7106871697841546
geco22,1454,2925,1.7294332872700486
geco22,1455,2925,1.7075050288795406
geco22,1456,2925,1.7115459487784621
geco22,1457,2925,1.7151881552150108
geco22,1458,2925,1.711970966045673
geco22,1459,2925,1.7237780879094051
geco22,1460,2925,1.701416712051783
geco22,1461,2925,1.700684091942942
geco22,1462,2925,1.6929341516739282
geco22,1463,2925,1.7252140299479166
geco22,1464,2925,1.7090207691681691
geco22,1465,2925,1.7327406663161058
geco22,1466,2925,1.7237171818659855
geco22,1467,2925,1.7056520145774907
geco22,1468,2925,1.7222896751990686
geco22,1469,2925,1.7067642890082466
geco22,1470,2925,1.7230412149021768
geco22,1471,2925,1.7197915297288162
geco22,1472,2925,1.7128175236628607
geco22,1473,2925,1.7007342098920772
geco22,1474,2925,1.6868889050605969
geco22,1475,2925,1.7172425907493656
geco22,1476,2925,1.7054637550288796
geco22,1477,2925,1.7135952928331164
geco22,1478,2925,1.7282649922167135
geco22,1479,2925,1.7010364525949853
geco22,1480,2925,1.7060990371052016
geco22,1481,2925,1.7013389704777644
geco22,1482,2925,1.7247831426115117
geco22,1483,2925,1.708993625477848
geco22,1484,2925,1.7237850430480435
geco22,1485,2925,1.7145521245451054
geco22,1486,2925,1.7307374703170906
geco22,1487,2925,1.7226268540080796
geco22,1488,2925,1.7486776602981438
geco22,1489,2925,1.729661583533654
geco22,1490,2925,1.7338783342410358
geco22,1491,2925,1.7298757425944011
geco22,1492,2925,1.7104763911320613
geco22,1493,2925,1.7152875564444778
geco22,1494,2925,1.7031433809720553
geco22,1495,2925,1.7294016689724392
geco22,1496,2925,1.733622553898738
geco22,1497,2925,1.7003191343128172
geco22,1498,2925,1.6971072544195713
geco22,1499,2925,1.7056540216951288
geco22,1500,2925,1.6943443559173845
geco22,1501,2925,1.6903787674863113
geco22,1502,2925,1.7247764013567541
geco22,1503,2925,1.7101313886071883
geco22,1504,2925,1.7165114195734008
geco22,1505,2925,1.7213769426916399
geco22,1506,2925,1.7174864679320245
geco22,1507,2925,1.7101270522419203
geco22,1508,2925,1.712960163344685
geco22,1509,2925,1.7190734002529047
geco22,1510,2925,1.7274044408553686
geco22,1511,2925,1.7150408870338374
geco22,1512,2925,1.7261761448525974
geco22,1513,2925,1.7083953414004074
geco22,1514,2925,1.7135167870154748
geco22,1515,2925,1.6994559185321514
geco22,1516,2925,1.7168110421987681
geco22,1517,2925,1.7061776824690338
geco22,1518,2925,1.711670429197132
geco22,1519,2925,1.721808839455629
geco22,1520,2925,1.7011700765495625
geco22,1521,2925,1.7150429254515558
geco22,1522,2925,1.72362795316256
geco22,1523,2925,1.6931290507520367
geco22,1524,2925,1.7263333808051216
geco22,1525,2925,1.7118681296324119
geco22,1526,2925,1.6997923552684295
geco22,1527,2925,1.7137982438568375
geco22,1528,2925,1.7049969521546975
geco22,1529,2925,1.6947796187441573
geco22,1530,2925,1.6961248466296073
geco22,1531,2925,1.6969269881289228
geco22,1532,2925,1.7175399623773038
geco22,1533,2925,1.6964693092280982
geco22,1534,2925,1.7000435266739282
geco22,1535,2925,1.7113922601683527
geco22,1536,2925,1.7045696630233373
geco22,1537,2925,1.697938928848658
geco22,1538,2925,1.7277923310108674
geco22,1539,2925,1.7244489099225426
geco22,1540,2925,1.6996561190613315
geco22,1541,2925,1.7207832701593382
geco22,1542,2925,1.7149803226829594
geco22,1543,2925,1.7076378638112646
geco22,1544,2925,1.7156275183522802
geco22,1545,2925,1.6975076385237213
geco22,1546,2925,1.7154806049053486
geco22,1547,2925,1.7303162181886853
geco22,1548,2925,1.7061922813480737
geco22,1549,2925,1.7136851071088741
geco22,1550,2925,1.7266456656170706
geco22,1551,2925,1.7274008074377336
geco22,1552,2925,1.711624759771885
geco22,1553,2925,1.7372908737313033
geco22,1554,2925,1.7168226180117354
geco22,1555,2925,1.718541499732906
geco22,1556,2925,1.7153699056511251
geco22,1557,2925,1.7294648312299679
geco22,1558,2925,1.7039347317687468
geco22,1559,2925,1.736611089461889
geco22,1560,2925,1.7090177591437967
geco22,1561,2925,1.7020459532126402
geco22,1562,2925,1.7342194203433827
geco22,1563,2925,1.7291628910945012
geco22,1564,2925,1.7138945072532719
geco22,1565,2925,1.709750231881427
geco22,1566,2925,1.716174793732472
geco22,1567,2925,1.6895785626794537
geco22,1568,2925,1.7310863188393095
geco22,1569,2925,1.70559083596254
geco22,1570,2925,1.7140276264940573
geco22,1571,2925,1.740212887494992
geco22,1572,2925,1.7339285982572115
geco22,1573,2925,1.7133767648028513
geco22,1574,2925,1.734374263143947
geco22,1575,2925,1.7470194250905615
geco22,1576,2925,1.714371846516927
geco22,1577,2925,1.7228848462227064
geco22,1578,2925,1.7160704340486446
geco22,1579,2925,1.705592790261293
geco22,1580,2925,1.720410371438051
geco22,1581,2925,1.712826904557709
geco22,1582,2925,1.705480748364049
geco22,1583,2925,1.7285509184486845
geco22,1584,2925,1.7156430105877738
geco22,1585,2925,1.7283372347579042
geco22,1586,2925,1.718897951566256
geco22,1587,2925,1.7246088324652777
geco22,1588,2925,1.732590611123631
geco22,1589,2925,1.7091552343124
geco22,1590,2925,1.725225595327524
geco22,1591,2925,1.6980094446687617
geco22,1592,2925,1.713543461856679
geco22,1593,2925,1.719637942191882
geco22,1594,2925,1.706012941018129
geco22,1595,2925,1.7143133049337274
geco22,1596,2925,1.7154945634369156
geco22,1597,2925,1.709998740171775
geco22,1598,2925,1.6994061885735927
geco22,1599,2925,1.7029905648516794
geco22,1600,2925,1.7309758725940672
geco22,1601,2925,1.7292580889840412
geco22,1602,2925,1.7084690739558293
geco22,1603,2925,1.7223189642490484
geco22,1604,2925,1.706213600615151
geco22,1605,2925,1.7160839282956897
geco22,1606,2925,1.6917786609617054
geco22,1607,2925,1.7119780516013121
geco22,1608,2925,1.7247671860914964
geco22,1609,2925,1.7301121481870994
geco22,1610,2925,1.7129756099342281
geco22,1611,2925,1.7174087380955363
geco22,1612,2925,1.7146641005817642
geco22,1613,2925,1.7344088406032987
geco22,1614,2925,1.7094003308940138
geco22,1615,2925,1.7368977421165532
geco22,1616,2925,1.7159330214802015
geco22,1617,2925,1.7225906958946815
geco22,1618,2925,1.7399148703029013
geco22,1619,2925,1.7009708085019364
geco22,1620,2925,1.7456122269589678
geco22,1621,2925,1.7364956899789663
geco22,1622,2925,1.7258817897698817
geco22,1623,2925,1.73217283069578
geco22,1624,2925,1.717891874394865
geco22,1625,2925,1.7098309091421273
geco22,1626,2925,1.7150708685980902
geco22,1627,2925,1.7043502494616387
geco22,1628,2925,1.705291288979033
geco22,1629,2925,1.7272254135262253
geco22,1630,2925,1.714544195191473
geco22,1631,2925,1.7145303109975962
geco22,1632,2925,1.7083102443075588
geco22,1633,2925,1.7199591638287928
geco22,1634,2925,1.7003731543386085
geco22,1635,2925,1.702335704575237
geco22,1636,2925,1.7300452859992654
geco22,1637,2925,1.7082632837540064
geco22,1638,2925,1.7082876912956564
geco22,1639,2925,1.7137386941502237
geco22,1640,2925,1.71330319526868
geco22,1641,2925,1.7145208401150174
geco22,1642,2925,1.713057140122112
geco22,1643,2925,1.7099030493059728
geco22,1644,2925,1.7205611100156084
geco22,1645,2925,1.6987359853891226
geco22,1646,2925,1.6979945334410056
geco22,1647,2925,1.7149049012273805
geco22,1648,2925,1.7094422560471756
geco22,1649,2925,1.7275720723470052
geco22,1650,2925,1.6977318631685696
geco22,1651,2925,1.7247505448822282
geco22,1652,2925,1.7303328294020432
geco22,1653,2925,1.728194603553185
geco22,1654,2925,1.728798828125
geco22,1655,2925,1.7198540894598024
geco22,1656,2925,1.7226587540064102
geco22,1657,2925,1.7310901452741052
geco22,1658,2925,1.7379349954719217
geco22,1659,2925,1.7232244194878472
geco22,1660,2925,1.732605456490802
geco22,1661,2925,1.735092536078559
geco22,1662,2925,1.7284131759252304
geco22,1663,2925,1.727838124332265
geco22,1664,2925,1.739576378194695
geco22,1665,2925,1.7214720597226396
geco22,1666,2925,1.7252852037217883
geco22,1667,2925,1.715933318830963
geco22,1668,2925,1.7149385748969184
geco22,1669,2925,1.7101675141163362
geco22,1670,2925,1.7158760644635584
geco22,1671,2925,1.7140245316986344
geco22,1672,2925,1.7314969432863414
geco22,1673,2925,1.7293814634665465
geco22,1674,2925,1.7313729336730435
geco22,1675,2925,1.7285586873894063
geco22,1676,2925,1.7210490339230269
geco22,1677,2925,1.7139295203054052
geco22,1678,2925,1.7324156202006544
geco22,1679,2925,1.728690154246795
geco22,1680,2925,1.7237535629924545
geco22,1681,2925,1.7454489070533687
geco22,1682,2925,1.7312825038290431
geco22,1683,2925,1.711425265450763
geco22,1684,2925,1.7215547075842181
geco22,1685,2925,1.7119502271342482
geco22,1686,2925,1.7050330867930354
geco22,1687,2925,1.7242533248510117
geco22,1688,2925,1.7086827804695848
geco22,1689,2925,1.7190852499415732
geco22,1690,2925,1.719860567272219
geco22,1691,2925,1.7154159754565639
geco22,1692,2925,1.709855675330529
geco22,1693,2925,1.707303241175464
geco22,1694,2925,1.7384064111954127
geco22,1695,2925,1.7089587963136852
geco22,1696,2925,1.7189207112891043
geco22,1697,2925,1.7316519451956465
geco22,1698,2925,1.7186153066260184
geco22,1699,2925,1.7255807886368189
geco22,1700,2925,1.7152799779125767
geco22,1701,2925,1.7069226504594852
geco22,1702,2925,1.714419233534071
geco22,1703,2925,1.7000130938668536
geco22,1704,2925,1.703380398220486
geco22,1705,2925,1.7233109929011419
geco22,1706,2925,1.7271552191840278
geco22,1707,2925,1.718865707267044
geco22,1708,2925,1.7310556265024037
geco22,1709,2925,1.713499762380225
geco22,1710,2925,1.7147405601566674
geco22,1711,2925,1.7067022757244925
geco22,1712,2925,1.7225094526241986
geco22,1713,2925,1.7350758231399406
geco22,1714,2925,1.710179224258814
geco22,1715,2925,1.7304178365071614
geco22,1716,2925,1.7156329306578024
geco22,1717,2925,1.7157032854129106
geco22,1718,2925,1.6983369328425482
geco22,1719,2925,1.7249357357188169
geco22,1720,2925,1.7036511504344451
geco22,1721,2925,1.744711152427217
geco22,1722,2925,1.7287682062132745
geco22,1723,2925,1.7224201104579828
geco22,1724,2925,1.723786096817408
geco22,1725,2925,1.6971392417972924
geco22,1726,2925,1.7229680692232572
geco22,1727,2925,1.7240159033098792
geco22,1728,2925,1.7127467372274807
geco22,1729,2925,1.7429598412146936
geco22,1730,2925,1.7016793627616686
geco22,1731,2925,1.70694333850828
geco22,1732,2925,1.6996040618113983
geco22,1733,2925,1.713278306488298
geco22,1734,2925,1.6918897188626802
geco22,1735,2925,1.7049070244161493
geco22,1736,2925,1.718761951413929
geco22,1737,2925,1.7117149261735443
geco22,1738,2925,1.7352481535561064
geco22,1739,2925,1.7323710175864717
geco22,1740,2925,1.7272540622287327
geco22,1741,2925,1.707914302206447
geco22,1742,2925,1.7329225699921957
geco22,1743,2925,1.7189442972036508
geco22,1744,2925,1.706812006632487
geco22,1745,2925,1.7087938970582097
geco22,1746,2925,1.7135573349651108
geco22,1747,2925,1.723713123288929
geco22,1748,2925,1.7165823338174413
geco22,1749,2925,1.7311644594893496
geco22,1750,2925,1.7145242479112413
geco22,1751,2925,1.7266573340261084
geco22,1752,2925,1.7099016655815973
geco22,1753,2925,1.7275854322645399
geco22,1754,2925,1.7019958026592548
geco22,1755,2925,1.707176509759365
geco22,1756,2925,1.7085985519539597
geco22,1757,2925,1.7103492502065805
geco22,1758,2925,1.7110595233623798
geco22,1759,2925,1.7290169075207833
geco22,1760,2925,1.7043546158228164
geco22,1761,2925,1.7211671721629607
geco22,1762,2925,1.693754402877938
geco22,1763,2925,1.7061153196677183
geco22,1764,2925,1.6979493778587407
geco22,1765,2925,1.7199324857271634
geco22,1766,2925,1.7192144644973624
geco22,1767,2925,1.71315186459794
geco22,1768,2925,1.699133060813969
geco22,1769,2925,1.7178105398324819
geco22,1770,2925,1.705892605251736
geco22,1771,2925,1.705886988191523
geco22,1772,2925,1.7090849017281817
geco22,1773,2925,1.710452880859375
geco22,1774,2925,1.7154997775085972
geco22,1775,2925,1.7157385632115552
geco22,1776,2925,1.7135832462147769
geco22,1777,2925,1.7193053247174646
geco22,1778,2925,1.7217654966696714
geco22,1779,2925,1.7267208601470687
geco22,1780,2925,1.7238520995572082
geco22,1781,2925,1.6868328114044973
geco22,1782,2925,1.7218705423469218
geco22,1783,2925,1.6925323838454027
geco22,1784,2925,1.7044476435734675
geco22,1785,2925,1.6903633808885885
geco22,1786,2925,1.721372315496461
geco22,1787,2925,1.7098221425113516
geco22,1788,2925,1.701899865305322
geco22,1789,2925,1.7538682503985543
geco22,1790,2925,1.7171568063589242
geco22,1791,2925,1.6991039517394497
geco22,1792,2925,1.7248064272627872
geco22,1793,2925,1.7211671708587908
geco22,1794,2925,1.7160751042814337
geco22,1795,2925,1.7228716362847223
geco22,1796,2925,1.7109697677742721
geco22,1797,2925,1.6974701292901977
geco22,1798,2925,1.7279107000888922
geco22,1799,2925,1.709975100134173
geco22,1800,2925,1.7286702304416233
geco22,1801,2925,1.7126962997566941
geco22,1802,2925,1.6869674669575487
geco22,1803,2925,1.7105155227530715
geco22,1804,2925,1.7329675840720151
geco22,1805,2925,1.7197810911520934
geco22,1806,2925,1.693579362396501
geco22,1807,2925,1.7212843257545405
geco22,1808,2925,1.7204651765741854
geco22,1809,2925,1.7075566779242621
geco22,1810,2925,1.6997103960086137
geco22,1811,2925,1.740264390472673
geco22,1812,2925,1.7214502892127403
geco22,1813,2925,1.7204195893116487
geco22,1814,2925,1.738094024658203
geco22,1815,2925,1.7096635267469618
geco22,1816,2925,1.7276494539701022
geco22,1817,2925,1.7148633268959501
geco22,1818,2925,1.7240963888575889
geco22,1819,2925,1.6976608158991886
geco22,1820,2925,1.719099614070012
geco22,1821,2925,1.7077038926344652
geco22,1822,2925,1.7178468818338508
geco22,1823,2925,1.7270949117546408
geco22,1824,2925,1.695385241386218
geco22,1825,2925,1.7369508531358506
geco22,1826,2925,1.7007228231837608
geco22,1827,2925,1.7248668390257746
geco22,1828,2925,1.7068775079189202
geco22,1829,2925,1.70553222395416
geco22,1830,2925,1.7296329987354768
geco22,1831,2925,1.7187411525106837
geco22,1832,2925,1.7109241361699552
geco22,1833,2925,1.7228419872838208
geco22,1834,2925,1.7102400559645432
geco22,1835,2925,1.6996195592635717
geco22,1836,2925,1.714558550190722
geco22,1837,2925,1.7172836799295539
geco22,1838,2925,1.7092860230013855
geco22,1839,2925,1.7098410047221388
geco22,1840,2925,1.6947045259394198
geco22,1841,2925,1.7177257309612046
geco22,1842,2925,1.700652628841563
geco22,1843,2925,1.7178191369211573
geco22,1844,2925,1.7159677202273638
geco22,1845,2925,1.7156818239913028
geco22,1846,2925,1.7074906386677016
geco22,1847,2925,1.7173067741720085
geco22,1848,2925,1.7223497700487447
geco22,1849,2925,1.7098671272473458
geco22,1850,2925,1.6909859681740784
geco22,1851,2925,1.7207181581676516
geco22,1852,2925,1.713484879844209
geco22,1853,2925,1.716477788941473
geco22,1854,2925,1.722458023984208
geco22,1855,2925,1.7464599961500902
geco22,1856,2925,1.6982534803080762
geco22,1857,2925,1.7011758761935765
geco22,1858,2925,1.7272430524255475
geco22,1859,2925,1.7293695524818877
geco22,1860,2925,1.714453381921491
geco22,1861,2925,1.7106054270165598
geco22,1862,2925,1.729193385197566
geco22,1863,2925,1.7101078157343417
geco22,1864,2925,1.7150349752312033
geco22,1865,2925,1.7207879064837073
geco22,1866,2925,1.7367749264708952
geco22,1867,2925,1.7264339818709935
geco22,1868,2925,1.718892139532627
geco22,1869,2925,1.7153051066602396
geco22,1870,2925,1.7150012898241354
geco22,1871,2925,1.722636452699319
geco22,1872,2925,1.7118959084535257
geco22,1873,2925,1.7165205526759482
geco22,1874,2925,1.7114871267987113
geco22,1875,2925,1.7203593523074419
geco22,1876,2925,1.721831768068493
geco22,1877,2925,1.7022049067570613
geco22,1878,2925,1.7317634517311031
geco22,1879,2925,1.7117754174909021
geco22,1880,2925,1.718625754331931
geco22,1881,2925,1.7262994058723125
geco22,1882,2925,1.732173343234592
geco22,1883,2925,1.7216350718441173
geco22,1884,2925,1.7162695795042902
geco22,1885,2925,1.7295221423287677
geco22,1886,2925,1.7327765427287827
geco22,1887,2925,1.7287331175192808
geco22,1888,2925,1.7284657509306558
geco22,1889,2925,1.7228335401746961
geco22,1890,2925,1.7000449821276542
geco22,1891,2925,1.7124929653069911
geco22,1892,2925,1.7199823350172776
geco22,1893,2925,1.722669204320663
geco22,1894,2925,1.720965058416383
geco22,1895,2925,1.723809074988732
geco22,1896,2925,1.6972981849083533
geco22,1897,2925,1.7113856467222557
geco22,1898,2925,1.7187962862976596
geco22,1899,2925,1.6996753646981002
geco22,1900,2925,1.704412151890942
geco22,1901,2925,1.71374508588742
geco22,1902,2925,1.7151619648729635
geco22,1903,2925,1.7230779611962472
geco22,1904,2925,1.723869385026459
geco22,1905,2925,1.7041974659455128
geco22,1906,2925,1.7129119299212072
geco22,1907,2925,1.6834176322741385
geco22,1908,2925,1.7223261958717282
geco22,1909,2925,1.7102688676883013
geco22,1910,2925,1.7221312667977096
geco22,1911,2925,1.707765351645967
geco22,1912,2925,1.722877210307325
geco22,1913,2925,1.7227708604600696
geco22,1914,2925,1.7314370727539063
geco22,1915,2925,1.7261906380938667
geco22,1916,2925,1.7258290556557159
geco22,1917,2925,1.7021588904225928
geco22,1918,2925,1.7320944116054438
geco22,1919,2925,1.7155872299324753
geco22,1920,2925,1.7303153287447415
geco22,1921,2925,1.7310530885875735
geco22,1922,2925,1.7412794898921609
geco22,1923,2925,1.7023118552183494
geco22,1924,2925,1.7257129219250802
geco22,1925,2925,1.7056524553869525
geco22,1926,2925,1.7216802209055322
geco22,1927,2925,1.7362621431269198
geco22,1928,2925,1.7170756126469018
geco22,1929,2925,1.7064856687366452
geco22,1930,2925,1.7230186997112047
geco22,1931,2925,1.7068400012937366
geco22,1932,2925,1.7054011483477731
geco22,1933,2925,1.7132149225218682
geco22,1934,2925,1.7123734068259215
geco22,1935,2925,1.7065744057679788
geco22,1936,2925,1.7104405355861045
geco22,1937,2925,1.7122212219238282
geco22,1938,2925,1.729454622187166
geco22,1939,2925,1.736697040786091
geco22,1940,2925,1.720667199028863
geco22,1941,2925,1.7255692454281015
geco22,1942,2925,1.6894436958508614
geco22,1943,2925,1.7091575792100695
geco22,1944,2925,1.7260443389110076
geco22,1945,2925,1.7272258804190872
geco22,1946,2925,1.7200143158741485
geco22,1947,2925,1.7252427229922043
geco22,1948,2925,1.700449946476863
geco22,1949,2925,1.711696000058427
geco22,1950,2925,1.694883292434562
geco22,1951,2925,1.704669442462106
geco22,1952,2925,1.709425048828125
geco22,1953,2925,1.7349441371819911
geco22,1954,2925,1.7239932107517861
geco22,1955,2925,1.6993447015224359
geco22,1956,2925,1.7235987749670305
geco22,1957,2925,1.7319199625651043
geco22,1958,2925,1.7134772250183627
geco22,1959,2925,1.7040269144172342
geco22,1960,2925,1.7112513459034455
geco22,1961,2925,1.7186703021709735
geco22,1962,2925,1.7130551916921242
geco22,1963,2925,1.6956622823079428
geco22,1964,2925,1.7271701962723691
geco22,1965,2925,1.7068363261426616
geco22,1966,2925,1.7092596892006378
geco22,1967,2925,1.70786620311248
geco22,1968,2925,1.7103319399580996
geco22,1969,2925,1.7323138962444078
geco22,1970,2925,1.7085753507695647
geco22,1971,2925,1.7011534705528846
geco22,1972,2925,1.7237313712356437
geco22,1973,2925,1.727875220143897
geco22,1974,2925,1.7212692325950687
geco22,1975,2925,1.7270496961805555
geco22,1976,2925,1.6936173385228865
geco22,1977,2925,1.7270335766392895
geco22,1978,2925,1.7084305865948017
geco22,1979,2925,1.7113937051887187
geco22,1980,2925,1.7250337753947984
geco22,1981,2925,1.7025222491402912
geco22,1982,2925,1.7155288813664362
geco22,1983,2925,1.6944004873944143
geco22,1984,2925,1.7402324396117121
geco22,1985,2925,1.7005259756756643
geco22,1986,2925,1.717806860768897
geco22,1987,2925,1.7082278885800615
geco22,1988,2925,1.7173131593883546
geco22,1989,2925,1.6992080942789713
geco22,1990,2925,1.7203309774806357
geco22,1991,2925,1.7222594314966446
geco22,1992,2925,1.7040343494904346
geco22,1993,2925,1.7271881064390524
geco22,1994,2925,1.7263577635675413
geco22,1995,2925,1.716893533559946
geco22,1996,2925,1.720930638761602
geco22,1997,2925,1.7148847961425782
geco22,1998,2925,1.7054959980239217
geco22,1999,2925,1.7083287791716746
geco22,2000,2925,1.724106702233991
geco22,2001,2925,1.7158602840064938
geco22,2002,2925,1.716925304445446
geco22,2003,2925,1.7194005904238447
geco22,2004,2925,1.7133658058622963
geco22,2005,2925,1.7211175224108575
geco22,2006,2925,1.6958720176240318
geco22,2007,2925,1.7079798563117654
geco22,2008,2925,1.7071865779518063
geco22,2009,2925,1.7237018239600026
geco22,2010,2925,1.7216810412284655
geco22,2011,2925,1.7226835436698718
geco22,2012,2925,1.6934781457623864
geco22,2013,2925,1.7308832673944978
geco22,2014,2925,1.7088551930484608
geco22,2015,2925,1.7049287662343082
geco22,2016,2925,1.7025066330086471
geco22,2017,2925,1.7180145811423277
geco22,2018,2925,1.721263675526676
geco22,2019,2925,1.7205634249173678
geco22,2020,2925,1.728379686143663
geco22,2021,2925,1.7280900391146667
geco22,2022,2925,1.7223391684507712
geco22,2023,2925,1.727786155765892
geco22,2024,2925,1.7215007866753471
geco22,2025,2925,1.7173726021530282
geco22,2026,2925,1.7129520474947415
geco22,2027,2925,1.7214877775795439
geco22,2028,2925,1.7250922374236277
geco22,2029,2925,1.7141779190454727
geco22,2030,2925,1.7347315874670306
geco22,2031,2925,1.6965146187024238
geco22,2032,2925,1.7176663442758413
geco22,2033,2925,1.7187177348340679
geco22,2034,2925,1.7186232529338608
geco22,2035,2925,1.7386249287923177
geco22,2036,2925,1.6978050349308895
geco22,2037,2925,1.7147620867867754
geco22,2038,2925,1.6972726388262886
geco22,2039,2925,1.7178029195671407
geco22,2040,2925,1.720010026459001
geco22,2041,2925,1.7340386506431122
geco22,2042,2925,1.7139307410085303
geco22,2043,2925,1.7309960350623497
geco22,2044,2925,1.7110437272552752
geco22,2045,2925,1.719307127080412
geco22,2046,2925,1.6987728021083734
geco22,2047,2925,1.7090238274468317
geco22,2048,2925,1.7097256600143562
geco22,2049,2925,1.7177771543845153
geco22,2050,2925,1.7077997139172676
geco22,2051,2925,1.700910853198451
geco22,2052,2925,1.707791536771334
geco22,2053,2925,1.7330494546482706
geco22,2054,2925,1.7391745255951188
geco22,2055,2925,1.7261150666587373
geco22,2056,2925,1.7202924092610676
geco22,2057,2925,1.725482433351696
geco22,2058,2925,1.715328409569895
geco22,2059,2925,1.726045615693443
geco22,2060,2925,1.7200274514744425
geco22,2061,2925,1.716167708176833
geco22,2062,2925,1.7157945212339745
geco22,2063,2925,1.728655520708133
geco22,2064,2925,1.7258292447603665
geco22,2065,2925,1.7332719460511818
geco22,2066,2925,1.7227056128347022
geco22,2067,2925,1.6992774793836805
geco22,2068,2925,1.7392046780056423
geco22,2069,2925,1.7327514113727798
geco22,2070,2925,1.711532475398137
geco22,2071,2925,1.7305671000684428
geco22,2072,2925,1.7265200492663262
geco22,2073,2925,1.7072513978094117
geco22,2074,2925,1.7279252702761918
geco22,2075,2925,1.7288136656671507
geco22,2076,2925,1.714860585530599
geco22,2077,2925,1.7370953773433326
geco22,2078,2925,1.7440706432375133
geco22,2079,2925,1.7064652884719718
geco22,2080,2925,1.7147366932926016
geco22,2081,2925,1.7118225514990653
geco22,2082,2925,1.7054971300434862
geco22,2083,2925,1.7191983175685264
geco22,2084,2925,1.7427073160807292
geco22,2085,2925,1.720671854915782
geco22,2086,2925,1.7425043089776977
geco22,2087,2925,1.7219984944661457
geco22,2088,2925,1.7097374418861846
geco22,2089,2925,1.7368519318409454
geco22,2090,2925,1.71534670707507
geco22,2091,2925,1.7275922582903478
geco22,2092,2925,1.6973418576493222
geco22,2093,2925,1.7211098251994859
geco22,2094,2925,1.7181131268362713
geco22,2095,2925,1.7265535573062734
geco22,2096,2925,1.7163668731950288
geco22,2097,2925,1.7249446758042033
geco22,2098,2925,1.7254680861774674
geco22,2099,2925,1.7363194483569544
geco22,2100,2925,1.720126504490518
geco22,2101,2925,1.6988836017836872
geco22,2102,2925,1.740733890370426
geco22,2103,2925,1.7326561574039296
geco22,2104,2925,1.7397760127140927
geco22,2105,2925,1.7352703766129975
geco22,2106,2925,1.7136089683597924
geco22,2107,2925,1.7058666666145
geco22,2108,2925,1.7336042837811332
geco22,2109,2925,1.742181876418937
geco22,2110,2925,1.7316643739357973
geco22,2111,2925,1.732033487955729
geco22,2112,2925,1.6997505122779781
geco22,2113,2925,1.738407706236228
geco22,2114,2925,1.7159544229099892
geco22,2115,2925,1.706711947449252
geco22,2116,2925,1.7310604780148238
geco22,2117,2925,1.7256078749436599
geco22,2118,2925,1.728691651433961
geco22,2119,2925,1.730486100677751
geco22,2120,2925,1.7367064386351496
geco22,2121,2925,1.7203228629348624
geco22,2122,2925,1.724570042536809
geco22,2123,2925,1.7056785374828893
geco22,2124,2925,1.7216939172989283
geco22,2125,2925,1.7507262427175148
geco22,2126,2925,1.7402847837790465
geco22,2127,2925,1.7076508259569478
geco22,2128,2925,1.7299137721917568
geco22,2129,2925,1.7251838905790933
geco22,2130,2925,1.6900924147907486
geco22,2131,2925,1.7042764869103064
geco22,2132,2925,1.7159261093791733
geco22,2133,2925,1.7195878418490418
geco22,2134,2925,1.7263864944327592
geco22,2135,2925,1.7279337278186766
geco22,2136,2925,1.739711473253038
geco22,2137,2925,1.714762458475227
geco22,2138,2925,1.741663570567074
geco22,2139,2925,1.7235082355727498
geco22,2140,2925,1.738596967387403
geco22,2141,2925,1.7044535371177216
geco22,2142,2925,1.7197381591796874
geco22,2143,2925,1.7350750667213375
geco22,2144,2925,1.7263309354863614
geco22,2145,2925,1.709674287453676
geco22,2146,2925,1.7363198852539063
geco22,2147,2925,1.7278934537447417
geco22,2148,2925,1.7288671705457899
geco22,2149,2925,1.7150634322207199
geco22,2150,2925,1.7213956888312967
geco22,2151,2925,1.7352382796849959
geco22,2152,2925,1.7171881872975927
geco22,2153,2925,1.7424762693225828
geco22,2154,2925,1.720532998631143
geco22,2155,2925,1.721035372742221
geco22,2156,2925,1.722540054973374
geco22,2157,2925,1.7128856182913494
geco22,2158,2925,1.7253725400745359
geco22,2159,2925,1.71879641280215
geco22,2160,2925,1.7169948127942207
geco22,2161,2925,1.727476790990585
geco22,2162,2925,1.7316040508563701
geco22,2163,2925,1.720924814990443
geco22,2164,2925,1.7219600227551584
geco22,2165,2925,1.7300745867867755
geco22,2166,2925,1.7091430977063302
geco22,2167,2925,1.735236101721087
geco22,2168,2925,1.7387775342892378
geco22,2169,2925,1.7265784330449552
geco22,2170,2925,1.728102536975828
geco22,2171,2925,1.7285816681690704
geco22,2172,2925,1.7108189235589444
geco22,2173,2925,1.7244418661003438
geco22,2174,2925,1.722227497589894
geco22,2175,2925,1.7252557659964276
geco22,2176,2925,1.7538713451939771
geco22,2177,2925,1.7264808120075454
geco22,2178,2925,1.7257145338792068
geco22,2179,2925,1.715006797334068
geco22,2180,2925,1.751274175399389
geco22,2181,2925,1.7165374090732672
geco22,2182,2925,1.7032155602610008
geco22,2183,2925,1.726457286084819
geco22,2184,2925,1.7201912500104333
geco22,2185,2925,1.7103333836742955
geco22,2186,2925,1.7180492446768998
geco22,2187,2925,1.707240985316089
geco22,2188,2925,1.7320929711496729
geco22,2189,2925,1.7326081078684228
geco22,2190,2925,1.7127283119136452
geco22,2191,2925,1.7127744769234943
geco22,2192,2925,1.7006396745209
geco22,2193,2925,1.7127838499933226
geco22,2194,2925,1.723514612964076
geco22,2195,2925,1.7127155480018028
geco22,2196,2925,1.7137263580061433
geco22,2197,2925,1.7184420932867588
geco22,2198,2925,1.7309212161333134
geco22,2199,2925,1.7379295518663194
geco22,2200,2925,1.7162957385462574
geco22,2201,2925,1.7258695436135316
geco22,2202,2925,1.7202989496736445
geco22,2203,2925,1.6965490892198352
geco22,2204,2925,1.7104180569118923
geco22,2205,2925,1.7221843791211773
geco22,2206,2925,1.7254688230335202
geco22,2207,2925,1.71654049082699
geco22,2208,2925,1.7307701854216746
geco22,2209,2925,1.7139147271050348
geco22,2210,2925,1.7060768844734908
geco22,2211,2925,1.7267216582991118
geco22,2212,2925,1.7131432792467949
geco22,2213,2925,1.714815409081614
geco22,2214,2925,1.714830080994174
geco22,2215,2925,1.719302505101913
geco22,2216,2925,1.7322855774969117
geco22,2217,2925,1.728388199765458
geco22,2218,2925,1.7365572859283187
geco22,2219,2925,1.744095205975394
geco22,2220,2925,1.7341471210707966
geco22,2221,2925,1.718855478661692
geco22,2222,2925,1.7333653507069644
geco22,2223,2925,1.7224464246961806
geco22,2224,2925,1.7420123617058125
geco22,2225,2925,1.713354977338742
geco22,2226,2925,1.7236753336588542
geco22,2227,2925,1.7401083021897537
geco22,2228,2925,1.7062204318576388
geco22,2229,2925,1.6994029314090044
geco22,2230,2925,1.711801515236879
geco22,2231,2925,1.7231532770140559
geco22,2232,2925,1.7360475015232706
geco22,2233,2925,1.7334754070053753
geco22,2234,2925,1.7187831076597555
geco22,2235,2925,1.7097460037622696
geco22,2236,2925,1.7114718041053185
geco22,2237,2925,1.733987572824853
geco22,2238,2925,1.7352373498117821
geco22,2239,2925,1.7144758749415732
geco22,2240,2925,1.7312155255700787
geco22,2241,2925,1.7107462825938167
geco22,2242,2925,1.7146702054015592
geco22,2243,2925,1.7194789710411658
geco22,2244,2925,1.7070413521008614
geco22,2245,2925,1.7524750134068676
geco22,2246,2925,1.710287599482088
geco22,2247,2925,1.7154492787418203
geco22,2248,2925,1.7200872607108875
geco22,2249,2925,1.7351678831964477
geco22,2250,2925,1.74255736717811
geco22,2251,2925,1.7026915160611145
geco22,2252,2925,1.7017374935313168
geco22,2253,2925,1.728925071781517
geco22,2254,2925,1.7053519615760215
geco22,2255,2925,1.7285465886042668
geco22,2256,2925,1.7186781330597707
geco22,2257,2925,1.7032022838103467
geco22,2258,2925,1.6995594122470954
geco22,2259,2925,1.7111410470294137
geco22,2260,2925,1.7111248322837374
geco22,2261,2925,1.7288777356270033
geco22,2262,2925,1.7049779856103098
geco22,2263,2925,1.7171383275741186
geco22,2264,2925,1.6982418666741788
geco22,2265,2925,1.7243458296294905
geco22,2266,2925,1.7106936932425214
geco22,2267,2925,1.714426737728282
geco22,2268,2925,1.7191973733494423
geco22,2269,2925,1.7256981874123598
geco22,2270,2925,1.7236788757845887
geco22,2271,2925,1.7281451807266626
geco22,2272,2925,1.7260288258087941
geco22,2273,2925,1.7120232776087574
geco22,2274,2925,1.720208993243356
geco22,2275,2925,1.6991863257253272
geco22,2276,2925,1.7146520096216447
geco22,2277,2925,1.7144403323964177
geco22,2278,2925,1.7156972353682558
geco22,2279,2925,1.7122447139381343
geco22,2280,2925,1.7087906353290265
geco22,2281,2925,1.7106213796240652
geco22,2282,2925,1.7235373003054888
geco22,2283,2925,1.7231631750123113
geco22,2284,2925,1.7230524138100127
geco22,2285,2925,1.7274839378422142
geco22,2286,2925,1.732006341657068
geco22,2287,2925,1.706455841064453
geco22,2288,2925,1.7289156817574787
geco22,2289,2925,1.7079749030740852
geco22,2290,2925,1.7086573009001904
geco22,2291,2925,1.7090860220102164
geco22,2292,2925,1.7199337572929188
geco22,2293,2925,1.7080915232601328
geco22,2294,2925,1.7283939733260718
geco22,2295,2925,1.721203151605068
geco22,2296,2925,1.7054573567708333
geco22,2297,2925,1.708427251832098
geco22,2298,2925,1.711697022527711
geco22,2299,2925,1.7424591586121128
geco22,2300,2925,1.7219194956722423
geco22,2301,2925,1.7263373415694276
geco22,2302,2925,1.7351951338287093
geco22,2303,2925,1.7353958051632612
geco22,2304,2925,1.7268112299992489
geco22,2305,2925,1.7223023934649606
geco22,2306,2925,1.72548587375217
geco22,2307,2925,1.7010439170120109
geco22,2308,2925,1.7237601021008613
geco22,2309,2925,1.7148453991229717
geco22,2310,2925,1.719642110319219
geco22,2311,2925,1.7222188900678586
geco22,2312,2925,1.7220360858623798
geco22,2313,2925,1.7137305033105052
geco22,2314,2925,1.6718096050034221
geco22,2315,2925,1.7096029741336138
geco22,2316,2925,1.7234988325070113
geco22,2317,2925,1.7138267530131543
geco22,2318,2925,1.7098702494303386
geco22,2319,2925,1.7251118573571882
geco22,2320,2925,1.7321554526304588
geco22,2321,2925,1.720961674095219
geco22,2322,2925,1.734112544915615
geco22,2323,2925,1.7282325431628105
geco22,2324,2925,1.6989985995822483
geco22,2325,2925,1.7325849027715177
geco22,2326,2925,1.724475582807492
geco22,2327,2925,1.7252075547438401
geco22,2328,2925,1.728023419502454
geco22,2329,2925,1.7262067145975226
geco22,2330,2925,1.7145484715649206
geco22,2331,2925,1.7264182966183392
geco22,2332,2925,1.7164832951472355
geco22,2333,2925,1.7358013263930623
geco22,2334,2925,1.7369945558727298
geco22,2335,2925,1.7169080281053852
geco22,2336,2925,1.7285551257011218
geco22,2337,2925,1.7065266405415331
geco22,2338,2925,1.7263744178185096
geco22,2339,2925,1.708192396897536
geco22,2340,2925,1.7335567950387287
geco22,2341,2925,1.708536365215595
geco22,2342,2925,1.7082318232609675
geco22,2343,2925,1.7041154323480068
geco22,2344,2925,1.6876057342790132
geco22,2345,2925,1.6948561552650907
geco22,2346,2925,1.6956183017828526
geco22,2347,2925,1.7155989974584336
geco22,2348,2925,1.71079100519164
geco22,2349,2925,1.6868133114545774
geco22,2350,2925,1.7111619189661793
geco22,2351,2925,1.7224053198659521
geco22,2352,2925,1.674436539870042
geco22,2353,2925,1.7071785038353031
geco22,2354,2925,1.7101379837949051
geco22,2355,2925,1.7168861676077558
geco22,2356,2925,1.6941302255483774
geco22,2357,2925,1.6954143635024372
geco22,2358,2925,1.7123272052993121
geco22,2359,2925,1.7157848651592549
geco22,2360,2925,1.717315675132295
geco22,2361,2925,1.7134462796724759
geco22,2362,2925,1.6774019837990786
geco22,2363,2925,1.7139764626005776
geco22,2364,2925,1.7025995290381277
geco22,2365,2925,1.7304395287668604
geco22,2366,2925,1.698993381598057
geco22,2367,2925,1.7179064497988448
geco22,2368,2925,1.711658689058744
geco22,2369,2925,1.6935681543594752
geco22,2370,2925,1.7161761396359174
geco22,2371,2925,1.7026969609708869
geco22,2372,2925,1.7162953668578058
geco22,2373,2925,1.702598394410223
geco22,2374,2925,1.6857810817620693
geco22,2375,2925,1.6952070865468083
geco22,2376,2925,1.7119803925864716
geco22,2377,2925,1.691985092815171
geco22,2378,2925,1.6797408953283588
geco22,2379,2925,1.7189991851545807
geco22,2380,2925,1.716641104934562
geco22,2381,2925,1.7111149232000367
geco22,2382,2925,1.7145289650941506
geco22,2383,2925,1.7264316134982638
geco22,2384,2925,1.6951248768863516
geco22,2385,2925,1.6960488891601562
geco22,2386,2925,1.7078742015871227
geco22,2387,2925,1.6794799061310597
geco22,2388,2925,1.718801742944962
geco22,2389,2925,1.7226759377504006
geco22,2390,2925,1.7023906088282919
geco22,2391,2925,1.7097559167584802
geco22,2392,2925,1.7096373664008246
geco22,2393,2925,1.7155995543390257
geco22,2394,2925,1.7007294535840678
geco22,2395,2925,1.7142913596650473
geco22,2396,2925,1.7112645936623598
geco22,2397,2925,1.6899305894639758
geco22,2398,2925,1.7199576301248665
geco22,2399,2925,1.688415033063318
geco22,2400,2925,1.6937526383359207
geco22,2401,2925,1.6997589646037827
geco22,2402,2925,1.7012754260984242
geco22,2403,2925,1.6954733093783387
geco22,2404,2925,1.7236356947157119
geco22,2405,2925,1.7013033222948384
geco22,2406,2925,1.71401610806457
geco22,2407,2925,1.6907980372763087
geco22,2408,2925,1.7014359850761218
geco22,2409,2925,1.7056636464697683
geco22,2410,2925,1.6926143131093083
geco22,2411,2925,1.7184544542100695
geco22,2412,2925,1.71472171620426
geco22,2413,2925,1.7181946309407552
geco22,2414,2925,1.7173408984322833
geco22,2415,2925,1.7209503630287626
geco22,2416,2925,1.7059272818280082
geco22,2417,2925,1.7403018149351461
geco22,2418,2925,1.691542466644548
geco22,2419,2925,1.7063371902857072
geco22,2420,2925,1.7125831238836304
geco22,2421,2925,1.71225095439161
geco22,2422,2925,1.7327420604738415
geco22,2423,2925,1.7063639701125968
geco22,2424,2925,1.7063784737872263
geco22,2425,2925,1.7360337699172843
geco22,2426,2925,1.7182614148783888
geco22,2427,2925,1.7042984452206864
geco22,2428,2925,1.717165772527711
geco22,2429,2925,1.7230485130375268
geco22,2430,2925,1.7558140981299246
geco22,2431,2925,1.715292715741019
geco22,2432,2925,1.7210762180426182
geco22,2433,2925,1.7211625540969717
geco22,2434,2925,1.7091951927771936
geco22,2435,2925,1.7215601185855702
geco22,2436,2925,1.7090330296703893
geco22,2437,2925,1.7336582829402043
geco22,2438,2925,1.7295254555726662
geco22,2439,2925,1.712706777458517
geco22,2440,2925,1.7181663017598992
geco22,2441,2925,1.7221216081146502
geco22,2442,2925,1.7474240999140291
geco22,2443,2925,1.7275604613214477
geco22,2444,2925,1.724171867696648
geco22,2445,2925,1.708849354279347
geco22,2446,2925,1.711304696890024
geco22,2447,2925,1.7456087148291433
geco22,2448,2925,1.6975722092848557
geco22,2449,2925,1.7121148309952174
geco22,2450,2925,1.7061223791399573
geco22,2451,2925,1.6984700442583134
geco22,2452,2925,1.7286982961801383
geco22,2453,2925,1.698055894639757
geco22,2454,2925,1.7102386435484276
geco22,2455,2925,1.716635512653579
geco22,2456,2925,1.7127245389498198
geco22,2457,2925,1.7177106391059027
geco22,2458,2925,1.7261027448605268
geco22,2459,2925,1.7181749797071146
geco22,2460,2925,1.7105270711784688
geco22,2461,2925,1.718950447017311
geco22,2462,2925,1.7093474859253972
geco22,2463,2925,1.7335699436807226
geco22,2464,2925,1.713395702655499
geco22,2465,2925,1.7034605707673944
geco22,2466,2925,1.7460125732421874
geco22,2467,2925,1.7278180466350328
geco22,2468,2925,1.7356298149956597
geco22,2469,2925,1.7319818323901577
geco22,2470,2925,1.7419871534037794
geco22,2471,2925,1.730298816648304
geco22,2472,2925,1.7028594957661425
geco22,2473,2925,1.7253812454093216
geco22,2474,2925,1.7182605971637954
geco22,2475,2925,1.7053462832198183
geco22,2476,2925,1.73486331255008
geco22,2477,2925,1.7329928367158287
geco22,2478,2925,1.71460935804579
geco22,2479,2925,1.7193520961663662
geco22,2480,2925,1.7089651645758213
geco22,2481,2925,1.6909518028324486
geco22,2482,2925,1.7086441509540264
geco22,2483,2925,1.6972389045128455
geco22,2484,2925,1.6942945927024906
geco22,2485,2925,1.731969477987697
geco22,2486,2925,1.7071158475957364
geco22,2487,2925,1.7112867410773904
geco22,2488,2925,1.7168719665005676
geco22,2489,2925,1.7240509848309378
geco22,2490,2925,1.7137099052494407
geco22,2491,2925,1.7222992451985677
geco22,2492,2925,1.7107535057393914
geco22,2493,2925,1.71960449740418
geco22,2494,2925,1.7038032994718633
geco22,2495,2925,1.7017187891251002
geco22,2496,2925,1.7101175370175614
geco22,2497,2925,1.743974864992321
geco22,2498,2925,1.7299311372153778
geco22,2499,2925,1.7132360005174947
geco22,2500,2925,1.7066184958433495
geco22,2501,2925,1.709405547574035
geco22,2502,2925,1.7202969490768563
geco22,2503,2925,1.725709004198384
geco22,2504,2925,1.7182022642477965
geco22,2505,2925,1.7209164220043736
geco22,2506,2925,1.7235302056206596
geco22,2507,2925,1.7162155125283787
geco22,2508,2925,1.6768391927083333
geco22,2509,2925,1.7073973148704593
geco22,2510,2925,1.720687242817675
geco22,2511,2925,1.7148806345360912
geco22,2512,2925,1.739725600022536
geco22,2513,2925,1.6995345665043236
geco22,2514,2925,1.7178563005496295
geco22,2515,2925,1.7119255939711873
geco22,2516,2925,1.7273155016776842
geco22,2517,2925,1.721957534398788
geco22,2518,2925,1.70804935031467
geco22,2519,2925,1.724539524958684
geco22,2520,2925,1.6968541789258647
geco22,2521,2925,1.7281500270224026
geco22,2522,2925,1.7180956248747996
geco22,2523,2925,1.7010796688764522
geco22,2524,2925,1.7311336954230936
geco22,2525,2925,1.7078460380358573
geco22,2526,2925,1.7081693548218817
geco22,2527,2925,1.71849120050414
geco22,2528,2925,1.7145243196405917
geco22,2529,2925,1.6979911321656316
geco22,2530,2925,1.7356439548068576
geco22,2531,2925,1.7374978233402611
geco22,2532,2925,1.6958451282468616
geco22,2533,2925,1.7366656807141427
geco22,2534,2925,1.729078410874065
geco22,2535,2925,1.729967037103115
geco22,2536,2925,1.730041991665832
geco22,2537,2925,1.7209723565517328
geco22,2538,2925,1.7276893094054655
geco22,2539,2925,1.7022019997621194
geco22,2540,2925,1.737320042797643
geco22,2541,2925,1.7397506179157485
geco22,2542,2925,1.712507617657001
geco22,2543,2925,1.7340653091821916
geco22,2544,2925,1.716524861653646
geco22,2545,2925,1.7368733984792335
geco22,2546,2925,1.720001467191256
geco22,2547,2925,1.7305913758889222
geco22,2548,2925,1.7151357980059763
geco22,2549,2925,1.7081018953241853
geco22,2550,2925,1.7071381071693876
geco22,2551,2925,1.7264612507616353
geco22,2552,2925,1.7218326849000067
geco22,2553,2925,1.7074217602330395
geco22,2554,2925,1.715863274468316
geco22,2555,2925,1.718536380865635
geco22,2556,2925,1.7077279050126035
geco22,2557,2925,1.725972931690705
geco22,2558,2925,1.7253084818522135
geco22,2559,2925,1.7000633161495893
geco22,2560,2925,1.7367620614858774
geco22,2561,2925,1.744647962782118
geco22,2562,2925,1.7085281580737512
geco22,2563,2925,1.7111274967030583
geco22,2564,2925,1.7291329421344985
geco22,2565,2925,1.7049889015132544
geco22,2566,2925,1.6937804732363448
geco22,2567,2925,1.7233175776554988
geco22,2568,2925,1.7063499072474293
geco22,2569,2925,1.7241219858022836
geco22,2570,2925,1.6958000809107072
geco22,2571,2925,1.71475341405624
geco22,2572,2925,1.7121170943822617
geco22,2573,2925,1.7001180456438636
geco22,2574,2925,1.7059944478874534
geco22,2575,2925,1.697371329283103
geco22,2576,2925,1.7229035910581931
geco22,2577,2925,1.7016076190655047
geco22,2578,2925,1.7156436496310763
geco22,2579,2925,1.716488775269598
geco22,2580,2925,1.7294994452060797
geco22,2581,2925,1.7050879036667002
geco22,2582,2925,1.717599620330028
geco22,2583,2925,1.70882566011869
geco22,2584,2925,1.713546656421107
geco22,2585,2925,1.7081309391902044
geco22,2586,2925,1.7120929763663528
geco22,2587,2925,1.7040195810692942
geco22,2588,2925,1.7178115922976762
geco22,2589,2925,1.725281999376085
geco22,2590,2925,1.7131006954877805
geco22,2591,2925,1.6942475878071581
geco22,2592,2925,1.7287035063393095
geco22,2593,2925,1.7167841293465378
geco22,2594,2925,1.7095328006581363
geco22,2595,2925,1.7010726928710938
geco22,2596,2925,1.7048906975118523
geco22,2597,2925,1.7144894252679286
geco22,2598,2925,1.7096292583759014
geco22,2599,2925,1.7181236306214944
geco22,2600,2925,1.704435287866837
geco22,2601,2925,1.6997095274313903
geco22,2602,2925,1.7228704860067776
geco22,2603,2925,1.7237015005258414
geco22,2604,2925,1.737161163590912
geco22,2605,2925,1.707216560820229
geco22,2606,2925,1.7045887743305956
geco22,2607,2925,1.7144290004632412
geco22,2608,2925,1.7166605605427017
geco22,2609,2925,1.6913914854913694
geco22,2610,2925,1.6965518931853465
geco22,2611,2925,1.7086436345027043
geco22,2612,2925,1.7253738898904916
geco22,2613,2925,1.6916409640842014
geco22,2614,2925,1.7266892183743991
geco22,2615,2925,1.7045118765545706
geco22,2616,2925,1.7063887115217682
geco22,2617,2925,1.714548841949202
geco22,2618,2925,1.7322325747237246
geco22,2619,2925,1.7059122147519363
geco22,2620,2925,1.7113903391259349
geco22,2621,2925,1.68584958981245
geco22,2622,2925,1.715298308022002
geco22,2623,2925,1.7065220902923846
geco22,2624,2925,1.7274213011651975
geco22,2625,2925,1.7122410335703793
geco22,2626,2925,1.719541769435263
geco22,2627,2925,1.7081441856449486
geco22,2628,2925,1.7202431377182659
geco22,2629,2925,1.7239637312929854
geco22,2630,2925,1.724070073315221
geco22,2631,2925,1.702552978646042
geco22,2632,2925,1.7209093260153745
geco22,2633,2925,1.693118440024873
geco22,2634,2925,1.7036033121744791
geco22,2635,2925,1.7228856352455595
geco22,2636,2925,1.7274119280953693
geco22,2637,2925,1.6990696298974193
geco22,2638,2925,1.6920753452920505
geco22,2639,2925,1.7197442509577825
geco22,2640,2925,1.71489258203751
geco22,2641,2925,1.7319959748096956
geco22,2642,2925,1.7020539386455829
geco22,2643,2925,1.7126206735464242
geco22,2644,2925,1.709297144963191
geco22,2645,2925,1.7131024574214577
geco22,2646,2925,1.7120474751790364
geco22,2647,2925,1.710477088863014
geco22,2648,2925,1.702779057168553
geco22,2649,2925,1.7095430723010985
geco22,2650,2925,1.7175288482405182
geco22,2651,2925,1.7229668876452324
geco22,2652,2925,1.7217962776901377
geco22,2653,2925,1.7124359822069477
geco22,2654,2925,1.7223606181348492
geco22,2655,2925,1.7140075370592949
geco22,2656,2925,1.7108464754544772
geco22,2657,2925,1.7365739369188617
geco22,2658,2925,1.7000601431039664
geco22,2659,2925,1.7219001326601728
geco22,2660,2925,1.6904327405619826
geco22,2661,2925,1.6944872316539796
geco22,2662,2925,1.7082507963262052
geco22,2663,2925,1.7335427556486211
geco22,2664,2925,1.7052091080103164
geco22,2665,2925,1.6990202057667267
geco22,2666,2925,1.7252338650695278
geco22,2667,2925,1.7153700556306757
geco22,2668,2925,1.7229421814486512
geco22,2669,2925,1.703939175075955
geco22,2670,2925,1.720185293866019
geco22,2671,2925,1.7268243095202325
geco22,2672,2925,1.6914634835006845
geco22,2673,2925,1.7308790536212106
geco22,2674,2925,1.7198427131848457
geco22,2675,2925,1.7263888575888087
geco22,2676,2925,1.6800638273842314
geco22,2677,2925,1.728404037606003
geco22,2678,2925,1.7048411207932692
geco22,2679,2925,1.699142792530549
geco22,2680,2925,1.724022991473858
geco22,2681,2925,1.6990470338479067
geco22,2682,2925,1.7024893501477363
geco22,2683,2925,1.7131168098123664
geco22,2684,2925,1.6965979968992053
geco22,2685,2925,1.7126586105477097
geco22,2686,2925,1.7291424325796274
geco22,2687,2925,1.6961575760800613
geco22,2688,2925,1.716227319179437
geco22,2689,2925,1.713173329932058
geco22,2690,2925,1.6857979551135984
geco22,2691,2925,1.6989840985159588
geco22,2692,2925,1.7061270441560663
geco22,2693,2925,1.7227742786896534
geco22,2694,2925,1.7160788042117388
geco22,2695,2925,1.7160979729024772
geco22,2696,2925,1.7078084792438735
geco22,2697,2925,1.7127129918285924
geco22,2698,2925,1.719193634294037
geco22,2699,2925,1.7212403608794906
geco22,2700,2925,1.724885950333033
geco22,2701,2925,1.7187776757916833
geco22,2702,2925,1.7131729615040314
geco22,2703,2925,1.714460703531901
geco22,2704,2925,1.7043220904749683
geco22,2705,2925,1.7219588072687133
geco22,2706,2925,1.6991099326630943
geco22,2707,2925,1.7092135137574285
geco22,2708,2925,1.7141761492867755
geco22,2709,2925,1.708367189586672
geco22,2710,2925,1.718774930513822
geco22,2711,2925,1.6888892253647503
geco22,2712,2925,1.699691182976095
geco22,2713,2925,1.71657471485627
geco22,2714,2925,1.7074390952607506
geco22,2715,2925,1.698373754778479
geco22,2716,2925,1.6870615849943242
geco22,2717,2925,1.712981671716413
geco22,2718,2925,1.7082439807337573
geco22,2719,2925,1.7320738559299045
geco22,2720,2925,1.727426532191089
geco22,2721,2925,1.6976813031058027
geco22,2722,2925,1.7252710978190104
geco22,2723,2925,1.7328326494265824
geco22,2724,2925,1.6970103898007645
geco22,2725,2925,1.7167601430517996
geco22,2726,2925,1.6888142929729233
geco22,2727,2925,1.7019992326263689
geco22,2728,2925,1.7060222723545173
geco22,2729,2925,1.719578599196214
geco22,2730,2925,1.718754157693977
geco22,2731,2925,1.693025399232522
geco22,2732,2925,1.7218653126252004
geco22,2733,2925,1.7195745536608573
geco22,2734,2925,1.703962903145032
geco22,2735,2925,1.7277596367730035
geco22,2736,2925,1.717332526312934
geco22,2737,2925,1.7132681170080462
geco22,2738,2925,1.7283954092172475
geco22,2739,2925,1.6910064905932827
geco22,2740,2925,1.7223016305255074
geco22,2741,2925,1.7229542919713208
geco22,2742,2925,1.6950087405473757
geco22,2743,2925,1.7167676628960504
geco22,2744,2925,1.7210214050814636
geco22,2745,2925,1.7075158430572248
geco22,2746,2925,1.727461422651242
geco22,2747,2925,1.7205380366398737
geco22,2748,2925,1.7260633263221155
geco22,2749,2925,1.7344916188818778
geco22,2750,2925,1.7018602928748499
geco22,2751,2925,1.7288700345031216
geco22,2752,2925,1.6968496847560264
geco22,2753,2925,1.7004987993810932
geco22,2754,2925,1.715325200007512
geco22,2755,2925,1.7072423181778345
geco22,2756,2925,1.7011781258868357
geco22,2757,2925,1.692111331255008
geco22,2758,2925,1.7025440183460203
geco22,2759,2925,1.7214217891856136
geco22,2760,2925,1.6968257480197482
geco22,2761,2925,1.6987361810146233
geco22,2762,2925,1.7286524389544105
geco22,2763,2925,1.7054160667484641
geco22,2764,2925,1.6811099269247463
geco22,2765,2925,1.7242943579518897
geco22,2766,2925,1.6970894407614683
geco22,2767,2925,1.7012216512565939
geco22,2768,2925,1.6948559387728699
geco22,2769,2925,1.6767097329685832
geco22,2770,2925,1.7080838560446714
geco22,2771,2925,1.7384110683865017
geco22,2772,2925,1.6961228564661792
geco22,2773,2925,1.6723883174015926
geco22,2774,2925,1.695546387240418
geco22,2775,2925,1.7087562534951757
geco22,2776,2925,1.7174472332815838
geco22,2777,2925,1.706004672580295
geco22,2778,2925,1.7099288862179487
geco22,2779,2925,1.7254402330186631
geco22,2780,2925,1.7122348387628539
geco22,2781,2925,1.6906478386251336
geco22,2782,2925,1.7074469633183929
geco22,2783,2925,1.713276630629841
geco22,2784,2925,1.6944426890316173
geco22,2785,2925,1.6964654658390925
geco22,2786,2925,1.7095401000976562
geco22,2787,2925,1.712643544775808
geco22,2788,2925,1.7090580110468416
geco22,2789,2925,1.694041269416483
geco22,2790,2925,1.6943563438480735
geco22,2791,2925,1.7203191643087272
geco22,2792,2925,1.707963353344518
geco22,2793,2925,1.7056422020023705
geco22,2794,2925,1.6968421544784154
geco22,2795,2925,1.7211925447904146
geco22,2796,2925,1.7050923521905883
geco22,2797,2925,1.7017017044980303
geco22,2798,2925,1.7130025527823685
geco22,2799,2925,1.697936278775207
geco22,2800,2925,1.7148899554391193
geco22,2801,2925,1.7212928576347155
geco22,2802,2925,1.7247337458683893
geco22,2803,2925,1.69453858334794
geco22,2804,2925,1.7305918375651042
geco22,2805,2925,1.7027941190279448
geco22,2806,2925,1.7115711518638155
geco22,2807,2925,1.6992943149142796
geco22,2808,2925,1.707160169813368
geco22,2809,2925,1.7229569394364317
geco22,2810,2925,1.718881615532769
geco22,2811,2925,1.7089386364537427
geco22,2812,2925,1.7180194013546675
geco22,2813,2925,1.7110885607075488
geco22,2814,2925,1.6987508568396934
geco22,2815,2925,1.7223917056352664
geco22,2816,2925,1.7117715454101563
geco22,2817,2925,1.7011317183013654
geco22,2818,2925,1.696382837540064
geco22,2819,2925,1.7228629100832165
geco22,2820,2925,1.7179373703655014
geco22,2821,2925,1.6842702973194612
geco22,2822,2925,1.7220240301148504
geco22,2823,2925,1.7181414873172076
geco22,2824,2925,1.7194854553744323
geco22,2825,2925,1.7145738141964644
geco22,2826,2925,1.709188694098057
geco22,2827,2925,1.711573233319144
geco22,2828,2925,1.7210196783603766
geco22,2829,2925,1.7073347564436432
geco22,2830,2925,1.6955523890307826
geco22,2831,2925,1.708658222948384
geco22,2832,2925,1.6954546375763722
geco22,2833,2925,1.6877324083116318
geco22,2834,2925,1.7336314470340044
geco22,2835,2925,1.7233624254536426
geco22,2836,2925,1.7030730927296174
geco22,2837,2925,1.711843007405599
geco22,2838,2925,1.7258945954151643
geco22,2839,2925,1.680975357446915
geco22,2840,2925,1.7086568444406884
geco22,2841,2925,1.6995979191706732
geco22,2842,2925,1.7037014940049913
geco22,2843,2925,1.7005999481983674
geco22,2844,2925,1.7063999156462841
geco22,2845,2925,1.719169402815338
geco22,2846,2925,1.710412844144381
geco22,2847,2925,1.720619629427918
geco22,2848,2925,1.7107195484128772
geco22,2849,2925,1.7344458633814102
geco22,2850,2925,1.701552017081497
geco22,2851,2925,1.7072820458045372
geco22,2852,2925,1.7025957938952323
geco22,2853,2925,1.7038956105810965
geco22,2854,2925,1.7295099320370926
geco22,2855,2925,1.7355195708967681
geco22,2856,2925,1.7174576027372963
geco22,2857,2925,1.7155678108410957
geco22,2858,2925,1.7094884745279948
geco22,2859,2925,1.7337792134081196
geco22,2860,2925,1.7246273803710936
geco22,2861,2925,1.7134932650052583
geco22,2862,2925,1.7321251476320445
geco22,2863,2925,1.721889379778479
geco22,2864,2925,1.7268374059954261
geco22,2865,2925,1.7412242204715045
geco22,2866,2925,1.7102359413081765
geco22,2867,2925,1.696255143646501
geco22,2868,2925,1.7055983010316507
geco22,2869,2925,1.7094058292747563
geco22,2870,2925,1.7069223165919638
geco22,2871,2925,1.7254129471738113
geco22,2872,2925,1.7128380108694745
geco22,2873,2925,1.6865614318847657
geco22,2874,2925,1.7138331173627805
geco22,2875,2925,1.7003776459001068
geco22,2876,2925,1.7107701228215144
geco22,2877,2925,1.7183069714929304
geco22,2878,2925,1.7296560747195513
geco22,2879,2925,1.7120023078592415
geco22,2880,2925,1.7338289427145934
geco22,2881,2925,1.7223731616419604
geco22,2882,2925,1.7246067770933493
geco22,2883,2925,1.7219790505955361
geco22,2884,2925,1.699552004561465
geco22,2885,2925,1.6984591322678786
geco22,2886,2925,1.707250028430906
geco22,2887,2925,1.7109483728653345
geco22,2888,2925,1.7106547963721122
geco22,2889,2925,1.6903604112934862
geco22,2890,2925,1.7018834236340645
geco22,2891,2925,1.72756592709794
geco22,2892,2925,1.697438500559228
geco22,2893,2925,1.6957824459238948
geco22,2894,2925,1.695453605977898
geco22,2895,2925,1.7001214534400875
geco22,2896,2925,1.7154735010913296
geco22,2897,2925,1.723741938925197
geco22,2898,2925,1.720447253365802
geco22,2899,2925,1.7277425723605686
geco22,2900,2925,1.6953905871790698
geco22,2901,2925,1.7085227627224393
geco22,2902,2925,1.7376757186498397
geco22,2903,2925,1.7191507688343015
geco22,2904,2925,1.7048672778789813
geco22,2905,2925,1.7225967081184062
geco22,2906,2925,1.695863547039847
geco22,2907,2925,1.6961526763133514
geco22,2908,2925,1.721446285410824
geco22,2909,2925,1.7330906820704794
geco22,2910,2925,1.700499066735944
geco22,2911,2925,1.7187940353002304
geco22,2912,2925,1.7176975908849994
geco22,2913,2925,1.7183885075495793
geco22,2914,2925,1.7215612258259048
geco22,2915,2925,1.715026396400908
geco22,2916,2925,1.7063844234107906
geco22,2917,2925,1.735808584099142
geco22,2918,2925,1.7393824833274907
geco22,2919,2925,1.7113695519602197
geco22,2920,2925,1.712259993593917
geco22,2921,2925,1.7118969087519198
geco22,2922,2925,1.7039993690425514
geco22,2923,2925,1.7150065404125767
geco22,2924,2925,1.7338118359166332
geco22,2925,2925,1.7299685603736812
geco22,2926,2925,1.719274676722339
geco22,2927,2925,1.7248090303861179
geco22,2928,2925,1.7157858237242087
geco22,2929,2925,1.7105506270971054
geco22,2930,2925,1.706610116551065
geco22,2931,2925,1.7221609914404714
geco22,2932,2925,1.7128396984654615
geco22,2933,2925,1.696426758073334
geco22,2934,2925,1.6942249969743255
geco22,2935,2925,1.6957623369265826
geco22,2936,2925,1.7197304045848358
geco22,2937,2925,1.7039548811953291
geco22,2938,2925,1.7062099072056958
geco22,2939,2925,1.7320325163490753
geco22,2940,2925,1.7000315478724293
geco22,2941,2925,1.7177275867951223
geco22,2942,2925,1.6960459978152544
geco22,2943,2925,1.708656530135717
geco22,2944,2925,1.7125676733815771
geco22,2945,2925,1.738360573532235
geco22,2946,2925,1.7217823322002703
geco22,2947,2925,1.7081649558564536
geco22,2948,2925,1.7183349231165699
geco22,2949,2925,1.7194740764911358
geco22,2950,2925,1.7121962314181858
geco22,2951,2925,1.7197896530281784
geco22,2952,2925,1.722797117314787
geco22,2953,2925,1.730847653119992
geco22,2954,2925,1.7045829368656518
geco22,2955,2925,1.7078684632390992
geco22,2956,2925,1.7158484395345053
geco22,2957,2925,1.7037165089142627
geco22,2958,2925,1.7265116021572016
geco22,2959,2925,1.7012021004440439
geco22,2960,2925,1.7309195663582566
geco22,2961,2925,1.7235677305042234
geco22,2962,2925,1.7075964629344451
geco22,2963,2925,1.6997580412514188
geco22,2964,2925,1.7056268949590179
geco22,2965,2925,1.733068380763388
geco22,2966,2925,1.7062312538603432
geco22,2967,2925,1.7079547640808628
geco22,2968,2925,1.690931899893997
geco22,2969,2925,1.699387950408153
geco22,2970,2925,1.7106024261213775
geco22,2971,2925,1.7074703640407987
geco22,2972,2925,1.7245154904096553
geco22,2973,2925,1.7078101537981605
geco22,2974,2925,1.7144182684482672
geco22,2975,2925,1.7308892652723524
geco22,2976,2925,1.6882632420205663
geco22,2977,2925,1.7049810321514423
geco22,2978,2925,1.705816903399606
geco22,2979,2925,1.7068538998334837
geco22,2980,2925,1.7093455844455294
geco22,2981,2925,1.7161539139706865
geco22,2982,2925,1.7026568864349627
geco22,2983,2925,1.7271582787668602
geco22,2984,2925,1.7135078677968083
geco22,2985,2925,1.707740216377454
geco22,2986,2925,1.7008912984733908
geco22,2987,2925,1.6815125659388355
geco22,2988,2925,1.7148170119065504
geco22,2989,2925,1.7026503499348957
geco22,2990,2925,1.7006932302621696
geco22,2991,2925,1.6876566295134716
geco22,2992,2925,1.6936593732263288
geco22,2993,2925,1.7066458351591713
geco22,2994,2925,1.717486574873965
geco22,2995,2925,1.7098401374490853
geco22,2996,2925,1.7005963969434428
geco22,2997,2925,1.7286337410690438
geco22,2998,2925,1.7137929280598958
geco22,2999,2925,1.6948513754820211
geco22,3000,2925,1.7317462132119725
geco22,3001,2925,1.7231376778366219
geco22,3002,2925,1.6824490708571214
geco22,3003,2925,1.723540280333951
geco22,3004,2925,1.7113060767018897
geco22,3005,2925,1.7189260942508013
geco22,3006,2925,1.7163414601383047
geco22,3007,2925,1.7025764491415432
geco22,3008,2925,1.7014953352447248
geco22,3009,2925,1.6917976940187633
geco22,3010,2925,1.701884281777928
geco22,3011,2925,1.7005678277953058
geco22,3012,2925,1.698787078857422
geco22,3013,2925,1.6974095492892796
geco22,3014,2925,1.7006293481027979
geco22,3015,2925,1.7220868428548177
geco22,3016,2925,1.7105473901471522
geco22,3017,2925,1.6809849170130542
geco22,3018,2925,1.7092664747971755
geco22,3019,2925,1.6885918406951121
geco22,3020,2925,1.705570342235076
geco22,3021,2925,1.705650398710854
geco22,3022,2925,1.688758268437834
geco22,3023,2925,1.7127014394906852
geco22,3024,2925,1.7178998089651776
geco22,3025,2925,1.6999938038883047
geco22,3026,2925,1.6882642110188801
geco22,3027,2925,1.7125593971187232
geco22,3028,2925,1.7259302409897503
geco22,3029,2925,1.7164258373293102
geco22,3030,2925,1.7225405153453859
geco22,3031,2925,1.706036864712707
geco22,3032,2925,1.7114828243418636
geco22,3033,2925,1.7166373515332867
geco22,3034,2925,1.7147040505694529
geco22,3035,2925,1.6955763622838207
geco22,3036,2925,1.710581578963842
geco22,3037,2925,1.706512208596254
geco22,3038,2925,1.7297466441097422
geco22,3039,2925,1.7110399503789397
geco22,3040,2925,1.697912814148471
geco22,3041,2925,1.7119171312120225
geco22,3042,2925,1.70454348441882
geco22,3043,2925,1.7130257396208934
geco22,3044,2925,1.703790257119725
geco22,3045,2925,1.7092447003747664
geco22,3046,2925,1.7022543243669037
geco22,3047,2925,1.7146690864236946
geco22,3048,2925,1.716844735430856
geco22,3049,2925,1.7195447638095953
geco22,3050,2925,1.701647660997179
geco22,3051,2925,1.7070229007036257
geco22,3052,2925,1.6979548918895233
geco22,3053,2925,1.70856202476045
geco22,3054,2925,1.7309979704506377
geco22,3055,2925,1.7023723374065172
geco22,3056,2925,1.7222815619574652
geco22,3057,2925,1.7009580471984342
geco22,3058,2925,1.7111525159004406
geco22,3059,2925,1.697683303702591
geco22,3060,2925,1.7035693959293203
geco22,3061,2925,1.7102235216972155
geco22,3062,2925,1.6978194225343883
geco22,3063,2925,1.704769031492054
geco22,3064,2925,1.7215662012344752
geco22,3065,2925,1.7101042931711572
geco22,3066,2925,1.708269275111011
geco22,3067,2925,1.7057413997813167
geco22,3068,2925,1.6969187705537192
geco22,3069,2925,1.7105826562082667
geco22,3070,2925,1.7209700312166132
geco22,3071,2925,1.7093664837698652
