model,model_window_position,base_count,mean_bpb
megabyte1,0,16,1.999755859375
megabyte1,1,16,2.0406494140625
megabyte1,2,16,2.0074462890625
megabyte1,3,16,1.98822021484375
megabyte1,4,16,2.15478515625
megabyte1,5,16,2.02227783203125
megabyte1,6,16,2.05426025390625
megabyte1,7,16,2.03021240234375
megabyte1,8,16,1.9986572265625
megabyte1,9,16,1.92315673828125
megabyte1,10,16,2.0166015625
megabyte1,11,16,1.9476318359375
megabyte1,12,16,2.14385986328125
megabyte1,13,16,1.95404052734375
megabyte1,14,16,2.00750732421875
megabyte1,15,16,1.8717041015625
megabyte1,16,16,1.93695068359375
megabyte1,17,16,2.02294921875
megabyte1,18,16,2.0155029296875
megabyte1,19,16,2.0823974609375
megabyte1,20,16,1.90374755859375
megabyte1,21,16,1.91241455078125
megabyte1,22,16,1.9254150390625
megabyte1,23,16,1.82647705078125
megabyte1,24,16,1.806884765625
megabyte1,25,16,2.15545654296875
megabyte1,26,16,1.99462890625
megabyte1,27,16,2.01416015625
megabyte1,28,16,1.85235595703125
megabyte1,29,16,1.99249267578125
megabyte1,30,16,1.83905029296875
megabyte1,31,16,1.99517822265625
megabyte1,32,16,2.02569580078125
megabyte1,33,16,1.8018798828125
megabyte1,34,16,1.70367431640625
megabyte1,35,16,2.14202880859375
megabyte1,36,16,2.0140380859375
megabyte1,37,16,1.7437744140625
megabyte1,38,16,1.890777587890625
megabyte1,39,16,2.14129638671875
megabyte1,40,16,1.645111083984375
megabyte1,41,16,1.834197998046875
megabyte1,42,16,1.844512939453125
megabyte1,43,16,1.92681884765625
megabyte1,44,16,2.2965087890625
megabyte1,45,16,1.91705322265625
megabyte1,46,16,1.808349609375
megabyte1,47,16,2.064727783203125
megabyte1,48,16,1.79400634765625
megabyte1,49,16,1.7425537109375
megabyte1,50,16,1.8736572265625
megabyte1,51,16,1.6871337890625
megabyte1,52,16,1.6997222900390625
megabyte1,53,16,1.6252670288085938
megabyte1,54,16,1.4810638427734375
megabyte1,55,16,1.7165985107421875
megabyte1,56,16,1.8119277954101562
megabyte1,57,16,1.974806785583496
megabyte1,58,16,2.061134099960327
megabyte1,59,16,1.7334365844726562
megabyte1,60,16,1.5614738464355469
megabyte1,61,16,1.720123291015625
megabyte1,62,16,1.734649658203125
megabyte1,63,16,1.74871826171875
megabyte1,64,16,1.6385498046875
megabyte1,65,16,1.8249340057373047
megabyte1,66,16,1.7048187255859375
megabyte1,67,16,1.9473724365234375
megabyte1,68,16,1.8536081314086914
megabyte1,69,16,1.4947128295898438
megabyte1,70,16,1.8781392574310303
megabyte1,71,16,1.707916259765625
megabyte1,72,16,1.7940559387207031
megabyte1,73,16,1.6337661743164062
megabyte1,74,16,1.6313371658325195
megabyte1,75,16,1.7417211532592773
megabyte1,76,16,1.8222439289093018
megabyte1,77,16,1.622396469116211
megabyte1,78,16,2.022701621055603
megabyte1,79,16,2.107666015625
megabyte1,80,16,1.770585060119629
megabyte1,81,16,1.96771240234375
megabyte1,82,16,2.168670654296875
megabyte1,83,16,1.801910400390625
megabyte1,84,16,2.041748046875
megabyte1,85,16,1.794281005859375
megabyte1,86,16,1.8060798645019531
megabyte1,87,16,1.8835601806640625
megabyte1,88,16,1.6565399169921875
megabyte1,89,16,1.7727203369140625
megabyte1,90,16,2.06146240234375
megabyte1,91,16,1.7704620361328125
megabyte1,92,16,1.6317062377929688
megabyte1,93,16,1.89300537109375
megabyte1,94,16,2.0361328125
megabyte1,95,16,1.8603515625
megabyte1,96,16,1.82110595703125
megabyte1,97,16,2.09942626953125
megabyte1,98,16,1.71258544921875
megabyte1,99,16,1.7483062744140625
megabyte1,100,16,2.0065460205078125
megabyte1,101,16,1.748666763305664
megabyte1,102,16,1.764984130859375
megabyte1,103,16,2.02545166015625
megabyte1,104,16,1.7942790985107422
megabyte1,105,16,1.8373799324035645
megabyte1,106,16,1.5921087265014648
megabyte1,107,16,1.891122817993164
megabyte1,108,16,1.87969970703125
megabyte1,109,16,1.79833984375
megabyte1,110,16,1.8939208984375
megabyte1,111,16,2.0609130859375
megabyte1,112,16,1.6535491943359375
megabyte1,113,16,1.776275634765625
megabyte1,114,16,1.835296630859375
megabyte1,115,16,1.9629173278808594
megabyte1,116,16,1.9226837158203125
megabyte1,117,16,1.5796356201171875
megabyte1,118,16,1.6804351806640625
megabyte1,119,16,1.733306884765625
megabyte1,120,16,2.050537109375
megabyte1,121,16,1.89642333984375
megabyte1,122,16,2.1246337890625
megabyte1,123,16,1.772430419921875
megabyte1,124,16,1.813934326171875
megabyte1,125,16,1.8677978515625
megabyte1,126,16,1.862060546875
megabyte1,127,16,2.0540771484375
megabyte1,128,16,1.90435791015625
megabyte1,129,16,1.74072265625
megabyte1,130,16,1.8551025390625
megabyte1,131,16,1.91754150390625
megabyte1,132,16,1.83319091796875
megabyte1,133,16,1.736572265625
megabyte1,134,16,1.902313232421875
megabyte1,135,16,1.88995361328125
megabyte1,136,16,1.77276611328125
megabyte1,137,16,1.8089599609375
megabyte1,138,16,1.89703369140625
megabyte1,139,16,1.806427001953125
megabyte1,140,16,1.619354248046875
megabyte1,141,16,1.5496902465820312
megabyte1,142,16,2.04559326171875
megabyte1,143,16,1.701873779296875
megabyte1,144,16,1.717529296875
megabyte1,145,16,1.75982666015625
megabyte1,146,16,1.798309326171875
megabyte1,147,16,1.83154296875
megabyte1,148,16,2.0667724609375
megabyte1,149,16,1.733673095703125
megabyte1,150,16,1.765960693359375
megabyte1,151,16,1.635986328125
megabyte1,152,16,1.713165283203125
megabyte1,153,16,1.724945068359375
megabyte1,154,16,2.11566162109375
megabyte1,155,16,1.80047607421875
megabyte1,156,16,1.91064453125
megabyte1,157,16,2.03594970703125
megabyte1,158,16,1.89935302734375
megabyte1,159,16,1.5145263671875
megabyte1,160,16,1.6915283203125
megabyte1,161,16,2.015625
megabyte1,162,16,1.843475341796875
megabyte1,163,16,1.95050048828125
megabyte1,164,16,1.8592529296875
megabyte1,165,16,1.721923828125
megabyte1,166,16,1.78277587890625
megabyte1,167,16,1.6470947265625
megabyte1,168,16,1.6064453125
megabyte1,169,16,2.048309326171875
megabyte1,170,16,1.70513916015625
megabyte1,171,16,1.739959716796875
megabyte1,172,16,1.91552734375
megabyte1,173,16,1.966064453125
megabyte1,174,16,1.600393295288086
megabyte1,175,16,2.041717529296875
megabyte1,176,16,1.9216461181640625
megabyte1,177,16,1.5662498474121094
megabyte1,178,16,1.949859619140625
megabyte1,179,16,1.8482666015625
megabyte1,180,16,2.01239013671875
megabyte1,181,16,1.93975830078125
megabyte1,182,16,1.999359130859375
megabyte1,183,16,1.6764202117919922
megabyte1,184,16,1.83770751953125
megabyte1,185,16,1.693145751953125
megabyte1,186,16,1.6469526588916779
megabyte1,187,16,1.794830322265625
megabyte1,188,16,1.810546875
megabyte1,189,16,1.7683448791503906
megabyte1,190,16,2.17669677734375
megabyte1,191,16,1.847442626953125
megabyte1,192,16,1.7489013671875
megabyte1,193,16,1.71771240234375
megabyte1,194,16,1.8204345703125
megabyte1,195,16,1.705047607421875
megabyte1,196,16,1.9825439453125
megabyte1,197,16,2.23828125
megabyte1,198,16,1.8717041015625
megabyte1,199,16,1.87957763671875
megabyte1,200,16,1.86822509765625
megabyte1,201,16,1.704742431640625
megabyte1,202,16,1.69866943359375
megabyte1,203,16,1.85418701171875
megabyte1,204,16,1.713592529296875
megabyte1,205,16,1.893798828125
megabyte1,206,16,1.823974609375
megabyte1,207,16,1.686065673828125
megabyte1,208,16,1.960205078125
megabyte1,209,16,2.30584716796875
megabyte1,210,16,1.619232177734375
megabyte1,211,16,1.7098388671875
megabyte1,212,16,1.888153076171875
megabyte1,213,16,1.89190673828125
megabyte1,214,16,1.767242431640625
megabyte1,215,16,1.68682861328125
megabyte1,216,16,1.673004150390625
megabyte1,217,16,1.640716552734375
megabyte1,218,16,2.0496826171875
megabyte1,219,16,1.626190185546875
megabyte1,220,16,1.96978759765625
megabyte1,221,16,1.80523681640625
megabyte1,222,16,1.904052734375
megabyte1,223,16,1.66058349609375
megabyte1,224,16,1.780853271484375
megabyte1,225,16,1.68560791015625
megabyte1,226,16,2.027984619140625
megabyte1,227,16,2.03240966796875
megabyte1,228,16,1.882568359375
megabyte1,229,16,1.935150146484375
megabyte1,230,16,1.8345947265625
megabyte1,231,16,1.649505615234375
megabyte1,232,16,2.13079833984375
megabyte1,233,16,1.87762451171875
megabyte1,234,16,1.5758132934570312
megabyte1,235,16,2.00811767578125
megabyte1,236,16,2.04046630859375
megabyte1,237,16,1.9404296875
megabyte1,238,16,1.9566650390625
megabyte1,239,16,1.854248046875
megabyte1,240,16,1.4652938842773438
megabyte1,241,16,1.83074951171875
megabyte1,242,16,1.628875732421875
megabyte1,243,16,1.8923759460449219
megabyte1,244,16,1.875946044921875
megabyte1,245,16,1.642822265625
megabyte1,246,16,1.7613296508789062
megabyte1,247,16,1.8011474609375
megabyte1,248,16,1.81707763671875
megabyte1,249,16,1.7596397399902344
megabyte1,250,16,1.91839599609375
megabyte1,251,16,1.8004894256591797
megabyte1,252,16,1.4770441055297852
megabyte1,253,16,1.79315185546875
megabyte1,254,16,1.676177978515625
megabyte1,255,16,1.4959716796875
megabyte1,256,16,1.689361572265625
megabyte1,257,16,1.872283935546875
megabyte1,258,16,1.7349510192871094
megabyte1,259,16,1.855438232421875
megabyte1,260,16,2.052947998046875
megabyte1,261,16,1.5376434326171875
megabyte1,262,16,1.7994384765625
megabyte1,263,16,1.834686279296875
megabyte1,264,16,1.970489501953125
megabyte1,265,16,1.829254150390625
megabyte1,266,16,1.5782699584960938
megabyte1,267,16,1.4442162215709686
megabyte1,268,16,1.841033935546875
megabyte1,269,16,1.717041015625
megabyte1,270,16,1.7720727920532227
megabyte1,271,16,1.71661376953125
megabyte1,272,16,1.85577392578125
megabyte1,273,16,2.0098114013671875
megabyte1,274,16,1.98760986328125
megabyte1,275,16,1.6146240234375
megabyte1,276,16,1.6936211585998535
megabyte1,277,16,1.7520751953125
megabyte1,278,16,1.8116912841796875
megabyte1,279,16,1.5562448501586914
megabyte1,280,16,1.783233642578125
megabyte1,281,16,1.62152099609375
megabyte1,282,16,1.604339599609375
megabyte1,283,16,1.90924072265625
megabyte1,284,16,1.654815673828125
megabyte1,285,16,1.626678228378296
megabyte1,286,16,2.065826416015625
megabyte1,287,16,2.294769287109375
megabyte1,288,16,1.95465087890625
megabyte1,289,16,1.88275146484375
megabyte1,290,16,1.79571533203125
megabyte1,291,16,1.733673095703125
megabyte1,292,16,1.93609619140625
megabyte1,293,16,1.624237060546875
megabyte1,294,16,1.83905029296875
megabyte1,295,16,1.71978759765625
megabyte1,296,16,1.8463134765625
megabyte1,297,16,1.8709716796875
megabyte1,298,16,1.79547119140625
megabyte1,299,16,1.7733154296875
megabyte1,300,16,1.859893798828125
megabyte1,301,16,1.7802734375
megabyte1,302,16,1.8355712890625
megabyte1,303,16,1.8161888122558594
megabyte1,304,16,2.024169921875
megabyte1,305,16,1.578582763671875
megabyte1,306,16,1.7252731323242188
megabyte1,307,16,2.005126953125
megabyte1,308,16,1.3577842712402344
megabyte1,309,16,1.87451171875
megabyte1,310,16,1.85595703125
megabyte1,311,16,1.5533599853515625
megabyte1,312,16,1.5998420715332031
megabyte1,313,16,1.864501953125
megabyte1,314,16,1.877471923828125
megabyte1,315,16,1.681671142578125
megabyte1,316,16,1.645477294921875
megabyte1,317,16,1.842742919921875
megabyte1,318,16,1.5861434936523438
megabyte1,319,16,2.01947021484375
megabyte1,320,16,1.8406524658203125
megabyte1,321,16,1.7462539672851562
megabyte1,322,16,1.90435791015625
megabyte1,323,16,1.82342529296875
megabyte1,324,16,1.43450927734375
megabyte1,325,16,1.553680419921875
megabyte1,326,16,2.16827392578125
megabyte1,327,16,1.932098388671875
megabyte1,328,16,1.891876220703125
megabyte1,329,16,1.6831512451171875
megabyte1,330,16,1.7404632568359375
megabyte1,331,16,2.138946533203125
megabyte1,332,16,1.635406494140625
megabyte1,333,16,1.8072052001953125
megabyte1,334,16,1.7552642822265625
megabyte1,335,16,1.770263671875
megabyte1,336,16,1.530303955078125
megabyte1,337,16,1.944976806640625
megabyte1,338,16,1.6909027099609375
megabyte1,339,16,1.4547042846679688
megabyte1,340,16,1.63372802734375
megabyte1,341,16,1.6803131103515625
megabyte1,342,16,1.71832275390625
megabyte1,343,16,1.74786376953125
megabyte1,344,16,1.895402431488037
megabyte1,345,16,1.91339111328125
megabyte1,346,16,1.895782470703125
megabyte1,347,16,1.7570648193359375
megabyte1,348,16,1.7220025062561035
megabyte1,349,16,1.94586181640625
megabyte1,350,16,1.8931636810302734
megabyte1,351,16,1.6917686462402344
megabyte1,352,16,1.85968017578125
megabyte1,353,16,1.5063819885253906
megabyte1,354,16,2.03485107421875
megabyte1,355,16,1.840850830078125
megabyte1,356,16,1.8486862182617188
megabyte1,357,16,1.5553741455078125
megabyte1,358,16,1.869964599609375
megabyte1,359,16,1.7181663513183594
megabyte1,360,16,1.645596444606781
megabyte1,361,16,1.7169189453125
megabyte1,362,16,1.882293701171875
megabyte1,363,16,1.6919479370117188
megabyte1,364,16,1.724151611328125
megabyte1,365,16,1.6243209838867188
megabyte1,366,16,1.68768310546875
megabyte1,367,16,1.9061431884765625
megabyte1,368,16,2.18719482421875
megabyte1,369,16,1.9854736328125
megabyte1,370,16,1.7901611328125
megabyte1,371,16,1.86700439453125
megabyte1,372,16,1.6807708740234375
megabyte1,373,16,1.665435791015625
megabyte1,374,16,1.810699462890625
megabyte1,375,16,1.6023521423339844
megabyte1,376,16,1.615020751953125
megabyte1,377,16,1.7715072631835938
megabyte1,378,16,1.7017526626586914
megabyte1,379,16,1.779876708984375
megabyte1,380,16,1.521240234375
megabyte1,381,16,1.849609375
megabyte1,382,16,1.541717529296875
megabyte1,383,16,1.72998046875
megabyte1,384,16,1.99420166015625
megabyte1,385,16,1.8057861328125
megabyte1,386,16,1.89141845703125
megabyte1,387,16,1.907073974609375
megabyte1,388,16,1.63970947265625
megabyte1,389,16,1.916656494140625
megabyte1,390,16,1.65350341796875
megabyte1,391,16,1.73333740234375
megabyte1,392,16,1.756439208984375
megabyte1,393,16,1.887481689453125
megabyte1,394,16,1.929595947265625
megabyte1,395,16,2.151885986328125
megabyte1,396,16,1.5565338134765625
megabyte1,397,16,1.734222412109375
megabyte1,398,16,1.5816650390625
megabyte1,399,16,1.639801025390625
megabyte1,400,16,1.7020797729492188
megabyte1,401,16,1.4250354766845703
megabyte1,402,16,1.5908203125
megabyte1,403,16,1.92340087890625
megabyte1,404,16,1.6549072265625
megabyte1,405,16,1.5874786376953125
megabyte1,406,16,1.864166259765625
megabyte1,407,16,1.7127304077148438
megabyte1,408,16,1.61114501953125
megabyte1,409,16,1.4042205810546875
megabyte1,410,16,1.3686637878417969
megabyte1,411,16,1.283216953277588
megabyte1,412,16,1.6588134765625
megabyte1,413,16,1.66912841796875
megabyte1,414,16,1.6288375854492188
megabyte1,415,16,1.6159162521362305
megabyte1,416,16,1.4728460311889648
megabyte1,417,16,1.9214544296264648
megabyte1,418,16,1.6900634765625
megabyte1,419,16,1.473419189453125
megabyte1,420,16,1.380568027496338
megabyte1,421,16,1.84124755859375
megabyte1,422,16,1.7936172485351562
megabyte1,423,16,1.9498710632324219
megabyte1,424,16,1.65911865234375
megabyte1,425,16,1.8940677642822266
megabyte1,426,16,1.7872848510742188
megabyte1,427,16,1.4454345703125
megabyte1,428,16,1.754051685333252
megabyte1,429,16,1.728851318359375
megabyte1,430,16,1.913787841796875
megabyte1,431,16,1.723318099975586
megabyte1,432,16,1.616180419921875
megabyte1,433,16,2.0622024536132812
megabyte1,434,16,1.8419570922851562
megabyte1,435,16,1.845794677734375
megabyte1,436,16,2.00244140625
megabyte1,437,16,1.6426239013671875
megabyte1,438,16,1.65142822265625
megabyte1,439,16,1.56036376953125
megabyte1,440,16,1.741455078125
megabyte1,441,16,1.746124267578125
megabyte1,442,16,1.7614288330078125
megabyte1,443,16,1.6849822998046875
megabyte1,444,16,1.89923095703125
megabyte1,445,16,2.013702392578125
megabyte1,446,16,1.69793701171875
megabyte1,447,16,1.781524658203125
megabyte1,448,16,1.6232757568359375
megabyte1,449,16,1.8538970947265625
megabyte1,450,16,1.47760009765625
megabyte1,451,16,1.73333740234375
megabyte1,452,16,1.5068130493164062
megabyte1,453,16,1.721954345703125
megabyte1,454,16,1.94317626953125
megabyte1,455,16,1.4000396728515625
megabyte1,456,16,1.6294326782226562
megabyte1,457,16,1.8957901000976562
megabyte1,458,16,1.9171524047851562
megabyte1,459,16,1.72857666015625
megabyte1,460,16,1.57354736328125
megabyte1,461,16,1.842254638671875
megabyte1,462,16,1.7779998779296875
megabyte1,463,16,2.118927001953125
megabyte1,464,16,1.4376296997070312
megabyte1,465,16,1.579193115234375
megabyte1,466,16,1.7068023681640625
megabyte1,467,16,1.380849838256836
megabyte1,468,16,1.587294578552246
megabyte1,469,16,1.8393707275390625
megabyte1,470,16,1.6591377258300781
megabyte1,471,16,1.6686668395996094
megabyte1,472,16,1.6679229736328125
megabyte1,473,16,1.9154281616210938
megabyte1,474,16,1.31842041015625
megabyte1,475,16,1.797332763671875
megabyte1,476,16,1.7674560546875
megabyte1,477,16,1.6351318359375
megabyte1,478,16,1.5987682342529297
megabyte1,479,16,1.737457275390625
megabyte1,480,16,2.026763916015625
megabyte1,481,16,1.93865966796875
megabyte1,482,16,1.76025390625
megabyte1,483,16,1.532318115234375
megabyte1,484,16,1.500701904296875
megabyte1,485,16,1.7155914306640625
megabyte1,486,16,1.6662712097167969
megabyte1,487,16,1.456146240234375
megabyte1,488,16,1.57000732421875
megabyte1,489,16,1.9119720458984375
megabyte1,490,16,1.5180816650390625
megabyte1,491,16,1.5418701171875
megabyte1,492,16,1.33184814453125
megabyte1,493,16,1.26361083984375
megabyte1,494,16,1.4947128295898438
megabyte1,495,16,1.4011859893798828
megabyte1,496,16,1.644805908203125
megabyte1,497,16,1.4866409301757812
megabyte1,498,16,1.7644166946411133
megabyte1,499,16,1.5239057540893555
megabyte1,500,16,1.3283100128173828
megabyte1,501,16,1.5876617431640625
megabyte1,502,16,1.7891616821289062
megabyte1,503,16,1.563232421875
megabyte1,504,16,1.5121822357177734
megabyte1,505,16,1.4391899108886719
megabyte1,506,16,1.464848518371582
megabyte1,507,16,1.2507009506225586
megabyte1,508,16,1.4789576530456543
megabyte1,509,16,1.9267144203186035
megabyte1,510,16,1.520216941833496
megabyte1,511,16,1.8834114074707031
megabyte1,512,16,1.6054039001464844
megabyte1,513,16,1.4209685325622559
megabyte1,514,16,1.6549086570739746
megabyte1,515,16,1.520541250705719
megabyte1,516,16,1.9049568176269531
megabyte1,517,16,1.553863525390625
megabyte1,518,16,1.4044088125228882
megabyte1,519,16,1.3226318359375
megabyte1,520,16,1.80126953125
megabyte1,521,16,1.7378787994384766
megabyte1,522,16,1.8314399719238281
megabyte1,523,16,1.572998046875
megabyte1,524,16,1.8261699676513672
megabyte1,525,16,1.7253894805908203
megabyte1,526,16,1.500533103942871
megabyte1,527,16,1.3140168190002441
megabyte1,528,16,1.698974609375
megabyte1,529,16,1.6339111328125
megabyte1,530,16,1.6973953247070312
megabyte1,531,16,1.4625244140625
megabyte1,532,16,1.5035552978515625
megabyte1,533,16,1.6324987411499023
megabyte1,534,16,1.25762939453125
megabyte1,535,16,1.6800689697265625
megabyte1,536,16,1.8182827234268188
megabyte1,537,16,1.8773155212402344
megabyte1,538,16,1.927764892578125
megabyte1,539,16,1.7253870964050293
megabyte1,540,16,1.3985576629638672
megabyte1,541,16,1.6372146606445312
megabyte1,542,16,1.4305319786071777
megabyte1,543,16,1.351932168006897
megabyte1,544,16,1.3828620910644531
megabyte1,545,16,1.5838308334350586
megabyte1,546,16,1.5598249435424805
megabyte1,547,16,1.6940908432006836
megabyte1,548,16,1.790563941001892
megabyte1,549,16,1.2760415077209473
megabyte1,550,16,1.3683900833129883
megabyte1,551,16,1.6594643592834473
megabyte1,552,16,1.253617525100708
megabyte1,553,16,1.591033935546875
megabyte1,554,16,1.371800422668457
megabyte1,555,16,1.6192400455474854
megabyte1,556,16,1.4868476390838623
megabyte1,557,16,1.5998214483261108
megabyte1,558,16,1.38134765625
megabyte1,559,16,1.3887319564819336
megabyte1,560,16,1.1578359603881836
megabyte1,561,16,1.450986385345459
megabyte1,562,16,1.5642099380493164
megabyte1,563,16,1.6434078216552734
megabyte1,564,16,1.5126194953918457
megabyte1,565,16,1.4910297393798828
megabyte1,566,16,1.5268373489379883
megabyte1,567,16,1.5159766674041748
megabyte1,568,16,1.6250264644622803
megabyte1,569,16,1.3039817810058594
megabyte1,570,16,1.759249210357666
megabyte1,571,16,1.253082275390625
megabyte1,572,16,1.5372238159179688
megabyte1,573,16,1.6161317825317383
megabyte1,574,16,1.7316093444824219
megabyte1,575,16,1.3326473236083984
megabyte1,576,16,2.067138671875
megabyte1,577,16,1.7119140625
megabyte1,578,16,1.73394775390625
megabyte1,579,16,1.5781707763671875
megabyte1,580,16,1.3678741455078125
megabyte1,581,16,1.3795852661132812
megabyte1,582,16,1.6246185302734375
megabyte1,583,16,1.6270370483398438
megabyte1,584,16,1.7261810302734375
megabyte1,585,16,1.9638824462890625
megabyte1,586,16,1.5659980773925781
megabyte1,587,16,1.427093505859375
megabyte1,588,16,1.4935855865478516
megabyte1,589,16,1.7318115234375
megabyte1,590,16,1.8775768280029297
megabyte1,591,16,1.2001495361328125
megabyte1,592,16,2.1988606452941895
megabyte1,593,16,1.720489501953125
megabyte1,594,16,1.5242996215820312
megabyte1,595,16,1.411931037902832
megabyte1,596,16,1.7106447219848633
megabyte1,597,16,1.85113525390625
megabyte1,598,16,1.7250595092773438
megabyte1,599,16,1.2342801094055176
megabyte1,600,16,1.9213428497314453
megabyte1,601,16,1.6028022766113281
megabyte1,602,16,1.502686083316803
megabyte1,603,16,1.6996307373046875
megabyte1,604,16,1.3993244171142578
megabyte1,605,16,1.62591552734375
megabyte1,606,16,1.7945928573608398
megabyte1,607,16,1.84051513671875
megabyte1,608,16,1.442511260509491
megabyte1,609,16,1.1926963925361633
megabyte1,610,16,1.8137702941894531
megabyte1,611,16,1.8343744277954102
megabyte1,612,16,1.8188934326171875
megabyte1,613,16,1.7396621704101562
megabyte1,614,16,1.3258843421936035
megabyte1,615,16,1.8252833783626556
megabyte1,616,16,1.8331298828125
megabyte1,617,16,1.5638208389282227
megabyte1,618,16,1.5160255432128906
megabyte1,619,16,1.60577392578125
megabyte1,620,16,1.6586108207702637
megabyte1,621,16,1.562225341796875
megabyte1,622,16,1.5340805053710938
megabyte1,623,16,1.6787872314453125
megabyte1,624,16,1.81610107421875
megabyte1,625,16,2.1249771118164062
megabyte1,626,16,1.423431396484375
megabyte1,627,16,1.770294189453125
megabyte1,628,16,1.4204559326171875
megabyte1,629,16,1.5542678833007812
megabyte1,630,16,1.79180908203125
megabyte1,631,16,1.746795654296875
megabyte1,632,16,1.4663314819335938
megabyte1,633,16,1.2635536193847656
megabyte1,634,16,1.633819580078125
megabyte1,635,16,1.917022705078125
megabyte1,636,16,1.5502166748046875
megabyte1,637,16,1.91094970703125
megabyte1,638,16,2.098663330078125
megabyte1,639,16,1.7385177612304688
megabyte1,640,16,1.598388671875
megabyte1,641,16,1.5695266723632812
megabyte1,642,16,1.40924072265625
megabyte1,643,16,2.09716796875
megabyte1,644,16,1.767364501953125
megabyte1,645,16,1.8824920654296875
megabyte1,646,16,1.816925048828125
megabyte1,647,16,1.7818603515625
megabyte1,648,16,1.86334228515625
megabyte1,649,16,1.6208419799804688
megabyte1,650,16,1.710968017578125
megabyte1,651,16,1.9891204833984375
megabyte1,652,16,1.3685302734375
megabyte1,653,16,1.8341522216796875
megabyte1,654,16,1.573974609375
megabyte1,655,16,1.2650680541992188
megabyte1,656,16,1.6439361572265625
megabyte1,657,16,1.6524124145507812
megabyte1,658,16,2.025177001953125
megabyte1,659,16,1.6817855834960938
megabyte1,660,16,1.820526123046875
megabyte1,661,16,1.742828369140625
megabyte1,662,16,1.343536376953125
megabyte1,663,16,1.94989013671875
megabyte1,664,16,1.8031158447265625
megabyte1,665,16,1.7964248657226562
megabyte1,666,16,1.9773330688476562
megabyte1,667,16,1.48333740234375
megabyte1,668,16,1.9614677429199219
megabyte1,669,16,1.71649169921875
megabyte1,670,16,1.9063720703125
megabyte1,671,16,1.435028076171875
megabyte1,672,16,1.94610595703125
megabyte1,673,16,1.6065673828125
megabyte1,674,16,1.668792724609375
megabyte1,675,16,1.5884017944335938
megabyte1,676,16,1.4937667846679688
megabyte1,677,16,1.704376220703125
megabyte1,678,16,1.830718994140625
megabyte1,679,16,1.7682418823242188
megabyte1,680,16,1.437957763671875
megabyte1,681,16,1.259035587310791
megabyte1,682,16,1.6893596649169922
megabyte1,683,16,2.0553131103515625
megabyte1,684,16,1.808135986328125
megabyte1,685,16,1.886474609375
megabyte1,686,16,1.7891845703125
megabyte1,687,16,1.8163013458251953
megabyte1,688,16,1.6300582885742188
megabyte1,689,16,1.8186836242675781
megabyte1,690,16,1.5647515058517456
megabyte1,691,16,1.6181182861328125
megabyte1,692,16,1.5626068115234375
megabyte1,693,16,1.2199091911315918
megabyte1,694,16,1.5803375244140625
megabyte1,695,16,1.5270490646362305
megabyte1,696,16,1.5029910802841187
megabyte1,697,16,1.6518096923828125
megabyte1,698,16,1.635162353515625
megabyte1,699,16,1.5098934173583984
megabyte1,700,16,1.5764083862304688
megabyte1,701,16,1.3735342025756836
megabyte1,702,16,1.367994785308838
megabyte1,703,16,1.4003276824951172
megabyte1,704,16,1.5866460800170898
megabyte1,705,16,1.4019441604614258
megabyte1,706,16,1.6466922760009766
megabyte1,707,16,2.09783935546875
megabyte1,708,16,1.2895050048828125
megabyte1,709,16,1.8069915771484375
megabyte1,710,16,1.3437252044677734
megabyte1,711,16,1.6875214576721191
megabyte1,712,16,1.0780096054077148
megabyte1,713,16,1.6436006128787994
megabyte1,714,16,1.623870849609375
megabyte1,715,16,1.95928955078125
megabyte1,716,16,2.090461254119873
megabyte1,717,16,1.4352951049804688
megabyte1,718,16,1.4604854583740234
megabyte1,719,16,1.3916654586791992
megabyte1,720,16,1.4793081283569336
megabyte1,721,16,2.2271156311035156
megabyte1,722,16,1.7378616333007812
megabyte1,723,16,1.6318111419677734
megabyte1,724,16,1.844970703125
megabyte1,725,16,1.5233325958251953
megabyte1,726,16,1.496683120727539
megabyte1,727,16,1.6251182556152344
megabyte1,728,16,1.62030029296875
megabyte1,729,16,1.553917407989502
megabyte1,730,16,1.3588199615478516
megabyte1,731,16,1.6986083984375
megabyte1,732,16,1.2801933288574219
megabyte1,733,16,1.7308580875396729
megabyte1,734,16,1.92315673828125
megabyte1,735,16,1.4827957153320312
megabyte1,736,16,1.8502579927444458
megabyte1,737,16,1.717215657234192
megabyte1,738,16,1.4055744409561157
megabyte1,739,16,1.9782791137695312
megabyte1,740,16,2.145658016204834
megabyte1,741,16,1.2776453495025635
megabyte1,742,16,1.7109870910644531
megabyte1,743,16,1.7748546600341797
megabyte1,744,16,1.3524842262268066
megabyte1,745,16,1.9840354919433594
megabyte1,746,16,1.3801765441894531
megabyte1,747,16,1.537562370300293
megabyte1,748,16,1.216714859008789
megabyte1,749,16,1.6849784851074219
megabyte1,750,16,1.6458892822265625
megabyte1,751,16,1.73699951171875
megabyte1,752,16,1.4282855987548828
megabyte1,753,16,1.4891176223754883
megabyte1,754,16,1.4378166198730469
megabyte1,755,16,1.5473709106445312
megabyte1,756,16,1.5814838409423828
megabyte1,757,16,1.231109619140625
megabyte1,758,16,1.51068115234375
megabyte1,759,16,1.4528188705444336
megabyte1,760,16,1.4792633056640625
megabyte1,761,16,1.73223876953125
megabyte1,762,16,1.396590232849121
megabyte1,763,16,1.6268310546875
megabyte1,764,16,1.751800537109375
megabyte1,765,16,1.9156570434570312
megabyte1,766,16,1.508941650390625
megabyte1,767,16,1.2148551940917969
megabyte1,768,16,1.846588134765625
megabyte1,769,16,1.801971435546875
megabyte1,770,16,1.933197021484375
megabyte1,771,16,1.784092903137207
megabyte1,772,16,1.534759521484375
megabyte1,773,16,1.6489906311035156
megabyte1,774,16,1.1718387603759766
megabyte1,775,16,1.6623802185058594
megabyte1,776,16,1.5876197814941406
megabyte1,777,16,1.6306133270263672
megabyte1,778,16,1.4596519470214844
megabyte1,779,16,1.6117820739746094
megabyte1,780,16,1.6313910484313965
megabyte1,781,16,1.4266510009765625
megabyte1,782,16,1.4471702575683594
megabyte1,783,16,1.2816252708435059
megabyte1,784,16,1.1655818223953247
megabyte1,785,16,1.1803345680236816
megabyte1,786,16,1.3698976039886475
megabyte1,787,16,1.415374755859375
megabyte1,788,16,1.395660400390625
megabyte1,789,16,1.340921401977539
megabyte1,790,16,1.5654067993164062
megabyte1,791,16,1.5888214111328125
megabyte1,792,16,1.7109126448631287
megabyte1,793,16,1.4058837890625
megabyte1,794,16,1.4238792657852173
megabyte1,795,16,1.6862945556640625
megabyte1,796,16,1.4102554321289062
megabyte1,797,16,2.0190811157226562
megabyte1,798,16,1.4354066848754883
megabyte1,799,16,1.923553466796875
megabyte1,800,16,1.4550323486328125
megabyte1,801,16,1.5761756896972656
megabyte1,802,16,1.4549560546875
megabyte1,803,16,1.651280403137207
megabyte1,804,16,1.3698463439941406
megabyte1,805,16,1.9498424530029297
megabyte1,806,16,1.3422433137893677
megabyte1,807,16,1.493356704711914
megabyte1,808,16,1.6048736572265625
megabyte1,809,16,1.8242721557617188
megabyte1,810,16,1.5947747230529785
megabyte1,811,16,1.796905517578125
megabyte1,812,16,1.6833419799804688
megabyte1,813,16,2.0277252197265625
megabyte1,814,16,1.311370849609375
megabyte1,815,16,1.783905029296875
megabyte1,816,16,1.5792598724365234
megabyte1,817,16,1.3846435546875
megabyte1,818,16,1.86669921875
megabyte1,819,16,1.4106521606445312
megabyte1,820,16,1.7354278564453125
megabyte1,821,16,1.5445938110351562
megabyte1,822,16,1.5665094554424286
megabyte1,823,16,1.4283015727996826
megabyte1,824,16,1.4570502042770386
megabyte1,825,16,2.118194580078125
megabyte1,826,16,1.5991973876953125
megabyte1,827,16,1.4828956127166748
megabyte1,828,16,1.4772412776947021
megabyte1,829,16,1.595777988433838
megabyte1,830,16,1.28033447265625
megabyte1,831,16,1.337754249572754
megabyte1,832,16,1.7179641723632812
megabyte1,833,16,1.716073989868164
megabyte1,834,16,1.6348228454589844
megabyte1,835,16,1.4188613891601562
megabyte1,836,16,1.530914306640625
megabyte1,837,16,1.90472412109375
megabyte1,838,16,1.8730483055114746
megabyte1,839,16,1.8501434326171875
megabyte1,840,16,1.2459716796875
megabyte1,841,16,1.869222640991211
megabyte1,842,16,1.7197704315185547
megabyte1,843,16,1.3168880939483643
megabyte1,844,16,1.553389072418213
megabyte1,845,16,1.56829833984375
megabyte1,846,16,1.536241054534912
megabyte1,847,16,2.153594970703125
megabyte1,848,16,1.624176025390625
megabyte1,849,16,1.6396564245224
megabyte1,850,16,1.4484519958496094
megabyte1,851,16,1.584075927734375
megabyte1,852,16,1.8554630279541016
megabyte1,853,16,1.8307342529296875
megabyte1,854,16,1.665008544921875
megabyte1,855,16,1.486203908920288
megabyte1,856,16,1.5971046686172485
megabyte1,857,16,1.6338558197021484
megabyte1,858,16,1.6485235691070557
megabyte1,859,16,1.6480522155761719
megabyte1,860,16,1.6169624328613281
megabyte1,861,16,1.503562092781067
megabyte1,862,16,1.6665763854980469
megabyte1,863,16,1.2342910766601562
megabyte1,864,16,1.7427825927734375
megabyte1,865,16,2.069580078125
megabyte1,866,16,1.853240966796875
megabyte1,867,16,1.75701904296875
megabyte1,868,16,1.857452392578125
megabyte1,869,16,1.754241943359375
megabyte1,870,16,1.512753963470459
megabyte1,871,16,1.3724563121795654
megabyte1,872,16,1.2588715553283691
megabyte1,873,16,1.587956428527832
megabyte1,874,16,1.4310188293457031
megabyte1,875,16,1.969635009765625
megabyte1,876,16,1.7150115966796875
megabyte1,877,16,1.552520751953125
megabyte1,878,16,1.699824333190918
megabyte1,879,16,1.8739242553710938
megabyte1,880,16,1.5941925048828125
megabyte1,881,16,1.7654972076416016
megabyte1,882,16,1.6424331665039062
megabyte1,883,16,2.0975341796875
megabyte1,884,16,1.6925506591796875
megabyte1,885,16,1.4918060302734375
megabyte1,886,16,1.3276023864746094
megabyte1,887,16,1.8726539611816406
megabyte1,888,16,1.7647018432617188
megabyte1,889,16,1.2179465293884277
megabyte1,890,16,1.2136263847351074
megabyte1,891,16,1.6542763710021973
megabyte1,892,16,1.4982843399047852
megabyte1,893,16,1.5710029602050781
megabyte1,894,16,1.7478981018066406
megabyte1,895,16,1.6290035247802734
megabyte1,896,16,1.3624649047851562
megabyte1,897,16,1.5254955291748047
megabyte1,898,16,1.2811897248029709
megabyte1,899,16,1.5330352783203125
megabyte1,900,16,1.113626480102539
megabyte1,901,16,1.18109130859375
megabyte1,902,16,1.5303668975830078
megabyte1,903,16,1.5390640497207642
megabyte1,904,16,1.6182920932769775
megabyte1,905,16,1.7334532737731934
megabyte1,906,16,1.7610549926757812
megabyte1,907,16,1.6242694854736328
megabyte1,908,16,1.4434432983398438
megabyte1,909,16,2.1879825592041016
megabyte1,910,16,1.6469287872314453
megabyte1,911,16,1.85565185546875
megabyte1,912,16,1.3641815185546875
megabyte1,913,16,1.3222614973783493
megabyte1,914,16,1.3892593383789062
megabyte1,915,16,1.1894874572753906
megabyte1,916,16,1.2836403846740723
megabyte1,917,16,1.608694076538086
megabyte1,918,16,1.5365753173828125
megabyte1,919,16,2.008120536804199
megabyte1,920,16,1.579111099243164
megabyte1,921,16,1.606326699256897
megabyte1,922,16,1.533294677734375
megabyte1,923,16,1.7796669006347656
megabyte1,924,16,1.506342887878418
megabyte1,925,16,1.4247397184371948
megabyte1,926,16,2.1286773681640625
megabyte1,927,16,1.4605836868286133
megabyte1,928,16,1.718048095703125
megabyte1,929,16,1.4371566772460938
megabyte1,930,16,1.6005706787109375
megabyte1,931,16,1.4500179290771484
megabyte1,932,16,1.6569905281066895
megabyte1,933,16,1.7404706478118896
megabyte1,934,16,2.21038818359375
megabyte1,935,16,1.2435359954833984
megabyte1,936,16,1.4674291610717773
megabyte1,937,16,1.6385498046875
megabyte1,938,16,1.5837936401367188
megabyte1,939,16,1.3526325225830078
megabyte1,940,16,1.4201736450195312
megabyte1,941,16,1.7060070037841797
megabyte1,942,16,1.3891619443893433
megabyte1,943,16,1.1475830078125
megabyte1,944,16,1.9477100372314453
megabyte1,945,16,1.779299259185791
megabyte1,946,16,1.5915117263793945
megabyte1,947,16,1.4011421203613281
megabyte1,948,16,1.5022464394569397
megabyte1,949,16,1.949127197265625
megabyte1,950,16,1.945556640625
megabyte1,951,16,1.7594451904296875
megabyte1,952,16,1.6990947723388672
megabyte1,953,16,1.841414213180542
megabyte1,954,16,1.5926259756088257
megabyte1,955,16,1.5722770690917969
megabyte1,956,16,1.5803050994873047
megabyte1,957,16,1.9863076508045197
megabyte1,958,16,1.1381912231445312
megabyte1,959,16,1.4394619464874268
megabyte1,960,16,2.02337646484375
megabyte1,961,16,1.953704833984375
megabyte1,962,16,1.42132568359375
megabyte1,963,16,1.76971435546875
megabyte1,964,16,1.595001220703125
megabyte1,965,16,1.3698463439941406
megabyte1,966,16,1.94390869140625
megabyte1,967,16,2.131591796875
megabyte1,968,16,1.6820831298828125
megabyte1,969,16,1.6175384521484375
megabyte1,970,16,1.81915283203125
megabyte1,971,16,1.874969482421875
megabyte1,972,16,1.1846199035644531
megabyte1,973,16,1.6159934997558594
megabyte1,974,16,1.490936279296875
megabyte1,975,16,1.7129364013671875
megabyte1,976,16,1.5391845703125
megabyte1,977,16,1.747314453125
megabyte1,978,16,1.8510894775390625
megabyte1,979,16,1.8389892578125
megabyte1,980,16,1.5555267333984375
megabyte1,981,16,1.588226318359375
megabyte1,982,16,1.659393310546875
megabyte1,983,16,1.863525390625
megabyte1,984,16,1.6688232421875
megabyte1,985,16,1.584150791168213
megabyte1,986,16,1.5719490051269531
megabyte1,987,16,1.7001018524169922
megabyte1,988,16,1.6240692138671875
megabyte1,989,16,1.885650634765625
megabyte1,990,16,1.6772727966308594
megabyte1,991,16,1.5370025634765625
megabyte1,992,16,1.5786247253417969
megabyte1,993,16,1.7804718017578125
megabyte1,994,16,2.22857666015625
megabyte1,995,16,1.83697509765625
megabyte1,996,16,1.5499534606933594
megabyte1,997,16,1.8030853271484375
megabyte1,998,16,1.6780014038085938
megabyte1,999,16,1.7691587209701538
megabyte1,1000,16,1.2883048057556152
megabyte1,1001,16,1.7910270690917969
megabyte1,1002,16,1.307586669921875
megabyte1,1003,16,1.900848388671875
megabyte1,1004,16,1.7336101531982422
megabyte1,1005,16,1.6580944061279297
megabyte1,1006,16,1.392049789428711
megabyte1,1007,16,1.7757720947265625
megabyte1,1008,16,1.5275444984436035
megabyte1,1009,16,1.3297579288482666
megabyte1,1010,16,1.9931468963623047
megabyte1,1011,16,1.099151611328125
megabyte1,1012,16,1.4523048400878906
megabyte1,1013,16,1.1836891174316406
megabyte1,1014,16,1.5297150611877441
megabyte1,1015,16,1.5074729919433594
megabyte1,1016,16,1.838775634765625
megabyte1,1017,16,1.5617815256118774
megabyte1,1018,16,1.7636862844228745
megabyte1,1019,16,1.4226455688476562
megabyte1,1020,16,1.710909515619278
megabyte1,1021,16,1.6879913806915283
megabyte1,1022,16,1.9510955810546875
megabyte1,1023,16,1.4364471435546875
megabyte1,1024,16,1.477142333984375
megabyte1,1025,16,1.237762451171875
megabyte1,1026,16,1.4736194610595703
megabyte1,1027,16,1.5595331192016602
megabyte1,1028,16,1.5243253707885742
megabyte1,1029,16,1.3554120063781738
megabyte1,1030,16,1.5590057373046875
megabyte1,1031,16,1.3429088592529297
megabyte1,1032,16,1.084120273590088
megabyte1,1033,16,1.6088818907737732
megabyte1,1034,16,1.4452896118164062
megabyte1,1035,16,1.7402420043945312
megabyte1,1036,16,1.5011444091796875
megabyte1,1037,16,1.239044189453125
megabyte1,1038,16,1.6762021780014038
megabyte1,1039,16,1.5255603790283203
megabyte1,1040,16,1.5976619720458984
megabyte1,1041,16,1.8000577092170715
megabyte1,1042,16,1.3189947009086609
megabyte1,1043,16,1.3409500122070312
megabyte1,1044,16,1.4113103747367859
megabyte1,1045,16,1.3395713567733765
megabyte1,1046,16,1.418144702911377
megabyte1,1047,16,1.4404621124267578
megabyte1,1048,16,1.3831863403320312
megabyte1,1049,16,1.4108543395996094
megabyte1,1050,16,1.217458724975586
megabyte1,1051,16,1.4304919242858887
megabyte1,1052,16,1.395416259765625
megabyte1,1053,16,1.297813892364502
megabyte1,1054,16,1.4404754638671875
megabyte1,1055,16,1.8780670166015625
megabyte1,1056,16,1.713592529296875
megabyte1,1057,16,1.597869873046875
megabyte1,1058,16,2.11639404296875
megabyte1,1059,16,1.67864990234375
megabyte1,1060,16,1.6125907897949219
megabyte1,1061,16,2.0572357177734375
megabyte1,1062,16,1.4692878723144531
megabyte1,1063,16,1.8504638671875
megabyte1,1064,16,2.0102386474609375
megabyte1,1065,16,1.4805755615234375
megabyte1,1066,16,1.9485626220703125
megabyte1,1067,16,1.4589881896972656
megabyte1,1068,16,2.0312318801879883
megabyte1,1069,16,1.3378219604492188
megabyte1,1070,16,1.47314453125
megabyte1,1071,16,1.554947853088379
megabyte1,1072,16,1.7417575120925903
megabyte1,1073,16,1.4729690551757812
megabyte1,1074,16,1.519195556640625
megabyte1,1075,16,1.5389404296875
megabyte1,1076,16,1.4980525970458984
megabyte1,1077,16,1.5892744064331055
megabyte1,1078,16,1.4674835205078125
megabyte1,1079,16,1.304443359375
megabyte1,1080,16,1.4859999120235443
megabyte1,1081,16,1.727186679840088
megabyte1,1082,16,1.750748634338379
megabyte1,1083,16,1.765716552734375
megabyte1,1084,16,1.382950782775879
megabyte1,1085,16,1.820119857788086
megabyte1,1086,16,1.6237783432006836
megabyte1,1087,16,1.4474945068359375
megabyte1,1088,16,1.6553082466125488
megabyte1,1089,16,1.772106647491455
megabyte1,1090,16,1.696685791015625
megabyte1,1091,16,2.25048828125
megabyte1,1092,16,1.2662759125232697
megabyte1,1093,16,1.6950281858444214
megabyte1,1094,16,2.1480560302734375
megabyte1,1095,16,1.938863754272461
megabyte1,1096,16,1.650848388671875
megabyte1,1097,16,1.6185455322265625
megabyte1,1098,16,1.783710289746523
megabyte1,1099,16,1.551307201385498
megabyte1,1100,16,1.7167320251464844
megabyte1,1101,16,1.633328378200531
megabyte1,1102,16,1.3801727294921875
megabyte1,1103,16,1.5765228271484375
megabyte1,1104,16,1.4491020143032074
megabyte1,1105,16,1.3927365243434906
megabyte1,1106,16,1.6441230773925781
megabyte1,1107,16,1.7580981254577637
megabyte1,1108,16,1.3941192626953125
megabyte1,1109,16,1.4496536254882812
megabyte1,1110,16,1.4448585510253906
megabyte1,1111,16,1.5888290405273438
megabyte1,1112,16,1.3957023620605469
megabyte1,1113,16,1.70709228515625
megabyte1,1114,16,1.625
megabyte1,1115,16,1.6187057495117188
megabyte1,1116,16,1.6919341087341309
megabyte1,1117,16,1.97027587890625
megabyte1,1118,16,1.7942237854003906
megabyte1,1119,16,1.5132083892822266
megabyte1,1120,16,1.626068115234375
megabyte1,1121,16,1.717010498046875
megabyte1,1122,16,1.678100347518921
megabyte1,1123,16,1.6725616455078125
megabyte1,1124,16,1.6077709197998047
megabyte1,1125,16,1.7524871826171875
megabyte1,1126,16,1.4662284851074219
megabyte1,1127,16,1.4223785400390625
megabyte1,1128,16,1.954219490289688
megabyte1,1129,16,1.3805713653564453
megabyte1,1130,16,1.568507194519043
megabyte1,1131,16,1.6542986631393433
megabyte1,1132,16,1.870452880859375
megabyte1,1133,16,1.8988037109375
megabyte1,1134,16,1.5434722900390625
megabyte1,1135,16,1.8264180421829224
megabyte1,1136,16,1.687286376953125
megabyte1,1137,16,1.6432323455810547
megabyte1,1138,16,1.5163421630859375
megabyte1,1139,16,1.5101776123046875
megabyte1,1140,16,1.942840576171875
megabyte1,1141,16,1.8253173828125
megabyte1,1142,16,1.6700668334960938
megabyte1,1143,16,1.8032455444335938
megabyte1,1144,16,1.3739242553710938
megabyte1,1145,16,1.901397705078125
megabyte1,1146,16,2.1959075927734375
megabyte1,1147,16,1.3788223266601562
megabyte1,1148,16,1.3979301452636719
megabyte1,1149,16,1.7972412109375
megabyte1,1150,16,1.6141548156738281
megabyte1,1151,16,1.6689910888671875
megabyte1,1152,16,1.613739013671875
megabyte1,1153,16,1.884063720703125
megabyte1,1154,16,2.08892822265625
megabyte1,1155,16,1.63104248046875
megabyte1,1156,16,1.639984130859375
megabyte1,1157,16,1.6634521484375
megabyte1,1158,16,1.617919921875
megabyte1,1159,16,1.4482421875
megabyte1,1160,16,1.91375732421875
megabyte1,1161,16,1.725250244140625
megabyte1,1162,16,1.772674560546875
megabyte1,1163,16,1.980224609375
megabyte1,1164,16,1.5810699462890625
megabyte1,1165,16,1.3444290161132812
megabyte1,1166,16,1.678131103515625
megabyte1,1167,16,1.4352917671203613
megabyte1,1168,16,1.751044750213623
megabyte1,1169,16,1.7204704284667969
megabyte1,1170,16,1.593353271484375
megabyte1,1171,16,1.549790382385254
megabyte1,1172,16,1.6293678283691406
megabyte1,1173,16,1.4239578247070312
megabyte1,1174,16,1.938206672668457
megabyte1,1175,16,1.4875526428222656
megabyte1,1176,16,1.35784912109375
megabyte1,1177,16,1.8590831756591797
megabyte1,1178,16,1.5208911895751953
megabyte1,1179,16,1.3312759399414062
megabyte1,1180,16,1.7275848388671875
megabyte1,1181,16,1.9417364597320557
megabyte1,1182,16,2.2821044921875
megabyte1,1183,16,1.724212646484375
megabyte1,1184,16,1.6701202392578125
megabyte1,1185,16,2.080906867980957
megabyte1,1186,16,2.1289329528808594
megabyte1,1187,16,1.4018096923828125
megabyte1,1188,16,1.7513275146484375
megabyte1,1189,16,1.3990936279296875
megabyte1,1190,16,1.6644439697265625
megabyte1,1191,16,1.48291015625
megabyte1,1192,16,1.3931884765625
megabyte1,1193,16,1.46875
megabyte1,1194,16,1.5106048583984375
megabyte1,1195,16,1.5281219482421875
megabyte1,1196,16,1.5561637878417969
megabyte1,1197,16,1.6331782341003418
megabyte1,1198,16,1.4990386962890625
megabyte1,1199,16,1.873870849609375
megabyte1,1200,16,1.3867225646972656
megabyte1,1201,16,2.075794219970703
megabyte1,1202,16,1.7744293212890625
megabyte1,1203,16,1.3456611633300781
megabyte1,1204,16,1.954345703125
megabyte1,1205,16,1.947723388671875
megabyte1,1206,16,1.5647506713867188
megabyte1,1207,16,1.9830322265625
megabyte1,1208,16,1.5814666748046875
megabyte1,1209,16,1.679901123046875
megabyte1,1210,16,1.8263397216796875
megabyte1,1211,16,1.5112457275390625
megabyte1,1212,16,1.943328857421875
megabyte1,1213,16,1.7558441162109375
megabyte1,1214,16,1.7271084785461426
megabyte1,1215,16,1.4779574275016785
megabyte1,1216,16,1.2730789184570312
megabyte1,1217,16,1.9929046630859375
megabyte1,1218,16,1.9493865966796875
megabyte1,1219,16,1.6117172241210938
megabyte1,1220,16,1.819854736328125
megabyte1,1221,16,1.697713851928711
megabyte1,1222,16,1.4471797943115234
megabyte1,1223,16,1.43341064453125
megabyte1,1224,16,1.2117857933044434
megabyte1,1225,16,1.2499513626098633
megabyte1,1226,16,1.4312496185302734
megabyte1,1227,16,1.4715642929077148
megabyte1,1228,16,1.0067769289016724
megabyte1,1229,16,1.46038818359375
megabyte1,1230,16,1.3955459594726562
megabyte1,1231,16,1.6099090576171875
megabyte1,1232,16,1.9204025268554688
megabyte1,1233,16,2.111177444458008
megabyte1,1234,16,1.4703980088233948
megabyte1,1235,16,1.5815353393554688
megabyte1,1236,16,1.3397608697414398
megabyte1,1237,16,1.3859876096248627
megabyte1,1238,16,2.01165771484375
megabyte1,1239,16,1.747053623199463
megabyte1,1240,16,1.2335574626922607
megabyte1,1241,16,1.6108741760253906
megabyte1,1242,16,1.9070254564285278
megabyte1,1243,16,1.4115779399871826
megabyte1,1244,16,1.4977569580078125
megabyte1,1245,16,1.793670654296875
megabyte1,1246,16,1.4908733367919922
megabyte1,1247,16,1.732686996459961
megabyte1,1248,16,1.85302734375
megabyte1,1249,16,1.85198974609375
megabyte1,1250,16,1.8466796875
megabyte1,1251,16,1.6253585815429688
megabyte1,1252,16,1.6865234375
megabyte1,1253,16,1.7056121826171875
megabyte1,1254,16,1.3736742734909058
megabyte1,1255,16,1.9052705764770508
megabyte1,1256,16,1.6219902038574219
megabyte1,1257,16,1.623366355895996
megabyte1,1258,16,1.4530792236328125
megabyte1,1259,16,1.8396530151367188
megabyte1,1260,16,1.3911590576171875
megabyte1,1261,16,1.708709716796875
megabyte1,1262,16,1.5716400146484375
megabyte1,1263,16,1.7337818145751953
megabyte1,1264,16,1.63543701171875
megabyte1,1265,16,1.3845596313476562
megabyte1,1266,16,1.1699857711791992
megabyte1,1267,16,1.5807380676269531
megabyte1,1268,16,1.1482553482055664
megabyte1,1269,16,1.6611881256103516
megabyte1,1270,16,1.5298490524291992
megabyte1,1271,16,1.6333084106445312
megabyte1,1272,16,1.7011163234710693
megabyte1,1273,16,1.4850997924804688
megabyte1,1274,16,1.62396240234375
megabyte1,1275,16,1.5231504440307617
megabyte1,1276,16,1.4456896781921387
megabyte1,1277,16,1.2582406997680664
megabyte1,1278,16,1.9607162475585938
megabyte1,1279,16,1.795989990234375
megabyte1,1280,16,1.6074142456054688
megabyte1,1281,16,1.6087613105773926
megabyte1,1282,16,1.1369781494140625
megabyte1,1283,16,1.6840572357177734
megabyte1,1284,16,1.6109504699707031
megabyte1,1285,16,1.754781723022461
megabyte1,1286,16,1.5509033203125
megabyte1,1287,16,1.4913554191589355
megabyte1,1288,16,1.9849662780761719
megabyte1,1289,16,1.3710670471191406
megabyte1,1290,16,1.2175006866455078
megabyte1,1291,16,1.6500892639160156
megabyte1,1292,16,1.5001548528671265
megabyte1,1293,16,1.323628306388855
megabyte1,1294,16,1.739855021238327
megabyte1,1295,16,1.4792001247406006
megabyte1,1296,16,1.5991106033325195
megabyte1,1297,16,1.667038083076477
megabyte1,1298,16,1.4085693359375
megabyte1,1299,16,1.6391525268554688
megabyte1,1300,16,2.1650390625
megabyte1,1301,16,1.927734375
megabyte1,1302,16,1.2734489440917969
megabyte1,1303,16,1.658966064453125
megabyte1,1304,16,1.6425495147705078
megabyte1,1305,16,1.6753203868865967
megabyte1,1306,16,1.588409423828125
megabyte1,1307,16,1.6027450561523438
megabyte1,1308,16,1.5735833644866943
megabyte1,1309,16,1.4580192565917969
megabyte1,1310,16,1.3545951843261719
megabyte1,1311,16,1.6989173889160156
megabyte1,1312,16,1.68145751953125
megabyte1,1313,16,1.777252197265625
megabyte1,1314,16,1.440164566040039
megabyte1,1315,16,1.817108154296875
megabyte1,1316,16,1.4681854248046875
megabyte1,1317,16,1.5440444946289062
megabyte1,1318,16,1.9632568359375
megabyte1,1319,16,1.7660255432128906
megabyte1,1320,16,1.7651993036270142
megabyte1,1321,16,1.9030706882476807
megabyte1,1322,16,1.9282112121582031
megabyte1,1323,16,2.299041748046875
megabyte1,1324,16,1.434661865234375
megabyte1,1325,16,1.7069339752197266
megabyte1,1326,16,1.4805107116699219
megabyte1,1327,16,1.696340560913086
megabyte1,1328,16,1.712493896484375
megabyte1,1329,16,1.7980766296386719
megabyte1,1330,16,1.6203932762145996
megabyte1,1331,16,1.882110595703125
megabyte1,1332,16,1.9040489196777344
megabyte1,1333,17,1.6966660443474264
megabyte1,1334,17,1.5071375229779411
megabyte1,1335,17,1.3910594267003678
megabyte1,1336,17,1.7018199247472428
megabyte1,1337,17,1.5935202205882353
megabyte1,1338,17,1.9322078929227942
megabyte1,1339,17,1.4358376895680147
megabyte1,1340,17,1.331098668715533
megabyte1,1341,17,1.5478715335621553
megabyte1,1342,17,1.5517129337086397
megabyte1,1343,17,1.5301172593060661
megabyte1,1344,17,1.704934512867647
megabyte1,1345,17,1.9770795036764706
megabyte1,1346,17,1.8776424632352942
megabyte1,1347,17,1.3230106129365808
megabyte1,1348,17,1.3799384622012867
megabyte1,1349,17,1.7028521369485294
megabyte1,1350,17,1.5606393253102022
megabyte1,1351,17,1.5672248391544117
megabyte1,1352,17,1.5613870059742647
megabyte1,1353,17,1.6206916360294117
megabyte1,1354,17,1.5487132352941178
megabyte1,1355,17,1.7565846162683822
megabyte1,1356,17,1.7125136431525736
megabyte1,1357,17,1.6476404526654411
megabyte1,1358,17,1.8809383616727942
megabyte1,1359,17,1.4668956083409928
megabyte1,1360,17,1.5004389145795036
megabyte1,1361,17,2.0324563419117645
megabyte1,1362,17,1.6252979951746322
megabyte1,1363,17,2.0428538602941178
megabyte1,1364,17,1.7403097713694853
megabyte1,1365,17,1.3675869212431067
megabyte1,1366,17,1.494978063246783
megabyte1,1367,17,1.6649932861328125
megabyte1,1368,17,1.5159481272977942
megabyte1,1369,17,1.6547658583697151
megabyte1,1370,17,1.5855425666360294
megabyte1,1371,17,1.2359960219439339
megabyte1,1372,17,1.4293769387637867
megabyte1,1373,17,1.598920934340533
megabyte1,1374,17,1.6854211021872127
megabyte1,1375,17,1.5131423052619486
megabyte1,1376,17,1.3671955781824447
megabyte1,1377,17,1.5793600643382353
megabyte1,1378,17,1.3797308977912455
megabyte1,1379,17,1.4045948701746322
megabyte1,1380,17,1.7642269134521484
megabyte1,1381,17,1.3833638920503504
megabyte1,1382,17,1.4191355985753678
megabyte1,1383,17,1.2182841581456803
megabyte1,1384,17,1.432105821721694
megabyte1,1385,17,1.6669222887824564
megabyte1,1386,17,1.6353979671702665
megabyte1,1387,17,1.7308942009420956
megabyte1,1388,17,1.2119365299449247
megabyte1,1389,17,1.6213771595674402
megabyte1,1390,17,1.6053646312040442
megabyte1,1391,17,1.7857983533073873
megabyte1,1392,17,1.593911563648897
megabyte1,1393,17,1.5701652975643383
megabyte1,1394,17,1.4410956887637867
megabyte1,1395,17,1.5893895766314339
megabyte1,1396,17,1.7323787913602942
megabyte1,1397,17,1.3978917738970589
megabyte1,1398,17,1.195852840647978
megabyte1,1399,17,1.4950741038602942
megabyte1,1400,17,1.4018555809469784
megabyte1,1401,17,1.8434458900900448
megabyte1,1402,17,1.617095947265625
megabyte1,1403,17,1.5216118307674633
megabyte1,1404,17,1.5640797334558822
megabyte1,1405,17,1.9415355009191178
megabyte1,1406,17,1.5848714043112362
megabyte1,1407,17,1.8733340992647058
megabyte1,1408,17,1.5847742417279411
megabyte1,1409,17,1.4469640395220589
megabyte1,1410,17,1.699624454273897
megabyte1,1411,17,1.862801944508272
megabyte1,1412,17,1.9094767850988053
megabyte1,1413,17,1.4214517368989832
megabyte1,1414,17,1.5389296587775736
megabyte1,1415,17,1.3618953929227942
megabyte1,1416,17,1.4995002746582031
megabyte1,1417,17,1.8956176252926098
megabyte1,1418,17,1.5574161305147058
megabyte1,1419,17,1.1196881462545956
megabyte1,1420,17,1.7149514590992647
megabyte1,1421,17,1.5282090130974264
megabyte1,1422,17,1.790131737204159
megabyte1,1423,17,1.8195136575137867
megabyte1,1424,17,1.6029016831341911
megabyte1,1425,17,1.994241153492647
megabyte1,1426,17,2.156179989085478
megabyte1,1427,17,1.668130313648897
megabyte1,1428,17,1.7976929580464083
megabyte1,1429,17,1.695878870346967
megabyte1,1430,17,1.4536581600413603
megabyte1,1431,17,2.005514705882353
megabyte1,1432,17,1.5155603745404411
megabyte1,1433,17,1.5101336310891544
megabyte1,1434,17,1.8526431812959558
megabyte1,1435,17,1.7653467514935661
megabyte1,1436,17,1.3440444048713236
megabyte1,1437,17,1.354705810546875
megabyte1,1438,17,1.7882798138786764
megabyte1,1439,17,1.2733226102941178
megabyte1,1440,17,1.6059139476102942
megabyte1,1441,17,1.9477251838235294
megabyte1,1442,17,1.7652228860294117
megabyte1,1443,17,1.8434807272518383
megabyte1,1444,17,1.88671875
megabyte1,1445,17,1.727987850413603
megabyte1,1446,17,1.5192817239200367
megabyte1,1447,17,1.6299492331112133
megabyte1,1448,17,1.3974423128015854
megabyte1,1449,17,1.5261876723345589
megabyte1,1450,17,1.7234676585477942
megabyte1,1451,17,1.931401757632985
megabyte1,1452,17,1.9268044864430147
megabyte1,1453,17,1.8186726289636947
megabyte1,1454,17,1.825049456428079
megabyte1,1455,17,1.5304928947897518
megabyte1,1456,17,1.4910161635454964
megabyte1,1457,17,1.5534050885368795
megabyte1,1458,17,1.6802045036764706
megabyte1,1459,17,1.8296149758731617
megabyte1,1460,17,2.0837761374080883
megabyte1,1461,17,1.5964149026309742
megabyte1,1462,17,1.8822138169232536
megabyte1,1463,17,1.5603538961971508
megabyte1,1464,17,1.4780410598306095
megabyte1,1465,17,1.3587215647977942
megabyte1,1466,17,1.7004825367647058
megabyte1,1467,17,1.6625823974609375
megabyte1,1468,17,1.7283814374138327
megabyte1,1469,17,1.5246438419117647
megabyte1,1470,17,1.6397435805376839
megabyte1,1471,17,1.6201279584099264
megabyte1,1472,17,1.6145961985868567
megabyte1,1473,17,1.6814543780158548
megabyte1,1474,17,1.6036735983455883
megabyte1,1475,17,1.6814395680147058
megabyte1,1476,17,1.498964646283318
megabyte1,1477,17,1.6067966012393726
megabyte1,1478,17,1.4635117474724264
megabyte1,1479,17,1.6948080623851103
megabyte1,1480,17,1.3516997169045841
megabyte1,1481,17,1.9123247931985294
megabyte1,1482,17,1.5093958237591911
megabyte1,1483,17,1.3150778938742245
megabyte1,1484,17,1.9173655790441178
megabyte1,1485,17,2.033639571245979
megabyte1,1486,17,1.2831019653993494
megabyte1,1487,17,1.529928768382353
megabyte1,1488,17,1.7275623994715072
megabyte1,1489,17,1.6628130744485294
megabyte1,1490,17,1.4870892693014706
megabyte1,1491,17,1.8586497587316178
megabyte1,1492,17,1.6816549862132353
megabyte1,1493,17,1.7578699448529411
megabyte1,1494,17,2.2304485545438877
megabyte1,1495,17,1.3830638212316178
megabyte1,1496,17,1.2717931410845589
megabyte1,1497,17,1.6027688419117647
megabyte1,1498,17,1.416464412913603
megabyte1,1499,17,1.4419124827665442
megabyte1,1500,17,1.530539119944853
megabyte1,1501,17,1.3293304443359375
megabyte1,1502,17,2.0815972720875457
megabyte1,1503,17,1.624655330882353
megabyte1,1504,17,1.6332505170036764
megabyte1,1505,17,1.7828826904296875
megabyte1,1506,17,1.726217830882353
megabyte1,1507,17,1.5759564568014706
megabyte1,1508,17,1.295832914464614
megabyte1,1509,17,1.6868106617647058
megabyte1,1510,17,1.614602481617647
megabyte1,1511,17,1.9198787913602942
megabyte1,1512,17,1.4442641314338236
megabyte1,1513,17,1.8645522173713236
megabyte1,1514,17,1.722311580882353
megabyte1,1515,17,1.8258487477022058
megabyte1,1516,17,2.2329388786764706
megabyte1,1517,17,1.7887465533088236
megabyte1,1518,17,1.6119914335363053
megabyte1,1519,17,1.7943572998046875
megabyte1,1520,17,1.3819005629595589
megabyte1,1521,17,1.3718836167279411
megabyte1,1522,17,1.8209659352022058
megabyte1,1523,17,1.7469302906709558
megabyte1,1524,17,2.0129250919117645
megabyte1,1525,17,1.5337632123161764
megabyte1,1526,17,1.847024356617647
megabyte1,1527,17,1.4739317052504595
megabyte1,1528,17,1.553933536305147
megabyte1,1529,17,1.719870174632353
megabyte1,1530,17,1.3387816934024586
megabyte1,1531,17,1.5774033490349264
megabyte1,1532,17,2.1077952665441178
megabyte1,1533,17,1.7291008444393383
megabyte1,1534,17,1.3798163918887867
megabyte1,1535,17,1.7638702392578125
megabyte1,1536,17,1.7495404411764706
megabyte1,1537,17,1.6884765625
megabyte1,1538,17,1.8018439797794117
megabyte1,1539,17,1.4926111557904411
megabyte1,1540,17,1.5674115349264706
megabyte1,1541,17,1.6937614889705883
megabyte1,1542,17,1.7121294806985294
megabyte1,1543,17,1.8079259535845589
megabyte1,1544,17,1.7519674862132353
megabyte1,1545,17,1.7358962788301355
megabyte1,1546,17,1.285910213694853
megabyte1,1547,17,1.4246579338522518
megabyte1,1548,17,1.3723395852481617
megabyte1,1549,17,1.8422527313232422
megabyte1,1550,17,1.6453929227941178
megabyte1,1551,17,1.6794972139246322
megabyte1,1552,17,1.9217740227194393
megabyte1,1553,17,1.9905503216911764
megabyte1,1554,17,1.3593462775735294
megabyte1,1555,17,1.5776079963235294
megabyte1,1556,17,1.6073384004480697
megabyte1,1557,17,2.0647116268382355
megabyte1,1558,17,1.6128791360294117
megabyte1,1559,17,1.4776162540211397
megabyte1,1560,17,1.7118853400735294
megabyte1,1561,17,1.2614458869485294
megabyte1,1562,17,1.8837603400735294
megabyte1,1563,17,1.668600643382353
megabyte1,1564,17,1.512342565199908
megabyte1,1565,17,1.2563797445858227
megabyte1,1566,17,1.5500775505514706
megabyte1,1567,17,1.7091863295611214
megabyte1,1568,17,1.7455731560202206
megabyte1,1569,17,1.813821231617647
megabyte1,1570,17,1.5743856991038603
megabyte1,1571,17,1.9374353745404411
megabyte1,1572,17,1.6879380170036764
megabyte1,1573,17,1.7173684064079733
megabyte1,1574,17,1.7683536305147058
megabyte1,1575,17,1.39788818359375
megabyte1,1576,17,1.3755924000459558
megabyte1,1577,17,1.4197872386259192
megabyte1,1578,17,1.647848690257353
megabyte1,1579,17,1.7583743824678308
megabyte1,1580,17,2.1278435202205883
megabyte1,1581,17,1.5355188706341911
megabyte1,1582,17,1.5026999080882353
megabyte1,1583,17,2.015725528492647
megabyte1,1584,17,1.92724609375
megabyte1,1585,17,1.694645601160386
megabyte1,1586,17,1.776022518382353
megabyte1,1587,17,1.7606919232536764
megabyte1,1588,17,1.5148064108455883
megabyte1,1589,17,1.3433191636029411
megabyte1,1590,17,1.6099566291360294
megabyte1,1591,17,1.7214283662683822
megabyte1,1592,17,1.5317759794347428
megabyte1,1593,17,1.8236443014705883
megabyte1,1594,17,1.5954015395220589
megabyte1,1595,17,1.3990604176240808
megabyte1,1596,17,1.4210635914522058
megabyte1,1597,17,1.5839421889361214
megabyte1,1598,17,1.6025247012867647
megabyte1,1599,17,1.4449175666360294
megabyte1,1600,17,1.6371684354894303
megabyte1,1601,17,1.4525685029871322
megabyte1,1602,17,1.5183985093060661
megabyte1,1603,17,1.5691815544577206
megabyte1,1604,17,1.721792782054228
megabyte1,1605,17,1.8991411994485294
megabyte1,1606,17,1.8704106947954964
megabyte1,1607,17,1.3269117018755745
megabyte1,1608,17,1.6603716681985294
megabyte1,1609,17,1.989401424632353
megabyte1,1610,17,1.7004250919117647
megabyte1,1611,17,1.7166676240808822
megabyte1,1612,17,1.2377462948069853
megabyte1,1613,17,1.596176596248851
megabyte1,1614,17,1.4397403492647058
megabyte1,1615,17,1.7485064338235294
megabyte1,1616,17,1.6604811724494486
megabyte1,1617,17,1.3913861443014706
megabyte1,1618,17,1.9048547183766085
megabyte1,1619,17,1.559851141536937
megabyte1,1620,17,1.484719669117647
megabyte1,1621,17,1.8226785098805147
megabyte1,1622,17,1.3894976447610294
megabyte1,1623,17,1.3490564682904411
megabyte1,1624,17,1.8520557179170496
megabyte1,1625,17,1.9046092313878678
megabyte1,1626,17,1.7922435087316178
megabyte1,1627,17,1.6336032643037683
megabyte1,1628,17,1.3819759593290442
megabyte1,1629,17,1.4852653952205883
megabyte1,1630,17,1.5328728170955883
megabyte1,1631,17,1.1739968692555147
megabyte1,1632,17,2.035788143382353
megabyte1,1633,17,1.6846852022058822
megabyte1,1634,17,1.8474264705882353
megabyte1,1635,17,1.6270680147058822
megabyte1,1636,17,1.508645450367647
megabyte1,1637,17,1.6807358685661764
megabyte1,1638,17,1.343876558191636
megabyte1,1639,17,1.6365320542279411
megabyte1,1640,17,1.5141063017003678
megabyte1,1641,17,1.378199857823989
megabyte1,1642,17,1.9493910845588236
megabyte1,1643,17,1.7279986213235294
megabyte1,1644,17,1.5646523868336397
megabyte1,1645,17,2.2583869485294117
megabyte1,1646,17,1.7731942569508272
megabyte1,1647,17,1.524636661305147
megabyte1,1648,17,1.9472943474264706
megabyte1,1649,17,1.7443273207720589
megabyte1,1650,17,2.111894495346967
megabyte1,1651,17,2.010684742647059
megabyte1,1652,17,2.082576976102941
megabyte1,1653,17,1.4464613970588236
megabyte1,1654,17,1.6623463350183822
megabyte1,1655,17,1.5415613511029411
megabyte1,1656,17,1.6268669577205883
megabyte1,1657,17,1.5243853400735294
megabyte1,1658,17,1.7944048713235294
megabyte1,1659,17,2.047808478860294
megabyte1,1660,17,1.5720932904411764
megabyte1,1661,17,1.6050953584558822
megabyte1,1662,17,1.720703125
megabyte1,1663,17,1.7099465762867647
megabyte1,1664,17,1.749655330882353
megabyte1,1665,17,1.7520392922794117
megabyte1,1666,17,1.7136086856617647
megabyte1,1667,17,1.3386733111213236
megabyte1,1668,17,1.4894552791819853
megabyte1,1669,17,1.4577205882352942
megabyte1,1670,17,2.0359604779411766
megabyte1,1671,17,1.6416015625
megabyte1,1672,17,1.7844866584329044
megabyte1,1673,17,1.828024471507353
megabyte1,1674,17,1.3871567670036764
megabyte1,1675,17,1.4342400045955883
megabyte1,1676,17,2.0693359375
megabyte1,1677,17,1.7892635569852942
megabyte1,1678,17,1.6764993106617647
megabyte1,1679,17,1.6122167250689339
megabyte1,1680,17,1.5210463579963236
megabyte1,1681,17,1.6948385799632353
megabyte1,1682,17,1.4247687844669117
megabyte1,1683,17,1.654397403492647
megabyte1,1684,17,1.798583984375
megabyte1,1685,17,1.8345444623161764
megabyte1,1686,17,1.4633358226102942
megabyte1,1687,17,1.7467615464154411
megabyte1,1688,17,2.104204963235294
megabyte1,1689,17,1.6103138643152572
megabyte1,1690,17,1.7951624253216911
megabyte1,1691,17,1.9564855238970589
megabyte1,1692,17,1.7769344554227942
megabyte1,1693,17,1.8386589499080883
megabyte1,1694,17,1.936135684742647
megabyte1,1695,17,1.4271585801068474
megabyte1,1696,17,1.822258893181296
megabyte1,1697,17,1.9830968520220589
megabyte1,1698,17,1.5162097706514246
megabyte1,1699,17,1.451394473805147
megabyte1,1700,17,1.178597842945772
megabyte1,1701,17,1.3143041274126839
megabyte1,1702,17,1.7348453297334558
megabyte1,1703,17,1.7644330193014706
megabyte1,1704,17,1.2958984375
megabyte1,1705,17,1.9483310475068933
megabyte1,1706,17,1.7651869829963236
megabyte1,1707,17,1.8788090313182157
megabyte1,1708,17,1.4850122788373161
megabyte1,1709,17,1.5038416245404411
megabyte1,1710,17,1.7453763625201058
megabyte1,1711,17,1.5351849724264706
megabyte1,1712,17,1.6754078584558822
megabyte1,1713,17,1.30331174065085
megabyte1,1714,17,1.4363564883961397
megabyte1,1715,17,2.0165297564338234
megabyte1,1716,17,1.6041331571691178
megabyte1,1717,17,1.6040936638327206
megabyte1,1718,17,1.462899600758272
megabyte1,1719,17,1.6300910500919117
megabyte1,1720,17,1.7229147518382353
megabyte1,1721,17,1.6518267463235294
megabyte1,1722,17,1.4083987965303308
megabyte1,1723,17,1.957763671875
megabyte1,1724,17,1.3167365579044117
megabyte1,1725,17,1.9480034323299633
megabyte1,1726,17,2.0169318704044117
megabyte1,1727,17,1.5139878216911764
megabyte1,1728,17,1.6984719669117647
megabyte1,1729,17,1.6298540900735294
megabyte1,1730,17,1.7241785386029411
megabyte1,1731,17,1.858987247242647
megabyte1,1732,17,1.3440515854779411
megabyte1,1733,17,1.809225643382353
megabyte1,1734,17,1.3884923598345589
megabyte1,1735,17,2.2259018841911766
megabyte1,1736,17,1.7455767463235294
megabyte1,1737,17,1.5303923662971048
megabyte1,1738,17,1.6614487591911764
megabyte1,1739,17,1.6838809742647058
megabyte1,1740,17,1.7367840935202206
megabyte1,1741,17,1.5601734834558822
megabyte1,1742,17,1.4753561580882353
megabyte1,1743,17,1.5087984870461857
megabyte1,1744,17,1.6088436351102942
megabyte1,1745,17,1.777435302734375
megabyte1,1746,17,1.5922133501838236
megabyte1,1747,17,1.5523753446691178
megabyte1,1748,17,1.4997989430147058
megabyte1,1749,17,1.5808289471794577
megabyte1,1750,17,1.5661333869485294
megabyte1,1751,17,1.7992661420036764
megabyte1,1752,17,1.6976677389705883
megabyte1,1753,17,1.4971277573529411
megabyte1,1754,17,2.051958869485294
megabyte1,1755,17,1.2678653492647058
megabyte1,1756,17,1.6973948759191178
megabyte1,1757,17,1.5913516773897058
megabyte1,1758,17,1.5631390739889706
megabyte1,1759,17,1.7344396254595589
megabyte1,1760,17,1.5281192555147058
megabyte1,1761,17,1.5617060941808365
megabyte1,1762,17,1.5876034007352942
megabyte1,1763,17,1.730224609375
megabyte1,1764,17,1.5180951286764706
megabyte1,1765,17,1.553732479319853
megabyte1,1766,17,1.958840762867647
megabyte1,1767,17,1.9840734145220589
megabyte1,1768,17,1.7309426700367647
megabyte1,1769,17,1.3876154282513786
megabyte1,1770,17,1.4645134420955883
megabyte1,1771,17,1.6126206341911764
megabyte1,1772,17,1.9122242647058822
megabyte1,1773,17,1.3983800551470589
megabyte1,1774,17,1.8961971507352942
megabyte1,1775,17,1.5895026711856617
megabyte1,1776,17,1.6990105124080883
megabyte1,1777,17,1.7782341452205883
megabyte1,1778,17,1.80877685546875
megabyte1,1779,17,1.9358628216911764
megabyte1,1780,17,1.8682071461397058
megabyte1,1781,17,1.7119427849264706
megabyte1,1782,17,1.7511632582720589
megabyte1,1783,17,1.7971909466911764
megabyte1,1784,17,1.3407269646139706
megabyte1,1785,17,2.1594956341911766
megabyte1,1786,17,1.7152027803308822
megabyte1,1787,17,1.4696691176470589
megabyte1,1788,17,1.4226576861213236
megabyte1,1789,17,1.686209061566521
megabyte1,1790,17,1.4126046124626608
megabyte1,1791,17,1.4743795955882353
megabyte1,1792,17,1.7349781709558822
megabyte1,1793,17,1.8090963924632353
megabyte1,1794,17,1.7018612132352942
megabyte1,1795,17,1.6766106100643383
megabyte1,1796,17,1.4423056209788603
megabyte1,1797,17,1.707467471852022
megabyte1,1798,17,1.6232048483455883
megabyte1,1799,17,1.7276036879595589
megabyte1,1800,17,1.7438246783088236
megabyte1,1801,17,1.5536427217371322
megabyte1,1802,17,2.009356330422794
megabyte1,1803,17,1.8312270220588236
megabyte1,1804,17,1.8431468290441178
megabyte1,1805,17,1.3654354319852942
megabyte1,1806,17,1.5669232536764706
megabyte1,1807,17,1.9564568014705883
megabyte1,1808,17,1.5784409466911764
megabyte1,1809,17,1.4855813419117647
megabyte1,1810,17,1.6977826286764706
megabyte1,1811,17,1.539938534007353
megabyte1,1812,17,1.5274011948529411
megabyte1,1813,17,1.793701171875
megabyte1,1814,17,1.0199908088235294
megabyte1,1815,17,1.2430707146139706
megabyte1,1816,17,2.2468405330882355
megabyte1,1817,17,1.4737692440257353
megabyte1,1818,17,1.5173196231617647
megabyte1,1819,17,1.8780589384191178
megabyte1,1820,17,1.5871438419117647
megabyte1,1821,17,1.7230583639705883
megabyte1,1822,17,1.77392578125
megabyte1,1823,17,1.476816962747013
megabyte1,1824,17,1.6286190257352942
megabyte1,1825,17,1.7678653492647058
megabyte1,1826,17,2.0187844669117645
megabyte1,1827,17,1.9181410845588236
megabyte1,1828,17,1.4956629136029411
megabyte1,1829,17,1.7169979319852942
megabyte1,1830,17,1.1252944048713236
megabyte1,1831,17,1.7359152401194853
megabyte1,1832,17,1.9520802217371322
megabyte1,1833,17,2.0176930147058822
megabyte1,1834,17,1.6718462775735294
megabyte1,1835,17,1.3902659696691178
megabyte1,1836,17,1.7152027803308822
megabyte1,1837,17,1.82806396484375
megabyte1,1838,17,1.7124167049632353
megabyte1,1839,17,2.0187126608455883
megabyte1,1840,17,1.7180750229779411
megabyte1,1841,17,1.3838734346277572
megabyte1,1842,17,1.7364501953125
megabyte1,1843,17,1.9759449678308822
megabyte1,1844,17,1.5438663258272058
megabyte1,1845,17,1.7529655905330883
megabyte1,1846,17,1.9252947639016544
megabyte1,1847,17,1.6124157905578613
megabyte1,1848,17,1.7205092486213236
megabyte1,1849,17,1.7263542624080883
megabyte1,1850,17,1.7520859662224264
megabyte1,1851,17,1.412000768324908
megabyte1,1852,17,1.3948175766888786
megabyte1,1853,17,1.4725532531738281
megabyte1,1854,17,2.0438519646139706
megabyte1,1855,17,1.5687112247242647
megabyte1,1856,17,1.7924876493566178
megabyte1,1857,17,1.5233800551470589
megabyte1,1858,17,1.8809383616727942
megabyte1,1859,17,1.7133430032169117
megabyte1,1860,17,1.6121233771829044
megabyte1,1861,17,1.7191664751838236
megabyte1,1862,17,1.8281375660615808
megabyte1,1863,17,1.6770593979779411
megabyte1,1864,17,1.9052527932559742
megabyte1,1865,17,1.6284408569335938
megabyte1,1866,17,1.835104549632353
megabyte1,1867,17,2.327493106617647
megabyte1,1868,17,1.911376953125
megabyte1,1869,17,1.785012637867647
megabyte1,1870,17,1.3423138786764706
megabyte1,1871,17,1.3660960477941178
megabyte1,1872,17,1.5553624770220589
megabyte1,1873,17,1.5617963005514706
megabyte1,1874,17,1.6028693704044117
megabyte1,1875,17,1.8314496208639706
megabyte1,1876,17,1.5296989889705883
megabyte1,1877,17,1.8870346966911764
megabyte1,1878,17,1.4898645737591911
megabyte1,1879,17,1.4895378561580883
megabyte1,1880,17,1.2622716567095589
megabyte1,1881,17,1.3798119040096508
megabyte1,1882,17,1.6387733010684742
megabyte1,1883,17,1.3492862477022058
megabyte1,1884,17,1.5126019646139706
megabyte1,1885,17,1.4612319048713236
megabyte1,1886,17,1.6119025735294117
megabyte1,1887,17,1.8403607536764706
megabyte1,1888,17,1.5114889705882353
megabyte1,1889,17,1.5818463493795956
megabyte1,1890,17,1.5957677504595589
megabyte1,1891,17,1.7659122242647058
megabyte1,1892,17,1.7453182444852942
megabyte1,1893,17,1.6000877829159008
megabyte1,1894,17,1.6194565716911764
megabyte1,1895,17,1.590533312629251
megabyte1,1896,17,1.5077891630284928
megabyte1,1897,17,1.520163143382353
megabyte1,1898,17,1.9568598130170036
megabyte1,1899,17,1.6776769301470589
megabyte1,1900,17,1.6780467313878678
megabyte1,1901,17,1.2891881606158089
megabyte1,1902,17,1.5592076918658089
megabyte1,1903,17,1.9855238970588236
megabyte1,1904,17,1.4172327378216911
megabyte1,1905,17,1.3843365837545956
megabyte1,1906,17,1.6614990234375
megabyte1,1907,17,1.7423513075884651
megabyte1,1908,17,1.4392807904411764
megabyte1,1909,17,1.6493063534007353
megabyte1,1910,17,1.3004401711856617
megabyte1,1911,17,1.6989602481617647
megabyte1,1912,17,1.5175637637867647
megabyte1,1913,17,1.8073371438419117
megabyte1,1914,17,1.6654999676872702
megabyte1,1915,17,2.0892405790441178
megabyte1,1916,17,1.819619571461397
megabyte1,1917,17,1.7680489035213696
megabyte1,1918,17,1.4282657398897058
megabyte1,1919,17,1.6739699419806986
megabyte1,1920,17,1.6664751838235294
megabyte1,1921,17,1.718405330882353
megabyte1,1922,17,1.5795323988970589
megabyte1,1923,17,1.9181410845588236
megabyte1,1924,17,1.7593347886029411
megabyte1,1925,17,1.6880170036764706
megabyte1,1926,17,2.085000430836397
megabyte1,1927,17,1.6784380744485294
megabyte1,1928,17,1.694052303538603
megabyte1,1929,17,1.8248793658088236
megabyte1,1930,17,1.710000430836397
megabyte1,1931,17,1.375283633961397
megabyte1,1932,17,1.9214549345128678
megabyte1,1933,17,1.8323184742647058
megabyte1,1934,17,1.6187851849724264
megabyte1,1935,17,1.4671343635110294
megabyte1,1936,17,1.349443323471967
megabyte1,1937,17,1.6094468060661764
megabyte1,1938,17,1.7121294806985294
megabyte1,1939,17,1.527243221507353
megabyte1,1940,17,1.4273178998161764
megabyte1,1941,17,1.5665785845588236
megabyte1,1942,17,1.148040771484375
megabyte1,1943,17,1.0193055096794577
megabyte1,1944,17,1.109442766974954
megabyte1,1945,17,1.3251089208266313
megabyte1,1946,17,1.6878536448759192
megabyte1,1947,17,1.7885275448069853
megabyte1,1948,17,1.7450916065889246
megabyte1,1949,17,1.2947829751407398
megabyte1,1950,17,1.5293220071231617
megabyte1,1951,17,1.4740780101102942
megabyte1,1952,17,1.7370686250574447
megabyte1,1953,17,1.7595932904411764
megabyte1,1954,17,1.5620757832246668
megabyte1,1955,17,1.4759359990849215
megabyte1,1956,17,1.525412166819853
megabyte1,1957,17,1.785684024586397
megabyte1,1958,17,1.5639970162335564
megabyte1,1959,17,1.7571393181295956
megabyte1,1960,17,1.6199753705193014
megabyte1,1961,17,1.5006067612591911
megabyte1,1962,17,1.637350643382353
megabyte1,1963,17,1.3940506822922651
megabyte1,1964,17,1.46575330285465
megabyte1,1965,17,1.1642779181985294
megabyte1,1966,17,1.3923268037683822
megabyte1,1967,17,1.6005284926470589
megabyte1,1968,17,1.3088307100183822
megabyte1,1969,17,1.6450796688304228
megabyte1,1970,17,1.2662043851964615
megabyte1,1971,17,1.601296817555147
megabyte1,1972,17,2.0193014705882355
megabyte1,1973,17,1.298793119542739
megabyte1,1974,17,1.4447954963235294
megabyte1,1975,17,1.403033312629251
megabyte1,1976,17,1.3892499138327206
megabyte1,1977,17,1.4154384837431067
megabyte1,1978,17,1.7140556784237133
megabyte1,1979,17,1.5160185870002298
megabyte1,1980,17,1.4653042063993567
megabyte1,1981,17,1.9387835334329044
megabyte1,1982,17,1.8089635512408089
megabyte1,1983,17,1.4153980928308822
megabyte1,1984,17,1.7665728400735294
megabyte1,1985,17,1.306897107292624
megabyte1,1986,17,1.652941759894876
megabyte1,1987,17,1.7437035055721508
megabyte1,1988,17,1.6695990842931412
megabyte1,1989,17,1.6355510038488053
megabyte1,1990,17,1.8142233455882353
megabyte1,1991,17,1.4063738654641544
megabyte1,1992,17,1.845803653492647
megabyte1,1993,17,1.9171788832720589
megabyte1,1994,17,1.5258591595818014
megabyte1,1995,17,1.8045618393841911
megabyte1,1996,17,1.9045553768382353
megabyte1,1997,17,1.3356296314912683
megabyte1,1998,17,1.6823156020220589
megabyte1,1999,17,1.7271656709558822
megabyte1,2000,17,1.3813727883731617
megabyte1,2001,17,1.8818646599264706
megabyte1,2002,17,1.6674373851102942
megabyte1,2003,17,1.4282908720128678
megabyte1,2004,17,1.6616928998161764
megabyte1,2005,17,1.9536563648897058
megabyte1,2006,17,1.7132137522977942
megabyte1,2007,17,1.7854721966911764
megabyte1,2008,17,1.387451171875
megabyte1,2009,17,1.9238855698529411
megabyte1,2010,17,2.1214357263901653
megabyte1,2011,17,1.5523143095128678
megabyte1,2012,17,1.1566826315487133
megabyte1,2013,17,1.7323644301470589
megabyte1,2014,17,2.002240349264706
megabyte1,2015,17,2.1012465533088234
megabyte1,2016,17,1.987649356617647
megabyte1,2017,17,1.8212316176470589
megabyte1,2018,17,1.587890625
megabyte1,2019,17,1.6838809742647058
megabyte1,2020,17,1.780129825367647
megabyte1,2021,17,1.863424862132353
megabyte1,2022,17,1.6827895220588236
megabyte1,2023,17,1.6907276826746322
megabyte1,2024,17,1.4361931295955883
megabyte1,2025,17,1.7607996323529411
megabyte1,2026,17,1.6594094669117647
megabyte1,2027,17,1.3997659122242647
megabyte1,2028,17,1.3718118106617647
megabyte1,2029,17,1.5114458869485294
megabyte1,2030,17,1.6406178193933822
megabyte1,2031,17,1.2434800091911764
megabyte1,2032,17,1.493508731617647
megabyte1,2033,17,1.0780496036305147
megabyte1,2034,17,1.5723876953125
megabyte1,2035,17,1.74603271484375
megabyte1,2036,17,1.6369727639590992
megabyte1,2037,17,1.7897087545955883
megabyte1,2038,17,1.5349910960477942
megabyte1,2039,17,1.4959974849925322
megabyte1,2040,17,1.7390199549057905
megabyte1,2041,17,1.9184426700367647
megabyte1,2042,17,1.6799899830537683
megabyte1,2043,17,1.6085133272058822
megabyte1,2044,17,1.6988956227022058
megabyte1,2045,17,1.5827385397518383
megabyte1,2046,17,1.1481745102826286
megabyte1,2047,17,1.6107285443474264
megabyte1,2048,17,1.5598692052504595
megabyte1,2049,17,1.6716452205882353
megabyte1,2050,17,1.4790923174689798
megabyte1,2051,17,1.5096291934742647
megabyte1,2052,17,1.5368077895220589
megabyte1,2053,17,1.8433175928452437
megabyte1,2054,17,1.2455685839933508
megabyte1,2055,17,2.0486557904411766
megabyte1,2056,17,1.6241096047794117
megabyte1,2057,17,1.2429271024816178
megabyte1,2058,17,1.7918660780962776
megabyte1,2059,17,1.7230206657858456
megabyte1,2060,17,2.029840020572438
megabyte1,2061,17,1.4593972598805147
megabyte1,2062,17,1.594564998851103
megabyte1,2063,17,1.5967514935661764
megabyte1,2064,17,1.6486968994140625
megabyte1,2065,17,2.0423332663143383
megabyte1,2066,17,1.5620081284466911
megabyte1,2067,17,1.5270462036132812
megabyte1,2068,17,1.715066348805147
megabyte1,2069,17,1.332134583417107
megabyte1,2070,17,1.665536319508272
megabyte1,2071,17,1.7288100298713236
megabyte1,2072,17,1.5554477467256433
megabyte1,2073,17,1.8881759643554688
megabyte1,2074,17,1.4028589585248161
megabyte1,2075,17,2.3338093477136947
megabyte1,2076,17,1.3430606617647058
megabyte1,2077,17,1.7666877297794117
megabyte1,2078,17,1.5658425723805147
megabyte1,2079,17,1.702248965992647
megabyte1,2080,17,1.6001694623161764
megabyte1,2081,17,1.6809880873736214
megabyte1,2082,17,1.5570714613970589
megabyte1,2083,17,1.7134363511029411
megabyte1,2084,17,1.5116325827205883
megabyte1,2085,17,1.387899959788603
megabyte1,2086,17,1.8363396139705883
megabyte1,2087,17,1.9766199448529411
megabyte1,2088,17,1.7448883056640625
megabyte1,2089,17,1.8853759765625
megabyte1,2090,17,1.6200570499195772
megabyte1,2091,17,1.775634765625
megabyte1,2092,17,1.650045955882353
megabyte1,2093,17,1.7819680606617647
megabyte1,2094,17,1.7356387867647058
megabyte1,2095,17,1.9806698069852942
megabyte1,2096,17,1.4221954345703125
megabyte1,2097,17,1.7128619025735294
megabyte1,2098,17,1.7977941176470589
megabyte1,2099,17,1.4146656709558822
megabyte1,2100,17,1.7772575827205883
megabyte1,2101,17,1.7411139993106617
megabyte1,2102,17,1.6203792796415442
megabyte1,2103,17,2.0146412568933822
megabyte1,2104,17,1.7195542279411764
megabyte1,2105,17,1.5130974264705883
megabyte1,2106,17,1.5149213005514706
megabyte1,2107,17,1.89697265625
megabyte1,2108,17,1.7039615406709558
megabyte1,2109,17,1.469827090992647
megabyte1,2110,17,1.4658203125
megabyte1,2111,17,1.7871668198529411
megabyte1,2112,17,1.7063706341911764
megabyte1,2113,17,1.6749195772058822
megabyte1,2114,17,1.736328125
megabyte1,2115,17,1.8698012408088236
megabyte1,2116,17,1.7796702665441178
megabyte1,2117,17,1.7642983829273897
megabyte1,2118,17,2.0070657169117645
megabyte1,2119,17,1.8523810891544117
megabyte1,2120,17,1.7083668428308822
megabyte1,2121,17,1.5662159639246322
megabyte1,2122,17,1.7967601102941178
megabyte1,2123,17,1.6275203929227942
megabyte1,2124,17,1.4782427619485294
megabyte1,2125,17,1.5562097886029411
megabyte1,2126,17,1.5182961856617647
megabyte1,2127,17,1.3926212086397058
megabyte1,2128,17,1.6709127987132353
megabyte1,2129,17,1.6172278909122242
megabyte1,2130,17,1.4771728515625
megabyte1,2131,17,1.4490966796875
megabyte1,2132,17,1.3806134392233456
megabyte1,2133,17,1.535311081830193
megabyte1,2134,17,1.3038258272058822
megabyte1,2135,17,1.2733301274916704
megabyte1,2136,17,1.51305591358858
megabyte1,2137,17,1.3926876292509192
megabyte1,2138,17,1.6438625980825985
megabyte1,2139,17,1.6703257841222428
megabyte1,2140,17,1.4132663502412683
megabyte1,2141,17,1.1670192830702837
megabyte1,2142,17,1.712723451502183
megabyte1,2143,17,1.3440282485064339
megabyte1,2144,17,1.2074645547305836
megabyte1,2145,17,1.5916245404411764
megabyte1,2146,17,1.5152911017922794
megabyte1,2147,17,1.3660599203670727
megabyte1,2148,17,1.482742982752183
megabyte1,2149,17,1.899658203125
megabyte1,2150,17,1.6700992584228516
megabyte1,2151,17,1.53778076171875
megabyte1,2152,17,1.5737551520852482
megabyte1,2153,17,1.5040927774765913
megabyte1,2154,17,1.7115272073184742
megabyte1,2155,17,1.7205882352941178
megabyte1,2156,17,1.5879171034869026
megabyte1,2157,17,1.6070834889131433
megabyte1,2158,17,1.8687497307272518
megabyte1,2159,17,1.1737316355985754
megabyte1,2160,17,1.4581227022058822
megabyte1,2161,17,1.6392125522389132
megabyte1,2162,17,1.585641299977022
megabyte1,2163,17,1.8906896254595589
megabyte1,2164,17,1.78857421875
megabyte1,2165,17,1.44677734375
megabyte1,2166,17,1.7413689108455883
megabyte1,2167,17,1.3315537396599264
megabyte1,2168,17,1.3232098747702206
megabyte1,2169,17,1.6051492130055147
megabyte1,2170,17,1.708005568560432
megabyte1,2171,17,1.6585122136508716
megabyte1,2172,17,1.8827837775735294
megabyte1,2173,17,1.1580684886259192
megabyte1,2174,17,1.0352397245519303
megabyte1,2175,17,2.0997314453125
megabyte1,2176,17,1.9112477022058822
megabyte1,2177,17,1.925441068761489
megabyte1,2178,17,1.7795840992647058
megabyte1,2179,17,1.442038143382353
megabyte1,2180,17,1.6602430904612822
megabyte1,2181,16,1.4421801567077637
megabyte1,2182,16,1.682525634765625
megabyte1,2183,16,1.4647541046142578
megabyte1,2184,16,1.4017257690429688
megabyte1,2185,16,1.2962493896484375
megabyte1,2186,16,1.063333511352539
megabyte1,2187,16,1.5076825618743896
megabyte1,2188,16,2.046966552734375
megabyte1,2189,16,1.5363397598266602
megabyte1,2190,16,1.832887887954712
megabyte1,2191,16,1.808319091796875
megabyte1,2192,16,1.0785064697265625
megabyte1,2193,16,1.4917373657226562
megabyte1,2194,16,1.3691444396972656
megabyte1,2195,16,1.7133960723876953
megabyte1,2196,16,1.78607177734375
megabyte1,2197,16,1.5334300994873047
megabyte1,2198,16,1.3679628372192383
megabyte1,2199,16,1.77994966506958
megabyte1,2200,16,1.5127458572387695
megabyte1,2201,16,1.3972563743591309
megabyte1,2202,16,1.4983367919921875
megabyte1,2203,16,1.7569770812988281
megabyte1,2204,16,1.3609809875488281
megabyte1,2205,16,1.392791748046875
megabyte1,2206,16,1.5865211486816406
megabyte1,2207,16,1.561239242553711
megabyte1,2208,16,1.9471435546875
megabyte1,2209,16,2.04315185546875
megabyte1,2210,16,1.643951416015625
megabyte1,2211,16,1.89825439453125
megabyte1,2212,16,1.5047454833984375
megabyte1,2213,16,1.5706901550292969
megabyte1,2214,16,1.4121971130371094
megabyte1,2215,16,1.7008247375488281
megabyte1,2216,16,1.5187931060791016
megabyte1,2217,16,1.3730239868164062
megabyte1,2218,16,1.708005428314209
megabyte1,2219,16,1.8893699645996094
megabyte1,2220,16,1.64923095703125
megabyte1,2221,16,1.7548141479492188
megabyte1,2222,16,1.3232536315917969
megabyte1,2223,16,1.3027305603027344
megabyte1,2224,16,1.8818097114562988
megabyte1,2225,16,1.4412184953689575
megabyte1,2226,16,1.5306243896484375
megabyte1,2227,16,1.5258688926696777
megabyte1,2228,16,1.0810816287994385
megabyte1,2229,16,1.3532180786132812
megabyte1,2230,16,1.45367431640625
megabyte1,2231,16,1.379990577697754
megabyte1,2232,16,1.64141845703125
megabyte1,2233,16,1.6014404296875
megabyte1,2234,16,1.8800621032714844
megabyte1,2235,16,1.73846435546875
megabyte1,2236,16,1.641876220703125
megabyte1,2237,16,1.3965229988098145
megabyte1,2238,16,1.6437225341796875
megabyte1,2239,16,1.6953754425048828
megabyte1,2240,16,1.4630107879638672
megabyte1,2241,16,1.523162841796875
megabyte1,2242,16,1.265230655670166
megabyte1,2243,16,1.7183839678764343
megabyte1,2244,16,1.4675140380859375
megabyte1,2245,16,1.3021564483642578
megabyte1,2246,16,1.5202722549438477
megabyte1,2247,16,1.479217529296875
megabyte1,2248,16,1.9839706420898438
megabyte1,2249,16,2.0000858306884766
megabyte1,2250,16,1.5927734375
megabyte1,2251,16,1.6436920166015625
megabyte1,2252,16,1.3025569915771484
megabyte1,2253,16,1.9743499755859375
megabyte1,2254,16,1.5160045623779297
megabyte1,2255,16,1.0334548950195312
megabyte1,2256,16,1.773040771484375
megabyte1,2257,16,1.990142822265625
megabyte1,2258,16,1.6185760498046875
megabyte1,2259,16,1.5850191116333008
megabyte1,2260,16,1.5762367248535156
megabyte1,2261,16,1.4315567016601562
megabyte1,2262,16,1.5402679443359375
megabyte1,2263,16,1.849822998046875
megabyte1,2264,16,1.4397735595703125
megabyte1,2265,16,1.6135501861572266
megabyte1,2266,16,1.959554672241211
megabyte1,2267,16,1.5079312324523926
megabyte1,2268,16,1.6760345697402954
megabyte1,2269,16,1.5362548828125
megabyte1,2270,16,1.759052038192749
megabyte1,2271,16,1.6113700866699219
megabyte1,2272,16,1.8568115234375
megabyte1,2273,16,1.25225830078125
megabyte1,2274,16,1.326425552368164
megabyte1,2275,16,1.7010345458984375
megabyte1,2276,16,1.4931793212890625
megabyte1,2277,16,1.949188232421875
megabyte1,2278,16,2.14373779296875
megabyte1,2279,16,1.6695098876953125
megabyte1,2280,16,1.5639114379882812
megabyte1,2281,16,1.876434326171875
megabyte1,2282,16,1.4242424964904785
megabyte1,2283,16,1.6384010314941406
megabyte1,2284,16,1.4644775390625
megabyte1,2285,16,1.687863826751709
megabyte1,2286,16,1.674263209104538
megabyte1,2287,16,1.82708740234375
megabyte1,2288,16,2.0806427001953125
megabyte1,2289,16,1.5389175415039062
megabyte1,2290,16,1.63134765625
megabyte1,2291,16,1.2094833850860596
megabyte1,2292,16,1.609375
megabyte1,2293,16,1.67572021484375
megabyte1,2294,16,1.421579360961914
megabyte1,2295,16,2.010498046875
megabyte1,2296,16,1.789337158203125
megabyte1,2297,16,1.3717451095581055
megabyte1,2298,16,1.717559814453125
megabyte1,2299,16,1.8245010375976562
megabyte1,2300,16,1.7621307373046875
megabyte1,2301,16,1.5462605953216553
megabyte1,2302,16,1.5046794414520264
megabyte1,2303,16,2.156070351600647
megabyte1,2304,16,1.690338134765625
megabyte1,2305,16,1.911651611328125
megabyte1,2306,16,1.97015380859375
megabyte1,2307,16,1.418426513671875
megabyte1,2308,16,1.2960014343261719
megabyte1,2309,16,1.5297603607177734
megabyte1,2310,16,1.5334320068359375
megabyte1,2311,16,1.7236034870147705
megabyte1,2312,16,1.545955240726471
megabyte1,2313,16,1.4967093467712402
megabyte1,2314,16,1.3040618896484375
megabyte1,2315,16,1.4396858215332031
megabyte1,2316,16,1.5070457458496094
megabyte1,2317,16,1.388427734375
megabyte1,2318,16,1.9059944152832031
megabyte1,2319,16,1.871978759765625
megabyte1,2320,16,1.692901611328125
megabyte1,2321,16,1.2379226684570312
megabyte1,2322,16,1.633646011352539
megabyte1,2323,16,1.594207763671875
megabyte1,2324,16,1.5766620635986328
megabyte1,2325,16,1.5204696655273438
megabyte1,2326,16,1.62060546875
megabyte1,2327,16,1.4301300048828125
megabyte1,2328,16,1.65179443359375
megabyte1,2329,16,1.93603515625
megabyte1,2330,16,1.4758038520812988
megabyte1,2331,16,1.7684326171875
megabyte1,2332,16,1.91314697265625
megabyte1,2333,16,1.82733154296875
megabyte1,2334,16,1.379364013671875
megabyte1,2335,16,1.49383544921875
megabyte1,2336,16,1.5517959594726562
megabyte1,2337,16,1.7150115966796875
megabyte1,2338,16,1.67401123046875
megabyte1,2339,16,1.563323974609375
megabyte1,2340,16,1.8014039993286133
megabyte1,2341,16,1.5485115051269531
megabyte1,2342,16,1.5866680145263672
megabyte1,2343,16,1.6209869384765625
megabyte1,2344,16,2.05853271484375
megabyte1,2345,16,1.3827171325683594
megabyte1,2346,16,1.852874755859375
megabyte1,2347,16,1.821990966796875
megabyte1,2348,16,1.3619270324707031
megabyte1,2349,16,1.659515380859375
megabyte1,2350,16,1.700103759765625
megabyte1,2351,16,1.5695209503173828
megabyte1,2352,16,1.5629615783691406
megabyte1,2353,16,1.377471923828125
megabyte1,2354,16,1.726226806640625
megabyte1,2355,16,1.747589111328125
megabyte1,2356,16,1.6427001953125
megabyte1,2357,16,1.5416936874389648
megabyte1,2358,16,1.8065185546875
megabyte1,2359,16,1.8345489501953125
megabyte1,2360,16,1.70733642578125
megabyte1,2361,16,1.930511474609375
megabyte1,2362,16,1.7430419921875
megabyte1,2363,16,1.498002052307129
megabyte1,2364,16,1.835906982421875
megabyte1,2365,16,1.5866851806640625
megabyte1,2366,16,1.7379379272460938
megabyte1,2367,16,1.524810791015625
megabyte1,2368,16,1.638397216796875
megabyte1,2369,16,1.5299348831176758
megabyte1,2370,16,1.8080956935882568
megabyte1,2371,16,1.690460205078125
megabyte1,2372,16,1.6995468139648438
megabyte1,2373,16,1.92022705078125
megabyte1,2374,16,1.558380126953125
megabyte1,2375,16,1.6254730224609375
megabyte1,2376,16,1.83502197265625
megabyte1,2377,16,1.638885498046875
megabyte1,2378,16,1.6469497680664062
megabyte1,2379,16,1.721893310546875
megabyte1,2380,16,1.724365234375
megabyte1,2381,16,1.4394950866699219
megabyte1,2382,16,1.8919931650161743
megabyte1,2383,16,1.886810302734375
megabyte1,2384,16,1.978546142578125
megabyte1,2385,16,1.58953857421875
megabyte1,2386,16,1.657257080078125
megabyte1,2387,16,2.17303466796875
megabyte1,2388,16,2.15924072265625
megabyte1,2389,16,1.60772705078125
megabyte1,2390,16,2.0286102294921875
megabyte1,2391,16,1.441986083984375
megabyte1,2392,16,1.5453643798828125
megabyte1,2393,16,1.9149627685546875
megabyte1,2394,16,1.82568359375
megabyte1,2395,16,2.1722412109375
megabyte1,2396,16,1.772216796875
megabyte1,2397,16,1.56719970703125
megabyte1,2398,16,1.46148681640625
megabyte1,2399,16,1.7607421875
megabyte1,2400,16,2.18115234375
megabyte1,2401,16,1.6351318359375
megabyte1,2402,16,1.850677490234375
megabyte1,2403,16,1.68927001953125
megabyte1,2404,16,1.76214599609375
megabyte1,2405,16,1.850006103515625
megabyte1,2406,16,1.7064208984375
megabyte1,2407,16,1.614959716796875
megabyte1,2408,16,1.69256591796875
megabyte1,2409,16,2.260894775390625
megabyte1,2410,16,1.8573760986328125
megabyte1,2411,16,1.6461105346679688
megabyte1,2412,16,1.710418701171875
megabyte1,2413,16,1.327880859375
megabyte1,2414,16,1.5902957916259766
megabyte1,2415,16,1.649566650390625
megabyte1,2416,16,1.983673095703125
megabyte1,2417,16,1.597686767578125
megabyte1,2418,16,1.809173583984375
megabyte1,2419,16,1.972320556640625
megabyte1,2420,16,1.3617753982543945
megabyte1,2421,16,1.6801862716674805
megabyte1,2422,16,1.725311279296875
megabyte1,2423,16,1.5436477661132812
megabyte1,2424,16,1.7061538696289062
megabyte1,2425,16,1.7622528076171875
megabyte1,2426,16,1.67529296875
megabyte1,2427,16,1.94183349609375
megabyte1,2428,16,1.8062820434570312
megabyte1,2429,16,1.28094482421875
megabyte1,2430,16,1.689605712890625
megabyte1,2431,16,1.476715087890625
megabyte1,2432,16,1.7690253257751465
megabyte1,2433,16,1.3489181995391846
megabyte1,2434,16,1.603790283203125
megabyte1,2435,16,1.566446304321289
megabyte1,2436,16,1.6042671203613281
megabyte1,2437,16,1.5842437744140625
megabyte1,2438,16,1.8447113037109375
megabyte1,2439,16,1.60675048828125
megabyte1,2440,16,1.88037109375
megabyte1,2441,16,1.8318920135498047
megabyte1,2442,16,1.82696533203125
megabyte1,2443,16,1.460357666015625
megabyte1,2444,16,1.9433774948120117
megabyte1,2445,16,1.4209823608398438
megabyte1,2446,16,2.069305419921875
megabyte1,2447,16,1.3223648071289062
megabyte1,2448,16,1.5138702392578125
megabyte1,2449,16,1.8335723876953125
megabyte1,2450,16,1.8733630180358887
megabyte1,2451,16,1.43377685546875
megabyte1,2452,16,1.7617111206054688
megabyte1,2453,16,1.4665765762329102
megabyte1,2454,16,1.424295425415039
megabyte1,2455,16,1.850738525390625
megabyte1,2456,16,1.36326265335083
megabyte1,2457,16,2.056224822998047
megabyte1,2458,16,1.8415775299072266
megabyte1,2459,16,1.4848036766052246
megabyte1,2460,16,1.5090007781982422
megabyte1,2461,16,1.6027069091796875
megabyte1,2462,16,1.9943127632141113
megabyte1,2463,16,1.3607177734375
megabyte1,2464,16,1.7411117553710938
megabyte1,2465,16,1.6931724548339844
megabyte1,2466,16,2.1001129150390625
megabyte1,2467,16,1.531341552734375
megabyte1,2468,16,1.5735130310058594
megabyte1,2469,16,1.4127655029296875
megabyte1,2470,16,2.0625
megabyte1,2471,16,1.710205078125
megabyte1,2472,16,1.70050048828125
megabyte1,2473,16,1.69464111328125
megabyte1,2474,16,1.5632476806640625
megabyte1,2475,16,1.894134521484375
megabyte1,2476,16,1.6020736694335938
megabyte1,2477,16,1.5001220703125
megabyte1,2478,16,2.028350830078125
megabyte1,2479,16,1.49810791015625
megabyte1,2480,16,1.6795806884765625
megabyte1,2481,16,1.750746726989746
megabyte1,2482,16,1.6700897216796875
megabyte1,2483,16,1.4740571975708008
megabyte1,2484,16,1.468038558959961
megabyte1,2485,16,1.1886367797851562
megabyte1,2486,16,1.4286727905273438
megabyte1,2487,16,1.3145809173583984
megabyte1,2488,16,1.3389568328857422
megabyte1,2489,16,1.8946514129638672
megabyte1,2490,16,1.4189929962158203
megabyte1,2491,16,1.5418968200683594
megabyte1,2492,16,1.56842041015625
megabyte1,2493,16,1.8687200546264648
megabyte1,2494,16,1.374969482421875
megabyte1,2495,16,1.7333602905273438
megabyte1,2496,16,2.05413818359375
megabyte1,2497,16,1.624481201171875
megabyte1,2498,16,1.779815673828125
megabyte1,2499,16,1.69677734375
megabyte1,2500,16,1.744232177734375
megabyte1,2501,16,1.686187744140625
megabyte1,2502,16,1.1322956085205078
megabyte1,2503,16,1.341644287109375
megabyte1,2504,16,1.675201416015625
megabyte1,2505,16,1.410888671875
megabyte1,2506,16,1.59033203125
megabyte1,2507,16,1.4461288452148438
megabyte1,2508,16,1.4621505737304688
megabyte1,2509,16,1.4074172973632812
megabyte1,2510,16,1.780364990234375
megabyte1,2511,16,1.5449066162109375
megabyte1,2512,16,1.52081298828125
megabyte1,2513,16,1.340996265411377
megabyte1,2514,16,1.50225830078125
megabyte1,2515,16,1.42901611328125
megabyte1,2516,16,1.6485519409179688
megabyte1,2517,16,1.7759819030761719
megabyte1,2518,16,1.5430145263671875
megabyte1,2519,16,1.1939430236816406
megabyte1,2520,16,1.7451171875
megabyte1,2521,16,1.87896728515625
megabyte1,2522,16,1.7079048156738281
megabyte1,2523,16,1.890869140625
megabyte1,2524,16,1.7524607181549072
megabyte1,2525,16,1.6141915321350098
megabyte1,2526,16,1.8417959213256836
megabyte1,2527,16,1.777679443359375
megabyte1,2528,16,1.74249267578125
megabyte1,2529,16,1.669809341430664
megabyte1,2530,16,2.216217041015625
megabyte1,2531,16,1.4703292846679688
megabyte1,2532,16,1.558816909790039
megabyte1,2533,16,1.5837249755859375
megabyte1,2534,16,1.8736457824707031
megabyte1,2535,16,1.8720703125
megabyte1,2536,16,1.9756927490234375
megabyte1,2537,16,1.6480636596679688
megabyte1,2538,16,1.5441789627075195
megabyte1,2539,16,1.8196258544921875
megabyte1,2540,16,1.3512439727783203
megabyte1,2541,16,1.3914375305175781
megabyte1,2542,16,1.7279052734375
megabyte1,2543,16,1.3768906593322754
megabyte1,2544,16,1.576085090637207
megabyte1,2545,16,1.5871254205703735
megabyte1,2546,16,1.4378604888916016
megabyte1,2547,16,1.6341533660888672
megabyte1,2548,16,1.5219669342041016
megabyte1,2549,16,1.6464619636535645
megabyte1,2550,16,1.6089367866516113
megabyte1,2551,16,1.7585124969482422
megabyte1,2552,16,1.3471412658691406
megabyte1,2553,16,1.593841552734375
megabyte1,2554,16,1.9634313583374023
megabyte1,2555,16,1.8788061141967773
megabyte1,2556,16,1.458289384841919
megabyte1,2557,16,1.7567062377929688
megabyte1,2558,16,1.7241382598876953
megabyte1,2559,16,1.4353041648864746
megabyte1,2560,16,1.4268875122070312
megabyte1,2561,16,1.2869977951049805
megabyte1,2562,16,2.1281356811523438
megabyte1,2563,16,1.3231163024902344
megabyte1,2564,16,1.5146064758300781
megabyte1,2565,16,1.6415290832519531
megabyte1,2566,16,1.838897705078125
megabyte1,2567,16,1.6871509552001953
megabyte1,2568,16,1.4141120910644531
megabyte1,2569,16,1.7456417083740234
megabyte1,2570,16,1.442626953125
megabyte1,2571,16,1.6799850463867188
megabyte1,2572,16,1.3695220947265625
megabyte1,2573,16,1.6216716766357422
megabyte1,2574,16,1.3774032592773438
megabyte1,2575,16,1.4883918762207031
megabyte1,2576,16,1.4117431640625
megabyte1,2577,16,1.5415191650390625
megabyte1,2578,16,1.4489212036132812
megabyte1,2579,16,1.4923107624053955
megabyte1,2580,16,1.6365203857421875
megabyte1,2581,16,1.6896018981933594
megabyte1,2582,16,1.6124725341796875
megabyte1,2583,16,1.2915573120117188
megabyte1,2584,16,1.5822906494140625
megabyte1,2585,16,1.757091999053955
megabyte1,2586,16,1.3668136596679688
megabyte1,2587,16,1.658111572265625
megabyte1,2588,16,1.3476409912109375
megabyte1,2589,16,1.2521438598632812
megabyte1,2590,16,1.6279144287109375
megabyte1,2591,16,1.715240478515625
megabyte1,2592,16,2.17510986328125
megabyte1,2593,16,1.69952392578125
megabyte1,2594,16,2.0606689453125
megabyte1,2595,16,1.686492919921875
megabyte1,2596,16,1.7972412109375
megabyte1,2597,16,1.4635162353515625
megabyte1,2598,16,1.5984115600585938
megabyte1,2599,16,1.3572769165039062
megabyte1,2600,16,1.5963592529296875
megabyte1,2601,16,1.446258544921875
megabyte1,2602,16,1.6610107421875
megabyte1,2603,16,1.6779937744140625
megabyte1,2604,16,1.8121490478515625
megabyte1,2605,16,1.5824108123779297
megabyte1,2606,16,1.6157459020614624
megabyte1,2607,16,1.7068862915039062
megabyte1,2608,16,1.708984375
megabyte1,2609,16,1.8740234375
megabyte1,2610,16,1.2853813171386719
megabyte1,2611,16,1.5394287109375
megabyte1,2612,16,1.3661956787109375
megabyte1,2613,16,1.9529814571142197
megabyte1,2614,16,1.7622065544128418
megabyte1,2615,16,1.7289581298828125
megabyte1,2616,16,1.6222787499427795
megabyte1,2617,16,1.7179327011108398
megabyte1,2618,16,1.7645606994628906
megabyte1,2619,16,1.5030403137207031
megabyte1,2620,16,1.2179889678955078
megabyte1,2621,16,1.3503494262695312
megabyte1,2622,16,1.4343667030334473
megabyte1,2623,16,1.989227294921875
megabyte1,2624,16,1.5258102416992188
megabyte1,2625,16,1.3888797760009766
megabyte1,2626,16,1.6465606689453125
megabyte1,2627,16,1.4806671142578125
megabyte1,2628,16,1.29571533203125
megabyte1,2629,16,1.5587882995605469
megabyte1,2630,16,1.93115234375
megabyte1,2631,16,1.7461929321289062
megabyte1,2632,16,1.4517669677734375
megabyte1,2633,16,1.5465850830078125
megabyte1,2634,16,1.550549030303955
megabyte1,2635,16,1.6840100288391113
megabyte1,2636,16,1.5897674560546875
megabyte1,2637,16,2.03188419342041
megabyte1,2638,16,1.8543548583984375
megabyte1,2639,16,1.8147735595703125
megabyte1,2640,16,1.4049367904663086
megabyte1,2641,16,1.6013946533203125
megabyte1,2642,16,1.5254096984863281
megabyte1,2643,16,1.3536529541015625
megabyte1,2644,16,1.6044540405273438
megabyte1,2645,16,1.6329727172851562
megabyte1,2646,16,1.9561233520507812
megabyte1,2647,16,1.4794921875
megabyte1,2648,16,1.4826469421386719
megabyte1,2649,16,1.8363037109375
megabyte1,2650,16,1.9436264038085938
megabyte1,2651,16,1.766204833984375
megabyte1,2652,16,1.5517692565917969
megabyte1,2653,16,1.418020248413086
megabyte1,2654,16,1.5507783889770508
megabyte1,2655,16,1.7181849479675293
megabyte1,2656,16,1.5242156982421875
megabyte1,2657,16,1.66400146484375
megabyte1,2658,16,1.475090503692627
megabyte1,2659,16,1.2616348266601562
megabyte1,2660,16,1.9520998001098633
megabyte1,2661,16,1.1924896240234375
megabyte1,2662,16,1.4131317138671875
megabyte1,2663,16,1.4184646606445312
megabyte1,2664,16,1.3007583618164062
megabyte1,2665,16,1.4108972549438477
megabyte1,2666,16,2.0298309326171875
megabyte1,2667,16,1.6769752502441406
megabyte1,2668,16,1.5217523574829102
megabyte1,2669,16,1.3043773174285889
megabyte1,2670,16,1.3544330596923828
megabyte1,2671,16,1.2327022552490234
megabyte1,2672,16,1.4121284484863281
megabyte1,2673,16,1.382023811340332
megabyte1,2674,16,1.3743138313293457
megabyte1,2675,16,1.7463455200195312
megabyte1,2676,16,1.9380426406860352
megabyte1,2677,16,1.824371337890625
megabyte1,2678,16,2.1683883666992188
megabyte1,2679,16,1.4408016204833984
megabyte1,2680,16,1.4943370819091797
megabyte1,2681,16,1.601158618927002
megabyte1,2682,16,1.210179328918457
megabyte1,2683,16,2.0819053649902344
megabyte1,2684,16,2.14349365234375
megabyte1,2685,16,1.3360559940338135
megabyte1,2686,16,1.3024811744689941
megabyte1,2687,16,1.2617530822753906
megabyte1,2688,16,1.820709228515625
megabyte1,2689,16,1.6610107421875
megabyte1,2690,16,1.949371337890625
megabyte1,2691,16,1.85595703125
megabyte1,2692,16,1.78887939453125
megabyte1,2693,16,1.6636581420898438
megabyte1,2694,16,1.6137828826904297
megabyte1,2695,16,1.6327972412109375
megabyte1,2696,16,1.5758209228515625
megabyte1,2697,16,1.4121971130371094
megabyte1,2698,16,1.6753959655761719
megabyte1,2699,16,1.59246826171875
megabyte1,2700,16,1.380279541015625
megabyte1,2701,16,1.6759624481201172
megabyte1,2702,16,1.4235172271728516
megabyte1,2703,16,1.8916006088256836
megabyte1,2704,16,1.3918190002441406
megabyte1,2705,16,1.4762763977050781
megabyte1,2706,16,1.4655632972717285
megabyte1,2707,16,1.605813980102539
megabyte1,2708,16,1.3687362670898438
megabyte1,2709,16,2.053192138671875
megabyte1,2710,16,1.6022415161132812
megabyte1,2711,16,1.8016090393066406
megabyte1,2712,16,1.6372289657592773
megabyte1,2713,16,1.21875
megabyte1,2714,16,1.6570167541503906
megabyte1,2715,16,1.3885631561279297
megabyte1,2716,16,1.438185691833496
megabyte1,2717,16,1.9790139198303223
megabyte1,2718,16,1.6873092651367188
megabyte1,2719,16,1.5106525421142578
megabyte1,2720,16,1.5130763053894043
megabyte1,2721,16,1.6754379272460938
megabyte1,2722,16,1.6785202026367188
megabyte1,2723,16,1.0556327104568481
megabyte1,2724,16,1.573577880859375
megabyte1,2725,16,1.2409782409667969
megabyte1,2726,16,1.762720674276352
megabyte1,2727,16,1.7342071533203125
megabyte1,2728,16,1.1311254501342773
megabyte1,2729,16,1.4132270812988281
megabyte1,2730,16,2.087069511413574
megabyte1,2731,16,1.5620026588439941
megabyte1,2732,16,1.4133946895599365
megabyte1,2733,16,1.5816650390625
megabyte1,2734,16,1.5932846069335938
megabyte1,2735,16,2.260545253753662
megabyte1,2736,16,1.4633560180664062
megabyte1,2737,16,1.7442588806152344
megabyte1,2738,16,1.6274337768554688
megabyte1,2739,16,2.04339599609375
megabyte1,2740,16,1.7205381393432617
megabyte1,2741,16,1.3230438232421875
megabyte1,2742,16,1.3922233581542969
megabyte1,2743,16,1.1851482391357422
megabyte1,2744,16,1.4982662200927734
megabyte1,2745,16,1.83953857421875
megabyte1,2746,16,1.4506490230560303
megabyte1,2747,16,1.4491193294525146
megabyte1,2748,16,1.4043149948120117
megabyte1,2749,16,1.4521214962005615
megabyte1,2750,16,1.390793889760971
megabyte1,2751,16,1.5639686584472656
megabyte1,2752,16,1.5971603393554688
megabyte1,2753,16,1.2574825286865234
megabyte1,2754,16,1.5252857208251953
megabyte1,2755,16,1.4708099365234375
megabyte1,2756,16,2.2168807983398438
megabyte1,2757,16,1.4940032958984375
megabyte1,2758,16,1.585968017578125
megabyte1,2759,16,1.5087051391601562
megabyte1,2760,16,1.6557855606079102
megabyte1,2761,16,1.5967292785644531
megabyte1,2762,16,1.3919851779937744
megabyte1,2763,16,1.5389366149902344
megabyte1,2764,16,1.6382904052734375
megabyte1,2765,16,1.748002290725708
megabyte1,2766,16,1.824737548828125
megabyte1,2767,16,1.9235305786132812
megabyte1,2768,16,1.4448184967041016
megabyte1,2769,16,1.6184463500976562
megabyte1,2770,16,1.4301300048828125
megabyte1,2771,16,1.437455177307129
megabyte1,2772,16,1.5161125659942627
megabyte1,2773,16,1.4083442687988281
megabyte1,2774,16,1.6516284942626953
megabyte1,2775,16,1.7547454833984375
megabyte1,2776,16,1.2645339965820312
megabyte1,2777,16,1.2411890029907227
megabyte1,2778,16,1.326973795890808
megabyte1,2779,16,1.6710968017578125
megabyte1,2780,16,1.9444694519042969
megabyte1,2781,16,1.9951801300048828
megabyte1,2782,16,1.3681793212890625
megabyte1,2783,16,1.4017682075500488
megabyte1,2784,16,1.68115234375
megabyte1,2785,16,1.8444061279296875
megabyte1,2786,16,1.80133056640625
megabyte1,2787,16,1.5323410034179688
megabyte1,2788,16,1.34619140625
megabyte1,2789,16,1.662078857421875
megabyte1,2790,16,1.535308837890625
megabyte1,2791,16,2.1451873779296875
megabyte1,2792,16,1.578338623046875
megabyte1,2793,16,1.8045654296875
megabyte1,2794,16,2.002227783203125
megabyte1,2795,16,1.4336662292480469
megabyte1,2796,16,1.7926368713378906
megabyte1,2797,16,1.7775726318359375
megabyte1,2798,16,1.6855430603027344
megabyte1,2799,16,1.8125
megabyte1,2800,16,1.490478515625
megabyte1,2801,16,1.501584529876709
megabyte1,2802,16,1.8289260864257812
megabyte1,2803,16,1.3167266845703125
megabyte1,2804,16,1.7201919555664062
megabyte1,2805,16,1.3747215270996094
megabyte1,2806,16,1.4228572845458984
megabyte1,2807,16,1.4339842796325684
megabyte1,2808,16,1.5096946954727173
megabyte1,2809,16,1.7675724029541016
megabyte1,2810,16,1.3219413757324219
megabyte1,2811,16,1.9476165771484375
megabyte1,2812,16,1.2712321281433105
megabyte1,2813,16,1.5870437622070312
megabyte1,2814,16,1.66705322265625
megabyte1,2815,16,1.5864439010620117
megabyte1,2816,16,1.501932144165039
megabyte1,2817,16,1.2581300735473633
megabyte1,2818,16,1.77203369140625
megabyte1,2819,16,1.5315513610839844
megabyte1,2820,16,1.9608287811279297
megabyte1,2821,16,1.7138137817382812
megabyte1,2822,16,1.771322250366211
megabyte1,2823,16,1.78662109375
megabyte1,2824,16,1.410867691040039
megabyte1,2825,16,1.5074462890625
megabyte1,2826,16,1.5582857131958008
megabyte1,2827,16,1.686410903930664
megabyte1,2828,16,1.717576026916504
megabyte1,2829,16,2.034698486328125
megabyte1,2830,16,1.6262664794921875
megabyte1,2831,16,1.7116050720214844
megabyte1,2832,16,1.4818096160888672
megabyte1,2833,16,1.0239009857177734
megabyte1,2834,16,1.4844658374786377
megabyte1,2835,16,1.5112361907958984
megabyte1,2836,16,2.029651641845703
megabyte1,2837,16,1.292806625366211
megabyte1,2838,16,1.578500747680664
megabyte1,2839,16,1.8228139877319336
megabyte1,2840,16,1.4606409072875977
megabyte1,2841,16,1.4133758544921875
megabyte1,2842,16,1.4649829864501953
megabyte1,2843,16,1.5403972864151
megabyte1,2844,16,1.449462890625
megabyte1,2845,16,1.226806640625
megabyte1,2846,16,1.7074222564697266
megabyte1,2847,16,1.96502685546875
megabyte1,2848,16,1.8337249755859375
megabyte1,2849,16,1.9255561828613281
megabyte1,2850,16,1.5856475830078125
megabyte1,2851,16,1.5315628051757812
megabyte1,2852,16,1.9680442810058594
megabyte1,2853,16,1.4381322860717773
megabyte1,2854,16,1.7033233642578125
megabyte1,2855,16,1.3796288967132568
megabyte1,2856,16,1.386383056640625
megabyte1,2857,16,2.0998077392578125
megabyte1,2858,16,1.44482421875
megabyte1,2859,16,1.82794189453125
megabyte1,2860,16,1.8866043090820312
megabyte1,2861,16,1.5276851654052734
megabyte1,2862,16,1.651123046875
megabyte1,2863,16,1.731492519378662
megabyte1,2864,16,1.3319487571716309
megabyte1,2865,16,1.8902473449707031
megabyte1,2866,16,1.608489990234375
megabyte1,2867,16,1.7627906799316406
megabyte1,2868,16,1.692138671875
megabyte1,2869,16,1.5209426879882812
megabyte1,2870,16,1.7202510833740234
megabyte1,2871,16,1.3589282035827637
megabyte1,2872,16,1.4944279789924622
megabyte1,2873,16,1.4990615844726562
megabyte1,2874,16,1.67181396484375
megabyte1,2875,16,1.6044673919677734
megabyte1,2876,16,1.6390867084264755
megabyte1,2877,16,1.3109359741210938
megabyte1,2878,16,1.5718517303466797
megabyte1,2879,16,1.851104736328125
megabyte1,2880,16,1.593597412109375
megabyte1,2881,16,1.871551513671875
megabyte1,2882,16,1.845367431640625
megabyte1,2883,16,1.628976821899414
megabyte1,2884,16,1.3294525146484375
megabyte1,2885,16,1.679922103881836
megabyte1,2886,16,1.4660491943359375
megabyte1,2887,16,1.2881641387939453
megabyte1,2888,16,1.4427947998046875
megabyte1,2889,16,1.325890302658081
megabyte1,2890,16,1.6457829475402832
megabyte1,2891,16,1.6368865966796875
megabyte1,2892,16,1.555206298828125
megabyte1,2893,16,1.2981071472167969
megabyte1,2894,16,1.0385055541992188
megabyte1,2895,16,1.7297706604003906
megabyte1,2896,16,1.3619518280029297
megabyte1,2897,16,1.627593994140625
megabyte1,2898,16,2.0202484130859375
megabyte1,2899,16,1.5773277282714844
megabyte1,2900,16,1.3818235397338867
megabyte1,2901,16,1.5859527587890625
megabyte1,2902,16,1.6559066772460938
megabyte1,2903,16,1.7174301147460938
megabyte1,2904,16,1.5760993957519531
megabyte1,2905,16,1.468912124633789
megabyte1,2906,16,1.0178141593933105
megabyte1,2907,16,1.6462554931640625
megabyte1,2908,16,1.677947998046875
megabyte1,2909,16,1.783782958984375
megabyte1,2910,16,1.743408203125
megabyte1,2911,16,1.7239761352539062
megabyte1,2912,16,1.2632160186767578
megabyte1,2913,16,1.264434814453125
megabyte1,2914,16,2.053415298461914
megabyte1,2915,16,1.4352425336837769
megabyte1,2916,16,1.9910125732421875
megabyte1,2917,16,1.6049940586090088
megabyte1,2918,16,1.5602755546569824
megabyte1,2919,16,1.4834785461425781
megabyte1,2920,16,1.0813655853271484
megabyte1,2921,16,1.1986446380615234
megabyte1,2922,16,1.5685310363769531
megabyte1,2923,16,1.59054434299469
megabyte1,2924,16,1.5700783133506775
megabyte1,2925,16,1.76434326171875
megabyte1,2926,16,1.5350368022918701
megabyte1,2927,16,1.701930046081543
megabyte1,2928,16,1.389312744140625
megabyte1,2929,16,1.57623291015625
megabyte1,2930,16,1.3902859687805176
megabyte1,2931,16,1.80023193359375
megabyte1,2932,16,1.7834033966064453
megabyte1,2933,16,1.9202346801757812
megabyte1,2934,16,1.2280683517456055
megabyte1,2935,16,1.9396826028823853
megabyte1,2936,16,1.2287240028381348
megabyte1,2937,16,1.4595258235931396
megabyte1,2938,16,1.3250354528427124
megabyte1,2939,16,1.7899322509765625
megabyte1,2940,16,1.7782325744628906
megabyte1,2941,16,1.9091453552246094
megabyte1,2942,16,2.2889819741249084
megabyte1,2943,16,1.07171630859375
megabyte1,2944,16,1.6345939636230469
megabyte1,2945,16,1.878413200378418
megabyte1,2946,16,1.8011322021484375
megabyte1,2947,16,2.030426025390625
megabyte1,2948,16,1.50311279296875
megabyte1,2949,16,1.94769287109375
megabyte1,2950,16,2.07305908203125
megabyte1,2951,16,1.716257095336914
megabyte1,2952,16,1.7550506591796875
megabyte1,2953,16,2.0102126598358154
megabyte1,2954,16,1.5126372575759888
megabyte1,2955,16,1.6036376953125
megabyte1,2956,16,1.590087890625
megabyte1,2957,16,1.397186279296875
megabyte1,2958,16,1.5400772094726562
megabyte1,2959,16,1.4641804695129395
megabyte1,2960,16,1.5832136869430542
megabyte1,2961,16,1.3877067565917969
megabyte1,2962,16,1.839141845703125
megabyte1,2963,16,1.4606304168701172
megabyte1,2964,16,1.6265335083007812
megabyte1,2965,16,1.4666748046875
megabyte1,2966,16,1.6315383911132812
megabyte1,2967,16,1.7097091674804688
megabyte1,2968,16,1.8323516845703125
megabyte1,2969,16,1.7944793701171875
megabyte1,2970,16,1.3208465576171875
megabyte1,2971,16,1.8385310173034668
megabyte1,2972,16,1.535024642944336
megabyte1,2973,16,1.2925987243652344
megabyte1,2974,16,1.81158447265625
megabyte1,2975,16,1.8557872772216797
megabyte1,2976,16,1.942626953125
megabyte1,2977,16,1.972625732421875
megabyte1,2978,16,1.825042724609375
megabyte1,2979,16,1.8821258544921875
megabyte1,2980,16,1.68463134765625
megabyte1,2981,16,1.6962127685546875
megabyte1,2982,16,1.92803955078125
megabyte1,2983,16,1.720855712890625
megabyte1,2984,16,1.783203125
megabyte1,2985,16,1.559051513671875
megabyte1,2986,16,1.2245521545410156
megabyte1,2987,16,1.3532752990722656
megabyte1,2988,16,1.752716064453125
megabyte1,2989,16,1.8427200317382812
megabyte1,2990,16,1.3752479553222656
megabyte1,2991,16,1.4033737182617188
megabyte1,2992,16,1.671539306640625
megabyte1,2993,16,2.247467041015625
megabyte1,2994,16,1.3442440032958984
megabyte1,2995,16,1.5874404907226562
megabyte1,2996,16,1.5855789184570312
megabyte1,2997,16,1.5434494018554688
megabyte1,2998,16,1.4850387573242188
megabyte1,2999,16,1.3798179626464844
megabyte1,3000,16,1.7051544189453125
megabyte1,3001,16,1.859222412109375
megabyte1,3002,16,1.3973817825317383
megabyte1,3003,16,1.3693647384643555
megabyte1,3004,16,1.3710784912109375
megabyte1,3005,16,1.3547754287719727
megabyte1,3006,16,1.4672935009002686
megabyte1,3007,16,1.596343994140625
megabyte1,3008,16,1.75128173828125
megabyte1,3009,16,1.7013740539550781
megabyte1,3010,16,1.4547195434570312
megabyte1,3011,16,1.4761009216308594
megabyte1,3012,16,1.1337425708770752
megabyte1,3013,16,1.6271820068359375
megabyte1,3014,16,1.3846588134765625
megabyte1,3015,16,1.3483428955078125
megabyte1,3016,16,1.4517879486083984
megabyte1,3017,16,1.4204373955726624
megabyte1,3018,16,1.6830568313598633
megabyte1,3019,16,1.4679489135742188
megabyte1,3020,16,2.069011688232422
megabyte1,3021,16,1.5184917449951172
megabyte1,3022,16,1.7454757690429688
megabyte1,3023,16,1.8728046417236328
megabyte1,3024,16,1.7327194213867188
megabyte1,3025,16,1.56317138671875
megabyte1,3026,16,1.5127639770507812
megabyte1,3027,16,1.4912290573120117
megabyte1,3028,16,1.7099800109863281
megabyte1,3029,16,1.5995407104492188
megabyte1,3030,16,1.4657669067382812
megabyte1,3031,16,1.6559066772460938
megabyte1,3032,16,2.1058197021484375
megabyte1,3033,16,1.70965576171875
megabyte1,3034,16,1.3447723388671875
megabyte1,3035,16,1.7946662902832031
megabyte1,3036,16,1.8313751220703125
megabyte1,3037,16,1.522552490234375
megabyte1,3038,16,1.73651123046875
megabyte1,3039,16,1.5496025085449219
megabyte1,3040,16,1.3356666564941406
megabyte1,3041,16,2.0887832641601562
megabyte1,3042,16,1.8022937774658203
megabyte1,3043,16,1.3269577026367188
megabyte1,3044,16,1.65960693359375
megabyte1,3045,16,1.56634521484375
megabyte1,3046,16,1.4511032104492188
megabyte1,3047,16,1.597442626953125
megabyte1,3048,16,1.7005062103271484
megabyte1,3049,16,2.103363037109375
megabyte1,3050,16,1.9062347412109375
megabyte1,3051,16,1.6567611694335938
megabyte1,3052,16,1.284433364868164
megabyte1,3053,16,1.4721908569335938
megabyte1,3054,16,1.6679840087890625
megabyte1,3055,16,1.94708251953125
megabyte1,3056,16,1.457427978515625
megabyte1,3057,16,1.2043933868408203
megabyte1,3058,16,1.6147918701171875
megabyte1,3059,16,1.827301025390625
megabyte1,3060,16,1.8952951431274414
megabyte1,3061,16,1.7697224617004395
megabyte1,3062,16,1.581695556640625
megabyte1,3063,16,1.505279541015625
megabyte1,3064,16,1.53558349609375
megabyte1,3065,16,1.6274032592773438
megabyte1,3066,16,1.48699951171875
megabyte1,3067,16,2.100494384765625
megabyte1,3068,16,1.9051589965820312
megabyte1,3069,16,1.56353759765625
megabyte1,3070,16,1.7904720306396484
megabyte1,3071,16,1.6521797180175781
geco22,0,16,1.80078125
geco22,1,16,1.86492919921875
geco22,2,16,2.0140380859375
geco22,3,16,1.99383544921875
geco22,4,16,1.8494873046875
geco22,5,16,1.844696044921875
geco22,6,16,1.94183349609375
geco22,7,16,1.815673828125
geco22,8,16,1.74072265625
geco22,9,16,1.904022216796875
geco22,10,16,1.86822509765625
geco22,11,16,1.71722412109375
geco22,12,16,1.868743896484375
geco22,13,16,1.6317138671875
geco22,14,16,2.029632568359375
geco22,15,16,1.95745849609375
geco22,16,16,1.63995361328125
geco22,17,16,1.87030029296875
geco22,18,16,1.971099853515625
geco22,19,16,1.946929931640625
geco22,20,16,1.94512939453125
geco22,21,16,1.84124755859375
geco22,22,16,1.921142578125
geco22,23,16,1.567047119140625
geco22,24,16,1.6676025390625
geco22,25,16,1.992431640625
geco22,26,16,1.9649658203125
geco22,27,16,2.08953857421875
geco22,28,16,1.782806396484375
geco22,29,16,1.689971923828125
geco22,30,16,1.822998046875
geco22,31,16,2.031524658203125
geco22,32,16,1.68414306640625
geco22,33,16,1.579803466796875
geco22,34,16,1.740997314453125
geco22,35,16,2.1605224609375
geco22,36,16,2.1461181640625
geco22,37,16,1.272491455078125
geco22,38,16,1.84332275390625
geco22,39,16,1.9993896484375
geco22,40,16,1.43560791015625
geco22,41,16,1.761810302734375
geco22,42,16,1.589691162109375
geco22,43,16,1.90869140625
geco22,44,16,2.1168212890625
geco22,45,16,1.976715087890625
geco22,46,16,1.78668212890625
geco22,47,16,2.01251220703125
geco22,48,16,1.64178466796875
geco22,49,16,1.61749267578125
geco22,50,16,1.701812744140625
geco22,51,16,1.82318115234375
geco22,52,16,1.684234619140625
geco22,53,16,1.63983154296875
geco22,54,16,1.6617431640625
geco22,55,16,1.8455810546875
geco22,56,16,2.0518798828125
geco22,57,16,2.075164794921875
geco22,58,16,2.0716552734375
geco22,59,16,1.81317138671875
geco22,60,16,1.69146728515625
geco22,61,16,1.84954833984375
geco22,62,16,1.708465576171875
geco22,63,16,1.939483642578125
geco22,64,16,1.764129638671875
geco22,65,16,1.7205810546875
geco22,66,16,1.675933837890625
geco22,67,16,1.8834228515625
geco22,68,16,2.072784423828125
geco22,69,16,1.71929931640625
geco22,70,16,1.7716064453125
geco22,71,16,1.68267822265625
geco22,72,16,1.748382568359375
geco22,73,16,1.716094970703125
geco22,74,16,1.759674072265625
geco22,75,16,1.889190673828125
geco22,76,16,1.982666015625
geco22,77,16,1.8800048828125
geco22,78,16,1.925872802734375
geco22,79,16,1.733154296875
geco22,80,16,1.88995361328125
geco22,81,16,1.8040771484375
geco22,82,16,1.899810791015625
geco22,83,16,2.044189453125
geco22,84,16,1.96478271484375
geco22,85,16,1.84674072265625
geco22,86,16,1.7740478515625
geco22,87,16,2.24884033203125
geco22,88,16,1.5006103515625
geco22,89,16,1.940643310546875
geco22,90,16,1.92694091796875
geco22,91,16,2.01739501953125
geco22,92,16,1.7462158203125
geco22,93,16,1.9459228515625
geco22,94,16,1.753662109375
geco22,95,16,1.94854736328125
geco22,96,16,1.770263671875
geco22,97,16,1.9930419921875
geco22,98,16,1.78375244140625
geco22,99,16,1.970550537109375
geco22,100,16,2.02850341796875
geco22,101,16,1.84539794921875
geco22,102,16,1.7562255859375
geco22,103,16,2.01666259765625
geco22,104,16,1.96380615234375
geco22,105,16,1.954010009765625
geco22,106,16,1.61370849609375
geco22,107,16,1.75592041015625
geco22,108,16,1.78973388671875
geco22,109,16,2.011383056640625
geco22,110,16,1.853515625
geco22,111,16,1.86309814453125
geco22,112,16,1.773681640625
geco22,113,16,1.8118896484375
geco22,114,16,1.88629150390625
geco22,115,16,1.750640869140625
geco22,116,16,2.067901611328125
geco22,117,16,1.586822509765625
geco22,118,16,1.714324951171875
geco22,119,16,1.83740234375
geco22,120,16,2.10931396484375
geco22,121,16,1.95538330078125
geco22,122,16,1.95428466796875
geco22,123,16,1.785491943359375
geco22,124,16,1.6363525390625
geco22,125,16,1.93115234375
geco22,126,16,2.027587890625
geco22,127,16,1.89581298828125
geco22,128,16,1.7518310546875
geco22,129,16,1.8594970703125
geco22,130,16,1.8304443359375
geco22,131,16,1.8369140625
geco22,132,16,1.7880859375
geco22,133,16,1.61358642578125
geco22,134,16,1.965087890625
geco22,135,16,1.87939453125
geco22,136,16,1.7799072265625
geco22,137,16,1.66192626953125
geco22,138,16,2.015594482421875
geco22,139,16,1.84228515625
geco22,140,16,1.8143310546875
geco22,141,16,1.86865234375
geco22,142,16,1.95867919921875
geco22,143,16,2.10308837890625
geco22,144,16,1.87054443359375
geco22,145,16,1.70184326171875
geco22,146,16,1.91571044921875
geco22,147,16,2.14935302734375
geco22,148,16,1.70556640625
geco22,149,16,1.850433349609375
geco22,150,16,1.615692138671875
geco22,151,16,1.84564208984375
geco22,152,16,1.8055419921875
geco22,153,16,1.96026611328125
geco22,154,16,1.8118896484375
geco22,155,16,1.538787841796875
geco22,156,16,1.975677490234375
geco22,157,16,1.902587890625
geco22,158,16,1.846099853515625
geco22,159,16,1.78131103515625
geco22,160,16,1.78814697265625
geco22,161,16,1.9525146484375
geco22,162,16,1.77587890625
geco22,163,16,1.98883056640625
geco22,164,16,1.954833984375
geco22,165,16,1.724853515625
geco22,166,16,1.769866943359375
geco22,167,16,1.720123291015625
geco22,168,16,1.81121826171875
geco22,169,16,1.8837890625
geco22,170,16,1.530029296875
geco22,171,16,1.700897216796875
geco22,172,16,1.8519287109375
geco22,173,16,1.634124755859375
geco22,174,16,1.721221923828125
geco22,175,16,2.015625
geco22,176,16,1.88946533203125
geco22,177,16,1.7354736328125
geco22,178,16,1.827117919921875
geco22,179,16,1.914794921875
geco22,180,16,1.87872314453125
geco22,181,16,1.90423583984375
geco22,182,16,2.08685302734375
geco22,183,16,1.84637451171875
geco22,184,16,2.08026123046875
geco22,185,16,1.582305908203125
geco22,186,16,1.6051025390625
geco22,187,16,1.807586669921875
geco22,188,16,1.7618408203125
geco22,189,16,1.735870361328125
geco22,190,16,1.961181640625
geco22,191,16,1.689300537109375
geco22,192,16,1.82574462890625
geco22,193,16,1.69879150390625
geco22,194,16,1.8135986328125
geco22,195,16,1.799560546875
geco22,196,16,2.15557861328125
geco22,197,16,1.933502197265625
geco22,198,16,1.8707275390625
geco22,199,16,2.16778564453125
geco22,200,16,1.67291259765625
geco22,201,16,1.6556396484375
geco22,202,16,1.95648193359375
geco22,203,16,1.574676513671875
geco22,204,16,1.94805908203125
geco22,205,16,1.98492431640625
geco22,206,16,1.746978759765625
geco22,207,16,1.55999755859375
geco22,208,16,1.915863037109375
geco22,209,16,1.878662109375
geco22,210,16,1.85906982421875
geco22,211,16,1.99481201171875
geco22,212,16,1.7894287109375
geco22,213,16,1.883087158203125
geco22,214,16,1.701263427734375
geco22,215,16,1.84735107421875
geco22,216,16,1.719970703125
geco22,217,16,1.81427001953125
geco22,218,16,1.935455322265625
geco22,219,16,1.73333740234375
geco22,220,16,1.74566650390625
geco22,221,16,1.744873046875
geco22,222,16,1.7607421875
geco22,223,16,1.69171142578125
geco22,224,16,1.86737060546875
geco22,225,16,1.74249267578125
geco22,226,16,1.94024658203125
geco22,227,16,1.900848388671875
geco22,228,16,1.85247802734375
geco22,229,16,2.05499267578125
geco22,230,16,1.88671875
geco22,231,16,1.73956298828125
geco22,232,16,2.04498291015625
geco22,233,16,1.673583984375
geco22,234,16,1.81317138671875
geco22,235,16,2.07940673828125
geco22,236,16,2.06610107421875
geco22,237,16,1.585693359375
geco22,238,16,1.95794677734375
geco22,239,16,1.89874267578125
geco22,240,16,1.653076171875
geco22,241,16,2.08416748046875
geco22,242,16,1.815399169921875
geco22,243,16,1.85772705078125
geco22,244,16,1.976837158203125
geco22,245,16,1.58349609375
geco22,246,16,1.816650390625
geco22,247,16,1.836578369140625
geco22,248,16,1.889129638671875
geco22,249,16,1.77587890625
geco22,250,16,2.0150146484375
geco22,251,16,1.843963623046875
geco22,252,16,1.953887939453125
geco22,253,16,1.89501953125
geco22,254,16,1.76458740234375
geco22,255,16,1.84075927734375
geco22,256,16,1.867645263671875
geco22,257,16,1.75360107421875
geco22,258,16,1.69500732421875
geco22,259,16,1.94525146484375
geco22,260,16,1.846832275390625
geco22,261,16,1.775634765625
geco22,262,16,1.8468017578125
geco22,263,16,2.056549072265625
geco22,264,16,1.84991455078125
geco22,265,16,1.85760498046875
geco22,266,16,1.846435546875
geco22,267,16,1.4544677734375
geco22,268,16,1.867706298828125
geco22,269,16,1.9375
geco22,270,16,1.7681884765625
geco22,271,16,1.673004150390625
geco22,272,16,1.9405517578125
geco22,273,16,1.750274658203125
geco22,274,16,1.932708740234375
geco22,275,16,1.63043212890625
geco22,276,16,1.96612548828125
geco22,277,16,1.68109130859375
geco22,278,16,1.6278076171875
geco22,279,16,1.97515869140625
geco22,280,16,1.73681640625
geco22,281,16,1.710693359375
geco22,282,16,1.88623046875
geco22,283,16,2.01116943359375
geco22,284,16,1.89923095703125
geco22,285,16,1.9068603515625
geco22,286,16,1.94122314453125
geco22,287,16,1.88873291015625
geco22,288,16,1.972564697265625
geco22,289,16,1.89312744140625
geco22,290,16,1.831146240234375
geco22,291,16,1.6451416015625
geco22,292,16,1.8001708984375
geco22,293,16,1.7830810546875
geco22,294,16,1.89019775390625
geco22,295,16,1.86566162109375
geco22,296,16,2.0107421875
geco22,297,16,1.738006591796875
geco22,298,16,2.11846923828125
geco22,299,16,1.81634521484375
geco22,300,16,1.83221435546875
geco22,301,16,1.8297119140625
geco22,302,16,2.0667724609375
geco22,303,16,1.933319091796875
geco22,304,16,1.72381591796875
geco22,305,16,1.77783203125
geco22,306,16,1.68939208984375
geco22,307,16,1.796722412109375
geco22,308,16,1.71612548828125
geco22,309,16,2.01611328125
geco22,310,16,2.028778076171875
geco22,311,16,1.82489013671875
geco22,312,16,2.171142578125
geco22,313,16,2.075439453125
geco22,314,16,1.730499267578125
geco22,315,16,1.826904296875
geco22,316,16,1.695831298828125
geco22,317,16,1.86431884765625
geco22,318,16,1.653076171875
geco22,319,16,1.839569091796875
geco22,320,16,2.101531982421875
geco22,321,16,1.69281005859375
geco22,322,16,1.86993408203125
geco22,323,16,1.7847900390625
geco22,324,16,1.839691162109375
geco22,325,16,1.689300537109375
geco22,326,16,1.914886474609375
geco22,327,16,1.595703125
geco22,328,16,1.8233642578125
geco22,329,16,1.86468505859375
geco22,330,16,1.95294189453125
geco22,331,16,1.92498779296875
geco22,332,16,1.70782470703125
geco22,333,16,1.9600830078125
geco22,334,16,1.77484130859375
geco22,335,16,1.772003173828125
geco22,336,16,1.971405029296875
geco22,337,16,1.952392578125
geco22,338,16,1.93499755859375
geco22,339,16,1.6824951171875
geco22,340,16,1.9019775390625
geco22,341,16,1.827423095703125
geco22,342,16,2.06146240234375
geco22,343,16,1.7618408203125
geco22,344,16,2.1553955078125
geco22,345,16,2.11566162109375
geco22,346,16,1.98828125
geco22,347,16,2.195068359375
geco22,348,16,1.8719482421875
geco22,349,16,1.8743896484375
geco22,350,16,2.05108642578125
geco22,351,16,1.65435791015625
geco22,352,16,2.048828125
geco22,353,16,1.7230224609375
geco22,354,16,1.90289306640625
geco22,355,16,1.909515380859375
geco22,356,16,1.67657470703125
geco22,357,16,1.831268310546875
geco22,358,16,1.832763671875
geco22,359,16,1.92877197265625
geco22,360,16,1.87054443359375
geco22,361,16,1.7587890625
geco22,362,16,1.802032470703125
geco22,363,16,1.844970703125
geco22,364,16,1.73193359375
geco22,365,16,1.57763671875
geco22,366,16,1.6295166015625
geco22,367,16,1.938507080078125
geco22,368,16,1.818389892578125
geco22,369,16,1.7874755859375
geco22,370,16,1.79925537109375
geco22,371,16,1.7049560546875
geco22,372,16,1.925018310546875
geco22,373,16,1.757110595703125
geco22,374,16,1.915740966796875
geco22,375,16,1.8096923828125
geco22,376,16,1.687408447265625
geco22,377,16,1.988372802734375
geco22,378,16,1.8629150390625
geco22,379,16,1.9036865234375
geco22,380,16,1.9276123046875
geco22,381,16,1.801177978515625
geco22,382,16,1.650360107421875
geco22,383,16,1.9210205078125
geco22,384,16,1.9468994140625
geco22,385,16,1.963134765625
geco22,386,16,1.7303466796875
geco22,387,16,2.05657958984375
geco22,388,16,1.51287841796875
geco22,389,16,1.7352294921875
geco22,390,16,1.76593017578125
geco22,391,16,2.08837890625
geco22,392,16,1.94622802734375
geco22,393,16,1.886993408203125
geco22,394,16,2.133544921875
geco22,395,16,1.88446044921875
geco22,396,16,1.798004150390625
geco22,397,16,1.79180908203125
geco22,398,16,1.8336181640625
geco22,399,16,1.845916748046875
geco22,400,16,1.92645263671875
geco22,401,16,1.69219970703125
geco22,402,16,1.567108154296875
geco22,403,16,1.934814453125
geco22,404,16,1.7498779296875
geco22,405,16,1.83819580078125
geco22,406,16,1.85369873046875
geco22,407,16,1.996612548828125
geco22,408,16,1.720611572265625
geco22,409,16,1.71844482421875
geco22,410,16,1.58477783203125
geco22,411,16,1.765106201171875
geco22,412,16,1.725830078125
geco22,413,16,1.972076416015625
geco22,414,16,1.9580078125
geco22,415,16,1.81866455078125
geco22,416,16,2.068084716796875
geco22,417,16,1.948760986328125
geco22,418,16,1.6885986328125
geco22,419,16,1.79302978515625
geco22,420,16,1.6942138671875
geco22,421,16,1.88751220703125
geco22,422,16,1.826904296875
geco22,423,16,2.0032958984375
geco22,424,16,1.76629638671875
geco22,425,16,1.873779296875
geco22,426,16,1.869140625
geco22,427,16,1.81707763671875
geco22,428,16,1.64312744140625
geco22,429,16,1.600311279296875
geco22,430,16,1.996826171875
geco22,431,16,1.842529296875
geco22,432,16,1.95684814453125
geco22,433,16,2.309326171875
geco22,434,16,1.676910400390625
geco22,435,16,1.8818359375
geco22,436,16,1.80499267578125
geco22,437,16,1.853790283203125
geco22,438,16,1.5938720703125
geco22,439,16,1.514862060546875
geco22,440,16,1.621063232421875
geco22,441,16,1.6966552734375
geco22,442,16,1.6287841796875
geco22,443,16,1.906524658203125
geco22,444,16,1.888397216796875
geco22,445,16,1.8499755859375
geco22,446,16,1.66845703125
geco22,447,16,1.77520751953125
geco22,448,16,1.631500244140625
geco22,449,16,2.0806884765625
geco22,450,16,1.66925048828125
geco22,451,16,1.791748046875
geco22,452,16,1.71539306640625
geco22,453,16,1.621490478515625
geco22,454,16,2.157470703125
geco22,455,16,1.8193359375
geco22,456,16,1.88922119140625
geco22,457,16,2.05438232421875
geco22,458,16,1.644805908203125
geco22,459,16,1.832763671875
geco22,460,16,2.05438232421875
geco22,461,16,2.06427001953125
geco22,462,16,1.7825927734375
geco22,463,16,2.10809326171875
geco22,464,16,1.74871826171875
geco22,465,16,1.88189697265625
geco22,466,16,1.937103271484375
geco22,467,16,1.6500244140625
geco22,468,16,1.835693359375
geco22,469,16,1.83502197265625
geco22,470,16,1.593353271484375
geco22,471,16,1.9293212890625
geco22,472,16,1.735443115234375
geco22,473,16,1.74676513671875
geco22,474,16,1.8341064453125
geco22,475,16,1.643585205078125
geco22,476,16,1.75958251953125
geco22,477,16,1.828857421875
geco22,478,16,1.96319580078125
geco22,479,16,1.796661376953125
geco22,480,16,1.988037109375
geco22,481,16,1.967529296875
geco22,482,16,1.70416259765625
geco22,483,16,1.467987060546875
geco22,484,16,1.858551025390625
geco22,485,16,1.70166015625
geco22,486,16,1.93109130859375
geco22,487,16,1.7255859375
geco22,488,16,1.598419189453125
geco22,489,16,2.18560791015625
geco22,490,16,1.74737548828125
geco22,491,16,1.724273681640625
geco22,492,16,1.578338623046875
geco22,493,16,1.744873046875
geco22,494,16,1.466766357421875
geco22,495,16,1.743255615234375
geco22,496,16,1.9029541015625
geco22,497,16,1.780517578125
geco22,498,16,1.99871826171875
geco22,499,16,1.96185302734375
geco22,500,16,1.672607421875
geco22,501,16,1.95123291015625
geco22,502,16,1.835174560546875
geco22,503,16,1.8631591796875
geco22,504,16,1.776031494140625
geco22,505,16,1.75689697265625
geco22,506,16,1.959320068359375
geco22,507,16,1.8338623046875
geco22,508,16,2.219970703125
geco22,509,16,1.959014892578125
geco22,510,16,1.8544921875
geco22,511,16,2.079925537109375
geco22,512,16,1.86492919921875
geco22,513,16,1.6707763671875
geco22,514,16,1.903076171875
geco22,515,16,1.94378662109375
geco22,516,16,2.07318115234375
geco22,517,16,1.7894287109375
geco22,518,16,1.681793212890625
geco22,519,16,1.514007568359375
geco22,520,16,2.088653564453125
geco22,521,16,1.95989990234375
geco22,522,16,1.792816162109375
geco22,523,16,1.795074462890625
geco22,524,16,1.97735595703125
geco22,525,16,1.95745849609375
geco22,526,16,2.008880615234375
geco22,527,16,1.7799072265625
geco22,528,16,1.832275390625
geco22,529,16,1.81207275390625
geco22,530,16,1.78057861328125
geco22,531,16,1.7269287109375
geco22,532,16,1.85943603515625
geco22,533,16,1.69866943359375
geco22,534,16,1.877410888671875
geco22,535,16,1.931549072265625
geco22,536,16,1.81256103515625
geco22,537,16,1.79150390625
geco22,538,16,1.927978515625
geco22,539,16,2.017486572265625
geco22,540,16,1.692230224609375
geco22,541,16,1.971588134765625
geco22,542,16,1.7813720703125
geco22,543,16,1.8812255859375
geco22,544,16,1.69989013671875
geco22,545,16,1.785003662109375
geco22,546,16,1.806854248046875
geco22,547,16,1.923828125
geco22,548,16,1.593353271484375
geco22,549,16,1.445953369140625
geco22,550,16,1.87744140625
geco22,551,16,1.84320068359375
geco22,552,16,1.7374267578125
geco22,553,16,1.87054443359375
geco22,554,16,1.70050048828125
geco22,555,16,1.741546630859375
geco22,556,16,1.83428955078125
geco22,557,16,1.84417724609375
geco22,558,16,1.695068359375
geco22,559,16,1.75927734375
geco22,560,16,1.6116943359375
geco22,561,16,1.6578369140625
geco22,562,16,2.233306884765625
geco22,563,16,1.6365966796875
geco22,564,16,1.78271484375
geco22,565,16,1.83905029296875
geco22,566,16,1.681365966796875
geco22,567,16,1.80316162109375
geco22,568,16,1.77569580078125
geco22,569,16,1.74505615234375
geco22,570,16,1.838531494140625
geco22,571,16,1.6962890625
geco22,572,16,1.88214111328125
geco22,573,16,1.76422119140625
geco22,574,16,1.96026611328125
geco22,575,16,1.618743896484375
geco22,576,16,1.8406982421875
geco22,577,16,1.750732421875
geco22,578,16,1.762451171875
geco22,579,16,1.838134765625
geco22,580,16,1.9425048828125
geco22,581,16,1.8812255859375
geco22,582,16,1.904296875
geco22,583,16,1.9161376953125
geco22,584,16,2.05987548828125
geco22,585,16,1.77392578125
geco22,586,16,2.012359619140625
geco22,587,16,1.96136474609375
geco22,588,16,1.7808837890625
geco22,589,16,1.8798828125
geco22,590,16,2.0322265625
geco22,591,16,1.714630126953125
geco22,592,16,1.85809326171875
geco22,593,16,1.730255126953125
geco22,594,16,1.98980712890625
geco22,595,16,1.92547607421875
geco22,596,16,1.7724609375
geco22,597,16,1.946319580078125
geco22,598,16,1.6943359375
geco22,599,16,1.94927978515625
geco22,600,16,1.95135498046875
geco22,601,16,1.83447265625
geco22,602,16,1.77874755859375
geco22,603,16,2.013946533203125
geco22,604,16,1.890411376953125
geco22,605,16,2.04827880859375
geco22,606,16,1.94561767578125
geco22,607,16,2.00872802734375
geco22,608,16,1.558685302734375
geco22,609,16,1.56378173828125
geco22,610,16,2.14630126953125
geco22,611,16,1.805419921875
geco22,612,16,1.749908447265625
geco22,613,16,1.762115478515625
geco22,614,16,1.6136474609375
geco22,615,16,1.746673583984375
geco22,616,16,1.782470703125
geco22,617,16,1.806549072265625
geco22,618,16,1.94427490234375
geco22,619,16,1.91302490234375
geco22,620,16,1.983642578125
geco22,621,16,2.00921630859375
geco22,622,16,1.88360595703125
geco22,623,16,1.7835693359375
geco22,624,16,1.84930419921875
geco22,625,16,2.009765625
geco22,626,16,1.62554931640625
geco22,627,16,2.05389404296875
geco22,628,16,1.842041015625
geco22,629,16,1.99639892578125
geco22,630,16,1.933502197265625
geco22,631,16,1.736968994140625
geco22,632,16,1.948944091796875
geco22,633,16,1.8126220703125
geco22,634,16,1.84796142578125
geco22,635,16,1.800018310546875
geco22,636,16,1.946807861328125
geco22,637,16,1.91680908203125
geco22,638,16,2.16436767578125
geco22,639,16,1.82843017578125
geco22,640,16,1.642486572265625
geco22,641,16,1.7716064453125
geco22,642,16,1.559814453125
geco22,643,16,1.754119873046875
geco22,644,16,1.943359375
geco22,645,16,1.78619384765625
geco22,646,16,1.726409912109375
geco22,647,16,1.61883544921875
geco22,648,16,2.09173583984375
geco22,649,16,1.849365234375
geco22,650,16,1.83477783203125
geco22,651,16,2.041748046875
geco22,652,16,1.709930419921875
geco22,653,16,1.7808837890625
geco22,654,16,1.72509765625
geco22,655,16,1.618133544921875
geco22,656,16,1.718963623046875
geco22,657,16,1.82635498046875
geco22,658,16,1.75128173828125
geco22,659,16,1.7706298828125
geco22,660,16,1.854461669921875
geco22,661,16,1.89178466796875
geco22,662,16,1.616912841796875
geco22,663,16,2.075531005859375
geco22,664,16,1.8424072265625
geco22,665,16,1.942047119140625
geco22,666,16,2.17926025390625
geco22,667,16,1.80694580078125
geco22,668,16,2.001312255859375
geco22,669,16,1.7451171875
geco22,670,16,1.82696533203125
geco22,671,16,1.791015625
geco22,672,16,1.68438720703125
geco22,673,16,2.052490234375
geco22,674,16,1.7119140625
geco22,675,16,1.761962890625
geco22,676,16,1.6444091796875
geco22,677,16,1.9293212890625
geco22,678,16,1.711029052734375
geco22,679,16,1.74212646484375
geco22,680,16,1.763946533203125
geco22,681,16,1.6973876953125
geco22,682,16,2.04437255859375
geco22,683,16,1.91754150390625
geco22,684,16,1.8739013671875
geco22,685,16,1.959136962890625
geco22,686,16,1.816436767578125
geco22,687,16,2.00323486328125
geco22,688,16,2.05364990234375
geco22,689,16,1.863006591796875
geco22,690,16,1.752410888671875
geco22,691,16,1.939910888671875
geco22,692,16,1.80133056640625
geco22,693,16,1.633544921875
geco22,694,16,1.74810791015625
geco22,695,16,1.80670166015625
geco22,696,16,1.724212646484375
geco22,697,16,1.8795166015625
geco22,698,16,1.979736328125
geco22,699,16,1.97589111328125
geco22,700,16,1.789154052734375
geco22,701,16,1.781005859375
geco22,702,16,1.8037109375
geco22,703,16,1.881591796875
geco22,704,16,1.6524658203125
geco22,705,16,2.05072021484375
geco22,706,16,1.87261962890625
geco22,707,16,2.111328125
geco22,708,16,1.80157470703125
geco22,709,16,1.55218505859375
geco22,710,16,1.862640380859375
geco22,711,16,1.7811279296875
geco22,712,16,1.7835693359375
geco22,713,16,1.81689453125
geco22,714,16,1.935791015625
geco22,715,16,1.955535888671875
geco22,716,16,1.980255126953125
geco22,717,16,1.708343505859375
geco22,718,16,1.74176025390625
geco22,719,16,1.692108154296875
geco22,720,16,1.753997802734375
geco22,721,16,1.953857421875
geco22,722,16,1.7200927734375
geco22,723,16,1.96173095703125
geco22,724,16,1.89849853515625
geco22,725,16,1.891326904296875
geco22,726,16,2.099365234375
geco22,727,16,1.799163818359375
geco22,728,16,2.00384521484375
geco22,729,16,1.786376953125
geco22,730,16,1.910675048828125
geco22,731,16,1.915435791015625
geco22,732,16,1.94781494140625
geco22,733,16,1.67755126953125
geco22,734,16,1.75421142578125
geco22,735,16,1.534271240234375
geco22,736,16,1.74755859375
geco22,737,16,2.01446533203125
geco22,738,16,1.663818359375
geco22,739,16,2.04071044921875
geco22,740,16,2.0780029296875
geco22,741,16,1.46209716796875
geco22,742,16,1.921844482421875
geco22,743,16,1.835723876953125
geco22,744,16,1.86663818359375
geco22,745,16,1.713134765625
geco22,746,16,1.726837158203125
geco22,747,16,1.7435302734375
geco22,748,16,1.77484130859375
geco22,749,16,1.96990966796875
geco22,750,16,1.68133544921875
geco22,751,16,2.06817626953125
geco22,752,16,1.654632568359375
geco22,753,16,1.849090576171875
geco22,754,16,1.87188720703125
geco22,755,16,1.678466796875
geco22,756,16,1.97296142578125
geco22,757,16,1.7744140625
geco22,758,16,1.8592529296875
geco22,759,16,1.7950439453125
geco22,760,16,1.899261474609375
geco22,761,16,1.82342529296875
geco22,762,16,2.102294921875
geco22,763,16,1.84637451171875
geco22,764,16,2.008331298828125
geco22,765,16,2.005645751953125
geco22,766,16,1.7412109375
geco22,767,16,1.60198974609375
geco22,768,16,1.9266357421875
geco22,769,16,1.90252685546875
geco22,770,16,1.95281982421875
geco22,771,16,2.062744140625
geco22,772,16,1.69049072265625
geco22,773,16,1.75750732421875
geco22,774,16,1.59405517578125
geco22,775,16,2.050262451171875
geco22,776,16,1.7379150390625
geco22,777,16,1.85638427734375
geco22,778,16,1.876739501953125
geco22,779,16,1.682037353515625
geco22,780,16,1.94635009765625
geco22,781,16,1.877593994140625
geco22,782,16,2.275848388671875
geco22,783,16,1.62445068359375
geco22,784,16,1.51312255859375
geco22,785,16,1.683685302734375
geco22,786,16,2.24261474609375
geco22,787,16,1.860595703125
geco22,788,16,1.8717041015625
geco22,789,16,1.80621337890625
geco22,790,16,1.8955078125
geco22,791,16,1.79791259765625
geco22,792,16,2.098876953125
geco22,793,16,1.7469482421875
geco22,794,16,1.804473876953125
geco22,795,16,1.977294921875
geco22,796,16,2.3519287109375
geco22,797,16,1.9381103515625
geco22,798,16,1.83197021484375
geco22,799,16,2.0069580078125
geco22,800,16,1.848236083984375
geco22,801,16,1.98382568359375
geco22,802,16,1.535980224609375
geco22,803,16,1.86810302734375
geco22,804,16,1.81243896484375
geco22,805,16,1.73443603515625
geco22,806,16,1.886810302734375
geco22,807,16,1.9801025390625
geco22,808,16,1.741119384765625
geco22,809,16,2.135986328125
geco22,810,16,1.66314697265625
geco22,811,16,1.96685791015625
geco22,812,16,1.637481689453125
geco22,813,16,1.91192626953125
geco22,814,16,1.6539306640625
geco22,815,16,1.78790283203125
geco22,816,16,1.813232421875
geco22,817,16,1.84417724609375
geco22,818,16,1.97076416015625
geco22,819,16,1.7449951171875
geco22,820,16,1.53521728515625
geco22,821,16,1.9962158203125
geco22,822,16,1.955078125
geco22,823,16,1.9888916015625
geco22,824,16,1.960693359375
geco22,825,16,1.991546630859375
geco22,826,16,1.918304443359375
geco22,827,16,2.02239990234375
geco22,828,16,1.710693359375
geco22,829,16,1.68023681640625
geco22,830,16,1.75531005859375
geco22,831,16,1.694549560546875
geco22,832,16,1.785858154296875
geco22,833,16,1.70916748046875
geco22,834,16,1.553314208984375
geco22,835,16,1.613189697265625
geco22,836,16,1.940673828125
geco22,837,16,1.93402099609375
geco22,838,16,2.258209228515625
geco22,839,16,2.195068359375
geco22,840,16,1.9111328125
geco22,841,16,1.80609130859375
geco22,842,16,1.785858154296875
geco22,843,16,1.67828369140625
geco22,844,16,1.682159423828125
geco22,845,16,1.68023681640625
geco22,846,16,1.5938720703125
geco22,847,16,1.774627685546875
geco22,848,16,1.725494384765625
geco22,849,16,2.135498046875
geco22,850,16,1.8095703125
geco22,851,16,1.908294677734375
geco22,852,16,2.09930419921875
geco22,853,16,1.905059814453125
geco22,854,16,1.9683837890625
geco22,855,16,1.7957763671875
geco22,856,16,1.835235595703125
geco22,857,16,1.813232421875
geco22,858,16,1.87451171875
geco22,859,16,1.88995361328125
geco22,860,16,1.91119384765625
geco22,861,16,1.927764892578125
geco22,862,16,2.00750732421875
geco22,863,16,1.795745849609375
geco22,864,16,1.91827392578125
geco22,865,16,1.7950439453125
geco22,866,16,2.039337158203125
geco22,867,16,1.95941162109375
geco22,868,16,1.72900390625
geco22,869,16,1.77734375
geco22,870,16,1.73309326171875
geco22,871,16,1.93499755859375
geco22,872,16,1.7567138671875
geco22,873,16,1.949066162109375
geco22,874,16,1.810546875
geco22,875,16,1.966796875
geco22,876,16,1.6832275390625
geco22,877,16,2.079345703125
geco22,878,16,1.83685302734375
geco22,879,16,1.86041259765625
geco22,880,16,1.81109619140625
geco22,881,16,1.81121826171875
geco22,882,16,1.87762451171875
geco22,883,16,2.052734375
geco22,884,16,1.87457275390625
geco22,885,16,1.663787841796875
geco22,886,16,1.456085205078125
geco22,887,16,1.83111572265625
geco22,888,16,1.91357421875
geco22,889,16,1.956878662109375
geco22,890,16,1.62060546875
geco22,891,16,2.16241455078125
geco22,892,16,1.8438720703125
geco22,893,16,1.77569580078125
geco22,894,16,1.969970703125
geco22,895,16,1.87554931640625
geco22,896,16,1.92913818359375
geco22,897,16,1.945281982421875
geco22,898,16,1.7513427734375
geco22,899,16,1.64837646484375
geco22,900,16,1.803192138671875
geco22,901,16,1.731781005859375
geco22,902,16,1.85308837890625
geco22,903,16,2.04510498046875
geco22,904,16,1.856201171875
geco22,905,16,1.793975830078125
geco22,906,16,1.915435791015625
geco22,907,16,1.732940673828125
geco22,908,16,1.69488525390625
geco22,909,16,2.02178955078125
geco22,910,16,1.807373046875
geco22,911,16,2.069610595703125
geco22,912,16,1.88671875
geco22,913,16,1.598876953125
geco22,914,16,1.56292724609375
geco22,915,16,1.77874755859375
geco22,916,16,1.647979736328125
geco22,917,16,1.84625244140625
geco22,918,16,1.7568359375
geco22,919,16,1.78253173828125
geco22,920,16,2.01312255859375
geco22,921,16,2.04449462890625
geco22,922,16,1.91748046875
geco22,923,16,2.08624267578125
geco22,924,16,1.96685791015625
geco22,925,16,1.622406005859375
geco22,926,16,2.0308837890625
geco22,927,16,1.89813232421875
geco22,928,16,1.767120361328125
geco22,929,16,1.72027587890625
geco22,930,16,2.057525634765625
geco22,931,16,1.835205078125
geco22,932,16,1.921417236328125
geco22,933,16,1.783477783203125
geco22,934,16,1.927734375
geco22,935,16,1.784271240234375
geco22,936,16,1.8536376953125
geco22,937,16,1.700103759765625
geco22,938,16,1.83624267578125
geco22,939,16,1.79620361328125
geco22,940,16,1.74371337890625
geco22,941,16,1.85882568359375
geco22,942,16,1.817901611328125
geco22,943,16,1.817596435546875
geco22,944,16,2.20501708984375
geco22,945,16,1.97430419921875
geco22,946,16,2.02301025390625
geco22,947,16,1.95562744140625
geco22,948,16,1.689422607421875
geco22,949,16,1.77178955078125
geco22,950,16,1.864044189453125
geco22,951,16,2.065155029296875
geco22,952,16,1.924072265625
geco22,953,16,1.844482421875
geco22,954,16,1.995025634765625
geco22,955,16,1.82318115234375
geco22,956,16,1.916961669921875
geco22,957,16,1.879913330078125
geco22,958,16,1.97491455078125
geco22,959,16,1.73248291015625
geco22,960,16,1.9619140625
geco22,961,16,1.93182373046875
geco22,962,16,1.5113525390625
geco22,963,16,1.935546875
geco22,964,16,1.63690185546875
geco22,965,16,1.44171142578125
geco22,966,16,2.048248291015625
geco22,967,16,1.79315185546875
geco22,968,16,1.84014892578125
geco22,969,16,1.8231201171875
geco22,970,16,1.6668701171875
geco22,971,16,1.7763671875
geco22,972,16,1.635345458984375
geco22,973,16,1.876220703125
geco22,974,16,1.785614013671875
geco22,975,16,1.813629150390625
geco22,976,16,1.482574462890625
geco22,977,16,1.80364990234375
geco22,978,16,1.717376708984375
geco22,979,16,1.90283203125
geco22,980,16,1.589019775390625
geco22,981,16,1.82525634765625
geco22,982,16,1.981201171875
geco22,983,16,1.84234619140625
geco22,984,16,1.569061279296875
geco22,985,16,1.86187744140625
geco22,986,16,1.77044677734375
geco22,987,16,2.058837890625
geco22,988,16,1.9197998046875
geco22,989,16,1.822357177734375
geco22,990,16,1.838531494140625
geco22,991,16,1.8636474609375
geco22,992,16,1.923828125
geco22,993,16,1.63250732421875
geco22,994,16,2.09100341796875
geco22,995,16,2.08123779296875
geco22,996,16,1.964447021484375
geco22,997,16,1.794921875
geco22,998,16,1.862518310546875
geco22,999,16,1.81109619140625
geco22,1000,16,1.73773193359375
geco22,1001,16,1.94036865234375
geco22,1002,16,1.82049560546875
geco22,1003,16,1.66705322265625
geco22,1004,16,1.86444091796875
geco22,1005,16,1.675933837890625
geco22,1006,16,2.005401611328125
geco22,1007,16,2.100616455078125
geco22,1008,16,1.74420166015625
geco22,1009,16,1.92877197265625
geco22,1010,16,1.983184814453125
geco22,1011,16,1.655792236328125
geco22,1012,16,1.6737060546875
geco22,1013,16,1.676177978515625
geco22,1014,16,1.7442626953125
geco22,1015,16,1.7371826171875
geco22,1016,16,1.9285888671875
geco22,1017,16,1.90679931640625
geco22,1018,16,1.913787841796875
geco22,1019,16,1.820556640625
geco22,1020,16,1.64910888671875
geco22,1021,16,1.9544677734375
geco22,1022,16,1.834747314453125
geco22,1023,16,1.83026123046875
geco22,1024,16,1.649139404296875
geco22,1025,16,1.6026611328125
geco22,1026,16,1.82501220703125
geco22,1027,16,2.15765380859375
geco22,1028,16,1.738067626953125
geco22,1029,16,1.962890625
geco22,1030,16,1.81982421875
geco22,1031,16,1.5604248046875
geco22,1032,16,1.58306884765625
geco22,1033,16,2.1180419921875
geco22,1034,16,1.76385498046875
geco22,1035,16,1.9300537109375
geco22,1036,16,1.83807373046875
geco22,1037,16,1.7322998046875
geco22,1038,16,1.96234130859375
geco22,1039,16,1.834228515625
geco22,1040,16,1.81854248046875
geco22,1041,16,2.12738037109375
geco22,1042,16,1.7999267578125
geco22,1043,16,2.084564208984375
geco22,1044,16,1.719635009765625
geco22,1045,16,2.013214111328125
geco22,1046,16,1.88751220703125
geco22,1047,16,1.76806640625
geco22,1048,16,1.792236328125
geco22,1049,16,1.8011474609375
geco22,1050,16,1.86199951171875
geco22,1051,16,1.758056640625
geco22,1052,16,1.89447021484375
geco22,1053,16,1.634063720703125
geco22,1054,16,1.755615234375
geco22,1055,16,1.825439453125
geco22,1056,16,1.8411865234375
geco22,1057,16,1.82147216796875
geco22,1058,16,2.125732421875
geco22,1059,16,1.82177734375
geco22,1060,16,1.86566162109375
geco22,1061,16,1.87884521484375
geco22,1062,16,1.74127197265625
geco22,1063,16,2.056671142578125
geco22,1064,16,2.1907958984375
geco22,1065,16,1.9090576171875
geco22,1066,16,2.01263427734375
geco22,1067,16,1.923126220703125
geco22,1068,16,1.9019775390625
geco22,1069,16,1.8292236328125
geco22,1070,16,1.86187744140625
geco22,1071,16,1.873199462890625
geco22,1072,16,2.057281494140625
geco22,1073,16,1.8994140625
geco22,1074,16,1.69781494140625
geco22,1075,16,1.91485595703125
geco22,1076,16,1.911712646484375
geco22,1077,16,1.93310546875
geco22,1078,16,1.73004150390625
geco22,1079,16,1.579345703125
geco22,1080,16,1.708038330078125
geco22,1081,16,1.929595947265625
geco22,1082,16,2.02313232421875
geco22,1083,16,1.906280517578125
geco22,1084,16,1.752044677734375
geco22,1085,16,1.678314208984375
geco22,1086,16,1.7999267578125
geco22,1087,16,1.59442138671875
geco22,1088,16,1.91326904296875
geco22,1089,16,1.77435302734375
geco22,1090,16,1.742431640625
geco22,1091,16,1.96435546875
geco22,1092,16,1.61871337890625
geco22,1093,16,1.954345703125
geco22,1094,16,1.87115478515625
geco22,1095,16,1.86322021484375
geco22,1096,16,2.021728515625
geco22,1097,16,1.694061279296875
geco22,1098,16,1.88629150390625
geco22,1099,16,1.81719970703125
geco22,1100,16,1.74365234375
geco22,1101,16,1.77264404296875
geco22,1102,16,1.69873046875
geco22,1103,16,1.76702880859375
geco22,1104,16,1.80694580078125
geco22,1105,16,1.821868896484375
geco22,1106,16,1.77972412109375
geco22,1107,16,2.0758056640625
geco22,1108,16,1.64312744140625
geco22,1109,16,2.153076171875
geco22,1110,16,1.8660888671875
geco22,1111,16,1.902618408203125
geco22,1112,16,1.538177490234375
geco22,1113,16,1.748687744140625
geco22,1114,16,1.755584716796875
geco22,1115,16,1.8880615234375
geco22,1116,16,1.7239990234375
geco22,1117,16,2.03057861328125
geco22,1118,16,1.91741943359375
geco22,1119,16,1.87994384765625
geco22,1120,16,1.777801513671875
geco22,1121,16,2.00506591796875
geco22,1122,16,2.05438232421875
geco22,1123,16,1.99749755859375
geco22,1124,16,1.722198486328125
geco22,1125,16,2.009674072265625
geco22,1126,16,1.7159423828125
geco22,1127,16,1.659149169921875
geco22,1128,16,2.29364013671875
geco22,1129,16,1.796417236328125
geco22,1130,16,1.84381103515625
geco22,1131,16,1.833953857421875
geco22,1132,16,1.8387451171875
geco22,1133,16,1.74554443359375
geco22,1134,16,1.62322998046875
geco22,1135,16,2.107391357421875
geco22,1136,16,1.822052001953125
geco22,1137,16,1.914947509765625
geco22,1138,16,1.779815673828125
geco22,1139,16,1.9405517578125
geco22,1140,16,1.816558837890625
geco22,1141,16,1.779632568359375
geco22,1142,16,1.707672119140625
geco22,1143,16,1.78143310546875
geco22,1144,16,1.646484375
geco22,1145,16,1.987060546875
geco22,1146,16,1.92120361328125
geco22,1147,16,1.66741943359375
geco22,1148,16,1.759368896484375
geco22,1149,16,1.69189453125
geco22,1150,16,2.0638427734375
geco22,1151,16,1.65985107421875
geco22,1152,16,1.826324462890625
geco22,1153,16,1.87933349609375
geco22,1154,16,1.88922119140625
geco22,1155,16,1.85675048828125
geco22,1156,16,1.708465576171875
geco22,1157,16,1.9906005859375
geco22,1158,16,1.761260986328125
geco22,1159,16,1.5093994140625
geco22,1160,16,2.12994384765625
geco22,1161,16,1.86285400390625
geco22,1162,16,1.885467529296875
geco22,1163,16,1.710418701171875
geco22,1164,16,2.0155029296875
geco22,1165,16,1.6224365234375
geco22,1166,16,1.82366943359375
geco22,1167,16,1.7381591796875
geco22,1168,16,1.9725341796875
geco22,1169,16,2.156951904296875
geco22,1170,16,1.80316162109375
geco22,1171,16,1.528472900390625
geco22,1172,16,1.895843505859375
geco22,1173,16,1.839752197265625
geco22,1174,16,1.888763427734375
geco22,1175,16,1.83099365234375
geco22,1176,16,2.0010986328125
geco22,1177,16,1.8297119140625
geco22,1178,16,1.8529052734375
geco22,1179,16,1.763214111328125
geco22,1180,16,1.91680908203125
geco22,1181,16,1.70391845703125
geco22,1182,16,2.068603515625
geco22,1183,16,1.7073974609375
geco22,1184,16,1.653961181640625
geco22,1185,16,2.21600341796875
geco22,1186,16,2.103515625
geco22,1187,16,1.89324951171875
geco22,1188,16,1.994384765625
geco22,1189,16,1.690460205078125
geco22,1190,16,1.5220947265625
geco22,1191,16,1.99102783203125
geco22,1192,16,1.53082275390625
geco22,1193,16,1.736541748046875
geco22,1194,16,1.909881591796875
geco22,1195,16,1.85186767578125
geco22,1196,16,2.0018310546875
geco22,1197,16,1.8548583984375
geco22,1198,16,1.93939208984375
geco22,1199,16,1.7449951171875
geco22,1200,16,1.91888427734375
geco22,1201,16,2.06231689453125
geco22,1202,16,1.879180908203125
geco22,1203,16,1.688720703125
geco22,1204,16,2.29986572265625
geco22,1205,16,1.83056640625
geco22,1206,16,1.86798095703125
geco22,1207,16,1.794769287109375
geco22,1208,16,1.60308837890625
geco22,1209,16,2.01483154296875
geco22,1210,16,1.990325927734375
geco22,1211,16,1.534332275390625
geco22,1212,16,2.133056640625
geco22,1213,16,1.9073486328125
geco22,1214,16,1.91607666015625
geco22,1215,16,1.78118896484375
geco22,1216,16,2.02984619140625
geco22,1217,16,1.88995361328125
geco22,1218,16,1.993072509765625
geco22,1219,16,2.053802490234375
geco22,1220,16,1.7901611328125
geco22,1221,16,1.97607421875
geco22,1222,16,1.883453369140625
geco22,1223,16,1.622894287109375
geco22,1224,16,1.839202880859375
geco22,1225,16,1.57867431640625
geco22,1226,16,1.892730712890625
geco22,1227,16,1.7113037109375
geco22,1228,16,1.53839111328125
geco22,1229,16,1.6005859375
geco22,1230,16,1.99066162109375
geco22,1231,16,1.833038330078125
geco22,1232,16,1.8193359375
geco22,1233,16,2.04547119140625
geco22,1234,16,1.7755126953125
geco22,1235,16,1.96990966796875
geco22,1236,16,1.83001708984375
geco22,1237,16,1.75634765625
geco22,1238,16,1.66204833984375
geco22,1239,16,1.792144775390625
geco22,1240,16,1.796295166015625
geco22,1241,16,1.8837890625
geco22,1242,16,2.17559814453125
geco22,1243,16,1.57733154296875
geco22,1244,16,1.82940673828125
geco22,1245,16,1.968170166015625
geco22,1246,16,1.7618408203125
geco22,1247,16,1.764404296875
geco22,1248,16,1.941162109375
geco22,1249,16,1.93707275390625
geco22,1250,16,2.030120849609375
geco22,1251,16,1.918426513671875
geco22,1252,16,2.042572021484375
geco22,1253,16,1.798553466796875
geco22,1254,16,1.8660888671875
geco22,1255,16,1.8724365234375
geco22,1256,16,1.597686767578125
geco22,1257,16,1.842987060546875
geco22,1258,16,1.819671630859375
geco22,1259,16,2.1278076171875
geco22,1260,16,2.02667236328125
geco22,1261,16,2.01922607421875
geco22,1262,16,1.90362548828125
geco22,1263,16,2.01202392578125
geco22,1264,16,1.98223876953125
geco22,1265,16,1.80499267578125
geco22,1266,16,1.80029296875
geco22,1267,16,1.76031494140625
geco22,1268,16,1.69287109375
geco22,1269,16,1.95770263671875
geco22,1270,16,1.923828125
geco22,1271,16,1.70184326171875
geco22,1272,16,2.09002685546875
geco22,1273,16,1.79559326171875
geco22,1274,16,1.9468994140625
geco22,1275,16,1.92041015625
geco22,1276,16,1.657470703125
geco22,1277,16,1.709991455078125
geco22,1278,16,2.00872802734375
geco22,1279,16,1.79931640625
geco22,1280,16,1.86175537109375
geco22,1281,16,2.09112548828125
geco22,1282,16,1.527740478515625
geco22,1283,16,1.88385009765625
geco22,1284,16,2.015380859375
geco22,1285,16,1.9989013671875
geco22,1286,16,1.84674072265625
geco22,1287,16,1.702423095703125
geco22,1288,16,2.089599609375
geco22,1289,16,1.86053466796875
geco22,1290,16,1.708892822265625
geco22,1291,16,1.7318115234375
geco22,1292,16,1.82080078125
geco22,1293,16,1.6389694213867188
geco22,1294,16,1.9367218017578125
geco22,1295,16,1.732269287109375
geco22,1296,16,1.8382339477539062
geco22,1297,16,1.7832260131835938
geco22,1298,16,1.7826004028320312
geco22,1299,16,2.34332275390625
geco22,1300,16,2.21868896484375
geco22,1301,16,1.83258056640625
geco22,1302,16,1.921295166015625
geco22,1303,16,1.66864013671875
geco22,1304,16,1.777862548828125
geco22,1305,16,2.0787353515625
geco22,1306,16,1.836181640625
geco22,1307,16,1.7176513671875
geco22,1308,16,1.839141845703125
geco22,1309,16,1.90081787109375
geco22,1310,16,1.70159912109375
geco22,1311,16,2.06494140625
geco22,1312,16,1.7830810546875
geco22,1313,16,1.766326904296875
geco22,1314,16,1.834442138671875
geco22,1315,16,1.873321533203125
geco22,1316,16,1.61431884765625
geco22,1317,16,2.05828857421875
geco22,1318,16,1.795989990234375
geco22,1319,16,1.952789306640625
geco22,1320,16,1.9544677734375
geco22,1321,16,1.81878662109375
geco22,1322,16,1.84197998046875
geco22,1323,16,2.3255615234375
geco22,1324,16,1.652191162109375
geco22,1325,16,1.7591552734375
geco22,1326,16,2.082305908203125
geco22,1327,16,1.991943359375
geco22,1328,16,1.994842529296875
geco22,1329,16,2.1400146484375
geco22,1330,16,1.970947265625
geco22,1331,16,2.076171875
geco22,1332,16,1.72442626953125
geco22,1333,17,2.1212660845588234
geco22,1334,17,1.8390682444852942
geco22,1335,17,1.7504595588235294
geco22,1336,17,1.8667279411764706
geco22,1337,17,1.722311580882353
geco22,1338,17,1.7240062040441178
geco22,1339,17,1.8489200367647058
geco22,1340,17,1.8317440257352942
geco22,1341,17,1.916159237132353
geco22,1342,17,1.9188304227941178
geco22,1343,17,1.9183421415441178
geco22,1344,17,1.7383099724264706
geco22,1345,17,1.795654296875
geco22,1346,17,2.0913947610294117
geco22,1347,17,1.5263671875
geco22,1348,17,1.91650390625
geco22,1349,17,1.9099839154411764
geco22,1350,17,1.7515510110294117
geco22,1351,17,1.9661362591911764
geco22,1352,17,1.8770680147058822
geco22,1353,17,1.8136776194852942
geco22,1354,17,1.7750172334558822
geco22,1355,17,1.9754136029411764
geco22,1356,17,2.0148207720588234
geco22,1357,17,1.8670151654411764
geco22,1358,17,2.2384535845588234
geco22,1359,17,1.7097886029411764
geco22,1360,17,1.645852481617647
geco22,1361,17,1.958151424632353
geco22,1362,17,1.7461224724264706
geco22,1363,17,2.144100413602941
geco22,1364,17,1.7431927849264706
geco22,1365,17,1.7868795955882353
geco22,1366,17,1.6078239889705883
geco22,1367,17,1.853515625
geco22,1368,17,1.8654641544117647
geco22,1369,17,1.949563419117647
geco22,1370,17,2.1052964154411766
geco22,1371,17,1.8945025275735294
geco22,1372,17,1.9067095588235294
geco22,1373,17,1.9216164981617647
geco22,1374,17,1.9170783547794117
geco22,1375,17,1.8050608915441178
geco22,1376,17,1.9215590533088236
geco22,1377,17,1.9658203125
geco22,1378,17,1.8575080422794117
geco22,1379,17,1.6792566636029411
geco22,1380,17,1.9720818014705883
geco22,1381,17,1.8282398897058822
geco22,1382,17,2.0451803768382355
geco22,1383,17,1.9747242647058822
geco22,1384,17,1.7461224724264706
geco22,1385,17,2.0176930147058822
geco22,1386,17,1.775390625
geco22,1387,17,1.5800206801470589
geco22,1388,17,1.8339269301470589
geco22,1389,17,1.9657915900735294
geco22,1390,17,1.9006491268382353
geco22,1391,17,1.9935661764705883
geco22,1392,17,1.8439223345588236
geco22,1393,17,1.6272116268382353
geco22,1394,17,1.760598575367647
geco22,1395,17,1.902688419117647
geco22,1396,17,1.7883731617647058
geco22,1397,17,1.6800034466911764
geco22,1398,17,1.8134765625
geco22,1399,17,1.7675206801470589
geco22,1400,17,1.9456858915441178
geco22,1401,17,1.8518210018382353
geco22,1402,17,1.967629825367647
geco22,1403,17,1.7406939338235294
geco22,1404,17,1.8485753676470589
geco22,1405,17,1.7764533547794117
geco22,1406,17,1.8988970588235294
geco22,1407,17,1.86572265625
geco22,1408,17,1.596335018382353
geco22,1409,17,1.98828125
geco22,1410,17,1.7019473805147058
geco22,1411,17,1.7462660845588236
geco22,1412,17,2.0677849264705883
geco22,1413,17,1.8823529411764706
geco22,1414,17,1.8003791360294117
geco22,1415,17,1.808249080882353
geco22,1416,17,1.7906422334558822
geco22,1417,17,1.8014993106617647
geco22,1418,17,1.8859432444852942
geco22,1419,17,1.6240234375
geco22,1420,17,1.9135454963235294
geco22,1421,17,1.9040096507352942
geco22,1422,17,1.849264705882353
geco22,1423,17,1.9063074448529411
geco22,1424,17,1.8917164522058822
geco22,1425,17,1.9387063419117647
geco22,1426,17,2.006491268382353
geco22,1427,17,1.8546070772058822
geco22,1428,17,1.9971277573529411
geco22,1429,17,1.8235581341911764
geco22,1430,17,1.94482421875
geco22,1431,17,2.0666360294117645
geco22,1432,17,1.7237477022058822
geco22,1433,17,1.8276654411764706
geco22,1434,17,1.9068244485294117
geco22,1435,17,1.8427447150735294
geco22,1436,17,1.7941463694852942
geco22,1437,17,1.8723862591911764
geco22,1438,17,1.6657858455882353
geco22,1439,17,1.60693359375
geco22,1440,17,1.824362362132353
geco22,1441,17,1.8235294117647058
geco22,1442,17,1.7601677389705883
geco22,1443,17,1.671530330882353
geco22,1444,17,1.7565487132352942
geco22,1445,17,1.9028607536764706
geco22,1446,17,1.9447380514705883
geco22,1447,17,1.7288028492647058
geco22,1448,17,1.6782801011029411
geco22,1449,17,1.8590590533088236
geco22,1450,17,2.1997931985294117
geco22,1451,17,1.9505974264705883
geco22,1452,17,1.7389705882352942
geco22,1453,17,1.9618278952205883
geco22,1454,17,1.8381778492647058
geco22,1455,17,1.9753561580882353
geco22,1456,17,1.70654296875
geco22,1457,17,1.7022633272058822
geco22,1458,17,2.140423943014706
geco22,1459,17,1.8034811580882353
geco22,1460,17,2.0546875
geco22,1461,17,1.7134650735294117
geco22,1462,17,2.2352366727941178
geco22,1463,17,2.129538143382353
geco22,1464,17,1.8556410845588236
geco22,1465,17,1.9730583639705883
geco22,1466,17,1.9418658088235294
geco22,1467,17,1.8867474724264706
geco22,1468,17,2.1400505514705883
geco22,1469,17,1.9445082720588236
geco22,1470,17,1.7014590992647058
geco22,1471,17,1.8643439797794117
geco22,1472,17,1.6651539522058822
geco22,1473,17,1.9047564338235294
geco22,1474,17,1.5228630514705883
geco22,1475,17,1.8285271139705883
geco22,1476,17,1.672219669117647
geco22,1477,17,1.8297047334558822
geco22,1478,17,1.8752872242647058
geco22,1479,17,1.7259880514705883
geco22,1480,17,1.8077320772058822
geco22,1481,17,1.8605813419117647
geco22,1482,17,1.9244025735294117
geco22,1483,17,1.849752987132353
geco22,1484,17,1.9505112591911764
geco22,1485,17,2.038373161764706
geco22,1486,17,1.4676872702205883
geco22,1487,17,1.656594669117647
geco22,1488,17,2.127010569852941
geco22,1489,17,1.746438419117647
geco22,1490,17,1.9123391544117647
geco22,1491,17,1.7189223345588236
geco22,1492,17,1.8864315257352942
geco22,1493,17,1.7475298713235294
geco22,1494,17,2.105124080882353
geco22,1495,17,1.6864085477941178
geco22,1496,17,1.5756261488970589
geco22,1497,17,1.8106330422794117
geco22,1498,17,1.8488625919117647
geco22,1499,17,1.9680032169117647
geco22,1500,17,1.7394588694852942
geco22,1501,17,1.7146426930147058
geco22,1502,17,2.393497242647059
geco22,1503,17,1.8982651654411764
geco22,1504,17,1.7541360294117647
geco22,1505,17,1.8304802389705883
geco22,1506,17,2.059914981617647
geco22,1507,17,1.763039981617647
geco22,1508,17,1.7134937959558822
geco22,1509,17,1.7895795036764706
geco22,1510,17,1.6133674172794117
geco22,1511,17,1.9794347426470589
geco22,1512,17,1.5922277113970589
geco22,1513,17,1.9889418658088236
geco22,1514,17,1.9194623161764706
geco22,1515,17,1.8682789522058822
geco22,1516,17,2.113568474264706
geco22,1517,17,2.0439165900735294
geco22,1518,17,2.055951286764706
geco22,1519,17,1.6923253676470589
geco22,1520,17,1.6864659926470589
geco22,1521,17,1.7626091452205883
geco22,1522,17,1.9254940257352942
geco22,1523,17,1.8559857536764706
geco22,1524,17,1.7451459099264706
geco22,1525,17,1.4434455422794117
geco22,1526,17,2.2436810661764706
geco22,1527,17,1.653664981617647
geco22,1528,17,1.9440487132352942
geco22,1529,17,1.8370289522058822
geco22,1530,17,1.6906594669117647
geco22,1531,17,1.9396541819852942
geco22,1532,17,2.2117417279411766
geco22,1533,17,2.0168313419117645
geco22,1534,17,1.6966050091911764
geco22,1535,17,2.3243336397058822
geco22,1536,17,1.9575482536764706
geco22,1537,17,1.590676700367647
geco22,1538,17,1.80615234375
geco22,1539,17,2.0836684283088234
geco22,1540,17,1.5748793658088236
geco22,1541,17,1.7123161764705883
geco22,1542,17,2.0082720588235294
geco22,1543,17,1.9948299632352942
geco22,1544,17,2.0031594669117645
geco22,1545,17,1.679831112132353
geco22,1546,17,1.6998219209558822
geco22,1547,17,1.815774356617647
geco22,1548,17,1.6875574448529411
geco22,1549,17,2.0298713235294117
geco22,1550,17,1.8800838694852942
geco22,1551,17,2.057961856617647
geco22,1552,17,1.9543026194852942
geco22,1553,17,2.022403492647059
geco22,1554,17,1.7993451286764706
geco22,1555,17,1.6860638786764706
geco22,1556,17,1.9613396139705883
geco22,1557,17,1.8743106617647058
geco22,1558,17,1.8749425551470589
geco22,1559,17,1.7801872702205883
geco22,1560,17,1.7977653952205883
geco22,1561,17,1.6756950827205883
geco22,1562,17,1.8380629595588236
geco22,1563,17,1.7087545955882353
geco22,1564,17,1.8671013327205883
geco22,1565,17,1.6671645220588236
geco22,1566,17,1.7672909007352942
geco22,1567,17,1.7137522977941178
geco22,1568,17,1.966796875
geco22,1569,17,1.8874080882352942
geco22,1570,17,1.6614487591911764
geco22,1571,17,2.0676125919117645
geco22,1572,17,1.9614545036764706
geco22,1573,17,2.0716911764705883
geco22,1574,17,1.9227366727941178
geco22,1575,17,1.6134535845588236
geco22,1576,17,1.8607536764705883
geco22,1577,17,1.924948299632353
geco22,1578,17,2.0899586397058822
geco22,1579,17,1.5109145220588236
geco22,1580,17,1.9113913143382353
geco22,1581,17,1.7833754595588236
geco22,1582,17,1.9516888786764706
geco22,1583,17,2.0837545955882355
geco22,1584,17,1.6276999080882353
geco22,1585,17,1.7281422334558822
geco22,1586,17,1.9994829963235294
geco22,1587,17,1.7513786764705883
geco22,1588,17,1.86083984375
geco22,1589,17,1.6637465533088236
geco22,1590,17,1.8054342830882353
geco22,1591,17,1.8582835477941178
geco22,1592,17,1.8385512408088236
geco22,1593,17,1.8908835018382353
geco22,1594,17,1.9086626838235294
geco22,1595,17,1.7809627757352942
geco22,1596,17,1.725241268382353
geco22,1597,17,1.8039407169117647
geco22,1598,17,1.8852826286764706
geco22,1599,17,1.8039981617647058
geco22,1600,17,1.7865923713235294
geco22,1601,17,1.90234375
geco22,1602,17,1.699563419117647
geco22,1603,17,1.84716796875
geco22,1604,17,2.022805606617647
geco22,1605,17,1.9754136029411764
geco22,1606,17,1.9822495404411764
geco22,1607,17,2.014590992647059
geco22,1608,17,1.9387063419117647
geco22,1609,17,1.744772518382353
geco22,1610,17,1.9180549172794117
geco22,1611,17,1.8895335477941178
geco22,1612,17,1.8634535845588236
geco22,1613,17,1.9059627757352942
geco22,1614,17,1.5663488051470589
geco22,1615,17,2.0233513327205883
geco22,1616,17,1.9297736672794117
geco22,1617,17,1.6885052849264706
geco22,1618,17,1.8838465073529411
geco22,1619,17,1.9505974264705883
geco22,1620,17,1.8697150735294117
geco22,1621,17,1.977682674632353
geco22,1622,17,1.8785903033088236
geco22,1623,17,1.7009708180147058
geco22,1624,17,2.1740579044117645
geco22,1625,17,2.0278033088235294
geco22,1626,17,1.7678653492647058
geco22,1627,17,1.8600643382352942
geco22,1628,17,1.7343175551470589
geco22,1629,17,1.8554974724264706
geco22,1630,17,1.8804859834558822
geco22,1631,17,1.7718577665441178
geco22,1632,17,2.0311638327205883
geco22,1633,17,1.5965935202205883
geco22,1634,17,1.8855698529411764
geco22,1635,17,1.7985983455882353
geco22,1636,17,1.7877125459558822
geco22,1637,17,1.8029928768382353
geco22,1638,17,1.6313763786764706
geco22,1639,17,1.9258961397058822
geco22,1640,17,1.7389418658088236
geco22,1641,17,1.639993106617647
geco22,1642,17,1.8093405330882353
geco22,1643,17,1.6261488970588236
geco22,1644,17,1.7971622242647058
geco22,1645,17,2.0669806985294117
geco22,1646,17,1.7982536764705883
geco22,1647,17,1.8134191176470589
geco22,1648,17,2.0905905330882355
geco22,1649,17,1.6938189338235294
geco22,1650,17,2.000430836397059
geco22,1651,17,1.7409811580882353
geco22,1652,17,1.9156135110294117
geco22,1653,17,1.9443072150735294
geco22,1654,17,1.7385397518382353
geco22,1655,17,1.8866038602941178
geco22,1656,17,1.7916187959558822
geco22,1657,17,1.748678768382353
geco22,1658,17,1.6348517922794117
geco22,1659,17,2.0946978400735294
geco22,1660,17,1.8600643382352942
geco22,1661,17,1.592428768382353
geco22,1662,17,1.9717945772058822
geco22,1663,17,1.9268152573529411
geco22,1664,17,2.036764705882353
geco22,1665,17,1.7718864889705883
geco22,1666,17,1.7705939797794117
geco22,1667,17,1.5842715992647058
geco22,1668,17,1.8916015625
geco22,1669,17,1.8406479779411764
geco22,1670,17,1.8653205422794117
geco22,1671,17,1.9384478400735294
geco22,1672,17,2.1065602022058822
geco22,1673,17,1.9794347426470589
geco22,1674,17,1.5437155330882353
geco22,1675,17,1.7575827205882353
geco22,1676,17,1.8953354779411764
geco22,1677,17,1.8129021139705883
geco22,1678,17,2.0577320772058822
geco22,1679,17,2.026912913602941
geco22,1680,17,1.648782169117647
geco22,1681,17,2.039407169117647
geco22,1682,17,1.8647748161764706
geco22,1683,17,1.9226217830882353
geco22,1684,17,1.7675494025735294
geco22,1685,17,1.8316291360294117
geco22,1686,17,1.8764361213235294
geco22,1687,17,1.8548655790441178
geco22,1688,17,1.9565716911764706
geco22,1689,17,1.7555434283088236
geco22,1690,17,1.830422794117647
geco22,1691,17,1.8581686580882353
geco22,1692,17,2.1671070772058822
geco22,1693,17,2.050091911764706
geco22,1694,17,2.1915785845588234
geco22,1695,17,1.7985121783088236
geco22,1696,17,1.717428768382353
geco22,1697,17,2.0888671875
geco22,1698,17,1.7505457261029411
geco22,1699,17,1.7215935202205883
geco22,1700,17,1.7181755514705883
geco22,1701,17,1.8559283088235294
geco22,1702,17,1.800637637867647
geco22,1703,17,1.8947610294117647
geco22,1704,17,1.9346852022058822
geco22,1705,17,1.9048138786764706
geco22,1706,17,1.7147863051470589
geco22,1707,17,1.9282513786764706
geco22,1708,17,1.8247644761029411
geco22,1709,17,1.8230124080882353
geco22,1710,17,1.7881433823529411
geco22,1711,17,1.6046645220588236
geco22,1712,17,1.787109375
geco22,1713,17,1.7976792279411764
geco22,1714,17,1.6379250919117647
geco22,1715,17,1.8380916819852942
geco22,1716,17,1.7025218290441178
geco22,1717,17,1.9240579044117647
geco22,1718,17,1.9030043658088236
geco22,1719,17,1.8679630055147058
geco22,1720,17,1.8255687040441178
geco22,1721,17,1.762350643382353
geco22,1722,17,1.5873736213235294
geco22,1723,17,1.6021369485294117
geco22,1724,17,1.5604607077205883
geco22,1725,17,1.8306525735294117
geco22,1726,17,1.7788947610294117
geco22,1727,17,1.8029067095588236
geco22,1728,17,1.728515625
geco22,1729,17,1.7424460018382353
geco22,1730,17,1.76513671875
geco22,1731,17,1.9580365349264706
geco22,1732,17,1.8089958639705883
geco22,1733,17,1.8779009650735294
geco22,1734,17,1.6091164981617647
geco22,1735,17,1.8996725643382353
geco22,1736,17,1.7017176011029411
geco22,1737,17,1.7429342830882353
geco22,1738,17,1.8652918198529411
geco22,1739,17,1.8370863970588236
geco22,1740,17,1.9811580882352942
geco22,1741,17,1.6115579044117647
geco22,1742,17,1.7577837775735294
geco22,1743,17,1.7801872702205883
geco22,1744,17,1.6975815716911764
geco22,1745,17,1.8303366268382353
geco22,1746,17,1.9035500919117647
geco22,1747,17,1.8146254595588236
geco22,1748,17,1.8188763786764706
geco22,1749,17,1.7375631893382353
geco22,1750,17,1.7494255514705883
geco22,1751,17,1.9874770220588236
geco22,1752,17,1.7369025735294117
geco22,1753,17,1.849954044117647
geco22,1754,17,1.7201286764705883
geco22,1755,17,1.8068991268382353
geco22,1756,17,1.9489315257352942
geco22,1757,17,1.7900103400735294
geco22,1758,17,1.8117532169117647
geco22,1759,17,1.8943014705882353
geco22,1760,17,1.6463694852941178
geco22,1761,17,1.8770105698529411
geco22,1762,17,1.884133731617647
geco22,1763,17,1.7709673713235294
geco22,1764,17,1.8820657169117647
geco22,1765,17,1.9921587775735294
geco22,1766,17,2.0080422794117645
geco22,1767,17,1.8936695772058822
geco22,1768,17,1.9457720588235294
geco22,1769,17,1.7759076286764706
geco22,1770,17,1.4594439338235294
geco22,1771,17,1.7868508731617647
geco22,1772,17,1.7015739889705883
geco22,1773,17,1.811868106617647
geco22,1774,17,1.755514705882353
geco22,1775,17,1.8938706341911764
geco22,1776,17,1.8859719669117647
geco22,1777,17,1.8729894301470589
geco22,1778,17,1.785012637867647
geco22,1779,17,1.9100413602941178
geco22,1780,17,1.6954273897058822
geco22,1781,17,1.8008099724264706
geco22,1782,17,1.879250919117647
geco22,1783,17,1.7393727022058822
geco22,1784,17,2.0435431985294117
geco22,1785,17,1.8007238051470589
geco22,1786,17,1.8029928768382353
geco22,1787,17,1.7352941176470589
geco22,1788,17,2.0181525735294117
geco22,1789,17,1.7741842830882353
geco22,1790,17,1.7829733455882353
geco22,1791,17,1.8009535845588236
geco22,1792,17,1.8943301930147058
geco22,1793,17,1.7765682444852942
geco22,1794,17,1.886575137867647
geco22,1795,17,1.9547047334558822
geco22,1796,17,1.6234489889705883
geco22,1797,17,1.9470932904411764
geco22,1798,17,1.9922736672794117
geco22,1799,17,1.9491325827205883
geco22,1800,17,1.8253676470588236
geco22,1801,17,1.7059972426470589
geco22,1802,17,1.9415785845588236
geco22,1803,17,1.9924172794117647
geco22,1804,17,1.8807732077205883
geco22,1805,17,1.7230870863970589
geco22,1806,17,1.7471852022058822
geco22,1807,17,1.84521484375
geco22,1808,17,1.7882008272058822
geco22,1809,17,1.9469784007352942
geco22,1810,17,1.7653664981617647
geco22,1811,17,1.7633559283088236
geco22,1812,17,1.8114085477941178
geco22,1813,17,1.9465762867647058
geco22,1814,17,1.9018841911764706
geco22,1815,17,1.6748046875
geco22,1816,17,2.1548713235294117
geco22,1817,17,1.8446691176470589
geco22,1818,17,1.5882065716911764
geco22,1819,17,1.9420955882352942
geco22,1820,17,2.141314338235294
geco22,1821,17,1.9144933363970589
geco22,1822,17,1.856100643382353
geco22,1823,17,1.6935317095588236
geco22,1824,17,1.588235294117647
geco22,1825,17,1.9042394301470589
geco22,1826,17,2.1435546875
geco22,1827,17,1.9983340992647058
geco22,1828,17,1.6241383272058822
geco22,1829,17,1.8871208639705883
geco22,1830,17,1.6482651654411764
geco22,1831,17,1.86962890625
geco22,1832,17,1.841452205882353
geco22,1833,17,1.8019301470588236
geco22,1834,17,1.799460018382353
geco22,1835,17,1.8206858915441178
geco22,1836,17,1.6076803768382353
geco22,1837,17,2.002872242647059
geco22,1838,17,1.90966796875
geco22,1839,17,2.0384018841911766
geco22,1840,17,1.7938591452205883
geco22,1841,17,1.7629250919117647
geco22,1842,17,1.8980353860294117
geco22,1843,17,2.003274356617647
geco22,1844,17,1.894186580882353
geco22,1845,17,1.818991268382353
geco22,1846,17,2.115866268382353
geco22,1847,17,2.016659007352941
geco22,1848,17,2.013039981617647
geco22,1849,17,1.9311810661764706
geco22,1850,17,1.8438074448529411
geco22,1851,17,1.5583926930147058
geco22,1852,17,1.9171932444852942
geco22,1853,17,2.036420036764706
geco22,1854,17,1.7705652573529411
geco22,1855,17,1.7414407169117647
geco22,1856,17,1.7846966911764706
geco22,1857,17,1.7399758731617647
geco22,1858,17,1.7180606617647058
geco22,1859,17,1.884420955882353
geco22,1860,17,1.9289119944852942
geco22,1861,17,1.8857134650735294
geco22,1862,17,1.8918313419117647
geco22,1863,17,1.9267578125
geco22,1864,17,1.8792221966911764
geco22,1865,17,2.059512867647059
geco22,1866,17,2.0234375
geco22,1867,17,2.1031996783088234
geco22,1868,17,1.7782915900735294
geco22,1869,17,1.8363970588235294
geco22,1870,17,1.6601275275735294
geco22,1871,17,1.902975643382353
geco22,1872,17,2.0017233455882355
geco22,1873,17,1.8429457720588236
geco22,1874,17,1.6263786764705883
geco22,1875,17,1.8783892463235294
geco22,1876,17,1.868795955882353
geco22,1877,17,2.026309742647059
geco22,1878,17,1.6666762408088236
geco22,1879,17,1.6510799632352942
geco22,1880,17,1.5042221966911764
geco22,1881,17,1.9351447610294117
geco22,1882,17,1.9632927389705883
geco22,1883,17,1.8403607536764706
geco22,1884,17,1.6899126838235294
geco22,1885,17,1.674948299632353
geco22,1886,17,1.6865234375
geco22,1887,17,1.7867359834558822
geco22,1888,17,1.9005055147058822
geco22,1889,17,1.9283088235294117
geco22,1890,17,1.835305606617647
geco22,1891,17,1.6287913602941178
geco22,1892,17,2.1700367647058822
geco22,1893,17,1.8940142463235294
geco22,1894,17,1.7495404411764706
geco22,1895,17,2.037109375
geco22,1896,17,1.8911994485294117
geco22,1897,17,1.7082950367647058
geco22,1898,17,2.0446920955882355
geco22,1899,17,2.0134995404411766
geco22,1900,17,1.8531135110294117
geco22,1901,17,1.709329044117647
geco22,1902,17,1.7050206801470589
geco22,1903,17,1.9812155330882353
geco22,1904,17,1.9292279411764706
geco22,1905,17,1.7864200367647058
geco22,1906,17,1.6582318474264706
geco22,1907,17,2.116555606617647
geco22,1908,17,1.7729779411764706
geco22,1909,17,1.7188648897058822
geco22,1910,17,1.9829388786764706
geco22,1911,17,1.6393612132352942
geco22,1912,17,1.6909466911764706
geco22,1913,17,1.9987936580882353
geco22,1914,17,1.9405445772058822
geco22,1915,17,1.9735179227941178
geco22,1916,17,2.017377068014706
geco22,1917,17,1.783203125
geco22,1918,17,1.6745461856617647
geco22,1919,17,1.7780905330882353
geco22,1920,17,1.8777573529411764
geco22,1921,17,1.8871783088235294
geco22,1922,17,1.8188189338235294
geco22,1923,17,1.9162454044117647
geco22,1924,17,1.9221622242647058
geco22,1925,17,1.8392693014705883
geco22,1926,17,2.175838694852941
geco22,1927,17,1.861328125
geco22,1928,17,1.86328125
geco22,1929,17,1.8887867647058822
geco22,1930,17,1.8402171415441178
geco22,1931,17,1.8137350643382353
geco22,1932,17,2.152401194852941
geco22,1933,17,1.8924632352941178
geco22,1934,17,1.775390625
geco22,1935,17,1.9478257123161764
geco22,1936,17,1.8898782169117647
geco22,1937,17,1.9042107077205883
geco22,1938,17,1.6879739200367647
geco22,1939,17,1.6013147690716911
geco22,1940,17,1.9313246783088236
geco22,1941,17,1.8396139705882353
geco22,1942,17,1.7558019301470589
geco22,1943,17,1.6395909926470589
geco22,1944,17,1.9062787224264706
geco22,1945,17,1.8611557904411764
geco22,1946,17,1.5839556525735294
geco22,1947,17,1.6912339154411764
geco22,1948,17,1.937155330882353
geco22,1949,17,1.9158145680147058
geco22,1950,17,1.9560546875
geco22,1951,17,1.8200252757352942
geco22,1952,17,1.9169347426470589
geco22,1953,17,1.8752872242647058
geco22,1954,17,1.7468118106617647
geco22,1955,17,2.0516716452205883
geco22,1956,17,1.7841796875
geco22,1957,17,1.9435891544117647
geco22,1958,17,1.9441636029411764
geco22,1959,17,2.132869944852941
geco22,1960,17,1.9182559742647058
geco22,1961,17,2.2911879595588234
geco22,1962,17,1.80615234375
geco22,1963,17,1.7296070772058822
geco22,1964,17,1.8712086397058822
geco22,1965,17,1.8675896139705883
geco22,1966,17,1.664206112132353
geco22,1967,17,1.8505284926470589
geco22,1968,17,1.6998219209558822
geco22,1969,17,1.9458295036764706
geco22,1970,17,1.803079044117647
geco22,1971,17,1.9929917279411764
geco22,1972,17,2.054831112132353
geco22,1973,17,1.9453412224264706
geco22,1974,17,1.6676815257352942
geco22,1975,17,1.8230124080882353
geco22,1976,17,1.783203125
geco22,1977,17,1.7357823988970589
geco22,1978,17,1.8120404411764706
geco22,1979,17,1.8211741727941178
geco22,1980,17,1.7377642463235294
geco22,1981,17,1.7605698529411764
geco22,1982,17,1.9396254595588236
geco22,1983,17,2.0010914522058822
geco22,1984,17,1.8234145220588236
geco22,1985,17,1.7112247242647058
geco22,1986,17,1.8006663602941178
geco22,1987,17,1.9506548713235294
geco22,1988,17,1.9215590533088236
geco22,1989,17,1.779153262867647
geco22,1990,17,1.8901941636029411
geco22,1991,17,1.8612132352941178
geco22,1992,17,1.845559512867647
geco22,1993,17,1.8734489889705883
geco22,1994,17,1.9816176470588236
geco22,1995,17,2.0610064338235294
geco22,1996,17,1.8833582261029411
geco22,1997,17,1.728659237132353
geco22,1998,17,2.040096507352941
geco22,1999,17,1.7482192095588236
geco22,2000,17,1.5934627757352942
geco22,2001,17,2.0035903033088234
geco22,2002,17,1.9623161764705883
geco22,2003,17,1.7234317555147058
geco22,2004,17,2.0764303768382355
geco22,2005,17,1.841164981617647
geco22,2006,17,1.8546070772058822
geco22,2007,17,1.763815487132353
geco22,2008,17,1.7217945772058822
geco22,2009,17,1.783059512867647
geco22,2010,17,2.1730813419117645
geco22,2011,17,1.9111615349264706
geco22,2012,17,1.6098920036764706
geco22,2013,17,1.6888499540441178
geco22,2014,17,1.9694967830882353
geco22,2015,17,1.8700597426470589
geco22,2016,17,2.0218864889705883
geco22,2017,17,1.7883731617647058
geco22,2018,17,1.5641659007352942
geco22,2019,17,1.6776194852941178
geco22,2020,17,2.0252182904411766
geco22,2021,17,1.8272633272058822
geco22,2022,17,1.7472426470588236
geco22,2023,17,1.8992417279411764
geco22,2024,17,1.7131491268382353
geco22,2025,17,1.9935661764705883
geco22,2026,17,1.7783490349264706
geco22,2027,17,1.8916590073529411
geco22,2028,17,1.6962603400735294
geco22,2029,17,1.7671760110294117
geco22,2030,17,1.7375919117647058
geco22,2031,17,1.8347886029411764
geco22,2032,17,1.8008099724264706
geco22,2033,17,1.796243106617647
geco22,2034,17,1.5215130974264706
geco22,2035,17,1.887063419117647
geco22,2036,17,1.878561580882353
geco22,2037,17,1.6973805147058822
geco22,2038,17,1.8930951286764706
geco22,2039,17,2.098575367647059
geco22,2040,17,2.0792738970588234
geco22,2041,17,1.9405445772058822
geco22,2042,17,1.6931583180147058
geco22,2043,17,1.7315602022058822
geco22,2044,17,1.7051642922794117
geco22,2045,17,1.975729549632353
geco22,2046,17,1.8650333180147058
geco22,2047,17,1.54833984375
geco22,2048,17,1.9139763327205883
geco22,2049,17,1.755227481617647
geco22,2050,17,1.7649069393382353
geco22,2051,17,1.813131893382353
geco22,2052,17,1.827004825367647
geco22,2053,17,1.8418830422794117
geco22,2054,17,1.880514705882353
geco22,2055,17,1.973288143382353
geco22,2056,17,2.123046875
geco22,2057,17,1.713235294117647
geco22,2058,17,1.7547679227941178
geco22,2059,17,1.9547047334558822
geco22,2060,17,1.8282398897058822
geco22,2061,17,1.9757869944852942
geco22,2062,17,1.7774586397058822
geco22,2063,17,1.8877527573529411
geco22,2064,17,2.0734719669117645
geco22,2065,17,1.9099264705882353
geco22,2066,17,1.7798713235294117
geco22,2067,17,1.8865464154411764
geco22,2068,17,1.9735179227941178
geco22,2069,17,1.6906020220588236
geco22,2070,17,1.8619025735294117
geco22,2071,17,1.9701286764705883
geco22,2072,17,1.6746036305147058
geco22,2073,17,2.1440716911764706
geco22,2074,17,1.83154296875
geco22,2075,17,1.8200827205882353
geco22,2076,17,1.5675838694852942
geco22,2077,17,1.8724437040441178
geco22,2078,17,1.8384076286764706
geco22,2079,17,1.9777688419117647
geco22,2080,17,1.6280158547794117
geco22,2081,17,1.8687385110294117
geco22,2082,17,2.0692210477941178
geco22,2083,17,1.8694278492647058
geco22,2084,17,1.8529411764705883
geco22,2085,17,1.7824563419117647
geco22,2086,17,1.9461741727941178
geco22,2087,17,1.9977883731617647
geco22,2088,17,2.0087890625
geco22,2089,17,2.0176930147058822
geco22,2090,17,1.7634995404411764
geco22,2091,17,1.921875
geco22,2092,17,1.7215647977941178
geco22,2093,17,1.7160788143382353
geco22,2094,17,2.041302849264706
geco22,2095,17,1.888327205882353
geco22,2096,17,1.9829388786764706
geco22,2097,17,1.6602136948529411
geco22,2098,17,1.80322265625
geco22,2099,17,1.6472311580882353
geco22,2100,17,1.8838177849264706
geco22,2101,17,1.7921932444852942
geco22,2102,17,1.8292738970588236
geco22,2103,17,2.0705422794117645
geco22,2104,17,1.7120289522058822
geco22,2105,17,1.796530330882353
geco22,2106,17,1.7322208180147058
geco22,2107,17,1.8540900735294117
geco22,2108,17,1.9045840992647058
geco22,2109,17,1.8189051011029411
geco22,2110,17,1.7430491727941178
geco22,2111,17,1.9724264705882353
geco22,2112,17,1.674661075367647
geco22,2113,17,1.6446174172794117
geco22,2114,17,1.8041704963235294
geco22,2115,17,1.8298483455882353
geco22,2116,17,1.7629825367647058
geco22,2117,17,1.7109949448529411
geco22,2118,17,2.020163143382353
geco22,2119,17,1.8225528492647058
geco22,2120,17,1.9175379136029411
geco22,2121,17,1.6764705882352942
geco22,2122,17,1.9029181985294117
geco22,2123,17,1.8518497242647058
geco22,2124,17,1.8444106158088236
geco22,2125,17,1.5368795955882353
geco22,2126,17,1.6895392922794117
geco22,2127,17,1.768411075367647
geco22,2128,17,1.7716854319852942
geco22,2129,17,1.8273782169117647
geco22,2130,17,2.0016371783088234
geco22,2131,17,1.6312327665441178
geco22,2132,17,1.6393899356617647
geco22,2133,17,1.8334099264705883
geco22,2134,17,1.6627125459558822
geco22,2135,17,1.9322150735294117
geco22,2136,17,1.8039407169117647
geco22,2137,17,1.6943933823529411
geco22,2138,17,1.6594956341911764
geco22,2139,17,2.0870289522058822
geco22,2140,17,1.7468405330882353
geco22,2141,17,1.59033203125
geco22,2142,17,1.9810719209558822
geco22,2143,17,1.515481387867647
geco22,2144,17,1.904296875
geco22,2145,17,2.0284926470588234
geco22,2146,17,1.6594094669117647
geco22,2147,17,1.8389246323529411
geco22,2148,17,1.818991268382353
geco22,2149,17,1.9564568014705883
geco22,2150,17,2.004193474264706
geco22,2151,17,1.580710018382353
geco22,2152,17,1.8233283547794117
geco22,2153,17,1.7882008272058822
geco22,2154,17,1.9711626838235294
geco22,2155,17,1.8270909926470589
geco22,2156,17,2.00146484375
geco22,2157,17,1.7898380055147058
geco22,2158,17,1.9482709099264706
geco22,2159,17,1.7291187959558822
geco22,2160,17,1.574563419117647
geco22,2161,17,1.8394416360294117
geco22,2162,17,1.860696231617647
geco22,2163,17,1.9440487132352942
geco22,2164,17,1.8703182444852942
geco22,2165,17,1.7811351102941178
geco22,2166,17,1.9323874080882353
geco22,2167,17,1.7771139705882353
geco22,2168,17,1.7745863970588236
geco22,2169,17,1.9344554227941178
geco22,2170,17,1.7500574448529411
geco22,2171,17,1.8251378676470589
geco22,2172,17,2.0296702665441178
geco22,2173,17,1.6517980238970589
geco22,2174,17,1.7367015165441178
geco22,2175,17,2.0275735294117645
geco22,2176,17,1.8600930606617647
geco22,2177,17,1.9619715073529411
geco22,2178,17,1.7911305147058822
geco22,2179,17,1.7178021599264706
geco22,2180,17,2.128274356617647
geco22,2181,16,1.76434326171875
geco22,2182,16,1.6424560546875
geco22,2183,16,1.89752197265625
geco22,2184,16,1.815765380859375
geco22,2185,16,1.68878173828125
geco22,2186,16,1.717010498046875
geco22,2187,16,1.63348388671875
geco22,2188,16,2.1956787109375
geco22,2189,16,1.733154296875
geco22,2190,16,1.86407470703125
geco22,2191,16,1.84515380859375
geco22,2192,16,1.75982666015625
geco22,2193,16,1.951080322265625
geco22,2194,16,2.07989501953125
geco22,2195,16,1.94927978515625
geco22,2196,16,2.119873046875
geco22,2197,16,1.7283935546875
geco22,2198,16,1.910491943359375
geco22,2199,16,1.9931640625
geco22,2200,16,1.660614013671875
geco22,2201,16,2.03826904296875
geco22,2202,16,1.891876220703125
geco22,2203,16,1.797760009765625
geco22,2204,16,1.674896240234375
geco22,2205,16,1.876983642578125
geco22,2206,16,1.85009765625
geco22,2207,16,2.011138916015625
geco22,2208,16,1.849212646484375
geco22,2209,16,2.08447265625
geco22,2210,16,1.8304443359375
geco22,2211,16,2.008056640625
geco22,2212,16,1.78289794921875
geco22,2213,16,1.777496337890625
geco22,2214,16,1.701263427734375
geco22,2215,16,1.84075927734375
geco22,2216,16,1.861175537109375
geco22,2217,16,1.694091796875
geco22,2218,16,1.9202880859375
geco22,2219,16,1.9300537109375
geco22,2220,16,1.68988037109375
geco22,2221,16,2.02801513671875
geco22,2222,16,2.09259033203125
geco22,2223,16,1.7139892578125
geco22,2224,16,1.806640625
geco22,2225,16,1.872467041015625
geco22,2226,16,1.831207275390625
geco22,2227,16,1.69427490234375
geco22,2228,16,1.58770751953125
geco22,2229,16,1.90765380859375
geco22,2230,16,2.1324462890625
geco22,2231,16,1.7550048828125
geco22,2232,16,1.8687744140625
geco22,2233,16,1.85870361328125
geco22,2234,16,1.83074951171875
geco22,2235,16,1.9580078125
geco22,2236,16,1.831451416015625
geco22,2237,16,1.642303466796875
geco22,2238,16,1.67926025390625
geco22,2239,16,1.8468017578125
geco22,2240,16,1.773651123046875
geco22,2241,16,1.60748291015625
geco22,2242,16,1.6485595703125
geco22,2243,16,1.99005126953125
geco22,2244,16,1.8704833984375
geco22,2245,16,1.5958251953125
geco22,2246,16,1.85479736328125
geco22,2247,16,1.9642333984375
geco22,2248,16,1.9932861328125
geco22,2249,16,2.0040283203125
geco22,2250,16,1.822784423828125
geco22,2251,16,1.83489990234375
geco22,2252,16,1.74884033203125
geco22,2253,16,2.0316162109375
geco22,2254,16,1.75677490234375
geco22,2255,16,1.6060791015625
geco22,2256,16,2.05499267578125
geco22,2257,16,2.075439453125
geco22,2258,16,2.1168212890625
geco22,2259,16,1.89569091796875
geco22,2260,16,1.76068115234375
geco22,2261,16,1.84912109375
geco22,2262,16,1.974090576171875
geco22,2263,16,2.07940673828125
geco22,2264,16,2.0093994140625
geco22,2265,16,1.65557861328125
geco22,2266,16,1.86480712890625
geco22,2267,16,1.88555908203125
geco22,2268,16,1.740142822265625
geco22,2269,16,1.775848388671875
geco22,2270,16,1.87628173828125
geco22,2271,16,1.92828369140625
geco22,2272,16,1.9775390625
geco22,2273,16,1.773223876953125
geco22,2274,16,1.7344970703125
geco22,2275,16,1.9481201171875
geco22,2276,16,1.69171142578125
geco22,2277,16,2.115814208984375
geco22,2278,16,2.01568603515625
geco22,2279,16,1.64996337890625
geco22,2280,16,1.86065673828125
geco22,2281,16,1.989349365234375
geco22,2282,16,1.77178955078125
geco22,2283,16,1.89752197265625
geco22,2284,16,1.7025146484375
geco22,2285,16,1.91058349609375
geco22,2286,16,1.721923828125
geco22,2287,16,1.955718994140625
geco22,2288,16,1.84210205078125
geco22,2289,16,1.649078369140625
geco22,2290,16,1.8336181640625
geco22,2291,16,1.57891845703125
geco22,2292,16,1.81475830078125
geco22,2293,16,2.1785888671875
geco22,2294,16,1.950439453125
geco22,2295,16,1.857818603515625
geco22,2296,16,1.850433349609375
geco22,2297,16,1.906982421875
geco22,2298,16,1.7869873046875
geco22,2299,16,1.8125
geco22,2300,16,1.881591796875
geco22,2301,16,1.691680908203125
geco22,2302,16,1.79608154296875
geco22,2303,16,2.011016845703125
geco22,2304,16,1.686859130859375
geco22,2305,16,2.050872802734375
geco22,2306,16,1.76116943359375
geco22,2307,16,1.91766357421875
geco22,2308,16,1.7469482421875
geco22,2309,16,1.92681884765625
geco22,2310,16,1.790252685546875
geco22,2311,16,1.701324462890625
geco22,2312,16,1.92999267578125
geco22,2313,16,1.5953369140625
geco22,2314,16,1.7852783203125
geco22,2315,16,1.708404541015625
geco22,2316,16,2.126220703125
geco22,2317,16,1.600067138671875
geco22,2318,16,1.992950439453125
geco22,2319,16,1.923583984375
geco22,2320,16,1.84759521484375
geco22,2321,16,1.51947021484375
geco22,2322,16,1.724639892578125
geco22,2323,16,1.9345703125
geco22,2324,16,1.82550048828125
geco22,2325,16,1.727630615234375
geco22,2326,16,1.872589111328125
geco22,2327,16,1.84619140625
geco22,2328,16,1.78936767578125
geco22,2329,16,2.15081787109375
geco22,2330,16,1.83233642578125
geco22,2331,16,1.66705322265625
geco22,2332,16,1.742828369140625
geco22,2333,16,1.820159912109375
geco22,2334,16,1.7806396484375
geco22,2335,16,1.752960205078125
geco22,2336,16,1.725616455078125
geco22,2337,16,1.82366943359375
geco22,2338,16,1.737030029296875
geco22,2339,16,2.015655517578125
geco22,2340,16,1.978668212890625
geco22,2341,16,1.70672607421875
geco22,2342,16,1.92181396484375
geco22,2343,16,1.977447509765625
geco22,2344,16,1.96575927734375
geco22,2345,16,1.736419677734375
geco22,2346,16,1.802978515625
geco22,2347,16,1.85418701171875
geco22,2348,16,1.580078125
geco22,2349,16,1.796234130859375
geco22,2350,16,1.75726318359375
geco22,2351,16,1.832763671875
geco22,2352,16,1.826934814453125
geco22,2353,16,1.610687255859375
geco22,2354,16,1.812347412109375
geco22,2355,16,1.8675537109375
geco22,2356,16,1.758270263671875
geco22,2357,16,1.70001220703125
geco22,2358,16,1.819244384765625
geco22,2359,16,1.76324462890625
geco22,2360,16,1.7750244140625
geco22,2361,16,2.04486083984375
geco22,2362,16,1.81829833984375
geco22,2363,16,1.518280029296875
geco22,2364,16,2.11376953125
geco22,2365,16,1.654296875
geco22,2366,16,1.93121337890625
geco22,2367,16,1.611083984375
geco22,2368,16,1.814239501953125
geco22,2369,16,1.991851806640625
geco22,2370,16,1.7730712890625
geco22,2371,16,1.9830322265625
geco22,2372,16,1.8223876953125
geco22,2373,16,1.795379638671875
geco22,2374,16,1.670684814453125
geco22,2375,16,1.70294189453125
geco22,2376,16,2.06585693359375
geco22,2377,16,1.83734130859375
geco22,2378,16,1.88818359375
geco22,2379,16,1.91259765625
geco22,2380,16,1.62713623046875
geco22,2381,16,1.772491455078125
geco22,2382,16,2.0487060546875
geco22,2383,16,2.00445556640625
geco22,2384,16,1.440399169921875
geco22,2385,16,1.7510986328125
geco22,2386,16,1.81561279296875
geco22,2387,16,1.811187744140625
geco22,2388,16,1.99554443359375
geco22,2389,16,1.8218994140625
geco22,2390,16,2.12249755859375
geco22,2391,16,1.48394775390625
geco22,2392,16,1.5069580078125
geco22,2393,16,1.7518310546875
geco22,2394,16,1.881134033203125
geco22,2395,16,1.99432373046875
geco22,2396,16,1.93792724609375
geco22,2397,16,1.9107666015625
geco22,2398,16,1.70220947265625
geco22,2399,16,1.87506103515625
geco22,2400,16,2.09490966796875
geco22,2401,16,1.74713134765625
geco22,2402,16,1.76171875
geco22,2403,16,1.73077392578125
geco22,2404,16,1.664154052734375
geco22,2405,16,1.779296875
geco22,2406,16,1.7164306640625
geco22,2407,16,1.7271728515625
geco22,2408,16,1.69964599609375
geco22,2409,16,2.01519775390625
geco22,2410,16,1.80126953125
geco22,2411,16,1.861846923828125
geco22,2412,16,1.83837890625
geco22,2413,16,1.382476806640625
geco22,2414,16,1.952117919921875
geco22,2415,16,2.11175537109375
geco22,2416,16,1.70819091796875
geco22,2417,16,1.7293701171875
geco22,2418,16,1.84375
geco22,2419,16,1.853759765625
geco22,2420,16,1.675872802734375
geco22,2421,16,1.7042236328125
geco22,2422,16,2.00250244140625
geco22,2423,16,1.92236328125
geco22,2424,16,1.8350830078125
geco22,2425,16,1.68475341796875
geco22,2426,16,1.70977783203125
geco22,2427,16,2.044677734375
geco22,2428,16,1.68994140625
geco22,2429,16,1.49627685546875
geco22,2430,16,1.8857421875
geco22,2431,16,1.82257080078125
geco22,2432,16,2.1148681640625
geco22,2433,16,1.7108154296875
geco22,2434,16,1.7645263671875
geco22,2435,16,1.91705322265625
geco22,2436,16,1.873779296875
geco22,2437,16,1.68035888671875
geco22,2438,16,1.758544921875
geco22,2439,16,1.81463623046875
geco22,2440,16,1.630615234375
geco22,2441,16,1.831085205078125
geco22,2442,16,1.7894287109375
geco22,2443,16,1.712738037109375
geco22,2444,16,2.023223876953125
geco22,2445,16,1.6348876953125
geco22,2446,16,1.8455810546875
geco22,2447,16,1.6923828125
geco22,2448,16,1.561981201171875
geco22,2449,16,1.7225341796875
geco22,2450,16,1.91162109375
geco22,2451,16,1.9586181640625
geco22,2452,16,1.89422607421875
geco22,2453,16,1.806396484375
geco22,2454,16,1.665435791015625
geco22,2455,16,2.03497314453125
geco22,2456,16,1.8016357421875
geco22,2457,16,1.798309326171875
geco22,2458,16,1.982177734375
geco22,2459,16,1.866729736328125
geco22,2460,16,1.9305419921875
geco22,2461,16,1.860137939453125
geco22,2462,16,1.8406982421875
geco22,2463,16,1.5556640625
geco22,2464,16,2.1143798828125
geco22,2465,16,1.84332275390625
geco22,2466,16,1.98046875
geco22,2467,16,1.651885986328125
geco22,2468,16,1.868621826171875
geco22,2469,16,1.58880615234375
geco22,2470,16,1.98681640625
geco22,2471,16,1.90374755859375
geco22,2472,16,1.811981201171875
geco22,2473,16,1.61834716796875
geco22,2474,16,1.653411865234375
geco22,2475,16,1.82672119140625
geco22,2476,16,1.9755859375
geco22,2477,16,1.737823486328125
geco22,2478,16,2.00946044921875
geco22,2479,16,1.702880859375
geco22,2480,16,1.870147705078125
geco22,2481,16,2.03857421875
geco22,2482,16,1.86260986328125
geco22,2483,16,1.772247314453125
geco22,2484,16,2.082855224609375
geco22,2485,16,1.536529541015625
geco22,2486,16,1.6446533203125
geco22,2487,16,1.862457275390625
geco22,2488,16,1.969696044921875
geco22,2489,16,1.8851318359375
geco22,2490,16,1.8424072265625
geco22,2491,16,1.830902099609375
geco22,2492,16,2.011260986328125
geco22,2493,16,1.94061279296875
geco22,2494,16,1.6893310546875
geco22,2495,16,1.8995361328125
geco22,2496,16,2.0048828125
geco22,2497,16,1.91705322265625
geco22,2498,16,1.84442138671875
geco22,2499,16,1.6591796875
geco22,2500,16,2.19757080078125
geco22,2501,16,1.802001953125
geco22,2502,16,1.611907958984375
geco22,2503,16,1.527618408203125
geco22,2504,16,2.02874755859375
geco22,2505,16,1.856201171875
geco22,2506,16,1.9019775390625
geco22,2507,16,1.86932373046875
geco22,2508,16,1.71942138671875
geco22,2509,16,1.586883544921875
geco22,2510,16,1.83746337890625
geco22,2511,16,1.6478271484375
geco22,2512,16,2.00372314453125
geco22,2513,16,1.681610107421875
geco22,2514,16,2.123291015625
geco22,2515,16,1.506561279296875
geco22,2516,16,1.8189697265625
geco22,2517,16,1.98297119140625
geco22,2518,16,1.89825439453125
geco22,2519,16,1.7674560546875
geco22,2520,16,2.0445556640625
geco22,2521,16,1.822052001953125
geco22,2522,16,1.6864013671875
geco22,2523,16,1.985015869140625
geco22,2524,16,1.87359619140625
geco22,2525,16,1.824615478515625
geco22,2526,16,1.893402099609375
geco22,2527,16,1.876953125
geco22,2528,16,1.87371826171875
geco22,2529,16,1.804046630859375
geco22,2530,16,1.9737548828125
geco22,2531,16,1.71746826171875
geco22,2532,16,1.6402587890625
geco22,2533,16,1.9405517578125
geco22,2534,16,1.7498779296875
geco22,2535,16,1.778045654296875
geco22,2536,16,2.031280517578125
geco22,2537,16,1.735015869140625
geco22,2538,16,1.85693359375
geco22,2539,16,1.916839599609375
geco22,2540,16,1.833251953125
geco22,2541,16,1.97723388671875
geco22,2542,16,2.1102294921875
geco22,2543,16,1.5826416015625
geco22,2544,16,1.73065185546875
geco22,2545,16,1.8734130859375
geco22,2546,16,1.86468505859375
geco22,2547,16,2.17071533203125
geco22,2548,16,1.63128662109375
geco22,2549,16,1.664276123046875
geco22,2550,16,1.831298828125
geco22,2551,16,1.8199462890625
geco22,2552,16,1.68438720703125
geco22,2553,16,2.014739990234375
geco22,2554,16,2.208587646484375
geco22,2555,16,1.75653076171875
geco22,2556,16,1.7193603515625
geco22,2557,16,2.0660400390625
geco22,2558,16,1.7388916015625
geco22,2559,16,1.765655517578125
geco22,2560,16,1.86444091796875
geco22,2561,16,1.654083251953125
geco22,2562,16,2.306640625
geco22,2563,16,1.78009033203125
geco22,2564,16,1.86236572265625
geco22,2565,16,1.97869873046875
geco22,2566,16,1.78173828125
geco22,2567,16,1.862762451171875
geco22,2568,16,1.7830810546875
geco22,2569,16,2.1087646484375
geco22,2570,16,1.716705322265625
geco22,2571,16,1.87200927734375
geco22,2572,16,1.66827392578125
geco22,2573,16,1.4105224609375
geco22,2574,16,1.7781982421875
geco22,2575,16,1.79888916015625
geco22,2576,16,1.83612060546875
geco22,2577,16,1.829681396484375
geco22,2578,16,1.7647705078125
geco22,2579,16,1.844512939453125
geco22,2580,16,1.81195068359375
geco22,2581,16,1.72900390625
geco22,2582,16,1.845977783203125
geco22,2583,16,1.631988525390625
geco22,2584,16,1.79449462890625
geco22,2585,16,2.00079345703125
geco22,2586,16,1.8663330078125
geco22,2587,16,2.01934814453125
geco22,2588,16,1.771942138671875
geco22,2589,16,1.816925048828125
geco22,2590,16,2.0887451171875
geco22,2591,16,1.639862060546875
geco22,2592,16,2.03759765625
geco22,2593,16,1.958251953125
geco22,2594,16,2.076171875
geco22,2595,16,1.878173828125
geco22,2596,16,1.92388916015625
geco22,2597,16,1.8724365234375
geco22,2598,16,1.78631591796875
geco22,2599,16,1.92303466796875
geco22,2600,16,1.50262451171875
geco22,2601,16,1.92828369140625
geco22,2602,16,1.554351806640625
geco22,2603,16,1.756011962890625
geco22,2604,16,1.890655517578125
geco22,2605,16,1.947174072265625
geco22,2606,16,1.817718505859375
geco22,2607,16,1.704864501953125
geco22,2608,16,1.735015869140625
geco22,2609,16,1.738037109375
geco22,2610,16,1.960540771484375
geco22,2611,16,1.592926025390625
geco22,2612,16,1.72686767578125
geco22,2613,16,1.877655029296875
geco22,2614,16,1.9610595703125
geco22,2615,16,1.7025146484375
geco22,2616,16,1.711822509765625
geco22,2617,16,1.9581298828125
geco22,2618,16,1.77484130859375
geco22,2619,16,1.806396484375
geco22,2620,16,1.75311279296875
geco22,2621,16,1.93560791015625
geco22,2622,16,1.71044921875
geco22,2623,16,1.88134765625
geco22,2624,16,1.641143798828125
geco22,2625,16,1.81512451171875
geco22,2626,16,1.89129638671875
geco22,2627,16,1.772186279296875
geco22,2628,16,1.8441162109375
geco22,2629,16,1.7552490234375
geco22,2630,16,1.9483642578125
geco22,2631,16,1.842315673828125
geco22,2632,16,1.59527587890625
geco22,2633,16,1.66802978515625
geco22,2634,16,1.81036376953125
geco22,2635,16,1.9549560546875
geco22,2636,16,1.72906494140625
geco22,2637,16,1.98004150390625
geco22,2638,16,1.8087005615234375
geco22,2639,16,1.815399169921875
geco22,2640,16,1.849365234375
geco22,2641,16,1.99761962890625
geco22,2642,16,1.579742431640625
geco22,2643,16,1.725677490234375
geco22,2644,16,1.778045654296875
geco22,2645,16,1.98931884765625
geco22,2646,16,1.806427001953125
geco22,2647,16,1.79486083984375
geco22,2648,16,1.8875732421875
geco22,2649,16,1.88201904296875
geco22,2650,16,1.951171875
geco22,2651,16,1.984375
geco22,2652,16,2.05816650390625
geco22,2653,16,1.834228515625
geco22,2654,16,1.75811767578125
geco22,2655,16,1.782257080078125
geco22,2656,16,1.596923828125
geco22,2657,16,2.023895263671875
geco22,2658,16,1.8399658203125
geco22,2659,16,1.517578125
geco22,2660,16,2.15240478515625
geco22,2661,16,1.675933837890625
geco22,2662,16,1.49261474609375
geco22,2663,16,1.643707275390625
geco22,2664,16,1.614349365234375
geco22,2665,16,1.707366943359375
geco22,2666,16,1.925628662109375
geco22,2667,16,1.98382568359375
geco22,2668,16,1.7451171875
geco22,2669,16,1.82525634765625
geco22,2670,16,1.79559326171875
geco22,2671,16,1.81756591796875
geco22,2672,16,1.6331787109375
geco22,2673,16,1.84381103515625
geco22,2674,16,1.58880615234375
geco22,2675,16,1.6800537109375
geco22,2676,16,2.03948974609375
geco22,2677,16,1.83575439453125
geco22,2678,16,2.01947021484375
geco22,2679,16,1.653350830078125
geco22,2680,16,1.8736572265625
geco22,2681,16,1.93243408203125
geco22,2682,16,1.927276611328125
geco22,2683,16,2.0137939453125
geco22,2684,16,1.85186767578125
geco22,2685,16,1.59881591796875
geco22,2686,16,1.61492919921875
geco22,2687,16,1.787353515625
geco22,2688,16,1.978912353515625
geco22,2689,16,1.816070556640625
geco22,2690,16,2.023223876953125
geco22,2691,16,1.974365234375
geco22,2692,16,1.7210693359375
geco22,2693,16,1.71588134765625
geco22,2694,16,2.077392578125
geco22,2695,16,2.02069091796875
geco22,2696,16,1.723114013671875
geco22,2697,16,1.81585693359375
geco22,2698,16,1.791900634765625
geco22,2699,16,1.63763427734375
geco22,2700,16,1.6851806640625
geco22,2701,16,1.75439453125
geco22,2702,16,1.7471923828125
geco22,2703,16,1.8968505859375
geco22,2704,16,1.896728515625
geco22,2705,16,1.81866455078125
geco22,2706,16,1.6900634765625
geco22,2707,16,1.658782958984375
geco22,2708,16,1.794189453125
geco22,2709,16,1.955413818359375
geco22,2710,16,1.764373779296875
geco22,2711,16,1.671478271484375
geco22,2712,16,1.77252197265625
geco22,2713,16,1.683563232421875
geco22,2714,16,1.870941162109375
geco22,2715,16,1.91064453125
geco22,2716,16,1.7291259765625
geco22,2717,16,1.99615478515625
geco22,2718,16,1.926910400390625
geco22,2719,16,1.8558349609375
geco22,2720,16,1.94171142578125
geco22,2721,16,1.9356689453125
geco22,2722,16,2.05487060546875
geco22,2723,16,1.530364990234375
geco22,2724,16,1.750457763671875
geco22,2725,16,1.65826416015625
geco22,2726,16,1.99383544921875
geco22,2727,16,1.7412109375
geco22,2728,16,1.8275146484375
geco22,2729,16,1.83184814453125
geco22,2730,16,2.06671142578125
geco22,2731,16,2.0185546875
geco22,2732,16,1.87591552734375
geco22,2733,16,2.073486328125
geco22,2734,16,1.7724609375
geco22,2735,16,2.02825927734375
geco22,2736,16,1.79986572265625
geco22,2737,16,1.96484375
geco22,2738,16,2.0634765625
geco22,2739,16,1.75030517578125
geco22,2740,16,1.816436767578125
geco22,2741,16,1.6612548828125
geco22,2742,16,1.633056640625
geco22,2743,16,1.6629638671875
geco22,2744,16,1.7562255859375
geco22,2745,16,1.68377685546875
geco22,2746,16,1.86669921875
geco22,2747,16,1.8780517578125
geco22,2748,16,1.76068115234375
geco22,2749,16,2.026611328125
geco22,2750,16,1.809295654296875
geco22,2751,16,1.839202880859375
geco22,2752,16,1.942474365234375
geco22,2753,16,1.8358154296875
geco22,2754,16,1.68121337890625
geco22,2755,16,1.73931884765625
geco22,2756,16,1.986968994140625
geco22,2757,16,1.779022216796875
geco22,2758,16,1.800201416015625
geco22,2759,16,1.9676513671875
geco22,2760,16,1.843719482421875
geco22,2761,16,1.97308349609375
geco22,2762,16,1.58197021484375
geco22,2763,16,1.8443603515625
geco22,2764,16,1.979400634765625
geco22,2765,16,2.00421142578125
geco22,2766,16,1.971923828125
geco22,2767,16,2.27044677734375
geco22,2768,16,1.985076904296875
geco22,2769,16,1.70672607421875
geco22,2770,16,1.766937255859375
geco22,2771,16,1.88800048828125
geco22,2772,16,1.780975341796875
geco22,2773,16,1.788543701171875
geco22,2774,16,1.834228515625
geco22,2775,16,2.05950927734375
geco22,2776,16,1.81793212890625
geco22,2777,16,1.669586181640625
geco22,2778,16,1.86187744140625
geco22,2779,16,1.834075927734375
geco22,2780,16,1.9730224609375
geco22,2781,16,2.020599365234375
geco22,2782,16,1.852813720703125
geco22,2783,16,1.9149169921875
geco22,2784,16,1.76202392578125
geco22,2785,16,1.949066162109375
geco22,2786,16,1.76568603515625
geco22,2787,16,1.8294677734375
geco22,2788,16,1.723388671875
geco22,2789,16,1.548095703125
geco22,2790,16,1.785430908203125
geco22,2791,16,1.85595703125
geco22,2792,16,1.80133056640625
geco22,2793,16,1.95111083984375
geco22,2794,16,1.81390380859375
geco22,2795,16,1.576171875
geco22,2796,16,1.813323974609375
geco22,2797,16,2.115478515625
geco22,2798,16,1.888671875
geco22,2799,16,1.95074462890625
geco22,2800,16,1.9495849609375
geco22,2801,16,1.72247314453125
geco22,2802,16,1.945709228515625
geco22,2803,16,1.78887939453125
geco22,2804,16,2.0875244140625
geco22,2805,16,1.617431640625
geco22,2806,16,1.93707275390625
geco22,2807,16,1.8973388671875
geco22,2808,16,1.789398193359375
geco22,2809,16,1.80224609375
geco22,2810,16,1.508087158203125
geco22,2811,16,2.13995361328125
geco22,2812,16,1.6455078125
geco22,2813,16,1.71795654296875
geco22,2814,16,1.99945068359375
geco22,2815,16,1.86798095703125
geco22,2816,16,1.670501708984375
geco22,2817,16,1.757659912109375
geco22,2818,16,1.8984375
geco22,2819,16,2.03369140625
geco22,2820,16,2.0599365234375
geco22,2821,16,2.03875732421875
geco22,2822,16,2.1832275390625
geco22,2823,16,2.01007080078125
geco22,2824,16,1.7349853515625
geco22,2825,16,1.764373779296875
geco22,2826,16,1.746917724609375
geco22,2827,16,2.02435302734375
geco22,2828,16,1.818115234375
geco22,2829,16,1.99188232421875
geco22,2830,16,1.89691162109375
geco22,2831,16,1.680938720703125
geco22,2832,16,1.833343505859375
geco22,2833,16,1.598236083984375
geco22,2834,16,1.667266845703125
geco22,2835,16,1.9178466796875
geco22,2836,16,1.688446044921875
geco22,2837,16,1.794189453125
geco22,2838,16,1.72869873046875
geco22,2839,16,2.006103515625
geco22,2840,16,1.6407470703125
geco22,2841,16,2.09320068359375
geco22,2842,16,2.17510986328125
geco22,2843,16,1.73321533203125
geco22,2844,16,1.671234130859375
geco22,2845,16,1.68243408203125
geco22,2846,16,1.846282958984375
geco22,2847,16,1.677215576171875
geco22,2848,16,1.99896240234375
geco22,2849,16,2.02496337890625
geco22,2850,16,1.77105712890625
geco22,2851,16,1.79669189453125
geco22,2852,16,1.957183837890625
geco22,2853,16,1.549835205078125
geco22,2854,16,1.7781982421875
geco22,2855,16,1.756195068359375
geco22,2856,16,1.59759521484375
geco22,2857,16,2.10247802734375
geco22,2858,16,1.55950927734375
geco22,2859,16,1.9881591796875
geco22,2860,16,1.9791259765625
geco22,2861,16,1.77703857421875
geco22,2862,16,1.646820068359375
geco22,2863,16,1.96063232421875
geco22,2864,16,1.65924072265625
geco22,2865,16,1.9560546875
geco22,2866,16,1.8564453125
geco22,2867,16,2.00543212890625
geco22,2868,16,1.878173828125
geco22,2869,16,1.69805908203125
geco22,2870,16,2.073822021484375
geco22,2871,16,1.670257568359375
geco22,2872,16,1.83935546875
geco22,2873,16,1.81134033203125
geco22,2874,16,1.881011962890625
geco22,2875,16,1.645904541015625
geco22,2876,16,1.86737060546875
geco22,2877,16,1.7491455078125
geco22,2878,16,1.68621826171875
geco22,2879,16,1.9205322265625
geco22,2880,16,1.66192626953125
geco22,2881,16,2.029541015625
geco22,2882,16,1.86822509765625
geco22,2883,16,1.82049560546875
geco22,2884,16,1.53387451171875
geco22,2885,16,1.861846923828125
geco22,2886,16,1.59521484375
geco22,2887,16,1.537567138671875
geco22,2888,16,1.661468505859375
geco22,2889,16,1.592559814453125
geco22,2890,16,1.9199905395507812
geco22,2891,16,1.659149169921875
geco22,2892,16,1.49969482421875
geco22,2893,16,1.6132469177246094
geco22,2894,16,1.4396247863769531
geco22,2895,16,2.0135498046875
geco22,2896,16,1.669921875
geco22,2897,16,1.866912841796875
geco22,2898,16,1.76702880859375
geco22,2899,16,1.87860107421875
geco22,2900,16,1.798004150390625
geco22,2901,16,1.767578125
geco22,2902,16,2.17987060546875
geco22,2903,16,1.89190673828125
geco22,2904,16,1.811248779296875
geco22,2905,16,1.830413818359375
geco22,2906,16,1.6597900390625
geco22,2907,16,1.690673828125
geco22,2908,16,1.8681640625
geco22,2909,16,1.8841552734375
geco22,2910,16,1.772735595703125
geco22,2911,16,1.8223876953125
geco22,2912,16,1.849639892578125
geco22,2913,16,1.744293212890625
geco22,2914,16,2.067657470703125
geco22,2915,16,1.878662109375
geco22,2916,16,2.02008056640625
geco22,2917,16,1.846710205078125
geco22,2918,16,1.85784912109375
geco22,2919,16,1.56732177734375
geco22,2920,16,1.656494140625
geco22,2921,16,1.518157958984375
geco22,2922,16,1.772308349609375
geco22,2923,16,1.818511962890625
geco22,2924,16,1.8299560546875
geco22,2925,16,1.899261474609375
geco22,2926,16,1.88189697265625
geco22,2927,16,1.73443603515625
geco22,2928,16,1.7349853515625
geco22,2929,16,1.653594970703125
geco22,2930,16,1.66357421875
geco22,2931,16,1.96435546875
geco22,2932,16,1.75250244140625
geco22,2933,16,2.00433349609375
geco22,2934,16,1.85675048828125
geco22,2935,16,1.95672607421875
geco22,2936,16,1.8111572265625
geco22,2937,16,1.7657470703125
geco22,2938,16,1.835479736328125
geco22,2939,16,1.84832763671875
geco22,2940,16,1.814483642578125
geco22,2941,16,2.01531982421875
geco22,2942,16,2.08062744140625
geco22,2943,16,1.55181884765625
geco22,2944,16,2.04248046875
geco22,2945,16,1.9075927734375
geco22,2946,16,1.66827392578125
geco22,2947,16,1.760498046875
geco22,2948,16,1.662353515625
geco22,2949,16,1.985076904296875
geco22,2950,16,1.96673583984375
geco22,2951,16,1.72381591796875
geco22,2952,16,1.718017578125
geco22,2953,16,2.024505615234375
geco22,2954,16,1.86810302734375
geco22,2955,16,1.823150634765625
geco22,2956,16,1.752044677734375
geco22,2957,16,1.76983642578125
geco22,2958,16,1.8466796875
geco22,2959,16,1.7890625
geco22,2960,16,1.951171875
geco22,2961,16,1.59912109375
geco22,2962,16,1.82666015625
geco22,2963,16,1.8817138671875
geco22,2964,16,1.614166259765625
geco22,2965,16,1.871307373046875
geco22,2966,16,1.7017822265625
geco22,2967,16,1.93316650390625
geco22,2968,16,1.54644775390625
geco22,2969,16,1.76513671875
geco22,2970,16,1.676513671875
geco22,2971,16,1.98822021484375
geco22,2972,16,1.66046142578125
geco22,2973,16,1.6468505859375
geco22,2974,16,1.76629638671875
geco22,2975,16,2.039215087890625
geco22,2976,16,1.669708251953125
geco22,2977,16,1.6353759765625
geco22,2978,16,1.819793701171875
geco22,2979,16,2.10760498046875
geco22,2980,16,1.77093505859375
geco22,2981,16,1.6639404296875
geco22,2982,16,1.9931640625
geco22,2983,16,1.763031005859375
geco22,2984,16,1.90606689453125
geco22,2985,16,1.781341552734375
geco22,2986,16,1.40985107421875
geco22,2987,16,1.561492919921875
geco22,2988,16,1.83251953125
geco22,2989,16,1.74609375
geco22,2990,16,1.52801513671875
geco22,2991,16,1.74688720703125
geco22,2992,16,1.725250244140625
geco22,2993,16,2.26617431640625
geco22,2994,16,1.7457275390625
geco22,2995,16,1.77056884765625
geco22,2996,16,1.54913330078125
geco22,2997,16,1.735870361328125
geco22,2998,16,1.88861083984375
geco22,2999,16,1.80810546875
geco22,3000,16,1.831756591796875
geco22,3001,16,1.951904296875
geco22,3002,16,1.82568359375
geco22,3003,16,1.803070068359375
geco22,3004,16,1.76495361328125
geco22,3005,16,1.646728515625
geco22,3006,16,1.839324951171875
geco22,3007,16,1.822418212890625
geco22,3008,16,2.075958251953125
geco22,3009,16,1.7098388671875
geco22,3010,16,1.770751953125
geco22,3011,16,1.80474853515625
geco22,3012,16,1.5318603515625
geco22,3013,16,1.773345947265625
geco22,3014,16,1.526580810546875
geco22,3015,16,1.523681640625
geco22,3016,16,1.581390380859375
geco22,3017,16,1.68890380859375
geco22,3018,16,1.93560791015625
geco22,3019,16,1.84246826171875
geco22,3020,16,1.9483642578125
geco22,3021,16,1.904449462890625
geco22,3022,16,1.96942138671875
geco22,3023,16,1.9144287109375
geco22,3024,16,1.7730712890625
geco22,3025,16,1.6881103515625
geco22,3026,16,1.78179931640625
geco22,3027,16,2.15875244140625
geco22,3028,16,2.046142578125
geco22,3029,16,2.029693603515625
geco22,3030,16,1.775177001953125
geco22,3031,16,1.8887939453125
geco22,3032,16,2.1402587890625
geco22,3033,16,1.90496826171875
geco22,3034,16,1.747955322265625
geco22,3035,16,1.929443359375
geco22,3036,16,1.926849365234375
geco22,3037,16,2.0462646484375
geco22,3038,16,1.761962890625
geco22,3039,16,1.87237548828125
geco22,3040,16,1.635650634765625
geco22,3041,16,1.847808837890625
geco22,3042,16,1.913818359375
geco22,3043,16,1.60064697265625
geco22,3044,16,1.84002685546875
geco22,3045,16,1.7611083984375
geco22,3046,16,1.676971435546875
geco22,3047,16,1.768341064453125
geco22,3048,16,1.749176025390625
geco22,3049,16,1.888336181640625
geco22,3050,16,1.7293701171875
geco22,3051,16,1.842498779296875
geco22,3052,16,1.64422607421875
geco22,3053,16,1.555999755859375
geco22,3054,16,1.997344970703125
geco22,3055,16,2.1278076171875
geco22,3056,16,1.70098876953125
geco22,3057,16,1.66510009765625
geco22,3058,16,1.87188720703125
geco22,3059,16,1.67352294921875
geco22,3060,16,1.98876953125
geco22,3061,16,1.841766357421875
geco22,3062,16,1.77862548828125
geco22,3063,16,1.76373291015625
geco22,3064,16,1.80157470703125
geco22,3065,16,2.14178466796875
geco22,3066,16,1.698974609375
geco22,3067,16,1.89459228515625
geco22,3068,16,2.04571533203125
geco22,3069,16,1.587432861328125
geco22,3070,16,1.96612548828125
geco22,3071,16,1.8553466796875
