model,model_window_position,base_count,mean_bpb
megabyte1,0,16,1.9929522941062892
megabyte1,1,16,2.0000805538404127
megabyte1,2,16,1.9134907977899165
megabyte1,3,16,2.034533135542888
megabyte1,4,16,1.9774131271410946
megabyte1,5,16,2.1116618594238457
megabyte1,6,16,1.988960672124451
megabyte1,7,16,1.9459038996117597
megabyte1,8,16,2.0870561336208326
megabyte1,9,16,1.9361842085031706
megabyte1,10,16,2.0049984984480567
megabyte1,11,16,1.8676870934300362
megabyte1,12,16,1.9444441002036235
megabyte1,13,16,1.986564561281714
megabyte1,14,16,2.061080859408515
megabyte1,15,16,1.786596568926101
megabyte1,16,16,1.9881801983642278
megabyte1,17,16,1.8104727502777607
megabyte1,18,16,1.9220558550695621
megabyte1,19,16,1.885693180905345
megabyte1,20,16,2.0175627544812236
megabyte1,21,16,2.0818877264752347
megabyte1,22,16,2.080236856867283
megabyte1,23,16,1.8813122511103362
megabyte1,24,16,1.9978915172722056
megabyte1,25,16,2.091978209707371
megabyte1,26,16,1.972823223207724
megabyte1,27,16,1.9114447176830867
megabyte1,28,16,1.760244424647243
megabyte1,29,16,1.9929286571776963
megabyte1,30,16,1.950372443492183
megabyte1,31,16,1.8704852733002144
megabyte1,32,16,1.9549890113614896
megabyte1,33,16,1.863546630660973
megabyte1,34,16,1.92027709768174
megabyte1,35,16,2.001434492461741
megabyte1,36,16,1.9946154414239097
megabyte1,37,16,1.993068249526653
megabyte1,38,16,1.8678906489260612
megabyte1,39,16,1.9786953811356984
megabyte1,40,16,1.9000795252276497
megabyte1,41,16,1.8221743669552783
megabyte1,42,16,1.9061251137683346
megabyte1,43,16,1.8537378094345816
megabyte1,44,16,1.8419876846311607
megabyte1,45,16,1.9654691817003929
megabyte1,46,16,1.9038807354644687
megabyte1,47,16,1.7474656193370723
megabyte1,48,16,1.9590459301002952
megabyte1,49,16,1.945356682424045
megabyte1,50,16,1.620734988699816
megabyte1,51,16,1.9113331651391547
megabyte1,52,16,1.8395357228647446
megabyte1,53,16,1.974099262523811
megabyte1,54,16,1.7763442744101077
megabyte1,55,16,1.6874280149036105
megabyte1,56,16,1.81678869397509
megabyte1,57,16,1.879707895180468
megabyte1,58,16,1.6603133269258603
megabyte1,59,16,1.8334406321862333
megabyte1,60,16,1.8669615742698404
megabyte1,61,16,1.9018036727039516
megabyte1,62,16,2.0371027905770065
megabyte1,63,16,1.8270850757150374
megabyte1,64,16,2.0360426970915837
megabyte1,65,16,1.8456765878967225
megabyte1,66,16,1.7473138339010437
megabyte1,67,16,1.8554724039214625
megabyte1,68,16,1.825073089900599
megabyte1,69,16,1.8022789133840889
megabyte1,70,16,1.8619720973181402
megabyte1,71,16,1.8743153517618605
megabyte1,72,16,1.7607370634183264
megabyte1,73,16,1.7808856582026835
megabyte1,74,16,1.6699112156751772
megabyte1,75,16,2.187114225555236
megabyte1,76,16,1.6773346195279015
megabyte1,77,16,1.7179631455045674
megabyte1,78,16,1.7649585262629146
megabyte1,79,16,2.0183339659422663
megabyte1,80,16,2.079767466989318
megabyte1,81,16,1.9271308173381294
megabyte1,82,16,1.735748347054956
megabyte1,83,16,2.0206301656516303
megabyte1,84,16,1.7815286799676748
megabyte1,85,16,1.6497033837577195
megabyte1,86,16,1.9143804093924723
megabyte1,87,16,1.7831858641895684
megabyte1,88,16,1.6301704857687898
megabyte1,89,16,1.77434118119426
megabyte1,90,16,1.8644739378140531
megabyte1,91,16,1.7084797761505708
megabyte1,92,16,1.8388286058213201
megabyte1,93,16,1.6131659347024432
megabyte1,94,16,1.683204313781482
megabyte1,95,16,1.824530182980004
megabyte1,96,16,1.9804285070905225
megabyte1,97,16,1.9296547965203963
megabyte1,98,16,1.624708956125918
megabyte1,99,16,2.0848393309381184
megabyte1,100,16,1.56635593600825
megabyte1,101,16,1.8263233093311033
megabyte1,102,16,1.7238934532436958
megabyte1,103,16,1.8540447640227822
megabyte1,104,16,1.7590688677201793
megabyte1,105,16,1.7535137363156346
megabyte1,106,16,1.7655795583897895
megabyte1,107,16,2.278660079978793
megabyte1,108,16,1.7775405747719524
megabyte1,109,16,1.6070826336984478
megabyte1,110,16,1.7942406182056165
megabyte1,111,16,1.812859010119949
megabyte1,112,16,2.1617651724081695
megabyte1,113,16,2.0265771131721935
megabyte1,114,16,2.1073808498348914
megabyte1,115,16,1.944206680335239
megabyte1,116,16,1.6153815033704673
megabyte1,117,16,1.791268091250462
megabyte1,118,16,1.7000366551149266
megabyte1,119,16,1.7382281150505754
megabyte1,120,16,1.9141856715205812
megabyte1,121,16,1.8377847437339063
megabyte1,122,16,2.0212767574827915
megabyte1,123,16,1.8766060391530217
megabyte1,124,16,1.9103882067749864
megabyte1,125,16,1.8649917579559074
megabyte1,126,16,1.872552127202841
megabyte1,127,16,1.9378112835405843
megabyte1,128,16,1.8794024302517416
megabyte1,129,16,2.0755606422735644
megabyte1,130,16,1.827606674229913
megabyte1,131,16,1.941643188608434
megabyte1,132,16,1.8678328505783253
megabyte1,133,16,1.697912354357288
megabyte1,134,16,1.798196487306643
megabyte1,135,16,1.9435463710216612
megabyte1,136,16,1.8768430886553364
megabyte1,137,16,2.0217197672269775
megabyte1,138,16,1.6025603189759452
megabyte1,139,16,1.7470610660434174
megabyte1,140,16,1.5968906753870507
megabyte1,141,16,1.8796501352632
megabyte1,142,16,1.7478204286549284
megabyte1,143,16,1.9903651011958208
megabyte1,144,16,1.8712765640611018
megabyte1,145,16,1.7289587469193506
megabyte1,146,16,1.683486842845475
megabyte1,147,16,1.824497997118807
megabyte1,148,16,1.8181681738444766
megabyte1,149,16,2.1078825835886987
megabyte1,150,16,1.8791418412470722
megabyte1,151,16,1.8255638272061112
megabyte1,152,16,1.811929401184862
megabyte1,153,16,1.8136010763798331
megabyte1,154,16,1.6665461514588147
megabyte1,155,16,1.734085999838784
megabyte1,156,16,2.1837157640098903
megabyte1,157,16,1.8334250942805383
megabyte1,158,16,1.79656921115906
megabyte1,159,16,1.7405077335958983
megabyte1,160,16,1.812689641177831
megabyte1,161,16,1.863873240583371
megabyte1,162,16,1.9887328576915353
megabyte1,163,16,1.9836463217630016
megabyte1,164,16,2.02140440469363
megabyte1,165,16,1.7118833024551365
megabyte1,166,16,2.1672621644018375
megabyte1,167,16,1.8117431699941133
megabyte1,168,16,1.6831395381170664
megabyte1,169,16,1.846899834397145
megabyte1,170,16,1.8782601042518876
megabyte1,171,16,1.9579962475260135
megabyte1,172,16,1.8966657797852973
megabyte1,173,16,1.8639671432429519
megabyte1,174,16,2.096107827653542
megabyte1,175,16,1.829187758845646
megabyte1,176,16,2.2774590297198833
megabyte1,177,16,2.0699657576678105
megabyte1,178,16,2.028360108431462
megabyte1,179,16,2.08684671559923
megabyte1,180,16,1.9108821184189253
megabyte1,181,16,2.2139983546192075
megabyte1,182,16,1.664103624989775
megabyte1,183,16,2.0862693009480084
megabyte1,184,16,1.8992970234212645
megabyte1,185,16,2.0912809375560637
megabyte1,186,16,1.7387201425665588
megabyte1,187,16,1.7588359304773145
megabyte1,188,16,1.7936667233715418
megabyte1,189,16,1.90965854076384
megabyte1,190,16,1.7088096063357154
megabyte1,191,16,2.0496403271203527
megabyte1,192,16,2.0876714827288585
megabyte1,193,16,2.1284144589472493
megabyte1,194,16,2.0472424393569884
megabyte1,195,16,1.7446515045689752
megabyte1,196,16,1.9101124058746428
megabyte1,197,16,1.8169413309512903
megabyte1,198,16,1.7124015928616316
megabyte1,199,16,1.8316583526053842
megabyte1,200,16,1.9407384883299121
megabyte1,201,16,1.9029464878019646
megabyte1,202,16,1.7749383678099426
megabyte1,203,16,2.0608095935370456
megabyte1,204,16,1.7081811002447278
megabyte1,205,16,2.0903349230299955
megabyte1,206,16,1.8119273746379592
megabyte1,207,16,2.1497406557520717
megabyte1,208,16,1.721501704859473
megabyte1,209,16,1.8457431704692122
megabyte1,210,16,1.6812327011969483
megabyte1,211,16,1.8042322323506406
megabyte1,212,16,1.9734843852837478
megabyte1,213,16,1.6604523437544116
megabyte1,214,16,2.0046064366155623
megabyte1,215,16,2.1970470806664544
megabyte1,216,16,1.7382843096549816
megabyte1,217,16,1.7961145047854346
megabyte1,218,16,1.8514763876130602
megabyte1,219,16,2.0803647430572063
megabyte1,220,16,1.7044020378127613
megabyte1,221,16,1.9190039892839612
megabyte1,222,16,1.9279284263729792
megabyte1,223,16,1.9134460800229565
megabyte1,224,16,1.8257406354589505
megabyte1,225,16,1.7454349274537355
megabyte1,226,16,1.6926143565186358
megabyte1,227,16,1.6913834877811984
megabyte1,228,16,1.8990876407348471
megabyte1,229,16,1.988393751548208
megabyte1,230,16,1.5957561828865043
megabyte1,231,16,2.275978532215546
megabyte1,232,16,1.7153759380818427
megabyte1,233,16,1.7426784402607824
megabyte1,234,16,1.8696485155482558
megabyte1,235,16,2.0049187938427298
megabyte1,236,16,2.025411155788225
megabyte1,237,16,1.8787290657148792
megabyte1,238,16,1.766798833473573
megabyte1,239,16,2.053366458481905
megabyte1,240,16,1.6690144811388468
megabyte1,241,16,1.8174785092392827
megabyte1,242,16,1.7601230647285155
megabyte1,243,16,2.1096740070754514
megabyte1,244,16,1.8181063469096916
megabyte1,245,16,1.8370230982467008
megabyte1,246,16,1.7357380001515708
megabyte1,247,16,1.996759139674196
megabyte1,248,16,1.8049427954909545
megabyte1,249,16,2.041615922656294
megabyte1,250,16,1.7820882202595767
megabyte1,251,16,2.1039798709315174
megabyte1,252,16,1.7991615328320911
megabyte1,253,16,1.800085169227196
megabyte1,254,16,1.8031466788799508
megabyte1,255,16,1.94150609563161
megabyte1,256,16,1.7631514634014607
megabyte1,257,16,1.9776813798393769
megabyte1,258,16,1.6419650684174345
megabyte1,259,16,1.9836831795892749
megabyte1,260,16,1.7656021745146255
megabyte1,261,16,1.7925661627590157
megabyte1,262,16,1.9104190080732113
megabyte1,263,16,1.8796678795264077
megabyte1,264,16,1.615993454339069
megabyte1,265,16,1.804737391527593
megabyte1,266,16,1.9099452703399553
megabyte1,267,16,1.6970887798189143
megabyte1,268,16,1.7541119203884923
megabyte1,269,16,1.8368331239618665
megabyte1,270,16,1.8393973456821513
megabyte1,271,16,1.737859250553205
megabyte1,272,16,1.6058708853379335
megabyte1,273,16,1.8133761661343986
megabyte1,274,16,1.6170969561310795
megabyte1,275,16,2.107138706235233
megabyte1,276,16,2.0797091789495896
megabyte1,277,16,1.92360799895727
megabyte1,278,16,1.829763049062898
megabyte1,279,16,1.8033406824881124
megabyte1,280,16,1.8377172710683902
megabyte1,281,16,1.7324885210329903
megabyte1,282,16,1.6465557191768985
megabyte1,283,16,1.8217962870491935
megabyte1,284,16,2.2300207088272
megabyte1,285,16,1.9582901781340882
megabyte1,286,16,1.7943810559584132
megabyte1,287,16,1.9866354541319773
megabyte1,288,16,1.8994788855345268
megabyte1,289,16,1.7567025037958885
megabyte1,290,16,2.0209268346982756
megabyte1,291,16,1.833193772867865
megabyte1,292,16,1.9856759921771647
megabyte1,293,16,1.8103974260924938
megabyte1,294,16,1.8146265302691238
megabyte1,295,16,1.7226285079188015
megabyte1,296,16,1.831052312471892
megabyte1,297,16,1.9773871049984029
megabyte1,298,16,1.927999100537092
megabyte1,299,16,1.9908701559034476
megabyte1,300,16,1.9378642657846128
megabyte1,301,16,2.043490833627498
megabyte1,302,16,1.7943138912625989
megabyte1,303,16,1.7981733890770664
megabyte1,304,16,1.802149730011538
megabyte1,305,16,1.9605499319374153
megabyte1,306,16,2.0274751252266765
megabyte1,307,16,1.884739311842376
megabyte1,308,16,1.9552699795598387
megabyte1,309,16,1.614267990310727
megabyte1,310,16,1.9346402200509873
megabyte1,311,16,1.9154650692269555
megabyte1,312,16,1.9842299463118152
megabyte1,313,16,2.0155712032327235
megabyte1,314,16,1.989990572977673
megabyte1,315,16,2.02634287360283
megabyte1,316,16,1.888419490594264
megabyte1,317,16,1.7412358397379013
megabyte1,318,16,1.6821984234288105
megabyte1,319,16,2.127768751336251
megabyte1,320,16,1.9370139434992741
megabyte1,321,16,1.9495446453030914
megabyte1,322,16,1.870584363802784
megabyte1,323,16,1.880583241328886
megabyte1,324,16,1.7663555949807996
megabyte1,325,16,1.7858660728506512
megabyte1,326,16,1.7417771744357498
megabyte1,327,16,1.8940584753981735
megabyte1,328,16,1.8606075561077087
megabyte1,329,16,1.8841470813784675
megabyte1,330,16,2.116075046524493
megabyte1,331,16,1.775068997495591
megabyte1,332,16,2.146165769279615
megabyte1,333,16,1.77888937462949
megabyte1,334,16,1.9722225713735715
megabyte1,335,16,1.8772613408999885
megabyte1,336,16,1.7469429142764907
megabyte1,337,16,2.1163281406549577
megabyte1,338,16,1.9233950884120719
megabyte1,339,16,2.2419860879761497
megabyte1,340,16,1.806934444410393
megabyte1,341,16,2.0664195951478517
megabyte1,342,16,2.052248419927936
megabyte1,343,16,1.804504985314656
megabyte1,344,16,1.9107523113338103
megabyte1,345,16,2.147301549596295
megabyte1,346,16,2.053591968862282
megabyte1,347,16,2.0899477545322678
megabyte1,348,16,1.8864803565905666
megabyte1,349,16,1.8409288264951786
megabyte1,350,16,1.8200655939887955
megabyte1,351,16,1.9748001750684134
megabyte1,352,16,1.8253551408652497
megabyte1,353,16,1.921658924551609
megabyte1,354,16,1.9704651679799134
megabyte1,355,16,2.010505598487902
megabyte1,356,16,1.6208056977221472
megabyte1,357,16,2.190978560871361
megabyte1,358,16,1.9316176734834138
megabyte1,359,16,1.8798070357795058
megabyte1,360,16,2.0577866867599375
megabyte1,361,16,1.8672542713966964
megabyte1,362,16,1.8904822797510137
megabyte1,363,16,1.789345868332057
megabyte1,364,16,1.7691955744370822
megabyte1,365,16,1.9065924237787335
megabyte1,366,16,1.6577899329018517
megabyte1,367,16,2.0367842720822504
megabyte1,368,16,1.6768544261891232
megabyte1,369,16,2.0341953290097132
megabyte1,370,16,1.885613693077322
megabyte1,371,16,2.0135809895630628
megabyte1,372,16,1.8074136647350363
megabyte1,373,16,1.8040270204088704
megabyte1,374,16,1.8792689920682488
megabyte1,375,16,1.9267941407349145
megabyte1,376,16,1.8102627124944435
megabyte1,377,16,2.0931973597031766
megabyte1,378,16,1.7555064986506355
megabyte1,379,16,1.8986283775842465
megabyte1,380,16,1.6656674087458612
megabyte1,381,16,1.8051135570032208
megabyte1,382,16,1.8501207970970808
megabyte1,383,16,1.6510562795266375
megabyte1,384,16,1.9439965628288551
megabyte1,385,16,1.71484401160675
megabyte1,386,16,1.8804308261965899
megabyte1,387,16,1.9964394058884192
megabyte1,388,16,1.9158827165280126
megabyte1,389,16,2.027965023185938
megabyte1,390,16,1.822135559647421
megabyte1,391,16,2.0408772346697974
megabyte1,392,16,1.9114648715658236
megabyte1,393,16,1.8864177760920922
megabyte1,394,16,1.9057390112328165
megabyte1,395,16,1.852859675115214
megabyte1,396,16,1.8331674397466713
megabyte1,397,16,2.0706766199767026
megabyte1,398,16,1.8829182057402154
megabyte1,399,16,1.7236176736224476
megabyte1,400,16,1.852654148374768
megabyte1,401,16,2.09001845444214
megabyte1,402,16,1.7873990694393276
megabyte1,403,16,1.886014375752864
megabyte1,404,16,1.8953146211980105
megabyte1,405,16,1.6879770672641974
megabyte1,406,16,1.9174798407560012
megabyte1,407,16,2.169275049275805
megabyte1,408,16,1.6295994207566402
megabyte1,409,16,1.6485967607958871
megabyte1,410,16,1.9227683008908822
megabyte1,411,16,1.8386039977933304
megabyte1,412,16,1.8757352313392655
megabyte1,413,16,1.7431899709949894
megabyte1,414,16,2.1311645521319282
megabyte1,415,16,1.7310042573082653
megabyte1,416,16,1.8836546217968646
megabyte1,417,16,1.868598807597937
megabyte1,418,16,1.9684861966589298
megabyte1,419,16,1.9031096377858752
megabyte1,420,16,1.8805578029768613
megabyte1,421,16,1.8544743212539079
megabyte1,422,16,1.7234646878922328
megabyte1,423,16,1.8753286211301885
megabyte1,424,16,1.8717263453081165
megabyte1,425,16,2.0110682181127024
megabyte1,426,16,2.264611441622145
megabyte1,427,16,1.803949981179085
megabyte1,428,16,1.9457743147291087
megabyte1,429,16,1.7080873129272078
megabyte1,430,16,1.8989681423737748
megabyte1,431,16,2.127223819179473
megabyte1,432,16,1.9950312039698312
megabyte1,433,16,1.8653521964224788
megabyte1,434,16,2.1063999111386855
megabyte1,435,16,2.2280553547520308
megabyte1,436,16,1.7601875161600269
megabyte1,437,16,1.98600568669975
megabyte1,438,16,1.8998219176126716
megabyte1,439,16,1.9297098913509863
megabyte1,440,16,1.9592756605024777
megabyte1,441,16,1.9075797369003609
megabyte1,442,16,2.022959855966307
megabyte1,443,16,1.7578913228444342
megabyte1,444,16,1.9732901147991058
megabyte1,445,16,1.9979723837572625
megabyte1,446,16,1.7896795898985016
megabyte1,447,16,1.6934554959113592
megabyte1,448,16,1.7748446935850888
megabyte1,449,16,2.005781205918115
megabyte1,450,16,2.0226155133896873
megabyte1,451,16,1.7765050181911644
megabyte1,452,16,2.002771520421892
megabyte1,453,16,1.9352129461893357
megabyte1,454,16,1.9658439119454754
megabyte1,455,16,1.9028870077483857
megabyte1,456,16,1.8044287799501135
megabyte1,457,16,1.9579827806128274
megabyte1,458,16,1.80283835967122
megabyte1,459,16,1.9342791497116842
megabyte1,460,16,2.0763503397754723
megabyte1,461,16,1.8384574133019378
megabyte1,462,16,1.8441329911319493
megabyte1,463,16,1.7159754353533665
megabyte1,464,16,1.7356459866893783
megabyte1,465,16,1.998470209854162
megabyte1,466,16,1.6246389291633354
megabyte1,467,16,1.806451057268095
megabyte1,468,16,1.9301919873047173
megabyte1,469,16,1.6499745203019798
megabyte1,470,16,1.7357299517136089
megabyte1,471,16,1.7354629411335925
megabyte1,472,16,2.0673013517175622
megabyte1,473,16,1.9763770294736358
megabyte1,474,16,1.8323923910856064
megabyte1,475,16,1.7379783695785131
megabyte1,476,16,2.0652896852454377
megabyte1,477,16,1.9973798112676417
megabyte1,478,16,1.9369367135834241
megabyte1,479,16,1.9193249091417854
megabyte1,480,16,1.9706722312789822
megabyte1,481,16,2.0738629638331325
megabyte1,482,16,2.180625196890396
megabyte1,483,16,2.1096554844984126
megabyte1,484,16,1.8017523097354151
megabyte1,485,16,1.7920777343682714
megabyte1,486,16,1.8272750807583023
megabyte1,487,16,1.785457470081791
megabyte1,488,16,1.758422271001777
megabyte1,489,16,1.728268146757936
megabyte1,490,16,1.7616237568118842
megabyte1,491,16,1.8693024849889885
megabyte1,492,16,1.9897059498290202
megabyte1,493,16,1.857258057512524
megabyte1,494,16,1.902531331546588
megabyte1,495,16,1.7921046918299295
megabyte1,496,16,1.712451991540065
megabyte1,497,16,1.7123794187160173
megabyte1,498,16,1.7129893230117967
megabyte1,499,16,1.6160017007463081
megabyte1,500,16,1.6097682624981078
megabyte1,501,16,1.5375856871283247
megabyte1,502,16,1.852238296276708
megabyte1,503,16,1.7273926265504802
megabyte1,504,16,1.631484547949036
megabyte1,505,16,1.5681253006329554
megabyte1,506,16,1.7288065629439522
megabyte1,507,16,1.6361800190225124
megabyte1,508,16,1.613775913580426
megabyte1,509,16,1.5710286925327857
megabyte1,510,16,1.8173941601542085
megabyte1,511,16,1.5529553559242986
megabyte1,512,16,1.7298144906970976
megabyte1,513,16,1.8567281117079444
megabyte1,514,16,1.6439806963739425
megabyte1,515,16,2.1513944069926594
megabyte1,516,16,1.667822697341368
megabyte1,517,16,1.8059648402696535
megabyte1,518,16,1.5701284191334315
megabyte1,519,16,1.7135139153088352
megabyte1,520,16,1.6961570160248167
megabyte1,521,16,1.5971269587552703
megabyte1,522,16,1.7773272862771587
megabyte1,523,16,1.9454074391501341
megabyte1,524,16,1.627662475762401
megabyte1,525,16,1.8765894902177707
megabyte1,526,16,1.621534266965867
megabyte1,527,16,1.6703894779216286
megabyte1,528,16,1.8598249572568377
megabyte1,529,16,1.564122141105642
megabyte1,530,16,1.7270330541403662
megabyte1,531,16,1.7681135035853393
megabyte1,532,16,1.831381912270836
megabyte1,533,16,1.5824431208385952
megabyte1,534,16,2.1168371343620898
megabyte1,535,16,1.8119789792357581
megabyte1,536,16,1.6453309377820964
megabyte1,537,16,1.8338852601522873
megabyte1,538,16,1.6117549007327447
megabyte1,539,16,1.822129638222663
megabyte1,540,16,1.8136726379765407
megabyte1,541,16,1.8195012830637853
megabyte1,542,16,1.8478597234441378
megabyte1,543,16,1.9088635706458672
megabyte1,544,16,1.9309300226795552
megabyte1,545,16,1.5904374032356126
megabyte1,546,16,1.517886992345387
megabyte1,547,16,1.9910426450183114
megabyte1,548,16,1.8620423813289713
megabyte1,549,16,2.0831793343892184
megabyte1,550,16,1.9338348165367474
megabyte1,551,16,1.9191853607021905
megabyte1,552,16,1.899078124523328
megabyte1,553,16,2.023758578457278
megabyte1,554,16,1.8883214108395272
megabyte1,555,16,1.6307394815413485
megabyte1,556,16,1.79314643299207
megabyte1,557,16,1.6760976183484086
megabyte1,558,16,1.93999632096731
megabyte1,559,16,1.7800369358778565
megabyte1,560,16,1.8020348788119596
megabyte1,561,16,1.909368252906843
megabyte1,562,16,1.9795665124317787
megabyte1,563,16,2.1101294548795146
megabyte1,564,16,1.749467571032281
megabyte1,565,16,1.859222924112095
megabyte1,566,16,1.8596129546946052
megabyte1,567,16,1.7503131255373399
megabyte1,568,16,2.06812520431442
megabyte1,569,16,1.736170943677048
megabyte1,570,16,1.8523175401797753
megabyte1,571,16,1.870224980291507
megabyte1,572,16,1.8709232747970121
megabyte1,573,16,1.8217895636365669
megabyte1,574,16,1.6975375169399083
megabyte1,575,16,1.7381484028112169
megabyte1,576,16,2.0973061149016483
megabyte1,577,16,1.7658189967545956
megabyte1,578,16,1.6837713451084293
megabyte1,579,16,1.8868252857072765
megabyte1,580,16,2.102433610179417
megabyte1,581,16,2.1958698179133185
megabyte1,582,16,2.031182290867409
megabyte1,583,16,1.915451048147412
megabyte1,584,16,1.8258896721570557
megabyte1,585,16,1.8047579326905947
megabyte1,586,16,1.9644287907059947
megabyte1,587,16,1.8907150199950988
megabyte1,588,16,1.7547191321127427
megabyte1,589,16,1.945314017313811
megabyte1,590,16,1.9058394274096961
megabyte1,591,16,1.800472891475458
megabyte1,592,16,2.145930624093777
megabyte1,593,16,1.788288997988447
megabyte1,594,16,1.7636915188772264
megabyte1,595,16,1.8248095272092257
megabyte1,596,16,1.9591771445785167
megabyte1,597,16,2.0026075342928737
megabyte1,598,16,1.9850387749206502
megabyte1,599,16,2.005428744656155
megabyte1,600,16,1.9741795365923724
megabyte1,601,16,1.9683336345356073
megabyte1,602,16,1.91347266071962
megabyte1,603,16,2.065134148108864
megabyte1,604,16,2.0241379527750945
megabyte1,605,16,1.9572076440978965
megabyte1,606,16,1.7203278712704895
megabyte1,607,16,1.8738465217459546
megabyte1,608,16,1.7726614799460805
megabyte1,609,16,1.9875559296459993
megabyte1,610,16,2.0755892493015446
megabyte1,611,16,2.236581286197886
megabyte1,612,16,1.8781659905006438
megabyte1,613,16,1.9797253691062953
megabyte1,614,16,1.7547278832630702
megabyte1,615,16,2.105390086068591
megabyte1,616,16,1.8327361390718793
megabyte1,617,16,1.931190202438244
megabyte1,618,16,2.0270398640618588
megabyte1,619,16,1.6963930644262264
megabyte1,620,16,2.040165403710573
megabyte1,621,16,1.9730643123985627
megabyte1,622,16,2.062727022082561
megabyte1,623,16,2.009226117320841
megabyte1,624,16,1.8107272270435144
megabyte1,625,16,1.9600856316664645
megabyte1,626,16,1.588164110471211
megabyte1,627,16,1.736401673316085
megabyte1,628,16,1.7357596670874718
megabyte1,629,16,2.016948886062166
megabyte1,630,16,1.75493763488313
megabyte1,631,16,2.286153710530306
megabyte1,632,16,1.8303305444339133
megabyte1,633,16,1.8038341766088843
megabyte1,634,16,1.7935803920569346
megabyte1,635,16,1.8801209094892144
megabyte1,636,16,1.6845870587363965
megabyte1,637,16,1.9106158272268008
megabyte1,638,16,1.9674228637114495
megabyte1,639,16,1.8930483844305088
megabyte1,640,16,2.065032136219192
megabyte1,641,16,1.9554459776754884
megabyte1,642,16,1.9826125196463358
megabyte1,643,16,1.8698642011481532
megabyte1,644,16,1.8788145315479017
megabyte1,645,16,1.7176782032261162
megabyte1,646,16,1.9050587949880207
megabyte1,647,16,2.0254549812611096
megabyte1,648,16,1.9373509364710924
megabyte1,649,16,1.657399167042973
megabyte1,650,16,1.8979317993643146
megabyte1,651,16,1.897732947216496
megabyte1,652,16,1.9023766148987558
megabyte1,653,16,1.8981958748254355
megabyte1,654,16,1.7389326332059067
megabyte1,655,16,1.7418200355423226
megabyte1,656,16,1.9202164129199741
megabyte1,657,16,1.9243147570645378
megabyte1,658,16,1.7067382802878812
megabyte1,659,16,1.9016612202281453
megabyte1,660,16,1.6882478687535691
megabyte1,661,16,2.151334135384117
megabyte1,662,16,1.849309586535655
megabyte1,663,16,1.7797948986997023
megabyte1,664,16,1.752098904703663
megabyte1,665,16,1.7204727543046527
megabyte1,666,16,1.8234231948620958
megabyte1,667,16,2.474336845787167
megabyte1,668,16,1.9720959691812676
megabyte1,669,16,1.8470266565290838
megabyte1,670,16,1.6954794402957531
megabyte1,671,16,2.022485967225242
megabyte1,672,16,2.1479690378897933
megabyte1,673,16,1.8490394282626692
megabyte1,674,16,1.9069060646492564
megabyte1,675,16,1.8138635140419637
megabyte1,676,16,1.8297211949329282
megabyte1,677,16,1.9952807354973157
megabyte1,678,16,1.8189463392285083
megabyte1,679,16,2.033685894869848
megabyte1,680,16,2.0033572035638096
megabyte1,681,16,1.9389850305647185
megabyte1,682,16,1.8068083963498607
megabyte1,683,16,1.9615393876275846
megabyte1,684,16,1.9012386982046519
megabyte1,685,16,2.070729638815245
megabyte1,686,16,2.0832774417717896
megabyte1,687,16,1.9110882902382247
megabyte1,688,16,1.730599040830637
megabyte1,689,16,1.7950121387446791
megabyte1,690,16,1.8960554597970918
megabyte1,691,16,2.1889882421598448
megabyte1,692,16,1.9695690727606352
megabyte1,693,16,1.777414985962061
megabyte1,694,16,2.0210478834469523
megabyte1,695,16,2.088729074087186
megabyte1,696,16,2.0453837608087593
megabyte1,697,16,1.8043824040355547
megabyte1,698,16,1.9247092848744085
megabyte1,699,16,1.9882756581213594
megabyte1,700,16,1.757891877838408
megabyte1,701,16,1.842192155649478
megabyte1,702,16,1.8007059778183092
megabyte1,703,16,1.7626688712212917
megabyte1,704,16,1.7108827972233425
megabyte1,705,16,1.8409976493827844
megabyte1,706,16,2.0930308157919706
megabyte1,707,16,1.6808070218960558
megabyte1,708,16,1.8762905153809397
megabyte1,709,16,1.6383796406272224
megabyte1,710,16,1.8529469185607528
megabyte1,711,16,1.9271402775692774
megabyte1,712,16,1.829150605364725
megabyte1,713,16,2.0134615906130153
megabyte1,714,16,1.840697594505797
megabyte1,715,16,1.744792583586749
megabyte1,716,16,1.7295092281617492
megabyte1,717,16,1.66685235943846
megabyte1,718,16,1.9105738635912792
megabyte1,719,16,1.8047614367129807
megabyte1,720,16,1.7037034548369785
megabyte1,721,16,1.923366789295955
megabyte1,722,16,1.8465632022696372
megabyte1,723,16,1.6416273511183295
megabyte1,724,16,1.7261317003848573
megabyte1,725,16,1.8378316254694747
megabyte1,726,16,1.7882319291208315
megabyte1,727,16,1.9707234467843566
megabyte1,728,16,1.6890294012528617
megabyte1,729,16,2.4306532800910996
megabyte1,730,16,1.8838229770152384
megabyte1,731,16,1.6035983065751447
megabyte1,732,16,1.7710515778780334
megabyte1,733,16,2.197199548800601
megabyte1,734,16,1.9765345242438621
megabyte1,735,16,1.6713285626497696
megabyte1,736,16,1.8064236043062618
megabyte1,737,16,1.990435472127812
megabyte1,738,16,2.4120583015361636
megabyte1,739,16,1.9732246995756968
megabyte1,740,16,2.0244635327975216
megabyte1,741,16,1.7883412633621245
megabyte1,742,16,1.94843476017056
megabyte1,743,16,2.04813057344861
megabyte1,744,16,2.095978901239876
megabyte1,745,16,1.7914873000747997
megabyte1,746,16,1.7782169972568793
megabyte1,747,16,1.9810373161631447
megabyte1,748,16,1.791605303255855
megabyte1,749,16,1.871614004440199
megabyte1,750,16,2.07756139025223
megabyte1,751,16,1.8677171934409011
megabyte1,752,16,1.9794677584668308
megabyte1,753,16,1.720349381725867
megabyte1,754,16,1.8632275166008054
megabyte1,755,16,1.8800700918882902
megabyte1,756,16,1.7941496993145718
megabyte1,757,16,2.0999892815883623
megabyte1,758,16,1.816236831479752
megabyte1,759,16,1.8638700623906697
megabyte1,760,16,1.7172092093804854
megabyte1,761,16,1.9223443167492924
megabyte1,762,16,1.8344796022040541
megabyte1,763,16,1.9497854414080693
megabyte1,764,16,1.965356164965683
megabyte1,765,16,1.9921422887509295
megabyte1,766,16,2.004761409893353
megabyte1,767,16,1.823223334240433
megabyte1,768,16,1.9786255148069105
megabyte1,769,16,2.2913245641730215
megabyte1,770,16,2.0090324711307432
megabyte1,771,16,1.7726424623419126
megabyte1,772,16,1.7492827470405452
megabyte1,773,16,2.298710407798586
megabyte1,774,16,2.074224861046764
megabyte1,775,16,1.7752118376672403
megabyte1,776,16,1.8061913425848828
megabyte1,777,16,1.9273276744453864
megabyte1,778,16,1.7173096331887787
megabyte1,779,16,1.76484559534155
megabyte1,780,16,1.8277598858799113
megabyte1,781,16,1.9202912934182443
megabyte1,782,16,1.870429783303073
megabyte1,783,16,2.0765610695720356
megabyte1,784,16,2.1371127904785356
megabyte1,785,16,2.092110260338953
megabyte1,786,16,2.188185542542199
megabyte1,787,16,1.8577454116253003
megabyte1,788,16,1.6609521709894557
megabyte1,789,16,1.8364142323015695
megabyte1,790,16,1.8569613650188868
megabyte1,791,16,1.81377580223529
megabyte1,792,16,1.9052544135719989
megabyte1,793,16,1.9172133351186484
megabyte1,794,16,1.958964390465282
megabyte1,795,16,1.7390276815953942
megabyte1,796,16,2.173746646842099
megabyte1,797,16,1.9085382682880023
megabyte1,798,16,1.8229075574598397
megabyte1,799,16,2.014044579487278
megabyte1,800,16,1.7918384072367461
megabyte1,801,16,1.75890399620456
megabyte1,802,16,2.0816734529936007
megabyte1,803,16,1.9696552499073634
megabyte1,804,16,1.9630407408288866
megabyte1,805,16,1.7397867383031864
megabyte1,806,16,1.7270378752676059
megabyte1,807,16,1.755463463508963
megabyte1,808,16,1.8080573965947704
megabyte1,809,16,1.8577530739582746
megabyte1,810,16,1.7338629632050488
megabyte1,811,16,1.631184161402932
megabyte1,812,16,1.8150724548977921
megabyte1,813,16,1.8428003308345697
megabyte1,814,16,1.7805840294426953
megabyte1,815,16,1.8301384139549524
megabyte1,816,16,1.8270118483289401
megabyte1,817,16,2.2654941016942995
megabyte1,818,16,1.7080334945903668
megabyte1,819,16,1.7594298769058418
megabyte1,820,16,1.4664881424832306
megabyte1,821,16,1.5989972344861927
megabyte1,822,16,1.8723941265618733
megabyte1,823,16,1.9380571121036223
megabyte1,824,16,1.6364300964862766
megabyte1,825,16,1.7791184708843442
megabyte1,826,16,1.9734588675609561
megabyte1,827,16,1.8482044714215262
megabyte1,828,16,1.5376427369464116
megabyte1,829,16,1.848050419848873
megabyte1,830,16,2.1524377227724583
megabyte1,831,16,1.8809073480413776
megabyte1,832,16,1.7486831251894803
megabyte1,833,16,1.616401727275322
megabyte1,834,16,1.8934303092260756
megabyte1,835,16,1.7431114563269097
megabyte1,836,16,1.9289323480820937
megabyte1,837,16,1.7631314750460911
megabyte1,838,16,1.7746019233628345
megabyte1,839,16,1.6205204846778496
megabyte1,840,16,1.736668813656329
megabyte1,841,16,2.0103114416982915
megabyte1,842,16,1.7690253800160127
megabyte1,843,16,1.7587842319416045
megabyte1,844,16,1.7817791926045812
megabyte1,845,16,1.7591203504784028
megabyte1,846,16,1.6840357096260283
megabyte1,847,16,1.6297552522403942
megabyte1,848,16,1.7231619644789928
megabyte1,849,16,2.1456533883912634
megabyte1,850,16,1.8330149954378923
megabyte1,851,16,1.6639770416185058
megabyte1,852,16,1.7969822790264036
megabyte1,853,16,1.9354846092701563
megabyte1,854,16,1.9323980835440209
megabyte1,855,16,1.8247211831634802
megabyte1,856,16,1.8622988843448725
megabyte1,857,16,1.825697766685609
megabyte1,858,16,1.7455421727499976
megabyte1,859,16,2.010750602051225
megabyte1,860,16,1.8296015371537477
megabyte1,861,16,1.9268063429602964
megabyte1,862,16,1.713143295097548
megabyte1,863,16,1.9614369709088375
megabyte1,864,16,1.7633084997213084
megabyte1,865,16,1.8161227412802927
megabyte1,866,16,1.7014738816434638
megabyte1,867,16,1.7760089720441719
megabyte1,868,16,2.280009644985348
megabyte1,869,16,1.7818264567767272
megabyte1,870,16,1.9225809413033013
megabyte1,871,16,1.974770916263505
megabyte1,872,16,1.9417950406563753
megabyte1,873,16,1.6670029343353656
megabyte1,874,16,1.9520987767236668
megabyte1,875,16,1.8596320168017355
megabyte1,876,16,1.9141172078795534
megabyte1,877,16,1.7689843921373212
megabyte1,878,16,1.924121414485747
megabyte1,879,16,1.8865117180608086
megabyte1,880,16,2.072832592672271
megabyte1,881,16,1.9373612227374943
megabyte1,882,16,1.95805331054451
megabyte1,883,16,1.6567705285368883
megabyte1,884,16,1.7889443115048724
megabyte1,885,16,1.7246110952916032
megabyte1,886,16,1.7350804654057341
megabyte1,887,16,1.7236522877342388
megabyte1,888,16,1.8100468970039925
megabyte1,889,16,1.9480947457917157
megabyte1,890,16,1.7401291745185954
megabyte1,891,16,1.8956921861814662
megabyte1,892,16,1.6263665103506946
megabyte1,893,16,1.8356157928911214
megabyte1,894,16,1.7728036572644474
megabyte1,895,16,1.6554559336902006
megabyte1,896,16,1.6802422613583214
megabyte1,897,16,1.723038919567988
megabyte1,898,16,1.7992723895780574
megabyte1,899,16,1.6158711203568654
megabyte1,900,16,1.8093621240203344
megabyte1,901,16,1.9920806589486704
megabyte1,902,16,1.8501512916918326
megabyte1,903,16,2.0228144088838977
megabyte1,904,16,1.8116269157855158
megabyte1,905,16,1.7223132821138512
megabyte1,906,16,1.9357841847449624
megabyte1,907,16,1.7806831311692344
megabyte1,908,16,1.5882385639224583
megabyte1,909,16,1.5427037802755939
megabyte1,910,16,1.873150087175319
megabyte1,911,16,1.9598782241859434
megabyte1,912,16,1.6908809813572419
megabyte1,913,16,1.921614779142075
megabyte1,914,16,2.0121338211955226
megabyte1,915,16,2.001286029398153
megabyte1,916,16,1.8506836836973843
megabyte1,917,16,1.8111476552439123
megabyte1,918,16,1.7291642645414156
megabyte1,919,16,1.7146636103758752
megabyte1,920,16,2.001222860192211
megabyte1,921,16,1.8133793125182334
megabyte1,922,16,1.884961732425015
megabyte1,923,16,1.9194497921966815
megabyte1,924,16,1.8919192796071704
megabyte1,925,16,1.7309239736026012
megabyte1,926,16,1.718208492281219
megabyte1,927,16,2.058373873915495
megabyte1,928,16,1.7574022034628736
megabyte1,929,16,1.706667190345273
megabyte1,930,16,2.051243892095863
megabyte1,931,16,1.6572212300410498
megabyte1,932,16,1.737609862471384
megabyte1,933,16,1.9624196694402039
megabyte1,934,16,1.7872395854921708
megabyte1,935,16,2.0630904670710724
megabyte1,936,16,1.8149883840718877
megabyte1,937,16,1.894202132122838
megabyte1,938,16,1.8680579809615172
megabyte1,939,16,1.9871103977759166
megabyte1,940,16,1.8412260771659983
megabyte1,941,16,1.8993904239209412
megabyte1,942,16,1.8838748921439412
megabyte1,943,16,1.7200754493226
megabyte1,944,16,1.6928001287709145
megabyte1,945,16,1.8385456381932457
megabyte1,946,16,1.9466639783521682
megabyte1,947,16,2.122921268346698
megabyte1,948,16,2.0474613107950828
megabyte1,949,16,1.9831367137996665
megabyte1,950,16,1.7305628637069836
megabyte1,951,16,1.9284267043257688
megabyte1,952,16,1.7125582318564454
megabyte1,953,16,2.011495985789374
megabyte1,954,16,1.8969100192356798
megabyte1,955,16,2.0593375763056816
megabyte1,956,16,1.673747529287182
megabyte1,957,16,1.7029340986235977
megabyte1,958,16,1.9197184216546734
megabyte1,959,16,1.807727539586303
megabyte1,960,16,1.6910715393688074
megabyte1,961,16,1.8192953732892763
megabyte1,962,16,1.6836753630922532
megabyte1,963,16,1.7850266712181726
megabyte1,964,16,1.9245928484299573
megabyte1,965,16,1.8766402616287072
megabyte1,966,16,1.6495437624004816
megabyte1,967,16,1.8880938992863043
megabyte1,968,16,1.8668894747784808
megabyte1,969,16,1.8654423996201384
megabyte1,970,16,1.856709281357663
megabyte1,971,16,1.628239598434429
megabyte1,972,16,1.7300394053253594
megabyte1,973,16,1.8855339679027756
megabyte1,974,16,1.9217375884780483
megabyte1,975,16,1.8160675314212182
megabyte1,976,16,1.7661777863684394
megabyte1,977,16,1.7744200826892025
megabyte1,978,16,1.8921934120917738
megabyte1,979,16,1.7917041852994438
megabyte1,980,16,2.1982855065934763
megabyte1,981,16,1.7826971757668093
megabyte1,982,16,1.9888127035402088
megabyte1,983,16,1.940178575336532
megabyte1,984,16,1.6795896420388032
megabyte1,985,16,1.6365690213183715
megabyte1,986,16,2.192855131254545
megabyte1,987,16,1.7430484363054863
megabyte1,988,16,1.820859383604625
megabyte1,989,16,1.9942087141895242
megabyte1,990,16,1.8566694014042926
megabyte1,991,16,1.8972624669451283
megabyte1,992,16,2.0509303709088647
megabyte1,993,16,2.2397814311921023
megabyte1,994,16,1.6539468319518458
megabyte1,995,16,1.8355767419698064
megabyte1,996,16,1.8659368944370267
megabyte1,997,16,1.9926906261399284
megabyte1,998,16,1.7129272170295502
megabyte1,999,16,1.647839669243887
megabyte1,1000,16,2.0953154472648365
megabyte1,1001,16,1.8557785214541063
megabyte1,1002,16,1.9480443811451242
megabyte1,1003,16,1.8535324414175087
megabyte1,1004,16,1.9824408438487544
megabyte1,1005,16,1.8419662817506646
megabyte1,1006,16,1.5922678077366688
megabyte1,1007,16,2.0792150761258226
megabyte1,1008,16,1.7996973175369846
megabyte1,1009,16,1.7887308433690252
megabyte1,1010,16,1.8448009167090251
megabyte1,1011,16,1.8209475159792319
megabyte1,1012,16,1.9375309291449223
megabyte1,1013,16,1.8175194162379709
megabyte1,1014,16,1.8723727549980738
megabyte1,1015,16,1.8464359445042438
megabyte1,1016,16,1.7285289372529364
megabyte1,1017,16,1.971681737710478
megabyte1,1018,16,1.6342926766065344
megabyte1,1019,16,2.142307707809838
megabyte1,1020,16,1.7267332815530536
megabyte1,1021,16,2.053201334320774
megabyte1,1022,16,1.9509762022291082
megabyte1,1023,16,1.866059026346148
megabyte1,1024,16,1.9304317394869654
megabyte1,1025,16,1.6001088042399536
megabyte1,1026,16,1.7435883495094882
megabyte1,1027,16,1.9091418639621505
megabyte1,1028,16,1.8685200030467006
megabyte1,1029,16,2.074460281520087
megabyte1,1030,16,1.665334353023196
megabyte1,1031,16,1.5566985900484718
megabyte1,1032,16,2.06058554474752
megabyte1,1033,16,1.8748031158553484
megabyte1,1034,16,1.931672134236528
megabyte1,1035,16,1.8618723892957223
megabyte1,1036,16,1.8600274733203856
megabyte1,1037,16,1.8340850657395031
megabyte1,1038,16,1.7066404725299573
megabyte1,1039,16,1.7297129631863193
megabyte1,1040,16,1.8579118070010527
megabyte1,1041,16,1.7536618886147968
megabyte1,1042,16,1.7568939042797544
megabyte1,1043,16,1.9817150463871835
megabyte1,1044,16,1.7194047426574266
megabyte1,1045,16,1.9711753036190252
megabyte1,1046,16,1.972879297300112
megabyte1,1047,16,1.9381089321060867
megabyte1,1048,16,1.6836255621125622
megabyte1,1049,16,1.9375248628233395
megabyte1,1050,16,1.7575906657878948
megabyte1,1051,16,2.0217275635465732
megabyte1,1052,16,2.110751399270442
megabyte1,1053,16,1.783276632143142
megabyte1,1054,16,1.899500140549207
megabyte1,1055,16,1.7993064048566538
megabyte1,1056,16,1.7511252564907083
megabyte1,1057,16,1.8345182135471476
megabyte1,1058,16,1.7835404984009309
megabyte1,1059,16,1.785707475119736
megabyte1,1060,16,1.5791149078521187
megabyte1,1061,16,1.959910261045318
megabyte1,1062,16,1.8208565579814808
megabyte1,1063,16,1.8383517125676738
megabyte1,1064,16,1.902408629911878
megabyte1,1065,16,1.8027528603155027
megabyte1,1066,16,2.0731276730222388
megabyte1,1067,16,2.0194837632124876
megabyte1,1068,16,1.8345771359503493
megabyte1,1069,16,1.9944157017026278
megabyte1,1070,16,1.788749043166244
megabyte1,1071,16,1.974857653388138
megabyte1,1072,16,1.6831911525024523
megabyte1,1073,16,1.954314164183708
megabyte1,1074,16,1.8713296761654938
megabyte1,1075,16,1.921537296594525
megabyte1,1076,16,1.9659351569583388
megabyte1,1077,16,2.0431010924117614
megabyte1,1078,16,1.7571413759072405
megabyte1,1079,16,1.7114552215170895
megabyte1,1080,16,1.5473765813674167
megabyte1,1081,16,1.7813735544839682
megabyte1,1082,16,1.7264957603413287
megabyte1,1083,16,1.8149448333902194
megabyte1,1084,16,1.9391846032739284
megabyte1,1085,16,1.7091941141673541
megabyte1,1086,16,1.6159120896963657
megabyte1,1087,16,1.6469312020470084
megabyte1,1088,16,1.6517807611328486
megabyte1,1089,16,1.7197142178467877
megabyte1,1090,16,2.194883506352277
megabyte1,1091,16,1.7388536821433704
megabyte1,1092,16,2.043251472169134
megabyte1,1093,16,1.9037118347171424
megabyte1,1094,16,2.037150043625746
megabyte1,1095,16,2.040358751009908
megabyte1,1096,16,1.9075603491890945
megabyte1,1097,16,2.0605695756910722
megabyte1,1098,16,2.0296493721096525
megabyte1,1099,16,1.9016998526259719
megabyte1,1100,16,1.8612565050207444
megabyte1,1101,16,1.7238188857307162
megabyte1,1102,16,1.771308601734956
megabyte1,1103,16,1.9039501312409717
megabyte1,1104,16,1.7252498825808995
megabyte1,1105,16,1.920332892020673
megabyte1,1106,16,2.0733644620079072
megabyte1,1107,16,1.8525800261964076
megabyte1,1108,16,1.9183894538241117
megabyte1,1109,16,1.6596712286663777
megabyte1,1110,16,1.7811568641777935
megabyte1,1111,16,1.7160122169882595
megabyte1,1112,16,1.647893299088173
megabyte1,1113,16,1.564566411180833
megabyte1,1114,16,1.7559277021906723
megabyte1,1115,16,1.6875203245531945
megabyte1,1116,16,1.8239528556808149
megabyte1,1117,16,1.9600340650288577
megabyte1,1118,16,1.7971648028522984
megabyte1,1119,16,1.4848941303037129
megabyte1,1120,16,1.5894375681595396
megabyte1,1121,16,1.915660117794733
megabyte1,1122,16,1.7916790663448139
megabyte1,1123,16,1.7188617906314707
megabyte1,1124,16,1.7889590769839019
megabyte1,1125,16,1.8395772550923848
megabyte1,1126,16,1.702238667553065
megabyte1,1127,16,1.6860294771206752
megabyte1,1128,16,2.052901477300122
megabyte1,1129,16,1.6048959691704145
megabyte1,1130,16,1.9724531695156038
megabyte1,1131,16,1.6345911786117695
megabyte1,1132,16,2.11717756723327
megabyte1,1133,16,1.6414211697224617
megabyte1,1134,16,1.8350632531754623
megabyte1,1135,16,2.3562122832082726
megabyte1,1136,16,1.8938992602412807
megabyte1,1137,16,1.9124456611902005
megabyte1,1138,16,2.0223917206353472
megabyte1,1139,16,1.9996455553633417
megabyte1,1140,16,1.849229321111068
megabyte1,1141,16,1.7842071240749573
megabyte1,1142,16,2.070069917429858
megabyte1,1143,16,2.0704208789999536
megabyte1,1144,16,1.7163268360059767
megabyte1,1145,16,1.967399662813079
megabyte1,1146,16,1.7774270694060066
megabyte1,1147,16,1.8671156553463095
megabyte1,1148,16,1.7633114902411
megabyte1,1149,16,2.241399089576398
megabyte1,1150,16,1.950323054109628
megabyte1,1151,16,1.557216059146724
megabyte1,1152,16,1.8826018790718335
megabyte1,1153,16,1.8520397595229592
megabyte1,1154,16,1.926004143799824
megabyte1,1155,16,1.942360790952835
megabyte1,1156,16,1.782202616847267
megabyte1,1157,16,1.7873069664284242
megabyte1,1158,16,1.66410911818621
megabyte1,1159,16,1.7430635632110636
megabyte1,1160,16,1.5843772169721007
megabyte1,1161,16,1.6294502295952795
megabyte1,1162,16,1.8655785757800527
megabyte1,1163,16,1.8355001053582338
megabyte1,1164,16,1.4339640091226846
megabyte1,1165,16,1.5536800122617263
megabyte1,1166,16,1.6032941432772825
megabyte1,1167,16,1.828742066646323
megabyte1,1168,16,1.7710980375593224
megabyte1,1169,16,1.8312082894704367
megabyte1,1170,16,1.5670666331619614
megabyte1,1171,16,1.6296702102983132
megabyte1,1172,16,1.9722315783862019
megabyte1,1173,16,1.6432980560053148
megabyte1,1174,16,1.739671562342561
megabyte1,1175,16,1.6939835707482918
megabyte1,1176,16,1.7305268093116573
megabyte1,1177,16,1.7965767874839582
megabyte1,1178,16,1.9716718356683314
megabyte1,1179,16,1.7835203056164852
megabyte1,1180,16,1.8207724059697235
megabyte1,1181,16,1.514972213863078
megabyte1,1182,16,1.605022786381293
megabyte1,1183,16,1.7855838682690939
megabyte1,1184,16,2.0227330922892195
megabyte1,1185,16,1.9887938628271407
megabyte1,1186,16,1.6583000497949327
megabyte1,1187,16,1.7518613013335478
megabyte1,1188,16,1.6790339723956789
megabyte1,1189,16,1.87800097588659
megabyte1,1190,16,1.5774595108223843
megabyte1,1191,16,1.5362966467463388
megabyte1,1192,16,1.7885290964607803
megabyte1,1193,16,1.8685720631674005
megabyte1,1194,16,1.851940531733314
megabyte1,1195,16,1.7295182819282047
megabyte1,1196,16,1.7424262227198217
megabyte1,1197,16,1.7821898285075806
megabyte1,1198,16,1.7619523441895009
megabyte1,1199,16,1.8411080048143067
megabyte1,1200,16,1.7636543070741013
megabyte1,1201,16,1.7913615563381267
megabyte1,1202,16,1.6116728461828393
megabyte1,1203,16,2.003605435623135
megabyte1,1204,16,1.7197100285830347
megabyte1,1205,16,1.8717869526453565
megabyte1,1206,16,1.7319181630088345
megabyte1,1207,16,1.7707199803731
megabyte1,1208,16,1.573451125711009
megabyte1,1209,16,1.7587311808455106
megabyte1,1210,16,1.7395837816676836
megabyte1,1211,16,1.7578667956132903
megabyte1,1212,16,1.4470244957813327
megabyte1,1213,16,1.834801489732662
megabyte1,1214,16,1.9417219486452593
megabyte1,1215,16,1.7829874531602292
megabyte1,1216,16,1.5833051242325826
megabyte1,1217,16,1.8195842407571243
megabyte1,1218,16,1.8476543894716975
megabyte1,1219,16,1.7846668037726379
megabyte1,1220,16,1.8785512056243567
megabyte1,1221,16,1.9350075198800967
megabyte1,1222,16,1.543336818464045
megabyte1,1223,16,1.8805854923244874
megabyte1,1224,16,1.8761678404843682
megabyte1,1225,16,1.6940099073007877
megabyte1,1226,16,1.8374562975993616
megabyte1,1227,16,2.079974921386867
megabyte1,1228,16,1.7401533478331168
megabyte1,1229,16,1.8976176533090356
megabyte1,1230,16,1.826039801893853
megabyte1,1231,16,1.8124050525067463
megabyte1,1232,16,1.8216186221894701
megabyte1,1233,16,1.8730277750131359
megabyte1,1234,16,1.6880216034502815
megabyte1,1235,16,1.9927602761416678
megabyte1,1236,16,1.6689521140293935
megabyte1,1237,16,1.9280004447769248
megabyte1,1238,16,1.7374746892061979
megabyte1,1239,16,1.8517821070733131
megabyte1,1240,16,1.9340792957577273
megabyte1,1241,16,1.8570662715928599
megabyte1,1242,16,1.9408565755009501
megabyte1,1243,16,1.8213923866749975
megabyte1,1244,16,1.8822962166853388
megabyte1,1245,16,2.085684632847973
megabyte1,1246,16,2.052904067546625
megabyte1,1247,16,1.7582214427831988
megabyte1,1248,16,1.799613229931857
megabyte1,1249,16,1.7406757091089844
megabyte1,1250,16,2.1590293694202844
megabyte1,1251,16,1.778223723625298
megabyte1,1252,16,1.9259829361711673
megabyte1,1253,16,1.574465611654487
megabyte1,1254,16,1.7581300354346043
megabyte1,1255,16,1.728274384669593
megabyte1,1256,16,1.8128072859662718
megabyte1,1257,16,1.710954802231106
megabyte1,1258,16,1.9437345795726624
megabyte1,1259,16,2.1274993873084673
megabyte1,1260,16,1.719395998901487
megabyte1,1261,16,1.6914080461726697
megabyte1,1262,16,1.7684436614131807
megabyte1,1263,16,2.0163871982051873
megabyte1,1264,16,1.7317736224899825
megabyte1,1265,16,1.8573566614349482
megabyte1,1266,16,1.789384862736442
megabyte1,1267,16,2.069805513054161
megabyte1,1268,16,2.0307427743620545
megabyte1,1269,16,1.7282103590101712
megabyte1,1270,16,1.8430056180029708
megabyte1,1271,16,1.937708465463446
megabyte1,1272,16,1.7687908564409534
megabyte1,1273,16,1.8577332035190057
megabyte1,1274,16,1.7354042207844373
megabyte1,1275,16,1.9104405583027957
megabyte1,1276,16,1.8415733120332887
megabyte1,1277,16,2.1586546816800243
megabyte1,1278,16,2.0007912969374804
megabyte1,1279,16,1.9857242799964956
megabyte1,1280,16,2.002060418205549
megabyte1,1281,16,1.790469877787733
megabyte1,1282,16,1.9335949055750126
megabyte1,1283,16,1.9378423072937387
megabyte1,1284,16,1.7080953147727114
megabyte1,1285,16,1.9887569321648506
megabyte1,1286,16,1.88817769298429
megabyte1,1287,16,1.8092695402108143
megabyte1,1288,16,1.9834237200103815
megabyte1,1289,16,1.97165590526225
megabyte1,1290,16,1.759798605174355
megabyte1,1291,16,1.809996034047324
megabyte1,1292,16,1.8531961475875887
megabyte1,1293,16,1.8105564140246246
megabyte1,1294,16,1.843524018463495
megabyte1,1295,16,1.926327168014103
megabyte1,1296,16,2.0107707243140815
megabyte1,1297,16,1.814039422217439
megabyte1,1298,16,1.7913357384227955
megabyte1,1299,16,1.78392373761018
megabyte1,1300,16,1.959972094924686
megabyte1,1301,16,1.9517841841438768
megabyte1,1302,16,1.91349954203655
megabyte1,1303,16,1.8072191602838417
megabyte1,1304,16,2.1880199100408815
megabyte1,1305,16,1.8437004117850773
megabyte1,1306,16,1.853576580265397
megabyte1,1307,16,1.7146641218806529
megabyte1,1308,16,2.0622030386875516
megabyte1,1309,16,2.095168506240637
megabyte1,1310,16,1.7143999832947083
megabyte1,1311,16,1.7677019544925576
megabyte1,1312,16,1.6357827814521735
megabyte1,1313,16,2.060667094620587
megabyte1,1314,16,1.7940428722667163
megabyte1,1315,16,1.7679977330045027
megabyte1,1316,16,1.622677197186728
megabyte1,1317,16,1.8668759191975608
megabyte1,1318,16,1.7911202477484904
megabyte1,1319,16,1.9806923586016425
megabyte1,1320,16,1.7814581858948597
megabyte1,1321,16,2.050684691854804
megabyte1,1322,16,1.9795152621234715
megabyte1,1323,16,1.768925855426482
megabyte1,1324,16,1.908485907009408
megabyte1,1325,16,1.8641748115776091
megabyte1,1326,16,1.960246028999652
megabyte1,1327,16,1.6196068895219948
megabyte1,1328,16,2.0546343608030333
megabyte1,1329,16,1.8267261583406291
megabyte1,1330,16,2.0227685667998916
megabyte1,1331,16,2.021526919123955
megabyte1,1332,16,2.1406742539429437
megabyte1,1333,16,1.8667880616947183
megabyte1,1334,16,1.891789664095956
megabyte1,1335,16,1.7105746382379596
megabyte1,1336,16,1.935343992227983
megabyte1,1337,16,1.9973860892453836
megabyte1,1338,16,1.7860802378655163
megabyte1,1339,16,1.7406264947043333
megabyte1,1340,16,1.8962865207594772
megabyte1,1341,16,1.813725107398703
megabyte1,1342,16,1.9420761509798787
megabyte1,1343,16,1.9042248730274907
megabyte1,1344,16,1.9451851172627104
megabyte1,1345,16,1.6806075235404752
megabyte1,1346,16,1.969288099609675
megabyte1,1347,16,1.8748664103229358
megabyte1,1348,16,1.962560338693502
megabyte1,1349,16,1.818911171054443
megabyte1,1350,16,1.8312711904375043
megabyte1,1351,16,1.9160093246351668
megabyte1,1352,16,1.9895907677732956
megabyte1,1353,16,1.904711739099584
megabyte1,1354,16,1.6831275904378291
megabyte1,1355,16,1.6752725603368548
megabyte1,1356,16,1.8489087210317487
megabyte1,1357,16,1.8432455627818196
megabyte1,1358,16,1.9195121471803247
megabyte1,1359,16,1.8984413514216345
megabyte1,1360,16,2.029290287200588
megabyte1,1361,16,2.106347674559369
megabyte1,1362,16,1.888933272524552
megabyte1,1363,16,2.0091408917230438
megabyte1,1364,16,1.8454561104217928
megabyte1,1365,16,1.9156427418464417
megabyte1,1366,16,1.7956772563252617
megabyte1,1367,16,1.94483663754136
megabyte1,1368,16,1.9718281203297725
megabyte1,1369,16,1.7980302349933228
megabyte1,1370,16,2.064252202283718
megabyte1,1371,16,1.9903435921876242
megabyte1,1372,16,1.8343419658797218
megabyte1,1373,16,1.6571074879114613
megabyte1,1374,16,1.657733190129516
megabyte1,1375,16,1.6674658650983258
megabyte1,1376,16,1.9074801416417313
megabyte1,1377,16,1.9240693878113322
megabyte1,1378,16,1.9796931818990429
megabyte1,1379,16,2.0686495748725906
megabyte1,1380,16,2.018073861130454
megabyte1,1381,16,2.0650893718829293
megabyte1,1382,16,1.9496674161231735
megabyte1,1383,16,1.9793812924236276
megabyte1,1384,16,1.8769521187510434
megabyte1,1385,16,2.0083216777693647
megabyte1,1386,16,1.902838926293152
megabyte1,1387,16,1.9372918220743212
megabyte1,1388,16,1.7769826399766284
megabyte1,1389,16,1.7849863648795075
megabyte1,1390,16,1.8723296546574277
megabyte1,1391,16,1.654057414344766
megabyte1,1392,16,1.7913213099119025
megabyte1,1393,16,1.977280839169064
megabyte1,1394,16,1.7148979244849107
megabyte1,1395,16,1.7941313755652273
megabyte1,1396,16,1.8728102506337725
megabyte1,1397,16,1.7029112157652235
megabyte1,1398,16,1.9051119364055875
megabyte1,1399,16,1.885639893014315
megabyte1,1400,16,1.9568699520830344
megabyte1,1401,16,1.943560017273791
megabyte1,1402,16,2.064810940886828
megabyte1,1403,16,1.9774026913613085
megabyte1,1404,16,2.0225013675487014
megabyte1,1405,16,1.944514145145424
megabyte1,1406,16,1.8248759554867373
megabyte1,1407,16,2.077910636377345
megabyte1,1408,16,1.8179526516195874
megabyte1,1409,16,1.8650810977783925
megabyte1,1410,16,1.8753077125932276
megabyte1,1411,16,1.8384961127711632
megabyte1,1412,16,2.1809065416850886
megabyte1,1413,16,2.0429785804152742
megabyte1,1414,16,1.8724857547301632
megabyte1,1415,16,2.0413305922075624
megabyte1,1416,16,2.0150450206629653
megabyte1,1417,16,1.7628004778805602
megabyte1,1418,16,1.9583299474966027
megabyte1,1419,16,1.8485938597423883
megabyte1,1420,16,2.008746739886551
megabyte1,1421,16,1.7877339061060682
megabyte1,1422,16,1.7255977000843268
megabyte1,1423,16,1.6465113032244212
megabyte1,1424,16,1.7201628310962713
megabyte1,1425,16,1.9279125085192481
megabyte1,1426,16,1.854779426267072
megabyte1,1427,16,1.82370064906006
megabyte1,1428,16,1.9479986472304103
megabyte1,1429,16,1.7857906675870325
megabyte1,1430,16,1.8225889804057367
megabyte1,1431,16,1.9698338258689823
megabyte1,1432,16,1.8260037289838635
megabyte1,1433,16,1.6650218005673507
megabyte1,1434,16,2.1532193878687322
megabyte1,1435,16,2.1416797602360584
megabyte1,1436,16,1.6220134589416957
megabyte1,1437,16,2.000942022869792
megabyte1,1438,16,1.9570767117873429
megabyte1,1439,16,2.073452589381229
megabyte1,1440,16,1.8261513499477702
megabyte1,1441,16,2.2914006233736792
megabyte1,1442,16,2.0284754725517784
megabyte1,1443,16,1.8524173236043726
megabyte1,1444,16,1.8920482937554266
megabyte1,1445,16,1.9010022286565913
megabyte1,1446,16,1.9584580139079102
megabyte1,1447,16,1.8212494890095978
megabyte1,1448,16,2.02595880617016
megabyte1,1449,16,1.9113244123323498
megabyte1,1450,16,1.6802012674911857
megabyte1,1451,16,1.9834662635250904
megabyte1,1452,16,1.7218661048177708
megabyte1,1453,16,2.038149394019901
megabyte1,1454,16,1.854311179924581
megabyte1,1455,16,2.0787679451860916
megabyte1,1456,16,1.9727717586629268
megabyte1,1457,16,1.9404078753300646
megabyte1,1458,16,1.9795007364434325
megabyte1,1459,16,1.7688621579559616
megabyte1,1460,16,2.0292611265486324
megabyte1,1461,16,1.725221818701474
megabyte1,1462,16,1.7247287258797002
megabyte1,1463,16,1.8199970659489133
megabyte1,1464,16,1.6742915716340043
megabyte1,1465,16,1.8847880163756074
megabyte1,1466,16,1.8849007613362532
megabyte1,1467,16,2.1754579239108582
megabyte1,1468,16,1.9423205220518547
megabyte1,1469,16,1.8817945367312734
megabyte1,1470,16,2.1641922818861428
megabyte1,1471,16,1.8003019080720688
megabyte1,1472,16,2.055120079177507
megabyte1,1473,16,1.7342297294669788
megabyte1,1474,16,1.8251224481165775
megabyte1,1475,16,1.9205287097965305
megabyte1,1476,16,1.781847336537032
megabyte1,1477,16,1.9115323866419862
megabyte1,1478,16,1.694827382822006
megabyte1,1479,16,1.7356374208767718
megabyte1,1480,16,1.9626799664504868
megabyte1,1481,16,1.7453712619025876
megabyte1,1482,16,1.864872070524793
megabyte1,1483,16,1.888477962999958
megabyte1,1484,16,1.8055531104211322
megabyte1,1485,16,1.984330024535897
megabyte1,1486,16,1.643093837807575
megabyte1,1487,16,1.8132743803361917
megabyte1,1488,16,1.860659481758561
megabyte1,1489,16,1.8964759515976297
megabyte1,1490,16,1.681381777093693
megabyte1,1491,16,1.8295761975456324
megabyte1,1492,16,1.812794091041982
megabyte1,1493,16,2.0466500195280553
megabyte1,1494,16,1.7407187830380881
megabyte1,1495,16,1.5791789476392994
megabyte1,1496,16,1.928210094301769
megabyte1,1497,16,1.7485368064719893
megabyte1,1498,16,1.7681247019685258
megabyte1,1499,16,2.2122267597510388
megabyte1,1500,16,1.9791814663185805
megabyte1,1501,16,1.9332772759528085
megabyte1,1502,16,2.2362792254442367
megabyte1,1503,16,1.8752179941597193
megabyte1,1504,16,2.187646025755563
megabyte1,1505,16,1.8829575016759825
megabyte1,1506,16,2.1299746188523567
megabyte1,1507,16,1.9992513881966008
megabyte1,1508,16,1.9272746262772016
megabyte1,1509,16,2.2844708295033307
megabyte1,1510,16,2.0170511511533555
megabyte1,1511,16,1.6376128429080412
megabyte1,1512,16,1.824903934010014
megabyte1,1513,16,1.698944162175306
megabyte1,1514,16,1.6866305086979954
megabyte1,1515,16,2.155437484193492
megabyte1,1516,16,1.75056542984983
megabyte1,1517,16,1.918275785770023
megabyte1,1518,16,1.6434200855805847
megabyte1,1519,16,1.935226877387076
megabyte1,1520,16,1.8670574411458727
megabyte1,1521,16,1.8189802187730344
megabyte1,1522,16,1.9073269312202972
megabyte1,1523,16,2.0093113304955774
megabyte1,1524,16,1.91610350288824
megabyte1,1525,16,1.9588285494839495
megabyte1,1526,16,1.7814453224986941
megabyte1,1527,16,2.1242013202352688
megabyte1,1528,16,1.8095375589947262
megabyte1,1529,16,1.990338986160979
megabyte1,1530,16,1.7022553402811798
megabyte1,1531,16,2.1233921896443255
megabyte1,1532,16,1.626748985775711
megabyte1,1533,16,1.9348651037103968
megabyte1,1534,16,1.8801291380034182
megabyte1,1535,16,2.111620611653333
megabyte1,1536,16,1.8631653518212334
megabyte1,1537,16,1.9195402817008633
megabyte1,1538,16,1.8357365833069141
megabyte1,1539,16,1.9283358790555576
megabyte1,1540,16,1.9121905113799451
megabyte1,1541,16,1.8376279427423055
megabyte1,1542,16,2.0402029696025803
megabyte1,1543,16,1.943049381515981
megabyte1,1544,16,2.049841500956638
megabyte1,1545,16,1.9543071116570312
megabyte1,1546,16,1.8641088805002937
megabyte1,1547,16,1.810471008933777
megabyte1,1548,16,1.8246587112272417
megabyte1,1549,16,2.0632294647020077
megabyte1,1550,16,1.800433437633236
megabyte1,1551,16,1.8591746127765987
megabyte1,1552,16,1.9717391912743896
megabyte1,1553,16,1.8687304764253858
megabyte1,1554,16,2.004379391882118
megabyte1,1555,16,1.766922680839276
megabyte1,1556,16,1.8781640379975524
megabyte1,1557,16,1.6180120693379614
megabyte1,1558,16,1.983488013717602
megabyte1,1559,16,1.9857291986531738
megabyte1,1560,16,1.8953976636860244
megabyte1,1561,16,1.8047108110919985
megabyte1,1562,16,2.116728304212589
megabyte1,1563,16,1.8226959686028055
megabyte1,1564,16,1.9446171504015979
megabyte1,1565,16,2.1270786577887586
megabyte1,1566,16,1.5993408916842755
megabyte1,1567,16,1.9960668288672683
megabyte1,1568,16,1.9682773878526414
megabyte1,1569,16,1.9183035133913948
megabyte1,1570,16,1.845424293144482
megabyte1,1571,16,1.8258114727779238
megabyte1,1572,16,1.919956976469029
megabyte1,1573,16,1.8400340083330033
megabyte1,1574,16,1.8817975535363234
megabyte1,1575,16,2.068916746806853
megabyte1,1576,16,1.844826732700067
megabyte1,1577,16,1.6835941251201298
megabyte1,1578,16,1.802092494186681
megabyte1,1579,16,1.7604511157327942
megabyte1,1580,16,1.9702522561758566
megabyte1,1581,16,1.6210957178538177
megabyte1,1582,16,2.0398034838510912
megabyte1,1583,16,1.943806723003302
megabyte1,1584,16,1.6161042733611706
megabyte1,1585,16,1.8747821763979546
megabyte1,1586,16,1.8931238144323275
megabyte1,1587,16,1.9368152144699218
megabyte1,1588,16,2.0605169476583263
megabyte1,1589,16,2.0992281531462615
megabyte1,1590,16,2.0341263643367267
megabyte1,1591,16,2.0331792995603624
megabyte1,1592,16,2.1415286712264763
megabyte1,1593,16,1.862738032722224
megabyte1,1594,16,2.014709585015227
megabyte1,1595,16,1.7631541249393092
megabyte1,1596,16,1.9995847879254434
megabyte1,1597,16,1.8740651478899977
megabyte1,1598,16,1.9341815881106883
megabyte1,1599,16,1.9585503892259564
megabyte1,1600,16,1.8098392394553078
megabyte1,1601,16,1.9514620024745386
megabyte1,1602,16,2.007261183463085
megabyte1,1603,16,1.8313847237538403
megabyte1,1604,16,1.9875022226525916
megabyte1,1605,16,2.067129069395541
megabyte1,1606,16,1.8852744899270122
megabyte1,1607,16,1.802927771118425
megabyte1,1608,16,1.9495590546562998
megabyte1,1609,16,1.6921047571121908
megabyte1,1610,16,1.963880626702083
megabyte1,1611,16,1.7745387662147847
megabyte1,1612,16,1.900467029973082
megabyte1,1613,16,1.8353712577722523
megabyte1,1614,16,2.0608499673065763
megabyte1,1615,16,1.934466139930899
megabyte1,1616,16,2.1666737136907477
megabyte1,1617,16,1.7549099255587661
megabyte1,1618,16,1.7382840752345268
megabyte1,1619,16,1.871863697405498
megabyte1,1620,16,1.799980862835628
megabyte1,1621,16,1.8217695513756949
megabyte1,1622,16,2.051988092113307
megabyte1,1623,16,1.8937449135983542
megabyte1,1624,16,1.6861252088711882
megabyte1,1625,16,1.9136765174190045
megabyte1,1626,16,1.8601666554572973
megabyte1,1627,16,1.9070643945299106
megabyte1,1628,16,1.6533812733034137
megabyte1,1629,16,1.7256482469668133
megabyte1,1630,16,1.7035614998583983
megabyte1,1631,16,1.82605936706102
megabyte1,1632,16,1.893008645929225
megabyte1,1633,16,1.8707403450165336
megabyte1,1634,16,1.8030448086059556
megabyte1,1635,16,1.9439345747212355
megabyte1,1636,16,1.9001194014083937
megabyte1,1637,16,1.8413863822693166
megabyte1,1638,16,1.8305092313356317
megabyte1,1639,16,2.098627118234221
megabyte1,1640,16,2.1034733326472885
megabyte1,1641,16,2.046033392771082
megabyte1,1642,16,2.025542018738642
megabyte1,1643,16,1.8235348103115412
megabyte1,1644,16,1.972058630569596
megabyte1,1645,16,1.8339370114208016
megabyte1,1646,16,2.0249425470616624
megabyte1,1647,16,1.9302183064687628
megabyte1,1648,16,1.8867778590927236
megabyte1,1649,16,2.106845302930325
megabyte1,1650,16,1.9813189003903342
megabyte1,1651,16,2.0752662979175174
megabyte1,1652,16,1.7393017494241112
megabyte1,1653,16,1.7128256250147909
megabyte1,1654,16,2.000437155328469
megabyte1,1655,16,1.6707746900130656
megabyte1,1656,16,2.013402264576057
megabyte1,1657,16,1.7563327871429195
megabyte1,1658,16,1.8169332385093064
megabyte1,1659,16,1.8509431955014466
megabyte1,1660,16,1.8267648566095578
megabyte1,1661,16,1.9640343999851537
megabyte1,1662,16,2.117371181847884
megabyte1,1663,16,1.7916907582744264
megabyte1,1664,16,1.8576562662043365
megabyte1,1665,16,1.8467233985622236
megabyte1,1666,16,1.9333351639083103
megabyte1,1667,16,1.8468501042286745
megabyte1,1668,16,1.8279030209361382
megabyte1,1669,16,1.6566317337069862
megabyte1,1670,16,1.7496661205167203
megabyte1,1671,16,1.763925945459122
megabyte1,1672,16,1.7626575295658093
megabyte1,1673,16,2.093472087062813
megabyte1,1674,16,1.634520404076329
megabyte1,1675,16,1.573113485438038
megabyte1,1676,16,1.8270092144778745
megabyte1,1677,16,1.9437450853915053
megabyte1,1678,16,1.6357750789121404
megabyte1,1679,16,1.8650432782446913
megabyte1,1680,16,2.152147134832086
megabyte1,1681,16,1.685702440985413
megabyte1,1682,16,2.0182253159480683
megabyte1,1683,16,1.7561946420726038
megabyte1,1684,16,1.8332949525562527
megabyte1,1685,16,2.00810381189937
megabyte1,1686,16,1.778642990061145
megabyte1,1687,16,1.8680665567180235
megabyte1,1688,16,1.6082815544220543
megabyte1,1689,16,1.7919105512205207
megabyte1,1690,16,2.0802409826937596
megabyte1,1691,16,1.691946504176841
megabyte1,1692,16,1.9365771680000199
megabyte1,1693,16,1.9778662885888436
megabyte1,1694,16,2.110675846899733
megabyte1,1695,16,1.7669182648141393
megabyte1,1696,16,1.8493141667721418
megabyte1,1697,16,1.913295156008038
megabyte1,1698,16,1.9831880013576084
megabyte1,1699,16,1.8758158998908907
megabyte1,1700,16,1.9561341161064132
megabyte1,1701,16,1.7504692539978297
megabyte1,1702,16,1.780057147331891
megabyte1,1703,16,1.9406365555325502
megabyte1,1704,16,1.7412216018261106
megabyte1,1705,16,1.9413232006290526
megabyte1,1706,16,1.7381275382018022
megabyte1,1707,16,1.8364856419231255
megabyte1,1708,16,1.7140788167444567
megabyte1,1709,16,1.9089994797753906
megabyte1,1710,16,1.8256132184679
megabyte1,1711,16,1.8886171527670572
megabyte1,1712,16,1.6494549521100739
megabyte1,1713,16,1.9067461365090728
megabyte1,1714,16,1.9441321216570444
megabyte1,1715,16,1.9953464153485914
megabyte1,1716,16,2.0094318281423305
megabyte1,1717,16,1.9529233479232495
megabyte1,1718,16,2.009874002176641
megabyte1,1719,16,1.6072053975017306
megabyte1,1720,16,1.771670283691653
megabyte1,1721,16,1.667358471954843
megabyte1,1722,16,1.921756191706622
megabyte1,1723,16,1.8111429227848277
megabyte1,1724,16,1.7217414844663845
megabyte1,1725,16,1.802096672592815
megabyte1,1726,16,1.7877984616850595
megabyte1,1727,16,1.7761761554746165
megabyte1,1728,16,2.155507914811141
megabyte1,1729,16,1.693941365288051
megabyte1,1730,16,1.9908236662185934
megabyte1,1731,16,1.8119987716001622
megabyte1,1732,16,1.851421474387313
megabyte1,1733,16,1.8520191631732033
megabyte1,1734,16,1.9677976171411111
megabyte1,1735,16,1.8745239486392353
megabyte1,1736,16,1.5931418187030717
megabyte1,1737,16,1.7650955517103346
megabyte1,1738,16,1.8457463295763947
megabyte1,1739,16,1.886333205539203
megabyte1,1740,16,1.9501676851742369
megabyte1,1741,16,1.753303414717867
megabyte1,1742,16,1.9674453927644568
megabyte1,1743,16,1.7120999835462178
megabyte1,1744,16,1.7956344769651353
megabyte1,1745,16,1.76044186473004
megabyte1,1746,16,1.7462338323128508
megabyte1,1747,16,1.8754694389081248
megabyte1,1748,16,1.60444163102147
megabyte1,1749,16,1.961786316360808
megabyte1,1750,16,1.705223123143656
megabyte1,1751,16,1.8072381154049098
megabyte1,1752,16,2.021090404323301
megabyte1,1753,16,2.2927311043748606
megabyte1,1754,16,2.0683669971627574
megabyte1,1755,16,1.8407868491815305
megabyte1,1756,16,1.594035584068297
megabyte1,1757,16,2.0125823125751885
megabyte1,1758,16,1.8729957813179468
megabyte1,1759,16,2.0358439467704117
megabyte1,1760,16,1.7194748244356879
megabyte1,1761,16,2.0071265810496097
megabyte1,1762,16,1.901934766944413
megabyte1,1763,16,1.8766680101925592
megabyte1,1764,16,2.1214097455638155
megabyte1,1765,16,1.7881446640587009
megabyte1,1766,16,1.9612964361342005
megabyte1,1767,16,2.1525371626210363
megabyte1,1768,16,1.795032779154668
megabyte1,1769,16,2.0122355056769416
megabyte1,1770,16,1.6988188082295945
megabyte1,1771,16,1.8797030544186488
megabyte1,1772,16,1.8002942421588686
megabyte1,1773,16,1.9689593131112952
megabyte1,1774,16,1.945033558160158
megabyte1,1775,16,1.7962455213351247
megabyte1,1776,16,1.847497565828868
megabyte1,1777,16,1.7826623613811006
megabyte1,1778,16,1.8529901300567455
megabyte1,1779,16,1.9323212719899276
megabyte1,1780,16,2.0194247108087975
megabyte1,1781,16,1.9070103796880662
megabyte1,1782,16,2.02022051795851
megabyte1,1783,16,2.047598409897764
megabyte1,1784,16,2.003251480898138
megabyte1,1785,16,2.0037911402257182
megabyte1,1786,16,1.8981967160336775
megabyte1,1787,16,2.036194463533381
megabyte1,1788,16,1.8864659091284863
megabyte1,1789,16,2.029773870431279
megabyte1,1790,16,1.8880175456833854
megabyte1,1791,16,2.0162777453711227
megabyte1,1792,16,1.8374045081091495
megabyte1,1793,16,1.8125161044658138
megabyte1,1794,16,1.7627190346601314
megabyte1,1795,16,1.697262452502698
megabyte1,1796,16,1.9499762287180176
megabyte1,1797,16,2.00134626177285
megabyte1,1798,16,1.8531338397103692
megabyte1,1799,16,1.7745090829721624
megabyte1,1800,16,1.8484457498018363
megabyte1,1801,16,2.1743490000554933
megabyte1,1802,16,1.7042330594049666
megabyte1,1803,16,1.6361280048515507
megabyte1,1804,16,1.9591334875559077
megabyte1,1805,16,2.043750405435692
megabyte1,1806,16,1.9973422834782617
megabyte1,1807,16,1.9378982997072605
megabyte1,1808,16,1.8896238846735336
megabyte1,1809,16,1.7265094496133653
megabyte1,1810,16,1.7582921456498692
megabyte1,1811,16,1.84287306844073
megabyte1,1812,16,2.060058872575834
megabyte1,1813,16,1.7142260395050806
megabyte1,1814,16,1.952602227141297
megabyte1,1815,16,2.150579007741677
megabyte1,1816,16,1.7502278843854717
megabyte1,1817,16,2.07050108709846
megabyte1,1818,16,1.8178336393140437
megabyte1,1819,16,1.846149735956584
megabyte1,1820,16,1.8900566059403177
megabyte1,1821,16,1.9528306013024206
megabyte1,1822,16,1.853154290805855
megabyte1,1823,16,1.858006692908997
megabyte1,1824,16,1.9246988938631457
megabyte1,1825,16,1.9672234410683418
megabyte1,1826,16,1.880649192571552
megabyte1,1827,16,1.763888257257694
megabyte1,1828,16,1.969550813722617
megabyte1,1829,16,2.1160154529659976
megabyte1,1830,16,1.8767999830413822
megabyte1,1831,16,2.004904781557447
megabyte1,1832,16,1.9388854622875498
megabyte1,1833,16,2.0363005046059914
megabyte1,1834,16,1.8737380072670033
megabyte1,1835,16,1.7539232362047597
megabyte1,1836,16,1.768927863843262
megabyte1,1837,16,1.7896342472417468
megabyte1,1838,16,1.6937197485325157
megabyte1,1839,16,1.68882567785508
megabyte1,1840,16,1.8837202317050734
megabyte1,1841,16,1.8662218058624382
megabyte1,1842,16,1.8389534254558304
megabyte1,1843,16,2.2282490545820233
megabyte1,1844,16,1.7926464570002438
megabyte1,1845,16,1.8119917713691975
megabyte1,1846,16,1.7550037263577665
megabyte1,1847,16,1.9390797779695574
megabyte1,1848,16,1.921228466139922
megabyte1,1849,16,1.7864690001803976
megabyte1,1850,16,1.9251326673335223
megabyte1,1851,16,1.7252245013691243
megabyte1,1852,16,1.7300724071340794
megabyte1,1853,16,1.8772493428762274
megabyte1,1854,16,1.7096916772762814
megabyte1,1855,16,1.650021252137023
megabyte1,1856,16,1.7126192923349726
megabyte1,1857,16,1.5632599115298562
megabyte1,1858,16,1.925896823224069
megabyte1,1859,16,1.866557231573541
megabyte1,1860,16,1.5596354514785542
megabyte1,1861,16,1.8619222016453116
megabyte1,1862,16,1.5746701286956806
megabyte1,1863,16,1.8907659204318152
megabyte1,1864,16,1.756344763894491
megabyte1,1865,16,2.031076030713163
megabyte1,1866,16,1.8868463935730724
megabyte1,1867,16,1.9587959873781537
megabyte1,1868,16,1.717249550389032
megabyte1,1869,16,1.999594863309424
megabyte1,1870,16,1.7486927282657696
megabyte1,1871,16,1.680882137965038
megabyte1,1872,16,1.9849874456637275
megabyte1,1873,16,1.7457572938813777
megabyte1,1874,16,1.7112206128445484
megabyte1,1875,16,1.8225386533369132
megabyte1,1876,16,1.9177513332650924
megabyte1,1877,16,1.7593940187393209
megabyte1,1878,16,1.827285367463014
megabyte1,1879,16,1.8944373612885974
megabyte1,1880,16,1.639941286734176
megabyte1,1881,16,1.8434813774293661
megabyte1,1882,16,1.7850916970402917
megabyte1,1883,16,1.7565451975053066
megabyte1,1884,16,1.5738825296649819
megabyte1,1885,16,1.9050719031678296
megabyte1,1886,16,1.631550239745539
megabyte1,1887,16,1.91705677103191
megabyte1,1888,16,1.8297575061712512
megabyte1,1889,16,1.7831071589842566
megabyte1,1890,16,1.9478611517045485
megabyte1,1891,16,1.8389406179510797
megabyte1,1892,16,1.6217428770432243
megabyte1,1893,16,1.9075926660946974
megabyte1,1894,16,1.7748601194283966
megabyte1,1895,16,1.9213814021777584
megabyte1,1896,16,1.7432327907372056
megabyte1,1897,16,1.9671870966927825
megabyte1,1898,16,1.8022657151540835
megabyte1,1899,16,1.7458131604795513
megabyte1,1900,16,1.8245719816290682
megabyte1,1901,16,1.960390168599469
megabyte1,1902,16,2.0176989487426797
megabyte1,1903,16,1.7937933044150498
megabyte1,1904,16,1.5708333568575983
megabyte1,1905,16,1.8169224920403435
megabyte1,1906,16,1.8661100984709718
megabyte1,1907,16,1.6036186899782514
megabyte1,1908,16,1.8654485214262502
megabyte1,1909,16,1.6374600319434098
megabyte1,1910,16,1.7672700267678392
megabyte1,1911,16,1.945021163953696
megabyte1,1912,16,1.8689685174488913
megabyte1,1913,16,1.84209129930638
megabyte1,1914,16,1.7619706864454225
megabyte1,1915,16,1.5829668565459416
megabyte1,1916,16,1.9083853969838518
megabyte1,1917,16,1.7564550023447851
megabyte1,1918,16,1.7059937352744827
megabyte1,1919,16,1.7895335687584735
megabyte1,1920,16,1.6857743750340406
megabyte1,1921,16,2.2621436616540036
megabyte1,1922,16,2.1416339715926167
megabyte1,1923,16,2.041202314402799
megabyte1,1924,16,1.8199534880404704
megabyte1,1925,16,1.908571048767711
megabyte1,1926,16,1.8825398001239992
megabyte1,1927,16,1.972347431191849
megabyte1,1928,16,1.8495878685024068
megabyte1,1929,16,1.7654651725813635
megabyte1,1930,16,1.8937462638887768
megabyte1,1931,16,2.0360259783921224
megabyte1,1932,16,1.9639585868758305
megabyte1,1933,16,1.9198120113808965
megabyte1,1934,16,1.948410194407656
megabyte1,1935,16,1.966816197750608
megabyte1,1936,16,2.0219027284698865
megabyte1,1937,16,1.968366401897363
megabyte1,1938,16,1.9558144369500685
megabyte1,1939,16,1.7888340644837029
megabyte1,1940,16,1.831295249588277
megabyte1,1941,16,1.9353360403595108
megabyte1,1942,16,1.9132424425988879
megabyte1,1943,16,2.030762807323308
megabyte1,1944,16,1.7773623967081145
megabyte1,1945,16,1.930525210340282
megabyte1,1946,16,1.9398896976549878
megabyte1,1947,16,1.7450562548585369
megabyte1,1948,16,1.7287462494754495
megabyte1,1949,16,2.051059615586893
megabyte1,1950,16,2.1520251156009156
megabyte1,1951,16,1.911304070729235
megabyte1,1952,16,2.0815189841013515
megabyte1,1953,16,1.9344704859584685
megabyte1,1954,16,1.7376173830532766
megabyte1,1955,16,1.882311495359774
megabyte1,1956,16,1.818909654266248
megabyte1,1957,16,1.8835713796276612
megabyte1,1958,16,1.9959262156435809
megabyte1,1959,16,1.9618644770527451
megabyte1,1960,16,1.837736105396525
megabyte1,1961,16,1.795184136283935
megabyte1,1962,16,2.04318052430887
megabyte1,1963,16,1.8703205597606607
megabyte1,1964,16,1.9269119576862401
megabyte1,1965,16,1.8642342277347874
megabyte1,1966,16,1.937482826504563
megabyte1,1967,16,2.0604438768661364
megabyte1,1968,16,2.033683360506574
megabyte1,1969,16,1.833480061822231
megabyte1,1970,16,2.1169798868048226
megabyte1,1971,16,1.6720977394984748
megabyte1,1972,16,1.9644775172438598
megabyte1,1973,16,1.829164193160636
megabyte1,1974,16,1.806030483677867
megabyte1,1975,16,1.8883812734411436
megabyte1,1976,16,1.8568125430005993
megabyte1,1977,16,1.7246549085961582
megabyte1,1978,16,1.703827362435864
megabyte1,1979,16,1.850989322047983
megabyte1,1980,16,1.691015440941733
megabyte1,1981,16,1.8036679657307817
megabyte1,1982,16,1.8002452639612772
megabyte1,1983,16,1.8167506864589882
megabyte1,1984,16,1.8801672198099506
megabyte1,1985,16,1.6612781903595488
megabyte1,1986,16,1.6958015180581965
megabyte1,1987,16,1.9859970071791888
megabyte1,1988,16,1.982532747825152
megabyte1,1989,16,1.5348202867947327
megabyte1,1990,16,2.0129460836622624
megabyte1,1991,16,1.793954123110547
megabyte1,1992,16,1.9608075116313148
megabyte1,1993,16,2.0120580655159683
megabyte1,1994,16,1.929560996269684
megabyte1,1995,16,1.964600960110629
megabyte1,1996,16,1.66733437452753
megabyte1,1997,16,1.688653758546564
megabyte1,1998,16,1.6308868286988552
megabyte1,1999,16,1.8688696330832588
megabyte1,2000,16,1.910183491807683
megabyte1,2001,16,1.6745204417526691
megabyte1,2002,16,1.8272333857147582
megabyte1,2003,16,1.6197188340291895
megabyte1,2004,16,1.9026762650907598
megabyte1,2005,16,1.7558272530721926
megabyte1,2006,16,1.7945056725638588
megabyte1,2007,16,1.9500894615639583
megabyte1,2008,16,1.9344556208640225
megabyte1,2009,16,1.6928824602849326
megabyte1,2010,16,1.9194014066033094
megabyte1,2011,16,1.763918366770091
megabyte1,2012,16,1.8437286148421699
megabyte1,2013,16,2.0583818371724436
megabyte1,2014,16,1.8314431980620525
megabyte1,2015,16,2.093309675256214
megabyte1,2016,16,1.9240291293820437
megabyte1,2017,16,1.6976627375753106
megabyte1,2018,16,1.7653003415694695
megabyte1,2019,16,2.0526538172566977
megabyte1,2020,16,2.03053993087026
megabyte1,2021,16,1.9206739630830734
megabyte1,2022,16,1.719854556657009
megabyte1,2023,16,1.928546342828366
megabyte1,2024,16,1.776745999261891
megabyte1,2025,16,1.7002449320234088
megabyte1,2026,16,2.0340083334248025
megabyte1,2027,16,2.2312534818369962
megabyte1,2028,16,1.8319247768175952
megabyte1,2029,16,1.8668462600913003
megabyte1,2030,16,1.9839674997818764
megabyte1,2031,16,2.055427228877893
megabyte1,2032,16,1.8500456011832696
megabyte1,2033,16,2.1009644523091873
megabyte1,2034,16,1.8939354859476882
megabyte1,2035,16,2.134169506958348
megabyte1,2036,16,2.1052065089391285
megabyte1,2037,16,1.9478039439027695
megabyte1,2038,16,1.8906565778761335
megabyte1,2039,16,1.8609438247291044
megabyte1,2040,16,1.787312532056545
megabyte1,2041,16,1.8377575349215873
megabyte1,2042,16,2.073316780325324
megabyte1,2043,16,2.0493210743497325
megabyte1,2044,16,1.8134125661653617
megabyte1,2045,16,2.06139891524738
megabyte1,2046,16,1.8344189133051052
megabyte1,2047,16,1.8492332556058815
megabyte1,2048,16,1.7979962298995058
megabyte1,2049,16,1.9410594386908955
megabyte1,2050,16,1.7644830840284778
megabyte1,2051,16,1.8728030835800686
megabyte1,2052,16,1.8134875985429137
megabyte1,2053,16,1.8707924357194516
megabyte1,2054,16,1.6088142561063634
megabyte1,2055,16,1.8101369906574398
megabyte1,2056,16,1.8902198283074296
megabyte1,2057,16,1.8940468576777607
megabyte1,2058,16,1.8473498009825644
megabyte1,2059,16,1.6383503581168564
megabyte1,2060,16,1.943515339312024
megabyte1,2061,16,1.8778515631212993
megabyte1,2062,16,1.9066674559824854
megabyte1,2063,16,2.0037367124422287
megabyte1,2064,16,1.933250631912675
megabyte1,2065,16,1.7811961076454246
megabyte1,2066,16,1.7667411139290006
megabyte1,2067,16,1.82993119185139
megabyte1,2068,16,1.7794392921534772
megabyte1,2069,16,1.7757529112237562
megabyte1,2070,16,2.0206241934452356
megabyte1,2071,16,1.9308452249664791
megabyte1,2072,16,1.6550172751094179
megabyte1,2073,16,1.8377943087262496
megabyte1,2074,16,1.6654087100210773
megabyte1,2075,16,1.862470603208333
megabyte1,2076,16,1.6912463016817896
megabyte1,2077,16,1.8531813292586752
megabyte1,2078,16,1.705243074923311
megabyte1,2079,16,1.8276856572178206
megabyte1,2080,16,1.9652111663978273
megabyte1,2081,16,1.7717938823280877
megabyte1,2082,16,1.8466806706438408
megabyte1,2083,16,1.9865548490983518
megabyte1,2084,16,1.9044088651989848
megabyte1,2085,16,2.00168141286333
megabyte1,2086,16,2.052907366979422
megabyte1,2087,16,1.9627874035222979
megabyte1,2088,16,1.9126979186663755
megabyte1,2089,16,1.9743608240066781
megabyte1,2090,16,2.070836559430493
megabyte1,2091,16,1.986895520439208
megabyte1,2092,16,1.6082179586862075
megabyte1,2093,16,2.098154347247813
megabyte1,2094,16,2.065637545435602
megabyte1,2095,16,1.9908282817347982
megabyte1,2096,16,1.6769776986316995
megabyte1,2097,16,1.8802359332156513
megabyte1,2098,16,1.7515127530462218
megabyte1,2099,16,2.056873158892301
megabyte1,2100,16,1.904271645084798
megabyte1,2101,16,1.9484590276168363
megabyte1,2102,16,1.863114991954611
megabyte1,2103,16,1.8206782598273823
megabyte1,2104,16,2.1202062340036267
megabyte1,2105,16,1.9663843055829575
megabyte1,2106,16,1.9417342391225596
megabyte1,2107,16,1.8156128340555449
megabyte1,2108,16,1.9860632417286723
megabyte1,2109,16,1.8128504381332953
megabyte1,2110,16,2.081601581850664
megabyte1,2111,16,1.7906671325362553
megabyte1,2112,16,1.8587336385483244
megabyte1,2113,16,1.8858829973859825
megabyte1,2114,16,2.079636880639932
megabyte1,2115,16,1.8868923648822495
megabyte1,2116,16,1.9272426626145105
megabyte1,2117,16,1.8634257948580848
megabyte1,2118,16,2.0907650010653485
megabyte1,2119,16,1.69775606963951
megabyte1,2120,16,1.9711155176369763
megabyte1,2121,16,1.7707375730575408
megabyte1,2122,16,1.828529261205581
megabyte1,2123,16,1.8792127037022743
megabyte1,2124,16,2.1103861980594902
megabyte1,2125,16,2.0552391523664837
megabyte1,2126,16,1.7973819928571833
megabyte1,2127,16,2.058817635473704
megabyte1,2128,16,1.8166430185802112
megabyte1,2129,16,2.0211223179870808
megabyte1,2130,16,1.9107200190303002
megabyte1,2131,16,2.132342540476938
megabyte1,2132,16,2.0108384103384958
megabyte1,2133,16,1.7966252509719243
megabyte1,2134,16,1.9187347056050315
megabyte1,2135,16,2.037930881848127
megabyte1,2136,16,1.8173973836823187
megabyte1,2137,16,1.6248272628081382
megabyte1,2138,16,1.7743733258036403
megabyte1,2139,16,1.8961045430209398
megabyte1,2140,16,1.8790798230194967
megabyte1,2141,16,1.992348322999952
megabyte1,2142,16,1.7539986255299196
megabyte1,2143,16,1.8535037053292127
megabyte1,2144,16,1.6045766725794528
megabyte1,2145,16,1.8342950613114617
megabyte1,2146,16,1.9124536988064431
megabyte1,2147,16,1.7329092113579951
megabyte1,2148,16,1.9366823896163143
megabyte1,2149,16,1.6871594925556064
megabyte1,2150,16,2.189591153520285
megabyte1,2151,16,1.910621364859331
megabyte1,2152,16,1.8312944802154945
megabyte1,2153,16,1.7548940953348033
megabyte1,2154,16,1.9995913183932934
megabyte1,2155,16,2.128888958038905
megabyte1,2156,16,1.8117715679071311
megabyte1,2157,16,2.0166236868153056
megabyte1,2158,16,1.9889877919559682
megabyte1,2159,16,1.8883628277859543
megabyte1,2160,16,1.9600395504373813
megabyte1,2161,16,1.7978653480358466
megabyte1,2162,16,1.7262558224875633
megabyte1,2163,16,1.7432573344749243
megabyte1,2164,16,1.9789651967188042
megabyte1,2165,16,1.8430005293638736
megabyte1,2166,16,1.9383122310798206
megabyte1,2167,16,1.8712325590294734
megabyte1,2168,16,2.0019706886880146
megabyte1,2169,16,1.8150800362583166
megabyte1,2170,16,1.8551484023830127
megabyte1,2171,16,1.6070722275854086
megabyte1,2172,16,1.9715423623515278
megabyte1,2173,16,1.7890942866943655
megabyte1,2174,16,2.1620806618302733
megabyte1,2175,16,1.9198955810032203
megabyte1,2176,16,1.704760943098423
megabyte1,2177,16,1.857741160785971
megabyte1,2178,16,1.9516879346243998
megabyte1,2179,16,1.6025874815535606
megabyte1,2180,16,1.946462438583472
megabyte1,2181,16,2.1021972821739427
megabyte1,2182,16,2.043706018772559
megabyte1,2183,16,1.8173947306332308
megabyte1,2184,16,2.2224486121588867
megabyte1,2185,16,1.9038480106747453
megabyte1,2186,16,1.7161540565667006
megabyte1,2187,16,2.114489906916708
megabyte1,2188,16,2.1764836437501307
megabyte1,2189,16,1.8357540626303774
megabyte1,2190,16,2.025943165190652
megabyte1,2191,16,1.9575457783815406
megabyte1,2192,16,1.9454382857557788
megabyte1,2193,16,1.9363187714527024
megabyte1,2194,16,1.8822673406950694
megabyte1,2195,16,1.8260953468279213
megabyte1,2196,16,1.7814188049730704
megabyte1,2197,16,1.8307498524011252
megabyte1,2198,16,1.9070597566661966
megabyte1,2199,16,1.8026456974142249
megabyte1,2200,16,2.028019030962337
megabyte1,2201,16,1.9104131487896772
megabyte1,2202,16,1.994913065671424
megabyte1,2203,16,1.8460091257838809
megabyte1,2204,16,1.9820801352385604
megabyte1,2205,16,2.007992498312591
megabyte1,2206,16,1.9465345566073213
megabyte1,2207,16,1.8179132296449476
megabyte1,2208,16,2.1754763886994093
megabyte1,2209,16,1.6927813112314387
megabyte1,2210,16,1.9112521808050253
megabyte1,2211,16,1.7122581846345606
megabyte1,2212,16,1.9732811098704923
megabyte1,2213,16,1.821600942406101
megabyte1,2214,16,2.095694390477535
megabyte1,2215,16,1.975901528204027
megabyte1,2216,16,1.7195584805381272
megabyte1,2217,16,1.8863700182746213
megabyte1,2218,16,2.1309495919436197
megabyte1,2219,16,1.8148266484264908
megabyte1,2220,16,1.7887304504389916
megabyte1,2221,16,1.880409575619776
megabyte1,2222,16,1.8089142401226699
megabyte1,2223,16,1.8302863061945982
megabyte1,2224,16,1.8809806677693133
megabyte1,2225,16,1.8549122665858968
megabyte1,2226,16,1.8793966778697062
megabyte1,2227,16,1.9197877444703053
megabyte1,2228,16,2.085942279007
megabyte1,2229,16,1.8982630257638446
megabyte1,2230,16,1.7872911969477427
megabyte1,2231,16,1.971340201753177
megabyte1,2232,16,2.019736356681678
megabyte1,2233,16,1.8015273026056373
megabyte1,2234,16,1.8884504120267913
megabyte1,2235,16,1.9009177743465224
megabyte1,2236,16,1.684759447317917
megabyte1,2237,16,2.076410534366173
megabyte1,2238,16,1.7909244055918738
megabyte1,2239,16,1.8532187787048813
megabyte1,2240,16,1.8466645935906205
megabyte1,2241,16,1.6618398150121694
megabyte1,2242,16,2.0360514353708066
megabyte1,2243,16,1.8231319524382628
megabyte1,2244,16,1.890962520540262
megabyte1,2245,16,2.098769992195049
megabyte1,2246,16,2.112455256662264
megabyte1,2247,16,1.8761488808910178
megabyte1,2248,16,1.8585915015448098
megabyte1,2249,16,1.9628683864039265
megabyte1,2250,16,1.9646114103450785
megabyte1,2251,16,2.00148445296987
megabyte1,2252,16,1.8335105165961443
megabyte1,2253,16,1.867066873557687
megabyte1,2254,16,1.6805067923218544
megabyte1,2255,16,1.8858520030576056
megabyte1,2256,16,1.9846412921300935
megabyte1,2257,16,2.037041423549374
megabyte1,2258,16,2.007854603711498
megabyte1,2259,16,2.0105842012536965
megabyte1,2260,16,2.0757326505679266
megabyte1,2261,16,1.9191577946648724
megabyte1,2262,16,2.021645350296389
megabyte1,2263,16,1.7886551035858091
megabyte1,2264,16,1.7960677603414776
megabyte1,2265,16,2.126614475994754
megabyte1,2266,16,1.8280165626994744
megabyte1,2267,16,2.1195624656738854
megabyte1,2268,16,1.986703277723739
megabyte1,2269,16,1.8514279270943375
megabyte1,2270,16,1.979754948372733
megabyte1,2271,16,1.8821286865667133
megabyte1,2272,16,1.9478087759686225
megabyte1,2273,16,1.9687681529069447
megabyte1,2274,16,1.9974625532095347
megabyte1,2275,16,1.8937171318768873
megabyte1,2276,16,1.7386908912944523
megabyte1,2277,16,1.910017333203857
megabyte1,2278,16,1.7627545906743505
megabyte1,2279,16,1.871538166936621
megabyte1,2280,16,1.9970244483578379
megabyte1,2281,16,1.8992359808124972
megabyte1,2282,16,2.0190241490268157
megabyte1,2283,16,1.9119818412887335
megabyte1,2284,16,1.8151339892581848
megabyte1,2285,16,1.8266902083916683
megabyte1,2286,16,1.876850192054746
megabyte1,2287,16,1.9249412489505913
megabyte1,2288,16,1.6629289357484653
megabyte1,2289,16,1.8116647133504693
megabyte1,2290,16,1.838507186304861
megabyte1,2291,16,1.9084673596007444
megabyte1,2292,16,1.952780766270868
megabyte1,2293,16,1.9427305676740403
megabyte1,2294,16,2.0115729668556317
megabyte1,2295,16,1.909762217100677
megabyte1,2296,16,2.0915124751350667
megabyte1,2297,16,1.8573038642916964
megabyte1,2298,16,1.7646077995529679
megabyte1,2299,16,2.013770138874682
megabyte1,2300,16,1.9300426143021334
megabyte1,2301,16,1.8649889793418997
megabyte1,2302,16,1.8794110498051544
megabyte1,2303,16,1.8924304781433279
megabyte1,2304,16,1.9809176592272906
megabyte1,2305,16,1.8880958357140405
megabyte1,2306,16,1.8018103910058032
megabyte1,2307,16,1.9504671350801397
megabyte1,2308,16,1.9312304597145733
megabyte1,2309,16,1.8858732164166279
megabyte1,2310,16,2.2079681794582835
megabyte1,2311,16,1.7566193857262715
megabyte1,2312,16,1.8089154436315846
megabyte1,2313,16,1.8641939785837531
megabyte1,2314,16,1.886592320159113
megabyte1,2315,16,1.849827271639349
megabyte1,2316,16,1.9055002143217428
megabyte1,2317,16,1.8476740604028008
megabyte1,2318,16,1.7752683400131037
megabyte1,2319,16,2.038770414156685
megabyte1,2320,16,1.933401401076212
megabyte1,2321,16,1.716004905666662
megabyte1,2322,16,1.8352954971352111
megabyte1,2323,16,1.67222869778886
megabyte1,2324,16,1.873489303550726
megabyte1,2325,16,2.1198317737406644
megabyte1,2326,16,1.9680700229447698
megabyte1,2327,16,1.9367273662447257
megabyte1,2328,16,2.027107568837031
megabyte1,2329,16,1.8813460033584064
megabyte1,2330,16,1.7928606111857335
megabyte1,2331,16,1.9037484436099659
megabyte1,2332,16,1.9037104920818362
megabyte1,2333,16,1.9281369343798112
megabyte1,2334,16,1.6516055446038649
megabyte1,2335,16,1.9521289756110058
megabyte1,2336,16,2.0366902383929344
megabyte1,2337,16,1.8396580880280156
megabyte1,2338,16,1.684007593458986
megabyte1,2339,16,2.146724260189712
megabyte1,2340,16,1.8458309947418692
megabyte1,2341,16,1.6970460698237486
megabyte1,2342,16,1.9933064492837766
megabyte1,2343,16,2.102913019310956
megabyte1,2344,16,1.9642083245912996
megabyte1,2345,16,1.818736476242709
megabyte1,2346,16,1.8884892510438684
megabyte1,2347,16,1.7164180653885213
megabyte1,2348,16,1.7179626373274037
megabyte1,2349,16,1.8782857463731228
megabyte1,2350,16,1.8279054119145695
megabyte1,2351,16,1.945555297973181
megabyte1,2352,16,1.8435898172090581
megabyte1,2353,16,1.8041841206524631
megabyte1,2354,16,1.7115725752365472
megabyte1,2355,16,1.9975830501326635
megabyte1,2356,16,1.7257622788276128
megabyte1,2357,16,1.7552457610112306
megabyte1,2358,16,1.8621782856409903
megabyte1,2359,16,1.960370030012909
megabyte1,2360,16,1.9287085276714682
megabyte1,2361,16,1.7560410088766676
megabyte1,2362,16,1.9647803760522382
megabyte1,2363,16,1.9994204921378136
megabyte1,2364,16,2.1792062886271717
megabyte1,2365,16,1.780021938159
megabyte1,2366,16,1.812722842644222
megabyte1,2367,16,1.7224531122420905
megabyte1,2368,16,1.9423103108428204
megabyte1,2369,16,1.8220996743109839
megabyte1,2370,16,2.0251957297941403
megabyte1,2371,16,1.8362009534030552
megabyte1,2372,16,1.809311628955758
megabyte1,2373,16,1.8390877527507072
megabyte1,2374,16,1.980125285020748
megabyte1,2375,16,1.78239236932007
megabyte1,2376,16,1.8365481536971657
megabyte1,2377,16,1.6493537443443698
megabyte1,2378,16,1.9884559557123662
megabyte1,2379,16,2.051724466960747
megabyte1,2380,16,1.7407531678397878
megabyte1,2381,16,2.0447719572503122
megabyte1,2382,16,1.6838672738729825
megabyte1,2383,16,1.6214067935400718
megabyte1,2384,16,1.7680197933154447
megabyte1,2385,16,1.8098319065225466
megabyte1,2386,16,1.6774786322834117
megabyte1,2387,16,2.193345850904492
megabyte1,2388,16,1.8233173616199325
megabyte1,2389,16,1.7016373110661793
megabyte1,2390,16,2.056845176222974
megabyte1,2391,16,1.874839601821955
megabyte1,2392,16,1.9342603743243523
megabyte1,2393,16,2.144554958621086
megabyte1,2394,16,1.6404985762105677
megabyte1,2395,16,1.6929793185153774
megabyte1,2396,16,1.8635635085813251
megabyte1,2397,16,1.7110127712404997
megabyte1,2398,16,1.9529920207889873
megabyte1,2399,16,1.6704811185620958
megabyte1,2400,16,1.6490401885427397
megabyte1,2401,16,1.6808673271065537
megabyte1,2402,16,1.8375950923066853
megabyte1,2403,16,1.7504054276746117
megabyte1,2404,16,1.9346073886131046
megabyte1,2405,16,2.066037430242372
megabyte1,2406,16,2.085490069105444
megabyte1,2407,16,1.8635855614128753
megabyte1,2408,16,1.9110264494394107
megabyte1,2409,16,1.7242153350456038
megabyte1,2410,16,1.958961811125758
megabyte1,2411,16,1.652437895221437
megabyte1,2412,16,2.0545219266752013
megabyte1,2413,16,1.676128477709813
megabyte1,2414,16,1.8210638947051332
megabyte1,2415,16,1.995168217513556
megabyte1,2416,16,1.9378260638225209
megabyte1,2417,16,1.766491664830804
megabyte1,2418,16,1.850485569761752
megabyte1,2419,16,1.7539855632699997
megabyte1,2420,16,2.099020872291002
megabyte1,2421,16,1.8389411495933619
megabyte1,2422,16,1.7950541136811893
megabyte1,2423,16,1.7859849357816868
megabyte1,2424,16,1.90212343364037
megabyte1,2425,16,1.688320455945202
megabyte1,2426,16,2.0521493308001117
megabyte1,2427,16,1.86272418947412
megabyte1,2428,16,2.0234021445584065
megabyte1,2429,16,1.8161231970829406
megabyte1,2430,16,1.802702565484566
megabyte1,2431,16,1.95854172875599
megabyte1,2432,16,2.0937007838093726
megabyte1,2433,16,1.85035737619171
megabyte1,2434,16,2.1048832815924836
megabyte1,2435,16,1.8902075340955549
megabyte1,2436,16,1.7871484776568576
megabyte1,2437,16,1.997269794712998
megabyte1,2438,16,2.152865062352655
megabyte1,2439,16,2.1334289840711924
megabyte1,2440,16,1.8067492826643787
megabyte1,2441,16,2.2240490156656647
megabyte1,2442,16,1.7931079478329903
megabyte1,2443,16,1.8665988896047279
megabyte1,2444,16,2.070069584081992
megabyte1,2445,16,1.7236846534135948
megabyte1,2446,16,1.7572025435967122
megabyte1,2447,16,1.9434386628933946
megabyte1,2448,16,2.2277084304723345
megabyte1,2449,16,1.8845681806879269
megabyte1,2450,16,1.9180113884146914
megabyte1,2451,16,1.717753200789875
megabyte1,2452,16,1.7850035423152941
megabyte1,2453,16,1.9671761376243055
megabyte1,2454,16,2.2613531238943096
megabyte1,2455,16,2.0818685079943333
megabyte1,2456,16,1.7702412371621905
megabyte1,2457,16,1.9143401044165518
megabyte1,2458,16,1.9157453180471296
megabyte1,2459,16,1.9278493833182724
megabyte1,2460,16,1.9269786624400433
megabyte1,2461,16,2.015721954782532
megabyte1,2462,16,1.9405037898183126
megabyte1,2463,16,1.645096350059693
megabyte1,2464,16,1.9883795574097105
megabyte1,2465,16,1.9267283707995704
megabyte1,2466,16,1.846971346072406
megabyte1,2467,16,1.8500122806181922
megabyte1,2468,16,1.7858244573362851
megabyte1,2469,16,1.8626770964964057
megabyte1,2470,16,2.169771693220885
megabyte1,2471,16,1.8538605287198582
megabyte1,2472,16,1.7715881282536188
megabyte1,2473,16,1.6612676639614405
megabyte1,2474,16,2.001602945830715
megabyte1,2475,16,1.7617568606328617
megabyte1,2476,16,1.7720574424604425
megabyte1,2477,16,1.7536065091295223
megabyte1,2478,16,1.8093718449231035
megabyte1,2479,16,1.6610776546995272
megabyte1,2480,16,1.7656927907264603
megabyte1,2481,16,1.926120148216568
megabyte1,2482,16,1.6910811086062605
megabyte1,2483,16,1.9649116145940848
megabyte1,2484,16,1.5969310959081005
megabyte1,2485,16,1.68488068725933
megabyte1,2486,16,1.6327906539385675
megabyte1,2487,16,1.5912852180460928
megabyte1,2488,16,1.738399689507177
megabyte1,2489,16,2.003968244842004
megabyte1,2490,16,1.5394827752091662
megabyte1,2491,16,1.9331196589609831
megabyte1,2492,16,1.6854894808304832
megabyte1,2493,16,1.4940429041410956
megabyte1,2494,16,1.8727099155814657
megabyte1,2495,16,1.9386836172502362
megabyte1,2496,16,1.7695710607028365
megabyte1,2497,16,1.6102877637453998
megabyte1,2498,16,1.9567789079291358
megabyte1,2499,16,1.584474474408572
megabyte1,2500,16,1.6621770163863498
megabyte1,2501,16,1.670206240076574
megabyte1,2502,16,1.5969108955814055
megabyte1,2503,16,1.5099070772220748
megabyte1,2504,16,1.6311459432351085
megabyte1,2505,16,1.5245438280849533
megabyte1,2506,16,2.090365391348793
megabyte1,2507,16,1.6081134972152318
megabyte1,2508,16,1.9949741798652594
megabyte1,2509,16,1.6911648457169026
megabyte1,2510,16,1.9390886637479043
megabyte1,2511,16,1.9229603653914484
megabyte1,2512,16,1.741353049340176
megabyte1,2513,16,2.1175919487781028
megabyte1,2514,16,1.5474944880218418
megabyte1,2515,16,1.831747471409629
megabyte1,2516,16,1.83067933485524
megabyte1,2517,16,1.7502958190835851
megabyte1,2518,16,1.995246158607949
megabyte1,2519,16,1.643066171479585
megabyte1,2520,16,1.7886904284257603
megabyte1,2521,16,1.6200640162817903
megabyte1,2522,16,1.6461355212745035
megabyte1,2523,16,1.7673689156879595
megabyte1,2524,16,1.556683318246781
megabyte1,2525,16,1.765130810751161
megabyte1,2526,16,1.8987355308847682
megabyte1,2527,16,1.6010264180138756
megabyte1,2528,16,1.6672014850110224
megabyte1,2529,16,1.6784604668350145
megabyte1,2530,16,1.8885958387779445
megabyte1,2531,16,1.7591308388561644
megabyte1,2532,16,1.877937778077119
megabyte1,2533,16,1.7527308516920914
megabyte1,2534,16,1.640930862626
megabyte1,2535,16,1.7762677271338199
megabyte1,2536,16,1.9399807500193411
megabyte1,2537,16,1.7166582407291984
megabyte1,2538,16,1.7405282849990336
megabyte1,2539,16,1.6468452200997465
megabyte1,2540,16,1.757540470631338
megabyte1,2541,16,1.9658522527402214
megabyte1,2542,16,1.932620637104484
megabyte1,2543,16,2.0984767760246377
megabyte1,2544,16,1.8660575710750686
megabyte1,2545,16,1.6398221013756475
megabyte1,2546,16,1.8094320595938382
megabyte1,2547,16,1.592461135869384
megabyte1,2548,16,1.7789967256428074
megabyte1,2549,16,1.7168508215971134
megabyte1,2550,16,1.8717670513051419
megabyte1,2551,16,1.8303606294178563
megabyte1,2552,16,1.74226096542173
megabyte1,2553,16,2.017813099935906
megabyte1,2554,16,1.725469897605563
megabyte1,2555,16,1.8815841143499137
megabyte1,2556,16,2.0030482463298247
megabyte1,2557,16,2.0615471695511833
megabyte1,2558,16,2.0075231847145125
megabyte1,2559,16,1.9841990979507778
megabyte1,2560,16,1.6700172899393264
megabyte1,2561,16,1.9034326681481706
megabyte1,2562,16,1.9246341603631492
megabyte1,2563,16,1.7458102386147165
megabyte1,2564,16,1.7568981104073536
megabyte1,2565,16,1.72018099383638
megabyte1,2566,16,1.7225199615441333
megabyte1,2567,16,1.8718859030325754
megabyte1,2568,16,1.6585463472629924
megabyte1,2569,16,1.7219809709532412
megabyte1,2570,16,1.8920458698605698
megabyte1,2571,16,1.7461125563151516
megabyte1,2572,16,1.8679870903002511
megabyte1,2573,16,1.8440464571544717
megabyte1,2574,16,2.0010323520583286
megabyte1,2575,16,1.6583544412152205
megabyte1,2576,16,1.765443201951391
megabyte1,2577,16,1.6564034886137808
megabyte1,2578,16,1.700665634400487
megabyte1,2579,16,1.8151843300470998
megabyte1,2580,16,1.5619193372955242
megabyte1,2581,16,2.0614622622984515
megabyte1,2582,16,2.1135312876767522
megabyte1,2583,16,1.716913330068344
megabyte1,2584,16,2.1528060282660912
megabyte1,2585,16,1.893662039187917
megabyte1,2586,16,1.8091313518712615
megabyte1,2587,16,1.84723067808691
megabyte1,2588,16,1.8264849650611918
megabyte1,2589,16,1.8684884716931538
megabyte1,2590,16,1.9572488175423628
megabyte1,2591,16,1.8974129969148081
megabyte1,2592,16,1.9236653447664576
megabyte1,2593,16,2.0397734722248466
megabyte1,2594,16,1.9512023265104714
megabyte1,2595,16,2.0533018959912246
megabyte1,2596,16,1.810016070492774
megabyte1,2597,16,1.9822421798626002
megabyte1,2598,16,1.8775023868325842
megabyte1,2599,16,2.0468846553534195
megabyte1,2600,16,2.0581676360517327
megabyte1,2601,16,1.7608380385310485
megabyte1,2602,16,2.0378883555783505
megabyte1,2603,16,1.8443232371006728
megabyte1,2604,16,1.956254401095557
megabyte1,2605,16,1.7764469685219757
megabyte1,2606,16,2.1906720715391255
megabyte1,2607,16,2.0740255536645082
megabyte1,2608,16,2.043699716939687
megabyte1,2609,16,1.742099486279242
megabyte1,2610,16,1.8701654468995885
megabyte1,2611,16,2.001233314027081
megabyte1,2612,16,2.140271121676281
megabyte1,2613,16,1.779164282797848
megabyte1,2614,16,2.040211394087836
megabyte1,2615,16,1.9939329597054327
megabyte1,2616,16,1.9901192570212949
megabyte1,2617,16,1.8920493656494137
megabyte1,2618,16,1.8928827047899819
megabyte1,2619,16,1.9264126265272317
megabyte1,2620,16,1.8948336818371876
megabyte1,2621,16,2.0516004144383335
megabyte1,2622,16,2.026419316068127
megabyte1,2623,16,1.962424306661135
megabyte1,2624,16,1.8190747728554273
megabyte1,2625,16,1.9294995020255072
megabyte1,2626,16,2.06907104234546
megabyte1,2627,16,1.8272153054070355
megabyte1,2628,16,1.9068450984994978
megabyte1,2629,16,1.936899869403442
megabyte1,2630,16,1.61647625819965
megabyte1,2631,16,1.8857931498256808
megabyte1,2632,16,1.9979182744730053
megabyte1,2633,16,1.897884917365663
megabyte1,2634,16,1.7561938012316884
megabyte1,2635,16,1.803293640809652
megabyte1,2636,16,1.6611340459325838
megabyte1,2637,16,1.8200210381391548
megabyte1,2638,16,1.8205134238725593
megabyte1,2639,16,1.8965779198992458
megabyte1,2640,16,1.919850737140782
megabyte1,2641,16,1.7062421038035298
megabyte1,2642,16,1.8072612720412822
megabyte1,2643,16,2.017956962318327
megabyte1,2644,16,1.7813761025879318
megabyte1,2645,16,1.9406781823647246
megabyte1,2646,16,1.9803059333153
megabyte1,2647,16,1.8982041672091898
megabyte1,2648,16,1.8500591145301533
megabyte1,2649,16,2.0686919873807383
megabyte1,2650,16,1.9458596035878126
megabyte1,2651,16,1.8089940740325785
megabyte1,2652,16,1.8974452325953193
megabyte1,2653,16,1.772676513922766
megabyte1,2654,16,1.6843670286353936
megabyte1,2655,16,1.9034200975124427
megabyte1,2656,16,1.8835493020649838
megabyte1,2657,16,2.06852916656851
megabyte1,2658,16,2.0211797725420437
megabyte1,2659,16,1.7773613438842466
megabyte1,2660,16,2.153321542515659
megabyte1,2661,16,1.75043787439953
megabyte1,2662,16,1.772502609325544
megabyte1,2663,16,1.8537393867536793
megabyte1,2664,16,1.9185196676513236
megabyte1,2665,16,1.7780738487009096
megabyte1,2666,16,1.8397717871451271
megabyte1,2667,16,1.7681898998632557
megabyte1,2668,16,1.9118141299293787
megabyte1,2669,16,2.1239783544256334
megabyte1,2670,16,1.6238249533185993
megabyte1,2671,16,1.8821093356222935
megabyte1,2672,16,1.8768556001088637
megabyte1,2673,16,2.1137493576338704
megabyte1,2674,16,1.8990001163955161
megabyte1,2675,16,1.7059989312802941
megabyte1,2676,16,2.0503746401695118
megabyte1,2677,16,1.9464662991930273
megabyte1,2678,16,1.925866560197249
megabyte1,2679,16,1.9436831993974444
megabyte1,2680,16,1.7750132818328674
megabyte1,2681,16,1.8435394424585605
megabyte1,2682,16,1.924719721099782
megabyte1,2683,16,1.7022406189161459
megabyte1,2684,16,2.0991890546580443
megabyte1,2685,16,1.9763636764355124
megabyte1,2686,16,1.9874856321157648
megabyte1,2687,16,1.787021077979605
megabyte1,2688,16,1.8928950113657401
megabyte1,2689,16,1.795020991219645
megabyte1,2690,16,1.998141435702426
megabyte1,2691,16,2.069645034217198
megabyte1,2692,16,1.8926032825260688
megabyte1,2693,16,1.701637017086314
megabyte1,2694,16,2.011721472499231
megabyte1,2695,16,1.7951190000247694
megabyte1,2696,16,1.5770223652766437
megabyte1,2697,16,1.886473130467562
megabyte1,2698,16,1.9189057144338904
megabyte1,2699,16,1.9809325245692617
megabyte1,2700,16,2.000586697492564
megabyte1,2701,16,1.918137794781026
megabyte1,2702,16,1.905789701578175
megabyte1,2703,16,1.8587246424614454
megabyte1,2704,16,1.927481859533417
megabyte1,2705,16,1.8229153315320146
megabyte1,2706,16,1.7508371519405894
megabyte1,2707,16,1.838774056701942
megabyte1,2708,16,1.7313296409282901
megabyte1,2709,16,1.7305337903375837
megabyte1,2710,16,1.739517579962798
megabyte1,2711,16,1.7239389940434404
megabyte1,2712,16,1.8833134515051422
megabyte1,2713,16,1.7318384654027585
megabyte1,2714,16,1.7805844917367304
megabyte1,2715,16,2.11382194990439
megabyte1,2716,16,1.6572671247206905
megabyte1,2717,16,1.9187508393780575
megabyte1,2718,16,1.74485375405963
megabyte1,2719,16,1.7500376778845679
megabyte1,2720,16,1.8925446296280248
megabyte1,2721,16,1.7641911910017323
megabyte1,2722,16,1.7975619806182073
megabyte1,2723,16,1.6889255367410358
megabyte1,2724,16,1.7716117524579458
megabyte1,2725,16,2.0496547651408847
megabyte1,2726,16,1.9631311866948626
megabyte1,2727,16,2.0205295221106265
megabyte1,2728,16,1.885970310634378
megabyte1,2729,16,1.8542561546092748
megabyte1,2730,16,1.729707886542096
megabyte1,2731,16,1.6990410295660996
megabyte1,2732,16,1.8186999879430903
megabyte1,2733,16,1.8372214611521087
megabyte1,2734,16,1.88397431020538
megabyte1,2735,16,1.9622955809694516
megabyte1,2736,16,1.9497224457660713
megabyte1,2737,16,1.714079688313919
megabyte1,2738,16,2.016020309909061
megabyte1,2739,16,1.6247096463533401
megabyte1,2740,16,2.0796970197468028
megabyte1,2741,16,1.877487487446257
megabyte1,2742,16,1.8431696259923986
megabyte1,2743,16,1.7816935042829183
megabyte1,2744,16,1.8381688447653206
megabyte1,2745,16,1.9115347432556122
megabyte1,2746,16,1.9842292915174222
megabyte1,2747,16,1.9145495074227454
megabyte1,2748,16,1.7393193111273793
megabyte1,2749,16,1.874569047142361
megabyte1,2750,16,2.0329428704510697
megabyte1,2751,16,1.894879303153314
megabyte1,2752,16,1.8938820351076426
megabyte1,2753,16,1.9576156721434579
megabyte1,2754,16,1.8743005328063664
megabyte1,2755,16,2.144106433400343
megabyte1,2756,16,1.8252696005998843
megabyte1,2757,16,1.9199222968571472
megabyte1,2758,16,2.0386273511826314
megabyte1,2759,16,1.7958675687293066
megabyte1,2760,16,1.7975728518808547
megabyte1,2761,16,1.8674929655915813
megabyte1,2762,16,1.9486945484000782
megabyte1,2763,16,1.879652034126092
megabyte1,2764,16,1.9030936489330463
megabyte1,2765,16,1.904567421077726
megabyte1,2766,16,1.7990346314560186
megabyte1,2767,16,1.6575250278683153
megabyte1,2768,16,1.7655710339735864
megabyte1,2769,16,2.06440395182117
megabyte1,2770,16,1.8817602866271497
megabyte1,2771,16,1.972867089523294
megabyte1,2772,16,1.9781731027317948
megabyte1,2773,16,1.9926585262547618
megabyte1,2774,16,1.8575016566342681
megabyte1,2775,16,2.058236983351878
megabyte1,2776,16,1.779598844405649
megabyte1,2777,16,2.1225910814692583
megabyte1,2778,16,1.6889105659985024
megabyte1,2779,16,1.6839710441249482
megabyte1,2780,16,1.8381405276071756
megabyte1,2781,16,1.691558266056573
megabyte1,2782,16,2.153904269687253
megabyte1,2783,16,1.972492832819562
megabyte1,2784,16,1.9512894025024807
megabyte1,2785,16,1.9903779195860833
megabyte1,2786,16,1.8993773321685417
megabyte1,2787,16,1.6987139750763178
megabyte1,2788,16,1.7143452657002511
megabyte1,2789,16,1.8212336101542617
megabyte1,2790,16,1.976886606853501
megabyte1,2791,16,1.9378739538505965
megabyte1,2792,16,1.9353349883003392
megabyte1,2793,16,1.9067113962841544
megabyte1,2794,16,1.6638166388767999
megabyte1,2795,16,1.8260649701269098
megabyte1,2796,16,1.8116852422147305
megabyte1,2797,16,1.766748835807946
megabyte1,2798,16,1.9153107245502976
megabyte1,2799,16,1.6518947545177207
megabyte1,2800,16,2.0022954238980732
megabyte1,2801,16,1.969287094807867
megabyte1,2802,16,2.0700679430285263
megabyte1,2803,16,1.8007956468315753
megabyte1,2804,16,2.0420900049763153
megabyte1,2805,16,1.9416686878922806
megabyte1,2806,16,2.0749983883647602
megabyte1,2807,16,1.771891063766717
megabyte1,2808,16,1.854237266118835
megabyte1,2809,16,1.8305013793267217
megabyte1,2810,16,1.8359673005020714
megabyte1,2811,16,1.8102734862303131
megabyte1,2812,16,2.0310311331489506
megabyte1,2813,16,1.8014607364307824
megabyte1,2814,16,1.78217233158126
megabyte1,2815,16,1.8123765511875918
megabyte1,2816,16,1.7100357043102523
megabyte1,2817,16,1.767696872959008
megabyte1,2818,16,1.7139017751685317
megabyte1,2819,16,1.6074771068803038
megabyte1,2820,16,1.626727029246617
megabyte1,2821,16,1.5812505855101475
megabyte1,2822,16,1.6182068075490237
megabyte1,2823,16,1.740068689606671
megabyte1,2824,16,1.7705743438436488
megabyte1,2825,16,1.7966829372302007
megabyte1,2826,16,1.6870074160124995
megabyte1,2827,16,1.7551409080157778
megabyte1,2828,16,1.8033853308329557
megabyte1,2829,16,1.9339338908843478
megabyte1,2830,16,1.7405861457312335
megabyte1,2831,16,1.868125260132532
megabyte1,2832,16,1.639149548326578
megabyte1,2833,16,1.6867082327566267
megabyte1,2834,16,1.5758138164141424
megabyte1,2835,16,1.8137809505642652
megabyte1,2836,16,1.999432375928964
megabyte1,2837,16,1.7353159953476474
megabyte1,2838,16,1.9462805948117603
megabyte1,2839,16,2.1258289020553276
megabyte1,2840,16,1.9044203430696758
megabyte1,2841,16,1.9486160746433419
megabyte1,2842,16,2.108131689396273
megabyte1,2843,16,2.037428279541136
megabyte1,2844,16,1.8386364282483327
megabyte1,2845,16,1.970808195223757
megabyte1,2846,16,1.6999208101734562
megabyte1,2847,16,1.8190706931728797
megabyte1,2848,16,1.8461032819887657
megabyte1,2849,16,2.0999458257763175
megabyte1,2850,16,1.9958330847593102
megabyte1,2851,16,1.8410300406388456
megabyte1,2852,16,1.8845952208713634
megabyte1,2853,16,1.826658638363874
megabyte1,2854,16,1.9153920334197057
megabyte1,2855,16,1.6999609091818708
megabyte1,2856,16,1.9444160568028581
megabyte1,2857,16,1.7140371601260784
megabyte1,2858,16,1.7962169158983647
megabyte1,2859,16,2.000943394721689
megabyte1,2860,16,1.7698469221248798
megabyte1,2861,16,2.0694959217002746
megabyte1,2862,16,1.8169727301327652
megabyte1,2863,16,1.8986991936295163
megabyte1,2864,16,2.0009909055725257
megabyte1,2865,16,2.071943748694663
megabyte1,2866,16,1.7890496381030507
megabyte1,2867,16,1.8205665330179501
megabyte1,2868,16,1.905288291675985
megabyte1,2869,16,1.848034369729425
megabyte1,2870,16,1.8612917667722457
megabyte1,2871,16,1.9169697423794525
megabyte1,2872,16,2.1172457724983653
megabyte1,2873,16,1.8040295534586273
megabyte1,2874,16,1.7914569550669548
megabyte1,2875,16,1.953800919767614
megabyte1,2876,16,1.72346361093012
megabyte1,2877,16,1.8783715797119798
megabyte1,2878,16,1.994816143323574
megabyte1,2879,16,1.8960498008033626
megabyte1,2880,16,1.7978112954144079
megabyte1,2881,16,2.0110124146800756
megabyte1,2882,16,1.9378769260034923
megabyte1,2883,16,2.102302745621379
megabyte1,2884,16,1.7171391719827904
megabyte1,2885,16,2.05404617885105
megabyte1,2886,16,1.9300384601207496
megabyte1,2887,16,1.8997425765739706
megabyte1,2888,16,1.852762887529656
megabyte1,2889,16,1.7745894852976596
megabyte1,2890,16,1.9516158189733899
megabyte1,2891,16,1.9118925469854466
megabyte1,2892,16,1.8264488285536178
megabyte1,2893,16,1.9472878807486598
megabyte1,2894,16,1.7339061191340996
megabyte1,2895,16,1.6891176431333783
megabyte1,2896,16,1.933375585258903
megabyte1,2897,16,1.7228215509156672
megabyte1,2898,16,1.8332530452927875
megabyte1,2899,16,1.7608935451882457
megabyte1,2900,16,1.6724831237329292
megabyte1,2901,16,2.0182767233863204
megabyte1,2902,16,1.7188535664554334
megabyte1,2903,16,1.8921326379823555
megabyte1,2904,16,1.655148672288655
megabyte1,2905,16,1.760801408431972
megabyte1,2906,16,1.7358461028694732
megabyte1,2907,16,1.7487920691238226
megabyte1,2908,16,1.7972411612961836
megabyte1,2909,16,2.13572360834356
megabyte1,2910,16,1.768388115453208
megabyte1,2911,16,1.7552248137981907
megabyte1,2912,16,1.6677805656882376
megabyte1,2913,16,1.7434724053626725
megabyte1,2914,16,2.037008888624883
megabyte1,2915,16,1.681507893278163
megabyte1,2916,16,1.985002482545626
megabyte1,2917,16,1.824944518349099
megabyte1,2918,16,1.678877908809654
megabyte1,2919,16,1.6831166793496086
megabyte1,2920,16,1.739141280691301
megabyte1,2921,16,1.772251689988726
megabyte1,2922,16,1.7733513511206171
megabyte1,2923,16,1.6232415117178602
megabyte1,2924,16,1.9615948547908542
megabyte1,2925,16,1.8359674747232702
megabyte1,2926,16,1.7591637897691508
megabyte1,2927,16,1.693414388799075
megabyte1,2928,16,1.6637288455910564
megabyte1,2929,16,1.806934115560671
megabyte1,2930,16,1.9019543961082817
megabyte1,2931,16,1.6931750416345834
megabyte1,2932,16,1.712359530254425
megabyte1,2933,16,1.7383206044359203
megabyte1,2934,16,1.683643756224546
megabyte1,2935,16,1.7524904910644625
megabyte1,2936,16,2.073732721265189
megabyte1,2937,16,1.8443955814516282
megabyte1,2938,16,1.771318150266944
megabyte1,2939,16,1.7426551130762606
megabyte1,2940,16,1.6169998074574916
megabyte1,2941,16,1.688427239907521
megabyte1,2942,16,1.922973494162816
megabyte1,2943,16,1.736651898221285
megabyte1,2944,16,1.7600166144939002
megabyte1,2945,16,1.7514452934092604
megabyte1,2946,16,2.042282306753554
megabyte1,2947,16,1.8350843222200437
megabyte1,2948,16,1.776603011916192
megabyte1,2949,16,1.8176099989853396
megabyte1,2950,16,1.70761986073917
megabyte1,2951,16,1.6819831417383884
megabyte1,2952,16,1.771015032459286
megabyte1,2953,16,1.996893891793185
megabyte1,2954,16,1.5751015567296835
megabyte1,2955,16,1.7730842771564665
megabyte1,2956,16,1.703790467001472
megabyte1,2957,16,1.7646526920175332
megabyte1,2958,16,1.7148437973196984
megabyte1,2959,16,1.586358488709146
megabyte1,2960,16,1.8799179859001418
megabyte1,2961,16,1.7313407294665097
megabyte1,2962,16,1.7817060363841253
megabyte1,2963,16,1.9279732432550585
megabyte1,2964,16,1.6628836299477248
megabyte1,2965,16,1.644769748482201
megabyte1,2966,16,1.8831399384923138
megabyte1,2967,16,1.660879382811173
megabyte1,2968,16,1.7088835686197072
megabyte1,2969,16,1.6174793912169927
megabyte1,2970,16,1.7025804401018096
megabyte1,2971,16,1.759448756283346
megabyte1,2972,16,1.6064079490606462
megabyte1,2973,16,1.7526490551713247
megabyte1,2974,16,1.7244956844458927
megabyte1,2975,16,1.5879153359206324
megabyte1,2976,16,1.831290503011275
megabyte1,2977,16,1.957707364588591
megabyte1,2978,16,1.809613116109159
megabyte1,2979,16,1.7125275073085802
megabyte1,2980,16,2.0890597711391177
megabyte1,2981,16,1.9404291589591935
megabyte1,2982,16,1.8497275516444398
megabyte1,2983,16,2.067106904366154
megabyte1,2984,16,1.7180629642185563
megabyte1,2985,16,1.7140816338511533
megabyte1,2986,16,1.908269308815902
megabyte1,2987,16,1.623062864459597
megabyte1,2988,16,2.0302541218748833
megabyte1,2989,16,1.9609192047126858
megabyte1,2990,16,1.9986096828501994
megabyte1,2991,16,1.8782199747278552
megabyte1,2992,16,2.057646584717577
megabyte1,2993,16,1.7247760296935186
megabyte1,2994,16,1.797473332210818
megabyte1,2995,16,1.8442066307671212
megabyte1,2996,16,1.818091692241936
megabyte1,2997,16,1.782711741044436
megabyte1,2998,16,2.058968034125011
megabyte1,2999,16,1.7387900276980301
megabyte1,3000,16,1.768009400377955
megabyte1,3001,16,1.963707062334152
megabyte1,3002,16,1.7981728333332219
megabyte1,3003,16,2.1705566442820814
megabyte1,3004,16,1.8652227165490556
megabyte1,3005,16,2.0448639516332743
megabyte1,3006,16,2.121394609078652
megabyte1,3007,16,1.7870608933226548
megabyte1,3008,16,1.9055307490534612
megabyte1,3009,16,1.9449854370090673
megabyte1,3010,16,1.8737762040438262
megabyte1,3011,16,2.0063115378115666
megabyte1,3012,16,1.994724625699657
megabyte1,3013,16,1.9096753702235825
megabyte1,3014,16,1.808982170875313
megabyte1,3015,16,1.9012129072697745
megabyte1,3016,16,1.8742053769441733
megabyte1,3017,16,1.9520739390258195
megabyte1,3018,16,1.7510237460789821
megabyte1,3019,16,1.783740487213122
megabyte1,3020,16,1.9775140150801556
megabyte1,3021,16,1.7990108246660894
megabyte1,3022,16,1.8278199070697103
megabyte1,3023,16,1.7267040853457556
megabyte1,3024,16,1.8576552758109868
megabyte1,3025,16,1.736920957094339
megabyte1,3026,16,2.2374486141039887
megabyte1,3027,16,1.87088834114433
megabyte1,3028,16,1.994274983361867
megabyte1,3029,16,2.001850625633038
megabyte1,3030,16,1.9825904406724233
megabyte1,3031,16,1.7253406555938955
megabyte1,3032,16,2.079297579922363
megabyte1,3033,16,2.3119696723943424
megabyte1,3034,16,1.821579239549049
megabyte1,3035,16,1.8764451531061124
megabyte1,3036,16,1.9675152602064963
megabyte1,3037,16,1.9667954942143864
megabyte1,3038,16,1.8984453440525173
megabyte1,3039,16,1.9944069568533074
megabyte1,3040,16,1.8162338482679161
megabyte1,3041,16,2.045620904541415
megabyte1,3042,16,2.0391869366878983
megabyte1,3043,16,1.8443879738042617
megabyte1,3044,16,2.0117378840688263
megabyte1,3045,16,1.8533463885522072
megabyte1,3046,16,2.0925733142027294
megabyte1,3047,16,1.690010276519209
megabyte1,3048,16,1.875567223246779
megabyte1,3049,16,1.9203303687634894
megabyte1,3050,16,2.0027435211377713
megabyte1,3051,16,1.902791436387131
megabyte1,3052,16,2.026168572997823
megabyte1,3053,16,1.7503054608939856
megabyte1,3054,16,1.8263244253764999
megabyte1,3055,16,2.03117791391201
megabyte1,3056,16,1.7028294321254878
megabyte1,3057,16,1.8090289013972625
megabyte1,3058,16,1.8958267857132844
megabyte1,3059,16,1.8706760970528125
megabyte1,3060,16,1.6419740444495297
megabyte1,3061,16,1.759610503960861
megabyte1,3062,16,1.7998363319877408
megabyte1,3063,16,1.9457816062671458
megabyte1,3064,16,1.9862783922689025
megabyte1,3065,16,2.001266909143896
megabyte1,3066,16,2.056001649745695
megabyte1,3067,16,1.7062326369513967
megabyte1,3068,16,2.068910895730715
megabyte1,3069,16,1.6746864862064996
megabyte1,3070,16,1.6745227616666416
megabyte1,3071,16,2.0029874312351623
