model,model_window_position,base_count,mean_bpb
megabyte1,0,170,2.0101677389705883
megabyte1,1,170,2.0139763327205884
megabyte1,2,170,1.9791762408088236
megabyte1,3,170,1.9717141544117647
megabyte1,4,170,2.0162913602941175
megabyte1,5,170,1.9699448529411765
megabyte1,6,170,1.973336971507353
megabyte1,7,170,1.9483053768382352
megabyte1,8,170,1.981149471507353
megabyte1,9,170,1.8731380687040442
megabyte1,10,170,1.9325550752527574
megabyte1,11,170,1.940364164464614
megabyte1,12,170,1.9583363252527572
megabyte1,13,170,1.9596665326286764
megabyte1,14,170,1.9431098489200367
megabyte1,15,170,1.9018829345703125
megabyte1,16,170,2.0535807890050553
megabyte1,17,170,1.9555547377642464
megabyte1,18,170,1.9545113956227023
megabyte1,19,170,1.9369695326861214
megabyte1,20,170,1.9217563404756435
megabyte1,21,170,1.9056863223805147
megabyte1,22,170,1.9781221277573529
megabyte1,23,170,1.896622242647059
megabyte1,24,170,1.8397633272058824
megabyte1,25,170,1.9579331341911765
megabyte1,26,170,1.9283490349264707
megabyte1,27,170,1.873336971507353
megabyte1,28,170,1.917312442555147
megabyte1,29,170,1.8704417509191176
megabyte1,30,170,2.0016845703125
megabyte1,31,170,1.9456988166360294
megabyte1,32,170,1.9199017693014706
megabyte1,33,170,1.921576286764706
megabyte1,34,170,1.9094123391544118
megabyte1,35,170,1.884890567555147
megabyte1,36,170,1.9034495634191178
megabyte1,37,170,1.8943158318014706
megabyte1,38,170,1.928085506663603
megabyte1,39,170,1.8839359059053309
megabyte1,40,170,1.8637163947610293
megabyte1,41,170,1.9086601706112132
megabyte1,42,170,1.9795166015625
megabyte1,43,170,1.9231804342830883
megabyte1,44,170,1.8903822954963236
megabyte1,45,170,1.9362620634191177
megabyte1,46,170,1.9371941061580882
megabyte1,47,170,1.8652236040900736
megabyte1,48,170,1.9042430204503678
megabyte1,49,170,1.9018055635340074
megabyte1,50,170,1.866677676930147
megabyte1,51,170,1.8872869154986214
megabyte1,52,170,1.9591854319852942
megabyte1,53,170,1.8724918141084559
megabyte1,54,170,1.959466193704044
megabyte1,55,170,1.998309685202206
megabyte1,56,170,1.8742848115808823
megabyte1,57,170,1.9711142147288603
megabyte1,58,170,1.952438893037684
megabyte1,59,170,1.9860207950367648
megabyte1,60,170,1.9028341854319852
megabyte1,61,170,1.8480238970588236
megabyte1,62,170,1.9058730181525736
megabyte1,63,170,1.871933162913603
megabyte1,64,170,1.8489487591911764
megabyte1,65,170,1.8462567497702207
megabyte1,66,170,1.8617043887867648
megabyte1,67,170,1.8444328756893382
megabyte1,68,170,1.8724156996783088
megabyte1,69,170,1.9771398207720587
megabyte1,70,170,1.9833984375
megabyte1,71,170,1.8933363970588235
megabyte1,72,170,1.8942153033088236
megabyte1,73,170,1.9074606502757352
megabyte1,74,170,1.9903033088235293
megabyte1,75,170,1.8304572610294119
megabyte1,76,170,1.877951229319853
megabyte1,77,170,1.9458352481617647
megabyte1,78,170,1.9673325482536765
megabyte1,79,170,1.8529856962316176
megabyte1,80,170,1.9781623391544119
megabyte1,81,170,1.953512752757353
megabyte1,82,170,1.8960248161764706
megabyte1,83,170,1.92242431640625
megabyte1,84,170,1.9083481732536764
megabyte1,85,170,1.937393727022059
megabyte1,86,170,1.986081112132353
megabyte1,87,170,1.9312672334558822
megabyte1,88,170,1.9374712775735294
megabyte1,89,170,1.8650764016544117
megabyte1,90,170,1.8497587316176471
megabyte1,91,170,1.9348923627068015
megabyte1,92,170,1.8648021024816177
megabyte1,93,170,1.9757180606617648
megabyte1,94,170,1.9396254595588236
megabyte1,95,170,1.9754136029411764
megabyte1,96,170,2.004538143382353
megabyte1,97,170,1.961672794117647
megabyte1,98,170,1.9565688189338235
megabyte1,99,170,1.9608743106617648
megabyte1,100,170,1.8798971737132353
megabyte1,101,170,1.9429917279411764
megabyte1,102,170,1.9036922679227941
megabyte1,103,170,1.9476189108455881
megabyte1,104,170,1.9077205882352941
megabyte1,105,170,1.9316133386948529
megabyte1,106,170,1.8911463120404413
megabyte1,107,170,1.9167049632352942
megabyte1,108,170,1.9516185087316176
megabyte1,109,170,1.9214915556066177
megabyte1,110,170,1.9188864315257352
megabyte1,111,170,1.9696547564338236
megabyte1,112,170,1.9597756778492648
megabyte1,113,170,1.9001393037683822
megabyte1,114,170,1.9590647977941176
megabyte1,115,170,1.8978293026194852
megabyte1,116,170,2.0091208065257353
megabyte1,117,170,1.9405244715073529
megabyte1,118,170,1.9102618049172795
megabyte1,119,170,1.9223991842830883
megabyte1,120,170,1.889764045266544
megabyte1,121,170,1.9047262752757352
megabyte1,122,170,1.9090367934283088
megabyte1,123,170,1.8379207835477942
megabyte1,124,170,1.8848912856158089
megabyte1,125,170,1.8929457720588236
megabyte1,126,170,1.9461476045496324
megabyte1,127,170,1.9513470818014707
megabyte1,128,170,1.9356517118566177
megabyte1,129,170,1.9220616957720589
megabyte1,130,170,1.9419246897977942
megabyte1,131,170,1.9395392922794117
megabyte1,132,170,1.9716387580422794
megabyte1,133,170,1.9354693244485295
megabyte1,134,170,1.9317698759191178
megabyte1,135,170,1.905908203125
megabyte1,136,170,1.9553725298713236
megabyte1,137,170,1.9496237362132354
megabyte1,138,170,1.9292652803308823
megabyte1,139,170,1.9081715303308824
megabyte1,140,170,1.9911965762867647
megabyte1,141,170,1.9748477711397059
megabyte1,142,170,1.9538258272058824
megabyte1,143,170,1.9314912683823529
megabyte1,144,170,1.8718548943014706
megabyte1,145,170,1.9646886488970587
megabyte1,146,170,1.9647116268382352
megabyte1,147,170,1.9298713235294118
megabyte1,148,170,1.8791575712316178
megabyte1,149,170,1.9241900275735293
megabyte1,150,170,1.9004983340992647
megabyte1,151,170,1.9558766084558823
megabyte1,152,170,1.9190465590533088
megabyte1,153,170,1.9268210018382352
megabyte1,154,170,1.9088436351102942
megabyte1,155,170,1.8353515625
megabyte1,156,170,1.901611328125
megabyte1,157,170,1.9016429227941176
megabyte1,158,170,1.8882403205422793
megabyte1,159,170,1.9686200310202207
megabyte1,160,170,1.9013334386488971
megabyte1,161,170,1.9249217313878677
megabyte1,162,170,1.9625718060661765
megabyte1,163,170,1.8973000919117646
megabyte1,164,170,1.9092572380514705
megabyte1,165,170,1.972265625
megabyte1,166,170,1.9462359260110293
megabyte1,167,170,1.8787152458639707
megabyte1,168,170,1.962945197610294
megabyte1,169,170,1.919536994485294
megabyte1,170,170,1.876828182444853
megabyte1,171,170,1.9148961684283088
megabyte1,172,170,1.9411125631893382
megabyte1,173,170,1.8679054260253907
megabyte1,174,170,1.924917423023897
megabyte1,175,170,1.8405144186580882
megabyte1,176,170,1.940353214039522
megabyte1,177,170,1.919485294117647
megabyte1,178,170,1.9226433249080883
megabyte1,179,170,1.8847833970013788
megabyte1,180,170,1.9375705494600184
megabyte1,181,170,1.982647346047794
megabyte1,182,170,1.9307875689338236
megabyte1,183,170,1.957063024184283
megabyte1,184,170,1.8827895220588236
megabyte1,185,170,1.8335223029641543
megabyte1,186,170,1.8447687485638786
megabyte1,187,170,1.9614142922794118
megabyte1,188,170,1.9416819852941176
megabyte1,189,170,1.9058238309972426
megabyte1,190,170,1.8723517922794117
megabyte1,191,170,1.9463910271139706
megabyte1,192,170,1.8969898897058823
megabyte1,193,170,1.8407082950367648
megabyte1,194,170,1.9304572610294117
megabyte1,195,170,1.9104118795955882
megabyte1,196,170,1.9151683134191178
megabyte1,197,170,1.9330250459558824
megabyte1,198,170,1.879620002297794
megabyte1,199,170,1.9425838694852942
megabyte1,200,170,1.8983599494485295
megabyte1,201,170,1.9623578239889705
megabyte1,202,170,1.9430405560661765
megabyte1,203,170,1.9368537454044117
megabyte1,204,170,1.9123104319852942
megabyte1,205,170,1.9240894990808823
megabyte1,206,170,1.968118106617647
megabyte1,207,170,1.9202263327205882
megabyte1,208,170,1.9022633272058824
megabyte1,209,170,1.896780215992647
megabyte1,210,170,1.9775002872242646
megabyte1,211,170,1.907522403492647
megabyte1,212,170,1.9130600873161765
megabyte1,213,170,1.875588809742647
megabyte1,214,170,1.9415153952205881
megabyte1,215,170,1.874457146139706
megabyte1,216,170,1.9678976619944852
megabyte1,217,170,1.922488223805147
megabyte1,218,170,1.8818273207720588
megabyte1,219,170,1.8907786649816176
megabyte1,220,170,1.909597598805147
megabyte1,221,170,1.9994025735294119
megabyte1,222,170,1.8633440803079044
megabyte1,223,170,1.9210492302389706
megabyte1,224,170,1.9107335707720587
megabyte1,225,170,1.9331916360294117
megabyte1,226,170,1.842239200367647
megabyte1,227,170,1.8469180836397059
megabyte1,228,170,1.9071533203125
megabyte1,229,170,1.9115808823529412
megabyte1,230,170,1.9868910845588235
megabyte1,231,170,1.9507568359375
megabyte1,232,170,1.8284466911764705
megabyte1,233,170,1.8511848000919118
megabyte1,234,170,1.8784280215992648
megabyte1,235,170,1.9608599494485295
megabyte1,236,170,2.0067275103400735
megabyte1,237,170,1.873666561351103
megabyte1,238,170,1.8096428366268382
megabyte1,239,170,2.003563914579504
megabyte1,240,170,1.9465051987591913
megabyte1,241,170,1.8775383444393383
megabyte1,242,170,1.9108290728400736
megabyte1,243,170,1.8927210190716912
megabyte1,244,170,1.8866720760569853
megabyte1,245,170,1.9491177727194393
megabyte1,246,170,1.959391694910386
megabyte1,247,170,1.8603458180147059
megabyte1,248,170,1.9056769875919117
megabyte1,249,170,1.9494715073529412
megabyte1,250,170,1.9268138212316177
megabyte1,251,170,1.9184168198529412
megabyte1,252,170,1.9156795726102942
megabyte1,253,170,1.9170352711397058
megabyte1,254,170,1.8803107766544118
megabyte1,255,170,1.8986098345588236
megabyte1,256,170,1.8371007582720589
megabyte1,257,170,1.9028298770680148
megabyte1,258,170,1.8444465188419117
megabyte1,259,170,1.9088666130514707
megabyte1,260,170,2.004324161305147
megabyte1,261,170,1.9070764878216913
megabyte1,262,170,1.8470624138327205
megabyte1,263,170,1.89439697265625
megabyte1,264,170,1.8845322552849264
megabyte1,265,170,1.8610642377068014
megabyte1,266,170,1.8417961569393382
megabyte1,267,170,1.9056023092830883
megabyte1,268,170,1.9678746840533088
megabyte1,269,170,1.931991756663603
megabyte1,270,170,1.8296401079963236
megabyte1,271,170,1.8506430233226103
megabyte1,272,170,1.8649884392233456
megabyte1,273,170,1.8494338091681986
megabyte1,274,170,1.9319533404181986
megabyte1,275,170,1.957275390625
megabyte1,276,170,1.9910134708180147
megabyte1,277,170,1.88873291015625
megabyte1,278,170,1.9254638671875
megabyte1,279,170,1.9332243077895221
megabyte1,280,170,1.9383494657628677
megabyte1,281,170,1.9431956571691176
megabyte1,282,170,1.9014910529641544
megabyte1,283,170,1.9384406594669117
megabyte1,284,170,1.95579833984375
megabyte1,285,170,1.9002987132352942
megabyte1,286,170,1.9604075712316176
megabyte1,287,170,1.8424460018382354
megabyte1,288,170,1.9894789751838236
megabyte1,289,170,1.9289694393382353
megabyte1,290,170,1.893798828125
megabyte1,291,170,1.9192497702205882
megabyte1,292,170,1.9564855238970589
megabyte1,293,170,1.8435439165900736
megabyte1,294,170,1.9878705193014705
megabyte1,295,170,1.8585133272058822
megabyte1,296,170,2.0339441636029414
megabyte1,297,170,1.877197265625
megabyte1,298,170,1.8972570082720588
megabyte1,299,170,1.9103142233455883
megabyte1,300,170,1.9809771369485294
megabyte1,301,170,1.832174862132353
megabyte1,302,170,1.8873276654411764
megabyte1,303,170,1.9106071920955883
megabyte1,304,170,1.8447639016544117
megabyte1,305,170,1.9230037913602942
megabyte1,306,170,1.9102460075827206
megabyte1,307,170,1.9060345818014706
megabyte1,308,170,1.9257769416360293
megabyte1,309,170,1.8900017233455881
megabyte1,310,170,1.8816147748161764
megabyte1,311,170,2.030425666360294
megabyte1,312,170,1.8905991498161765
megabyte1,313,170,1.847402774586397
megabyte1,314,170,1.9150950712316177
megabyte1,315,170,1.956838809742647
megabyte1,316,170,1.947463809742647
megabyte1,317,170,1.9344862994025736
megabyte1,318,170,1.969338809742647
megabyte1,319,170,1.8871151194852942
megabyte1,320,170,1.9068172679227942
megabyte1,321,170,1.9384650735294118
megabyte1,322,170,1.8915139590992647
megabyte1,323,170,1.8350212545955882
megabyte1,324,170,1.911962890625
megabyte1,325,170,1.8949635225183823
megabyte1,326,170,1.8420611213235294
megabyte1,327,170,1.8122084673713235
megabyte1,328,170,1.8358664119944852
megabyte1,329,170,1.8690041934742647
megabyte1,330,170,1.9165355009191176
megabyte1,331,170,1.8330731560202207
megabyte1,332,170,1.8421594956341911
megabyte1,333,170,1.8982102338005515
megabyte1,334,170,1.9343556123621324
megabyte1,335,170,1.895867560891544
megabyte1,336,170,1.8191966337316177
megabyte1,337,170,1.8819511862362133
megabyte1,338,170,1.919866943359375
megabyte1,339,170,1.8927967744715073
megabyte1,340,170,1.8277889476102942
megabyte1,341,170,1.9766917509191178
megabyte1,342,170,1.9433213177849264
megabyte1,343,170,1.8599228802849264
megabyte1,344,170,1.9334989659926471
megabyte1,345,170,1.839013671875
megabyte1,346,170,1.8790355009191178
megabyte1,347,170,1.913433478860294
megabyte1,348,170,1.8385268267463235
megabyte1,349,170,1.9484489889705883
megabyte1,350,170,1.9325970818014706
megabyte1,351,170,1.915389476102941
megabyte1,352,170,1.8701380112591912
megabyte1,353,170,1.891653262867647
megabyte1,354,170,2.008409926470588
megabyte1,355,170,1.8317267922794118
megabyte1,356,170,1.937057674632353
megabyte1,357,170,1.876275275735294
megabyte1,358,170,1.7725112017463236
megabyte1,359,170,1.9309369255514706
megabyte1,360,170,1.8765811695772059
megabyte1,361,170,1.8669060202205883
megabyte1,362,170,1.8246955422794118
megabyte1,363,170,1.9232831169577207
megabyte1,364,170,1.8870598288143383
megabyte1,365,170,1.9184003044577207
megabyte1,366,170,1.872356818704044
megabyte1,367,170,1.8790972541360293
megabyte1,368,170,1.912652228860294
megabyte1,369,170,1.8747156479779412
megabyte1,370,170,1.9238611557904413
megabyte1,371,170,1.8942095588235295
megabyte1,372,170,1.9295481962316177
megabyte1,373,170,1.8251141716452206
megabyte1,374,170,1.9467816521139707
megabyte1,375,170,1.8560747931985293
megabyte1,376,170,1.9206499885110293
megabyte1,377,170,1.9466595818014707
megabyte1,378,170,1.8900825051700367
megabyte1,379,170,1.8720534380744485
megabyte1,380,170,1.815249454273897
megabyte1,381,170,1.9361040900735293
megabyte1,382,170,1.8912281709558822
megabyte1,383,170,1.9065515854779411
megabyte1,384,170,1.8900562959558824
megabyte1,385,170,1.925680721507353
megabyte1,386,170,1.8505629595588236
megabyte1,387,170,1.881881893382353
megabyte1,388,170,1.938129021139706
megabyte1,389,170,1.8014792049632353
megabyte1,390,170,1.8829963235294118
megabyte1,391,170,1.9357823988970588
megabyte1,392,170,1.8523595473345589
megabyte1,393,170,1.9016989315257353
megabyte1,394,170,1.8714872472426471
megabyte1,395,170,1.85721435546875
megabyte1,396,170,1.92100830078125
megabyte1,397,170,1.9564553653492647
megabyte1,398,170,1.884047923368566
megabyte1,399,170,1.842144416360294
megabyte1,400,170,1.9220925723805147
megabyte1,401,170,1.8480138442095588
megabyte1,402,170,1.9296515969669117
megabyte1,403,170,1.9064137178308824
megabyte1,404,170,1.9068589154411764
megabyte1,405,170,1.8835219439338236
megabyte1,406,170,1.8591409122242648
megabyte1,407,170,1.922463809742647
megabyte1,408,170,1.8866785386029412
megabyte1,409,170,1.8400641946231617
megabyte1,410,170,1.9388341567095588
megabyte1,411,170,1.9132984834558824
megabyte1,412,170,1.87255859375
megabyte1,413,170,1.8658490349264707
megabyte1,414,170,1.8781537224264706
megabyte1,415,170,1.9100786994485295
megabyte1,416,170,1.9366706399356617
megabyte1,417,170,1.9006405101102941
megabyte1,418,170,1.9996352251838236
megabyte1,419,170,1.8589700137867646
megabyte1,420,170,1.9700726677389706
megabyte1,421,170,1.8433895335477941
megabyte1,422,170,1.9272173713235294
megabyte1,423,170,1.9577780330882353
megabyte1,424,170,1.9369585822610293
megabyte1,425,170,1.7949793198529411
megabyte1,426,170,1.9458295036764706
megabyte1,427,170,1.9066521139705883
megabyte1,428,170,1.9399184283088236
megabyte1,429,170,1.8998822380514706
megabyte1,430,170,1.9184800091911764
megabyte1,431,170,1.959610523897059
megabyte1,432,170,1.9223259420955883
megabyte1,433,170,1.9149500229779413
megabyte1,434,170,1.8952105353860293
megabyte1,435,170,1.8533016429227942
megabyte1,436,170,1.8774773092830883
megabyte1,437,170,1.9206973805147058
megabyte1,438,170,1.8234604779411765
megabyte1,439,170,1.8344439338235294
megabyte1,440,170,1.9198558134191177
megabyte1,441,170,1.9079446231617647
megabyte1,442,170,1.8916748046875
megabyte1,443,170,1.9193531709558824
megabyte1,444,170,1.8793313419117648
megabyte1,445,170,1.8737103630514707
megabyte1,446,170,1.9630916819852942
megabyte1,447,170,1.8357364430147058
megabyte1,448,170,1.8598058363970589
megabyte1,449,170,1.9432818244485295
megabyte1,450,170,1.852398322610294
megabyte1,451,170,1.9902587890625
megabyte1,452,170,1.9863367417279412
megabyte1,453,170,1.985400390625
megabyte1,454,170,1.8910759420955883
megabyte1,455,170,2.0022690716911766
megabyte1,456,170,1.9364114200367648
megabyte1,457,170,1.8881433823529412
megabyte1,458,170,1.9119671989889706
megabyte1,459,170,1.9402767405790442
megabyte1,460,170,1.9808346019071692
megabyte1,461,170,1.9613611557904411
megabyte1,462,170,1.9010383157169117
megabyte1,463,170,1.8601555319393381
megabyte1,464,170,1.9706284466911765
megabyte1,465,170,1.8561480353860293
megabyte1,466,170,1.8819098977481619
megabyte1,467,170,1.9094554227941176
megabyte1,468,170,1.9493853400735295
megabyte1,469,170,1.9547327378216912
megabyte1,470,170,1.8265107996323529
megabyte1,471,170,1.941055836397059
megabyte1,472,170,1.8560546875
megabyte1,473,170,1.9515366498161764
megabyte1,474,170,1.909377872242647
megabyte1,475,170,1.9236500459558823
megabyte1,476,170,1.9258401309742648
megabyte1,477,170,1.8806784237132352
megabyte1,478,170,1.9757668887867648
megabyte1,479,170,1.8885512408088236
megabyte1,480,170,1.8799977022058822
megabyte1,481,170,1.923876953125
megabyte1,482,170,1.9993336397058823
megabyte1,483,170,1.8622228285845588
megabyte1,484,170,1.8795252182904412
megabyte1,485,170,1.8761000689338236
megabyte1,486,170,1.9815085018382352
megabyte1,487,170,1.97763671875
megabyte1,488,170,1.9489372702205883
megabyte1,489,170,1.8964211856617648
megabyte1,490,170,1.928268612132353
megabyte1,491,170,1.9361529181985293
megabyte1,492,170,1.859478400735294
megabyte1,493,170,1.8735667509191176
megabyte1,494,170,1.8886115579044118
megabyte1,495,170,1.8801614200367647
megabyte1,496,170,1.872870232077206
megabyte1,497,170,1.93668212890625
megabyte1,498,170,1.9346586339613971
megabyte1,499,170,1.85240478515625
megabyte1,500,170,1.9054576200597426
megabyte1,501,170,1.899850284352022
megabyte1,502,170,1.829775821461397
megabyte1,503,170,1.924173153147978
megabyte1,504,170,1.9179836497587317
megabyte1,505,170,1.90303955078125
megabyte1,506,170,1.9228740018956803
megabyte1,507,170,1.8787089628331801
megabyte1,508,170,1.8971349379595588
megabyte1,509,170,1.8705270206227023
megabyte1,510,170,1.8354894301470588
megabyte1,511,170,1.8451329848345588
megabyte1,512,170,1.9331112132352941
megabyte1,513,170,1.9077521829044117
megabyte1,514,170,1.9062851849724265
megabyte1,515,170,1.8362713982077206
megabyte1,516,170,1.904086124195772
megabyte1,517,170,1.9492262896369486
megabyte1,518,170,1.8907585592830882
megabyte1,519,170,1.884530819163603
megabyte1,520,170,1.8589944278492647
megabyte1,521,170,1.8911628274356618
megabyte1,522,170,1.9609705307904413
megabyte1,523,170,1.9194766773897058
megabyte1,524,170,1.8861651252297793
megabyte1,525,170,1.911483944163603
megabyte1,526,170,1.8322829302619486
megabyte1,527,170,1.8669017118566176
megabyte1,528,170,1.8850532082950369
megabyte1,529,170,1.8785228056066177
megabyte1,530,170,1.864422607421875
megabyte1,531,170,1.8922873104319853
megabyte1,532,170,1.8327125100528492
megabyte1,533,170,1.9052908055922564
megabyte1,534,170,1.8868006089154412
megabyte1,535,170,1.859930778952206
megabyte1,536,170,1.8752434225643382
megabyte1,537,170,1.8605300005744485
megabyte1,538,170,1.8084239286534927
megabyte1,539,170,1.9169219970703124
megabyte1,540,170,1.8989354750689338
megabyte1,541,170,1.8416486852309284
megabyte1,542,170,1.7900532441980699
megabyte1,543,170,1.857047944910386
megabyte1,544,170,1.8398234647863052
megabyte1,545,170,1.8802703857421874
megabyte1,546,170,1.9365593405330883
megabyte1,547,170,1.9012982536764707
megabyte1,548,170,1.8741404813878677
megabyte1,549,170,1.8421706255744486
megabyte1,550,170,1.805718994140625
megabyte1,551,170,1.8301331239588121
megabyte1,552,170,1.8101695341222426
megabyte1,553,170,1.822067799287684
megabyte1,554,170,1.9135171329273897
megabyte1,555,170,1.9378168442670036
megabyte1,556,170,1.8105066636029412
megabyte1,557,170,1.9228630514705882
megabyte1,558,170,1.7941880170036764
megabyte1,559,170,1.872561465992647
megabyte1,560,170,1.820181094898897
megabyte1,561,170,1.808445649988511
megabyte1,562,170,1.7826584759880515
megabyte1,563,170,1.884781691607307
megabyte1,564,170,1.8717137953814338
megabyte1,565,170,1.8557001450482538
megabyte1,566,170,1.856064381318934
megabyte1,567,170,1.8127967385684742
megabyte1,568,170,1.8477996826171874
megabyte1,569,170,1.8376022787655102
megabyte1,570,170,1.8709325453814338
megabyte1,571,170,1.8399284811580883
megabyte1,572,170,1.8651365392348345
megabyte1,573,170,1.909679816750919
megabyte1,574,170,1.8080480238970589
megabyte1,575,170,1.9081810446346508
megabyte1,576,170,1.9097868077895221
megabyte1,577,170,1.881057290469899
megabyte1,578,170,1.8946692971622243
megabyte1,579,170,1.9214703728170957
megabyte1,580,170,1.8968333524816177
megabyte1,581,170,1.9176474178538603
megabyte1,582,170,1.8441668342141544
megabyte1,583,170,1.8015992108513328
megabyte1,584,170,1.8260025921989889
megabyte1,585,170,1.9434888054342832
megabyte1,586,170,1.9681021297679229
megabyte1,587,170,1.8699304917279411
megabyte1,588,170,1.9387221392463236
megabyte1,589,170,1.8032257080078125
megabyte1,590,170,1.915408145680147
megabyte1,591,170,1.9063993566176471
megabyte1,592,170,1.797683895335478
megabyte1,593,170,1.8927928251378676
megabyte1,594,170,1.8489476821001838
megabyte1,595,170,1.8813239602481617
megabyte1,596,170,1.8554823931525735
megabyte1,597,170,1.9180655086741727
megabyte1,598,170,1.8505898868336397
megabyte1,599,170,1.8626102223115808
megabyte1,600,170,1.8497623219209558
megabyte1,601,170,1.8681051815257352
megabyte1,602,170,1.9861112706801471
megabyte1,603,170,1.8953853831571692
megabyte1,604,170,1.8419412051930146
megabyte1,605,170,1.9390921200022977
megabyte1,606,170,1.9105763154871322
megabyte1,607,170,1.9076998542336856
megabyte1,608,170,1.810540143181296
megabyte1,609,170,1.9262153176700367
megabyte1,610,170,1.7958808450137869
megabyte1,611,170,1.8228515625
megabyte1,612,170,1.8476004207835477
megabyte1,613,170,1.8924799302045037
megabyte1,614,170,1.9057480755974265
megabyte1,615,170,1.8485845229204962
megabyte1,616,170,1.9215825697954962
megabyte1,617,170,1.9195793600643383
megabyte1,618,170,1.9217830882352942
megabyte1,619,170,1.905099307789522
megabyte1,620,170,1.8724038516773898
megabyte1,621,170,1.8151258580824907
megabyte1,622,170,1.925897216796875
megabyte1,623,170,1.8747976864085478
megabyte1,624,170,1.8820603314568014
megabyte1,625,170,1.8461307301240808
megabyte1,626,170,1.953021599264706
megabyte1,627,170,1.8697579776539521
megabyte1,628,170,1.9220634909237133
megabyte1,629,170,1.945230282054228
megabyte1,630,170,1.9376852596507352
megabyte1,631,170,1.8383211023667279
megabyte1,632,170,1.9038488051470588
megabyte1,633,170,1.7662130916819854
megabyte1,634,170,1.9275372673483455
megabyte1,635,170,1.9346597110523898
megabyte1,636,170,1.8340195599724265
megabyte1,637,170,1.8751888499540441
megabyte1,638,170,1.896500172334559
megabyte1,639,170,1.8808496811810662
megabyte1,640,170,1.9153083352481617
megabyte1,641,170,1.9183058794806986
megabyte1,642,170,1.8283562155330881
megabyte1,643,170,1.8516150979434742
megabyte1,644,170,1.8766493853400736
megabyte1,645,170,1.8420284495634192
megabyte1,646,170,1.8669871610753677
megabyte1,647,170,1.8149252498851103
megabyte1,648,170,1.839287971047794
megabyte1,649,170,1.8736994126263786
megabyte1,650,170,1.9502312155330883
megabyte1,651,170,1.9562946095186122
megabyte1,652,170,1.952996826171875
megabyte1,653,170,1.9224451401654412
megabyte1,654,170,1.902691650390625
megabyte1,655,170,1.8080997242647059
megabyte1,656,170,1.8825934914981617
megabyte1,657,170,1.934066323673024
megabyte1,658,170,1.8423749138327206
megabyte1,659,170,1.8663015926585478
megabyte1,660,170,1.903680419921875
megabyte1,661,170,1.8290241914636949
megabyte1,662,170,1.8324111040900735
megabyte1,663,170,1.8275049546185662
megabyte1,664,170,1.879318775850184
megabyte1,665,170,1.8229366526884192
megabyte1,666,170,1.8526934455422794
megabyte1,667,170,1.9061619478113512
megabyte1,668,170,1.8695965935202206
megabyte1,669,170,1.8439463895909927
megabyte1,670,170,1.9104944565716913
megabyte1,671,170,1.8496677174287683
megabyte1,672,170,1.9429271024816177
megabyte1,673,170,1.9034553079044119
megabyte1,674,170,1.8982077205882353
megabyte1,675,170,1.9331352682674632
megabyte1,676,170,1.8227395450367647
megabyte1,677,170,1.903793514476103
megabyte1,678,170,1.8648265165441176
megabyte1,679,170,1.9020615521599264
megabyte1,680,170,1.9075762580422795
megabyte1,681,170,1.852917121438419
megabyte1,682,170,1.8585075827205881
megabyte1,683,170,1.8822017894071692
megabyte1,684,170,1.8950730267693014
megabyte1,685,170,1.8460415110868567
megabyte1,686,170,1.8861708697150736
megabyte1,687,170,1.9520010555491727
megabyte1,688,170,1.8546009736902573
megabyte1,689,170,1.8980125876034006
megabyte1,690,170,1.9062176872702206
megabyte1,691,170,1.8659499224494485
megabyte1,692,170,1.9272532743566178
megabyte1,693,170,1.8951805563534008
megabyte1,694,170,1.8730084587545957
megabyte1,695,170,1.9067942899816177
megabyte1,696,170,1.9359649658203124
megabyte1,697,170,1.964822567210478
megabyte1,698,170,1.858260928883272
megabyte1,699,170,1.894659782858456
megabyte1,700,170,1.9217443129595588
megabyte1,701,170,1.9005900663488051
megabyte1,702,170,1.9100815716911765
megabyte1,703,170,1.8992731430951286
megabyte1,704,170,1.919461239085478
megabyte1,705,170,1.8863245795754826
megabyte1,706,170,1.8441643210018381
megabyte1,707,170,1.888183863022748
megabyte1,708,170,1.8248089958639706
megabyte1,709,170,1.828347598805147
megabyte1,710,170,1.8844911463120404
megabyte1,711,170,1.9172306733972886
megabyte1,712,170,1.7875797047334558
megabyte1,713,170,1.857733154296875
megabyte1,714,170,1.8930463005514706
megabyte1,715,170,1.8629371194278492
megabyte1,716,170,1.8965606689453125
megabyte1,717,170,1.903335391773897
megabyte1,718,170,1.829751407398897
megabyte1,719,170,1.9214691162109374
megabyte1,720,170,1.8887293198529411
megabyte1,721,170,1.9125170539407168
megabyte1,722,170,1.9543047736672794
megabyte1,723,170,1.8152122946346507
megabyte1,724,170,1.9205666934742647
megabyte1,725,170,1.8996115291819853
megabyte1,726,170,1.8804428998161764
megabyte1,727,170,1.8911811379825367
megabyte1,728,170,1.9079216452205883
megabyte1,729,170,1.852377498851103
megabyte1,730,170,1.8817185345818015
megabyte1,731,170,1.8222957835477942
megabyte1,732,170,1.8501752068014705
megabyte1,733,170,1.8289236629710477
megabyte1,734,170,1.9807416130514706
megabyte1,735,170,1.9437301635742188
megabyte1,736,170,1.8818958955652574
megabyte1,737,170,1.8737871955422793
megabyte1,738,170,1.7801107967601102
megabyte1,739,170,1.9250172334558824
megabyte1,740,170,1.9041604434742647
megabyte1,741,170,1.847703821518842
megabyte1,742,170,1.8355184218462777
megabyte1,743,170,1.8945170234231388
megabyte1,744,170,1.8722182329963235
megabyte1,745,170,1.8590292537913602
megabyte1,746,170,1.9413150562959558
megabyte1,747,170,1.9311968635110295
megabyte1,748,170,1.8443029067095589
megabyte1,749,170,1.8575017592486214
megabyte1,750,170,1.8945865406709559
megabyte1,751,170,1.914211228314568
megabyte1,752,170,1.9114401424632352
megabyte1,753,170,1.937077241785386
megabyte1,754,170,1.8730669806985294
megabyte1,755,170,1.8630336985868565
megabyte1,756,170,1.8342015883501839
megabyte1,757,170,1.8109607472139246
megabyte1,758,170,1.900005475212546
megabyte1,759,170,1.888568743537454
megabyte1,760,170,1.8133631089154412
megabyte1,761,170,1.9489006491268381
megabyte1,762,170,1.9505945542279413
megabyte1,763,170,1.876666618795956
megabyte1,764,170,1.8926528033088235
megabyte1,765,170,1.8871416877297793
megabyte1,766,170,1.9058870203354779
megabyte1,767,170,1.898719877355239
megabyte1,768,170,1.8769358915441177
megabyte1,769,170,1.9212818818933823
megabyte1,770,170,1.9140696806066178
megabyte1,771,170,1.9137517592486213
megabyte1,772,170,1.9024514590992647
megabyte1,773,170,1.8995734719669117
megabyte1,774,170,1.9616318646599264
megabyte1,775,170,1.8642804314108457
megabyte1,776,170,1.8925465303308824
megabyte1,777,170,1.8529248405905332
megabyte1,778,170,1.9490557502297794
megabyte1,779,170,1.833387487074908
megabyte1,780,170,1.8455990062040442
megabyte1,781,170,1.8536391314338236
megabyte1,782,170,1.9914003259995405
megabyte1,783,170,1.9133690329159008
megabyte1,784,170,1.8661513384650736
megabyte1,785,170,1.8658621395335477
megabyte1,786,170,1.9420941521139705
megabyte1,787,170,1.9604161879595587
megabyte1,788,170,1.8985094855813418
megabyte1,789,170,1.858519251206342
megabyte1,790,170,1.879644775390625
megabyte1,791,170,1.8753098431755515
megabyte1,792,170,1.8365794462316176
megabyte1,793,170,1.8412680233226102
megabyte1,794,170,1.9250251321231617
megabyte1,795,170,1.8323699951171875
megabyte1,796,170,1.9062697466681986
megabyte1,797,170,1.8646550795611214
megabyte1,798,170,1.826392364501953
megabyte1,799,170,1.8452096378102023
megabyte1,800,170,1.8684475169462316
megabyte1,801,170,1.8881566664751839
megabyte1,802,170,1.841549862132353
megabyte1,803,170,1.9183626960305606
megabyte1,804,170,1.9128608254825368
megabyte1,805,170,1.8191257252412685
megabyte1,806,170,1.854992316750919
megabyte1,807,170,1.884359561695772
megabyte1,808,170,1.8763226677389706
megabyte1,809,170,1.7486529181985293
megabyte1,810,170,1.8320620705099666
megabyte1,811,170,1.805962775735294
megabyte1,812,170,1.91976515826057
megabyte1,813,170,1.8079801671645221
megabyte1,814,170,1.8535177791819852
megabyte1,815,170,1.9095703125
megabyte1,816,170,1.9759262982536765
megabyte1,817,170,1.8120113597196692
megabyte1,818,170,1.914996696920956
megabyte1,819,170,1.9163813871495865
megabyte1,820,170,1.8432243795955883
megabyte1,821,170,1.8166629566865808
megabyte1,822,170,1.8105842141544117
megabyte1,823,170,1.8047390208524816
megabyte1,824,170,1.8460169175091912
megabyte1,825,170,1.8824368645163143
megabyte1,826,170,1.7857885024126838
megabyte1,827,170,1.908456241383272
megabyte1,828,170,1.8202805463005514
megabyte1,829,170,1.7928154440487132
megabyte1,830,170,1.8199097352869371
megabyte1,831,170,1.8433250427246093
megabyte1,832,170,1.8016658109777115
megabyte1,833,170,1.8289285996380975
megabyte1,834,170,1.9337452607996324
megabyte1,835,170,1.8587802662568933
megabyte1,836,170,1.8766565659466912
megabyte1,837,170,1.8461622350356157
megabyte1,838,170,1.8991259855382583
megabyte1,839,170,1.8055690989774815
megabyte1,840,170,1.9365094353170955
megabyte1,841,170,1.8645372278550092
megabyte1,842,170,1.8909904928768382
megabyte1,843,170,1.8097246057846967
megabyte1,844,170,1.855099666819853
megabyte1,845,170,1.7954816930434283
megabyte1,846,170,1.8260600370519302
megabyte1,847,170,1.7956953160903033
megabyte1,848,170,1.8760783475988052
megabyte1,849,170,1.8479199128992416
megabyte1,850,170,1.9204090791590074
megabyte1,851,170,1.9034361895392924
megabyte1,852,170,1.9661272834329044
megabyte1,853,170,1.9003467335420496
megabyte1,854,170,1.8417510986328125
megabyte1,855,170,1.8038687201107249
megabyte1,856,170,1.829626823874081
megabyte1,857,170,1.8395300472483915
megabyte1,858,170,1.8072473862591911
megabyte1,859,170,1.7957191018497243
megabyte1,860,170,1.8933679917279411
megabyte1,861,170,1.8128811106962317
megabyte1,862,170,1.8718602797564339
megabyte1,863,170,1.841386952119715
megabyte1,864,170,1.922628604664522
megabyte1,865,170,1.8938758401309743
megabyte1,866,170,1.90478515625
megabyte1,867,170,1.8839969410615809
megabyte1,868,170,1.9299086626838236
megabyte1,869,170,1.9032700482536764
megabyte1,870,170,1.911232353659237
megabyte1,871,170,1.9509555592256433
megabyte1,872,170,1.9143597771139707
megabyte1,873,170,1.8941991469439339
megabyte1,874,170,1.916411096909467
megabyte1,875,170,1.8315788717830883
megabyte1,876,170,1.8762741986443014
megabyte1,877,170,1.9030356014476102
megabyte1,878,170,1.9263273351332721
megabyte1,879,170,1.8735461066750918
megabyte1,880,170,1.8055046530330883
megabyte1,881,170,1.9283547794117648
megabyte1,882,170,1.901659662583295
megabyte1,883,170,1.7789151360006894
megabyte1,884,170,1.8477837057674633
megabyte1,885,170,1.8480888815487133
megabyte1,886,170,1.8994644165039063
megabyte1,887,170,1.887411678538603
megabyte1,888,170,1.9426133099724265
megabyte1,889,170,1.81058349609375
megabyte1,890,170,1.855828498391544
megabyte1,891,170,1.8707677504595588
megabyte1,892,170,1.9500251321231619
megabyte1,893,170,1.8743250229779411
megabyte1,894,170,1.8946210075827206
megabyte1,895,170,1.8083061667049631
megabyte1,896,170,1.8753367704503676
megabyte1,897,170,1.9277602251838235
megabyte1,898,170,1.9224034926470588
megabyte1,899,170,1.8711515538832721
megabyte1,900,170,1.9099099551930148
megabyte1,901,170,1.853656364889706
megabyte1,902,170,1.9182534610523898
megabyte1,903,170,1.8952164593864889
megabyte1,904,170,1.7709142348345588
megabyte1,905,170,1.8706686580882352
megabyte1,906,170,1.9094640395220588
megabyte1,907,170,1.8046896541819852
megabyte1,908,170,1.8873707490808824
megabyte1,909,170,1.854815673828125
megabyte1,910,170,1.8357048483455882
megabyte1,911,170,1.9195924646714155
megabyte1,912,170,1.9442806019502528
megabyte1,913,170,1.8974717084099264
megabyte1,914,170,1.9017003676470587
megabyte1,915,170,1.8912143482881434
megabyte1,916,170,1.8025755040785845
megabyte1,917,170,1.768545711741728
megabyte1,918,170,1.8670209099264705
megabyte1,919,170,1.7792670754825368
megabyte1,920,170,1.8889016544117647
megabyte1,921,170,1.8732782700482538
megabyte1,922,170,1.8891253303079043
megabyte1,923,170,1.8651911118451288
megabyte1,924,170,1.8212599810431986
megabyte1,925,170,1.8630785773782168
megabyte1,926,170,1.8318359375
megabyte1,927,170,1.8395428825827207
megabyte1,928,170,1.8763975255629595
megabyte1,929,170,1.9065007826861213
megabyte1,930,170,1.8568072150735293
megabyte1,931,170,1.8373237161075369
megabyte1,932,170,1.9363546932444853
megabyte1,933,170,1.8605808033662683
megabyte1,934,170,1.776125919117647
megabyte1,935,170,1.8230592615464154
megabyte1,936,170,1.832355095358456
megabyte1,937,170,1.8142140107996323
megabyte1,938,170,1.8587732651654412
megabyte1,939,170,1.892756742589614
megabyte1,940,170,1.8408538818359375
megabyte1,941,170,1.89335838766659
megabyte1,942,170,1.8521618562586166
megabyte1,943,170,1.8544289981617648
megabyte1,944,170,1.8953907686121323
megabyte1,945,170,1.911001407398897
megabyte1,946,170,1.89241943359375
megabyte1,947,170,1.7989699419806986
megabyte1,948,170,1.8456821217256434
megabyte1,949,170,1.9713549445657168
megabyte1,950,170,1.8638126148897058
megabyte1,951,170,1.9398706772748162
megabyte1,952,170,1.7678660673253677
megabyte1,953,170,1.8447380514705882
megabyte1,954,170,1.781088436351103
megabyte1,955,170,1.901351390165441
megabyte1,956,170,1.87086181640625
megabyte1,957,170,1.814889346852022
megabyte1,958,170,1.797043026194853
megabyte1,959,170,1.820559512867647
megabyte1,960,170,1.8568459903492647
megabyte1,961,170,1.9068962545955883
megabyte1,962,170,1.8828652774586396
megabyte1,963,170,1.8441693474264707
megabyte1,964,170,1.8957932416130514
megabyte1,965,170,1.9604718376608457
megabyte1,966,170,1.920476038315717
megabyte1,967,170,1.8675149356617646
megabyte1,968,170,1.8844135060029872
megabyte1,969,170,1.8740639181698069
megabyte1,970,170,1.8805200913373161
megabyte1,971,170,1.8407908720128676
megabyte1,972,170,1.791383451573989
megabyte1,973,170,1.8710083905388326
megabyte1,974,170,1.8840469360351562
megabyte1,975,170,1.7773383645450367
megabyte1,976,170,1.8731009090647979
megabyte1,977,170,1.909281562356388
megabyte1,978,170,1.8661569034352021
megabyte1,979,170,1.8427326875574448
megabyte1,980,170,1.8683990478515624
megabyte1,981,170,1.845130090152516
megabyte1,982,170,1.897068068560432
megabyte1,983,170,1.9259970272288602
megabyte1,984,170,1.881855863683364
megabyte1,985,170,1.8312674129710478
megabyte1,986,170,1.8923241559196922
megabyte1,987,170,1.9035727108226104
megabyte1,988,170,1.8740643669577206
megabyte1,989,170,1.946055243997013
megabyte1,990,170,1.8496258903952205
megabyte1,991,170,1.7979822495404412
megabyte1,992,170,1.938715856215533
megabyte1,993,170,1.8548803890452665
megabyte1,994,170,1.9053764792049632
megabyte1,995,170,1.855020321116728
megabyte1,996,170,1.866318556841682
megabyte1,997,170,1.8807924158432905
megabyte1,998,170,1.8191448884851793
megabyte1,999,170,1.8248892391429228
megabyte1,1000,170,1.757337682387408
megabyte1,1001,171,1.87518837019714
megabyte1,1002,171,1.8097808124029149
megabyte1,1003,171,1.907586705614949
megabyte1,1004,171,1.8691656101516814
megabyte1,1005,171,1.9134139568485014
megabyte1,1006,171,1.8313079298588268
megabyte1,1007,171,1.8841948927494518
megabyte1,1008,171,1.851608187134503
megabyte1,1009,171,1.867739314921418
megabyte1,1010,171,1.883229395102339
megabyte1,1011,171,1.8473043162920322
megabyte1,1012,171,1.871712310969481
megabyte1,1013,171,1.8925495705409356
megabyte1,1014,171,1.8836154156958151
megabyte1,1015,171,1.933011595965826
megabyte1,1016,171,1.9414692482753106
megabyte1,1017,171,1.8539410864400585
megabyte1,1018,171,1.8286186352110745
megabyte1,1019,171,1.8956285889385736
megabyte1,1020,171,1.8474777846308479
megabyte1,1021,171,1.842727750365497
megabyte1,1022,171,1.8413492838541667
megabyte1,1023,171,1.8391298885233918
megabyte1,1024,171,1.8246142738743831
megabyte1,1025,171,1.8539924844663742
megabyte1,1026,171,1.8802957813642178
megabyte1,1027,171,1.9134921246801901
megabyte1,1028,171,1.8501347770467835
megabyte1,1029,171,1.8834456951297514
megabyte1,1030,171,1.8723281057257402
megabyte1,1031,171,1.8313980548702486
megabyte1,1032,171,1.8670076069078947
megabyte1,1033,171,1.8785814430281433
megabyte1,1034,171,1.8861233895285088
megabyte1,1035,171,1.939568056697734
megabyte1,1036,171,1.831351653874269
megabyte1,1037,171,1.8292343407346492
megabyte1,1038,171,1.8596682186015168
megabyte1,1039,171,1.8391298885233918
megabyte1,1040,171,1.8109491359420686
megabyte1,1041,171,1.8658664993375365
megabyte1,1042,171,1.8404855114674707
megabyte1,1043,171,1.8489047937225878
megabyte1,1044,171,1.8118646632858186
megabyte1,1045,171,1.7603085166529606
megabyte1,1046,171,1.8644816080729167
megabyte1,1047,171,1.7318789833470394
megabyte1,1048,171,1.9148716619837354
megabyte1,1049,171,1.8632841054459064
megabyte1,1050,171,1.8450913457145468
megabyte1,1051,171,1.7743333961531433
megabyte1,1052,171,1.8004007618329678
megabyte1,1053,171,1.8093693604943348
megabyte1,1054,171,1.8660438939144737
megabyte1,1055,171,1.8569660744471856
megabyte1,1056,171,1.871787623355263
megabyte1,1057,171,1.9007504111842106
megabyte1,1058,171,1.8840382001553362
megabyte1,1059,171,1.8917172080592106
megabyte1,1060,171,1.9451693707739401
megabyte1,1061,171,1.9275787531980995
megabyte1,1062,171,1.950419286538286
megabyte1,1063,171,1.88114563345212
megabyte1,1064,171,1.871793334247076
megabyte1,1065,171,1.87379821420413
megabyte1,1066,171,1.8752155861659356
megabyte1,1067,171,1.821252655564693
megabyte1,1068,171,1.9338164747807018
megabyte1,1069,171,1.9227980228892543
megabyte1,1070,171,1.8748454489903144
megabyte1,1071,171,1.859254000479715
megabyte1,1072,171,1.883150513409174
megabyte1,1073,171,1.8960574858369883
megabyte1,1074,171,1.8847260056880482
megabyte1,1075,171,1.8017135530884503
megabyte1,1076,171,1.9292427643000731
megabyte1,1077,171,1.8902901989674707
megabyte1,1078,171,1.8317282158031798
megabyte1,1079,171,1.8761921486659356
megabyte1,1080,171,1.9350314670138888
megabyte1,1081,171,1.8789515802037646
megabyte1,1082,171,1.8552342465049343
megabyte1,1083,171,1.8517129463061952
megabyte1,1084,171,1.8286745841043037
megabyte1,1085,171,1.8251953125
megabyte1,1086,171,1.970320495248538
megabyte1,1087,171,1.8301759240222952
megabyte1,1088,171,1.8561540570175439
megabyte1,1089,171,1.901644165752924
megabyte1,1090,171,1.9165924250730995
megabyte1,1091,171,1.8806509274488303
megabyte1,1092,171,1.8249843664336622
megabyte1,1093,171,1.8287888911732457
megabyte1,1094,171,1.8395623101128473
megabyte1,1095,171,1.8695803636695907
megabyte1,1096,171,1.798656798245614
megabyte1,1097,171,1.8758173713907165
megabyte1,1098,171,1.9282831560101426
megabyte1,1099,171,1.7568126477693256
megabyte1,1100,171,1.8734444958424707
megabyte1,1101,171,1.8711997584292763
megabyte1,1102,171,1.8036573978892543
megabyte1,1103,171,1.8410930075840644
megabyte1,1104,171,1.8370589763797514
megabyte1,1105,171,1.7988797014916849
megabyte1,1106,171,1.8095840543334247
megabyte1,1107,171,1.865244725991411
megabyte1,1108,171,1.8427807545801351
megabyte1,1109,171,1.8642578125
megabyte1,1110,171,1.8334875274122806
megabyte1,1111,171,1.8883474249588816
megabyte1,1112,171,1.839021024648209
megabyte1,1113,171,1.8474369160613122
megabyte1,1114,171,1.9184311537714729
megabyte1,1115,171,1.8147083304778875
megabyte1,1116,171,1.8282692000182748
megabyte1,1117,171,1.8977527283785636
megabyte1,1118,171,1.8319732487550255
megabyte1,1119,171,1.9138943856222588
megabyte1,1120,171,1.7567943550689875
megabyte1,1121,171,1.84357742398803
megabyte1,1122,171,1.8981878269485564
megabyte1,1123,171,1.8344997829861112
megabyte1,1124,171,1.9384749563116777
megabyte1,1125,171,1.82117752164428
megabyte1,1126,171,1.8164898610254476
megabyte1,1127,171,1.92633056640625
megabyte1,1128,171,1.796486302425987
megabyte1,1129,171,1.8577208044933298
megabyte1,1130,171,1.9613626045093202
megabyte1,1131,171,1.8288402891995614
megabyte1,1132,171,1.8340084678248356
megabyte1,1133,171,1.810835631967288
megabyte1,1134,171,1.8605999862938596
megabyte1,1135,171,1.8624528137563963
megabyte1,1136,171,1.8253944798519737
megabyte1,1137,171,1.8833317003752057
megabyte1,1138,171,1.7736538000274122
megabyte1,1139,171,1.8968698601973684
megabyte1,1140,171,1.9623880665204678
megabyte1,1141,171,1.922211942616959
megabyte1,1142,171,1.8343559398985745
megabyte1,1143,171,1.8530598244471856
megabyte1,1144,171,1.875745271381579
megabyte1,1145,171,1.9232334783899854
megabyte1,1146,171,1.9049921760782165
megabyte1,1147,171,1.8680919624908625
megabyte1,1148,171,1.904890807748538
megabyte1,1149,171,1.8360938356633771
megabyte1,1150,171,1.9034784328170686
megabyte1,1151,171,1.816317195780793
megabyte1,1152,171,1.8369797377558479
megabyte1,1153,171,1.9076720120614035
megabyte1,1154,171,1.9463176169590644
megabyte1,1155,171,1.878015350877193
megabyte1,1156,171,1.8918956734283625
megabyte1,1157,171,1.8888696146290205
megabyte1,1158,171,1.8650613528246072
megabyte1,1159,171,1.786134686386376
megabyte1,1160,171,1.878226653874269
megabyte1,1161,171,1.839060643960161
megabyte1,1162,171,1.8927794339364035
megabyte1,1163,171,1.8463655884502923
megabyte1,1164,171,1.764887759560033
megabyte1,1165,171,1.80631653188962
megabyte1,1166,171,1.854479337993421
megabyte1,1167,171,1.8762471159996346
megabyte1,1168,171,1.8453818873355263
megabyte1,1169,171,1.8887461165935673
megabyte1,1170,171,1.8834057188870614
megabyte1,1171,171,1.898687708447551
megabyte1,1172,171,1.9670474403782894
megabyte1,1173,171,1.8617382384183114
megabyte1,1174,171,1.9026886343258864
megabyte1,1175,171,1.874077958670276
megabyte1,1176,171,1.8431974712171053
megabyte1,1177,171,1.8067808987801535
megabyte1,1178,171,1.8694593641493056
megabyte1,1179,171,1.907020078067891
megabyte1,1180,171,1.8435254905656067
megabyte1,1181,171,1.8601011755870798
megabyte1,1182,171,1.8572036118535271
megabyte1,1183,171,1.8878593221742508
megabyte1,1184,171,1.9278264631304824
megabyte1,1185,171,1.8966772960640534
megabyte1,1186,171,1.8795760305304277
megabyte1,1187,171,1.8952874077690973
megabyte1,1188,171,1.8703732853047332
megabyte1,1189,171,1.9028893186334979
megabyte1,1190,171,1.90277099609375
megabyte1,1191,171,1.8509207385325293
megabyte1,1192,171,1.9121978938230995
megabyte1,1193,171,1.8946597450657894
megabyte1,1194,171,1.8707011261878654
megabyte1,1195,171,1.804272032620614
megabyte1,1196,171,1.9414476539656433
megabyte1,1197,171,1.9132515533625731
megabyte1,1198,171,1.8871584886695907
megabyte1,1199,171,1.913297240497076
megabyte1,1200,171,1.937268708881579
megabyte1,1201,171,1.855241028188962
megabyte1,1202,171,1.9478995339912282
megabyte1,1203,171,1.8683139734100878
megabyte1,1204,171,1.8541181240862572
megabyte1,1205,171,1.8893300552814327
megabyte1,1206,171,1.8962466591282894
megabyte1,1207,171,1.8295984100877194
megabyte1,1208,171,1.9092028879979899
megabyte1,1209,171,1.9036892004180372
megabyte1,1210,171,1.8330611736453764
megabyte1,1211,171,1.8118071974369518
megabyte1,1212,171,1.8013391327439694
megabyte1,1213,171,1.8698514525653327
megabyte1,1214,171,1.8811177928545322
megabyte1,1215,171,1.8390058439377455
megabyte1,1216,171,1.8834449812682748
megabyte1,1217,171,1.8218601516812865
megabyte1,1218,171,1.888360631396199
megabyte1,1219,171,1.8225358215688963
megabyte1,1220,171,1.8539564344618056
megabyte1,1221,171,1.8465369152046784
megabyte1,1222,171,1.8563125342653508
megabyte1,1223,171,1.9243310404102705
megabyte1,1224,171,1.8410169813368056
megabyte1,1225,171,1.8277580752010234
megabyte1,1226,171,1.8482344777960527
megabyte1,1227,171,1.800161618238304
megabyte1,1228,171,1.8734409265350878
megabyte1,1229,171,1.897725066246345
megabyte1,1230,171,1.8397970366896244
megabyte1,1231,171,1.8282692000182748
megabyte1,1232,171,1.8327658134594298
megabyte1,1233,171,1.865545618603801
megabyte1,1234,171,1.858325623629386
megabyte1,1235,171,1.814766510188231
megabyte1,1236,171,1.8581803528188963
megabyte1,1237,171,1.840836731313962
megabyte1,1238,171,1.907319364491959
megabyte1,1239,171,1.8634518628929093
megabyte1,1240,171,1.894898531729715
megabyte1,1241,171,1.885193941885965
megabyte1,1242,171,1.8349266721491229
megabyte1,1243,171,1.8708563910590277
megabyte1,1244,171,1.8838076228983918
megabyte1,1245,171,1.8326483386301855
megabyte1,1246,171,1.811556275127924
megabyte1,1247,171,1.9408858449835527
megabyte1,1248,171,1.9264037372076024
megabyte1,1249,171,1.9440732364766082
megabyte1,1250,171,1.877962525127924
megabyte1,1251,171,1.8970040661549707
megabyte1,1252,171,1.9318205180921053
megabyte1,1253,171,1.8766675804093567
megabyte1,1254,171,1.8851960834703947
megabyte1,1255,171,1.8175969709429824
megabyte1,1256,171,1.911232574641356
megabyte1,1257,171,1.9132358484100878
megabyte1,1258,171,1.9124520285087718
megabyte1,1259,171,1.8867101836622806
megabyte1,1260,171,1.9223861248172514
megabyte1,1261,171,1.816123560855263
megabyte1,1262,171,1.9858055783991229
megabyte1,1263,171,1.9344932154605263
megabyte1,1264,171,1.9255528143274854
megabyte1,1265,171,1.8699972587719298
megabyte1,1266,171,1.887464021381579
megabyte1,1267,171,1.8707302160430372
megabyte1,1268,171,1.8218273140533625
megabyte1,1269,171,1.8404091282894737
megabyte1,1270,171,1.8966856839364035
megabyte1,1271,171,1.9034316748903508
megabyte1,1272,171,1.8378349438048245
megabyte1,1273,171,1.886870088633041
megabyte1,1274,171,1.8511370385599415
megabyte1,1275,171,1.8749885782163742
megabyte1,1276,171,1.8427463107638888
megabyte1,1277,171,1.8338765819170322
megabyte1,1278,171,1.882508395010965
megabyte1,1279,171,1.8019319947002923
megabyte1,1280,171,1.8468081825657894
megabyte1,1281,171,1.8524048565423976
megabyte1,1282,171,1.8902009662828947
megabyte1,1283,171,1.9540644417032165
megabyte1,1284,171,1.8995054367690059
megabyte1,1285,171,1.859098021747076
megabyte1,1286,171,1.935078581871345
megabyte1,1287,171,1.8483387015716375
megabyte1,1288,171,1.8209514060215644
megabyte1,1289,171,1.9635473775584795
megabyte1,1290,171,1.8617849963450293
megabyte1,1291,171,1.8277937682748537
megabyte1,1292,171,1.8582613760964912
megabyte1,1293,171,1.9013450577942252
megabyte1,1294,171,1.8310996607730263
megabyte1,1295,171,1.893002872578582
megabyte1,1296,171,1.864876195004112
megabyte1,1297,171,1.8001392208344755
megabyte1,1298,171,1.859500639619883
megabyte1,1299,171,1.944058959247076
megabyte1,1300,171,1.9263733980948465
megabyte1,1301,171,1.915059050621345
megabyte1,1302,171,1.948794002421418
megabyte1,1303,171,1.8506087810672514
megabyte1,1304,171,1.8809793037280702
megabyte1,1305,171,1.9132215711805556
megabyte1,1306,171,1.894768252010234
megabyte1,1307,171,1.9164867735745614
megabyte1,1308,171,1.9719937865497077
megabyte1,1309,171,1.8283077485380117
megabyte1,1310,171,1.8846328467653508
megabyte1,1311,171,1.918028714364035
megabyte1,1312,171,1.9233848170230263
megabyte1,1313,171,1.850223295869883
megabyte1,1314,171,1.79970153451663
megabyte1,1315,171,1.9233089692411367
megabyte1,1316,171,1.8783294499269005
megabyte1,1317,171,1.8775185032894737
megabyte1,1318,171,1.857226990816886
megabyte1,1319,171,1.9601037097953216
megabyte1,1320,171,1.850380345394737
megabyte1,1321,171,1.8967408297354715
megabyte1,1322,171,1.9142730891355995
megabyte1,1323,171,1.8881357650310673
megabyte1,1324,171,1.8391124435335573
megabyte1,1325,171,1.878012584663971
megabyte1,1326,171,1.8453165690104167
megabyte1,1327,171,1.82375679239195
megabyte1,1328,171,1.8633910062020285
megabyte1,1329,171,1.8999259011787282
megabyte1,1330,171,1.8509846291346856
megabyte1,1331,171,1.818539535790159
megabyte1,1332,171,1.8588081939875731
megabyte1,1333,171,1.839282654879386
megabyte1,1334,171,1.8529245476973684
megabyte1,1335,171,1.9075406615497077
megabyte1,1336,171,1.9250117073282165
megabyte1,1337,171,1.8558799342105263
megabyte1,1338,171,1.8909283911275585
megabyte1,1339,171,1.9270048085709064
megabyte1,1340,171,1.8520093772843567
megabyte1,1341,171,1.859901829769737
megabyte1,1342,171,1.8894471285635965
megabyte1,1343,171,1.8796800758406433
megabyte1,1344,171,1.9238909448099415
megabyte1,1345,171,1.913402891995614
megabyte1,1346,171,1.9437448601973684
megabyte1,1347,171,1.8702927974232457
megabyte1,1348,171,1.9286752444261697
megabyte1,1349,171,1.890413697002924
megabyte1,1350,171,1.852307771381579
megabyte1,1351,171,1.8388329221491229
megabyte1,1352,171,1.8567551283808479
megabyte1,1353,171,1.8808479532163742
megabyte1,1354,171,1.8086908351608186
megabyte1,1355,171,1.9004091853983918
megabyte1,1356,171,1.8888546235380117
megabyte1,1357,171,1.8501226414016814
megabyte1,1358,171,1.9797648825840644
megabyte1,1359,171,1.9142309713084795
megabyte1,1360,171,1.9743552403143274
megabyte1,1361,171,1.891370271381579
megabyte1,1362,171,1.8932163171600878
megabyte1,1363,171,1.8796686540570176
megabyte1,1364,171,1.9027977658991229
megabyte1,1365,171,1.9278228938230995
megabyte1,1366,171,1.8894085800438596
megabyte1,1367,171,1.8799913194444444
megabyte1,1368,171,1.9120604754888524
megabyte1,1369,171,1.8497113679584705
megabyte1,1370,171,1.8950430886787282
megabyte1,1371,171,1.818352236385234
megabyte1,1372,171,1.9442602681834795
megabyte1,1373,171,1.876477693256579
megabyte1,1374,171,1.8203439099049707
megabyte1,1375,171,1.851263392041301
megabyte1,1376,171,1.840431614925987
megabyte1,1377,171,1.923886661641082
megabyte1,1378,171,1.8611111111111112
megabyte1,1379,171,1.847444947002924
megabyte1,1380,171,1.8453369140625
megabyte1,1381,171,1.8315201251827486
megabyte1,1382,171,1.8550632766812865
megabyte1,1383,171,1.9093717162372077
megabyte1,1384,171,1.8402178134137428
megabyte1,1385,171,1.9143059267635234
megabyte1,1386,171,1.847623412372076
megabyte1,1387,171,1.846014368603801
megabyte1,1388,171,1.9302914268092106
megabyte1,1389,171,1.8854880528143274
megabyte1,1390,171,1.766450223866959
megabyte1,1391,171,2.0213101927997075
megabyte1,1392,171,1.9156044407894737
megabyte1,1393,171,1.9063106782255117
megabyte1,1394,171,1.8758373595120614
megabyte1,1395,171,1.8357104920504386
megabyte1,1396,171,1.799627649853801
megabyte1,1397,171,1.9162918893914473
megabyte1,1398,171,1.9457493832236843
megabyte1,1399,171,1.917631807383041
megabyte1,1400,171,1.852546201114766
megabyte1,1401,171,1.799615514208699
megabyte1,1402,171,1.8779810855263157
megabyte1,1403,171,1.7881815949378654
megabyte1,1404,171,1.8437157346491229
megabyte1,1405,171,1.8244553950794957
megabyte1,1406,171,1.7744722422103436
megabyte1,1407,171,1.832715486225329
megabyte1,1408,171,1.8054955911915205
megabyte1,1409,171,1.8204210069444444
megabyte1,1410,171,1.8804182086074561
megabyte1,1411,171,1.795612000582511
megabyte1,1412,171,1.871279353983918
megabyte1,1413,171,1.87890625
megabyte1,1414,171,1.8421152572185673
megabyte1,1415,171,1.8359789039656433
megabyte1,1416,171,1.841467070997807
megabyte1,1417,171,1.8493784408123173
megabyte1,1418,171,1.8630099826388888
megabyte1,1419,171,1.8968391641538742
megabyte1,1420,171,1.8961959749634503
megabyte1,1421,171,1.8779582419590644
megabyte1,1422,171,1.8978214375456872
megabyte1,1423,171,1.8460086577119883
megabyte1,1424,171,1.8623054013614766
megabyte1,1425,171,1.867138243558114
megabyte1,1426,171,1.8177998860677083
megabyte1,1427,171,1.8248854966191521
megabyte1,1428,171,1.920958401864035
megabyte1,1429,171,1.9696096676832053
megabyte1,1430,171,1.8772001210709064
megabyte1,1431,171,1.900667603252924
megabyte1,1432,171,1.9442988167032165
megabyte1,1433,171,1.8865017361111112
megabyte1,1434,171,1.9433408146016082
megabyte1,1435,171,1.8530244883040936
megabyte1,1436,171,1.8797086302997077
megabyte1,1437,171,1.987510279605263
megabyte1,1438,171,1.8823085137975146
megabyte1,1439,171,1.8598904079861112
megabyte1,1440,171,1.9139554207785088
megabyte1,1441,171,1.9088941429093567
megabyte1,1442,171,1.862998560855263
megabyte1,1443,171,1.916372555738304
megabyte1,1444,171,1.908117461622807
megabyte1,1445,171,1.9204258612024854
megabyte1,1446,171,1.943228024488304
megabyte1,1447,171,1.8393179910224782
megabyte1,1448,171,1.8711060194941291
megabyte1,1449,171,1.9361807839912282
megabyte1,1450,171,1.8512912326388888
megabyte1,1451,171,1.883419282255117
megabyte1,1452,171,1.950994837353801
megabyte1,1453,171,1.8198984603435673
megabyte1,1454,171,1.9499233312774122
megabyte1,1455,171,1.8343256007858186
megabyte1,1456,171,1.88008483529788
megabyte1,1457,171,1.8244924266435947
megabyte1,1458,171,1.9452382584064327
megabyte1,1459,171,1.9557852047925803
megabyte1,1460,171,1.8463596098604258
megabyte1,1461,171,1.830428363286961
megabyte1,1462,171,1.873150652612162
megabyte1,1463,171,1.958364743238304
megabyte1,1464,171,1.8678585297880117
megabyte1,1465,171,1.8262915360300165
megabyte1,1466,171,1.8474772492347404
megabyte1,1467,171,1.8533362673040021
megabyte1,1468,171,1.8365679289165295
megabyte1,1469,171,1.8183409038342928
megabyte1,1470,171,1.8767432497258771
megabyte1,1471,171,1.9121321293345668
megabyte1,1472,171,1.8488341214364035
megabyte1,1473,171,1.827742370248538
megabyte1,1474,171,1.857119197733918
megabyte1,1475,171,1.8301152457967835
megabyte1,1476,171,1.8952122738486843
megabyte1,1477,171,1.821128443667763
megabyte1,1478,171,1.8557162814670138
megabyte1,1479,171,1.9381924456323099
megabyte1,1480,171,1.8702628152412282
megabyte1,1481,171,1.843347382127193
megabyte1,1482,171,1.8244271975511697
megabyte1,1483,171,1.9306394788953993
megabyte1,1484,171,1.942067285727339
megabyte1,1485,171,1.9731388203581872
megabyte1,1486,171,1.9113369768823099
megabyte1,1487,171,1.9677905701754386
megabyte1,1488,171,1.9444986979166667
megabyte1,1489,171,1.9487954301443713
megabyte1,1490,171,1.955875909816452
megabyte1,1491,171,1.9417260599415205
megabyte1,1492,171,1.922622769896747
megabyte1,1493,171,1.8349605805692617
megabyte1,1494,171,1.9024422628837718
megabyte1,1495,171,1.8720803065606726
megabyte1,1496,171,1.886547423245614
megabyte1,1497,171,1.9378640693530702
megabyte1,1498,171,1.8426792077850878
megabyte1,1499,171,1.8236219618055556
megabyte1,1500,171,1.8329507035818713
megabyte1,1501,171,1.8642856530975878
megabyte1,1502,171,1.908210263614766
megabyte1,1503,171,1.8830994723135965
megabyte1,1504,171,1.8371724803545322
megabyte1,1505,171,2.049013728983918
megabyte1,1506,171,1.9101733826754386
megabyte1,1507,171,1.7754513032255117
megabyte1,1508,171,1.9240165844298245
megabyte1,1509,171,1.83406432748538
megabyte1,1510,171,1.9222347861842106
megabyte1,1511,171,1.8770502101608186
megabyte1,1512,171,1.769708287646199
megabyte1,1513,171,1.8403363144188596
megabyte1,1514,171,1.8984517772295322
megabyte1,1515,171,1.9064755802266082
megabyte1,1516,171,1.8567808273940059
megabyte1,1517,171,1.9101669579221492
megabyte1,1518,171,1.8304835983187135
megabyte1,1519,171,1.7953255636650218
megabyte1,1520,171,1.8581771404422514
megabyte1,1521,171,1.8441404822277048
megabyte1,1522,171,1.9613626045093202
megabyte1,1523,171,1.8620155736019737
megabyte1,1524,171,1.8721988075657894
megabyte1,1525,171,1.8145594903600146
megabyte1,1526,171,1.8615024856656615
megabyte1,1527,171,1.8464341191520468
megabyte1,1528,171,1.878031769691155
megabyte1,1529,171,1.8905778851425439
megabyte1,1530,171,1.9418834663971125
megabyte1,1531,171,1.8780806692023027
megabyte1,1532,171,1.827242934912966
megabyte1,1533,171,1.8662766127558479
megabyte1,1534,171,1.849663271541484
megabyte1,1535,171,1.9605491593567252
megabyte1,1536,171,1.9112298976608186
megabyte1,1537,171,1.9255471034356726
megabyte1,1538,171,1.921412417763158
megabyte1,1539,171,1.8408902709247077
megabyte1,1540,171,1.842309784470943
megabyte1,1541,171,1.8611098172371847
megabyte1,1542,171,1.898231907894737
megabyte1,1543,171,1.9095969395330774
megabyte1,1544,171,1.896181697733918
megabyte1,1545,171,1.9027360168813963
megabyte1,1546,171,1.8775199310124269
megabyte1,1547,171,1.8612281843932748
megabyte1,1548,171,1.9238631042123537
megabyte1,1549,171,1.9173134251644737
megabyte1,1550,171,1.8540381716008771
megabyte1,1551,171,1.8999216180098684
megabyte1,1552,171,1.8453640407986112
megabyte1,1553,171,1.9020846182839912
megabyte1,1554,171,1.9106045550073099
megabyte1,1555,171,1.8690165023357548
megabyte1,1556,171,1.9034473798428362
megabyte1,1557,171,1.8457902161001463
megabyte1,1558,171,1.8655267905073556
megabyte1,1559,171,1.9096279925073099
megabyte1,1560,171,1.961340117872807
megabyte1,1561,171,1.9509223804139255
megabyte1,1562,171,1.8989729853401407
megabyte1,1563,171,1.968374508863304
megabyte1,1564,171,1.896594666598136
megabyte1,1565,171,1.8725471719663742
megabyte1,1566,171,1.8719075520833333
megabyte1,1567,171,1.861779820849324
megabyte1,1568,171,1.9211757726836622
megabyte1,1569,171,1.8994197733918128
megabyte1,1570,171,1.9062021712810673
megabyte1,1571,171,1.8866603025916027
megabyte1,1572,171,1.8253123857821638
megabyte1,1573,171,1.843380219755117
megabyte1,1574,171,1.8054470486111112
megabyte1,1575,171,1.8923953764619883
megabyte1,1576,171,1.9180315698099415
megabyte1,1577,171,1.8466282894736843
megabyte1,1578,171,1.8431132355628654
megabyte1,1579,171,1.8210591991045322
megabyte1,1580,171,1.8275103652686404
megabyte1,1581,171,1.8758309347587718
megabyte1,1582,171,1.8478263721131443
megabyte1,1583,171,1.870019745408443
megabyte1,1584,171,1.9055318553545322
megabyte1,1585,171,1.807161141557303
megabyte1,1586,171,1.774666724846377
megabyte1,1587,171,1.7825121070906433
megabyte1,1588,171,1.8257118805110106
megabyte1,1589,171,1.9310095714546784
megabyte1,1590,171,1.9337079678362572
megabyte1,1591,171,1.8868800826937135
megabyte1,1592,171,1.8710696571751644
megabyte1,1593,171,1.8814818622076024
megabyte1,1594,171,1.925629911366959
megabyte1,1595,171,2.0156171475237574
megabyte1,1596,171,1.9011444627192982
megabyte1,1597,171,1.826337312397204
megabyte1,1598,171,1.9057245979532165
megabyte1,1599,171,1.918420624314693
megabyte1,1600,171,1.8755403931377923
megabyte1,1601,171,1.907589204130117
megabyte1,1602,171,1.9375546104029606
megabyte1,1603,171,1.856996948956049
megabyte1,1604,171,1.8921805264657003
megabyte1,1605,171,1.8848398665935673
megabyte1,1606,171,1.9033060352704678
megabyte1,1607,171,1.8454018754568713
megabyte1,1608,171,1.866994043539839
megabyte1,1609,171,1.8168302837171053
megabyte1,1610,171,1.984573453490497
megabyte1,1611,171,1.8319355925621346
megabyte1,1612,171,1.9135442365679824
megabyte1,1613,171,1.8589481108369883
megabyte1,1614,171,1.9030733164290936
megabyte1,1615,171,1.8005720885873537
megabyte1,1616,171,1.8613752398574561
megabyte1,1617,171,1.8773243329678362
megabyte1,1618,171,1.9552380299707601
megabyte1,1619,171,1.8372124565972223
megabyte1,1620,171,1.846317045869883
megabyte1,1621,171,1.859810455500731
megabyte1,1622,171,1.9090697528326024
megabyte1,1623,171,1.9593041849415205
megabyte1,1624,171,1.947695369608918
megabyte1,1625,171,1.8304793151498537
megabyte1,1626,171,1.9059516059027777
megabyte1,1627,171,1.8891904953627559
megabyte1,1628,171,1.922784459521199
megabyte1,1629,171,1.8236762152777777
megabyte1,1630,171,1.857410096285636
megabyte1,1631,171,1.925769471285636
megabyte1,1632,171,1.8613823784722223
megabyte1,1633,171,1.9210126553362572
megabyte1,1634,171,1.9268234877558479
megabyte1,1635,171,1.9805258589181287
megabyte1,1636,171,1.8866445084064327
megabyte1,1637,171,1.9762669613486843
megabyte1,1638,171,1.9058702256944444
megabyte1,1639,171,1.8465954518457601
megabyte1,1640,171,1.8850083379020468
megabyte1,1641,171,1.8573387101379752
megabyte1,1642,171,1.8656362790113303
megabyte1,1643,171,1.927351745248538
megabyte1,1644,171,1.896622864126462
megabyte1,1645,171,1.8818730582967835
megabyte1,1646,171,1.9179573282163742
megabyte1,1647,171,1.8774142795138888
megabyte1,1648,171,1.8766675804093567
megabyte1,1649,171,1.8608369883040936
megabyte1,1650,171,1.8472964638157894
megabyte1,1651,171,1.8999680190058479
megabyte1,1652,171,1.9040143643206322
megabyte1,1653,171,1.8327165570175439
megabyte1,1654,171,1.873327422560307
megabyte1,1655,171,1.8865360014619883
megabyte1,1656,171,1.8462956300255848
megabyte1,1657,171,1.8734891121847588
megabyte1,1658,171,1.9405174924616229
megabyte1,1659,171,1.8855822825292399
megabyte1,1660,171,1.8433502375730995
megabyte1,1661,171,1.8490757635462354
megabyte1,1662,171,1.8539639300073099
megabyte1,1663,171,1.936494169179459
megabyte1,1664,171,1.901669864766082
megabyte1,1665,171,1.9598381533260234
megabyte1,1666,171,1.8802218967013888
megabyte1,1667,171,1.9383546706528691
megabyte1,1668,171,1.971287777549342
megabyte1,1669,171,1.8457673725328947
megabyte1,1670,171,1.9658069275973136
megabyte1,1671,171,1.838795801352339
megabyte1,1672,171,1.9016334578307748
megabyte1,1673,171,1.8948557000411184
megabyte1,1674,171,1.8469523825840644
megabyte1,1675,171,1.896917688916301
megabyte1,1676,171,1.865167272021199
megabyte1,1677,171,1.853588438870614
megabyte1,1678,171,1.9488200583653144
megabyte1,1679,171,1.856052153291758
megabyte1,1680,171,1.883320769371345
megabyte1,1681,171,1.8890106022706505
megabyte1,1682,171,1.8616672092013888
megabyte1,1683,171,1.8956156055829678
megabyte1,1684,171,1.9217520373606543
megabyte1,1685,171,1.874096251370614
megabyte1,1686,171,1.9286131384777048
megabyte1,1687,171,1.9046602304915936
megabyte1,1688,171,1.8219041433947825
megabyte1,1689,171,1.9953199241593567
megabyte1,1690,171,1.8090306332236843
megabyte1,1691,171,1.9026749817251463
megabyte1,1692,171,1.8536184210526316
megabyte1,1693,171,1.8211263020833333
megabyte1,1694,171,1.8114934553179824
megabyte1,1695,171,1.8767989309210527
megabyte1,1696,171,1.8565093481052688
megabyte1,1697,171,1.9303601805926764
megabyte1,1698,171,1.8710566292032165
megabyte1,1699,171,1.8636467470760234
megabyte1,1700,171,1.8930349963450293
megabyte1,1701,171,1.8965143571820176
megabyte1,1702,171,1.8522792169225146
megabyte1,1703,171,1.8957564147592287
megabyte1,1704,171,1.8861490885416667
megabyte1,1705,171,1.8634775619060673
megabyte1,1706,171,1.8669761077702394
megabyte1,1707,171,1.890342310855263
megabyte1,1708,171,1.8127755505299707
megabyte1,1709,171,1.8384638557657165
megabyte1,1710,171,1.8314623024031433
megabyte1,1711,171,1.8307370191429093
megabyte1,1712,171,1.9232755962171053
megabyte1,1713,171,1.8945626599049707
megabyte1,1714,171,1.8942428499634503
megabyte1,1715,171,1.854799861796418
megabyte1,1716,171,1.7860735619974415
megabyte1,1717,171,1.94490417123538
megabyte1,1718,171,1.8853452805190059
megabyte1,1719,171,1.907219423885234
megabyte1,1720,171,1.8229794864766082
megabyte1,1721,171,1.8644933867872806
megabyte1,1722,171,1.8512933742233186
megabyte1,1723,171,1.8304671795047514
megabyte1,1724,171,1.8945690846582601
megabyte1,1725,171,1.8977065058479532
megabyte1,1726,171,1.8286047149122806
megabyte1,1727,171,1.8330722384982638
megabyte1,1728,171,1.918839661001462
megabyte1,1729,171,1.8792588975694444
megabyte1,1730,171,1.8963730126096492
megabyte1,1731,171,1.8978192959612572
megabyte1,1732,171,1.8607720269097223
megabyte1,1733,171,1.738582231845075
megabyte1,1734,171,1.8158337330957601
megabyte1,1735,171,1.8222013774671053
megabyte1,1736,171,1.905800267269737
megabyte1,1737,171,1.8262589661001463
megabyte1,1738,171,1.8586397226790936
megabyte1,1739,171,1.948524876644737
megabyte1,1740,171,1.8911218475877194
megabyte1,1741,171,1.9161069992690059
megabyte1,1742,171,1.9068981862207601
megabyte1,1743,171,1.9311637655336258
megabyte1,1744,171,1.8936424924616229
megabyte1,1745,171,1.863619263409174
megabyte1,1746,171,1.8110080295138888
megabyte1,1747,171,1.8674077262655335
megabyte1,1748,171,1.8807512249862939
megabyte1,1749,171,1.8743332533808479
megabyte1,1750,171,1.8957048382675439
megabyte1,1751,171,1.898167660361842
megabyte1,1752,171,1.8705683479532165
megabyte1,1753,171,1.8290066189236112
megabyte1,1754,171,1.907286526864035
megabyte1,1755,171,1.905042146381579
megabyte1,1756,171,1.8478447094298245
megabyte1,1757,171,1.8586796989217835
megabyte1,1758,171,1.8249854372258771
megabyte1,1759,171,1.9274764925415753
megabyte1,1760,171,1.8911957322505482
megabyte1,1761,171,1.7274484020924707
megabyte1,1762,171,1.8266298171372441
megabyte1,1763,171,1.8841745476973684
megabyte1,1764,171,1.946757355628655
megabyte1,1765,171,1.8455603527046784
megabyte1,1766,171,1.904835840414839
megabyte1,1767,171,1.8505559553179824
megabyte1,1768,171,1.8032198008040936
megabyte1,1769,171,1.788751256396199
megabyte1,1770,171,1.8860634251644737
megabyte1,1771,171,1.9176582202576755
megabyte1,1772,171,1.8538340072185673
megabyte1,1773,171,1.8303486784996346
megabyte1,1774,171,1.8823338558799343
megabyte1,1775,171,1.82741519861054
megabyte1,1776,171,1.9232170595760234
megabyte1,1777,171,1.8626244974415205
megabyte1,1778,171,1.8669576366045322
megabyte1,1779,171,1.8182030393366229
megabyte1,1780,171,1.8321729515031067
megabyte1,1781,171,1.909265350877193
megabyte1,1782,171,1.883021304481908
megabyte1,1783,171,1.9186172931514986
megabyte1,1784,171,1.8318677757218567
megabyte1,1785,171,1.8368582028394553
megabyte1,1786,171,1.8728387843795686
megabyte1,1787,171,1.9707952131304824
megabyte1,1788,171,1.7906488786663926
megabyte1,1789,171,1.8402449401498537
megabyte1,1790,171,1.8518048559713085
megabyte1,1791,171,1.8960264328627559
megabyte1,1792,171,1.8338876467699197
megabyte1,1793,171,1.843485871253655
megabyte1,1794,171,1.8095347978915388
megabyte1,1795,171,1.901533874154788
megabyte1,1796,171,1.8642233686837537
megabyte1,1797,171,1.867777863441155
megabyte1,1798,171,1.8636290790044774
megabyte1,1799,171,1.8723547862984284
megabyte1,1800,171,1.882799650493421
megabyte1,1801,171,1.8105197482638888
megabyte1,1802,171,1.8712101094206872
megabyte1,1803,171,1.9713002701251827
megabyte1,1804,171,1.9192499528851426
megabyte1,1805,171,1.8514907569216008
megabyte1,1806,171,1.923826875742416
megabyte1,1807,171,1.8701475266127559
megabyte1,1808,171,1.863763641892818
megabyte1,1809,171,1.8967363681012428
megabyte1,1810,171,1.8454820064076207
megabyte1,1811,171,1.8466782597770468
megabyte1,1812,171,1.8443824812682748
megabyte1,1813,171,1.8385281032986112
megabyte1,1814,171,1.862625032837628
megabyte1,1815,171,1.8988915158991229
megabyte1,1816,171,1.885789123892087
megabyte1,1817,171,1.9133015236659356
megabyte1,1818,171,1.8805656210023758
megabyte1,1819,171,1.8904411806697734
megabyte1,1820,171,1.8315470734534904
megabyte1,1821,171,1.8273108409859284
megabyte1,1822,171,1.9065780193485014
megabyte1,1823,171,1.8175376758240818
megabyte1,1824,171,1.9751979537874635
megabyte1,1825,171,1.899946960092288
megabyte1,1826,171,1.9151323998880665
megabyte1,1827,171,1.8205218398780154
megabyte1,1828,171,1.941353424250731
megabyte1,1829,171,1.9213779739469115
megabyte1,1830,171,1.8786055358529787
megabyte1,1831,171,1.85865310758178
megabyte1,1832,171,1.8873782687717013
megabyte1,1833,171,1.8561415644417032
megabyte1,1834,171,1.9219130131236293
megabyte1,1835,171,1.8476191292032165
megabyte1,1836,171,1.837909363863761
megabyte1,1837,171,1.8740682323076572
megabyte1,1838,171,1.8675082022683662
megabyte1,1839,171,1.9464818050986843
megabyte1,1840,171,1.8036388374908625
megabyte1,1841,171,1.7964879086143093
megabyte1,1842,171,1.9705417923062865
megabyte1,1843,171,1.9579035887244152
megabyte1,1844,171,1.8686393157780519
megabyte1,1845,171,1.9476596765350878
megabyte1,1846,171,1.8206933450977705
megabyte1,1847,171,1.8925472504911367
megabyte1,1848,171,1.820921780770285
megabyte1,1849,171,1.9852535850123356
megabyte1,1850,171,1.886986269588359
megabyte1,1851,171,1.877937718441612
megabyte1,1852,171,1.875211124531707
megabyte1,1853,171,1.8934285124840096
megabyte1,1854,171,1.9124700535110564
megabyte1,1855,171,1.8604659588016264
megabyte1,1856,171,1.8861205340826024
megabyte1,1857,171,1.8835106565241229
megabyte1,1858,171,1.8602866011056287
megabyte1,1859,171,1.889070923565424
megabyte1,1860,171,1.853548462627924
megabyte1,1861,171,1.8664579335709064
megabyte1,1862,171,1.8388107032106633
megabyte1,1863,171,1.8536712468019005
megabyte1,1864,171,1.880077696683114
megabyte1,1865,171,1.9025338156181468
megabyte1,1866,171,1.8331562956871346
megabyte1,1867,171,1.8866744905884503
megabyte1,1868,171,1.8898654513888888
megabyte1,1869,171,1.7979886239035088
megabyte1,1870,171,1.924193265145285
megabyte1,1871,171,1.8926834195677997
megabyte1,1872,171,1.8496554190652412
megabyte1,1873,171,1.9169156258566338
megabyte1,1874,171,1.91240334092525
megabyte1,1875,171,1.928308319627193
megabyte1,1876,171,1.9838324652777777
megabyte1,1877,171,1.916166963633041
megabyte1,1878,171,1.8036195632309941
megabyte1,1879,171,1.9447249920047514
megabyte1,1880,171,1.879975614491959
megabyte1,1881,171,1.7925746984649122
megabyte1,1882,171,1.8250332659448099
megabyte1,1883,171,1.914530793128655
megabyte1,1884,171,1.917420504385965
megabyte1,1885,171,1.9914693553545322
megabyte1,1886,171,1.8406832510964912
megabyte1,1887,171,1.8743075543676901
megabyte1,1888,171,1.810244197733918
megabyte1,1889,171,1.8877381441885965
megabyte1,1890,171,1.8854823419225146
megabyte1,1891,171,1.9350330732022112
megabyte1,1892,171,1.8278558742233186
megabyte1,1893,171,1.945543791118421
megabyte1,1894,171,1.8692876804641814
megabyte1,1895,171,1.937519988121345
megabyte1,1896,171,1.9057131761695907
megabyte1,1897,171,1.8797378986202486
megabyte1,1898,171,1.8948167945906433
megabyte1,1899,171,1.8730519612630208
megabyte1,1900,171,1.9559032596342745
megabyte1,1901,171,1.9050501773231907
megabyte1,1902,171,1.812691314875731
megabyte1,1903,171,1.8648089135599415
megabyte1,1904,171,1.8786321271929824
megabyte1,1905,171,1.8185249908625731
megabyte1,1906,171,1.9579992461622806
megabyte1,1907,171,1.899083187705592
megabyte1,1908,171,1.8126823023745888
megabyte1,1909,171,1.8240567034448099
megabyte1,1910,171,1.9238636396084612
megabyte1,1911,171,1.8993027001096492
megabyte1,1912,171,1.921946386147661
megabyte1,1913,171,1.8769131487573099
megabyte1,1914,171,1.8887960868969298
megabyte1,1915,171,1.9131030701754386
megabyte1,1916,171,1.8804224917763157
megabyte1,1917,171,1.8450049684758771
megabyte1,1918,171,1.8586268731725146
megabyte1,1919,171,1.923873812134503
megabyte1,1920,171,1.8320255391081872
megabyte1,1921,171,1.8416483918128654
megabyte1,1922,171,1.8917129248903508
megabyte1,1923,171,1.9377455683479532
megabyte1,1924,171,1.8558171144005848
megabyte1,1925,171,1.843618649488304
megabyte1,1926,171,1.8966442799707601
megabyte1,1927,171,1.899474026864035
megabyte1,1928,171,1.8916900813230995
megabyte1,1929,171,1.8769702576754386
megabyte1,1930,171,1.8600917169225146
megabyte1,1931,171,1.925675598501462
megabyte1,1932,171,1.862885770741959
megabyte1,1933,171,1.88175598501462
megabyte1,1934,171,1.8787106519554093
megabyte1,1935,171,1.8347082305372806
megabyte1,1936,171,1.8782352202119883
megabyte1,1937,171,1.9332196865862572
megabyte1,1938,171,1.9232913011695907
megabyte1,1939,171,1.8429633246527777
megabyte1,1940,171,1.904111271016082
megabyte1,1941,171,1.9057388751827486
megabyte1,1942,171,1.842002467105263
megabyte1,1943,171,1.8806851927997077
megabyte1,1944,171,1.919486419499269
megabyte1,1945,171,1.9304313436586258
megabyte1,1946,171,1.9066597564875731
megabyte1,1947,171,1.8765162417763157
megabyte1,1948,171,1.909041198373538
megabyte1,1949,171,1.8799827531067252
megabyte1,1950,171,1.844575223866959
megabyte1,1951,171,1.9398553859420686
megabyte1,1952,171,1.927284642269737
megabyte1,1953,171,1.8673902366593567
megabyte1,1954,171,1.8518152069627194
megabyte1,1955,171,1.8113749543128654
megabyte1,1956,171,1.8970426146747077
megabyte1,1957,171,1.8487427471673976
megabyte1,1958,171,1.896952668128655
megabyte1,1959,171,1.893731725146199
megabyte1,1960,171,1.8711879797149122
megabyte1,1961,171,1.819738555372807
megabyte1,1962,171,1.9227601882309941
megabyte1,1963,171,1.8538968270285088
megabyte1,1964,171,1.8627529925073099
megabyte1,1965,171,1.8705897637975146
megabyte1,1966,171,1.8646989788925439
megabyte1,1967,171,1.896068907620614
megabyte1,1968,171,1.8395596331323099
megabyte1,1969,171,1.8493259719937865
megabyte1,1970,171,1.896044279399671
megabyte1,1971,171,1.8297170003255208
megabyte1,1972,171,1.9521146183125457
megabyte1,1973,171,1.877068056697734
megabyte1,1974,171,1.7783724243877923
megabyte1,1975,171,1.9400256419042399
megabyte1,1976,171,1.8441840277777777
megabyte1,1977,171,1.8654014185855263
megabyte1,1978,171,1.8797942936769005
megabyte1,1979,171,1.8702449687043128
megabyte1,1980,171,1.7887787400630482
megabyte1,1981,171,1.9204165810032894
megabyte1,1982,171,1.810996607730263
megabyte1,1983,171,1.8554473341557018
megabyte1,1984,171,1.8373252467105263
megabyte1,1985,171,1.7778398837262428
megabyte1,1986,171,1.8536555418494152
megabyte1,1987,171,1.867562991136696
megabyte1,1988,171,1.88435729623538
megabyte1,1989,171,1.8616793448464912
megabyte1,1990,171,1.8360517178362572
megabyte1,1991,171,1.8399251302083333
megabyte1,1992,171,1.803865845440424
megabyte1,1993,171,1.8484586302997077
megabyte1,1994,171,1.983087193896199
megabyte1,1995,171,1.892135530884503
megabyte1,1996,171,1.8460914656432748
megabyte1,1997,171,1.8056954724049707
megabyte1,1998,171,1.8112607364766082
megabyte1,1999,171,1.8549333538925439
megabyte1,2000,171,1.784879271747076
megabyte1,2001,171,1.8025366353709795
megabyte1,2002,171,1.7368028428819444
megabyte1,2003,171,1.8535299022295322
megabyte1,2004,171,1.8375900893183479
megabyte1,2005,171,1.8277894851059941
megabyte1,2006,171,1.8208064921418128
megabyte1,2007,171,1.8456717150950293
megabyte1,2008,171,1.8731996413559941
megabyte1,2009,171,1.8535598844115497
megabyte1,2010,171,1.909363863760965
megabyte1,2011,171,1.8510592276589912
megabyte1,2012,171,1.8510827850877194
megabyte1,2013,171,1.8086501450566521
megabyte1,2014,171,1.8269828216374269
megabyte1,2015,171,1.8471001519097223
megabyte1,2016,171,1.8639637015716375
megabyte1,2017,171,1.8756967288011697
megabyte1,2018,171,1.9109386421783625
megabyte1,2019,171,1.8799313550804093
megabyte1,2020,171,1.8421623720760234
megabyte1,2021,171,1.8759936951754386
megabyte1,2022,171,1.8958162006578947
megabyte1,2023,171,1.923319855628655
megabyte1,2024,171,1.8632898163377194
megabyte1,2025,171,1.8029285453216375
megabyte1,2026,171,1.8961588541666667
megabyte1,2027,171,1.9568684895833333
megabyte1,2028,171,1.934827302631579
megabyte1,2029,171,1.8365742644371346
megabyte1,2030,171,1.8670518663194444
megabyte1,2031,171,1.9342976174159356
megabyte1,2032,171,1.8389442845394737
megabyte1,2033,171,1.8465697528326024
megabyte1,2034,171,1.835970337627924
megabyte1,2035,171,1.7918451320358186
megabyte1,2036,171,1.8410758749086258
megabyte1,2037,171,1.8772029765168128
megabyte1,2038,171,1.964390804893092
megabyte1,2039,171,1.8270570632309941
megabyte1,2040,171,1.8652986225328947
megabyte1,2041,171,1.8926395170869883
megabyte1,2042,171,1.9152931971856726
megabyte1,2043,171,1.845901578490497
megabyte1,2044,171,1.805288571363304
megabyte1,2045,171,1.8331106085526316
megabyte1,2046,171,1.8848812705592106
megabyte1,2047,171,1.9028134708516082
megabyte1,2048,171,1.8658640008223684
megabyte1,2049,171,1.8973467196637428
megabyte1,2050,171,1.837074681332237
megabyte1,2051,171,1.8353250068530702
megabyte1,2052,171,1.854878386558845
megabyte1,2053,171,1.851664582191155
megabyte1,2054,171,1.8890959087171053
megabyte1,2055,171,1.8439184713084795
megabyte1,2056,171,1.8371296486659356
megabyte1,2057,171,1.8790925678453947
megabyte1,2058,171,1.8553131281980995
megabyte1,2059,171,1.7512303402549343
megabyte1,2060,171,1.8606299684758771
megabyte1,2061,171,1.826399596811038
megabyte1,2062,171,1.8501347770467835
megabyte1,2063,171,1.806403622989766
megabyte1,2064,171,1.8435908088907165
megabyte1,2065,171,1.810147826434576
megabyte1,2066,171,1.7961368672331872
megabyte1,2067,171,1.8668430618375365
megabyte1,2068,171,1.8586500736705043
megabyte1,2069,171,1.817980314555921
megabyte1,2070,171,1.8717633520650585
megabyte1,2071,171,1.8818612795824197
megabyte1,2072,171,1.8992202491091008
megabyte1,2073,171,1.8429954484192252
megabyte1,2074,171,1.819609346445541
megabyte1,2075,171,1.8198106553819444
megabyte1,2076,171,1.8318049559119152
megabyte1,2077,171,1.88850768686038
megabyte1,2078,171,1.8588799370659723
megabyte1,2079,171,1.8254690783762793
megabyte1,2080,171,1.9600733706825657
megabyte1,2081,171,1.840563322368421
megabyte1,2082,171,1.881170618603801
megabyte1,2083,171,1.7973254465917399
megabyte1,2084,171,1.8312245865314327
megabyte1,2085,171,1.8608098615679824
megabyte1,2086,171,1.8197746053773758
megabyte1,2087,171,1.8925667032163742
megabyte1,2088,171,1.8339076348912646
megabyte1,2089,171,1.845504671509503
megabyte1,2090,171,1.8228906107227705
megabyte1,2091,171,1.7749337536549707
megabyte1,2092,171,1.8891958493238303
megabyte1,2093,171,1.7928495351334064
megabyte1,2094,171,1.8200644331368787
megabyte1,2095,171,1.8187473587125365
megabyte1,2096,171,1.76279105917055
megabyte1,2097,171,1.8363993683753654
megabyte1,2098,171,1.8406107941566154
megabyte1,2099,171,1.8837462308114035
megabyte1,2100,171,1.7820309644554093
megabyte1,2101,171,1.8811306423611112
megabyte1,2102,171,1.9443627073053729
megabyte1,2103,171,1.850838287531981
megabyte1,2104,171,1.9046427408854167
megabyte1,2105,171,1.8017080206620066
megabyte1,2106,171,1.8402106747989766
megabyte1,2107,171,1.8500009280199197
megabyte1,2108,171,1.8164219549524854
megabyte1,2109,171,1.9214427568759138
megabyte1,2110,171,1.8295602184987207
megabyte1,2111,171,1.8829695495248537
megabyte1,2112,171,1.7835514894005848
megabyte1,2113,171,1.9692811129385965
megabyte1,2114,171,1.8938744974415205
megabyte1,2115,171,1.9139597039473684
megabyte1,2116,171,1.8869036401224415
megabyte1,2117,171,1.8001516241776316
megabyte1,2118,171,1.8260551586485745
megabyte1,2119,171,1.9186312134502923
megabyte1,2120,171,1.853688379477339
megabyte1,2121,171,1.8878238075657894
megabyte1,2122,171,1.833182708561769
megabyte1,2123,171,1.8572569729989035
megabyte1,2124,171,1.836788422880117
megabyte1,2125,171,1.9066704644097223
megabyte1,2126,171,1.7596678259777048
megabyte1,2127,171,1.8967149522569444
megabyte1,2128,171,1.8417515447962354
megabyte1,2129,171,1.8620369894462718
megabyte1,2130,171,1.8860434370431287
megabyte1,2131,171,1.824216251484832
megabyte1,2132,171,1.747866268046418
megabyte1,2133,171,1.8421980651498537
megabyte1,2134,171,1.8821978652686404
megabyte1,2135,171,1.878507201434576
megabyte1,2136,171,1.90185546875
megabyte1,2137,171,1.877571685969481
megabyte1,2138,171,1.8584983781067252
megabyte1,2139,171,1.8051750673885234
megabyte1,2140,171,1.853279693781981
megabyte1,2141,171,1.8722394976699561
megabyte1,2142,171,1.8565067045869883
megabyte1,2143,171,1.8615251507675439
megabyte1,2144,171,1.8449442902503654
megabyte1,2145,171,1.7912158631441886
megabyte1,2146,171,1.8486535144828216
megabyte1,2147,171,1.8231065538194444
megabyte1,2148,171,1.8654356839364035
megabyte1,2149,171,1.7861667209201388
megabyte1,2150,171,1.8026679858826755
megabyte1,2151,171,1.8681726288377194
megabyte1,2152,171,1.848936917489035
megabyte1,2153,171,1.8165757921006944
megabyte1,2154,171,1.8535691646107457
megabyte1,2155,171,1.8497146695677997
megabyte1,2156,171,1.8079598410087718
megabyte1,2157,171,1.850170470120614
megabyte1,2158,171,1.873509457236842
megabyte1,2159,171,1.8073723330135234
megabyte1,2160,171,1.8788891173245614
megabyte1,2161,171,1.9032189441703216
megabyte1,2162,171,1.789359466374269
megabyte1,2163,171,1.8632641173245614
megabyte1,2164,171,1.83113463998538
megabyte1,2165,171,1.776425724141082
megabyte1,2166,171,1.8270634879842835
megabyte1,2167,171,1.8645033808479532
megabyte1,2168,171,1.7838598775584795
megabyte1,2169,171,1.8646325897752194
megabyte1,2170,171,1.897470217699196
megabyte1,2171,171,1.8133923268457601
megabyte1,2172,171,1.9238488269828216
megabyte1,2173,171,1.8536783854166667
megabyte1,2174,171,1.9467116684941521
megabyte1,2175,171,1.9352841739766082
megabyte1,2176,171,1.9013422023483186
megabyte1,2177,171,1.8352329187225878
megabyte1,2178,171,1.8025123640807748
megabyte1,2179,171,1.7855531569809941
megabyte1,2180,171,1.8873954906798245
megabyte1,2181,171,1.8106071962947734
megabyte1,2182,171,1.9096536915204678
megabyte1,2183,171,1.876670435855263
megabyte1,2184,171,1.856505276864035
megabyte1,2185,171,1.8918671189692982
megabyte1,2186,171,1.8150284973501463
megabyte1,2187,171,1.8264374314692982
megabyte1,2188,171,1.8696517498172514
megabyte1,2189,171,1.9161384091739766
megabyte1,2190,171,1.84975036264163
megabyte1,2191,171,1.7962068256578947
megabyte1,2192,171,1.8331705729166667
megabyte1,2193,171,1.8858503375137061
megabyte1,2194,171,1.9283782780519005
megabyte1,2195,171,1.8884048908077486
megabyte1,2196,171,1.9079604120979532
megabyte1,2197,171,1.8420096057200293
megabyte1,2198,171,1.8742632949561404
megabyte1,2199,171,1.8525020755522432
megabyte1,2200,171,1.8379177517361112
megabyte1,2201,171,1.8765919110928362
megabyte1,2202,171,1.8854127404285452
megabyte1,2203,171,1.8595948693347952
megabyte1,2204,171,1.924463104783443
megabyte1,2205,171,1.8013216431377923
megabyte1,2206,171,1.9087663617050439
megabyte1,2207,171,1.9325522261056287
megabyte1,2208,171,1.9195792214912282
megabyte1,2209,171,1.8487555966739766
megabyte1,2210,171,1.9197876690423976
megabyte1,2211,171,1.928650973135965
megabyte1,2212,171,1.9367775721856726
megabyte1,2213,171,1.8966714067068713
megabyte1,2214,171,1.8742690058479532
megabyte1,2215,171,1.9083858735380117
megabyte1,2216,171,1.8969326800073099
megabyte1,2217,171,1.8582242552997077
megabyte1,2218,171,1.993493866502193
megabyte1,2219,171,1.8807851334064327
megabyte1,2220,171,1.9377941109283625
megabyte1,2221,171,1.9233548348410088
megabyte1,2222,171,1.7779605263157894
megabyte1,2223,171,1.7904659516630117
megabyte1,2224,171,1.8585911800986843
megabyte1,2225,171,1.9076720120614035
megabyte1,2226,171,1.9054861682200293
megabyte1,2227,171,1.9264722679093567
megabyte1,2228,171,1.8267629523026316
megabyte1,2229,171,1.9140767772295322
megabyte1,2230,171,1.8330420778508771
megabyte1,2231,171,1.8187305829678362
megabyte1,2232,171,1.8562954015899122
megabyte1,2233,171,1.8695175438596492
megabyte1,2234,171,1.8942385667945907
megabyte1,2235,171,1.8091562728435673
megabyte1,2236,171,1.8785179093567252
megabyte1,2237,171,1.800385770741959
megabyte1,2238,171,1.8907713416027048
megabyte1,2239,171,1.8980777138157894
megabyte1,2240,171,1.9250602499086258
megabyte1,2241,171,1.9073207922149122
megabyte1,2242,171,1.8939266093293128
megabyte1,2243,171,1.790553042763158
megabyte1,2244,171,1.7794705218041849
megabyte1,2245,171,1.815555327119883
megabyte1,2246,171,1.9422321877284356
megabyte1,2247,171,1.8645833333333333
megabyte1,2248,171,1.9030476174159356
megabyte1,2249,171,1.857046383863304
megabyte1,2250,171,1.9002342893366229
megabyte1,2251,171,1.8982326217562135
megabyte1,2252,171,1.9255806549250731
megabyte1,2253,171,1.9144465574744152
megabyte1,2254,171,1.9089041369700293
megabyte1,2255,171,1.8755696614583333
megabyte1,2256,171,1.8811534859283625
megabyte1,2257,171,1.8509999771564327
megabyte1,2258,171,1.859176546509503
megabyte1,2259,171,1.9299801832054093
megabyte1,2260,171,1.8393240588450293
megabyte1,2261,171,1.8592133103755482
megabyte1,2262,171,1.786866305167215
megabyte1,2263,171,1.838201478210806
megabyte1,2264,171,1.969735842699196
megabyte1,2265,171,1.8817131533260234
megabyte1,2266,171,1.909671538057383
megabyte1,2267,171,1.850438168174342
megabyte1,2268,171,1.8765790615862572
megabyte1,2269,171,1.8534656546966375
megabyte1,2270,171,1.8469655890213816
megabyte1,2271,171,1.8409052620157165
megabyte1,2272,171,1.8722587719298245
megabyte1,2273,171,1.825465152138158
megabyte1,2274,171,1.8602430555555556
megabyte1,2275,171,1.824535704495614
megabyte1,2276,171,1.856142635233918
megabyte1,2277,171,1.8557428728070176
megabyte1,2278,171,1.8319284539473684
megabyte1,2279,171,1.9202074195906433
megabyte1,2280,171,1.8559099163925439
megabyte1,2281,171,1.8617764300073099
megabyte1,2282,171,1.858167146381579
megabyte1,2283,171,1.9401569924159356
megabyte1,2284,171,1.8860762746710527
megabyte1,2285,171,1.8710905376233553
megabyte1,2286,171,1.8276709841008771
megabyte1,2287,171,1.9146678545321638
megabyte1,2288,171,1.8302009091739766
megabyte1,2289,171,1.910493192616959
megabyte1,2290,171,1.8505752295778508
megabyte1,2291,171,1.9480622944078947
megabyte1,2292,171,1.8706026133040936
megabyte1,2293,171,1.8929507606907894
megabyte1,2294,171,1.9714012815241229
megabyte1,2295,171,1.8732924433479532
megabyte1,2296,171,1.947107147752193
megabyte1,2297,171,1.885510896381579
megabyte1,2298,171,1.849332396747076
megabyte1,2299,171,1.8485442936769005
megabyte1,2300,171,1.8458116319444444
megabyte1,2301,171,1.9830529285453216
megabyte1,2302,171,1.845960115131579
megabyte1,2303,171,1.9130909345303362
megabyte1,2304,171,1.944672880116959
megabyte1,2305,171,1.8507258543494152
megabyte1,2306,171,1.908263089364035
megabyte1,2307,171,1.928559598866959
megabyte1,2308,171,1.8699487161915205
megabyte1,2309,171,1.8646518640350878
megabyte1,2310,171,1.8698744745979532
megabyte1,2311,171,1.8273511741593567
megabyte1,2312,171,1.8350273266173245
megabyte1,2313,171,1.8825726425438596
megabyte1,2314,171,1.8153725785818713
megabyte1,2315,171,1.9150904605263157
megabyte1,2316,171,1.8791603846856726
megabyte1,2317,171,1.8795701411732457
megabyte1,2318,171,1.877625582510965
megabyte1,2319,171,1.9678705226608186
megabyte1,2320,171,1.8133494951571638
megabyte1,2321,171,1.9091254340277777
megabyte1,2322,171,1.871301483689693
megabyte1,2323,171,1.8325338084795322
megabyte1,2324,171,1.8325081094663742
megabyte1,2325,171,1.8771729943347952
megabyte1,2326,171,1.8408610026041667
megabyte1,2327,171,1.794249417489035
megabyte1,2328,171,1.7986118249725878
megabyte1,2329,171,1.879024751005117
megabyte1,2330,171,1.8495287086531433
megabyte1,2331,171,1.9170186003746346
megabyte1,2332,171,1.8423312003152412
megabyte1,2333,171,1.8842095269097223
megabyte1,2334,171,1.865272923519737
megabyte1,2335,171,1.8689750091374269
megabyte1,2336,171,1.8589259811312135
megabyte1,2337,171,1.8750214158442982
megabyte1,2338,171,1.8720346194261697
megabyte1,2339,171,1.7985197368421053
megabyte1,2340,171,1.8706040410270468
megabyte1,2341,171,1.9023266173245614
megabyte1,2342,171,1.9192137244152048
megabyte1,2343,171,1.8618520993238303
megabyte1,2344,171,1.8662544830500731
megabyte1,2345,171,1.8392983598318713
megabyte1,2346,171,1.8231936449195907
megabyte1,2347,171,1.809029205500731
megabyte1,2348,171,1.8458141304596125
megabyte1,2349,171,1.891858552631579
megabyte1,2350,171,1.8848070289656433
megabyte1,2351,171,1.8076507389894005
megabyte1,2352,171,1.9102426272386697
megabyte1,2353,171,1.8995318496436404
megabyte1,2354,171,1.9038453576160452
megabyte1,2355,171,1.9257584064327486
megabyte1,2356,171,1.9126090780336258
megabyte1,2357,171,1.8287760416666667
megabyte1,2358,171,1.8296019793951024
megabyte1,2359,171,1.818712736430921
megabyte1,2360,171,1.7999558476676718
megabyte1,2361,171,1.8042727464820907
megabyte1,2362,171,1.8542969463861476
megabyte1,2363,171,1.8894813939144737
megabyte1,2364,171,1.8808365314327486
megabyte1,2365,171,1.8870656866776316
megabyte1,2366,171,1.8145887586805556
megabyte1,2367,171,1.877197265625
megabyte1,2368,171,1.8470453630413926
megabyte1,2369,171,1.8751955980445907
megabyte1,2370,171,1.858217830546418
megabyte1,2371,171,1.918852510508041
megabyte1,2372,171,1.8860405815972223
megabyte1,2373,171,1.9330712033991229
megabyte1,2374,171,1.7640316611842106
megabyte1,2375,171,1.8087979143823099
megabyte1,2376,171,1.9034977070769372
megabyte1,2377,171,1.9509034630847952
megabyte1,2378,171,1.8521939104760599
megabyte1,2379,171,1.8259298759594298
megabyte1,2380,171,1.8854291592425072
megabyte1,2381,171,1.8472364994517543
megabyte1,2382,171,1.8747390836302997
megabyte1,2383,171,1.9311880368238303
megabyte1,2384,171,1.8865065546760782
megabyte1,2385,171,1.7840702882287098
megabyte1,2386,171,1.8535209789610745
megabyte1,2387,171,1.8709545470120614
megabyte1,2388,171,1.8128997624269005
megabyte1,2389,171,1.934187682748538
megabyte1,2390,171,1.8689416361133955
megabyte1,2391,171,1.8541181240862572
megabyte1,2392,171,1.8355106108369883
megabyte1,2393,171,1.8162320677997077
megabyte1,2394,171,1.819787633349324
megabyte1,2395,171,1.8699724520856178
megabyte1,2396,171,1.8175619917306287
megabyte1,2397,171,1.8794320089775218
megabyte1,2398,171,1.9008651644165753
megabyte1,2399,171,1.877058776498538
megabyte1,2400,171,1.876888520536367
megabyte1,2401,171,1.9137740999634503
megabyte1,2402,171,1.8798874525995979
megabyte1,2403,171,1.883484957510965
megabyte1,2404,171,1.8785079152960527
megabyte1,2405,171,1.8393083538925439
megabyte1,2406,171,1.8695632309941521
megabyte1,2407,171,1.9366519325657894
megabyte1,2408,171,1.8848739534790753
megabyte1,2409,171,1.8256314818622077
megabyte1,2410,171,1.84788147329587
megabyte1,2411,171,1.873950623629386
megabyte1,2412,171,1.8163113064236112
megabyte1,2413,171,1.8561954609831872
megabyte1,2414,171,1.8230191057885599
megabyte1,2415,171,1.81998840688962
megabyte1,2416,171,1.9061464900858918
megabyte1,2417,171,1.8273251182154606
megabyte1,2418,171,1.9031325669316521
megabyte1,2419,171,1.8535584566885965
megabyte1,2420,171,1.8982436866091008
megabyte1,2421,171,1.900468078970212
megabyte1,2422,171,1.8652165284630848
megabyte1,2423,171,1.8027615017361112
megabyte1,2424,171,1.8557289525082237
megabyte1,2425,171,1.887450101082785
megabyte1,2426,171,1.825085467065287
megabyte1,2427,171,1.8286404079861112
megabyte1,2428,171,1.8202814470257676
megabyte1,2429,171,1.8827511079130117
megabyte1,2430,171,1.9596798545435856
megabyte1,2431,171,1.848368683753655
megabyte1,2432,171,1.9578551353766904
megabyte1,2433,171,1.8635268183479532
megabyte1,2434,171,1.9222265767772295
megabyte1,2435,171,1.9141867118969298
megabyte1,2436,171,1.7954919826217561
megabyte1,2437,171,1.8238973338701572
megabyte1,2438,171,1.8761021128871984
megabyte1,2439,171,1.9465646130299707
megabyte1,2440,171,1.8595513237847223
megabyte1,2441,171,1.9530671772203947
megabyte1,2442,171,1.8981530262015716
megabyte1,2443,171,1.7828501204998173
megabyte1,2444,171,1.9132042600397479
megabyte1,2445,171,1.8465254934210527
megabyte1,2446,171,1.885188052528783
megabyte1,2447,171,1.8797414679276316
megabyte1,2448,171,1.7528152911983736
megabyte1,2449,171,1.7400601927997077
megabyte1,2450,171,1.8953041835137976
megabyte1,2451,171,1.875045687134503
megabyte1,2452,171,1.8341551663582785
megabyte1,2453,171,1.7943747894108644
megabyte1,2454,171,1.836026554219207
megabyte1,2455,171,1.9038928294042399
megabyte1,2456,171,1.8463600560238487
megabyte1,2457,171,1.7696340460526316
megabyte1,2458,171,1.8307925218727157
megabyte1,2459,171,1.7610070301078216
megabyte1,2460,171,1.743334318462171
megabyte1,2461,171,1.8391145405016447
megabyte1,2462,171,1.8747174893206322
megabyte1,2463,171,1.9154773734466375
megabyte1,2464,171,1.8300643831665753
megabyte1,2465,171,1.8266715780336258
megabyte1,2466,171,1.856778685809576
megabyte1,2467,171,1.9038278680098684
megabyte1,2468,171,1.842308535213359
megabyte1,2469,171,1.8865431400767543
megabyte1,2470,171,1.9038069875616777
megabyte1,2471,171,1.8732671012655335
megabyte1,2472,171,1.876487330386513
megabyte1,2473,171,1.9361568696317617
megabyte1,2474,171,1.8876575670744244
megabyte1,2475,171,1.8056412189327486
megabyte1,2476,171,1.8246160139117324
megabyte1,2477,171,1.7875023557428729
megabyte1,2478,171,1.847615381430464
megabyte1,2479,171,1.862313343070404
megabyte1,2480,171,1.9105126453421966
megabyte1,2481,171,1.8988856265419407
megabyte1,2482,171,1.8486990231519553
megabyte1,2483,171,1.845430786846674
megabyte1,2484,171,1.8213622333013524
megabyte1,2485,171,1.8462413765533625
megabyte1,2486,171,1.7469420851322643
megabyte1,2487,171,1.9240290770056652
megabyte1,2488,171,1.74663253694947
megabyte1,2489,171,1.887839690983644
megabyte1,2490,171,1.9067432782803362
megabyte1,2491,171,1.9515479015328034
megabyte1,2492,171,1.8274473669933298
megabyte1,2493,171,1.8511605959886697
megabyte1,2494,171,1.8246201186152229
megabyte1,2495,171,1.791256196317617
megabyte1,2496,171,1.8437050267269737
megabyte1,2497,171,1.8188347175107364
megabyte1,2498,171,1.8725616276612755
megabyte1,2499,171,1.8518460814715827
megabyte1,2500,171,1.7738545735677083
megabyte1,2501,171,1.8597726208424707
megabyte1,2502,171,1.850102474814967
megabyte1,2503,171,1.9041310806720577
megabyte1,2504,171,1.8761275442023027
megabyte1,2505,171,1.8799875716716923
megabyte1,2506,171,1.8720506813093933
megabyte1,2507,171,1.854789153874269
megabyte1,2508,171,1.7926760667945907
megabyte1,2509,171,1.866107606051261
megabyte1,2510,171,1.8859258283648574
megabyte1,2511,171,1.8865959658260234
megabyte1,2512,171,1.8034614429139255
megabyte1,2513,171,1.902895564921418
megabyte1,2514,171,1.8478340015076755
megabyte1,2515,171,1.8984835440652412
megabyte1,2516,171,1.8712898834406981
megabyte1,2517,171,1.8038894028691521
megabyte1,2518,171,1.8670390168128654
megabyte1,2519,171,1.8848884091739766
megabyte1,2520,171,1.832282529239766
megabyte1,2521,171,1.8911703901681287
megabyte1,2522,171,1.9851959406980995
megabyte1,2523,171,1.8810978047331872
megabyte1,2524,171,1.85546875
megabyte1,2525,171,1.9064784356725146
megabyte1,2526,171,1.9590600443165205
megabyte1,2527,171,1.8752541346856726
megabyte1,2528,171,1.8805110105994152
megabyte1,2529,171,1.8110337285270468
megabyte1,2530,171,1.9061814692982457
megabyte1,2531,171,1.8749857227704678
megabyte1,2532,171,1.858418425621345
megabyte1,2533,171,1.8994454724049707
megabyte1,2534,171,1.885266755756579
megabyte1,2535,171,1.7820609466374269
megabyte1,2536,171,1.9208770216557018
megabyte1,2537,171,1.8542837399488303
megabyte1,2538,171,1.8873990599872077
megabyte1,2539,171,1.8581821374725878
megabyte1,2540,171,1.8875418322825293
megabyte1,2541,171,1.835512752421418
megabyte1,2542,171,1.9100420321637428
megabyte1,2543,171,1.9243385359557748
megabyte1,2544,171,1.8542244894462718
megabyte1,2545,171,1.9149912337810673
megabyte1,2546,171,1.8525818941885965
megabyte1,2547,171,1.8276524237024854
megabyte1,2548,171,1.8550090232090644
megabyte1,2549,171,1.9056353652686404
megabyte1,2550,171,1.8182180304276316
megabyte1,2551,171,1.9134314464546784
megabyte1,2552,171,1.866795590049342
megabyte1,2553,171,1.9683773643092106
megabyte1,2554,171,1.866064238966557
megabyte1,2555,171,1.8558006955866229
megabyte1,2556,171,1.8551675004568713
megabyte1,2557,171,1.9159042626096492
megabyte1,2558,171,1.8908420138888888
megabyte1,2559,171,1.864184998629386
megabyte1,2560,171,1.8805538422880117
megabyte1,2561,171,1.9057660019188596
megabyte1,2562,171,1.8677971377010234
megabyte1,2563,171,1.9144590500502559
megabyte1,2564,171,1.8692958898711622
megabyte1,2565,171,1.850820797925804
megabyte1,2566,171,1.8961267304002194
megabyte1,2567,171,1.8248415941383407
megabyte1,2568,171,1.892095911572551
megabyte1,2569,171,1.8387593944170322
megabyte1,2570,171,1.8228163691292032
megabyte1,2571,171,1.8553448950338085
megabyte1,2572,171,1.851988675301535
megabyte1,2573,171,1.8927426700703582
megabyte1,2574,171,1.8696603161549707
megabyte1,2575,171,1.8718279565286915
megabyte1,2576,171,1.8668327108461258
megabyte1,2577,171,1.9178002786915205
megabyte1,2578,171,1.8942232187728436
megabyte1,2579,171,1.8459561888934577
megabyte1,2580,171,1.8711351539656433
megabyte1,2581,171,1.8939530222039473
megabyte1,2582,171,1.9412320677997077
megabyte1,2583,171,1.8724158214546784
megabyte1,2584,171,1.972366422240497
megabyte1,2585,171,1.9113198442068713
megabyte1,2586,171,2.0144942434210527
megabyte1,2587,171,1.8684895833333333
megabyte1,2588,171,1.8679299159356726
megabyte1,2589,171,1.883406432748538
megabyte1,2590,171,1.8508671989217835
megabyte1,2591,171,1.8014151589912282
megabyte1,2592,171,1.8979263751827486
megabyte1,2593,171,1.865504214638158
megabyte1,2594,171,1.9255385370979532
megabyte1,2595,171,1.9403268914473684
megabyte1,2596,171,1.9434935809576024
megabyte1,2597,171,1.9688999109100878
megabyte1,2598,171,1.932340209247076
megabyte1,2599,171,1.8754911366959064
megabyte1,2600,171,1.9185569718567252
megabyte1,2601,171,1.8856536686769005
megabyte1,2602,171,1.9180829678362572
megabyte1,2603,171,1.7937954015899122
megabyte1,2604,171,1.8068697745339912
megabyte1,2605,171,1.8929603978207237
megabyte1,2606,171,1.8844765111019737
megabyte1,2607,171,1.851205569261696
megabyte1,2608,171,1.8764662714729532
megabyte1,2609,171,1.9255849380939327
megabyte1,2610,171,1.8886361819261697
megabyte1,2611,171,1.9481215449104532
megabyte1,2612,171,1.903267486750731
megabyte1,2613,171,1.8080872652823465
megabyte1,2614,171,1.8750918204324287
megabyte1,2615,171,1.8525561951754386
megabyte1,2616,171,1.9198747601425439
megabyte1,2617,171,1.9306726288377194
megabyte1,2618,171,1.9258619163468567
megabyte1,2619,171,1.8435815286915205
megabyte1,2620,171,1.8721359877558479
megabyte1,2621,171,1.8987287554824561
megabyte1,2622,171,1.8817914996230811
megabyte1,2623,171,1.9106050904034173
megabyte1,2624,171,1.879208927266082
megabyte1,2625,171,1.8964029947916667
megabyte1,2626,171,1.859315035635965
megabyte1,2627,171,1.8414149591100146
megabyte1,2628,171,1.8302605166072734
megabyte1,2629,171,1.8950752124451755
megabyte1,2630,171,1.891158968384503
megabyte1,2631,171,1.9351028531615497
megabyte1,2632,171,1.796899628220943
megabyte1,2633,171,1.8396470811631944
megabyte1,2634,171,1.8401885450932018
megabyte1,2635,171,1.895296509502924
megabyte1,2636,171,1.9553593864217835
megabyte1,2637,171,1.9511061997441521
megabyte1,2638,171,1.807056092379386
megabyte1,2639,171,1.8225340369152048
megabyte1,2640,171,1.9161855240314327
megabyte1,2641,171,1.8765647843567252
megabyte1,2642,171,1.9160816571865862
megabyte1,2643,171,1.835115845440424
megabyte1,2644,171,1.851489686129386
megabyte1,2645,171,1.7813656455592106
megabyte1,2646,171,1.9188168174342106
megabyte1,2647,171,1.8121791192662646
megabyte1,2648,171,1.8593778554459064
megabyte1,2649,171,1.8956277412280702
megabyte1,2650,171,1.8890359443530702
megabyte1,2651,171,1.9400206448739035
megabyte1,2652,171,1.8995218555829678
megabyte1,2653,171,1.8438499406067252
megabyte1,2654,171,1.891884251644737
megabyte1,2655,171,1.8671218247441521
megabyte1,2656,171,1.8595399020010965
megabyte1,2657,171,1.837016144691155
megabyte1,2658,171,1.997618558114035
megabyte1,2659,171,1.8444288822642543
megabyte1,2660,171,1.8413021689967106
megabyte1,2661,171,1.950377347176535
megabyte1,2662,171,1.9012229874817252
megabyte1,2663,171,1.955355103252924
megabyte1,2664,171,1.9021966945358186
megabyte1,2665,171,1.906557674296418
megabyte1,2666,171,1.8607484694809941
megabyte1,2667,171,1.8662480582967835
megabyte1,2668,171,1.9824318690606726
megabyte1,2669,171,1.8946555511296144
megabyte1,2670,171,1.8735572859557748
megabyte1,2671,171,1.7866285892955043
megabyte1,2672,171,1.8284730074698465
megabyte1,2673,171,1.7989380596673976
megabyte1,2674,171,1.8769599066840277
megabyte1,2675,171,1.8334090026498537
megabyte1,2676,171,1.807497615702668
megabyte1,2677,171,1.8964510465923108
megabyte1,2678,171,1.865951448853253
megabyte1,2679,171,1.7817240040204678
megabyte1,2680,171,1.8765419407894737
megabyte1,2681,171,1.8268323753312317
megabyte1,2682,171,1.8284426683570907
megabyte1,2683,171,1.8671560900950293
megabyte1,2684,171,1.8705212330957601
megabyte1,2685,171,1.8043362801535088
megabyte1,2686,171,1.8242558707967835
megabyte1,2687,171,1.8397195381030702
megabyte1,2688,171,1.882462707876462
megabyte1,2689,171,1.9032831917032165
megabyte1,2690,171,1.8785978618421053
megabyte1,2691,171,1.8771415844298245
megabyte1,2692,171,1.8503203810307018
megabyte1,2693,171,1.8934404696637428
megabyte1,2694,171,1.9549624794407894
megabyte1,2695,171,1.8285147683662282
megabyte1,2696,171,1.8696531775402048
megabyte1,2697,171,1.8801312362938596
megabyte1,2698,171,1.8539737456026133
megabyte1,2699,171,1.8764209412691886
megabyte1,2700,171,1.8888689007675439
megabyte1,2701,171,1.9207042671783625
megabyte1,2702,171,1.9316006487573099
megabyte1,2703,171,1.9012244152046784
megabyte1,2704,171,1.8712507995248537
megabyte1,2705,171,1.894616913377193
megabyte1,2706,171,1.9333681697733918
megabyte1,2707,171,1.8728502061631944
megabyte1,2708,171,1.8364557634320176
megabyte1,2709,171,1.9187068827668128
megabyte1,2710,171,1.800464295504386
megabyte1,2711,171,1.9010780736019737
megabyte1,2712,171,1.8179874531706872
megabyte1,2713,171,1.9042353044476426
megabyte1,2714,171,1.7971009371573465
megabyte1,2715,171,1.8600660179093567
megabyte1,2716,171,1.895613463998538
megabyte1,2717,171,1.9488564653006213
megabyte1,2718,171,1.8934790181834795
megabyte1,2719,171,1.8646718521564327
megabyte1,2720,171,1.8588663736979167
megabyte1,2721,171,1.8963273254751463
megabyte1,2722,171,1.8781980994152048
megabyte1,2723,171,1.8097159402412282
megabyte1,2724,171,1.812461451480263
megabyte1,2725,171,1.981663754111842
megabyte1,2726,171,1.9356925027412282
megabyte1,2727,171,1.9192051580774854
megabyte1,2728,171,1.9372073167945907
megabyte1,2729,171,1.9087385211074561
megabyte1,2730,171,1.8807765670687135
megabyte1,2731,171,1.8803739491959064
megabyte1,2732,171,1.9022923519736843
megabyte1,2733,171,1.8645776224415205
megabyte1,2734,171,1.9404382538377194
megabyte1,2735,171,1.8987151921144005
megabyte1,2736,171,1.8643791689510234
megabyte1,2737,171,1.8418190047057748
megabyte1,2738,171,1.8268054270604899
megabyte1,2739,171,1.9115711234466375
megabyte1,2740,171,1.9245791072733918
megabyte1,2741,171,1.8509057474415205
megabyte1,2742,171,1.9214552494517543
megabyte1,2743,171,1.8680612664473684
megabyte1,2744,171,1.8423536869517543
megabyte1,2745,171,1.9342419362207601
megabyte1,2746,171,1.8697588290387428
megabyte1,2747,171,1.7812292980171784
megabyte1,2748,171,1.865028782894737
megabyte1,2749,171,1.852450588293243
megabyte1,2750,171,1.8822312382926718
megabyte1,2751,171,1.897375274122807
megabyte1,2752,171,1.8188076800073099
megabyte1,2753,171,1.881234866136696
megabyte1,2754,171,1.8410301877741229
megabyte1,2755,171,1.8787927460252194
megabyte1,2756,171,1.8627015944809941
megabyte1,2757,171,1.8833564624451755
megabyte1,2758,171,1.8127236171075476
megabyte1,2759,171,1.8172340616148117
megabyte1,2760,171,1.9055232890168128
megabyte1,2761,171,1.9279460349278144
megabyte1,2762,171,1.7896021792763157
megabyte1,2763,171,1.8347510622258771
megabyte1,2764,171,1.7876390602156433
megabyte1,2765,171,1.8454022323876096
megabyte1,2766,171,1.9321132012975146
megabyte1,2767,171,1.882453427677266
megabyte1,2768,171,1.8223084566885965
megabyte1,2769,171,1.7843724300986843
megabyte1,2770,171,1.8706140350877194
megabyte1,2771,171,1.897309598866959
megabyte1,2772,171,1.8875796669407894
megabyte1,2773,171,1.9553037052266082
megabyte1,2774,171,1.9067179361979167
megabyte1,2775,171,1.9091486345257676
megabyte1,2776,171,1.8724486590826024
megabyte1,2777,171,1.9129788582785088
megabyte1,2778,171,1.8779325429459064
megabyte1,2779,171,1.9083798057154606
megabyte1,2780,171,1.8325987698739035
megabyte1,2781,171,1.9150119357638888
megabyte1,2782,171,1.9544242278874269
megabyte1,2783,171,1.9116707071226242
megabyte1,2784,171,1.8676672149122806
megabyte1,2785,171,1.8867130391081872
megabyte1,2786,171,1.9204751176443713
megabyte1,2787,171,1.9403954221491229
megabyte1,2788,171,1.8325823510599415
megabyte1,2789,171,1.9082573784722223
megabyte1,2790,171,1.8554773163377194
megabyte1,2791,171,1.9605577256944444
megabyte1,2792,171,1.8689450269554093
megabyte1,2793,171,1.9248132538377194
megabyte1,2794,171,1.9338564510233918
megabyte1,2795,171,1.8750028554459064
megabyte1,2796,171,1.912235014619883
megabyte1,2797,171,1.8438499406067252
megabyte1,2798,171,1.8350151909722223
megabyte1,2799,171,1.9030204906798245
megabyte1,2800,171,1.9026978252923976
megabyte1,2801,171,1.9177031935307018
megabyte1,2802,171,1.91951354623538
megabyte1,2803,171,1.8285104851973684
megabyte1,2804,171,1.8608334189967106
megabyte1,2805,171,1.909536618238304
megabyte1,2806,171,1.889088770102339
megabyte1,2807,171,1.89884582876462
megabyte1,2808,171,1.8303322596856726
megabyte1,2809,171,1.8193516424524854
megabyte1,2810,171,1.8813819216008771
megabyte1,2811,171,1.8554003977636149
megabyte1,2812,171,1.8844036972313596
megabyte1,2813,171,1.8465101453993056
megabyte1,2814,171,1.9227537634777048
megabyte1,2815,171,1.906443456460161
megabyte1,2816,171,1.866270901864035
megabyte1,2817,171,1.908338044819079
megabyte1,2818,171,1.9137997989766082
megabyte1,2819,171,1.902183131167763
megabyte1,2820,171,1.958290501644737
megabyte1,2821,171,1.876821774488304
megabyte1,2822,171,1.8698173656798245
megabyte1,2823,171,1.9332168311403508
megabyte1,2824,171,1.9213124771564327
megabyte1,2825,171,1.9385572288468567
megabyte1,2826,171,1.8036777429413378
megabyte1,2827,171,1.8043967799136513
megabyte1,2828,171,1.9108843887061404
megabyte1,2829,171,1.8646675689875731
megabyte1,2830,171,1.9530136376096492
megabyte1,2831,171,1.832413879751462
megabyte1,2832,171,1.8657112344663742
megabyte1,2833,171,1.9066383406432748
megabyte1,2834,171,1.8729041027046784
megabyte1,2835,171,1.929334138569079
megabyte1,2836,171,1.8855965597587718
megabyte1,2837,171,1.794547454655519
megabyte1,2838,171,1.7960267541004202
megabyte1,2839,171,1.8314273231907894
megabyte1,2840,171,1.9201189007675439
megabyte1,2841,171,1.8469388192160088
megabyte1,2842,171,1.8667984454952486
megabyte1,2843,171,1.872891967059576
megabyte1,2844,171,1.8439056218019005
megabyte1,2845,171,1.8523898654513888
megabyte1,2846,171,1.8552713673017178
megabyte1,2847,171,1.851249114811769
megabyte1,2848,171,1.820020173725329
megabyte1,2849,171,1.8937559964364035
megabyte1,2850,171,1.936193633497807
megabyte1,2851,171,1.919272974917763
megabyte1,2852,171,1.9285620973821271
megabyte1,2853,171,1.8813819216008771
megabyte1,2854,171,1.9012336954038742
megabyte1,2855,171,1.9200114646153144
megabyte1,2856,171,1.885957059804459
megabyte1,2857,171,1.8612407215854578
megabyte1,2858,171,1.9480253520764803
megabyte1,2859,171,1.8241641395970394
megabyte1,2860,171,1.8771230240314327
megabyte1,2861,171,1.8935175667032165
megabyte1,2862,171,1.9247775607638888
megabyte1,2863,171,1.9030204906798245
megabyte1,2864,171,1.933840389140168
megabyte1,2865,171,1.894214295504386
megabyte1,2866,171,1.8512839155587537
megabyte1,2867,171,1.9373386673062865
megabyte1,2868,171,1.879104703490497
megabyte1,2869,171,1.9198947482638888
megabyte1,2870,171,1.801411589683845
megabyte1,2871,171,1.860978332876462
megabyte1,2872,171,1.8497840925963998
megabyte1,2873,171,1.8719648394668311
megabyte1,2874,171,1.9502299347816154
megabyte1,2875,171,1.8479339421144005
megabyte1,2876,171,1.8083931549250731
megabyte1,2877,171,1.8861101830911915
megabyte1,2878,171,1.969052855731451
megabyte1,2879,171,1.883712679322003
megabyte1,2880,171,1.9239166438230995
megabyte1,2881,171,1.9260896381578947
megabyte1,2882,171,1.8950566520467835
megabyte1,2883,171,1.9507464135599415
megabyte1,2884,171,1.952578182108918
megabyte1,2885,171,1.8651115908260234
megabyte1,2886,171,1.9392189784356726
megabyte1,2887,171,1.8718247441520468
megabyte1,2888,171,1.9695523802997077
megabyte1,2889,171,1.8893543265716375
megabyte1,2890,171,1.901544225146199
megabyte1,2891,171,1.8711637084247077
megabyte1,2892,171,1.8412657620614035
megabyte1,2893,171,1.9069724278143274
megabyte1,2894,171,1.9495585480628654
megabyte1,2895,171,1.8165461668494152
megabyte1,2896,171,1.8850911458333333
megabyte1,2897,171,1.96980651498538
megabyte1,2898,171,1.8669804801717835
megabyte1,2899,171,1.876284236796418
megabyte1,2900,171,1.9471999497441521
megabyte1,2901,171,1.9003877695540936
megabyte1,2902,171,1.881954438505117
megabyte1,2903,171,1.8883870442708333
megabyte1,2904,171,1.8676814921418128
megabyte1,2905,171,1.8674230742872806
megabyte1,2906,171,1.9225731565241229
megabyte1,2907,171,1.891634400127924
megabyte1,2908,171,1.8888274968019005
megabyte1,2909,171,1.885459498355263
megabyte1,2910,171,1.8593978435672514
megabyte1,2911,171,1.885158784208242
megabyte1,2912,171,1.943430761147661
megabyte1,2913,171,1.8416883680555556
megabyte1,2914,171,1.8536626804641814
megabyte1,2915,171,1.8812170195997806
megabyte1,2916,171,1.8212376644736843
megabyte1,2917,171,1.953276338633041
megabyte1,2918,171,1.8829652663559941
megabyte1,2919,171,1.9684359009502923
megabyte1,2920,171,1.8279258326480263
megabyte1,2921,171,1.971811038011696
megabyte1,2922,171,1.838318941885965
megabyte1,2923,171,1.9790810032894737
megabyte1,2924,171,1.8716191520467835
megabyte1,2925,171,1.8957569501553362
megabyte1,2926,171,1.886910064875731
megabyte1,2927,171,1.8427555909630848
megabyte1,2928,171,1.878543608369883
megabyte1,2929,171,1.8718126085069444
megabyte1,2930,171,1.8835691931652048
megabyte1,2931,171,1.875375491136696
megabyte1,2932,171,1.8742468761421784
megabyte1,2933,171,1.900772183959247
megabyte1,2934,171,1.8859206528691521
megabyte1,2935,171,1.806451451708699
megabyte1,2936,171,1.9134542900219298
megabyte1,2937,171,1.8415548759594298
megabyte1,2938,171,1.8871128015350878
megabyte1,2939,171,1.8954942491319444
megabyte1,2940,171,1.8390292340551901
megabyte1,2941,171,1.8768410487481726
megabyte1,2942,171,1.9291256910179093
megabyte1,2943,171,1.8979526095920138
megabyte1,2944,171,1.8162691885964912
megabyte1,2945,171,1.8414570769371346
megabyte1,2946,171,1.9235143828810306
megabyte1,2947,171,1.919945253963359
megabyte1,2948,171,1.9020296509502923
megabyte1,2949,171,1.8914623595120614
megabyte1,2950,171,1.8335450824938322
megabyte1,2951,171,1.8652171530918769
megabyte1,2952,171,1.8658204552722952
megabyte1,2953,171,1.864020810489766
megabyte1,2954,171,1.9858255665204678
megabyte1,2955,171,1.904721622578582
megabyte1,2956,171,1.9222410324721309
megabyte1,2957,171,1.9204565572459795
megabyte1,2958,171,1.8749014871162282
megabyte1,2959,171,1.9016966345714548
megabyte1,2960,171,1.874336822688231
megabyte1,2961,171,1.8488972981770833
megabyte1,2962,171,1.8235573573419226
megabyte1,2963,171,1.9155129772877832
megabyte1,2964,171,1.8637888055098684
megabyte1,2965,171,1.8496086611385234
megabyte1,2966,171,1.81730286001462
megabyte1,2967,171,1.8987631992987024
megabyte1,2968,171,1.9162793968156067
megabyte1,2969,171,1.8152563976265534
megabyte1,2970,171,1.8609355011878654
megabyte1,2971,171,1.9036403009068896
megabyte1,2972,171,1.8424525567662646
megabyte1,2973,171,1.8405495805349963
megabyte1,2974,171,1.81158447265625
megabyte1,2975,171,1.8043496650561952
megabyte1,2976,171,1.962976288377193
megabyte1,2977,171,1.8856754414519372
megabyte1,2978,171,1.8675215871710527
megabyte1,2979,171,1.8691566868832237
megabyte1,2980,171,1.9790617290296053
megabyte1,2981,171,1.8613659596582601
megabyte1,2982,171,1.9470618175484284
megabyte1,2983,171,1.8999019868192617
megabyte1,2984,171,1.8515840943096673
megabyte1,2985,171,1.8557675010279606
megabyte1,2986,171,1.9224903485928362
megabyte1,2987,171,1.887853968213176
megabyte1,2988,171,1.8774371230811404
megabyte1,2989,171,1.8664115325749269
megabyte1,2990,171,1.8989471970942982
megabyte1,2991,171,1.864935267041301
megabyte1,2992,171,1.8631834509777048
megabyte1,2993,171,1.858962298833836
megabyte1,2994,171,1.8096045778508771
megabyte1,2995,171,1.9562665258931835
megabyte1,2996,171,1.9054333870871025
megabyte1,2997,171,1.8534382602624726
megabyte1,2998,171,1.9154002764071638
megabyte1,2999,171,1.8806016710069444
megabyte1,3000,171,1.9718824241593567
megabyte1,3001,171,1.8530059279057018
megabyte1,3002,171,1.9005862230445907
megabyte1,3003,171,1.9347273620248537
megabyte1,3004,171,1.9310495476973684
megabyte1,3005,171,1.9730628387272706
megabyte1,3006,171,1.927561620522661
megabyte1,3007,171,2.0040511638797516
megabyte1,3008,171,1.8570199709886697
megabyte1,3009,171,1.8806130927905702
megabyte1,3010,171,1.8408842031021564
megabyte1,3011,171,1.8363288745545505
megabyte1,3012,171,1.9062143069261697
megabyte1,3013,171,1.8734851859466375
megabyte1,3014,171,1.8695671572322734
megabyte1,3015,171,1.8853670532940423
megabyte1,3016,171,1.8546335320723684
megabyte1,3017,171,1.8851011398940059
megabyte1,3018,171,1.8784079746893274
megabyte1,3019,171,1.8256275556240862
megabyte1,3020,171,1.9119651749817252
megabyte1,3021,171,1.8329357124908625
megabyte1,3022,171,1.8929664656432748
megabyte1,3023,171,1.838334289907712
megabyte1,3024,171,1.831694307383041
megabyte1,3025,171,1.8742861385233918
megabyte1,3026,171,1.8959675392909356
megabyte1,3027,171,1.9094609489217835
megabyte1,3028,171,1.8067348547149122
megabyte1,3029,171,1.8801355194627194
megabyte1,3030,171,1.9151204427083333
megabyte1,3031,171,1.8594164039656433
megabyte1,3032,171,1.9360037463450293
megabyte1,3033,171,1.8297226219846492
megabyte1,3034,171,1.865976077074196
megabyte1,3035,171,1.9135481628061037
megabyte1,3036,171,1.8963558799342106
megabyte1,3037,171,1.8685259902686404
megabyte1,3038,171,1.8832136901498537
megabyte1,3039,171,1.8243172628837718
megabyte1,3040,171,1.8278251781798245
megabyte1,3041,171,1.923534727933114
megabyte1,3042,171,1.8859506350511697
megabyte1,3043,171,1.8307537948876096
megabyte1,3044,171,1.8547836214478253
megabyte1,3045,171,1.860298736750731
megabyte1,3046,171,1.866040681537829
megabyte1,3047,171,2.012089957967836
megabyte1,3048,171,1.810858118603801
megabyte1,3049,170,1.9246100930606618
megabyte1,3050,170,1.8406784955193014
megabyte1,3051,170,1.8490837545955883
megabyte1,3052,170,1.8684542487649356
megabyte1,3053,170,1.8805653291590074
megabyte1,3054,170,1.8503069709329043
megabyte1,3055,170,1.8877394732306985
megabyte1,3056,170,1.8305039349724264
megabyte1,3057,170,1.9509040383731617
megabyte1,3058,170,1.9187205595128676
megabyte1,3059,170,1.8656215892118566
megabyte1,3060,170,1.8716940487132352
megabyte1,3061,170,1.8772478889016544
megabyte1,3062,170,1.9018202837775735
megabyte1,3063,170,1.9138316434972427
megabyte1,3064,170,1.865957462086397
megabyte1,3065,170,1.8940720502068014
megabyte1,3066,170,1.9357919132008272
megabyte1,3067,170,1.812640739889706
megabyte1,3068,170,1.8492805032169117
megabyte1,3069,170,1.8661369772518381
megabyte1,3070,170,1.9024162741268382
megabyte1,3071,170,1.8261033002068014
geco22,0,170,1.6825793098000918
geco22,1,170,1.6117086073931526
geco22,2,170,1.605868081485524
geco22,3,170,1.6404658598058364
geco22,4,170,1.6489823734059053
geco22,5,170,1.639203509162454
geco22,6,170,1.7350602991440718
geco22,7,170,1.6767795787138098
geco22,8,170,1.6750328512752757
geco22,9,170,1.5972924625172336
geco22,10,170,1.6009557387408089
geco22,11,170,1.6275865442612591
geco22,12,170,1.7520173914292279
geco22,13,170,1.674297467400046
geco22,14,170,1.6720555922564337
geco22,15,170,1.6390784768497242
geco22,16,170,1.661208926930147
geco22,17,170,1.6354605730842142
geco22,18,170,1.662287005256204
geco22,19,170,1.6545780855066636
geco22,20,170,1.6257474562701058
geco22,21,170,1.627197265625
geco22,22,170,1.721601329130285
geco22,23,170,1.6214763416963465
geco22,24,170,1.5459895414464615
geco22,25,170,1.6972214642693015
geco22,26,170,1.613586291144876
geco22,27,170,1.5898678947897518
geco22,28,170,1.723431037454044
geco22,29,170,1.678451986873851
geco22,30,170,1.6332132676068474
geco22,31,170,1.652873140222886
geco22,32,170,1.684340892118566
geco22,33,170,1.5888310151941636
geco22,34,170,1.599553456025965
geco22,35,170,1.5978128769818474
geco22,36,170,1.6348377003389247
geco22,37,170,1.62607421875
geco22,38,170,1.7571072746725644
geco22,39,170,1.5971361048081343
geco22,40,170,1.6027359906364889
geco22,41,170,1.6128303079044117
geco22,42,170,1.712020066205193
geco22,43,170,1.6707028108484605
geco22,44,170,1.6196605906767003
geco22,45,170,1.6790555168600643
geco22,46,170,1.646478271484375
geco22,47,170,1.6736707799574908
geco22,48,170,1.6156014835133272
geco22,49,170,1.6098968505859375
geco22,50,170,1.5908712948069852
geco22,51,170,1.6950091193704044
geco22,52,170,1.6981673745548025
geco22,53,170,1.6805920769186582
geco22,54,170,1.6871915031881894
geco22,55,170,1.7085011201746323
geco22,56,170,1.5488165911506204
geco22,57,170,1.6627382166245404
geco22,58,170,1.6738931992474724
geco22,59,170,1.7622996610753676
geco22,60,170,1.7401930865119486
geco22,61,170,1.6597600600298714
geco22,62,170,1.6111414292279411
geco22,63,170,1.646272008559283
geco22,64,170,1.6384194766773896
geco22,65,170,1.631655075970818
geco22,66,170,1.589315347110524
geco22,67,170,1.6228591918945312
geco22,68,170,1.6059182559742646
geco22,69,170,1.6836588242474724
geco22,70,170,1.6298123527975643
geco22,71,170,1.5808130600873163
geco22,72,170,1.6007632087258732
geco22,73,170,1.6244394638959099
geco22,74,170,1.6374282836914062
geco22,75,170,1.5590334275189568
geco22,76,170,1.663546304141774
geco22,77,170,1.6836397507611442
geco22,78,170,1.5804403866038603
geco22,79,170,1.5988540649414062
geco22,80,170,1.6471010544720819
geco22,81,170,1.6256582821116727
geco22,82,170,1.646938279095818
geco22,83,170,1.6456396663890165
geco22,84,170,1.618797212488511
geco22,85,170,1.726184710334329
geco22,86,170,1.689996966193704
geco22,87,170,1.683128267176011
geco22,88,170,1.660843209659352
geco22,89,170,1.6145570194019991
geco22,90,170,1.5998118681066176
geco22,91,170,1.748936731675092
geco22,92,170,1.5930381326114431
geco22,93,170,1.6288204417509191
geco22,94,170,1.580703286563649
geco22,95,170,1.711280418844784
geco22,96,170,1.7168126274557676
geco22,97,170,1.6317745881922106
geco22,98,170,1.6692429935230928
geco22,99,170,1.6871612548828125
geco22,100,170,1.5943879071403952
geco22,101,170,1.6269003475413604
geco22,102,170,1.622510393928079
geco22,103,170,1.5481248743393843
geco22,104,170,1.6131879918715533
geco22,105,170,1.5719052483053768
geco22,106,170,1.6562646304859834
geco22,107,170,1.6295454137465533
geco22,108,170,1.6771887386546416
geco22,109,170,1.6625815447639016
geco22,110,170,1.604656354118796
geco22,111,170,1.6079787534825942
geco22,112,170,1.6691402210908777
geco22,113,170,1.5993354124181411
geco22,114,170,1.6323745727539063
geco22,115,170,1.6196694766773898
geco22,116,170,1.6578098521513098
geco22,117,170,1.5887445786420036
geco22,118,170,1.6410316018497242
geco22,119,170,1.6086520026711857
geco22,120,170,1.6075132033404183
geco22,121,170,1.6263285917394301
geco22,122,170,1.6622306374942555
geco22,123,170,1.616862128762638
geco22,124,170,1.5834464578067555
geco22,125,170,1.6410790836109834
geco22,126,170,1.6425289827234604
geco22,127,170,1.6461018730612362
geco22,128,170,1.6152872422162223
geco22,129,170,1.6258075938505285
geco22,130,170,1.6943251217112822
geco22,131,170,1.6314494413488052
geco22,132,170,1.626828451717601
geco22,133,170,1.590019001680262
geco22,134,170,1.6224262910730698
geco22,135,170,1.6545301100786995
geco22,136,170,1.7165805592256433
geco22,137,170,1.6735641030704274
geco22,138,170,1.6225331025965073
geco22,139,170,1.5673909355612363
geco22,140,170,1.625212366440717
geco22,141,170,1.5999277002671186
geco22,142,170,1.670347640093635
geco22,143,170,1.5846078311695773
geco22,144,170,1.6103999418370865
geco22,145,170,1.651667516371783
geco22,146,170,1.6384872436523437
geco22,147,170,1.712369582232307
geco22,148,170,1.6395190968232995
geco22,149,170,1.6913151460535385
geco22,150,170,1.6130052454331343
geco22,151,170,1.550338296329274
geco22,152,170,1.586449432373047
geco22,153,170,1.638922478170956
geco22,154,170,1.595831927131204
geco22,155,170,1.6222332673914293
geco22,156,170,1.6280354219324449
geco22,157,170,1.6023548799402574
geco22,158,170,1.5792166317210479
geco22,159,170,1.6165226207059973
geco22,160,170,1.6579841164981617
geco22,161,170,1.5832766364602482
geco22,162,170,1.5966997034409467
geco22,163,170,1.6305980009191177
geco22,164,170,1.6185710233800552
geco22,165,170,1.6131997501148898
geco22,166,170,1.727750306970933
geco22,167,170,1.6322565415326287
geco22,168,170,1.6743518604951746
geco22,169,170,1.5985443564022288
geco22,170,170,1.655230847526999
geco22,171,170,1.6132872188792509
geco22,172,170,1.6576574886546416
geco22,173,170,1.6620958216050092
geco22,174,170,1.6194239896886489
geco22,175,170,1.6232584785012638
geco22,176,170,1.6375419616699218
geco22,177,170,1.638070723589729
geco22,178,170,1.5543140186982995
geco22,179,170,1.6804788028492648
geco22,180,170,1.5987164216883043
geco22,181,170,1.623442616182215
geco22,182,170,1.726664644129136
geco22,183,170,1.6926129509420955
geco22,184,170,1.6372509227079504
geco22,185,170,1.6766931870404411
geco22,186,170,1.5980911703670726
geco22,187,170,1.6788261862362133
geco22,188,170,1.6822646197150735
geco22,189,170,1.665806489832261
geco22,190,170,1.666852434943704
geco22,191,170,1.7046342737534468
geco22,192,170,1.6514805513269761
geco22,193,170,1.6330439848058365
geco22,194,170,1.7470371021943933
geco22,195,170,1.7289753184599035
geco22,196,170,1.6508797140682445
geco22,197,170,1.617294132008272
geco22,198,170,1.6821487875545726
geco22,199,170,1.7089118508731618
geco22,200,170,1.5798607321346507
geco22,201,170,1.6236964057473575
geco22,202,170,1.6022822660558365
geco22,203,170,1.675958251953125
geco22,204,170,1.5825981588924631
geco22,205,170,1.6038854262408089
geco22,206,170,1.6443960750804227
geco22,207,170,1.6236054364372703
geco22,208,170,1.6330623851102941
geco22,209,170,1.6283720577464385
geco22,210,170,1.6961030399098116
geco22,211,170,1.6586381351246553
geco22,212,170,1.6823119219611673
geco22,213,170,1.698519717945772
geco22,214,170,1.7242942361270681
geco22,215,170,1.6322889440199908
geco22,216,170,1.6558122522690717
geco22,217,170,1.6731260411879596
geco22,218,170,1.6782758824965534
geco22,219,170,1.627117650649127
geco22,220,170,1.6682143267463236
geco22,221,170,1.6992738611557905
geco22,222,170,1.6152090633616727
geco22,223,170,1.6939117880428538
geco22,224,170,1.7398406982421875
geco22,225,170,1.6755982342888327
geco22,226,170,1.5877860574161304
geco22,227,170,1.6449800827923944
geco22,228,170,1.6053680419921874
geco22,229,170,1.7265264623305376
geco22,230,170,1.6547943115234376
geco22,231,170,1.6351356057559743
geco22,232,170,1.604950938505285
geco22,233,170,1.6238555908203125
geco22,234,170,1.5514217152315029
geco22,235,170,1.6545977424172793
geco22,236,170,1.7117434782140395
geco22,237,170,1.6357650756835938
geco22,238,170,1.6007390639361214
geco22,239,170,1.6367616990033318
geco22,240,170,1.6493740306181066
geco22,241,170,1.649251152487362
geco22,242,170,1.664097505457261
geco22,243,170,1.6262844310087317
geco22,244,170,1.6896459242876838
geco22,245,170,1.6352581248563878
geco22,246,170,1.6974399342256434
geco22,247,170,1.7333771649528953
geco22,248,170,1.6698617822983686
geco22,249,170,1.6767443937413833
geco22,250,170,1.7233127369600183
geco22,251,170,1.7406960880055147
geco22,252,170,1.7217343049890854
geco22,253,170,1.668224738625919
geco22,254,170,1.6243010577033548
geco22,255,170,1.6952089197495404
geco22,256,170,1.644657179888557
geco22,257,170,1.6570512659409466
geco22,258,170,1.6010657815372242
geco22,259,170,1.6384028715245864
geco22,260,170,1.6850690056295956
geco22,261,170,1.6582768159754135
geco22,262,170,1.691703212962431
geco22,263,170,1.717814277200138
geco22,264,170,1.6740514418658088
geco22,265,170,1.6120728436638327
geco22,266,170,1.6234803143669576
geco22,267,170,1.5997011072495404
geco22,268,170,1.7175174713134767
geco22,269,170,1.5946299833409927
geco22,270,170,1.610127482694738
geco22,271,170,1.5877848456887638
geco22,272,170,1.6673235724954043
geco22,273,170,1.6646305757410387
geco22,274,170,1.6318986780503217
geco22,275,170,1.6839815925149357
geco22,276,170,1.7120758954216453
geco22,277,170,1.6754022934857538
geco22,278,170,1.6119381175321692
geco22,279,170,1.7322311401367188
geco22,280,170,1.6890411825741038
geco22,281,170,1.6885580175063188
geco22,282,170,1.7031714046702666
geco22,283,170,1.728168846579159
geco22,284,170,1.7627857881433824
geco22,285,170,1.7259530460133272
geco22,286,170,1.6484971887925093
geco22,287,170,1.7217805301441866
geco22,288,170,1.654450719496783
geco22,289,170,1.7619621276855468
geco22,290,170,1.655162093218635
geco22,291,170,1.7074663947610293
geco22,292,170,1.7289628870346967
geco22,293,170,1.7000254911534927
geco22,294,170,1.6999877032111672
geco22,295,170,1.6717021268956802
geco22,296,170,1.6797798605526195
geco22,297,170,1.6333885641659007
geco22,298,170,1.6573121014763328
geco22,299,170,1.6544132008272059
geco22,300,170,1.6967117309570312
geco22,301,170,1.6567592845243566
geco22,302,170,1.7139645744772518
geco22,303,170,1.6664001016055836
geco22,304,170,1.636898848589729
geco22,305,170,1.6733654246610754
geco22,306,170,1.7021627987132353
geco22,307,170,1.665061860926011
geco22,308,170,1.6608241361730238
geco22,309,170,1.7693883559283088
geco22,310,170,1.6678375244140624
geco22,311,170,1.6595567142262178
geco22,312,170,1.6609633501838235
geco22,313,170,1.6808756660012638
geco22,314,170,1.6897597369025736
geco22,315,170,1.7505229725557214
geco22,316,170,1.6995201559627757
geco22,317,170,1.748044002757353
geco22,318,170,1.6582261926987591
geco22,319,170,1.6925846773035387
geco22,320,170,1.6822756598977482
geco22,321,170,1.6962738934685202
geco22,322,170,1.6449311200310202
geco22,323,170,1.6383474462172565
geco22,324,170,1.7051423016716452
geco22,325,170,1.6658827837775736
geco22,326,170,1.643238920323989
geco22,327,170,1.643404971852022
geco22,328,170,1.6483968398150275
geco22,329,170,1.6196577633128446
geco22,330,170,1.597240717270795
geco22,331,170,1.6894123301786534
geco22,332,170,1.5988245795754825
geco22,333,170,1.6742412791532628
geco22,334,170,1.6129273358513327
geco22,335,170,1.6544008142807904
geco22,336,170,1.5878816941205194
geco22,337,170,1.7511343114516313
geco22,338,170,1.5845435647403492
geco22,339,170,1.6279726813821231
geco22,340,170,1.5860003303079044
geco22,341,170,1.5861833460190717
geco22,342,170,1.6002904555376838
geco22,343,170,1.6615853702320773
geco22,344,170,1.5690570158116959
geco22,345,170,1.5427319694967832
geco22,346,170,1.6931992474724264
geco22,347,170,1.634965784409467
geco22,348,170,1.5711189718807446
geco22,349,170,1.6048512178308822
geco22,350,170,1.63873950733858
geco22,351,170,1.5891861859489889
geco22,352,170,1.7127604765050553
geco22,353,170,1.6824503281537224
geco22,354,170,1.6880382762235753
geco22,355,170,1.6869926901424632
geco22,356,170,1.6146292293772977
geco22,357,170,1.6347842496984146
geco22,358,170,1.572713784610524
geco22,359,170,1.6768157061408548
geco22,360,170,1.6080779131721048
geco22,361,170,1.6424342884736902
geco22,362,170,1.690713321461397
geco22,363,170,1.6048513075884652
geco22,364,170,1.6565299539005056
geco22,365,170,1.6141732608570771
geco22,366,170,1.6307977115406709
geco22,367,170,1.600685837689568
geco22,368,170,1.6421101289636948
geco22,369,170,1.6600387573242188
geco22,370,170,1.6534356958725873
geco22,371,170,1.6648325303021598
geco22,372,170,1.5734312618480009
geco22,373,170,1.594413398293888
geco22,374,170,1.6345669914694394
geco22,375,170,1.5575511259191177
geco22,376,170,1.5780230353860294
geco22,377,170,1.5988062914680032
geco22,378,170,1.609343495088465
geco22,379,170,1.6550272324505975
geco22,380,170,1.676312390495749
geco22,381,170,1.6228588328642004
geco22,382,170,1.6841635311351102
geco22,383,170,1.6012224982766543
geco22,384,170,1.666962926528033
geco22,385,170,1.6905068790211397
geco22,386,170,1.6375357235179229
geco22,387,170,1.7368779799517464
geco22,388,170,1.7711194655474494
geco22,389,170,1.6951618867761948
geco22,390,170,1.6355515423943014
geco22,391,170,1.6954176958869485
geco22,392,170,1.7290763406192555
geco22,393,170,1.6833983926212086
geco22,394,170,1.7874506333295037
geco22,395,170,1.660766870835248
geco22,396,170,1.6853261611040902
geco22,397,170,1.682944533404182
geco22,398,170,1.6369609159581802
geco22,399,170,1.7177009133731618
geco22,400,170,1.764302152745864
geco22,401,170,1.7051969640395221
geco22,402,170,1.676915381936466
geco22,403,170,1.645951125201057
geco22,404,170,1.6722071928136488
geco22,405,170,1.5887724034926471
geco22,406,170,1.7215989056755514
geco22,407,170,1.6953876270967372
geco22,408,170,1.6630032707663143
geco22,409,170,1.6426724602194394
geco22,410,170,1.6106364530675552
geco22,411,170,1.5952654670266544
geco22,412,170,1.604996176326976
geco22,413,170,1.5596336813534006
geco22,414,170,1.5950535493738511
geco22,415,170,1.6408256081973804
geco22,416,170,1.6274340910070082
geco22,417,170,1.7133890937356389
geco22,418,170,1.6152953203986673
geco22,419,170,1.5763752208036534
geco22,420,170,1.683423345229205
geco22,421,170,1.5560839035931755
geco22,422,170,1.684717290541705
geco22,423,170,1.7412775376263787
geco22,424,170,1.6382699854233687
geco22,425,170,1.5516013201545267
geco22,426,170,1.7159602445714615
geco22,427,170,1.6586292940027574
geco22,428,170,1.7088053086224724
geco22,429,170,1.7997470631318935
geco22,430,170,1.720186929141774
geco22,431,170,1.6733502107508043
geco22,432,170,1.6145954356474035
geco22,433,170,1.6443106258616729
geco22,434,170,1.6562789916992187
geco22,435,170,1.6793379839728861
geco22,436,170,1.6921457627240348
geco22,437,170,1.6019534840303309
geco22,438,170,1.6306847067440258
geco22,439,170,1.6430216172162224
geco22,440,170,1.6155908921185662
geco22,441,170,1.672897787655101
geco22,442,170,1.657880491368911
geco22,443,170,1.6550550573012408
geco22,444,170,1.6493390251608455
geco22,445,170,1.6942772360409006
geco22,446,170,1.851741117589614
geco22,447,170,1.6899378608254825
geco22,448,170,1.6768694709329044
geco22,449,170,1.7289181877585018
geco22,450,170,1.6619354248046876
geco22,451,170,1.6591999727136948
geco22,452,170,1.6517713658949909
geco22,453,170,1.7003117280847886
geco22,454,170,1.675131405101103
geco22,455,170,1.7220925723805147
geco22,456,170,1.630885045668658
geco22,457,170,1.6330258762135226
geco22,458,170,1.707044579001034
geco22,459,170,1.6195223639993106
geco22,460,170,1.6684179867015165
geco22,461,170,1.5919844234690947
geco22,462,170,1.7198995253619025
geco22,463,170,1.6306099386776194
geco22,464,170,1.6769677554859834
geco22,465,170,1.654182793112362
geco22,466,170,1.6532106287339154
geco22,467,170,1.6083678301642923
geco22,468,170,1.6588676003848806
geco22,469,170,1.614970308191636
geco22,470,170,1.57291259765625
geco22,471,170,1.6436349307789522
geco22,472,170,1.5961160996380974
geco22,473,170,1.6603927612304688
geco22,474,170,1.6574982587028952
geco22,475,170,1.669085962632123
geco22,476,170,1.662922758214614
geco22,477,170,1.6757802177877987
geco22,478,170,1.649806931439568
geco22,479,170,1.6251871445599724
geco22,480,170,1.66286060108858
geco22,481,170,1.6092314327464383
geco22,482,170,1.637844893511604
geco22,483,170,1.6735631157370174
geco22,484,170,1.6256736755371093
geco22,485,170,1.638531628776999
geco22,486,170,1.6608354456284466
geco22,487,170,1.7081813363467946
geco22,488,170,1.7120795306037455
geco22,489,170,1.607199208876666
geco22,490,170,1.6646235746495863
geco22,491,170,1.6953328300924861
geco22,492,170,1.6389884499942555
geco22,493,170,1.7382784675149356
geco22,494,170,1.6759438907398898
geco22,495,170,1.6331192016601563
geco22,496,170,1.6270953458898207
geco22,497,170,1.6193582871380974
geco22,498,170,1.5617301492130056
geco22,499,170,1.6492195578182445
geco22,500,170,1.5711650175206802
geco22,501,170,1.6982657039866729
geco22,502,170,1.6248226390165441
geco22,503,170,1.6727828530704274
geco22,504,170,1.5602400611428653
geco22,505,170,1.5655931809369255
geco22,506,170,1.6078054540297564
geco22,507,170,1.6442094241871554
geco22,508,170,1.6330600962919348
geco22,509,170,1.5699138416963465
geco22,510,170,1.5423690347110524
geco22,511,170,1.5740176256965188
geco22,512,170,1.626572597728056
geco22,513,170,1.6600753784179687
geco22,514,170,1.5751739053165212
geco22,515,170,1.5904827791101792
geco22,516,170,1.649929854449104
geco22,517,170,1.625068754308364
geco22,518,170,1.5670139088350183
geco22,519,170,1.6029357012580423
geco22,520,170,1.6553481158088235
geco22,521,170,1.6029603845932905
geco22,522,170,1.671963949764476
geco22,523,170,1.6607237871955423
geco22,524,170,1.7467937693876379
geco22,525,170,1.6349313174977023
geco22,526,170,1.5946898516486674
geco22,527,170,1.5820841172162223
geco22,528,170,1.579439499798943
geco22,529,170,1.6296586429371553
geco22,530,170,1.623802947998047
geco22,531,170,1.5700515747070312
geco22,532,170,1.6354060453527115
geco22,533,170,1.5672954783720128
geco22,534,170,1.6530301262350644
geco22,535,170,1.5808310116038602
geco22,536,170,1.6049452837775735
geco22,537,170,1.5888545765596278
geco22,538,170,1.5404690013212317
geco22,539,170,1.6668921077952665
geco22,540,170,1.596845739028033
geco22,541,170,1.5470554127412683
geco22,542,170,1.627667864631204
geco22,543,170,1.6176035712747012
geco22,544,170,1.5950877470128677
geco22,545,170,1.6787572075338926
geco22,546,170,1.6228994481703813
geco22,547,170,1.6349628224092372
geco22,548,170,1.5750429041245404
geco22,549,170,1.6327652875114889
geco22,550,170,1.5791459925034468
geco22,551,170,1.5875034107881434
geco22,552,170,1.5786017922794118
geco22,553,170,1.6519041173598346
geco22,554,170,1.634948461196002
geco22,555,170,1.6239710190716912
geco22,556,170,1.593471482220818
geco22,557,170,1.6301759607651654
geco22,558,170,1.6119260900160846
geco22,559,170,1.6764124702004826
geco22,560,170,1.684247813505285
geco22,561,170,1.6102658440085018
geco22,562,170,1.626988489487592
geco22,563,170,1.5969946468577665
geco22,564,170,1.6363767736098345
geco22,565,170,1.5956784416647518
geco22,566,170,1.5275816075942095
geco22,567,170,1.6066750919117647
geco22,568,170,1.6030808392693014
geco22,569,170,1.6328148336971506
geco22,570,170,1.7059395285213694
geco22,571,170,1.6832873624913833
geco22,572,170,1.6436345717486214
geco22,573,170,1.6437424154842601
geco22,574,170,1.6251787073471966
geco22,575,170,1.6103654749253218
geco22,576,170,1.6286680333754595
geco22,577,170,1.6253015854779411
geco22,578,170,1.6385358922621782
geco22,579,170,1.6820085413315717
geco22,580,170,1.6390305463005514
geco22,581,170,1.6227801154641543
geco22,582,170,1.6096593071432674
geco22,583,170,1.5566108703613282
geco22,584,170,1.6041024151970358
geco22,585,170,1.617454573687385
geco22,586,170,1.5868765438304229
geco22,587,170,1.6002137128044578
geco22,588,170,1.584841111127068
geco22,589,170,1.5398427177877987
geco22,590,170,1.6018449671128216
geco22,591,170,1.7036609425264246
geco22,592,170,1.5926983104032628
geco22,593,170,1.5921024995691635
geco22,594,170,1.6084145938648897
geco22,595,170,1.5818765528061811
geco22,596,170,1.586670191147748
geco22,597,170,1.597186548569623
geco22,598,170,1.5730469198787913
geco22,599,170,1.6544125725241268
geco22,600,170,1.6828791898839615
geco22,601,170,1.655665184469784
geco22,602,170,1.6683140025419347
geco22,603,170,1.5738457174862133
geco22,604,170,1.5793978074017694
geco22,605,170,1.54720458984375
geco22,606,170,1.5572743135340072
geco22,607,170,1.6433946048512178
geco22,608,170,1.5676199969123392
geco22,609,170,1.6112588321461396
geco22,610,170,1.5583794088924632
geco22,611,170,1.5748530443976907
geco22,612,170,1.6375752168543198
geco22,613,170,1.627851598403033
geco22,614,170,1.6034724516027115
geco22,615,170,1.5509542128619025
geco22,616,170,1.5977209203383502
geco22,617,170,1.612782377355239
geco22,618,170,1.685983455882353
geco22,619,170,1.6159067041733686
geco22,620,170,1.6146132525275736
geco22,621,170,1.6292744356043198
geco22,622,170,1.6512124454273898
geco22,623,170,1.6487722509047564
geco22,624,170,1.5983104032628677
geco22,625,170,1.632339298023897
geco22,626,170,1.6885433870203355
geco22,627,170,1.6085890377269072
geco22,628,170,1.6672590367934284
geco22,629,170,1.5998120476217832
geco22,630,170,1.6612659229951747
geco22,631,170,1.5804987290326287
geco22,632,170,1.6311166202320773
geco22,633,170,1.6205269308651196
geco22,634,170,1.664681692684398
geco22,635,170,1.6145751504337087
geco22,636,170,1.6713328193215762
geco22,637,170,1.6916373757755054
geco22,638,170,1.6776325899011948
geco22,639,170,1.7276650821461397
geco22,640,170,1.7836844949161306
geco22,641,170,1.6292250689338235
geco22,642,170,1.6089639102711397
geco22,643,170,1.6582844453699448
geco22,644,170,1.658729642980239
geco22,645,170,1.691219284955193
geco22,646,170,1.7099469353170955
geco22,647,170,1.662422898236443
geco22,648,170,1.625930965647978
geco22,649,170,1.6574956557329963
geco22,650,170,1.6638535443474265
geco22,651,170,1.6684749827665442
geco22,652,170,1.6654885684742646
geco22,653,170,1.7213341656853172
geco22,654,170,1.6505167344037224
geco22,655,170,1.6335928524241727
geco22,656,170,1.7549570868997013
geco22,657,170,1.674548609116498
geco22,658,170,1.619252238554113
geco22,659,170,1.7289727603687959
geco22,660,170,1.7157200532801011
geco22,661,170,1.6985964158002067
geco22,662,170,1.706844284955193
geco22,663,170,1.679105915742762
geco22,664,170,1.6890970566693475
geco22,665,170,1.7323745727539062
geco22,666,170,1.719395850686466
geco22,667,170,1.6969172758214615
geco22,668,170,1.6702198701746322
geco22,669,170,1.6813642614028033
geco22,670,170,1.7239165810977712
geco22,671,170,1.6782433902516085
geco22,672,170,1.7416926664464614
geco22,673,170,1.7235310722799861
geco22,674,170,1.7429502599379596
geco22,675,170,1.7447243634392233
geco22,676,170,1.6685900968663834
geco22,677,170,1.691729736328125
geco22,678,170,1.6539226307588466
geco22,679,170,1.8407240699319278
geco22,680,170,1.6184159671559053
geco22,681,170,1.6414470897001379
geco22,682,170,1.6316050361184513
geco22,683,170,1.6884961296530332
geco22,684,170,1.7294692095588236
geco22,685,170,1.6957234999712776
geco22,686,170,1.691577507467831
geco22,687,170,1.7361586178050321
geco22,688,170,1.7067496804630056
geco22,689,170,1.733200746424058
geco22,690,170,1.7839930814855238
geco22,691,170,1.7057362275965073
geco22,692,170,1.7474889418658088
geco22,693,170,1.6688989078297334
geco22,694,170,1.6641033172607422
geco22,695,170,1.7239720961626839
geco22,696,170,1.7694245282341452
geco22,697,170,1.7108428955078125
geco22,698,170,1.7019597670611213
geco22,699,170,1.694924747242647
geco22,700,170,1.718535389619715
geco22,701,170,1.6889441097483915
geco22,702,170,1.6495160271139706
geco22,703,170,1.7102614458869485
geco22,704,170,1.739818213967716
geco22,705,170,1.6952534843893612
geco22,706,170,1.7685344022863052
geco22,707,170,1.7857977474437041
geco22,708,170,1.6677436379825368
geco22,709,170,1.7246235566980699
geco22,710,170,1.7735541848575367
geco22,711,170,1.7151803409352022
geco22,712,170,1.6729090971105238
geco22,713,170,1.8187999052159927
geco22,714,170,1.7913578706629136
geco22,715,170,1.7161879595588236
geco22,716,170,1.728525947122013
geco22,717,170,1.7395863252527572
geco22,718,170,1.739361572265625
geco22,719,170,1.673070032456342
geco22,720,170,1.6991796156939338
geco22,721,170,1.7088994643267463
geco22,722,170,1.714243989832261
geco22,723,170,1.6532460381002987
geco22,724,170,1.663482666015625
geco22,725,170,1.696279862347771
geco22,726,170,1.750544469496783
geco22,727,170,1.7150963278377758
geco22,728,170,1.711360886517693
geco22,729,170,1.6727058859432444
geco22,730,170,1.7604660034179687
geco22,731,170,1.6620527379653034
geco22,732,170,1.7093456492704504
geco22,733,170,1.6773317224839155
geco22,734,170,1.7355908113367418
geco22,735,170,1.6693367453182444
geco22,736,170,1.6748877581428079
geco22,737,170,1.6542417638442095
geco22,738,170,1.6499027027803308
geco22,739,170,1.6786787145278033
geco22,740,170,1.6625461353975184
geco22,741,170,1.6512729420381433
geco22,742,170,1.5801698572495404
geco22,743,170,1.6254041783949909
geco22,744,170,1.7273257984834558
geco22,745,170,1.6301102582146139
geco22,746,170,1.6027034086339613
geco22,747,170,1.6432028377757353
geco22,748,170,1.5398605346679688
geco22,749,170,1.6221037920783548
geco22,750,170,1.6375874238855699
geco22,751,170,1.6144446877872243
geco22,752,170,1.6663361493278952
geco22,753,170,1.5958558924057904
geco22,754,170,1.7853901582605698
geco22,755,170,1.616455078125
geco22,756,170,1.6177971335018382
geco22,757,170,1.6154899148380055
geco22,758,170,1.7062447940602021
geco22,759,170,1.6945842967313878
geco22,760,170,1.6478621090159697
geco22,761,170,1.6779646031996782
geco22,762,170,1.6664766199448529
geco22,763,170,1.6553706449620864
geco22,764,170,1.6689620074103861
geco22,765,170,1.6601803947897518
geco22,766,170,1.69010009765625
geco22,767,170,1.6880313648897058
geco22,768,170,1.6830291748046875
geco22,769,170,1.6803772870232077
geco22,770,170,1.638886754653033
geco22,771,170,1.6659105188706342
geco22,772,170,1.7201426786534926
geco22,773,170,1.643628557990579
geco22,774,170,1.7732886819278493
geco22,775,170,1.7886883455164293
geco22,776,170,1.7180033066693474
geco22,777,170,1.6994743347167969
geco22,778,170,1.7067747228285846
geco22,779,170,1.6977371215820312
geco22,780,170,1.68575439453125
geco22,781,170,1.6834505866555607
geco22,782,170,1.7961147532743567
geco22,783,170,1.7496636783375459
geco22,784,170,1.6257079180549172
geco22,785,170,1.6634843714096967
geco22,786,170,1.6828382604262409
geco22,787,170,1.7275977639590994
geco22,788,170,1.6403350830078125
geco22,789,170,1.5796654196346507
geco22,790,170,1.6456558227539062
geco22,791,170,1.6572882259593291
geco22,792,170,1.6473395852481618
geco22,793,170,1.6414021660299862
geco22,794,170,1.6849787992589613
geco22,795,170,1.5625476612764246
geco22,796,170,1.6930127312155332
geco22,797,170,1.6953440946691176
geco22,798,170,1.6457476447610293
geco22,799,170,1.7354860193589154
geco22,800,170,1.7008952421300552
geco22,801,170,1.735417444565717
geco22,802,170,1.645018274643842
geco22,803,170,1.7036163778866038
geco22,804,170,1.6275650024414063
geco22,805,170,1.6327242682961856
geco22,806,170,1.671208101160386
geco22,807,170,1.6014652925379136
geco22,808,170,1.6478563196518843
geco22,809,170,1.5961709863999312
geco22,810,170,1.65211181640625
geco22,811,170,1.5738359339096968
geco22,812,170,1.65829979391659
geco22,813,170,1.7150010052849265
geco22,814,170,1.6668171602136947
geco22,815,170,1.6021489760454963
geco22,816,170,1.6738572064568014
geco22,817,170,1.6281239229090074
geco22,818,170,1.6322136374080882
geco22,819,170,1.5581801470588235
geco22,820,170,1.616688358082491
geco22,821,170,1.6703948077033548
geco22,822,170,1.569022414263557
geco22,823,170,1.5957216150620404
geco22,824,170,1.635910213694853
geco22,825,170,1.577031483369715
geco22,826,170,1.658957851634306
geco22,827,170,1.636783644732307
geco22,828,170,1.6034803502699908
geco22,829,170,1.7092589434455423
geco22,830,170,1.6617495368508732
geco22,831,170,1.6295791625976563
geco22,832,170,1.6161636352539062
geco22,833,170,1.5873606962316176
geco22,834,170,1.569176617790671
geco22,835,170,1.648635684742647
geco22,836,170,1.6920738669002757
geco22,837,170,1.5859077004825368
geco22,838,170,1.6720300113453586
geco22,839,170,1.6131559035357308
geco22,840,170,1.630270340863396
geco22,841,170,1.6073531655704274
geco22,842,170,1.650747501148897
geco22,843,170,1.562596534280216
geco22,844,170,1.6847156300264245
geco22,845,170,1.5755701850442325
geco22,846,170,1.543299596449908
geco22,847,170,1.5632770313936122
geco22,848,170,1.5897728415096508
geco22,849,170,1.688062645407284
geco22,850,170,1.6295475679285385
geco22,851,170,1.6842551736270681
geco22,852,170,1.7161323996151194
geco22,853,170,1.6997259252211627
geco22,854,170,1.6584042717428769
geco22,855,170,1.6161899791044347
geco22,856,170,1.7210008509018841
geco22,857,170,1.7359221514533547
geco22,858,170,1.6768653420840993
geco22,859,170,1.6037143482881433
geco22,860,170,1.6761565713321462
geco22,861,170,1.661300120634191
geco22,862,170,1.7055428897633271
geco22,863,170,1.6444138470818015
geco22,864,170,1.627667864631204
geco22,865,170,1.6213927325080424
geco22,866,170,1.6088961432961857
geco22,867,170,1.7228415545295266
geco22,868,170,1.6944586361155791
geco22,869,170,1.6228657441980698
geco22,870,170,1.7073385799632352
geco22,871,170,1.722527447868796
geco22,872,170,1.6747576545266545
geco22,873,170,1.6662813972024357
geco22,874,170,1.6707144344554228
geco22,875,170,1.6027349135454962
geco22,876,170,1.6689815745634191
geco22,877,170,1.669036595961627
geco22,878,170,1.6200231215533087
geco22,879,170,1.654458797679228
geco22,880,170,1.6013184491325827
geco22,881,170,1.7312341129078586
geco22,882,170,1.655350269990809
geco22,883,170,1.6652791640337776
geco22,884,170,1.651515915814568
geco22,885,170,1.6792038861443015
geco22,886,170,1.6828746122472427
geco22,887,170,1.6556475471047793
geco22,888,170,1.7292068481445313
geco22,889,170,1.6087922040153952
geco22,890,170,1.628999418370864
geco22,891,170,1.726210605396944
geco22,892,170,1.6709660249597886
geco22,893,170,1.6932058446547564
geco22,894,170,1.6637116376091452
geco22,895,170,1.6427733477424173
geco22,896,170,1.6605219223920036
geco22,897,170,1.6313812255859375
geco22,898,170,1.6770996991325826
geco22,899,170,1.6526239731732537
geco22,900,170,1.6540223065544577
geco22,901,170,1.7365637386546415
geco22,902,170,1.6715895708869486
geco22,903,170,1.6732545291676242
geco22,904,170,1.6530083151424633
geco22,905,170,1.6460376515107997
geco22,906,170,1.6792645622702207
geco22,907,170,1.6457461188821232
geco22,908,170,1.6043254179113051
geco22,909,170,1.6375268375172334
geco22,910,170,1.5999425551470587
geco22,911,170,1.7118099437040442
geco22,912,170,1.7217663035673254
geco22,913,170,1.6962583654067096
geco22,914,170,1.7084528305951288
geco22,915,170,1.7188272812787224
geco22,916,170,1.6815468732048484
geco22,917,170,1.613830297133502
geco22,918,170,1.614235014073989
geco22,919,170,1.6957357070025276
geco22,920,170,1.6659638348747703
geco22,921,170,1.67573803172392
geco22,922,170,1.6229597203871784
geco22,923,170,1.6756609748391544
geco22,924,170,1.641185177073759
geco22,925,170,1.6421310424804687
geco22,926,170,1.6653086942784927
geco22,927,170,1.630097692153033
geco22,928,170,1.6944501989028034
geco22,929,170,1.7605858297909007
geco22,930,170,1.742324021283318
geco22,931,170,1.6691946141860063
geco22,932,170,1.613320608700023
geco22,933,170,1.6157312729779412
geco22,934,170,1.6849100449505974
geco22,935,170,1.673416317210478
geco22,936,170,1.615434803682215
geco22,937,170,1.7384729721966912
geco22,938,170,1.652046921673943
geco22,939,170,1.713721331428079
geco22,940,170,1.6854715683880974
geco22,941,170,1.698165579403148
geco22,942,170,1.6234830070944393
geco22,943,170,1.617116860782399
geco22,944,170,1.6332459393669576
geco22,945,170,1.6330585255342371
geco22,946,170,1.620971948960248
geco22,947,170,1.5702320772058824
geco22,948,170,1.61033935546875
geco22,949,170,1.6504375682157628
geco22,950,170,1.6696718103745405
geco22,951,170,1.5955723930807675
geco22,952,170,1.5760316736557904
geco22,953,170,1.6760210822610293
geco22,954,170,1.5901607513427733
geco22,955,170,1.6466708912568935
geco22,956,170,1.66366164263557
geco22,957,170,1.6871714872472428
geco22,958,170,1.5638004976160387
geco22,959,170,1.5911603142233457
geco22,960,170,1.589370278751149
geco22,961,170,1.6031508501838236
geco22,962,170,1.6849310033461626
geco22,963,170,1.5722700231215534
geco22,964,170,1.6464806051815257
geco22,965,170,1.7034028894761029
geco22,966,170,1.7436793607823988
geco22,967,170,1.7219202378216911
geco22,968,170,1.599491298899931
geco22,969,170,1.6249311559340534
geco22,970,170,1.738523999382468
geco22,971,170,1.6600586835075828
geco22,972,170,1.6432343426872702
geco22,973,170,1.6655910716337317
geco22,974,170,1.7402352725758272
geco22,975,170,1.6440120921415442
geco22,976,170,1.7460246815400966
geco22,977,170,1.6743909948012408
geco22,978,170,1.6650694005629596
geco22,979,170,1.636733694637523
geco22,980,170,1.6482722562902115
geco22,981,170,1.589095126881319
geco22,982,170,1.6684911840102252
geco22,983,170,1.586230334113626
geco22,984,170,1.5982846877154182
geco22,985,170,1.6566928639131433
geco22,986,170,1.604738572064568
geco22,987,170,1.616368372300092
geco22,988,170,1.693571741440717
geco22,989,170,1.699122844022863
geco22,990,170,1.664518648035386
geco22,991,170,1.6758827658260569
geco22,992,170,1.7575918758616729
geco22,993,170,1.61605323342716
geco22,994,170,1.7107207354377298
geco22,995,170,1.6306529325597428
geco22,996,170,1.556700044519761
geco22,997,170,1.6303493724149816
geco22,998,170,1.5454211515538834
geco22,999,170,1.597182778751149
geco22,1000,170,1.5951805114746094
geco22,1001,171,1.6285615441394827
geco22,1002,171,1.6616469712285271
geco22,1003,171,1.6004377220109192
geco22,1004,171,1.5958003886261878
geco22,1005,171,1.5581892582408168
geco22,1006,171,1.6483344362493146
geco22,1007,171,1.539335908945541
geco22,1008,171,1.6468844051249543
geco22,1009,171,1.5448202389722678
geco22,1010,171,1.5457487050552814
geco22,1011,171,1.6442497208801627
geco22,1012,171,1.5935954489903144
geco22,1013,171,1.6750738132766814
geco22,1014,171,1.553009791680944
geco22,1015,171,1.6243473075286687
geco22,1016,171,1.6303977743226883
geco22,1017,171,1.6252577486093978
geco22,1018,171,1.5561415465951662
geco22,1019,171,1.696879738255551
geco22,1020,171,1.6060451931423612
geco22,1021,171,1.5974382545515808
geco22,1022,171,1.564305801837765
geco22,1023,171,1.5910661039296647
geco22,1024,171,1.6003944887752422
geco22,1025,171,1.6275070815058479
geco22,1026,171,1.6423593264574197
geco22,1027,171,1.6281173884520057
geco22,1028,171,1.6278675369351927
geco22,1029,171,1.6086026464986523
geco22,1030,171,1.6353474221034356
geco22,1031,171,1.623426872387267
geco22,1032,171,1.5976917646084612
geco22,1033,171,1.5880154169093796
geco22,1034,171,1.6386296679401955
geco22,1035,171,1.7303124143366229
geco22,1036,171,1.6202681692023027
geco22,1037,171,1.6049378155267726
geco22,1038,171,1.606984724078262
geco22,1039,171,1.6673651801215277
geco22,1040,171,1.675131100660179
geco22,1041,171,1.6047247724923475
geco22,1042,171,1.5938071089181287
geco22,1043,171,1.6383851703844572
geco22,1044,171,1.575433876082214
geco22,1045,171,1.6416372555738303
geco22,1046,171,1.6148736964889436
geco22,1047,171,1.5570690311186495
geco22,1048,171,1.6032461422925803
geco22,1049,171,1.583855612236157
geco22,1050,171,1.5662582575926307
geco22,1051,171,1.5687128256636056
geco22,1052,171,1.524817617315995
geco22,1053,171,1.6130761040581598
geco22,1054,171,1.566975866841991
geco22,1055,171,1.5451387996562043
geco22,1056,171,1.5381035163388614
geco22,1057,171,1.6356408191703216
geco22,1058,171,1.5528498420938415
geco22,1059,171,1.623020685207077
geco22,1060,171,1.6667340373435215
geco22,1061,171,1.5830678660967197
geco22,1062,171,1.674875002855446
geco22,1063,171,1.5444141410247625
geco22,1064,171,1.5621188872041758
geco22,1065,171,1.5715549759000365
geco22,1066,171,1.5634561282152322
geco22,1067,171,1.5296600520262245
geco22,1068,171,1.5952029758029513
geco22,1069,171,1.6526245652583607
geco22,1070,171,1.563246966802586
geco22,1071,171,1.6461202610305876
geco22,1072,171,1.6689531203599004
geco22,1073,171,1.575029250474004
geco22,1074,171,1.619313825640762
geco22,1075,171,1.541959171406707
geco22,1076,171,1.6625219869334795
geco22,1077,171,1.6449708102042215
geco22,1078,171,1.5796309800175896
geco22,1079,171,1.5739641245345624
geco22,1080,171,1.5813197978058753
geco22,1081,171,1.684078952722382
geco22,1082,171,1.6534862852933114
geco22,1083,171,1.6624845538222999
geco22,1084,171,1.5786727994506122
geco22,1085,171,1.6164996052346035
geco22,1086,171,1.6366687796966375
geco22,1087,171,1.5768702546058342
geco22,1088,171,1.6138405604669226
geco22,1089,171,1.605509038557086
geco22,1090,171,1.637854102062203
geco22,1091,171,1.612203988415456
geco22,1092,171,1.6134420026812637
geco22,1093,171,1.620980826037669
geco22,1094,171,1.5499253300895468
geco22,1095,171,1.6957830239457694
geco22,1096,171,1.5974888494837354
geco22,1097,171,1.6189130816543311
geco22,1098,171,1.6203990735505756
geco22,1099,171,1.6377699110243056
geco22,1100,171,1.567700837787829
geco22,1101,171,1.579420056259423
geco22,1102,171,1.5922610188088222
geco22,1103,171,1.6294053507130049
geco22,1104,171,1.5978990744429025
geco22,1105,171,1.6288716054102133
geco22,1106,171,1.5471582245408444
geco22,1107,171,1.4990970544647753
geco22,1108,171,1.5854335361056857
geco22,1109,171,1.5680640148140534
geco22,1110,171,1.527681161088553
geco22,1111,171,1.6816739980240314
geco22,1112,171,1.6266349212468019
geco22,1113,171,1.6271942763300666
geco22,1114,171,1.5813464783785636
geco22,1115,171,1.5970914963393184
geco22,1116,171,1.646212661475466
geco22,1117,171,1.6086854544299387
geco22,1118,171,1.575530381230583
geco22,1119,171,1.5750704313579358
geco22,1120,171,1.5164802952816612
geco22,1121,171,1.5583272565875137
geco22,1122,171,1.5298372681377923
geco22,1123,171,1.5496768616793448
geco22,1124,171,1.6381209524054277
geco22,1125,171,1.5465718765704952
geco22,1126,171,1.5896052310341282
geco22,1127,171,1.5981137459738213
geco22,1128,171,1.5659382245693987
geco22,1129,171,1.5731582195438139
geco22,1130,171,1.6619784260353847
geco22,1131,171,1.6363363879465918
geco22,1132,171,1.5233162327816612
geco22,1133,171,1.5997962282415021
geco22,1134,171,1.5416083977236386
geco22,1135,171,1.5667487250434027
geco22,1136,171,1.5792752985368694
geco22,1137,171,1.578870271381579
geco22,1138,171,1.5728653578730354
geco22,1139,171,1.6740885952062774
geco22,1140,171,1.5823695311072277
geco22,1141,171,1.6481055990297195
geco22,1142,171,1.592737476728116
geco22,1143,171,1.546610737404628
geco22,1144,171,1.5753673531158625
geco22,1145,171,1.6502315677397432
geco22,1146,171,1.6736691569724278
geco22,1147,171,1.6268827204118694
geco22,1148,171,1.591383727670413
geco22,1149,171,1.6313438638609055
geco22,1150,171,1.5937331796389573
geco22,1151,171,1.5851044236567982
geco22,1152,171,1.630604838767247
geco22,1153,171,1.595059801960549
geco22,1154,171,1.64442867702908
geco22,1155,171,1.6522172180532713
geco22,1156,171,1.6510707565218385
geco22,1157,171,1.5799263402035362
geco22,1158,171,1.6122135363127057
geco22,1159,171,1.6425808912132218
geco22,1160,171,1.5756528084738213
geco22,1161,171,1.6529995656152914
geco22,1162,171,1.6929678219800803
geco22,1163,171,1.6453952008520651
geco22,1164,171,1.5411208303351152
geco22,1165,171,1.5750858239960253
geco22,1166,171,1.5430835924650494
geco22,1167,171,1.7150633516367415
geco22,1168,171,1.6178777594315379
geco22,1169,171,1.6748819630048428
geco22,1170,171,1.731887906615497
geco22,1171,171,1.6894175211588542
geco22,1172,171,1.7078020419293678
geco22,1173,171,1.6656790393137793
geco22,1174,171,1.6047543531272843
geco22,1175,171,1.6663753665678682
geco22,1176,171,1.6453637909470944
geco22,1177,171,1.6876367044727705
geco22,1178,171,1.6808679591842561
geco22,1179,171,1.62942611962034
geco22,1180,171,1.6964335302163285
geco22,1181,171,1.6793769702576755
geco22,1182,171,1.6162587662189327
geco22,1183,171,1.6740050734135143
geco22,1184,171,1.6324009588587354
geco22,1185,171,1.6134518182765671
geco22,1186,171,1.6718672813727842
geco22,1187,171,1.6047133953250639
geco22,1188,171,1.6052623101842334
geco22,1189,171,1.6343582331785682
geco22,1190,171,1.6249771118164062
geco22,1191,171,1.6953042459766767
geco22,1192,171,1.7184568706311678
geco22,1193,171,1.7202683833607457
geco22,1194,171,1.656892743027001
geco22,1195,171,1.6552902132447003
geco22,1196,171,1.7357553403977064
geco22,1197,171,1.706079940349735
geco22,1198,171,1.695147508766219
geco22,1199,171,1.632647196451823
geco22,1200,171,1.7168249832956415
geco22,1201,171,1.7295063754968476
geco22,1202,171,1.621998926352339
geco22,1203,171,1.578369296782198
geco22,1204,171,1.6360691806726289
geco22,1205,171,1.645202012089958
geco22,1206,171,1.7008446141293174
geco22,1207,171,1.6578386987161915
geco22,1208,171,1.6601380019160041
geco22,1209,171,1.6584860818427907
geco22,1210,171,1.7020805314270377
geco22,1211,171,1.6312155026441428
geco22,1212,171,1.627059088812934
geco22,1213,171,1.6173178689521657
geco22,1214,171,1.6948496500651042
geco22,1215,171,1.724698429219207
geco22,1216,171,1.746091876113624
geco22,1217,171,1.6373820165444535
geco22,1218,171,1.751405504014757
geco22,1219,171,1.655465689318919
geco22,1220,171,1.6357811821831598
geco22,1221,171,1.7506954795435856
geco22,1222,171,1.6740654839409723
geco22,1223,171,1.6498229266607274
geco22,1224,171,1.690233732524671
geco22,1225,171,1.7601896587171053
geco22,1226,171,1.6560606482433298
geco22,1227,171,1.640226576063368
geco22,1228,171,1.6834433929264894
geco22,1229,171,1.6829038028828582
geco22,1230,171,1.6682426051089638
geco22,1231,171,1.6755275614777503
geco22,1232,171,1.675827115599872
geco22,1233,171,1.7085407547086302
geco22,1234,171,1.6370296812894052
geco22,1235,171,1.6471940425404332
geco22,1236,171,1.7182935748183936
geco22,1237,171,1.6832291898671647
geco22,1238,171,1.6242803383988944
geco22,1239,171,1.6647335520961828
geco22,1240,171,1.7736079344275402
geco22,1241,171,1.6617013139334338
geco22,1242,171,1.7995409156843933
geco22,1243,171,1.6299575448733323
geco22,1244,171,1.7466908951251827
geco22,1245,171,1.700451678002787
geco22,1246,171,1.6887915538765534
geco22,1247,171,1.7553594042683205
geco22,1248,171,1.689353541324013
geco22,1249,171,1.6704038207293952
geco22,1250,171,1.6611796596594024
geco22,1251,171,1.7109375
geco22,1252,171,1.756543611225329
geco22,1253,171,1.6853147807874178
geco22,1254,171,1.7171468455889072
geco22,1255,171,1.734567385667946
geco22,1256,171,1.7082249156215734
geco22,1257,171,1.6962937918322825
geco22,1258,171,1.682984647695084
geco22,1259,171,1.7408169751975968
geco22,1260,171,1.7373134323030885
geco22,1261,171,1.6306867097553455
geco22,1262,171,1.648950409470943
geco22,1263,171,1.7213630899351242
geco22,1264,171,1.7389232791655245
geco22,1265,171,1.6689093963444581
geco22,1266,171,1.7288358811049434
geco22,1267,171,1.6399261296144005
geco22,1268,171,1.682439034445244
geco22,1269,171,1.7021750734563459
geco22,1270,171,1.7083104005333973
geco22,1271,171,1.734068574961166
geco22,1272,171,1.647967511450338
geco22,1273,171,1.7073910361842106
geco22,1274,171,1.6531389916849415
geco22,1275,171,1.5961479499326114
geco22,1276,171,1.636231093378792
geco22,1277,171,1.6356608965243513
geco22,1278,171,1.6466108177140442
geco22,1279,171,1.6422481425324378
geco22,1280,171,1.6658832706206026
geco22,1281,171,1.6597501966688368
geco22,1282,171,1.6711077773780154
geco22,1283,171,1.6885784216094435
geco22,1284,171,1.6417240789759229
geco22,1285,171,1.6704403168973867
geco22,1286,171,1.6029709933096903
geco22,1287,171,1.6169678983632585
geco22,1288,171,1.657049480237459
geco22,1289,171,1.7625768561112254
geco22,1290,171,1.7113721524065697
geco22,1291,171,1.6931564598752742
geco22,1292,171,1.6766203495494105
geco22,1293,171,1.668265716374269
geco22,1294,171,1.7395831994843065
geco22,1295,171,1.6767195316783168
geco22,1296,171,1.655003597861842
geco22,1297,171,1.6956142849392362
geco22,1298,171,1.7093521475094802
geco22,1299,171,1.71312423616822
geco22,1300,171,1.7297861645793358
geco22,1301,171,1.735222978201526
geco22,1302,171,1.714051051446569
geco22,1303,171,1.681835955346537
geco22,1304,171,1.6690396314475968
geco22,1305,171,1.635119120279948
geco22,1306,171,1.682681167334841
geco22,1307,171,1.741575140702097
geco22,1308,171,1.693635907089501
geco22,1309,171,1.7284123827839455
geco22,1310,171,1.6912203783180282
geco22,1311,171,1.742294534605149
geco22,1312,171,1.7707024289850604
geco22,1313,171,1.714685718915616
geco22,1314,171,1.7057857401886878
geco22,1315,171,1.6850203575446592
geco22,1316,171,1.797413965414839
geco22,1317,171,1.6772504661515442
geco22,1318,171,1.6844610024613944
geco22,1319,171,1.7122427957099782
geco22,1320,171,1.6496315225523117
geco22,1321,171,1.6224768566109284
geco22,1322,171,1.798209742495888
geco22,1323,171,1.658233017949333
geco22,1324,171,1.6485341389973958
geco22,1325,171,1.743464419716283
geco22,1326,171,1.6306130927905702
geco22,1327,171,1.763594421029788
geco22,1328,171,1.6721767849392362
geco22,1329,171,1.7380172104863396
geco22,1330,171,1.7425998442354258
geco22,1331,171,1.653608310989469
geco22,1332,171,1.6567865561323556
geco22,1333,171,1.6444168536983736
geco22,1334,171,1.6987031635485197
geco22,1335,171,1.6782154284025494
geco22,1336,171,1.693428931877627
geco22,1337,171,1.6980498910647386
geco22,1338,171,1.7098919606348226
geco22,1339,171,1.6640842281586943
geco22,1340,171,1.6520963077656707
geco22,1341,171,1.6445503457944992
geco22,1342,171,1.6747694405895925
geco22,1343,171,1.6879665977076481
geco22,1344,171,1.620818467168083
geco22,1345,171,1.7158817045869883
geco22,1346,171,1.6674959952371162
geco22,1347,171,1.7727676302368878
geco22,1348,171,1.6675627859015214
geco22,1349,171,1.6801637348375822
geco22,1350,171,1.7297241924798976
geco22,1351,171,1.6955178244072093
geco22,1352,171,1.7182247764185856
geco22,1353,171,1.7193730226037098
geco22,1354,171,1.6916671663697003
geco22,1355,171,1.7134565386855811
geco22,1356,171,1.7013216966774032
geco22,1357,171,1.7073434751633314
geco22,1358,171,1.6861101117050439
geco22,1359,171,1.6556075246710527
geco22,1360,171,1.6839509484363577
geco22,1361,171,1.7257975081951298
geco22,1362,171,1.6232431869060673
geco22,1363,171,1.781092147380985
geco22,1364,171,1.6785334536903782
geco22,1365,171,1.6823901795504386
geco22,1366,171,1.7195356045550072
geco22,1367,171,1.6392043710452073
geco22,1368,171,1.709740800467151
geco22,1369,171,1.6281253301609329
geco22,1370,171,1.752304612544545
geco22,1371,171,1.610545822054322
geco22,1372,171,1.623952497515762
geco22,1373,171,1.602373758951823
geco22,1374,171,1.5978872734203673
geco22,1375,171,1.5800102189270377
geco22,1376,171,1.6430200052540205
geco22,1377,171,1.6050481071249085
geco22,1378,171,1.6707134135285315
geco22,1379,171,1.645880225109078
geco22,1380,171,1.6392318100957146
geco22,1381,171,1.5972145035950065
geco22,1382,171,1.6520195007324219
geco22,1383,171,1.7012438411601105
geco22,1384,171,1.7729408754939922
geco22,1385,171,1.6724853069461576
geco22,1386,171,1.7169925622772753
geco22,1387,171,1.6472986232467561
geco22,1388,171,1.6420968038993968
geco22,1389,171,1.6281458982947277
geco22,1390,171,1.5968241552163285
geco22,1391,171,1.6604452300489994
geco22,1392,171,1.6136475501701846
geco22,1393,171,1.6910320527372305
geco22,1394,171,1.6752369306240862
geco22,1395,171,1.6543296233952394
geco22,1396,171,1.6996607641030472
geco22,1397,171,1.7125759013215003
geco22,1398,171,1.6366180955317982
geco22,1399,171,1.673771908408717
geco22,1400,171,1.6409323173656798
geco22,1401,171,1.5808708681697734
geco22,1402,171,1.6541876095777366
geco22,1403,171,1.6333623518023574
geco22,1404,171,1.6159450240999635
geco22,1405,171,1.679661800986842
geco22,1406,171,1.5348993267929345
geco22,1407,171,1.599952340823168
geco22,1408,171,1.5694061636227614
geco22,1409,171,1.5479957625182748
geco22,1410,171,1.6287535951848615
geco22,1411,171,1.5553896719949287
geco22,1412,171,1.646995142886513
geco22,1413,171,1.6186686733312774
geco22,1414,171,1.6647752906843933
geco22,1415,171,1.6547009205957601
geco22,1416,171,1.6021862364651864
geco22,1417,171,1.6269530357673154
geco22,1418,171,1.6716919837639346
geco22,1419,171,1.781270166586714
geco22,1420,171,1.6989307068941886
geco22,1421,171,1.7333871941817434
geco22,1422,171,1.7247341222930372
geco22,1423,171,1.6867671765779193
geco22,1424,171,1.6630120974535134
geco22,1425,171,1.6576147246779056
geco22,1426,171,1.7014790139003106
geco22,1427,171,1.705341004488761
geco22,1428,171,1.7605471248515168
geco22,1429,171,1.7063542416221218
geco22,1430,171,1.6789590935958059
geco22,1431,171,1.6738510577999361
geco22,1432,171,1.7302992078993056
geco22,1433,171,1.647403159336737
geco22,1434,171,1.6574545073927494
geco22,1435,171,1.6446104886239035
geco22,1436,171,1.6243435151395742
geco22,1437,171,1.7449357328359147
geco22,1438,171,1.6936665139003106
geco22,1439,171,1.6431789286652503
geco22,1440,171,1.7037394116496483
geco22,1441,171,1.6613917657506396
geco22,1442,171,1.6932455587108233
geco22,1443,171,1.624796281781113
geco22,1444,171,1.6691667880231178
geco22,1445,171,1.726091262192754
geco22,1446,171,1.7744871440686678
geco22,1447,171,1.6580236780713176
geco22,1448,171,1.6609459592584979
geco22,1449,171,1.664538377906844
geco22,1450,171,1.6748934294048108
geco22,1451,171,1.6442657827633864
geco22,1452,171,1.7353728891116136
geco22,1453,171,1.6752789592185215
geco22,1454,171,1.727858961674205
geco22,1455,171,1.5994596425552814
geco22,1456,171,1.5985029789439418
geco22,1457,171,1.6691042359112298
geco22,1458,171,1.7488565723798428
geco22,1459,171,1.6873472336440059
geco22,1460,171,1.5971084505493878
geco22,1461,171,1.7086222687659904
geco22,1462,171,1.6581569024693896
geco22,1463,171,1.7193143967299434
geco22,1464,171,1.6233942578410545
geco22,1465,171,1.7149654633817617
geco22,1466,171,1.7417889868306835
geco22,1467,171,1.7140449390076755
geco22,1468,171,1.6962501570495248
geco22,1469,171,1.5947410181949013
geco22,1470,171,1.5768234520627742
geco22,1471,171,1.6963826675861202
geco22,1472,171,1.6708147372418678
geco22,1473,171,1.6066417136387519
geco22,1474,171,1.690075701440287
geco22,1475,171,1.6597909313893457
geco22,1476,171,1.6598453633269372
geco22,1477,171,1.6390970687420048
geco22,1478,171,1.6496805559124863
geco22,1479,171,1.704551116764894
geco22,1480,171,1.6190897623697917
geco22,1481,171,1.6814484177974232
geco22,1482,171,1.7046489157871894
geco22,1483,171,1.7731181808382448
geco22,1484,171,1.7239713166889392
geco22,1485,171,1.754284239651864
geco22,1486,171,1.7125763474849232
geco22,1487,171,1.7620307966979623
geco22,1488,171,1.8343828881693165
geco22,1489,171,1.846359342162372
geco22,1490,171,1.783888610482913
geco22,1491,171,1.8411819725705867
geco22,1492,171,1.783716480634366
geco22,1493,171,1.743231790107593
geco22,1494,171,1.783598604258041
geco22,1495,171,1.6730855305989583
geco22,1496,171,1.702156646906981
geco22,1497,171,1.6750163474278144
geco22,1498,171,1.7559809991490771
geco22,1499,171,1.7136333086337263
geco22,1500,171,1.6595380459612572
geco22,1501,171,1.6713511149088542
geco22,1502,171,1.6836123103983918
geco22,1503,171,1.6782609370716832
geco22,1504,171,1.7013702392578125
geco22,1505,171,1.655762968007584
geco22,1506,171,1.6964453981633771
geco22,1507,171,1.5935756393343385
geco22,1508,171,1.6689362107661732
geco22,1509,171,1.669711821260508
geco22,1510,171,1.726133380019874
geco22,1511,171,1.7136282223707053
geco22,1512,171,1.627487093384503
geco22,1513,171,1.7608829074435763
geco22,1514,171,1.6758078413400037
geco22,1515,171,1.7091173317000183
geco22,1516,171,1.6959902222393548
geco22,1517,171,1.732104295875594
geco22,1518,171,1.6750714039941976
geco22,1519,171,1.645171360662806
geco22,1520,171,1.6860395286515442
geco22,1521,171,1.6720732304087855
geco22,1522,171,1.7242195620174297
geco22,1523,171,1.6700408221685399
geco22,1524,171,1.6764741417957327
geco22,1525,171,1.7399445918568395
geco22,1526,171,1.615246153714364
geco22,1527,171,1.6424987079107274
geco22,1528,171,1.6703007569787098
geco22,1529,171,1.7008356462445176
geco22,1530,171,1.681029202645285
geco22,1531,171,1.7902915909973502
geco22,1532,171,1.6271488568936174
geco22,1533,171,1.7074259261638798
geco22,1534,171,1.7747327570329632
geco22,1535,171,1.812077572471217
geco22,1536,171,1.721306025633338
geco22,1537,171,1.7952106765836302
geco22,1538,171,1.7722636440344024
geco22,1539,171,1.6844168322825293
geco22,1540,171,1.6854616577862298
geco22,1541,171,1.681779738755254
geco22,1542,171,1.7818113628186678
geco22,1543,171,1.6843205055995294
geco22,1544,171,1.8294059351870888
geco22,1545,171,1.7019773784436678
geco22,1546,171,1.6690022875691017
geco22,1547,171,1.673045018960161
geco22,1548,171,1.674282319364492
geco22,1549,171,1.7319779423942343
geco22,1550,171,1.650616472924662
geco22,1551,171,1.6691556339375457
geco22,1552,171,1.63129188582214
geco22,1553,171,1.6497717963324652
geco22,1554,171,1.6834771674976015
geco22,1555,171,1.7542468511570266
geco22,1556,171,1.7391965988783809
geco22,1557,171,1.7297873692205774
geco22,1558,171,1.689906070106908
geco22,1559,171,1.7102811043722588
geco22,1560,171,1.7252703214946545
geco22,1561,171,1.720408300210161
geco22,1562,171,1.7069317555566976
geco22,1563,171,1.694469786526864
geco22,1564,171,1.7320951049090827
geco22,1565,171,1.6934720758806194
geco22,1566,171,1.673808583042078
geco22,1567,171,1.6739481429607548
geco22,1568,171,1.8393209803174113
geco22,1569,171,1.7252475671600878
geco22,1570,171,1.7393244693153782
geco22,1571,171,1.6915327373303866
geco22,1572,171,1.6501463059096309
geco22,1573,171,1.6727354707773665
geco22,1574,171,1.6441550450018274
geco22,1575,171,1.6830474675050255
geco22,1576,171,1.702383297925804
geco22,1577,171,1.6815276564213268
geco22,1578,171,1.6619587502284356
geco22,1579,171,1.6065388283534356
geco22,1580,171,1.6651770162303545
geco22,1581,171,1.7071923149956598
geco22,1582,171,1.6868720695986386
geco22,1583,171,1.716064453125
geco22,1584,171,1.674675166258338
geco22,1585,171,1.6405487060546875
geco22,1586,171,1.5851553755196912
geco22,1587,171,1.6765085856119792
geco22,1588,171,1.7125637656763981
geco22,1589,171,1.7867617244608918
geco22,1590,171,1.6902052672982912
geco22,1591,171,1.840502733375594
geco22,1592,171,1.7136267946477521
geco22,1593,171,1.7374380011307566
geco22,1594,171,1.7293447751050803
geco22,1595,171,1.7521453322025768
geco22,1596,171,1.6798701593053271
geco22,1597,171,1.6510662948876096
geco22,1598,171,1.6465004368832237
geco22,1599,171,1.6181076674433479
geco22,1600,171,1.7106926455135234
geco22,1601,171,1.6297419140910545
geco22,1602,171,1.722929078933091
geco22,1603,171,1.6418219226145605
geco22,1604,171,1.779330337256716
geco22,1605,171,1.688474063984832
geco22,1606,171,1.697764301857753
geco22,1607,171,1.658345183433845
geco22,1608,171,1.6974460534882128
geco22,1609,171,1.7136623984888981
geco22,1610,171,1.7795772440949378
geco22,1611,171,1.6497207552368878
geco22,1612,171,1.6738283034653691
geco22,1613,171,1.6262370327062774
geco22,1614,171,1.7213152612161915
geco22,1615,171,1.7194318269428455
geco22,1616,171,1.702001292803134
geco22,1617,171,1.7496947349860654
geco22,1618,171,1.6952123809279056
geco22,1619,171,1.697324206257424
geco22,1620,171,1.6159294083801627
geco22,1621,171,1.6446120948122258
geco22,1622,171,1.7114701298942343
geco22,1623,171,1.7397501092208059
geco22,1624,171,1.6862767091271473
geco22,1625,171,1.6491027296635143
geco22,1626,171,1.685924240023072
geco22,1627,171,1.6672278510199652
geco22,1628,171,1.7055879113269827
geco22,1629,171,1.6016186273585984
geco22,1630,171,1.65766960277892
geco22,1631,171,1.6180791129842835
geco22,1632,171,1.646216409248218
geco22,1633,171,1.7543649952314053
geco22,1634,171,1.6618929857399032
geco22,1635,171,1.740293580886216
geco22,1636,171,1.619853058753655
geco22,1637,171,1.7490589521084612
geco22,1638,171,1.593582867181789
geco22,1639,171,1.6453245285658809
geco22,1640,171,1.6420638770387883
geco22,1641,171,1.638663219429596
geco22,1642,171,1.6194111784996346
geco22,1643,171,1.604412859643412
geco22,1644,171,1.671237834015785
geco22,1645,171,1.6427690383286504
geco22,1646,171,1.6221222905387656
geco22,1647,171,1.6655361331694307
geco22,1648,171,1.6201596176415158
geco22,1649,171,1.644488016764323
geco22,1650,171,1.5876625016418815
geco22,1651,171,1.6285774275573373
geco22,1652,171,1.683585228278623
geco22,1653,171,1.6743551778514483
geco22,1654,171,1.6608926873458059
geco22,1655,171,1.5841540955660636
geco22,1656,171,1.6090572424102247
geco22,1657,171,1.732184426826343
geco22,1658,171,1.7463914302357457
geco22,1659,171,1.811019986693622
geco22,1660,171,1.6753598040307474
geco22,1661,171,1.759041234066612
geco22,1662,171,1.6205740142286869
geco22,1663,171,1.6581819322374132
geco22,1664,171,1.6081051742821408
geco22,1665,171,1.7289337693599232
geco22,1666,171,1.6326045878449378
geco22,1667,171,1.7186653181823373
geco22,1668,171,1.749196950455158
geco22,1669,171,1.7082280387655335
geco22,1670,171,1.7682348775584795
geco22,1671,171,1.604883651287235
geco22,1672,171,1.6772761651647021
geco22,1673,171,1.7161801433005528
geco22,1674,171,1.677864967033877
geco22,1675,171,1.722845869454724
geco22,1676,171,1.7178781074390077
geco22,1677,171,1.737149779559576
geco22,1678,171,1.7249114276372899
geco22,1679,171,1.6987669649179915
geco22,1680,171,1.6503920527229532
geco22,1681,171,1.6479912473444354
geco22,1682,171,1.6670372053893685
geco22,1683,171,1.6363655670344481
geco22,1684,171,1.8171923007184303
geco22,1685,171,1.693914893077828
geco22,1686,171,1.783248990599872
geco22,1687,171,1.697987071254797
geco22,1688,171,1.6945019549096536
geco22,1689,171,1.695647568730583
geco22,1690,171,1.6981376067936769
geco22,1691,171,1.704911126030816
geco22,1692,171,1.6945659347444948
geco22,1693,171,1.761969583076343
geco22,1694,171,1.734606291118421
geco22,1695,171,1.6947890610722771
geco22,1696,171,1.775183515939099
geco22,1697,171,1.7182191547594572
geco22,1698,171,1.7143668905336258
geco22,1699,171,1.7013704177231816
geco22,1700,171,1.7097447267052723
geco22,1701,171,1.7497558147586576
geco22,1702,171,1.7355771427266082
geco22,1703,171,1.7230644895319354
geco22,1704,171,1.6628310889528508
geco22,1705,171,1.6962734467801992
geco22,1706,171,1.7472087123937774
geco22,1707,171,1.7283189561631944
geco22,1708,171,1.768756219518115
geco22,1709,171,1.707899840951663
geco22,1710,171,1.7470016925655611
geco22,1711,171,1.6893534074749863
geco22,1712,171,1.7093674509148848
geco22,1713,171,1.7376789739954541
geco22,1714,171,1.7474551730685763
geco22,1715,171,1.73121170133178
geco22,1716,171,1.7017361824972588
geco22,1717,171,1.7761974669339364
geco22,1718,171,1.7636774074264436
geco22,1719,171,1.722508480674342
geco22,1720,171,1.724078172828719
geco22,1721,171,1.6464074564258955
geco22,1722,171,1.7394595675998263
geco22,1723,171,1.6955453749985723
geco22,1724,171,1.7628114711471468
geco22,1725,171,1.748314260739332
geco22,1726,171,1.756057962339524
geco22,1727,171,1.7314774362664473
geco22,1728,171,1.7319753100300392
geco22,1729,171,1.6996425160190516
geco22,1730,171,1.8089857045670001
geco22,1731,171,1.8130097417106406
geco22,1732,171,1.7654450622915525
geco22,1733,171,1.7148944787811815
geco22,1734,171,1.7097537392064144
geco22,1735,171,1.663928650973136
geco22,1736,171,1.7758600781535545
geco22,1737,171,1.7128589027806331
geco22,1738,171,1.779406720434713
geco22,1739,171,1.772559628849141
geco22,1740,171,1.7658701221845303
geco22,1741,171,1.7533847741913378
geco22,1742,171,1.7002167729606406
geco22,1743,171,1.7378187569958425
geco22,1744,171,1.7158549347816154
geco22,1745,171,1.7108024017155519
geco22,1746,171,1.704539159585161
geco22,1747,171,1.75360107421875
geco22,1748,171,1.8568886204769737
geco22,1749,171,1.773365489223547
geco22,1750,171,1.7339607818781981
geco22,1751,171,1.8011129278885691
geco22,1752,171,1.8221709045053225
geco22,1753,171,1.678140383714821
geco22,1754,171,1.7441026118763707
geco22,1755,171,1.7132869965848867
geco22,1756,171,1.7159563923439785
geco22,1757,171,1.6704254150390625
geco22,1758,171,1.712370576914291
geco22,1759,171,1.7502682334498356
geco22,1760,171,1.7474832813642178
geco22,1761,171,1.715046977439122
geco22,1762,171,1.6959628278051901
geco22,1763,171,1.7451140643560399
geco22,1764,171,1.794397811443485
geco22,1765,171,1.7463647942793996
geco22,1766,171,1.7341483489811769
geco22,1767,171,1.7235427767212628
geco22,1768,171,1.6930511653074745
geco22,1769,171,1.8275566770319354
geco22,1770,171,1.7383066813151042
geco22,1771,171,1.7391009414405154
geco22,1772,171,1.7414333053499635
geco22,1773,171,1.7180544312237298
geco22,1774,171,1.7380868119803088
geco22,1775,171,1.717808773643092
geco22,1776,171,1.746810199224461
geco22,1777,171,1.7526109483506944
geco22,1778,171,1.7158887539690697
geco22,1779,171,1.687174657632036
geco22,1780,171,1.7048440676683572
geco22,1781,171,1.6965159812168769
geco22,1782,171,1.6991543240017362
geco22,1783,171,1.7282707705135234
geco22,1784,171,1.6880537780404787
geco22,1785,171,1.7274110135976335
geco22,1786,171,1.677073963901453
geco22,1787,171,1.716124863652458
geco22,1788,171,1.706445526658443
geco22,1789,171,1.6437858447693943
geco22,1790,171,1.6615065189830043
geco22,1791,171,1.7019445408157439
geco22,1792,171,1.6619911416929367
geco22,1793,171,1.726030360885531
geco22,1794,171,1.6403506094949287
geco22,1795,171,1.7222327516790021
geco22,1796,171,1.7016517683776498
geco22,1797,171,1.6821024933753654
geco22,1798,171,1.7438204581277412
geco22,1799,171,1.7151648091991045
geco22,1800,171,1.6542924133657713
geco22,1801,171,1.6575933088336074
geco22,1802,171,1.781016210366411
geco22,1803,171,1.734723542865954
geco22,1804,171,1.7424826817205774
geco22,1805,171,1.6419238709566886
geco22,1806,171,1.6834269741125274
geco22,1807,171,1.7220182363052814
geco22,1808,171,1.669146086040296
geco22,1809,171,1.8171762388352064
geco22,1810,171,1.6565959551181013
geco22,1811,171,1.790905154936495
geco22,1812,171,1.7004624751576207
geco22,1813,171,1.7974309196249085
geco22,1814,171,1.7447622198807566
geco22,1815,171,1.6690174571254797
geco22,1816,171,1.6426645022386697
geco22,1817,171,1.694324961879797
geco22,1818,171,1.6970898366113851
geco22,1819,171,1.6371326111910636
geco22,1820,171,1.6372490598444354
geco22,1821,171,1.621968832629466
geco22,1822,171,1.7082870215700383
geco22,1823,171,1.6784349408066064
geco22,1824,171,1.6824651350054824
geco22,1825,171,1.6730178922240497
geco22,1826,171,1.678551077145582
geco22,1827,171,1.6313671089752375
geco22,1828,171,1.6416253430104395
geco22,1829,171,1.7074720594618056
geco22,1830,171,1.7408797057748537
geco22,1831,171,1.7300630089832327
geco22,1832,171,1.751776533517224
geco22,1833,171,1.7670066788879752
geco22,1834,171,1.6534175761261878
geco22,1835,171,1.6639123213918585
geco22,1836,171,1.7043577049210754
geco22,1837,171,1.7226209584732501
geco22,1838,171,1.7321184838724415
geco22,1839,171,1.7249883462113944
geco22,1840,171,1.6784853572733918
geco22,1841,171,1.6987332349632218
geco22,1842,171,1.7151914897717928
geco22,1843,171,1.671904759100306
geco22,1844,171,1.8245221411275585
geco22,1845,171,1.8076129043311404
geco22,1846,171,1.7494634438676444
geco22,1847,171,1.6976808246813322
geco22,1848,171,1.7480556644194307
geco22,1849,171,1.729757565503929
geco22,1850,171,1.7251058210406387
geco22,1851,171,1.742271021792763
geco22,1852,171,1.6809974804259182
geco22,1853,171,1.7499944675735564
geco22,1854,171,1.750038548519737
geco22,1855,171,1.689620882447003
geco22,1856,171,1.7489717717756306
geco22,1857,171,1.7208604422229075
geco22,1858,171,1.7402032774094252
geco22,1859,171,1.699155840957374
geco22,1860,171,1.7014836539999085
geco22,1861,171,1.772632264254386
geco22,1862,171,1.665341739766082
geco22,1863,171,1.7137735824138798
geco22,1864,171,1.7015459384137428
geco22,1865,171,1.7998963294670596
geco22,1866,171,1.6888776634171692
geco22,1867,171,1.745328936660499
geco22,1868,171,1.6757068299410636
geco22,1869,171,1.701830858375594
geco22,1870,171,1.7371964928699515
geco22,1871,171,1.6945673401592767
geco22,1872,171,1.659945125468293
geco22,1873,171,1.7798643948739035
geco22,1874,171,1.7248626173588268
geco22,1875,171,1.7396632858187135
geco22,1876,171,1.7066215827451114
geco22,1877,171,1.7105450546532346
geco22,1878,171,1.625099583675987
geco22,1879,171,1.6857814677277503
geco22,1880,171,1.6683633369311952
geco22,1881,171,1.6280958387586806
geco22,1882,171,1.6754756280553271
geco22,1883,171,1.723269680090118
geco22,1884,171,1.7029016505905061
geco22,1885,171,1.7444016306023848
geco22,1886,171,1.674061290004797
geco22,1887,171,1.6665239836040295
geco22,1888,171,1.655523467482182
geco22,1889,171,1.704946774488304
geco22,1890,171,1.6859444958424707
geco22,1891,171,1.7304611206054688
geco22,1892,171,1.6368955199481452
geco22,1893,171,1.6619621856867919
geco22,1894,171,1.697273075929162
geco22,1895,171,1.6674638714706689
geco22,1896,171,1.6823158041078445
geco22,1897,171,1.6839395712690743
geco22,1898,171,1.6963212308827897
geco22,1899,171,1.6953717505025585
geco22,1900,171,1.747175339369746
geco22,1901,171,1.645598115976791
geco22,1902,171,1.6673925745556926
geco22,1903,171,1.6522619236282439
geco22,1904,171,1.6758805659779332
geco22,1905,171,1.6442387452599598
geco22,1906,171,1.6449749595240544
geco22,1907,171,1.6019795735677083
geco22,1908,171,1.598519397757904
geco22,1909,171,1.635222764043083
geco22,1910,171,1.669197484066612
geco22,1911,171,1.6142984133714822
geco22,1912,171,1.7088163944712855
geco22,1913,171,1.5593007851762382
geco22,1914,171,1.6439400834646838
geco22,1915,171,1.7330995080066702
geco22,1916,171,1.5635465655410499
geco22,1917,171,1.563012731005574
geco22,1918,171,1.6577815005653782
geco22,1919,171,1.639547716107285
geco22,1920,171,1.5568878887689601
geco22,1921,171,1.5569690012792399
geco22,1922,171,1.5905000563950566
geco22,1923,171,1.6125454372829862
geco22,1924,171,1.6104929516887108
geco22,1925,171,1.540807891310307
geco22,1926,171,1.6283026801215277
geco22,1927,171,1.583549990291484
geco22,1928,171,1.6365194934153418
geco22,1929,171,1.6503648367541575
geco22,1930,171,1.6527973197357
geco22,1931,171,1.658191524751005
geco22,1932,171,1.647974917763158
geco22,1933,171,1.5465521115308616
geco22,1934,171,1.6072048611111112
geco22,1935,171,1.582389563844915
geco22,1936,171,1.6493516888534814
geco22,1937,171,1.6413326151886878
geco22,1938,171,1.6828959057902733
geco22,1939,171,1.6021595558924981
geco22,1940,171,1.6450429994460436
geco22,1941,171,1.6177147759331598
geco22,1942,171,1.6207241928368283
geco22,1943,171,1.6167304501896016
geco22,1944,171,1.6249769779673793
geco22,1945,171,1.656731588798657
geco22,1946,171,1.6410236470183435
geco22,1947,171,1.6060763353492782
geco22,1948,171,1.6950656823944628
geco22,1949,171,1.6164338853624132
geco22,1950,171,1.717572039330912
geco22,1951,171,1.757000928733781
geco22,1952,171,1.722718980577257
geco22,1953,171,1.680279737327531
geco22,1954,171,1.708638464498241
geco22,1955,171,1.611634371573465
geco22,1956,171,1.6235584459806744
geco22,1957,171,1.5969487240439968
geco22,1958,171,1.6101910329004476
geco22,1959,171,1.6633346289919133
geco22,1960,171,1.6580329582705136
geco22,1961,171,1.67315147355286
geco22,1962,171,1.6829643918756854
geco22,1963,171,1.63039741739195
geco22,1964,171,1.7047380592390808
geco22,1965,171,1.6777119329798291
geco22,1966,171,1.612054479052449
geco22,1967,171,1.6954281901755528
geco22,1968,171,1.6817121003803455
geco22,1969,171,1.6666865655553271
geco22,1970,171,1.758444713570221
geco22,1971,171,1.7334402876290662
geco22,1972,171,1.7601308543779697
geco22,1973,171,1.6821192691200657
geco22,1974,171,1.658110323008041
geco22,1975,171,1.7048773960760462
geco22,1976,171,1.6928742168939601
geco22,1977,171,1.6571819907740544
geco22,1978,171,1.7298986423782439
geco22,1979,171,1.6839620132892452
geco22,1980,171,1.602724175704153
geco22,1981,171,1.7411041259765625
geco22,1982,171,1.61268142789428
geco22,1983,171,1.7127247860557155
geco22,1984,171,1.6542854532163742
geco22,1985,171,1.6919730560124269
geco22,1986,171,1.6046967088130482
geco22,1987,171,1.6575449447185673
geco22,1988,171,1.7219997205232318
geco22,1989,171,1.6473644769679734
geco22,1990,171,1.644492366857696
geco22,1991,171,1.6389667890225237
geco22,1992,171,1.6583939044796236
geco22,1993,171,1.7289115058051214
geco22,1994,171,1.802910966482776
geco22,1995,171,1.710363689221834
geco22,1996,171,1.6703085648386102
geco22,1997,171,1.691989653291758
geco22,1998,171,1.7004679183513798
geco22,1999,171,1.6672441359849004
geco22,2000,171,1.6459753917671784
geco22,2001,171,1.666540937814099
geco22,2002,171,1.6224197476927997
geco22,2003,171,1.679762633920413
geco22,2004,171,1.7109022530895925
geco22,2005,171,1.623924746150859
geco22,2006,171,1.6351068507858186
geco22,2007,171,1.6696096498366686
geco22,2008,171,1.6956216912520559
geco22,2009,171,1.6074956704301444
geco22,2010,171,1.6750746163708425
geco22,2011,171,1.648606060541164
geco22,2012,171,1.6228287010862117
geco22,2013,171,1.608330709892407
geco22,2014,171,1.659207126550507
geco22,2015,171,1.5719549167923064
geco22,2016,171,1.6596221923828125
geco22,2017,171,1.636141414530793
geco22,2018,171,1.6206702516790021
geco22,2019,171,1.6575369137769553
geco22,2020,171,1.610096580103824
geco22,2021,171,1.61150596574036
geco22,2022,171,1.5732585170812774
geco22,2023,171,1.6137662296406707
geco22,2024,171,1.6083523488184164
geco22,2025,171,1.6233138591922514
geco22,2026,171,1.6722761455335116
geco22,2027,171,1.5725832933570907
geco22,2028,171,1.6747886256167763
geco22,2029,171,1.642890439396016
geco22,2030,171,1.6613778454518457
geco22,2031,171,1.624631290547332
geco22,2032,171,1.5808266087582237
geco22,2033,171,1.645917390522204
geco22,2034,171,1.6517800671315332
geco22,2035,171,1.5949131480434484
geco22,2036,171,1.6394899156358507
geco22,2037,171,1.704266375268412
geco22,2038,171,1.7312334741068165
geco22,2039,171,1.6408628051043952
geco22,2040,171,1.603194342719184
geco22,2041,171,1.7352853518480447
geco22,2042,171,1.7068731296829314
geco22,2043,171,1.5849648191217791
geco22,2044,171,1.625272338153326
geco22,2045,171,1.5550716467070997
geco22,2046,171,1.6614830061706185
geco22,2047,171,1.5803844608061495
geco22,2048,171,1.5589374296846445
geco22,2049,171,1.6284178795173154
geco22,2050,171,1.5375830220897295
geco22,2051,171,1.643506501850329
geco22,2052,171,1.703428926523666
geco22,2053,171,1.6319729989035088
geco22,2054,171,1.6374339499668769
geco22,2055,171,1.609921371727659
geco22,2056,171,1.6708715784619426
geco22,2057,171,1.7243552403143274
geco22,2058,171,1.6395453737493146
geco22,2059,171,1.5774242557280245
geco22,2060,171,1.580570600186175
geco22,2061,171,1.6136041830854806
geco22,2062,171,1.5956594009845577
geco22,2063,171,1.6383565266927083
geco22,2064,171,1.5741498623675072
geco22,2065,171,1.6223373859249361
geco22,2066,171,1.6536458333333333
geco22,2067,171,1.5551755135519463
geco22,2068,171,1.6035539950543678
geco22,2069,171,1.6047034012643915
geco22,2070,171,1.6183648806566384
geco22,2071,171,1.7027558890002512
geco22,2072,171,1.6486651325783535
geco22,2073,171,1.6835947315595303
geco22,2074,171,1.5554488778811448
geco22,2075,171,1.540305689761513
geco22,2076,171,1.659666585643389
geco22,2077,171,1.604019209655405
geco22,2078,171,1.5813293010867826
geco22,2079,171,1.6378280015019646
geco22,2080,171,1.718574925472862
geco22,2081,171,1.5727999503152412
geco22,2082,171,1.7453078331305967
geco22,2083,171,1.5541108783922697
geco22,2084,171,1.5829558790775768
geco22,2085,171,1.5484269348501463
geco22,2086,171,1.568740755493878
geco22,2087,171,1.6168742040444535
geco22,2088,171,1.6782094498126827
geco22,2089,171,1.6673873990599872
geco22,2090,171,1.5377768354806287
geco22,2091,171,1.627316703573305
geco22,2092,171,1.5650924325686448
geco22,2093,171,1.575560898808708
geco22,2094,171,1.6500023735894098
geco22,2095,171,1.5633664939835754
geco22,2096,171,1.5734067102621871
geco22,2097,171,1.6039450572945222
geco22,2098,171,1.6194126954552723
geco22,2099,171,1.6283036616810582
geco22,2100,171,1.5467765317325703
geco22,2101,171,1.549622206660042
geco22,2102,171,1.5671243500291256
geco22,2103,171,1.5966284679390534
geco22,2104,171,1.6524411028588724
geco22,2105,171,1.5310391877826892
geco22,2106,171,1.5296402423702486
geco22,2107,171,1.5963832565218385
geco22,2108,171,1.6407826072291325
geco22,2109,171,1.629796078330592
geco22,2110,171,1.5039097746910408
geco22,2111,171,1.5729837696454678
geco22,2112,171,1.5555073699058846
geco22,2113,171,1.5888514825475146
geco22,2114,171,1.6927005700897753
geco22,2115,171,1.5527235778451662
geco22,2116,171,1.6458158883434988
geco22,2117,171,1.5909799497727064
geco22,2118,171,1.5975923593978436
geco22,2119,171,1.6029967369391904
geco22,2120,171,1.6146230418779697
geco22,2121,171,1.5613861083984375
geco22,2122,171,1.6080516346713953
geco22,2123,171,1.653784143994426
geco22,2124,171,1.5600612707305372
geco22,2125,171,1.6532508894713998
geco22,2126,171,1.5699042604680646
geco22,2127,171,1.622119568941886
geco22,2128,171,1.7044315449675622
geco22,2129,171,1.6381075675027412
geco22,2130,171,1.601381848430076
geco22,2131,171,1.6096107527526498
geco22,2132,171,1.553950884188825
geco22,2133,171,1.5808888039393731
geco22,2134,171,1.6663662202176992
geco22,2135,171,1.6294823362116229
geco22,2136,171,1.7192596078616136
geco22,2137,171,1.6409167908785636
geco22,2138,171,1.6178879765739218
geco22,2139,171,1.6040472287183616
geco22,2140,171,1.6695053814447414
geco22,2141,171,1.6219339649579678
geco22,2142,171,1.7020108407003838
geco22,2143,171,1.6559711032443576
geco22,2144,171,1.5852231477436267
geco22,2145,171,1.7131679601836622
geco22,2146,171,1.6041140193827668
geco22,2147,171,1.7321335195797927
geco22,2148,171,1.6428626434147706
geco22,2149,171,1.6344357763814648
geco22,2150,171,1.6677860906946729
geco22,2151,171,1.6539165206819948
geco22,2152,171,1.710118968584384
geco22,2153,171,1.687537210029468
geco22,2154,171,1.6857856616639255
geco22,2155,171,1.6975055270724826
geco22,2156,171,1.690863447579724
geco22,2157,171,1.614944502624155
geco22,2158,171,1.6875564396729943
geco22,2159,171,1.6302710639105902
geco22,2160,171,1.6561944526538515
geco22,2161,171,1.6015158313059668
geco22,2162,171,1.6479278921383864
geco22,2163,171,1.720979612473159
geco22,2164,171,1.572455869083516
geco22,2165,171,1.5659621389288652
geco22,2166,171,1.590346754642955
geco22,2167,171,1.7672301175301535
geco22,2168,171,1.632522047611705
geco22,2169,171,1.6292239183570907
geco22,2170,171,1.7017924883212263
geco22,2171,171,1.6315883168003016
geco22,2172,171,1.6434594762255574
geco22,2173,171,1.7104232074224461
geco22,2174,171,1.8027998271741366
geco22,2175,171,1.692844279328285
geco22,2176,171,1.6727699592099552
geco22,2177,171,1.6545120150025128
geco22,2178,171,1.6518633212262428
geco22,2179,171,1.5882417556138066
geco22,2180,171,1.5747724388077942
geco22,2181,171,1.653495208561769
geco22,2182,171,1.6873998809279056
geco22,2183,171,1.725885045458699
geco22,2184,171,1.7023990028782894
geco22,2185,171,1.6632055985300165
geco22,2186,171,1.702198318570678
geco22,2187,171,1.6594358745374178
geco22,2188,171,1.7068807144611202
geco22,2189,171,1.6390519170036093
geco22,2190,171,1.642970034950658
geco22,2191,171,1.6303773400379202
geco22,2192,171,1.6996169954712628
geco22,2193,171,1.6665583381875915
geco22,2194,171,1.6280040183262519
geco22,2195,171,1.7128421716522753
geco22,2196,171,1.7117293062265853
geco22,2197,171,1.6266524108529787
geco22,2198,171,1.7005975288257265
geco22,2199,171,1.6640268961588542
geco22,2200,171,1.5948357386895788
geco22,2201,171,1.6198145994666027
geco22,2202,171,1.6917812949732731
geco22,2203,171,1.6556688275253564
geco22,2204,171,1.6270497639973958
geco22,2205,171,1.6526679323430646
geco22,2206,171,1.6362526876884593
geco22,2207,171,1.688727395576343
geco22,2208,171,1.7410700390910545
geco22,2209,171,1.6933351929424798
geco22,2210,171,1.6349179451925713
geco22,2211,171,1.5928686487744426
geco22,2212,171,1.686441164964821
geco22,2213,171,1.6875749554550439
geco22,2214,171,1.7035490337171053
geco22,2215,171,1.6928518194901316
geco22,2216,171,1.6846703423394098
geco22,2217,171,1.7238006591796875
geco22,2218,171,1.6396841305738303
geco22,2219,171,1.6305395650584795
geco22,2220,171,1.699020296509503
geco22,2221,171,1.6916274578250639
geco22,2222,171,1.653833668134366
geco22,2223,171,1.7009318390784904
geco22,2224,171,1.6547376844618056
geco22,2225,171,1.7081678067034447
geco22,2226,171,1.7113539489389162
geco22,2227,171,1.7375925521404423
geco22,2228,171,1.770993595234832
geco22,2229,171,1.667956971285636
geco22,2230,171,1.6888491981907894
geco22,2231,171,1.6246389645582053
geco22,2232,171,1.666539376242119
geco22,2233,171,1.6429787797537463
geco22,2234,171,1.686705293711166
geco22,2235,171,1.626066865976791
geco22,2236,171,1.7147654037029423
geco22,2237,171,1.645180328547606
geco22,2238,171,1.6991878754911367
geco22,2239,171,1.6825583608526933
geco22,2240,171,1.7948776378966214
geco22,2241,171,1.7497537624069124
geco22,2242,171,1.720365602370591
geco22,2243,171,1.7285572074310125
geco22,2244,171,1.644196805898209
geco22,2245,171,1.7325227971662556
geco22,2246,171,1.72930908203125
geco22,2247,171,1.6693589952256944
geco22,2248,171,1.7673308612310399
geco22,2249,171,1.6341516595137746
geco22,2250,171,1.6883350840786047
geco22,2251,171,1.668993631998698
geco22,2252,171,1.7521633572048612
geco22,2253,171,1.7449761552420275
geco22,2254,171,1.6918877495659723
geco22,2255,171,1.6807546336748447
geco22,2256,171,1.695118240445678
geco22,2257,171,1.6835075066103573
geco22,2258,171,1.6439378972639118
geco22,2259,171,1.7221277694255985
geco22,2260,171,1.6093407346491229
geco22,2261,171,1.6425051326640168
geco22,2262,171,1.632295084278486
geco22,2263,171,1.6933222542032165
geco22,2264,171,1.6965154458207694
geco22,2265,171,1.6846032393606085
geco22,2266,171,1.7393122890539336
geco22,2267,171,1.611487226876599
geco22,2268,171,1.6718563503689237
geco22,2269,171,1.6320474635787874
geco22,2270,171,1.6324203223512883
geco22,2271,171,1.686147009420116
geco22,2272,171,1.6511743556686311
geco22,2273,171,1.7406909786469755
geco22,2274,171,1.6877089383309347
geco22,2275,171,1.6355441801729258
geco22,2276,171,1.6865075540821455
geco22,2277,171,1.6139567414222404
geco22,2278,171,1.6332415307474415
geco22,2279,171,1.6829867000468293
geco22,2280,171,1.7367911980166073
geco22,2281,171,1.5866506922314738
geco22,2282,171,1.5855903848569992
geco22,2283,171,1.6001009578593293
geco22,2284,171,1.625639486034014
geco22,2285,171,1.6791424667626096
geco22,2286,171,1.727420249180487
geco22,2287,171,1.667487919679162
geco22,2288,171,1.6025316561871803
geco22,2289,171,1.6959065665975648
geco22,2290,171,1.6272757903874269
geco22,2291,171,1.6883175498560856
geco22,2292,171,1.678819221362733
geco22,2293,171,1.6388085794727705
geco22,2294,171,1.6874848750599645
geco22,2295,171,1.6129767880802266
geco22,2296,171,1.574312622784174
geco22,2297,171,1.5708695796498082
geco22,2298,171,1.6269363492552997
geco22,2299,171,1.592558565195541
geco22,2300,171,1.5824394002992508
geco22,2301,171,1.5871010049741867
geco22,2302,171,1.561013918871071
geco22,2303,171,1.5972571122018915
geco22,2304,171,1.6103198848969755
geco22,2305,171,1.6716873436643367
geco22,2306,171,1.6403786285578856
geco22,2307,171,1.6287497358712537
geco22,2308,171,1.6311985484340734
geco22,2309,171,1.5565621894702577
geco22,2310,171,1.637689244677449
geco22,2311,171,1.6107595343338816
geco22,2312,171,1.5651736789279513
geco22,2313,171,1.6351554825989127
geco22,2314,171,1.6674599006162052
geco22,2315,171,1.700914394088656
geco22,2316,171,1.6350434063470851
geco22,2317,171,1.7669252094469572
geco22,2318,171,1.6947056285121984
geco22,2319,171,1.6784688492267452
geco22,2320,171,1.6287229660658809
geco22,2321,171,1.6450717323704769
geco22,2322,171,1.6685915495219983
geco22,2323,171,1.6068230344538104
geco22,2324,171,1.622393602516219
geco22,2325,171,1.6286295394451298
geco22,2326,171,1.6499127839740955
geco22,2327,171,1.6441408570049798
geco22,2328,171,1.621601573207922
geco22,2329,171,1.5974058630870798
geco22,2330,171,1.6097715500502559
geco22,2331,171,1.6441560265613577
geco22,2332,171,1.5561162937454314
geco22,2333,171,1.605487488863761
geco22,2334,171,1.6701088174741867
geco22,2335,171,1.627701965688962
geco22,2336,171,1.7032219513117919
geco22,2337,171,1.6144889251530519
geco22,2338,171,1.6587743926466556
geco22,2339,171,1.611060605411641
geco22,2340,171,1.618891041181241
geco22,2341,171,1.6484275505556698
geco22,2342,171,1.7012083711679915
geco22,2343,171,1.6385866577862298
geco22,2344,171,1.642584148206209
geco22,2345,171,1.60614540144714
geco22,2346,171,1.5829362925033124
geco22,2347,171,1.654706453022204
geco22,2348,171,1.6920786182782803
geco22,2349,171,1.632294325800667
geco22,2350,171,1.6338925724141082
geco22,2351,171,1.6460185357701709
geco22,2352,171,1.660078662180761
geco22,2353,171,1.6490863554658945
geco22,2354,171,1.7029415376005117
geco22,2355,171,1.6500668888203582
geco22,2356,171,1.6627173172800165
geco22,2357,171,1.630129897803591
geco22,2358,171,1.6593986645079495
geco22,2359,171,1.6565779301158168
geco22,2360,171,1.6547060960914657
geco22,2361,171,1.6406755949321545
geco22,2362,171,1.6264042547571729
geco22,2363,171,1.626149763140762
geco22,2364,171,1.6752377337182474
geco22,2365,171,1.665474964164154
geco22,2366,171,1.5918378328022205
geco22,2367,171,1.7278872484352157
geco22,2368,171,1.6433494969418174
geco22,2369,171,1.6531434533191702
geco22,2370,171,1.6237539994089227
geco22,2371,171,1.6646160995751096
geco22,2372,171,1.6771293327822323
geco22,2373,171,1.660236024020011
geco22,2374,171,1.6018190885844983
geco22,2375,171,1.6128188908448693
geco22,2376,171,1.621868780481885
geco22,2377,171,1.6796503792032165
geco22,2378,171,1.630425614920276
geco22,2379,171,1.6346016153257492
geco22,2380,171,1.6820371750502559
geco22,2381,171,1.612241153828582
geco22,2382,171,1.6833821793048702
geco22,2383,171,1.6490346897415251
geco22,2384,171,1.6655329654091282
geco22,2385,171,1.7120278341728343
geco22,2386,171,1.6416695578056468
geco22,2387,171,1.6606196353310032
geco22,2388,171,1.6007137187043128
geco22,2389,171,1.6353690610294453
geco22,2390,171,1.6674511111967745
geco22,2391,171,1.6198748315286915
geco22,2392,171,1.6965676469412463
geco22,2393,171,1.6950340940241229
geco22,2394,171,1.7120339019953856
geco22,2395,171,1.6024136905781707
geco22,2396,171,1.5915478265773484
geco22,2397,171,1.6523226910864401
geco22,2398,171,1.6194027906272843
geco22,2399,171,1.6109977856016995
geco22,2400,171,1.581511692694056
geco22,2401,171,1.649311355680053
geco22,2402,171,1.6642788892600968
geco22,2403,171,1.5971117967750594
geco22,2404,171,1.6051268995853893
geco22,2405,171,1.588045042160659
geco22,2406,171,1.6055001152886286
geco22,2407,171,1.6196251584772479
geco22,2408,171,1.5795891298885234
geco22,2409,171,1.5927777206688596
geco22,2410,171,1.5709012572528327
geco22,2411,171,1.6111820957116914
geco22,2412,171,1.5768724854229486
geco22,2413,171,1.6688802172566017
geco22,2414,171,1.5878920973392956
geco22,2415,171,1.6775027046426696
geco22,2416,171,1.6497091549878928
geco22,2417,171,1.6590160347564875
geco22,2418,171,1.6736188743546692
geco22,2419,171,1.6040713661595394
geco22,2420,171,1.6684981675175896
geco22,2421,171,1.6643790975648758
geco22,2422,171,1.7179585953204952
geco22,2423,171,1.613703677528783
geco22,2424,171,1.638387311968887
geco22,2425,171,1.6861345614606178
geco22,2426,171,1.581066912377787
geco22,2427,171,1.6717688131053545
geco22,2428,171,1.6423367059718796
geco22,2429,171,1.6827455041004202
geco22,2430,171,1.6105550130208333
geco22,2431,171,1.5635585673371253
geco22,2432,171,1.5765124315406844
geco22,2433,171,1.570239239965963
geco22,2434,171,1.6441609789753517
geco22,2435,171,1.6111593859934668
geco22,2436,171,1.590748123258178
geco22,2437,171,1.5590640954804003
geco22,2438,171,1.647225006281981
geco22,2439,171,1.707526669864766
geco22,2440,171,1.6432400976705273
geco22,2441,171,1.5779494793094389
geco22,2442,171,1.5529405917340553
geco22,2443,171,1.5992864419145194
geco22,2444,171,1.6321807325932018
geco22,2445,171,1.6760842841968202
geco22,2446,171,1.5902793839661002
geco22,2447,171,1.6620139852601883
geco22,2448,171,1.5974951850043402
geco22,2449,171,1.6133301495111476
geco22,2450,171,1.6373154489617598
geco22,2451,171,1.6753218801398027
geco22,2452,171,1.627756933022661
geco22,2453,171,1.6136824401498537
geco22,2454,171,1.7204753139562774
geco22,2455,171,1.733831126787509
geco22,2456,171,1.6608254059016356
geco22,2457,171,1.5713800352219252
geco22,2458,171,1.6882109167980173
geco22,2459,171,1.708981430321409
geco22,2460,171,1.6422735292311998
geco22,2461,171,1.6484071608872441
geco22,2462,171,1.6315049734729075
geco22,2463,171,1.6920855784276774
geco22,2464,171,1.584945767943622
geco22,2465,171,1.61447036475466
geco22,2466,171,1.6202430055852521
geco22,2467,171,1.6501414873446638
geco22,2468,171,1.602871186551992
geco22,2469,171,1.6292995876736112
geco22,2470,171,1.650517647726494
geco22,2471,171,1.7316324334395559
geco22,2472,171,1.6879945721542626
geco22,2473,171,1.7591177957099782
geco22,2474,171,1.63810676440858
geco22,2475,171,1.7094776532803362
geco22,2476,171,1.646325094658032
geco22,2477,171,1.602419446086326
geco22,2478,171,1.7288340072185673
geco22,2479,171,1.6975029839409723
geco22,2480,171,1.6842813770673428
geco22,2481,171,1.6994620875308388
geco22,2482,171,1.6926260607981543
geco22,2483,171,1.74818786264163
geco22,2484,171,1.6308358175712718
geco22,2485,171,1.6813757823921784
geco22,2486,171,1.6358925445735106
geco22,2487,171,1.6533370882447003
geco22,2488,171,1.5864756177043358
geco22,2489,171,1.662527340894554
geco22,2490,171,1.6706406442742598
geco22,2491,171,1.6131419577793769
geco22,2492,171,1.61865604690641
geco22,2493,171,1.626447800307246
geco22,2494,171,1.6045215450532255
geco22,2495,171,1.5947077344035545
geco22,2496,171,1.6032800507127194
geco22,2497,171,1.5508760151110197
geco22,2498,171,1.644888180738304
geco22,2499,171,1.6554939760799297
geco22,2500,171,1.5556626347770468
geco22,2501,171,1.642963074801261
geco22,2502,171,1.6890628212376644
geco22,2503,171,1.6445861281010143
geco22,2504,171,1.643344009131716
geco22,2505,171,1.6213171886421784
geco22,2506,171,1.6314771328753197
geco22,2507,171,1.639832792226334
geco22,2508,171,1.5467387863069948
geco22,2509,171,1.666185256333379
geco22,2510,171,1.6223277487950019
geco22,2511,171,1.7058876439144737
geco22,2512,171,1.6150112486722177
geco22,2513,171,1.6583688300952577
geco22,2514,171,1.6564328823870385
geco22,2515,171,1.7338695860745614
geco22,2516,171,1.67752182274534
geco22,2517,171,1.6395229763454862
geco22,2518,171,1.717469957139757
geco22,2519,171,1.6532942565561037
geco22,2520,171,1.7238530387655335
geco22,2521,171,1.7067213448864675
geco22,2522,171,1.7968794616342287
geco22,2523,171,1.6987801267389666
geco22,2524,171,1.682774883961817
geco22,2525,171,1.7527597884685673
geco22,2526,171,1.7200214765225237
geco22,2527,171,1.6234448973895514
geco22,2528,171,1.6242649011444628
geco22,2529,171,1.639573928208379
geco22,2530,171,1.6413231565241229
geco22,2531,171,1.6962224949173064
geco22,2532,171,1.6587223699915479
geco22,2533,171,1.6715788813362344
geco22,2534,171,1.6218118054127832
geco22,2535,171,1.6121711954038742
geco22,2536,171,1.634662918180053
geco22,2537,171,1.6212005615234375
geco22,2538,171,1.6583852489092197
geco22,2539,171,1.609268902338039
geco22,2540,171,1.6708806801957694
geco22,2541,171,1.6665450871339318
geco22,2542,171,1.7462828340586165
geco22,2543,171,1.6741562781975283
geco22,2544,171,1.7138439870020101
geco22,2545,171,1.6784634952656707
geco22,2546,171,1.6873790897123995
geco22,2547,171,1.655158505802266
geco22,2548,171,1.6527512756704588
geco22,2549,171,1.6871789408008955
geco22,2550,171,1.6476792452628153
geco22,2551,171,1.6952859532763387
geco22,2552,171,1.6218728405690332
geco22,2553,171,1.6989539073921784
geco22,2554,171,1.6423556679173519
geco22,2555,171,1.6833008437128791
geco22,2556,171,1.629167434067754
geco22,2557,171,1.6556998804995888
geco22,2558,171,1.722835786161367
geco22,2559,171,1.6114930270010965
geco22,2560,171,1.6068019755402503
geco22,2561,171,1.555080525359215
geco22,2562,171,1.5615620752524215
geco22,2563,171,1.5975787514134456
geco22,2564,171,1.6238668341385691
geco22,2565,171,1.6930486667923064
geco22,2566,171,1.6410118683039794
geco22,2567,171,1.6139373779296875
geco22,2568,171,1.6729175054539016
geco22,2569,171,1.64970344409608
geco22,2570,171,1.6251741822002923
geco22,2571,171,1.553469116924799
geco22,2572,171,1.6623627065915114
geco22,2573,171,1.6799663521393
geco22,2574,171,1.684842472187957
geco22,2575,171,1.6068778679384823
geco22,2576,171,1.6632752000239857
geco22,2577,171,1.6694112409625137
geco22,2578,171,1.6343721757855332
geco22,2579,171,1.6162218238875183
geco22,2580,171,1.6139220299079404
geco22,2581,171,1.7040761758012382
geco22,2582,171,1.6730423419796236
geco22,2583,171,1.663804572925233
geco22,2584,171,1.786035236559416
geco22,2585,171,1.7327651085212217
geco22,2586,171,1.6751530519005848
geco22,2587,171,1.6719926979109558
geco22,2588,171,1.5946900663320085
geco22,2589,171,1.6675324021724232
geco22,2590,171,1.6266220271238807
geco22,2591,171,1.637896844518115
geco22,2592,171,1.629766810010051
geco22,2593,171,1.5756861814978527
geco22,2594,171,1.5727212470874452
geco22,2595,171,1.5918111522295322
geco22,2596,171,1.696452179847405
geco22,2597,171,1.6877634148848684
geco22,2598,171,1.6481451291089866
geco22,2599,171,1.6415085374263294
geco22,2600,171,1.649474473027458
geco22,2601,171,1.671033357319079
geco22,2602,171,1.6773430004454495
geco22,2603,171,1.6234499836525722
geco22,2604,171,1.571945101197003
geco22,2605,171,1.5881142421075476
geco22,2606,171,1.6617179558291073
geco22,2607,171,1.5561010349563689
geco22,2608,171,1.6212400916027048
geco22,2609,171,1.673835575929162
geco22,2610,171,1.6666158932691428
geco22,2611,171,1.6491565369723136
geco22,2612,171,1.691195125468293
geco22,2613,171,1.6260665982787372
geco22,2614,171,1.7740546332465277
geco22,2615,171,1.6332580834104304
geco22,2616,171,1.64573615893983
geco22,2617,171,1.746792709618284
geco22,2618,171,1.7066222296820746
geco22,2619,171,1.6053279854400813
geco22,2620,171,1.63646934464661
geco22,2621,171,1.6276442321420412
geco22,2622,171,1.6506215591876827
geco22,2623,171,1.6705378705297995
geco22,2624,171,1.692939869841637
geco22,2625,171,1.6457340173554003
geco22,2626,171,1.6584102786772432
geco22,2627,171,1.6597402472245066
geco22,2628,171,1.6995378460800439
geco22,2629,171,1.690540157563505
geco22,2630,171,1.642761855097542
geco22,2631,171,1.6605838976408307
geco22,2632,171,1.6842273912931744
geco22,2633,171,1.6095701518811678
geco22,2634,171,1.6321790371721947
geco22,2635,171,1.6599877786915205
geco22,2636,171,1.7007657770524944
geco22,2637,171,1.6221868503860564
geco22,2638,171,1.6335496512072825
geco22,2639,171,1.6782124837239583
geco22,2640,171,1.6887035704495614
geco22,2641,171,1.6705866585000915
geco22,2642,171,1.705076429578993
geco22,2643,171,1.6283695600186174
geco22,2644,171,1.7295774047137702
geco22,2645,171,1.6450585259331598
geco22,2646,171,1.660019456294545
geco22,2647,171,1.6164065355445907
geco22,2648,171,1.636164615028783
geco22,2649,171,1.6482965569747121
geco22,2650,171,1.6885355453045048
geco22,2651,171,1.6440141019765397
geco22,2652,171,1.6332489370602614
geco22,2653,171,1.6712358708967243
geco22,2654,171,1.6238240916826572
geco22,2655,171,1.6687870137175622
geco22,2656,171,1.685196592096697
geco22,2657,171,1.6631644622624269
geco22,2658,171,1.7624443901909723
geco22,2659,171,1.6805447584007218
geco22,2660,171,1.63747008920413
geco22,2661,171,1.7382763422023484
geco22,2662,171,1.6617863080654924
geco22,2663,171,1.7112204568427907
geco22,2664,171,1.6631596436974598
geco22,2665,171,1.6641559712370935
geco22,2666,171,1.6846050240143
geco22,2667,171,1.673307006122076
geco22,2668,171,1.7138662951731543
geco22,2669,171,1.6253033911275585
geco22,2670,171,1.6819073414941976
geco22,2671,171,1.6364096479806287
geco22,2672,171,1.6364593505859375
geco22,2673,171,1.6354615507070085
geco22,2674,171,1.6808655499017726
geco22,2675,171,1.6963196693108096
geco22,2676,171,1.6291974162497715
geco22,2677,171,1.6937492325989127
geco22,2678,171,1.60092582479555
geco22,2679,171,1.6170862655193485
geco22,2680,171,1.6058708770930419
geco22,2681,171,1.6544648555287145
geco22,2682,171,1.636664853458516
geco22,2683,171,1.6254100241856269
geco22,2684,171,1.664069147835001
geco22,2685,171,1.6030952498229623
geco22,2686,171,1.709881163479989
geco22,2687,171,1.7089971352738944
geco22,2688,171,1.6438039143880208
geco22,2689,171,1.6589638336360106
geco22,2690,171,1.7062686674776133
geco22,2691,171,1.6259133857593202
geco22,2692,171,1.6850780464752375
geco22,2693,171,1.7386115893983005
geco22,2694,171,1.7605048285590277
geco22,2695,171,1.6996597379271747
geco22,2696,171,1.6921788265830593
geco22,2697,171,1.692820454201503
geco22,2698,171,1.7301590233518367
geco22,2699,171,1.6908352946677403
geco22,2700,171,1.7043377614160726
geco22,2701,171,1.7075528150413468
geco22,2702,171,1.6806782504968476
geco22,2703,171,1.7170602006521838
geco22,2704,171,1.6926033956962718
geco22,2705,171,1.805664687128792
geco22,2706,171,1.696595309073465
geco22,2707,171,1.6900457192582694
geco22,2708,171,1.7017115542763157
geco22,2709,171,1.7535844769394189
geco22,2710,171,1.7146462780690332
geco22,2711,171,1.7100799739012245
geco22,2712,171,1.6841901812637061
geco22,2713,171,1.702009323744746
geco22,2714,171,1.636850725140488
geco22,2715,171,1.647131758126599
geco22,2716,171,1.677314267521016
geco22,2717,171,1.6989820156878197
geco22,2718,171,1.675729495042946
geco22,2719,171,1.7370660793014436
geco22,2720,171,1.6620351334064327
geco22,2721,171,1.6404676827770925
geco22,2722,171,1.6892815305475604
geco22,2723,171,1.691582216853984
geco22,2724,171,1.639159085457785
geco22,2725,171,1.7015621787623356
geco22,2726,171,1.675637942308571
geco22,2727,171,1.778828581871345
geco22,2728,171,1.6560989290650128
geco22,2729,171,1.6838286996584886
geco22,2730,171,1.6740341632686861
geco22,2731,171,1.7406756306252285
geco22,2732,171,1.7525748983461258
geco22,2733,171,1.7380140873423793
geco22,2734,171,1.7097411573978893
geco22,2735,171,1.7526424474883497
geco22,2736,171,1.691582663017407
geco22,2737,171,1.640792132818211
geco22,2738,171,1.696745576914291
geco22,2739,171,1.6876827485380117
geco22,2740,171,1.6657674689041941
geco22,2741,171,1.6210955346536915
geco22,2742,171,1.6861400938870614
geco22,2743,171,1.6623889410007766
geco22,2744,171,1.6633883470680282
geco22,2745,171,1.7712244848061722
geco22,2746,171,1.6470684921532346
geco22,2747,171,1.6941155996936106
geco22,2748,171,1.6839118645205136
geco22,2749,171,1.7151632030107822
geco22,2750,171,1.6858346504077577
geco22,2751,171,1.664183321054916
geco22,2752,171,1.6211187797680235
geco22,2753,171,1.6210739403440242
geco22,2754,171,1.601973773443211
geco22,2755,171,1.6646535326862892
geco22,2756,171,1.7161996406421327
geco22,2757,171,1.6488838418882492
geco22,2758,171,1.666313662166484
geco22,2759,171,1.594637954444216
geco22,2760,171,1.617745471976654
geco22,2761,171,1.6423296119734558
geco22,2762,171,1.6033372488635325
geco22,2763,171,1.6154117249605948
geco22,2764,171,1.5756062736288148
geco22,2765,171,1.6226486295287372
geco22,2766,171,1.7198987815812317
geco22,2767,171,1.6607942636947186
geco22,2768,171,1.5814953184964364
geco22,2769,171,1.618870294582077
geco22,2770,171,1.5962689494528965
geco22,2771,171,1.6538587425187317
geco22,2772,171,1.631301344486705
geco22,2773,171,1.6472889415004797
geco22,2774,171,1.7125074152360882
geco22,2775,171,1.6951809710229349
geco22,2776,171,1.5973583020662006
geco22,2777,171,1.592097232216283
geco22,2778,171,1.6289229365120157
geco22,2779,171,1.6241770069501553
geco22,2780,171,1.6176932708561769
geco22,2781,171,1.6504461277298064
geco22,2782,171,1.719199108101471
geco22,2783,171,1.7276041131270559
geco22,2784,171,1.660398070575201
geco22,2785,171,1.6604399207042673
geco22,2786,171,1.6302355046857868
geco22,2787,171,1.6361276726973684
geco22,2788,171,1.6669204890379432
geco22,2789,171,1.6894870334201388
geco22,2790,171,1.5920737194038972
geco22,2791,171,1.690431382921007
geco22,2792,171,1.602197925946866
geco22,2793,171,1.661606548822414
geco22,2794,171,1.6844604224489446
geco22,2795,171,1.6845799942462765
geco22,2796,171,1.6355110748469481
geco22,2797,171,1.6105848167374817
geco22,2798,171,1.6039095426860608
geco22,2799,171,1.6710954632675439
geco22,2800,171,1.5949384008931835
geco22,2801,171,1.7172122531467013
geco22,2802,171,1.7105140016790021
geco22,2803,171,1.6549675478572734
geco22,2804,171,1.6398410462496573
geco22,2805,171,1.6982235824852658
geco22,2806,171,1.637532329001622
geco22,2807,171,1.6614694874189053
geco22,2808,171,1.6536746554904513
geco22,2809,171,1.6984981514557063
geco22,2810,171,1.6606721933822186
geco22,2811,171,1.651338365342882
geco22,2812,171,1.6735230384514346
geco22,2813,171,1.6678028664393731
geco22,2814,171,1.7143691659670823
geco22,2815,171,1.6490473161663926
geco22,2816,171,1.7243333783066064
geco22,2817,171,1.6523010967767726
geco22,2818,171,1.7428028485928362
geco22,2819,171,1.7063364397015488
geco22,2820,171,1.6668516460217928
geco22,2821,171,1.6835332502398574
geco22,2822,171,1.611059043839661
geco22,2823,171,1.5891373394525539
geco22,2824,171,1.5987127872935512
geco22,2825,171,1.6864331786395514
geco22,2826,171,1.6244055318553545
geco22,2827,171,1.6534277709604006
geco22,2828,171,1.6581691273471766
geco22,2829,171,1.652404316684656
geco22,2830,171,1.680438973053157
geco22,2831,171,1.6120211060284173
geco22,2832,171,1.6614093668976722
geco22,2833,171,1.6629985340854578
geco22,2834,171,1.6701474552266082
geco22,2835,171,1.6131954081574378
geco22,2836,171,1.668237965009366
geco22,2837,171,1.6279416892960754
geco22,2838,171,1.5981921368872214
geco22,2839,171,1.6247507731119792
geco22,2840,171,1.645833154867964
geco22,2841,171,1.6696420413011697
geco22,2842,171,1.5974275466294316
geco22,2843,171,1.6327086331551535
geco22,2844,171,1.62034241079587
geco22,2845,171,1.624672337582237
geco22,2846,171,1.5973148457488122
geco22,2847,171,1.6430621676974826
geco22,2848,171,1.5607159263209294
geco22,2849,171,1.6075132492690059
geco22,2850,171,1.578539842750594
geco22,2851,171,1.6660383347182246
geco22,2852,171,1.5614618669476426
geco22,2853,171,1.7306629203216375
geco22,2854,171,1.643540588735837
geco22,2855,171,1.6780209903828582
geco22,2856,171,1.6298748707910726
geco22,2857,171,1.6927559835868968
geco22,2858,171,1.6942720468978436
geco22,2859,171,1.681951690138432
geco22,2860,171,1.703787106519554
geco22,2861,171,1.6969462612219024
geco22,2862,171,1.677581162480583
geco22,2863,171,1.6935199045995524
geco22,2864,171,1.746461656358507
geco22,2865,171,1.6804335744757402
geco22,2866,171,1.635840254220349
geco22,2867,171,1.64808181851928
geco22,2868,171,1.6604630319695723
geco22,2869,171,1.616639879014757
geco22,2870,171,1.5861908315915114
geco22,2871,171,1.5896066587570814
geco22,2872,171,1.5607626842476472
geco22,2873,171,1.6310098659225374
geco22,2874,171,1.587733218544408
geco22,2875,171,1.6375052914981953
geco22,2876,171,1.5286252651995385
geco22,2877,171,1.613999260796441
geco22,2878,171,1.6446738884462948
geco22,2879,171,1.6541733323482044
geco22,2880,171,1.6565131471868146
geco22,2881,171,1.6865822418391356
geco22,2882,171,1.668868973938345
geco22,2883,171,1.6246125962999132
geco22,2884,171,1.7148639612030565
geco22,2885,171,1.6115195737247578
geco22,2886,171,1.6894413016692937
geco22,2887,171,1.641176636456049
geco22,2888,171,1.6419977556195176
geco22,2889,171,1.6585710982830204
geco22,2890,171,1.656768798828125
geco22,2891,171,1.6361401206568669
geco22,2892,171,1.5911219635902092
geco22,2893,171,1.6670985082436722
geco22,2894,171,1.6916710926078216
geco22,2895,171,1.6945517021313048
geco22,2896,171,1.6149551659299617
geco22,2897,171,1.6623580218755711
geco22,2898,171,1.614897298534014
geco22,2899,171,1.6775222242924206
geco22,2900,171,1.6528252495659723
geco22,2901,171,1.600014759086029
geco22,2902,171,1.571506388703285
geco22,2903,171,1.5917345459698236
geco22,2904,171,1.6079147071169133
geco22,2905,171,1.6448935793157209
geco22,2906,171,1.6187359547754476
geco22,2907,171,1.598272669385051
geco22,2908,171,1.5714828312745568
geco22,2909,171,1.5707004837125365
geco22,2910,171,1.5903248034025494
geco22,2911,171,1.5435805292854532
geco22,2912,171,1.6317434924387793
geco22,2913,171,1.5858186420641447
geco22,2914,171,1.5156585068730584
geco22,2915,171,1.6516310485482912
geco22,2916,171,1.5360064590186404
geco22,2917,171,1.7003100657323649
geco22,2918,171,1.622194212082534
geco22,2919,171,1.6217650921024076
geco22,2920,171,1.5855153401692708
geco22,2921,171,1.6999094109786184
geco22,2922,171,1.6204830415067617
geco22,2923,171,1.6490897909242508
geco22,2924,171,1.660767850820084
geco22,2925,171,1.6165307474415205
geco22,2926,171,1.5939216836851242
geco22,2927,171,1.7201542547571729
geco22,2928,171,1.5592688844915021
geco22,2929,171,1.654449462890625
geco22,2930,171,1.6791537100808662
geco22,2931,171,1.5983136271872715
geco22,2932,171,1.7242598505745157
geco22,2933,171,1.7164005034151133
geco22,2934,171,1.5982924790410271
geco22,2935,171,1.6867646557545801
geco22,2936,171,1.639483624731588
geco22,2937,171,1.5765428152697825
geco22,2938,171,1.69966179027892
geco22,2939,171,1.7982787193610654
geco22,2940,171,1.6333611025447734
geco22,2941,171,1.6162537691885965
geco22,2942,171,1.6350488495408444
geco22,2943,171,1.6966423346982364
geco22,2944,171,1.6865734078033625
geco22,2945,171,1.6049769886753016
geco22,2946,171,1.6971848694204588
geco22,2947,171,1.640723245185718
geco22,2948,171,1.6273449457179734
geco22,2949,171,1.6318910386827257
geco22,2950,171,1.6954170360899807
geco22,2951,171,1.5928852460537737
geco22,2952,171,1.6180335150824652
geco22,2953,171,1.5840525041546738
geco22,2954,171,1.6306801957693713
geco22,2955,171,1.6829428867987024
geco22,2956,171,1.6761608458401864
geco22,2957,171,1.5725411755299707
geco22,2958,171,1.6324904592413652
geco22,2959,171,1.620031657971834
geco22,2960,171,1.5982698139391447
geco22,2961,171,1.5710496512072825
geco22,2962,171,1.6569169250845213
geco22,2963,171,1.6070275557668585
geco22,2964,171,1.5888985974049707
geco22,2965,171,1.603247793097245
geco22,2966,171,1.5921811109397843
geco22,2967,171,1.7013166996470668
geco22,2968,171,1.6796912923890945
geco22,2969,171,1.6642319528680098
geco22,2970,171,1.5902206242433068
geco22,2971,171,1.6584664506521838
geco22,2972,171,1.6450109649122806
geco22,2973,171,1.6291776958264803
geco22,2974,171,1.5269238656027275
geco22,2975,171,1.612452947605423
geco22,2976,171,1.7468668619791667
geco22,2977,171,1.6780180010879249
geco22,2978,171,1.6214004873532302
geco22,2979,171,1.7616230925621346
geco22,2980,171,1.6804365191543311
geco22,2981,171,1.6284061008029513
geco22,2982,171,1.6788479989035088
geco22,2983,171,1.6719198840403418
geco22,2984,171,1.5811073794002422
geco22,2985,171,1.570088481345372
geco22,2986,171,1.6413703159979212
geco22,2987,171,1.6969852559050622
geco22,2988,171,1.7319682160316154
geco22,2989,171,1.6392291777315195
geco22,2990,171,1.6796102244951572
geco22,2991,171,1.6213700143914473
geco22,2992,171,1.6819857324075977
geco22,2993,171,1.6475490101596766
geco22,2994,171,1.621218140362299
geco22,2995,171,1.6859897368135508
geco22,2996,171,1.685610408671418
geco22,2997,171,1.6844469036972314
geco22,2998,171,1.6611702009948373
geco22,2999,171,1.6987111498737892
geco22,3000,171,1.8139578836006032
geco22,3001,171,1.7556291100574515
geco22,3002,171,1.6974782664873447
geco22,3003,171,1.6882895307931287
geco22,3004,171,1.8660867256030702
geco22,3005,171,1.7497776321500365
geco22,3006,171,1.7337677715814601
geco22,3007,171,1.727688081083242
geco22,3008,171,1.7936973348695633
geco22,3009,171,1.7365650377775494
geco22,3010,171,1.7567421539485106
geco22,3011,171,1.6889676991959064
geco22,3012,171,1.6595335843270285
geco22,3013,171,1.6307909335309303
geco22,3014,171,1.640855666489629
geco22,3015,171,1.638756735283032
geco22,3016,171,1.6683064064784356
geco22,3017,171,1.626254165381716
geco22,3018,171,1.5850333944398758
geco22,3019,171,1.6244219506693165
geco22,3020,171,1.6347025374920048
geco22,3021,171,1.5762529875102795
geco22,3022,171,1.7430329796863577
geco22,3023,171,1.5552718848512883
geco22,3024,171,1.5530917519017269
geco22,3025,171,1.5699112206174617
geco22,3026,171,1.63519969739412
geco22,3027,171,1.800400494134914
geco22,3028,171,1.5463156003003928
geco22,3029,171,1.5822568302266082
geco22,3030,171,1.6597268623218202
geco22,3031,171,1.5884586356536687
geco22,3032,171,1.6168765240942526
geco22,3033,171,1.498545507241411
geco22,3034,171,1.6522558558056926
geco22,3035,171,1.5918642010605126
geco22,3036,171,1.581924483092905
geco22,3037,171,1.5906904343275996
geco22,3038,171,1.537932724980583
geco22,3039,171,1.6375556633486386
geco22,3040,171,1.6934300472861843
geco22,3041,171,1.5982064587330957
geco22,3042,171,1.6226974398072003
geco22,3043,171,1.5447792811700476
geco22,3044,171,1.6142195316783168
geco22,3045,171,1.6238124914336622
geco22,3046,171,1.6107614974529423
geco22,3047,171,1.7977707176877742
geco22,3048,171,1.572643614651864
geco22,3049,170,1.6408565745634192
geco22,3050,170,1.5565114638384652
geco22,3051,170,1.5199134377872243
geco22,3052,170,1.607178003647748
geco22,3053,170,1.6858545639935663
geco22,3054,170,1.579036667767693
geco22,3055,170,1.6003720900591683
geco22,3056,170,1.6020034790039062
geco22,3057,170,1.6310879875631894
geco22,3058,170,1.6483697779038373
geco22,3059,170,1.6224589628331803
geco22,3060,170,1.6441525627585019
geco22,3061,170,1.581230073816636
geco22,3062,170,1.6565204395967372
geco22,3063,170,1.6350529390222885
geco22,3064,170,1.6126832849839154
geco22,3065,170,1.625206397561466
geco22,3066,170,1.645070244284237
geco22,3067,170,1.5587053186753217
geco22,3068,170,1.6621763341567095
geco22,3069,170,1.6518543019014247
geco22,3070,170,1.6343379301183365
geco22,3071,170,1.614631742589614
