model,model_window_position,base_count,mean_bpb
megabyte1,0,16,1.9892578125
megabyte1,1,16,2.08587646484375
megabyte1,2,16,2.0557861328125
megabyte1,3,16,2.15875244140625
megabyte1,4,16,2.1279296875
megabyte1,5,16,2.04339599609375
megabyte1,6,16,2.02923583984375
megabyte1,7,16,1.92218017578125
megabyte1,8,16,1.98077392578125
megabyte1,9,16,1.90203857421875
megabyte1,10,16,2.00946044921875
megabyte1,11,16,1.92523193359375
megabyte1,12,16,1.968505859375
megabyte1,13,16,2.09130859375
megabyte1,14,16,1.8558349609375
megabyte1,15,16,1.99566650390625
megabyte1,16,16,2.21380615234375
megabyte1,17,16,2.100555419921875
megabyte1,18,16,1.8682861328125
megabyte1,19,16,1.96771240234375
megabyte1,20,16,2.04046630859375
megabyte1,21,16,2.0767822265625
megabyte1,22,16,2.1170654296875
megabyte1,23,16,2.0091552734375
megabyte1,24,16,2.01898193359375
megabyte1,25,16,1.80780029296875
megabyte1,26,16,2.08538818359375
megabyte1,27,16,1.8944091796875
megabyte1,28,16,2.06097412109375
megabyte1,29,16,2.12310791015625
megabyte1,30,16,1.9710693359375
megabyte1,31,16,2.07196044921875
megabyte1,32,16,2.1749267578125
megabyte1,33,16,1.9044189453125
megabyte1,34,16,1.86883544921875
megabyte1,35,16,2.16754150390625
megabyte1,36,16,2.20965576171875
megabyte1,37,16,2.109375
megabyte1,38,16,2.03271484375
megabyte1,39,16,1.94049072265625
megabyte1,40,16,2.0177001953125
megabyte1,41,16,1.86322021484375
megabyte1,42,16,1.8970947265625
megabyte1,43,16,2.00927734375
megabyte1,44,16,2.11346435546875
megabyte1,45,16,1.85491943359375
megabyte1,46,16,1.9024658203125
megabyte1,47,16,2.0240478515625
megabyte1,48,16,2.15057373046875
megabyte1,49,16,1.90057373046875
megabyte1,50,16,1.83734130859375
megabyte1,51,16,1.95794677734375
megabyte1,52,16,2.03680419921875
megabyte1,53,16,1.9400634765625
megabyte1,54,16,1.70123291015625
megabyte1,55,16,1.86566162109375
megabyte1,56,16,2.00091552734375
megabyte1,57,16,2.1239013671875
megabyte1,58,16,1.95263671875
megabyte1,59,16,2.0623779296875
megabyte1,60,16,1.88995361328125
megabyte1,61,16,1.930908203125
megabyte1,62,16,1.789306640625
megabyte1,63,16,1.9949951171875
megabyte1,64,16,2.1820068359375
megabyte1,65,16,1.880859375
megabyte1,66,16,1.8553466796875
megabyte1,67,16,1.904052734375
megabyte1,68,16,1.9285888671875
megabyte1,69,16,1.96734619140625
megabyte1,70,16,2.082763671875
megabyte1,71,16,2.06488037109375
megabyte1,72,16,2.05364990234375
megabyte1,73,16,1.92633056640625
megabyte1,74,16,1.81829833984375
megabyte1,75,16,2.21429443359375
megabyte1,76,16,2.01983642578125
megabyte1,77,16,1.959716796875
megabyte1,78,16,1.826812744140625
megabyte1,79,16,1.74737548828125
megabyte1,80,16,1.92962646484375
megabyte1,81,16,2.04541015625
megabyte1,82,16,1.89361572265625
megabyte1,83,16,1.77301025390625
megabyte1,84,16,1.9798583984375
megabyte1,85,16,1.947021484375
megabyte1,86,16,2.03192138671875
megabyte1,87,16,2.048583984375
megabyte1,88,16,2.19781494140625
megabyte1,89,16,2.025634765625
megabyte1,90,16,2.12646484375
megabyte1,91,16,1.90802001953125
megabyte1,92,16,2.05694580078125
megabyte1,93,16,1.74432373046875
megabyte1,94,16,1.91192626953125
megabyte1,95,16,2.046875
megabyte1,96,16,1.77044677734375
megabyte1,97,16,2.0107421875
megabyte1,98,16,1.9468994140625
megabyte1,99,16,1.9979248046875
megabyte1,100,16,1.9295654296875
megabyte1,101,16,1.98175048828125
megabyte1,102,16,1.80755615234375
megabyte1,103,16,1.94873046875
megabyte1,104,16,2.0120849609375
megabyte1,105,16,1.8031005859375
megabyte1,106,16,2.08941650390625
megabyte1,107,16,1.72064208984375
megabyte1,108,16,1.85888671875
megabyte1,109,16,1.89556884765625
megabyte1,110,16,1.587615966796875
megabyte1,111,16,2.05419921875
megabyte1,112,16,1.79437255859375
megabyte1,113,16,1.96380615234375
megabyte1,114,16,2.031768798828125
megabyte1,115,16,1.97442626953125
megabyte1,116,16,1.87109375
megabyte1,117,16,2.026275634765625
megabyte1,118,16,1.97412109375
megabyte1,119,16,1.78741455078125
megabyte1,120,16,1.891021728515625
megabyte1,121,16,1.98358154296875
megabyte1,122,16,1.962310791015625
megabyte1,123,16,1.8468017578125
megabyte1,124,16,1.849609375
megabyte1,125,16,2.11614990234375
megabyte1,126,16,1.93255615234375
megabyte1,127,16,1.86572265625
megabyte1,128,16,1.819000244140625
megabyte1,129,16,1.819580078125
megabyte1,130,16,1.726348876953125
megabyte1,131,16,2.26129150390625
megabyte1,132,16,1.88787841796875
megabyte1,133,16,2.08843994140625
megabyte1,134,16,2.07293701171875
megabyte1,135,16,1.97174072265625
megabyte1,136,16,2.21612548828125
megabyte1,137,16,1.90374755859375
megabyte1,138,16,2.0762939453125
megabyte1,139,16,1.9437255859375
megabyte1,140,16,1.8243408203125
megabyte1,141,16,1.99859619140625
megabyte1,142,16,1.95501708984375
megabyte1,143,16,1.76287841796875
megabyte1,144,16,1.887451171875
megabyte1,145,16,1.71893310546875
megabyte1,146,16,1.86175537109375
megabyte1,147,16,1.9437255859375
megabyte1,148,16,1.66912841796875
megabyte1,149,16,1.82940673828125
megabyte1,150,16,1.89044189453125
megabyte1,151,16,2.0968017578125
megabyte1,152,16,2.04827880859375
megabyte1,153,16,2.05462646484375
megabyte1,154,16,2.20672607421875
megabyte1,155,16,2.0877685546875
megabyte1,156,16,1.926513671875
megabyte1,157,16,2.0338134765625
megabyte1,158,16,1.80926513671875
megabyte1,159,16,1.909423828125
megabyte1,160,16,1.90814208984375
megabyte1,161,16,2.025634765625
megabyte1,162,16,2.03839111328125
megabyte1,163,16,1.99932861328125
megabyte1,164,16,1.8748779296875
megabyte1,165,16,1.937255859375
megabyte1,166,16,1.83050537109375
megabyte1,167,16,1.8289794921875
megabyte1,168,16,1.97467041015625
megabyte1,169,16,1.968505859375
megabyte1,170,16,1.906585693359375
megabyte1,171,16,1.770477294921875
megabyte1,172,16,1.90557861328125
megabyte1,173,16,1.91607666015625
megabyte1,174,16,1.843414306640625
megabyte1,175,16,2.088623046875
megabyte1,176,16,1.829193115234375
megabyte1,177,16,1.81732177734375
megabyte1,178,16,1.92437744140625
megabyte1,179,16,2.00531005859375
megabyte1,180,16,1.8671875
megabyte1,181,16,1.9105224609375
megabyte1,182,16,2.03204345703125
megabyte1,183,16,1.880706787109375
megabyte1,184,16,1.971771240234375
megabyte1,185,16,2.09124755859375
megabyte1,186,16,1.953094482421875
megabyte1,187,16,2.02935791015625
megabyte1,188,16,1.90594482421875
megabyte1,189,16,1.88818359375
megabyte1,190,16,1.9990234375
megabyte1,191,16,1.87884521484375
megabyte1,192,16,1.97259521484375
megabyte1,193,16,1.91729736328125
megabyte1,194,16,1.941070556640625
megabyte1,195,16,1.7321853637695312
megabyte1,196,16,1.747589111328125
megabyte1,197,16,2.13372802734375
megabyte1,198,16,1.77764892578125
megabyte1,199,16,1.613433837890625
megabyte1,200,16,2.0955810546875
megabyte1,201,16,1.8623046875
megabyte1,202,16,1.933349609375
megabyte1,203,16,1.86944580078125
megabyte1,204,16,2.01385498046875
megabyte1,205,16,1.689056396484375
megabyte1,206,16,1.67413330078125
megabyte1,207,16,1.736236572265625
megabyte1,208,16,1.8882675170898438
megabyte1,209,16,1.75225830078125
megabyte1,210,16,1.845672607421875
megabyte1,211,16,1.8641624450683594
megabyte1,212,16,2.08087158203125
megabyte1,213,16,1.94207763671875
megabyte1,214,16,1.842315673828125
megabyte1,215,16,2.0113525390625
megabyte1,216,16,1.95953369140625
megabyte1,217,16,1.922698974609375
megabyte1,218,16,1.77178955078125
megabyte1,219,16,1.6640167236328125
megabyte1,220,16,1.7027873992919922
megabyte1,221,16,1.848388671875
megabyte1,222,16,1.76287841796875
megabyte1,223,16,2.20452880859375
megabyte1,224,16,1.80792236328125
megabyte1,225,16,1.820709228515625
megabyte1,226,16,1.73809814453125
megabyte1,227,16,1.73687744140625
megabyte1,228,16,1.8625640869140625
megabyte1,229,16,1.7276611328125
megabyte1,230,16,1.69244384765625
megabyte1,231,16,1.5929756164550781
megabyte1,232,16,1.79736328125
megabyte1,233,16,1.91278076171875
megabyte1,234,16,1.807220458984375
megabyte1,235,16,1.75482177734375
megabyte1,236,16,1.73553466796875
megabyte1,237,16,1.7542572021484375
megabyte1,238,16,1.7034149169921875
megabyte1,239,16,1.878875732421875
megabyte1,240,16,1.8765869140625
megabyte1,241,16,1.9635009765625
megabyte1,242,16,1.850311279296875
megabyte1,243,16,1.9423828125
megabyte1,244,16,1.835174560546875
megabyte1,245,16,1.733642578125
megabyte1,246,16,1.7659912109375
megabyte1,247,16,2.06243896484375
megabyte1,248,16,2.00799560546875
megabyte1,249,16,1.865142822265625
megabyte1,250,16,1.4189453125
megabyte1,251,16,1.965362548828125
megabyte1,252,16,1.8636016845703125
megabyte1,253,16,1.8113899230957031
megabyte1,254,16,1.834991455078125
megabyte1,255,16,1.92230224609375
megabyte1,256,16,1.8076171875
megabyte1,257,16,1.9559326171875
megabyte1,258,16,2.08282470703125
megabyte1,259,16,1.692291259765625
megabyte1,260,16,2.01885986328125
megabyte1,261,16,2.1522216796875
megabyte1,262,16,1.559234619140625
megabyte1,263,16,1.726318359375
megabyte1,264,16,1.728790283203125
megabyte1,265,16,1.743316650390625
megabyte1,266,16,1.76007080078125
megabyte1,267,16,2.1044921875
megabyte1,268,16,1.8172607421875
megabyte1,269,16,1.90216064453125
megabyte1,270,16,1.91741943359375
megabyte1,271,16,1.71295166015625
megabyte1,272,16,2.0830078125
megabyte1,273,16,1.908447265625
megabyte1,274,16,1.65386962890625
megabyte1,275,16,2.1153564453125
megabyte1,276,16,2.1104736328125
megabyte1,277,16,1.712158203125
megabyte1,278,16,1.98150634765625
megabyte1,279,16,1.85357666015625
megabyte1,280,16,1.820770263671875
megabyte1,281,16,1.813079833984375
megabyte1,282,16,1.74700927734375
megabyte1,283,16,1.69219970703125
megabyte1,284,16,1.634979248046875
megabyte1,285,16,1.8338623046875
megabyte1,286,16,1.67462158203125
megabyte1,287,16,1.788116455078125
megabyte1,288,16,1.7647705078125
megabyte1,289,16,1.896209716796875
megabyte1,290,16,1.77392578125
megabyte1,291,16,1.6773681640625
megabyte1,292,16,1.7757415771484375
megabyte1,293,16,1.992950439453125
megabyte1,294,16,2.03717041015625
megabyte1,295,16,1.755523681640625
megabyte1,296,16,1.8021697998046875
megabyte1,297,16,1.65985107421875
megabyte1,298,16,1.6112232208251953
megabyte1,299,16,1.92498779296875
megabyte1,300,16,1.816680908203125
megabyte1,301,16,1.7250022888183594
megabyte1,302,16,1.85247802734375
megabyte1,303,16,2.06610107421875
megabyte1,304,16,1.6431655883789062
megabyte1,305,16,2.11651611328125
megabyte1,306,16,1.7275357246398926
megabyte1,307,16,1.5996856689453125
megabyte1,308,16,1.58642578125
megabyte1,309,16,1.8495635986328125
megabyte1,310,16,2.0361976623535156
megabyte1,311,16,1.8131332397460938
megabyte1,312,16,1.7470793724060059
megabyte1,313,16,1.7508044242858887
megabyte1,314,16,1.88671875
megabyte1,315,16,1.965087890625
megabyte1,316,16,2.10205078125
megabyte1,317,16,1.7049560546875
megabyte1,318,16,1.969146728515625
megabyte1,319,16,2.16424560546875
megabyte1,320,16,1.74334716796875
megabyte1,321,16,1.882049560546875
megabyte1,322,16,1.9739689826965332
megabyte1,323,16,1.665771484375
megabyte1,324,16,1.5341796875
megabyte1,325,16,1.4139351844787598
megabyte1,326,16,2.042724609375
megabyte1,327,16,1.4964370727539062
megabyte1,328,16,1.711268424987793
megabyte1,329,16,1.584381103515625
megabyte1,330,16,1.645172119140625
megabyte1,331,16,1.3367061614990234
megabyte1,332,16,2.135040283203125
megabyte1,333,16,1.7498779296875
megabyte1,334,16,1.7189712524414062
megabyte1,335,16,1.49468994140625
megabyte1,336,16,1.758880615234375
megabyte1,337,16,2.324676513671875
megabyte1,338,16,1.82659912109375
megabyte1,339,16,1.7228965759277344
megabyte1,340,16,2.049619674682617
megabyte1,341,16,1.6911163330078125
megabyte1,342,16,1.788604736328125
megabyte1,343,16,2.113433837890625
megabyte1,344,16,2.0341033935546875
megabyte1,345,16,1.6108169555664062
megabyte1,346,16,1.77410888671875
megabyte1,347,16,1.8529052734375
megabyte1,348,16,1.7386474609375
megabyte1,349,16,2.0701904296875
megabyte1,350,16,1.99755859375
megabyte1,351,16,2.005218505859375
megabyte1,352,16,1.4899215698242188
megabyte1,353,16,1.6567535400390625
megabyte1,354,16,1.9530029296875
megabyte1,355,16,1.826812744140625
megabyte1,356,16,1.599609375
megabyte1,357,16,1.726409912109375
megabyte1,358,16,1.8212890625
megabyte1,359,16,1.8183441162109375
megabyte1,360,16,1.891387939453125
megabyte1,361,16,1.720977783203125
megabyte1,362,16,1.701690673828125
megabyte1,363,16,1.779052734375
megabyte1,364,16,1.65863037109375
megabyte1,365,16,1.772552490234375
megabyte1,366,16,1.53582763671875
megabyte1,367,16,1.5045356750488281
megabyte1,368,16,1.785400390625
megabyte1,369,16,1.67230224609375
megabyte1,370,16,1.851776123046875
megabyte1,371,16,1.807373046875
megabyte1,372,16,1.7668609619140625
megabyte1,373,16,1.396240234375
megabyte1,374,16,1.764739990234375
megabyte1,375,16,1.7227783203125
megabyte1,376,16,1.8472900390625
megabyte1,377,16,1.7532958984375
megabyte1,378,16,1.91015625
megabyte1,379,16,1.493316650390625
megabyte1,380,16,1.603912353515625
megabyte1,381,16,1.860626220703125
megabyte1,382,16,1.6666412353515625
megabyte1,383,16,1.9202880859375
megabyte1,384,16,1.79095458984375
megabyte1,385,16,1.6068267822265625
megabyte1,386,16,1.86041259765625
megabyte1,387,16,1.9202880859375
megabyte1,388,16,1.87933349609375
megabyte1,389,16,1.85723876953125
megabyte1,390,16,1.552642822265625
megabyte1,391,16,1.5688972473144531
megabyte1,392,16,1.901885986328125
megabyte1,393,16,1.874237060546875
megabyte1,394,16,1.944061279296875
megabyte1,395,16,1.843475341796875
megabyte1,396,16,1.5110855102539062
megabyte1,397,16,1.7257108688354492
megabyte1,398,16,1.903533935546875
megabyte1,399,16,1.496795654296875
megabyte1,400,16,1.574798583984375
megabyte1,401,16,1.705108642578125
megabyte1,402,16,1.4679908752441406
megabyte1,403,16,1.9149742126464844
megabyte1,404,16,1.6930694580078125
megabyte1,405,16,1.6609327793121338
megabyte1,406,16,1.531585693359375
megabyte1,407,16,1.6531143188476562
megabyte1,408,16,1.5948715209960938
megabyte1,409,16,1.8573760986328125
megabyte1,410,16,1.950958251953125
megabyte1,411,16,1.4522743225097656
megabyte1,412,16,1.9708558320999146
megabyte1,413,16,1.78216552734375
megabyte1,414,16,1.82373046875
megabyte1,415,16,1.8238375186920166
megabyte1,416,16,1.726806640625
megabyte1,417,16,2.0037841796875
megabyte1,418,16,1.76727294921875
megabyte1,419,16,1.98895263671875
megabyte1,420,16,1.7161712646484375
megabyte1,421,16,2.135467529296875
megabyte1,422,16,1.7874298095703125
megabyte1,423,16,1.5106353759765625
megabyte1,424,16,1.8633880615234375
megabyte1,425,16,1.8301315307617188
megabyte1,426,16,1.7650065422058105
megabyte1,427,16,1.819244384765625
megabyte1,428,16,1.82244873046875
megabyte1,429,16,1.815000057220459
megabyte1,430,16,1.4107913970947266
megabyte1,431,16,1.85577392578125
megabyte1,432,16,1.3338432312011719
megabyte1,433,16,1.7095775604248047
megabyte1,434,16,1.6445770263671875
megabyte1,435,16,1.5259857177734375
megabyte1,436,16,1.98919677734375
megabyte1,437,16,1.753631591796875
megabyte1,438,16,1.3834075927734375
megabyte1,439,16,1.8648300170898438
megabyte1,440,16,1.6204071044921875
megabyte1,441,16,1.6572952270507812
megabyte1,442,16,1.6523399353027344
megabyte1,443,16,1.8173999786376953
megabyte1,444,16,2.008758544921875
megabyte1,445,16,1.5954208374023438
megabyte1,446,16,1.6517333984375
megabyte1,447,16,1.7544097900390625
megabyte1,448,16,1.8173370361328125
megabyte1,449,16,1.595977783203125
megabyte1,450,16,1.983154296875
megabyte1,451,16,1.6747894287109375
megabyte1,452,16,1.665618896484375
megabyte1,453,16,1.602264404296875
megabyte1,454,16,1.612945556640625
megabyte1,455,16,1.8202705383300781
megabyte1,456,16,1.7635269165039062
megabyte1,457,16,1.773834228515625
megabyte1,458,16,1.8088836669921875
megabyte1,459,16,1.9549713134765625
megabyte1,460,16,1.7223358154296875
megabyte1,461,16,1.4819183349609375
megabyte1,462,16,1.7212066650390625
megabyte1,463,16,1.7509515285491943
megabyte1,464,16,1.9636688232421875
megabyte1,465,16,1.4572219848632812
megabyte1,466,16,1.51336669921875
megabyte1,467,16,1.9476318359375
megabyte1,468,16,1.717193603515625
megabyte1,469,16,1.854827880859375
megabyte1,470,16,1.7415771484375
megabyte1,471,16,1.7209014892578125
megabyte1,472,16,1.9394454956054688
megabyte1,473,16,2.175128936767578
megabyte1,474,16,1.5675544738769531
megabyte1,475,16,1.4006314277648926
megabyte1,476,16,1.834716796875
megabyte1,477,16,1.4824028015136719
megabyte1,478,16,1.3773937225341797
megabyte1,479,16,2.050048828125
megabyte1,480,16,2.026611328125
megabyte1,481,16,1.8106689453125
megabyte1,482,16,1.8367919921875
megabyte1,483,16,1.7416839599609375
megabyte1,484,16,1.9580307006835938
megabyte1,485,16,1.7972564697265625
megabyte1,486,16,1.75787353515625
megabyte1,487,16,1.5504913330078125
megabyte1,488,16,1.781829833984375
megabyte1,489,16,1.4180831909179688
megabyte1,490,16,1.6835336685180664
megabyte1,491,16,1.6920166015625
megabyte1,492,16,1.5094413757324219
megabyte1,493,16,1.824981689453125
megabyte1,494,16,1.644622802734375
megabyte1,495,16,1.5345008373260498
megabyte1,496,16,1.9619266986846924
megabyte1,497,16,1.715087890625
megabyte1,498,16,1.7217822074890137
megabyte1,499,16,1.7781423330307007
megabyte1,500,16,1.68988037109375
megabyte1,501,16,1.9122314453125
megabyte1,502,16,1.850860595703125
megabyte1,503,16,1.6252632141113281
megabyte1,504,16,1.53985595703125
megabyte1,505,16,1.869384765625
megabyte1,506,16,1.68695068359375
megabyte1,507,16,1.7088971138000488
megabyte1,508,16,1.883636474609375
megabyte1,509,16,1.866455078125
megabyte1,510,16,1.5305023193359375
megabyte1,511,16,1.6016387939453125
megabyte1,512,16,1.6501274108886719
megabyte1,513,16,1.45404052734375
megabyte1,514,16,1.576995849609375
megabyte1,515,16,1.9750099182128906
megabyte1,516,16,1.650888442993164
megabyte1,517,16,1.7739853858947754
megabyte1,518,16,2.038848876953125
megabyte1,519,16,1.88958740234375
megabyte1,520,16,1.7684783935546875
megabyte1,521,16,1.815460205078125
megabyte1,522,16,2.04864501953125
megabyte1,523,16,1.95880126953125
megabyte1,524,16,2.2325439453125
megabyte1,525,16,1.6442413330078125
megabyte1,526,16,1.9274063110351562
megabyte1,527,16,1.63555908203125
megabyte1,528,16,1.819671630859375
megabyte1,529,16,1.6129150390625
megabyte1,530,16,2.0506591796875
megabyte1,531,16,1.834136962890625
megabyte1,532,16,1.6291675567626953
megabyte1,533,16,1.878143310546875
megabyte1,534,16,1.756439208984375
megabyte1,535,16,2.20867919921875
megabyte1,536,16,1.581695556640625
megabyte1,537,16,2.0047607421875
megabyte1,538,16,1.9698867797851562
megabyte1,539,16,1.8489990234375
megabyte1,540,16,1.5837173461914062
megabyte1,541,16,1.760406494140625
megabyte1,542,16,2.04046630859375
megabyte1,543,16,1.425537109375
megabyte1,544,16,1.6996383666992188
megabyte1,545,16,1.8521308898925781
megabyte1,546,16,1.76910400390625
megabyte1,547,16,1.67041015625
megabyte1,548,16,1.730698823928833
megabyte1,549,16,1.8680419921875
megabyte1,550,16,1.657928466796875
megabyte1,551,16,1.6015625
megabyte1,552,16,1.4720687866210938
megabyte1,553,16,2.101348876953125
megabyte1,554,16,2.0631103515625
megabyte1,555,16,1.431619644165039
megabyte1,556,16,1.8414554595947266
megabyte1,557,16,1.3985214233398438
megabyte1,558,16,1.6192245483398438
megabyte1,559,16,1.7930145263671875
megabyte1,560,16,1.4857177734375
megabyte1,561,16,1.6505451202392578
megabyte1,562,16,1.5017261505126953
megabyte1,563,16,1.598114013671875
megabyte1,564,16,1.84381103515625
megabyte1,565,16,1.7056961059570312
megabyte1,566,16,1.6529083251953125
megabyte1,567,16,1.5348663330078125
megabyte1,568,16,1.648345947265625
megabyte1,569,16,2.1485595703125
megabyte1,570,16,1.7675323486328125
megabyte1,571,16,1.77032470703125
megabyte1,572,16,1.8880615234375
megabyte1,573,16,1.4857940673828125
megabyte1,574,16,2.54656982421875
megabyte1,575,16,1.7921142578125
megabyte1,576,16,2.119873046875
megabyte1,577,16,2.19110107421875
megabyte1,578,16,1.82177734375
megabyte1,579,16,1.835601806640625
megabyte1,580,16,1.9760818481445312
megabyte1,581,16,1.921722412109375
megabyte1,582,16,1.594268798828125
megabyte1,583,16,1.5309371948242188
megabyte1,584,16,1.95550537109375
megabyte1,585,16,1.95770263671875
megabyte1,586,16,1.6160931587219238
megabyte1,587,16,1.83428955078125
megabyte1,588,16,1.7347526550292969
megabyte1,589,16,1.4664640426635742
megabyte1,590,16,1.98895263671875
megabyte1,591,16,1.941356897354126
megabyte1,592,16,1.919219970703125
megabyte1,593,16,1.60491943359375
megabyte1,594,16,1.7817153930664062
megabyte1,595,16,1.9705886840820312
megabyte1,596,16,1.668121337890625
megabyte1,597,16,1.5991448163986206
megabyte1,598,16,1.6668782234191895
megabyte1,599,16,1.766204833984375
megabyte1,600,16,1.6160736083984375
megabyte1,601,16,1.714752197265625
megabyte1,602,16,1.7895355224609375
megabyte1,603,16,1.4044303894042969
megabyte1,604,16,1.897430419921875
megabyte1,605,16,1.778106689453125
megabyte1,606,16,1.6466217041015625
megabyte1,607,16,1.65484619140625
megabyte1,608,16,1.80963134765625
megabyte1,609,16,1.64593505859375
megabyte1,610,16,1.8271780014038086
megabyte1,611,16,1.98956298828125
megabyte1,612,16,1.5547256469726562
megabyte1,613,16,1.7990570068359375
megabyte1,614,16,1.61737060546875
megabyte1,615,16,1.468536376953125
megabyte1,616,16,1.9644622802734375
megabyte1,617,16,1.68170166015625
megabyte1,618,16,2.1630783081054688
megabyte1,619,16,1.99664306640625
megabyte1,620,16,1.3741455078125
megabyte1,621,16,2.03387451171875
megabyte1,622,16,1.8448486328125
megabyte1,623,16,1.841766357421875
megabyte1,624,16,1.655303955078125
megabyte1,625,16,1.87347412109375
megabyte1,626,16,1.768218994140625
megabyte1,627,16,1.767242431640625
megabyte1,628,16,1.67059326171875
megabyte1,629,16,1.816741943359375
megabyte1,630,16,1.980712890625
megabyte1,631,16,1.542724609375
megabyte1,632,16,1.833465576171875
megabyte1,633,16,1.96856689453125
megabyte1,634,16,1.643218994140625
megabyte1,635,16,1.81317138671875
megabyte1,636,16,1.946115493774414
megabyte1,637,16,1.527801513671875
megabyte1,638,16,1.8560791015625
megabyte1,639,16,1.7093086242675781
megabyte1,640,16,1.6653289794921875
megabyte1,641,16,1.935760498046875
megabyte1,642,16,1.7958984375
megabyte1,643,16,1.8286895751953125
megabyte1,644,16,1.7070465087890625
megabyte1,645,16,1.83856201171875
megabyte1,646,16,1.8118896484375
megabyte1,647,16,1.9180450439453125
megabyte1,648,16,1.8740739822387695
megabyte1,649,16,1.938446044921875
megabyte1,650,16,1.5784912109375
megabyte1,651,16,1.3756942749023438
megabyte1,652,16,1.5427398681640625
megabyte1,653,16,2.1219482421875
megabyte1,654,16,1.83294677734375
megabyte1,655,16,1.9066925048828125
megabyte1,656,16,1.939422607421875
megabyte1,657,16,1.776580810546875
megabyte1,658,16,2.081939697265625
megabyte1,659,16,1.691070556640625
megabyte1,660,16,2.166015625
megabyte1,661,16,1.91400146484375
megabyte1,662,16,1.9298095703125
megabyte1,663,16,1.900177001953125
megabyte1,664,16,1.6902618408203125
megabyte1,665,16,1.94805908203125
megabyte1,666,16,1.68292236328125
megabyte1,667,16,1.6044692993164062
megabyte1,668,16,1.765380859375
megabyte1,669,16,1.733306884765625
megabyte1,670,16,2.0301971435546875
megabyte1,671,16,1.68096923828125
megabyte1,672,16,1.87939453125
megabyte1,673,16,1.9725341796875
megabyte1,674,16,1.95635986328125
megabyte1,675,16,1.82708740234375
megabyte1,676,16,1.43963623046875
megabyte1,677,16,1.8782958984375
megabyte1,678,16,1.627655029296875
megabyte1,679,16,1.5336456298828125
megabyte1,680,16,1.894378662109375
megabyte1,681,16,1.798370361328125
megabyte1,682,16,1.9477996826171875
megabyte1,683,16,2.0340576171875
megabyte1,684,16,1.72607421875
megabyte1,685,16,2.008331298828125
megabyte1,686,16,1.8443927764892578
megabyte1,687,16,1.6476593017578125
megabyte1,688,16,1.6872787475585938
megabyte1,689,16,1.8814697265625
megabyte1,690,16,1.6551246643066406
megabyte1,691,16,1.755645751953125
megabyte1,692,16,1.9621124267578125
megabyte1,693,16,1.8380279541015625
megabyte1,694,16,2.0407867431640625
megabyte1,695,16,2.01123046875
megabyte1,696,16,1.7523727416992188
megabyte1,697,16,1.888702392578125
megabyte1,698,16,1.55999755859375
megabyte1,699,16,1.6979293823242188
megabyte1,700,16,1.87884521484375
megabyte1,701,16,1.903076171875
megabyte1,702,16,1.567673683166504
megabyte1,703,16,2.015899658203125
megabyte1,704,16,1.8895263671875
megabyte1,705,16,1.7693147659301758
megabyte1,706,16,1.6430206298828125
megabyte1,707,16,2.3636474609375
megabyte1,708,16,2.273101806640625
megabyte1,709,16,1.65985107421875
megabyte1,710,16,1.6386222839355469
megabyte1,711,16,1.903900146484375
megabyte1,712,16,2.049072265625
megabyte1,713,16,1.8586196899414062
megabyte1,714,16,1.6190338134765625
megabyte1,715,16,1.529998779296875
megabyte1,716,16,1.813140869140625
megabyte1,717,16,1.5244598388671875
megabyte1,718,16,1.305694580078125
megabyte1,719,16,1.746978759765625
megabyte1,720,16,1.921426773071289
megabyte1,721,16,1.763946533203125
megabyte1,722,16,1.5936279296875
megabyte1,723,16,1.73883056640625
megabyte1,724,16,1.684173583984375
megabyte1,725,16,1.99493408203125
megabyte1,726,16,1.6735267639160156
megabyte1,727,16,2.057098388671875
megabyte1,728,16,1.6937026977539062
megabyte1,729,16,1.956024169921875
megabyte1,730,16,1.637481689453125
megabyte1,731,16,1.95233154296875
megabyte1,732,16,1.4584274291992188
megabyte1,733,16,1.5422515869140625
megabyte1,734,16,1.932037353515625
megabyte1,735,16,2.059783935546875
megabyte1,736,16,1.707183837890625
megabyte1,737,16,2.42413330078125
megabyte1,738,16,1.8694000244140625
megabyte1,739,16,1.9100494384765625
megabyte1,740,16,1.983062744140625
megabyte1,741,16,1.4065093994140625
megabyte1,742,16,1.7664031982421875
megabyte1,743,16,2.031982421875
megabyte1,744,16,1.4641227722167969
megabyte1,745,16,1.8956584930419922
megabyte1,746,16,2.06475830078125
megabyte1,747,16,1.5294127464294434
megabyte1,748,16,1.4200384616851807
megabyte1,749,16,1.76348876953125
megabyte1,750,16,1.4973030090332031
megabyte1,751,16,1.5497117042541504
megabyte1,752,16,1.7303314208984375
megabyte1,753,16,1.4685380458831787
megabyte1,754,16,1.7116165161132812
megabyte1,755,16,1.8279266357421875
megabyte1,756,16,1.38507080078125
megabyte1,757,16,1.9464111328125
megabyte1,758,16,1.797576904296875
megabyte1,759,16,2.1049880981445312
megabyte1,760,16,1.5652008056640625
megabyte1,761,16,1.6284866333007812
megabyte1,762,16,1.5565109252929688
megabyte1,763,16,1.646240234375
megabyte1,764,16,1.9794921875
megabyte1,765,16,1.4845428466796875
megabyte1,766,16,1.418487548828125
megabyte1,767,16,1.775238037109375
megabyte1,768,16,1.674591064453125
megabyte1,769,16,1.888153076171875
megabyte1,770,16,1.985443115234375
megabyte1,771,16,1.5331573486328125
megabyte1,772,16,1.632049560546875
megabyte1,773,16,1.7596015930175781
megabyte1,774,16,1.879547119140625
megabyte1,775,16,2.0435638427734375
megabyte1,776,16,1.88079833984375
megabyte1,777,16,1.7950973510742188
megabyte1,778,16,1.717193603515625
megabyte1,779,16,1.8645553588867188
megabyte1,780,16,1.6680526733398438
megabyte1,781,16,1.4977264404296875
megabyte1,782,16,1.6250247955322266
megabyte1,783,16,1.5802497863769531
megabyte1,784,16,1.5942001342773438
megabyte1,785,16,1.483978271484375
megabyte1,786,16,1.5944366455078125
megabyte1,787,16,1.760284423828125
megabyte1,788,16,1.79150390625
megabyte1,789,16,1.6742401123046875
megabyte1,790,16,1.8027420043945312
megabyte1,791,16,1.90264892578125
megabyte1,792,16,1.7756805419921875
megabyte1,793,16,1.7354736328125
megabyte1,794,16,1.896514892578125
megabyte1,795,16,1.39874267578125
megabyte1,796,16,2.0994873046875
megabyte1,797,16,1.563232421875
megabyte1,798,16,1.756256103515625
megabyte1,799,16,1.3143348693847656
megabyte1,800,16,1.95916748046875
megabyte1,801,16,1.944793701171875
megabyte1,802,16,1.4487152099609375
megabyte1,803,16,1.9351806640625
megabyte1,804,16,1.7204742431640625
megabyte1,805,16,1.9525222778320312
megabyte1,806,16,1.7010498046875
megabyte1,807,16,2.064167022705078
megabyte1,808,16,2.059051513671875
megabyte1,809,16,1.689178466796875
megabyte1,810,16,1.7421455383300781
megabyte1,811,16,1.873443603515625
megabyte1,812,16,2.103515625
megabyte1,813,16,1.704620361328125
megabyte1,814,16,1.94189453125
megabyte1,815,16,1.523101806640625
megabyte1,816,16,1.712935447692871
megabyte1,817,16,1.8233709335327148
megabyte1,818,16,1.84722900390625
megabyte1,819,16,1.8394622802734375
megabyte1,820,16,1.969940185546875
megabyte1,821,16,1.5848388671875
megabyte1,822,16,1.7935333251953125
megabyte1,823,16,1.6771259307861328
megabyte1,824,16,1.6702728271484375
megabyte1,825,16,1.8296566009521484
megabyte1,826,16,1.8589401245117188
megabyte1,827,16,2.076385498046875
megabyte1,828,16,1.8695297241210938
megabyte1,829,16,2.200408935546875
megabyte1,830,16,2.039642333984375
megabyte1,831,16,1.6404857635498047
megabyte1,832,16,1.7253862023353577
megabyte1,833,16,1.90838623046875
megabyte1,834,16,1.9053802490234375
megabyte1,835,16,1.89129638671875
megabyte1,836,16,1.7163848876953125
megabyte1,837,16,1.6617584228515625
megabyte1,838,16,1.9775543212890625
megabyte1,839,16,2.0654754638671875
megabyte1,840,16,1.856109619140625
megabyte1,841,16,1.885528564453125
megabyte1,842,16,1.698486328125
megabyte1,843,16,1.7081985473632812
megabyte1,844,16,1.515289306640625
megabyte1,845,16,1.881378173828125
megabyte1,846,16,2.09002685546875
megabyte1,847,16,1.667816162109375
megabyte1,848,16,2.106536865234375
megabyte1,849,16,1.71087646484375
megabyte1,850,16,1.9691619873046875
megabyte1,851,16,1.9622802734375
megabyte1,852,16,1.664337158203125
megabyte1,853,16,1.7927627563476562
megabyte1,854,16,2.24029541015625
megabyte1,855,16,1.86962890625
megabyte1,856,16,1.847015380859375
megabyte1,857,16,2.02508544921875
megabyte1,858,16,2.075439453125
megabyte1,859,16,1.6241302490234375
megabyte1,860,16,1.94708251953125
megabyte1,861,16,1.683197021484375
megabyte1,862,16,2.15069580078125
megabyte1,863,16,1.71697998046875
megabyte1,864,16,1.7791748046875
megabyte1,865,16,1.825042724609375
megabyte1,866,16,2.06158447265625
megabyte1,867,16,2.12457275390625
megabyte1,868,16,2.045166015625
megabyte1,869,16,1.875244140625
megabyte1,870,16,2.009918212890625
megabyte1,871,16,1.568603515625
megabyte1,872,16,1.937713623046875
megabyte1,873,16,1.822509765625
megabyte1,874,16,1.77032470703125
megabyte1,875,16,1.710601806640625
megabyte1,876,16,1.82379150390625
megabyte1,877,16,1.7579193115234375
megabyte1,878,16,1.77789306640625
megabyte1,879,16,1.82830810546875
megabyte1,880,16,2.1944580078125
megabyte1,881,16,1.867279052734375
megabyte1,882,16,1.7406005859375
megabyte1,883,16,2.12261962890625
megabyte1,884,16,1.950347900390625
megabyte1,885,16,1.84259033203125
megabyte1,886,16,1.550445556640625
megabyte1,887,17,1.7859030330882353
megabyte1,888,17,1.7228285845588236
megabyte1,889,17,1.7848833869485294
megabyte1,890,17,2.211626838235294
megabyte1,891,17,2.0251608455882355
megabyte1,892,17,2.0808249080882355
megabyte1,893,17,2.0350413602941178
megabyte1,894,17,1.9709329044117647
megabyte1,895,17,1.6573127297794117
megabyte1,896,17,1.914206112132353
megabyte1,897,17,2.0792738970588234
megabyte1,898,17,1.6191837086397058
megabyte1,899,17,1.720846737132353
megabyte1,900,17,1.8524241727941178
megabyte1,901,17,1.6384241440716911
megabyte1,902,17,2.0727826286764706
megabyte1,903,17,1.8566176470588236
megabyte1,904,17,1.8360523897058822
megabyte1,905,17,1.883645450367647
megabyte1,906,17,1.9964096966911764
megabyte1,907,17,1.799948299632353
megabyte1,908,17,1.8125574448529411
megabyte1,909,17,2.0539407169117645
megabyte1,910,17,1.6542394301470589
megabyte1,911,17,1.8814338235294117
megabyte1,912,17,1.9971564797794117
megabyte1,913,17,1.9066808363970589
megabyte1,914,17,2.0801068474264706
megabyte1,915,17,2.1447035845588234
megabyte1,916,17,1.8231272977941178
megabyte1,917,17,1.6162540211397058
megabyte1,918,17,1.5234231387867647
megabyte1,919,17,1.7444565716911764
megabyte1,920,17,1.6646225873161764
megabyte1,921,17,2.1632582720588234
megabyte1,922,17,1.6371783088235294
megabyte1,923,17,1.9203239889705883
megabyte1,924,17,1.6362879136029411
megabyte1,925,17,1.909811580882353
megabyte1,926,17,2.0926441865808822
megabyte1,927,17,1.8642003676470589
megabyte1,928,17,1.7740119485294117
megabyte1,929,17,1.6262494255514706
megabyte1,930,17,1.78564453125
megabyte1,931,17,2.1156364889705883
megabyte1,932,17,2.0255198759191178
megabyte1,933,17,1.61785888671875
megabyte1,934,17,2.0007467830882355
megabyte1,935,17,2.041360294117647
megabyte1,936,17,1.9001034007352942
megabyte1,937,17,1.8994715073529411
megabyte1,938,17,1.7414119944852942
megabyte1,939,17,1.9563419117647058
megabyte1,940,17,1.6904871323529411
megabyte1,941,17,1.8635684742647058
megabyte1,942,17,1.7812787224264706
megabyte1,943,17,1.6055836397058822
megabyte1,944,17,1.804543887867647
megabyte1,945,17,2.0248161764705883
megabyte1,946,17,1.671731387867647
megabyte1,947,17,1.7419864430147058
megabyte1,948,17,1.6492417279411764
megabyte1,949,17,1.76318359375
megabyte1,950,17,1.7882582720588236
megabyte1,951,17,2.0014935661764706
megabyte1,952,17,1.99609375
megabyte1,953,17,2.0993795955882355
megabyte1,954,17,1.8285414751838236
megabyte1,955,17,1.6211368336397058
megabyte1,956,17,2.139705882352941
megabyte1,957,17,1.8797679227941178
megabyte1,958,17,2.0438304227941178
megabyte1,959,17,2.038286994485294
megabyte1,960,17,1.9976447610294117
megabyte1,961,17,1.7090705422794117
megabyte1,962,17,1.6191980698529411
megabyte1,963,17,1.7860179227941178
megabyte1,964,17,1.5827205882352942
megabyte1,965,17,1.7876263786764706
megabyte1,966,17,1.9934512867647058
megabyte1,967,17,1.6663315716911764
megabyte1,968,17,1.8915441176470589
megabyte1,969,17,1.4527085248161764
megabyte1,970,17,1.8319163602941178
megabyte1,971,17,1.8771254595588236
megabyte1,972,17,1.8748599781709558
megabyte1,973,17,1.802102481617647
megabyte1,974,17,1.6756950827205883
megabyte1,975,17,1.9113338694852942
megabyte1,976,17,2.012063419117647
megabyte1,977,17,2.0044232536764706
megabyte1,978,17,1.7461368336397058
megabyte1,979,17,1.6730598000919117
megabyte1,980,17,1.9479513729319853
megabyte1,981,17,1.6281989602481617
megabyte1,982,17,1.8753105612362133
megabyte1,983,17,1.703207576976103
megabyte1,984,17,1.5010483685661764
megabyte1,985,17,2.0000861672794117
megabyte1,986,17,1.7795122931985294
megabyte1,987,17,1.5725815716911764
megabyte1,988,17,1.3961756089154411
megabyte1,989,17,1.7185345818014706
megabyte1,990,17,1.6860688153435202
megabyte1,991,17,1.335092207964729
megabyte1,992,17,1.5474207261029411
megabyte1,993,17,1.8052332261029411
megabyte1,994,17,1.5159912109375
megabyte1,995,17,1.5000574448529411
megabyte1,996,17,1.6728659237132353
megabyte1,997,17,1.7423023897058822
megabyte1,998,17,1.6800608915441178
megabyte1,999,17,1.720315372242647
megabyte1,1000,17,1.6294358197380514
megabyte1,1001,17,1.9243307674632353
megabyte1,1002,17,2.022604549632353
megabyte1,1003,17,2.173342087689568
megabyte1,1004,17,1.3997304579790901
megabyte1,1005,17,1.8461985868566178
megabyte1,1006,17,1.6619460161994486
megabyte1,1007,17,1.491110409007353
megabyte1,1008,17,1.5645392922794117
megabyte1,1009,17,2.094870174632353
megabyte1,1010,17,1.8333201688878678
megabyte1,1011,17,1.7976002412683822
megabyte1,1012,17,1.3482666015625
megabyte1,1013,17,1.6186236213235294
megabyte1,1014,17,1.7336282169117647
megabyte1,1015,17,1.6368264590992647
megabyte1,1016,17,1.4944601619944853
megabyte1,1017,17,1.9609375
megabyte1,1018,17,1.9119370404411764
megabyte1,1019,17,2.325539981617647
megabyte1,1020,17,2.1771599264705883
megabyte1,1021,17,1.9199505974264706
megabyte1,1022,17,1.6462303610409008
megabyte1,1023,17,1.7829948874080883
megabyte1,1024,17,1.6154192756204044
megabyte1,1025,17,1.7480702119715072
megabyte1,1026,17,1.5284459731158089
megabyte1,1027,17,2.440286075367647
megabyte1,1028,17,2.032757927389706
megabyte1,1029,17,1.6812385110294117
megabyte1,1030,17,1.5359604779411764
megabyte1,1031,17,1.7554859834558822
megabyte1,1032,17,1.8045008042279411
megabyte1,1033,17,1.6317210477941178
megabyte1,1034,17,1.4847789091222428
megabyte1,1035,17,1.884848201976103
megabyte1,1036,17,1.8311408547794117
megabyte1,1037,17,1.6787315817440258
megabyte1,1038,17,1.752973668715533
megabyte1,1039,17,1.4718529196346508
megabyte1,1040,17,1.9622946346507353
megabyte1,1041,17,1.7198594037224264
megabyte1,1042,17,1.7676355698529411
megabyte1,1043,17,2.083630954518038
megabyte1,1044,17,1.8913394703584558
megabyte1,1045,17,1.6049427705652572
megabyte1,1046,17,1.7647776884191178
megabyte1,1047,17,2.127450382008272
megabyte1,1048,17,1.6295139088350183
megabyte1,1049,17,1.6309311810661764
megabyte1,1050,17,1.59814453125
megabyte1,1051,17,1.6402444278492647
megabyte1,1052,17,1.8796099494485294
megabyte1,1053,17,1.8333794088924633
megabyte1,1054,17,1.6736557904411764
megabyte1,1055,17,1.764718448414522
megabyte1,1056,17,1.9032915900735294
megabyte1,1057,17,1.7951229319852942
megabyte1,1058,17,1.6370346966911764
megabyte1,1059,17,1.904641544117647
megabyte1,1060,17,1.7588788200827206
megabyte1,1061,17,1.5547736672794117
megabyte1,1062,17,1.9044692095588236
megabyte1,1063,17,1.627297794117647
megabyte1,1064,17,1.907327090992647
megabyte1,1065,17,1.7559168198529411
megabyte1,1066,17,1.6553308823529411
megabyte1,1067,17,1.6089728860294117
megabyte1,1068,17,1.7080652573529411
megabyte1,1069,17,1.9647575827205883
megabyte1,1070,17,2.118795955882353
megabyte1,1071,17,1.7459788602941178
megabyte1,1072,17,1.877297794117647
megabyte1,1073,17,1.7888901654411764
megabyte1,1074,17,1.8629078584558822
megabyte1,1075,17,1.8644139906939339
megabyte1,1076,17,1.8997874540441178
megabyte1,1077,17,1.7134201947380514
megabyte1,1078,17,1.8158605238970589
megabyte1,1079,17,1.6757094439338236
megabyte1,1080,17,1.9893727022058822
megabyte1,1081,17,1.4102639590992647
megabyte1,1082,17,1.7410848280962776
megabyte1,1083,17,1.8803280101102942
megabyte1,1084,17,1.5899424833409928
megabyte1,1085,17,1.5084515739889706
megabyte1,1086,17,2.051639332490809
megabyte1,1087,17,1.467041015625
megabyte1,1088,17,1.6424237419577206
megabyte1,1089,17,1.8633099724264706
megabyte1,1090,17,1.8240894990808822
megabyte1,1091,17,1.6293083639705883
megabyte1,1092,17,1.8894186580882353
megabyte1,1093,17,1.6857048483455883
megabyte1,1094,17,1.3503741096047794
megabyte1,1095,17,1.7691049014820772
megabyte1,1096,17,1.5428035960477942
megabyte1,1097,17,1.9899040670955883
megabyte1,1098,17,1.572165096507353
megabyte1,1099,17,1.6757309857536764
megabyte1,1100,17,1.4864071116727942
megabyte1,1101,17,1.859375
megabyte1,1102,17,1.6709343405330883
megabyte1,1103,17,1.492910721722771
megabyte1,1104,17,1.5065648696001839
megabyte1,1105,17,1.8287335564108456
megabyte1,1106,17,1.4968495088465072
megabyte1,1107,17,1.6779928768382353
megabyte1,1108,17,1.9682150448069853
megabyte1,1109,17,1.6990894990808822
megabyte1,1110,17,1.8509180405560661
megabyte1,1111,17,1.6296305936925553
megabyte1,1112,17,1.378450730267693
megabyte1,1113,17,1.7777745863970589
megabyte1,1114,17,1.5767319623161764
megabyte1,1115,17,1.5001938763786764
megabyte1,1116,17,1.9005055147058822
megabyte1,1117,17,1.9025160845588236
megabyte1,1118,17,1.8100478228400736
megabyte1,1119,17,1.7921645220588236
megabyte1,1120,17,1.946633731617647
megabyte1,1121,17,1.638711368336397
megabyte1,1122,17,1.5962201286764706
megabyte1,1123,17,1.5250962201286764
megabyte1,1124,17,1.6488324333639706
megabyte1,1125,17,1.5664636948529411
megabyte1,1126,17,1.7836568495806526
megabyte1,1127,17,1.4684196920955883
megabyte1,1128,17,1.6336167279411764
megabyte1,1129,17,2.0870863970588234
megabyte1,1130,17,1.8677332261029411
megabyte1,1131,17,1.6291862936580883
megabyte1,1132,17,1.647474401137408
megabyte1,1133,17,1.4868415383731617
megabyte1,1134,17,1.6955207375919117
megabyte1,1135,17,1.7627814797794117
megabyte1,1136,17,1.3842306698069853
megabyte1,1137,17,1.7677504595588236
megabyte1,1138,17,1.5456071741440718
megabyte1,1139,17,1.8930951286764706
megabyte1,1140,17,1.9879940257352942
megabyte1,1141,17,2.0394646139705883
megabyte1,1142,17,1.6942479750689339
megabyte1,1143,17,1.9766343060661764
megabyte1,1144,17,1.7897087545955883
megabyte1,1145,17,1.629422804888557
megabyte1,1146,17,1.6892736098345589
megabyte1,1147,17,1.8370863970588236
megabyte1,1148,17,1.5468019878163057
megabyte1,1149,17,1.6265420352711397
megabyte1,1150,17,1.8507869944852942
megabyte1,1151,17,1.7055951286764706
megabyte1,1152,17,1.6945657169117647
megabyte1,1153,17,1.8434627757352942
megabyte1,1154,17,1.9380026424632353
megabyte1,1155,17,1.6208639705882353
megabyte1,1156,17,2.2507467830882355
megabyte1,1157,17,1.9158576516544117
megabyte1,1158,17,1.662741268382353
megabyte1,1159,17,1.9801815257352942
megabyte1,1160,17,1.7569454417509192
megabyte1,1161,17,1.6738424862132353
megabyte1,1162,17,1.6527027803308822
megabyte1,1163,17,1.7891989315257353
megabyte1,1164,17,1.626246732823989
megabyte1,1165,17,1.648336971507353
megabyte1,1166,17,1.6989063936121322
megabyte1,1167,17,1.4662511488970589
megabyte1,1168,17,1.8394129136029411
megabyte1,1169,17,1.9717514935661764
megabyte1,1170,17,1.7949793198529411
megabyte1,1171,17,1.4078871783088236
megabyte1,1172,17,1.420754825367647
megabyte1,1173,17,1.9066233915441178
megabyte1,1174,17,1.8599781709558822
megabyte1,1175,17,1.618458916159237
megabyte1,1176,17,2.112261603860294
megabyte1,1177,17,1.5029727711397058
megabyte1,1178,17,1.8960248161764706
megabyte1,1179,17,1.7753475413602942
megabyte1,1180,17,1.6668772977941178
megabyte1,1181,17,1.76708984375
megabyte1,1182,17,1.8525677849264706
megabyte1,1183,17,1.9834318721995634
megabyte1,1184,17,1.7138384650735294
megabyte1,1185,17,1.7534754136029411
megabyte1,1186,17,1.508439905503217
megabyte1,1187,17,1.7026394114774817
megabyte1,1188,17,1.824362362132353
megabyte1,1189,17,1.5604104434742647
megabyte1,1190,17,1.4853228400735294
megabyte1,1191,17,1.8368781594669117
megabyte1,1192,17,1.7037640739889706
megabyte1,1193,17,1.8898494944852942
megabyte1,1194,17,1.9980755974264706
megabyte1,1195,17,1.549002254710478
megabyte1,1196,17,1.599889643052045
megabyte1,1197,17,1.5944249770220589
megabyte1,1198,17,2.096173454733456
megabyte1,1199,17,1.6201064165900736
megabyte1,1200,17,1.7186997357536764
megabyte1,1201,17,1.6521247414981617
megabyte1,1202,17,1.3801700367647058
megabyte1,1203,17,1.5563246783088236
megabyte1,1204,17,1.7632392434512867
megabyte1,1205,17,1.3242542042451746
megabyte1,1206,17,1.8211741727941178
megabyte1,1207,17,1.7913961971507353
megabyte1,1208,17,1.7396935855641085
megabyte1,1209,17,1.7624368106617647
megabyte1,1210,17,1.8777824850643383
megabyte1,1211,17,1.5102898092830883
megabyte1,1212,17,1.7168758616727942
megabyte1,1213,17,1.9943991268382353
megabyte1,1214,17,2.0548454733455883
megabyte1,1215,17,1.4855167164522058
megabyte1,1216,17,1.4058348711799173
megabyte1,1217,17,1.5750876034007353
megabyte1,1218,17,1.844399844898897
megabyte1,1219,17,1.8424862132352942
megabyte1,1220,17,1.5701545266544117
megabyte1,1221,17,1.5103472541360294
megabyte1,1222,17,1.8826401654411764
megabyte1,1223,17,1.8164690803079044
megabyte1,1224,17,1.770751953125
megabyte1,1225,17,1.7719008501838236
megabyte1,1226,17,1.6274342256433822
megabyte1,1227,17,1.6472275677849264
megabyte1,1228,17,1.792624080882353
megabyte1,1229,17,1.7968384798835306
megabyte1,1230,17,1.582762549905216
megabyte1,1231,17,1.5810116038602942
megabyte1,1232,17,1.3926742778104895
megabyte1,1233,17,1.9211282169117647
megabyte1,1234,17,2.1066176470588234
megabyte1,1235,17,1.4937815946691178
megabyte1,1236,17,1.6900060317095589
megabyte1,1237,17,1.8215762867647058
megabyte1,1238,17,1.5110294117647058
megabyte1,1239,17,1.5695886050953585
megabyte1,1240,17,1.5770416259765625
megabyte1,1241,17,1.6264935661764706
megabyte1,1242,17,1.4171142578125
megabyte1,1243,17,1.7626378676470589
megabyte1,1244,17,1.5272122551413143
megabyte1,1245,17,1.7523642147288603
megabyte1,1246,17,1.513528262867647
megabyte1,1247,17,1.8072581010706283
megabyte1,1248,17,1.6911190257352942
megabyte1,1249,17,2.055376838235294
megabyte1,1250,17,1.8919749540441178
megabyte1,1251,17,1.7161434397977942
megabyte1,1252,17,1.6134535845588236
megabyte1,1253,17,1.7209041819852942
megabyte1,1254,17,1.8997874540441178
megabyte1,1255,17,1.6798167509191178
megabyte1,1256,17,1.6046151553883272
megabyte1,1257,17,1.5906192555147058
megabyte1,1258,17,1.8787913602941178
megabyte1,1259,17,1.6210434857536764
megabyte1,1260,17,1.6387293198529411
megabyte1,1261,17,1.8959242876838236
megabyte1,1262,17,2.0320111443014706
megabyte1,1263,17,1.9277056525735294
megabyte1,1264,17,1.4015179802389706
megabyte1,1265,17,1.8106617647058822
megabyte1,1266,17,1.926901424632353
megabyte1,1267,17,1.7816808363970589
megabyte1,1268,17,1.1896685431985294
megabyte1,1269,17,1.8195872587316178
megabyte1,1270,17,1.4976734834558822
megabyte1,1271,17,1.7461081112132353
megabyte1,1272,17,1.7638298483455883
megabyte1,1273,17,1.8939927045036764
megabyte1,1274,17,1.6396340762867647
megabyte1,1275,17,1.9138901654411764
megabyte1,1276,17,2.0955882352941178
megabyte1,1277,17,1.8823098575367647
megabyte1,1278,17,2.000753963694853
megabyte1,1279,17,1.3968003216911764
megabyte1,1280,17,1.4258306166704964
megabyte1,1281,17,1.800537109375
megabyte1,1282,17,1.9464236988740808
megabyte1,1283,17,1.9948586856617647
megabyte1,1284,17,1.7337718290441178
megabyte1,1285,17,1.5756046070772058
megabyte1,1286,17,1.8137709673713236
megabyte1,1287,17,1.9104757869944853
megabyte1,1288,17,1.908346737132353
megabyte1,1289,17,1.3626457663143383
megabyte1,1290,17,1.9674691592945772
megabyte1,1291,17,1.4590561810661764
megabyte1,1292,17,1.6988083895514994
megabyte1,1293,17,1.6825453814338236
megabyte1,1294,17,1.6690242991727942
megabyte1,1295,17,1.9304630055147058
megabyte1,1296,17,1.786599551930147
megabyte1,1297,17,1.46826171875
megabyte1,1298,17,1.8662167717428768
megabyte1,1299,17,1.641256893382353
megabyte1,1300,17,1.293130313648897
megabyte1,1301,17,1.638753105612362
megabyte1,1302,17,1.8638377470128678
megabyte1,1303,17,1.6045783547794117
megabyte1,1304,17,1.4788692698759192
megabyte1,1305,17,1.793170031379251
megabyte1,1306,17,1.5547521254595589
megabyte1,1307,17,1.6502613740808822
megabyte1,1308,17,2.1022661994485294
megabyte1,1309,17,1.868508731617647
megabyte1,1310,17,1.4076466279871322
megabyte1,1311,17,1.8036301556755514
megabyte1,1312,17,1.5899173512178308
megabyte1,1313,17,1.4670901579015396
megabyte1,1314,17,1.683019525864545
megabyte1,1315,17,1.5639073988970589
megabyte1,1316,17,1.4887551700367647
megabyte1,1317,17,1.812246883616728
megabyte1,1318,17,2.0990241555606617
megabyte1,1319,17,1.5015222886029411
megabyte1,1320,17,1.7531163832720589
megabyte1,1321,17,1.6825597426470589
megabyte1,1322,17,1.7624834846047794
megabyte1,1323,17,1.743408203125
megabyte1,1324,17,1.8031508501838236
megabyte1,1325,17,1.3766371783088236
megabyte1,1326,17,1.9746380974264706
megabyte1,1327,17,1.5177863625919117
megabyte1,1328,17,1.7744634291704964
megabyte1,1329,17,1.7471026252297794
megabyte1,1330,17,1.9030330882352942
megabyte1,1331,17,1.7820901309742647
megabyte1,1332,17,1.4642693014705883
megabyte1,1333,17,1.604574764476103
megabyte1,1334,17,1.7644473805147058
megabyte1,1335,17,1.9316370346966911
megabyte1,1336,17,1.8933895335477942
megabyte1,1337,17,1.5956959443933822
megabyte1,1338,17,1.7560281192555147
megabyte1,1339,17,1.7380299287683822
megabyte1,1340,17,1.6091021369485294
megabyte1,1341,17,2.0574448529411766
megabyte1,1342,17,1.9895450367647058
megabyte1,1343,17,1.8606854607077206
megabyte1,1344,17,1.9119944852941178
megabyte1,1345,17,1.78125
megabyte1,1346,17,1.5223460477941178
megabyte1,1347,17,1.8227826286764706
megabyte1,1348,17,1.889504825367647
megabyte1,1349,17,1.9940544577205883
megabyte1,1350,17,2.154641544117647
megabyte1,1351,17,1.8043500114889706
megabyte1,1352,17,1.7325870289522058
megabyte1,1353,17,1.9670553768382353
megabyte1,1354,17,2.1208267211914062
megabyte1,1355,17,1.893332088694853
megabyte1,1356,17,1.8737362132352942
megabyte1,1357,17,2.1630859375
megabyte1,1358,17,1.8518380557789522
megabyte1,1359,17,1.9221909466911764
megabyte1,1360,17,1.698813045726103
megabyte1,1361,17,1.672090866986443
megabyte1,1362,17,1.6506850298713236
megabyte1,1363,17,1.7026474896599264
megabyte1,1364,17,1.5807243795955883
megabyte1,1365,17,1.7061695772058822
megabyte1,1366,17,1.502107395845301
megabyte1,1367,17,1.75894411872415
megabyte1,1368,17,2.0069508272058822
megabyte1,1369,17,1.7102654400993795
megabyte1,1370,17,1.5910527846392464
megabyte1,1371,17,2.1352251838235294
megabyte1,1372,17,1.7677836698644303
megabyte1,1373,17,1.8544419232536764
megabyte1,1374,17,1.6870691636029411
megabyte1,1375,17,1.7830114925608915
megabyte1,1376,17,1.5763193018296187
megabyte1,1377,17,2.1640481387867645
megabyte1,1378,17,1.7548593633315142
megabyte1,1379,17,1.7302665149464327
megabyte1,1380,17,1.9844898897058822
megabyte1,1381,17,1.9209150426528032
megabyte1,1382,17,1.3417841967414408
megabyte1,1383,17,1.9663373161764706
megabyte1,1384,17,1.567648494944853
megabyte1,1385,17,1.6214312385110294
megabyte1,1386,17,1.6372860179227942
megabyte1,1387,17,1.7270606545840992
megabyte1,1388,17,1.652439790613511
megabyte1,1389,17,1.5874597886029411
megabyte1,1390,17,1.9087488511029411
megabyte1,1391,17,1.8605669806985294
megabyte1,1392,17,1.5478084788602942
megabyte1,1393,17,1.5063620174632353
megabyte1,1394,17,1.6085312787224264
megabyte1,1395,17,2.1833639705882355
megabyte1,1396,17,1.9222771139705883
megabyte1,1397,17,1.7982249540441178
megabyte1,1398,17,1.822409237132353
megabyte1,1399,17,1.6145163143382353
megabyte1,1400,17,1.778664981617647
megabyte1,1401,17,1.5755112591911764
megabyte1,1402,17,1.5324132582720589
megabyte1,1403,17,1.7694558536305147
megabyte1,1404,17,1.9045553768382353
megabyte1,1405,17,1.7098047593060661
megabyte1,1406,17,1.9142348345588236
megabyte1,1407,17,1.8841050091911764
megabyte1,1408,17,1.777566348805147
megabyte1,1409,17,1.7713120404411764
megabyte1,1410,17,1.8821375229779411
megabyte1,1411,17,1.7867180319393383
megabyte1,1412,17,1.8237735523897058
megabyte1,1413,17,2.2585305606617645
megabyte1,1414,17,1.6930865119485294
megabyte1,1415,17,1.6166274126838236
megabyte1,1416,17,2.0042365579044117
megabyte1,1417,17,1.935302734375
megabyte1,1418,17,1.6782944623161764
megabyte1,1419,17,1.8265309053308822
megabyte1,1420,17,1.916360294117647
megabyte1,1421,17,1.7188720703125
megabyte1,1422,17,1.6917652803308822
megabyte1,1423,17,1.6943067662856157
megabyte1,1424,17,1.6619944852941178
megabyte1,1425,17,1.7530158547794117
megabyte1,1426,17,2.235064338235294
megabyte1,1427,17,1.423727596507353
megabyte1,1428,17,2.0750804227941178
megabyte1,1429,17,1.911865234375
megabyte1,1430,17,1.5789292279411764
megabyte1,1431,17,1.556051815257353
megabyte1,1432,17,1.8276941636029411
megabyte1,1433,17,1.8084268008961397
megabyte1,1434,17,1.2772683536305147
megabyte1,1435,17,2.170287188361673
megabyte1,1436,17,1.4390480939079733
megabyte1,1437,17,1.8106043198529411
megabyte1,1438,17,1.705078125
megabyte1,1439,17,1.7326203514547909
megabyte1,1440,17,1.990234375
megabyte1,1441,17,1.8930951286764706
megabyte1,1442,17,1.6603860294117647
megabyte1,1443,17,2.0308478860294117
megabyte1,1444,17,1.8027451459099264
megabyte1,1445,17,1.5718446619370405
megabyte1,1446,17,2.0753676470588234
megabyte1,1447,17,2.0721794577205883
megabyte1,1448,17,1.7315027573529411
megabyte1,1449,17,1.8124425551470589
megabyte1,1450,17,1.778176700367647
megabyte1,1451,17,2.148272346047794
megabyte1,1452,17,1.6529038373161764
megabyte1,1453,17,1.689108455882353
megabyte1,1454,17,1.8711224724264706
megabyte1,1455,17,1.7597081801470589
megabyte1,1456,17,1.9007927389705883
megabyte1,1457,17,1.8368673885569853
megabyte1,1458,17,1.8197093290441178
megabyte1,1459,17,1.5453239889705883
megabyte1,1460,17,1.6021369485294117
megabyte1,1461,17,1.7167717428768383
megabyte1,1462,17,1.9631778492647058
megabyte1,1463,17,1.5303829417509192
megabyte1,1464,17,1.6588493795955883
megabyte1,1465,17,1.867532169117647
megabyte1,1466,17,1.9998294605928308
megabyte1,1467,17,1.6538660386029411
megabyte1,1468,17,1.6139705882352942
megabyte1,1469,17,1.5683772143195658
megabyte1,1470,17,1.3803136488970589
megabyte1,1471,17,1.8147215001723345
megabyte1,1472,17,1.612692440257353
megabyte1,1473,17,1.8179859834558822
megabyte1,1474,17,1.8711368336397058
megabyte1,1475,17,1.8144962086397058
megabyte1,1476,17,1.837545955882353
megabyte1,1477,17,1.397073184742647
megabyte1,1478,17,1.82080078125
megabyte1,1479,17,1.4853192497702206
megabyte1,1480,17,1.5966509650735294
megabyte1,1481,17,1.9448726878446692
megabyte1,1482,17,1.6100284352022058
megabyte1,1483,17,1.8988396139705883
megabyte1,1484,17,1.490127114688649
megabyte1,1485,17,1.674154842601103
megabyte1,1486,17,1.7211124195772058
megabyte1,1487,17,1.5695616778205423
megabyte1,1488,17,1.5429139978745405
megabyte1,1489,17,1.3531431310317095
megabyte1,1490,17,1.6952371036305147
megabyte1,1491,17,1.7795185762293197
megabyte1,1492,17,1.6852165670955883
megabyte1,1493,17,1.5103445614085478
megabyte1,1494,17,1.5220875459558822
megabyte1,1495,17,1.9958352481617647
megabyte1,1496,17,1.6903004365808822
megabyte1,1497,17,1.6929859834558822
megabyte1,1498,17,1.3426477768841911
megabyte1,1499,17,1.4480864580939798
megabyte1,1500,17,1.8309424905215992
megabyte1,1501,17,1.3885318531709558
megabyte1,1502,17,1.764059627757353
megabyte1,1503,17,1.4215877757352942
megabyte1,1504,17,1.5354578354779411
megabyte1,1505,17,1.9480124080882353
megabyte1,1506,17,1.637960994944853
megabyte1,1507,17,1.5460133272058822
megabyte1,1508,17,1.8457713407628678
megabyte1,1509,17,2.074520335477941
megabyte1,1510,17,1.5490291819852942
megabyte1,1511,17,1.6050953584558822
megabyte1,1512,17,1.2390926585477942
megabyte1,1513,17,1.6324575087603401
megabyte1,1514,17,1.5771652670467602
megabyte1,1515,17,1.6450446633731617
megabyte1,1516,17,1.3921309078440947
megabyte1,1517,17,1.5859973009894877
megabyte1,1518,17,1.5235882927389706
megabyte1,1519,17,1.7343462775735294
megabyte1,1520,17,1.5147274241727942
megabyte1,1521,17,2.000201056985294
megabyte1,1522,17,1.8832433363970589
megabyte1,1523,17,1.3791216681985294
megabyte1,1524,17,1.5245648552389706
megabyte1,1525,17,1.4498852000517004
megabyte1,1526,17,1.9221981272977942
megabyte1,1527,17,1.6300838694852942
megabyte1,1528,17,1.7993738511029411
megabyte1,1529,17,1.9091509650735294
megabyte1,1530,17,1.7708668428308822
megabyte1,1531,17,1.6622242647058822
megabyte1,1532,17,1.3008458754595589
megabyte1,1533,17,1.5806812959558822
megabyte1,1534,17,1.5541561351102942
megabyte1,1535,17,1.8350183823529411
megabyte1,1536,17,1.652688419117647
megabyte1,1537,17,2.167624080882353
megabyte1,1538,17,2.0032240923713234
megabyte1,1539,17,2.161075367647059
megabyte1,1540,17,1.767190372242647
megabyte1,1541,17,1.8792473288143383
megabyte1,1542,17,1.8914292279411764
megabyte1,1543,17,1.50537109375
megabyte1,1544,17,1.6706973805147058
megabyte1,1545,17,1.712301815257353
megabyte1,1546,17,1.7344109030330883
megabyte1,1547,17,2.0716911764705883
megabyte1,1548,17,1.8805721507352942
megabyte1,1549,17,1.7418486651252298
megabyte1,1550,17,1.7406580307904411
megabyte1,1551,17,2.4109030330882355
megabyte1,1552,17,1.9004839728860294
megabyte1,1553,17,1.5164435891544117
megabyte1,1554,17,1.7839786305147058
megabyte1,1555,17,1.8952744427849264
megabyte1,1556,17,1.8446978400735294
megabyte1,1557,17,2.2271369485294117
megabyte1,1558,17,1.7740047679227942
megabyte1,1559,17,1.5979147518382353
megabyte1,1560,17,1.819580078125
megabyte1,1561,17,1.7276337567497702
megabyte1,1562,17,1.3115306181066178
megabyte1,1563,17,1.7795840992647058
megabyte1,1564,17,1.4652386833639706
megabyte1,1565,17,1.7246668198529411
megabyte1,1566,17,1.8953211167279411
megabyte1,1567,17,1.7146714154411764
megabyte1,1568,17,1.4348072725183822
megabyte1,1569,17,1.8604090073529411
megabyte1,1570,17,1.8881764131433822
megabyte1,1571,17,1.7982249540441178
megabyte1,1572,17,2.0441176470588234
megabyte1,1573,17,1.6390416762408089
megabyte1,1574,17,1.6027401194852942
megabyte1,1575,17,1.7589613970588236
megabyte1,1576,17,1.4780957839068245
megabyte1,1577,17,2.0961770450367645
megabyte1,1578,17,1.6636891084558822
megabyte1,1579,17,1.6937004538143383
megabyte1,1580,17,1.7834329044117647
megabyte1,1581,17,1.5908562155330883
megabyte1,1582,17,1.7657183478860294
megabyte1,1583,17,1.5724666819852942
megabyte1,1584,17,1.9065085018382353
megabyte1,1585,17,1.8327385397518383
megabyte1,1586,17,1.7622357536764706
megabyte1,1587,17,1.7167394301470589
megabyte1,1588,17,1.9366383272058822
megabyte1,1589,17,1.4718448414522058
megabyte1,1590,17,1.4544749540441178
megabyte1,1591,17,1.6342225916245405
megabyte1,1592,17,1.4485886517693014
megabyte1,1593,17,1.770651424632353
megabyte1,1594,17,1.78369140625
megabyte1,1595,17,1.4734856100643383
megabyte1,1596,17,1.862448299632353
megabyte1,1597,17,1.6428680419921875
megabyte1,1598,17,1.378662109375
megabyte1,1599,17,1.7155905330882353
megabyte1,1600,17,1.5092091279871322
megabyte1,1601,17,1.7788157743566178
megabyte1,1602,17,1.4440846162683822
megabyte1,1603,17,1.5791652903837317
megabyte1,1604,17,1.6813677619485294
megabyte1,1605,17,1.734095853917739
megabyte1,1606,17,1.6874712775735294
megabyte1,1607,17,2.1880241842830883
megabyte1,1608,17,2.0617388556985294
megabyte1,1609,17,1.6089298023897058
megabyte1,1610,17,1.6217918395996094
megabyte1,1611,17,1.6933162913602942
megabyte1,1612,17,1.7598517922794117
megabyte1,1613,17,1.8548727596507353
megabyte1,1614,17,1.7382381663602942
megabyte1,1615,17,1.8455586152918197
megabyte1,1616,17,1.566506778492647
megabyte1,1617,17,1.8247195973115808
megabyte1,1618,17,1.9642693014705883
megabyte1,1619,17,1.7957261029411764
megabyte1,1620,17,1.7138959099264706
megabyte1,1621,17,1.9046343635110294
megabyte1,1622,17,1.7904627182904411
megabyte1,1623,17,1.7194177964154411
megabyte1,1624,17,1.7783203125
megabyte1,1625,17,1.8022030101102942
megabyte1,1626,17,2.167279411764706
megabyte1,1627,17,1.5175924862132353
megabyte1,1628,17,1.4268296185661764
megabyte1,1629,17,1.8786190257352942
megabyte1,1630,17,1.5357809627757353
megabyte1,1631,17,1.3361098345588236
megabyte1,1632,17,2.1142865349264706
megabyte1,1633,17,1.8939639820772058
megabyte1,1634,17,1.9659064797794117
megabyte1,1635,17,1.81201171875
megabyte1,1636,17,2.0709156709558822
megabyte1,1637,17,1.7188774557674633
megabyte1,1638,17,1.9712488511029411
megabyte1,1639,17,1.4397443883559282
megabyte1,1640,17,1.4693799579844755
megabyte1,1641,17,1.9571461397058822
megabyte1,1642,17,1.5622414981617647
megabyte1,1643,17,1.8063498104319853
megabyte1,1644,17,1.9128274356617647
megabyte1,1645,17,1.6269585104549633
megabyte1,1646,17,1.7077205882352942
megabyte1,1647,17,1.7969324448529411
megabyte1,1648,17,1.6088005514705883
megabyte1,1649,17,1.5446707781623392
megabyte1,1650,17,1.7465371524586397
megabyte1,1651,17,1.5827134076286764
megabyte1,1652,17,1.4946701947380514
megabyte1,1653,17,1.8576803768382353
megabyte1,1654,17,2.045697380514706
megabyte1,1655,17,1.4017890481387867
megabyte1,1656,17,1.9181267233455883
megabyte1,1657,17,2.0508135627297794
megabyte1,1658,17,1.9131047865923714
megabyte1,1659,17,2.0246438419117645
megabyte1,1660,17,1.4579916561351103
megabyte1,1661,17,1.8047000660615808
megabyte1,1662,17,2.003848805147059
megabyte1,1663,17,1.9307358685661764
megabyte1,1664,17,1.5521742876838236
megabyte1,1665,17,2.0473561006433822
megabyte1,1666,17,1.8904239430147058
megabyte1,1667,17,1.759521484375
megabyte1,1668,17,2.142032398897059
megabyte1,1669,17,1.6671407362994026
megabyte1,1670,17,1.6645220588235294
megabyte1,1671,17,1.4589700137867647
megabyte1,1672,17,1.9924460018382353
megabyte1,1673,17,1.6514856675091911
megabyte1,1674,17,1.97509765625
megabyte1,1675,17,1.8149880801930147
megabyte1,1676,17,1.9384622012867647
megabyte1,1677,17,2.1156939338235294
megabyte1,1678,17,1.7452895220588236
megabyte1,1679,17,1.9555417229147518
megabyte1,1680,17,1.8414593864889706
megabyte1,1681,17,1.6197150735294117
megabyte1,1682,17,1.9232967601102942
megabyte1,1683,17,1.7457778033088236
megabyte1,1684,17,1.5374109604779411
megabyte1,1685,17,1.9725700827205883
megabyte1,1686,17,1.5230066636029411
megabyte1,1687,17,1.7591552734375
megabyte1,1688,17,1.8132036994485294
megabyte1,1689,17,1.6947093290441178
megabyte1,1690,17,1.8274159150965072
megabyte1,1691,17,1.3979258817784928
megabyte1,1692,17,1.8516881606158089
megabyte1,1693,17,2.0268482881433822
megabyte1,1694,17,1.6827679802389706
megabyte1,1695,17,1.8294175091911764
megabyte1,1696,17,1.7794526044060202
megabyte1,1697,17,1.6566951976102942
megabyte1,1698,17,1.8670223460477942
megabyte1,1699,17,1.6761420754825367
megabyte1,1700,17,1.7913531135110294
megabyte1,1701,17,1.8354779411764706
megabyte1,1702,17,1.666604434742647
megabyte1,1703,17,1.8221794577205883
megabyte1,1704,17,1.7317038143382353
megabyte1,1705,17,1.7127757352941178
megabyte1,1706,17,1.9385627297794117
megabyte1,1707,17,1.7515797334558822
megabyte1,1708,17,1.5471909466911764
megabyte1,1709,17,1.6186236213235294
megabyte1,1710,17,1.8243049172794117
megabyte1,1711,17,1.758810604319853
megabyte1,1712,17,1.817239200367647
megabyte1,1713,17,1.6342522116268383
megabyte1,1714,17,1.6402085248161764
megabyte1,1715,17,1.6716739430147058
megabyte1,1716,17,2.038430606617647
megabyte1,1717,17,1.5600011488970589
megabyte1,1718,17,2.1524586397058822
megabyte1,1719,17,2.167911305147059
megabyte1,1720,17,1.8358513327205883
megabyte1,1721,17,2.1667408662683822
megabyte1,1722,17,1.8836167279411764
megabyte1,1723,17,1.9474379595588236
megabyte1,1724,17,1.8977768841911764
megabyte1,1725,17,1.6451918658088236
megabyte1,1726,17,1.9162454044117647
megabyte1,1727,17,1.3981000114889706
megabyte1,1728,17,2.079044117647059
megabyte1,1729,17,1.9384191176470589
megabyte1,1730,17,1.7564051011029411
megabyte1,1731,17,2.008588005514706
megabyte1,1732,17,1.5581485523897058
megabyte1,1733,17,1.8423426011029411
megabyte1,1734,17,1.8202837775735294
megabyte1,1735,16,1.59771728515625
megabyte1,1736,16,1.6534957885742188
megabyte1,1737,16,1.68768310546875
megabyte1,1738,16,1.6296844482421875
megabyte1,1739,16,2.079559326171875
megabyte1,1740,16,1.783782958984375
megabyte1,1741,16,1.6334762573242188
megabyte1,1742,16,1.7128887176513672
megabyte1,1743,16,1.6361160278320312
megabyte1,1744,16,2.1986083984375
megabyte1,1745,16,1.4288482666015625
megabyte1,1746,16,1.725250244140625
megabyte1,1747,16,1.5075035095214844
megabyte1,1748,16,1.3246192932128906
megabyte1,1749,16,2.00653076171875
megabyte1,1750,16,1.4627685546875
megabyte1,1751,16,1.588714599609375
megabyte1,1752,16,1.8013038635253906
megabyte1,1753,16,2.107177734375
megabyte1,1754,16,1.5130844116210938
megabyte1,1755,16,1.414449691772461
megabyte1,1756,16,1.8722991943359375
megabyte1,1757,16,1.7217178344726562
megabyte1,1758,16,1.222808837890625
megabyte1,1759,16,1.5673332214355469
megabyte1,1760,16,1.5194005966186523
megabyte1,1761,16,1.79718017578125
megabyte1,1762,16,1.5448007583618164
megabyte1,1763,16,2.1675872802734375
megabyte1,1764,16,1.4532470703125
megabyte1,1765,16,1.4552230834960938
megabyte1,1766,16,1.5201339721679688
megabyte1,1767,16,1.6955757141113281
megabyte1,1768,16,1.539515495300293
megabyte1,1769,16,1.4464454650878906
megabyte1,1770,16,1.4433059692382812
megabyte1,1771,16,1.7082996368408203
megabyte1,1772,16,1.9644775390625
megabyte1,1773,16,1.8891067504882812
megabyte1,1774,16,1.7163925170898438
megabyte1,1775,16,1.6015090942382812
megabyte1,1776,16,1.3386459350585938
megabyte1,1777,16,1.6755180358886719
megabyte1,1778,16,1.866806983947754
megabyte1,1779,16,1.3188400268554688
megabyte1,1780,16,2.25006103515625
megabyte1,1781,16,1.9489059448242188
megabyte1,1782,16,2.19818115234375
megabyte1,1783,16,2.014984130859375
megabyte1,1784,16,1.7689170837402344
megabyte1,1785,16,1.5249710083007812
megabyte1,1786,16,1.6525344848632812
megabyte1,1787,16,1.2771720886230469
megabyte1,1788,16,1.5885162353515625
megabyte1,1789,16,1.554901123046875
megabyte1,1790,16,1.799530029296875
megabyte1,1791,16,1.2799835205078125
megabyte1,1792,16,1.8786468505859375
megabyte1,1793,16,1.5942840576171875
megabyte1,1794,16,1.697235107421875
megabyte1,1795,16,1.7737884521484375
megabyte1,1796,16,1.752838134765625
megabyte1,1797,16,1.788330078125
megabyte1,1798,16,1.986419677734375
megabyte1,1799,16,1.7464752197265625
megabyte1,1800,16,1.4906110763549805
megabyte1,1801,16,1.7194652557373047
megabyte1,1802,16,1.6204109191894531
megabyte1,1803,16,1.626251220703125
megabyte1,1804,16,1.728179931640625
megabyte1,1805,16,1.54010009765625
megabyte1,1806,16,1.595672607421875
megabyte1,1807,16,1.5503768920898438
megabyte1,1808,16,2.029571533203125
megabyte1,1809,16,1.4577445983886719
megabyte1,1810,16,1.6101875305175781
megabyte1,1811,16,1.54931640625
megabyte1,1812,16,1.6465530395507812
megabyte1,1813,16,2.0758590698242188
megabyte1,1814,16,1.858642578125
megabyte1,1815,16,2.1284103393554688
megabyte1,1816,16,1.7653465270996094
megabyte1,1817,16,1.984619140625
megabyte1,1818,16,1.5395660400390625
megabyte1,1819,16,1.8471221923828125
megabyte1,1820,16,1.77069091796875
megabyte1,1821,16,1.698638916015625
megabyte1,1822,16,1.6692733764648438
megabyte1,1823,16,1.736846923828125
megabyte1,1824,16,1.795623779296875
megabyte1,1825,16,1.83551025390625
megabyte1,1826,16,1.91986083984375
megabyte1,1827,16,1.696868896484375
megabyte1,1828,16,2.0741119384765625
megabyte1,1829,16,1.6422042846679688
megabyte1,1830,16,1.4716072082519531
megabyte1,1831,16,1.8133544921875
megabyte1,1832,16,1.6290969848632812
megabyte1,1833,16,1.8067398071289062
megabyte1,1834,16,1.5396957397460938
megabyte1,1835,16,1.799468994140625
megabyte1,1836,16,1.6449432373046875
megabyte1,1837,16,1.6404495239257812
megabyte1,1838,16,1.8706741333007812
megabyte1,1839,16,1.9243011474609375
megabyte1,1840,16,1.3642120361328125
megabyte1,1841,16,1.3821487426757812
megabyte1,1842,16,1.9852142333984375
megabyte1,1843,16,1.4008640050888062
megabyte1,1844,16,1.9020538330078125
megabyte1,1845,16,1.8413238525390625
megabyte1,1846,16,1.5117988586425781
megabyte1,1847,16,1.4988632202148438
megabyte1,1848,16,1.91015625
megabyte1,1849,16,1.6502418518066406
megabyte1,1850,16,1.5284500122070312
megabyte1,1851,16,1.4575181007385254
megabyte1,1852,16,1.6821922063827515
megabyte1,1853,16,1.5113658905029297
megabyte1,1854,16,2.22412109375
megabyte1,1855,16,1.4520339965820312
megabyte1,1856,16,1.4422798156738281
megabyte1,1857,16,1.3881454467773438
megabyte1,1858,16,1.4747982025146484
megabyte1,1859,16,1.9619255065917969
megabyte1,1860,16,1.603322982788086
megabyte1,1861,16,0.9429858922958374
megabyte1,1862,16,1.377345085144043
megabyte1,1863,16,1.8223037719726562
megabyte1,1864,16,1.3687782287597656
megabyte1,1865,16,1.8511199951171875
megabyte1,1866,16,1.6211895942687988
megabyte1,1867,16,1.6498597264289856
megabyte1,1868,16,1.6070823669433594
megabyte1,1869,16,1.8839683532714844
megabyte1,1870,16,1.5700750350952148
megabyte1,1871,16,2.0918885469436646
megabyte1,1872,16,1.748711109161377
megabyte1,1873,16,1.7084589004516602
megabyte1,1874,16,1.5373725891113281
megabyte1,1875,16,1.6668853759765625
megabyte1,1876,16,1.83251953125
megabyte1,1877,16,1.6508207321166992
megabyte1,1878,16,1.7836380004882812
megabyte1,1879,16,1.585829496383667
megabyte1,1880,16,1.2212867736816406
megabyte1,1881,16,1.6858577728271484
megabyte1,1882,16,1.495147705078125
megabyte1,1883,16,1.8842315673828125
megabyte1,1884,16,1.6954593658447266
megabyte1,1885,16,1.307821273803711
megabyte1,1886,16,1.5101814270019531
megabyte1,1887,16,1.696868896484375
megabyte1,1888,16,1.8025436401367188
megabyte1,1889,16,1.4482421875
megabyte1,1890,16,2.0377197265625
megabyte1,1891,16,1.6772346496582031
megabyte1,1892,16,1.667999267578125
megabyte1,1893,16,1.709564208984375
megabyte1,1894,16,1.3648223876953125
megabyte1,1895,16,1.6484031677246094
megabyte1,1896,16,1.7896728515625
megabyte1,1897,16,1.7832374572753906
megabyte1,1898,16,1.586822509765625
megabyte1,1899,16,2.245197296142578
megabyte1,1900,16,1.428436279296875
megabyte1,1901,16,1.6603832244873047
megabyte1,1902,16,1.778106689453125
megabyte1,1903,16,1.974334716796875
megabyte1,1904,16,1.4934654235839844
megabyte1,1905,16,1.6407127380371094
megabyte1,1906,16,1.8192138671875
megabyte1,1907,16,1.718170166015625
megabyte1,1908,16,1.8842926025390625
megabyte1,1909,16,1.4053287506103516
megabyte1,1910,16,1.6366195678710938
megabyte1,1911,16,1.62335205078125
megabyte1,1912,16,1.69390869140625
megabyte1,1913,16,1.5319089889526367
megabyte1,1914,16,1.6035270690917969
megabyte1,1915,16,1.5707454681396484
megabyte1,1916,16,1.845550537109375
megabyte1,1917,16,1.5229415893554688
megabyte1,1918,16,1.5888900756835938
megabyte1,1919,16,1.8956184387207031
megabyte1,1920,16,1.989349365234375
megabyte1,1921,16,2.046875
megabyte1,1922,16,2.012298583984375
megabyte1,1923,16,1.533447265625
megabyte1,1924,16,1.935577392578125
megabyte1,1925,16,1.4942169189453125
megabyte1,1926,16,1.903289794921875
megabyte1,1927,16,1.6703948974609375
megabyte1,1928,16,2.0557327270507812
megabyte1,1929,16,1.442032814025879
megabyte1,1930,16,1.8612899780273438
megabyte1,1931,16,1.5278167724609375
megabyte1,1932,16,1.4025993347167969
megabyte1,1933,16,1.685654878616333
megabyte1,1934,16,1.5739593505859375
megabyte1,1935,16,2.065013885498047
megabyte1,1936,16,1.5633678436279297
megabyte1,1937,16,2.125885009765625
megabyte1,1938,16,1.632720947265625
megabyte1,1939,16,1.8303508758544922
megabyte1,1940,16,2.2646331787109375
megabyte1,1941,16,1.4552154541015625
megabyte1,1942,16,1.5157089233398438
megabyte1,1943,16,1.627471923828125
megabyte1,1944,16,1.565338134765625
megabyte1,1945,16,1.7629852294921875
megabyte1,1946,16,1.4094314575195312
megabyte1,1947,16,1.7855377197265625
megabyte1,1948,16,1.8856964111328125
megabyte1,1949,16,1.638132095336914
megabyte1,1950,16,2.1123046875
megabyte1,1951,16,1.6040382385253906
megabyte1,1952,16,1.5797691345214844
megabyte1,1953,16,1.7956161499023438
megabyte1,1954,16,1.5520639419555664
megabyte1,1955,16,1.5702290534973145
megabyte1,1956,16,1.9703826904296875
megabyte1,1957,16,1.13690185546875
megabyte1,1958,16,2.1357269287109375
megabyte1,1959,16,1.783782958984375
megabyte1,1960,16,1.7837824821472168
megabyte1,1961,16,1.7766919136047363
megabyte1,1962,16,1.8487548828125
megabyte1,1963,16,1.4821470379829407
megabyte1,1964,16,1.7776947021484375
megabyte1,1965,16,2.118499755859375
megabyte1,1966,16,2.0888967514038086
megabyte1,1967,16,1.7999663352966309
megabyte1,1968,16,1.746002197265625
megabyte1,1969,16,1.6223249435424805
megabyte1,1970,16,1.6207281351089478
megabyte1,1971,16,1.681884765625
megabyte1,1972,16,1.4532461166381836
megabyte1,1973,16,1.4568405151367188
megabyte1,1974,16,1.8453369140625
megabyte1,1975,16,1.8917999267578125
megabyte1,1976,16,1.7229255437850952
megabyte1,1977,16,1.8149871826171875
megabyte1,1978,16,1.5341047644615173
megabyte1,1979,16,1.623449444770813
megabyte1,1980,16,1.57379150390625
megabyte1,1981,16,1.6656932830810547
megabyte1,1982,16,1.8990020751953125
megabyte1,1983,16,1.5337365865707397
megabyte1,1984,16,1.5984773635864258
megabyte1,1985,16,1.6607208251953125
megabyte1,1986,16,1.6022167205810547
megabyte1,1987,16,1.8321504592895508
megabyte1,1988,16,1.6218414306640625
megabyte1,1989,16,1.8541259765625
megabyte1,1990,16,1.559906005859375
megabyte1,1991,16,1.7357635498046875
megabyte1,1992,16,1.73486328125
megabyte1,1993,16,2.228057861328125
megabyte1,1994,16,1.735382080078125
megabyte1,1995,16,2.023040771484375
megabyte1,1996,16,1.942840576171875
megabyte1,1997,16,1.766571044921875
megabyte1,1998,16,1.81427001953125
megabyte1,1999,16,1.6160736083984375
megabyte1,2000,16,1.900482177734375
megabyte1,2001,16,1.599090576171875
megabyte1,2002,16,1.7353858947753906
megabyte1,2003,16,2.0733642578125
megabyte1,2004,16,2.005584716796875
megabyte1,2005,16,1.856658935546875
megabyte1,2006,16,1.9432373046875
megabyte1,2007,16,1.6627845764160156
megabyte1,2008,16,1.900970458984375
megabyte1,2009,16,1.5054931640625
megabyte1,2010,16,2.092010498046875
megabyte1,2011,16,1.5393142700195312
megabyte1,2012,16,1.796926498413086
megabyte1,2013,16,2.03118896484375
megabyte1,2014,16,1.5334796905517578
megabyte1,2015,16,2.4185791015625
megabyte1,2016,16,1.83319091796875
megabyte1,2017,16,1.7939605712890625
megabyte1,2018,16,1.84857177734375
megabyte1,2019,16,1.89801025390625
megabyte1,2020,16,2.104827880859375
megabyte1,2021,16,1.961029052734375
megabyte1,2022,16,1.7145538330078125
megabyte1,2023,16,1.766693115234375
megabyte1,2024,16,1.5511322021484375
megabyte1,2025,16,1.73529052734375
megabyte1,2026,16,1.7767181396484375
megabyte1,2027,16,1.5558929443359375
megabyte1,2028,16,1.731353759765625
megabyte1,2029,16,2.01324462890625
megabyte1,2030,16,1.9266510009765625
megabyte1,2031,16,2.27850341796875
megabyte1,2032,16,1.7872848510742188
megabyte1,2033,16,1.7803192138671875
megabyte1,2034,16,1.6737060546875
megabyte1,2035,16,1.7943687438964844
megabyte1,2036,16,1.5309906005859375
megabyte1,2037,16,2.129974365234375
megabyte1,2038,16,1.6669120788574219
megabyte1,2039,16,1.968017578125
megabyte1,2040,16,1.8052825927734375
megabyte1,2041,16,1.7912063598632812
megabyte1,2042,16,1.841196060180664
megabyte1,2043,16,2.17718505859375
megabyte1,2044,16,1.8065185546875
megabyte1,2045,16,1.932159423828125
megabyte1,2046,16,1.8914642333984375
megabyte1,2047,16,1.880279541015625
megabyte1,2048,16,1.83331298828125
megabyte1,2049,16,1.7282867431640625
megabyte1,2050,16,1.5653648376464844
megabyte1,2051,16,1.9881134033203125
megabyte1,2052,16,1.813751220703125
megabyte1,2053,16,1.6132583618164062
megabyte1,2054,16,1.643280029296875
megabyte1,2055,16,1.6964111328125
megabyte1,2056,16,1.842041015625
megabyte1,2057,16,1.754486083984375
megabyte1,2058,16,1.881317138671875
megabyte1,2059,16,1.7668914794921875
megabyte1,2060,16,1.4497413635253906
megabyte1,2061,16,1.423858642578125
megabyte1,2062,16,1.6577625274658203
megabyte1,2063,16,1.68524169921875
megabyte1,2064,16,1.81982421875
megabyte1,2065,16,1.4784660339355469
megabyte1,2066,16,1.5761032104492188
megabyte1,2067,16,1.8662872314453125
megabyte1,2068,16,1.636993408203125
megabyte1,2069,16,1.6643829345703125
megabyte1,2070,16,1.805511474609375
megabyte1,2071,16,1.5305233001708984
megabyte1,2072,16,1.89202880859375
megabyte1,2073,16,2.067047119140625
megabyte1,2074,16,1.972930908203125
megabyte1,2075,16,1.669403076171875
megabyte1,2076,16,1.8394012451171875
megabyte1,2077,16,2.09576416015625
megabyte1,2078,16,1.6068925857543945
megabyte1,2079,16,1.3618974685668945
megabyte1,2080,16,1.9317092895507812
megabyte1,2081,16,1.8927154541015625
megabyte1,2082,16,1.4440312385559082
megabyte1,2083,16,1.5763931274414062
megabyte1,2084,16,1.579437255859375
megabyte1,2085,16,1.7045326232910156
megabyte1,2086,16,1.94285249710083
megabyte1,2087,16,1.872312307357788
megabyte1,2088,16,1.501708984375
megabyte1,2089,16,2.2233543395996094
megabyte1,2090,16,1.568817138671875
megabyte1,2091,16,2.036041259765625
megabyte1,2092,16,1.5552473068237305
megabyte1,2093,16,1.8866500854492188
megabyte1,2094,16,2.077411651611328
megabyte1,2095,16,1.55145263671875
megabyte1,2096,16,1.3918018341064453
megabyte1,2097,16,1.3655433654785156
megabyte1,2098,16,1.5539605617523193
megabyte1,2099,16,1.7384185791015625
megabyte1,2100,16,1.7353515625
megabyte1,2101,16,1.5760555267333984
megabyte1,2102,16,1.5077438354492188
megabyte1,2103,16,1.1715774536132812
megabyte1,2104,16,1.7818431854248047
megabyte1,2105,16,1.4141674041748047
megabyte1,2106,16,1.9646759033203125
megabyte1,2107,16,1.6026650667190552
megabyte1,2108,16,1.4177730083465576
megabyte1,2109,16,1.1684741973876953
megabyte1,2110,16,1.4741862416267395
megabyte1,2111,16,1.8485617637634277
megabyte1,2112,16,2.145233154296875
megabyte1,2113,16,1.76910400390625
megabyte1,2114,16,1.852203369140625
megabyte1,2115,16,1.895477294921875
megabyte1,2116,16,1.632293701171875
megabyte1,2117,16,1.8866119384765625
megabyte1,2118,16,2.0214080810546875
megabyte1,2119,16,1.8749465942382812
megabyte1,2120,16,1.7869720458984375
megabyte1,2121,16,1.6169052124023438
megabyte1,2122,16,1.8011932373046875
megabyte1,2123,16,1.6152191162109375
megabyte1,2124,16,1.5685195922851562
megabyte1,2125,16,1.6035308837890625
megabyte1,2126,16,1.547567367553711
megabyte1,2127,16,1.286773681640625
megabyte1,2128,16,1.7529296875
megabyte1,2129,16,1.4047966003417969
megabyte1,2130,16,1.5968055725097656
megabyte1,2131,16,1.5869970321655273
megabyte1,2132,16,1.7291336059570312
megabyte1,2133,16,1.614166259765625
megabyte1,2134,16,1.354072093963623
megabyte1,2135,16,1.271240234375
megabyte1,2136,16,1.7887792587280273
megabyte1,2137,16,1.4786529541015625
megabyte1,2138,16,1.5136356353759766
megabyte1,2139,16,1.3151788711547852
megabyte1,2140,16,1.871368408203125
megabyte1,2141,16,1.3600921630859375
megabyte1,2142,16,1.6536178588867188
megabyte1,2143,16,1.2014541625976562
megabyte1,2144,16,1.5123538970947266
megabyte1,2145,16,1.8009014129638672
megabyte1,2146,16,1.7028274536132812
megabyte1,2147,16,1.2777080535888672
megabyte1,2148,16,1.7296180725097656
megabyte1,2149,16,1.57696533203125
megabyte1,2150,16,1.4793157577514648
megabyte1,2151,16,1.8543281555175781
megabyte1,2152,16,1.70576810836792
megabyte1,2153,16,1.540348380804062
megabyte1,2154,16,1.3304290771484375
megabyte1,2155,16,2.522705078125
megabyte1,2156,16,1.793680191040039
megabyte1,2157,16,2.019378662109375
megabyte1,2158,16,1.8774328231811523
megabyte1,2159,16,1.4848287105560303
megabyte1,2160,16,1.9680824279785156
megabyte1,2161,16,1.4861767292022705
megabyte1,2162,16,1.442509651184082
megabyte1,2163,16,1.4249954223632812
megabyte1,2164,16,1.7567634582519531
megabyte1,2165,16,1.9940643310546875
megabyte1,2166,16,2.1899871826171875
megabyte1,2167,16,2.29388427734375
megabyte1,2168,16,1.9444122314453125
megabyte1,2169,16,1.9668426513671875
megabyte1,2170,16,1.644866943359375
megabyte1,2171,16,1.8835678100585938
megabyte1,2172,16,1.5760955810546875
megabyte1,2173,16,2.1598358154296875
megabyte1,2174,16,1.611083984375
megabyte1,2175,16,1.4762191772460938
megabyte1,2176,16,1.750732421875
megabyte1,2177,16,1.5011634826660156
megabyte1,2178,16,1.5806083679199219
megabyte1,2179,16,1.9867706298828125
megabyte1,2180,16,1.77813720703125
megabyte1,2181,16,1.917388916015625
megabyte1,2182,16,1.4038848876953125
megabyte1,2183,16,1.520843505859375
megabyte1,2184,16,1.6066360473632812
megabyte1,2185,16,1.658050537109375
megabyte1,2186,16,1.7243328094482422
megabyte1,2187,16,1.6154823303222656
megabyte1,2188,16,1.5326614379882812
megabyte1,2189,16,1.798905849456787
megabyte1,2190,16,1.69329833984375
megabyte1,2191,16,1.638336181640625
megabyte1,2192,16,1.7920160293579102
megabyte1,2193,16,1.5707075595855713
megabyte1,2194,16,1.74365234375
megabyte1,2195,16,1.5724945068359375
megabyte1,2196,16,1.4702072143554688
megabyte1,2197,16,2.0179595947265625
megabyte1,2198,16,1.5450541973114014
megabyte1,2199,16,1.7869873046875
megabyte1,2200,16,2.1280517578125
megabyte1,2201,16,1.4832305908203125
megabyte1,2202,16,1.841552734375
megabyte1,2203,16,1.9170379638671875
megabyte1,2204,16,1.6903038024902344
megabyte1,2205,16,1.84393310546875
megabyte1,2206,16,1.5944557189941406
megabyte1,2207,16,1.4040908813476562
megabyte1,2208,16,1.94793701171875
megabyte1,2209,16,1.84844970703125
megabyte1,2210,16,1.94647216796875
megabyte1,2211,16,1.695404052734375
megabyte1,2212,16,2.066680908203125
megabyte1,2213,16,1.722442626953125
megabyte1,2214,16,1.6258544921875
megabyte1,2215,16,1.85528564453125
megabyte1,2216,16,1.5389556884765625
megabyte1,2217,16,1.5965423583984375
megabyte1,2218,16,1.484832763671875
megabyte1,2219,16,1.8656349182128906
megabyte1,2220,16,2.03106689453125
megabyte1,2221,16,1.8521728515625
megabyte1,2222,16,1.6872100830078125
megabyte1,2223,16,1.6466522216796875
megabyte1,2224,16,1.979522705078125
megabyte1,2225,16,1.297454833984375
megabyte1,2226,16,1.46441650390625
megabyte1,2227,16,1.641693115234375
megabyte1,2228,16,1.621255874633789
megabyte1,2229,16,1.8210906982421875
megabyte1,2230,16,1.2560577392578125
megabyte1,2231,16,1.5642914772033691
megabyte1,2232,16,1.8783035278320312
megabyte1,2233,16,1.9373531341552734
megabyte1,2234,16,1.3630199432373047
megabyte1,2235,16,1.6099739074707031
megabyte1,2236,16,1.561391830444336
megabyte1,2237,16,1.632413625717163
megabyte1,2238,16,1.4911041259765625
megabyte1,2239,16,1.8451709747314453
megabyte1,2240,16,1.812593698501587
megabyte1,2241,16,1.860076904296875
megabyte1,2242,16,1.630584716796875
megabyte1,2243,16,1.3153767585754395
megabyte1,2244,16,1.6936798095703125
megabyte1,2245,16,1.4348602294921875
megabyte1,2246,16,1.5708656311035156
megabyte1,2247,16,1.5836029052734375
megabyte1,2248,16,1.5437545776367188
megabyte1,2249,16,1.2162494659423828
megabyte1,2250,16,1.4676933288574219
megabyte1,2251,16,2.1190109252929688
megabyte1,2252,16,1.4546940326690674
megabyte1,2253,16,1.4391632080078125
megabyte1,2254,16,1.7624053955078125
megabyte1,2255,16,1.661346435546875
megabyte1,2256,16,1.721787452697754
megabyte1,2257,16,2.254302978515625
megabyte1,2258,16,1.6453857421875
megabyte1,2259,16,1.7938575744628906
megabyte1,2260,16,1.8943634033203125
megabyte1,2261,16,1.522176742553711
megabyte1,2262,16,1.529144287109375
megabyte1,2263,16,1.895355224609375
megabyte1,2264,16,1.6051101684570312
megabyte1,2265,16,1.6711578369140625
megabyte1,2266,16,1.815948486328125
megabyte1,2267,16,1.5708160400390625
megabyte1,2268,16,1.5975151062011719
megabyte1,2269,16,1.79449462890625
megabyte1,2270,16,1.4116554260253906
megabyte1,2271,16,1.6396465301513672
megabyte1,2272,16,2.125152587890625
megabyte1,2273,16,1.9185376167297363
megabyte1,2274,16,1.6771655082702637
megabyte1,2275,16,1.85906982421875
megabyte1,2276,16,1.8336979150772095
megabyte1,2277,16,1.6585121154785156
megabyte1,2278,16,1.70452880859375
megabyte1,2279,16,1.8038415908813477
megabyte1,2280,16,1.8277549743652344
megabyte1,2281,16,1.7211151123046875
megabyte1,2282,16,1.4942808151245117
megabyte1,2283,16,1.5340003967285156
megabyte1,2284,16,2.1829833984375
megabyte1,2285,16,1.7196807861328125
megabyte1,2286,16,1.8122615814208984
megabyte1,2287,16,1.823488712310791
megabyte1,2288,16,1.4567980766296387
megabyte1,2289,16,1.4804582595825195
megabyte1,2290,16,1.7489471435546875
megabyte1,2291,16,1.6638700664043427
megabyte1,2292,16,1.5163215696811676
megabyte1,2293,16,1.6704978942871094
megabyte1,2294,16,1.6430547833442688
megabyte1,2295,16,1.3918776512145996
megabyte1,2296,16,1.7005767822265625
megabyte1,2297,16,1.8635482788085938
megabyte1,2298,16,1.8008098602294922
megabyte1,2299,16,1.8436508178710938
megabyte1,2300,16,1.6649610996246338
megabyte1,2301,16,1.7605934143066406
megabyte1,2302,16,1.899167537689209
megabyte1,2303,16,1.553302526473999
megabyte1,2304,16,1.73175048828125
megabyte1,2305,16,1.91229248046875
megabyte1,2306,16,1.590576171875
megabyte1,2307,16,2.02056884765625
megabyte1,2308,16,1.73577880859375
megabyte1,2309,16,1.999969482421875
megabyte1,2310,16,1.9136962890625
megabyte1,2311,16,1.886566162109375
megabyte1,2312,16,1.563490867614746
megabyte1,2313,16,1.755859375
megabyte1,2314,16,1.75152587890625
megabyte1,2315,16,1.86859130859375
megabyte1,2316,16,1.7220306396484375
megabyte1,2317,16,1.64324951171875
megabyte1,2318,16,2.23486328125
megabyte1,2319,16,1.578826904296875
megabyte1,2320,16,2.24371337890625
megabyte1,2321,16,1.869476318359375
megabyte1,2322,16,1.7740707397460938
megabyte1,2323,16,2.03607177734375
megabyte1,2324,16,1.5230226516723633
megabyte1,2325,16,1.6591796875
megabyte1,2326,16,1.696929931640625
megabyte1,2327,16,1.5923614501953125
megabyte1,2328,16,2.052154541015625
megabyte1,2329,16,1.527069091796875
megabyte1,2330,16,1.6666259765625
megabyte1,2331,16,1.4828643798828125
megabyte1,2332,16,2.269744873046875
megabyte1,2333,16,2.0716094970703125
megabyte1,2334,16,1.4742088317871094
megabyte1,2335,16,1.6860151290893555
megabyte1,2336,16,1.7570571899414062
megabyte1,2337,16,1.84942626953125
megabyte1,2338,16,1.7840499877929688
megabyte1,2339,16,1.691864013671875
megabyte1,2340,16,1.9389562606811523
megabyte1,2341,16,1.5609437227249146
megabyte1,2342,16,2.0614013671875
megabyte1,2343,16,1.477041244506836
megabyte1,2344,16,1.761732578277588
megabyte1,2345,16,1.6122016906738281
megabyte1,2346,16,1.388686180114746
megabyte1,2347,16,1.4067438840866089
megabyte1,2348,16,1.627744197845459
megabyte1,2349,16,1.4148335456848145
megabyte1,2350,16,1.4889442920684814
megabyte1,2351,16,1.79449462890625
megabyte1,2352,16,1.537759780883789
megabyte1,2353,16,1.1231682300567627
megabyte1,2354,16,1.827667236328125
megabyte1,2355,16,1.8787841796875
megabyte1,2356,16,1.77435302734375
megabyte1,2357,16,1.748098373413086
megabyte1,2358,16,1.6046133041381836
megabyte1,2359,16,1.3678169250488281
megabyte1,2360,16,1.5079021453857422
megabyte1,2361,16,1.5880651473999023
megabyte1,2362,16,1.7959938049316406
megabyte1,2363,16,2.0927886962890625
megabyte1,2364,16,1.5874176025390625
megabyte1,2365,16,1.437718391418457
megabyte1,2366,16,1.5697011947631836
megabyte1,2367,16,1.3363113403320312
megabyte1,2368,16,1.4751739501953125
megabyte1,2369,16,1.2711544036865234
megabyte1,2370,16,2.24114990234375
megabyte1,2371,16,1.5599212646484375
megabyte1,2372,16,1.3076915740966797
megabyte1,2373,16,1.3578147888183594
megabyte1,2374,16,1.502920150756836
megabyte1,2375,16,1.461517333984375
megabyte1,2376,16,2.0261335372924805
megabyte1,2377,16,2.0239028930664062
megabyte1,2378,16,1.5224227905273438
megabyte1,2379,16,1.4871273040771484
megabyte1,2380,16,1.5985527038574219
megabyte1,2381,16,1.682281494140625
megabyte1,2382,16,2.1018218994140625
megabyte1,2383,16,1.7364845275878906
megabyte1,2384,16,1.6204767227172852
megabyte1,2385,16,1.7368011474609375
megabyte1,2386,16,1.4571409225463867
megabyte1,2387,16,1.810546875
megabyte1,2388,16,1.4130916595458984
megabyte1,2389,16,1.7840576171875
megabyte1,2390,16,1.52740478515625
megabyte1,2391,16,1.5612335205078125
megabyte1,2392,16,1.5510177612304688
megabyte1,2393,16,1.3832511901855469
megabyte1,2394,16,2.064453125
megabyte1,2395,16,1.6204376220703125
megabyte1,2396,16,1.4821853637695312
megabyte1,2397,16,1.2912216186523438
megabyte1,2398,16,1.7454867362976074
megabyte1,2399,16,1.5297470092773438
megabyte1,2400,16,1.96923828125
megabyte1,2401,16,1.90087890625
megabyte1,2402,16,1.726470947265625
megabyte1,2403,16,2.12481689453125
megabyte1,2404,16,1.8524169921875
megabyte1,2405,16,1.5987625122070312
megabyte1,2406,16,1.9025955200195312
megabyte1,2407,16,2.085674285888672
megabyte1,2408,16,1.474421501159668
megabyte1,2409,16,1.5557098388671875
megabyte1,2410,16,1.869079351425171
megabyte1,2411,16,1.9559988975524902
megabyte1,2412,16,1.7562408447265625
megabyte1,2413,16,1.683621883392334
megabyte1,2414,16,2.1992156207561493
megabyte1,2415,16,1.57855224609375
megabyte1,2416,16,1.7924232482910156
megabyte1,2417,16,1.7227916717529297
megabyte1,2418,16,1.4075031280517578
megabyte1,2419,16,1.5282707214355469
megabyte1,2420,16,1.832366943359375
megabyte1,2421,16,1.47412109375
megabyte1,2422,16,1.67047119140625
megabyte1,2423,16,2.06695556640625
megabyte1,2424,16,2.110626220703125
megabyte1,2425,16,1.8878173828125
megabyte1,2426,16,1.9732933044433594
megabyte1,2427,16,1.8699798583984375
megabyte1,2428,16,1.6497058868408203
megabyte1,2429,16,1.5902252197265625
megabyte1,2430,16,1.507974624633789
megabyte1,2431,16,1.8952417373657227
megabyte1,2432,16,1.4555587768554688
megabyte1,2433,16,2.156036376953125
megabyte1,2434,16,1.3540668487548828
megabyte1,2435,16,1.558258056640625
megabyte1,2436,16,1.6237602233886719
megabyte1,2437,16,1.6073493957519531
megabyte1,2438,16,1.82000732421875
megabyte1,2439,16,2.39251708984375
megabyte1,2440,16,1.373870849609375
megabyte1,2441,16,1.7724990844726562
megabyte1,2442,16,1.3345813751220703
megabyte1,2443,16,1.7427315711975098
megabyte1,2444,16,1.3581657409667969
megabyte1,2445,16,1.6267032623291016
megabyte1,2446,16,1.5517444610595703
megabyte1,2447,16,1.6552066802978516
megabyte1,2448,16,1.693206787109375
megabyte1,2449,16,1.1144294738769531
megabyte1,2450,16,1.5371665954589844
megabyte1,2451,16,1.31402587890625
megabyte1,2452,16,1.333221435546875
megabyte1,2453,16,1.7282257080078125
megabyte1,2454,16,1.7843475341796875
megabyte1,2455,16,1.6656455993652344
megabyte1,2456,16,1.7845916748046875
megabyte1,2457,16,2.134765625
megabyte1,2458,16,1.8570556640625
megabyte1,2459,16,1.68572998046875
megabyte1,2460,16,1.7104835510253906
megabyte1,2461,16,1.4221973419189453
megabyte1,2462,16,1.9238052368164062
megabyte1,2463,16,1.585418701171875
megabyte1,2464,16,1.4648818969726562
megabyte1,2465,16,1.8767919540405273
megabyte1,2466,16,1.8836174011230469
megabyte1,2467,16,1.6987876892089844
megabyte1,2468,16,1.838623046875
megabyte1,2469,16,1.5899200439453125
megabyte1,2470,16,1.5161476135253906
megabyte1,2471,16,1.6207504272460938
megabyte1,2472,16,1.7013893127441406
megabyte1,2473,16,1.5630273818969727
megabyte1,2474,16,1.7054290771484375
megabyte1,2475,16,1.96380615234375
megabyte1,2476,16,1.6423377990722656
megabyte1,2477,16,1.7585601806640625
megabyte1,2478,16,1.7127227783203125
megabyte1,2479,16,1.6850051879882812
megabyte1,2480,16,1.7596549987792969
megabyte1,2481,16,1.5416107177734375
megabyte1,2482,16,1.7714557647705078
megabyte1,2483,16,1.5040969848632812
megabyte1,2484,16,1.6171760559082031
megabyte1,2485,16,1.634561538696289
megabyte1,2486,16,1.9276123046875
megabyte1,2487,16,1.524627685546875
megabyte1,2488,16,1.3803939819335938
megabyte1,2489,16,1.786001205444336
megabyte1,2490,16,1.833984375
megabyte1,2491,16,1.6052894592285156
megabyte1,2492,16,1.7371139526367188
megabyte1,2493,16,1.6792449951171875
megabyte1,2494,16,1.2351592183113098
megabyte1,2495,16,1.9085273742675781
megabyte1,2496,16,1.69781494140625
megabyte1,2497,16,1.838409423828125
megabyte1,2498,16,1.58349609375
megabyte1,2499,16,1.6118927001953125
megabyte1,2500,16,1.5741701126098633
megabyte1,2501,16,1.9171142578125
megabyte1,2502,16,1.1882514953613281
megabyte1,2503,16,2.014270782470703
megabyte1,2504,16,1.3118829727172852
megabyte1,2505,16,1.4486184120178223
megabyte1,2506,16,1.4747591018676758
megabyte1,2507,16,1.6656813621520996
megabyte1,2508,16,1.472823143005371
megabyte1,2509,16,1.5870590209960938
megabyte1,2510,16,1.567962646484375
megabyte1,2511,16,1.5071663856506348
megabyte1,2512,16,1.671298086643219
megabyte1,2513,16,1.2188720703125
megabyte1,2514,16,1.6439485549926758
megabyte1,2515,16,1.5972623825073242
megabyte1,2516,16,1.88311767578125
megabyte1,2517,16,1.7527999877929688
megabyte1,2518,16,1.787445068359375
megabyte1,2519,16,2.0034828186035156
megabyte1,2520,16,1.6649236679077148
megabyte1,2521,16,1.5257034301757812
megabyte1,2522,16,1.4738738536834717
megabyte1,2523,16,1.827545166015625
megabyte1,2524,16,1.513916015625
megabyte1,2525,16,1.3020668029785156
megabyte1,2526,16,1.5130081176757812
megabyte1,2527,16,1.9526443481445312
megabyte1,2528,16,1.614288330078125
megabyte1,2529,16,1.456312656402588
megabyte1,2530,16,1.5423545837402344
megabyte1,2531,16,1.2966461181640625
megabyte1,2532,16,1.7549209594726562
megabyte1,2533,16,1.73583984375
megabyte1,2534,16,1.4680023193359375
megabyte1,2535,16,1.8381447792053223
megabyte1,2536,16,1.5038871765136719
megabyte1,2537,16,1.4220523834228516
megabyte1,2538,16,1.3057785034179688
megabyte1,2539,16,1.6815032958984375
megabyte1,2540,16,1.5716209411621094
megabyte1,2541,16,1.449136734008789
megabyte1,2542,16,1.3089218139648438
megabyte1,2543,16,1.5040221214294434
megabyte1,2544,16,1.7360000610351562
megabyte1,2545,16,1.9477996826171875
megabyte1,2546,16,1.7836418151855469
megabyte1,2547,16,1.7018718719482422
megabyte1,2548,16,1.696502685546875
megabyte1,2549,16,1.3898930549621582
megabyte1,2550,16,1.4090452194213867
megabyte1,2551,16,1.3046531677246094
megabyte1,2552,16,2.1823883056640625
megabyte1,2553,16,1.5386505126953125
megabyte1,2554,16,1.8257637023925781
megabyte1,2555,16,1.7932815551757812
megabyte1,2556,16,1.613739013671875
megabyte1,2557,16,1.8332366943359375
megabyte1,2558,16,1.556624412536621
megabyte1,2559,16,1.8398590087890625
megabyte1,2560,16,1.681396484375
megabyte1,2561,16,1.4678306579589844
megabyte1,2562,16,2.1516039967536926
megabyte1,2563,16,1.0490341186523438
megabyte1,2564,16,1.5497684478759766
megabyte1,2565,16,1.7498674392700195
megabyte1,2566,16,1.816497802734375
megabyte1,2567,16,1.8366622924804688
megabyte1,2568,16,1.5499343872070312
megabyte1,2569,16,1.341705322265625
megabyte1,2570,16,1.7429046630859375
megabyte1,2571,16,2.1011695861816406
megabyte1,2572,16,1.7015495300292969
megabyte1,2573,16,2.228872299194336
megabyte1,2574,16,1.671630859375
megabyte1,2575,16,1.7421855926513672
megabyte1,2576,16,1.81536865234375
megabyte1,2577,16,1.916696548461914
megabyte1,2578,16,1.8404598236083984
megabyte1,2579,16,1.5849456787109375
megabyte1,2580,16,2.05767822265625
megabyte1,2581,16,1.5232086181640625
megabyte1,2582,16,1.6713104248046875
megabyte1,2583,16,1.8567962646484375
megabyte1,2584,16,1.6516265869140625
megabyte1,2585,16,1.7469406127929688
megabyte1,2586,16,1.7188072204589844
megabyte1,2587,16,1.6723175048828125
megabyte1,2588,16,1.6308612823486328
megabyte1,2589,16,1.7700328826904297
megabyte1,2590,16,1.6688785552978516
megabyte1,2591,16,2.27252197265625
megabyte1,2592,16,1.6810302734375
megabyte1,2593,16,2.1185302734375
megabyte1,2594,16,1.75213623046875
megabyte1,2595,16,1.4273834228515625
megabyte1,2596,16,1.4781041145324707
megabyte1,2597,16,1.745147705078125
megabyte1,2598,16,1.85546875
megabyte1,2599,16,1.99981689453125
megabyte1,2600,16,1.7014007568359375
megabyte1,2601,16,1.8061370849609375
megabyte1,2602,16,1.7002906799316406
megabyte1,2603,16,1.67919921875
megabyte1,2604,16,2.09765625
megabyte1,2605,16,1.9698486328125
megabyte1,2606,16,2.0392894744873047
megabyte1,2607,16,1.91717529296875
megabyte1,2608,16,1.7649688720703125
megabyte1,2609,16,1.7620277404785156
megabyte1,2610,16,1.4281425476074219
megabyte1,2611,16,1.5183162689208984
megabyte1,2612,16,1.762298583984375
megabyte1,2613,16,1.5135459899902344
megabyte1,2614,16,1.4797768592834473
megabyte1,2615,16,1.7115325927734375
megabyte1,2616,16,1.7217521667480469
megabyte1,2617,16,1.5881366729736328
megabyte1,2618,16,1.6870288848876953
megabyte1,2619,16,1.7581939697265625
megabyte1,2620,16,1.776092529296875
megabyte1,2621,16,1.8475875854492188
megabyte1,2622,16,1.3922271728515625
megabyte1,2623,16,2.258056640625
megabyte1,2624,16,1.8202056884765625
megabyte1,2625,16,1.73846435546875
megabyte1,2626,16,1.8763427734375
megabyte1,2627,16,1.684478759765625
megabyte1,2628,16,1.8311614990234375
megabyte1,2629,16,1.5930824279785156
megabyte1,2630,16,1.4207487106323242
megabyte1,2631,16,1.6313934326171875
megabyte1,2632,16,1.49005126953125
megabyte1,2633,16,1.7878265380859375
megabyte1,2634,16,1.660491943359375
megabyte1,2635,16,1.8726234436035156
megabyte1,2636,16,1.4218683242797852
megabyte1,2637,16,1.870208740234375
megabyte1,2638,16,1.2820054292678833
megabyte1,2639,16,1.9885082244873047
megabyte1,2640,16,1.569732666015625
megabyte1,2641,16,1.6990776062011719
megabyte1,2642,16,1.3348560333251953
megabyte1,2643,16,1.964935302734375
megabyte1,2644,16,1.705810546875
megabyte1,2645,16,1.7879199981689453
megabyte1,2646,16,1.88287353515625
megabyte1,2647,16,1.7017784118652344
megabyte1,2648,16,1.4735603332519531
megabyte1,2649,16,1.3300771713256836
megabyte1,2650,16,1.4458332061767578
megabyte1,2651,16,2.1020050048828125
megabyte1,2652,16,1.5432586669921875
megabyte1,2653,16,1.5851707458496094
megabyte1,2654,16,1.7928009033203125
megabyte1,2655,16,1.5072708129882812
megabyte1,2656,16,2.009765625
megabyte1,2657,16,1.993072509765625
megabyte1,2658,16,1.7605667114257812
megabyte1,2659,16,1.6164321899414062
megabyte1,2660,16,1.4875640869140625
megabyte1,2661,16,1.9486961364746094
megabyte1,2662,16,1.4783577919006348
megabyte1,2663,16,1.7049484252929688
megabyte1,2664,16,1.4320220947265625
megabyte1,2665,16,1.865997314453125
megabyte1,2666,16,1.844146728515625
megabyte1,2667,16,1.379667043685913
megabyte1,2668,16,1.892547607421875
megabyte1,2669,16,1.5255889892578125
megabyte1,2670,16,1.6548023223876953
megabyte1,2671,16,1.5960426330566406
megabyte1,2672,16,1.472743034362793
megabyte1,2673,16,1.61509370803833
megabyte1,2674,16,1.8046722412109375
megabyte1,2675,16,1.8724212646484375
megabyte1,2676,16,1.599853515625
megabyte1,2677,16,1.8547515869140625
megabyte1,2678,16,1.5629615783691406
megabyte1,2679,16,1.5726318359375
megabyte1,2680,16,1.5176911354064941
megabyte1,2681,16,1.51123046875
megabyte1,2682,16,1.4878160953521729
megabyte1,2683,16,1.7384109497070312
megabyte1,2684,16,1.6789369583129883
megabyte1,2685,16,1.3986434936523438
megabyte1,2686,16,1.6105766296386719
megabyte1,2687,16,1.5674203634262085
megabyte1,2688,16,1.857208251953125
megabyte1,2689,16,1.7852783203125
megabyte1,2690,16,1.880950927734375
megabyte1,2691,16,2.024200439453125
megabyte1,2692,16,1.5334320068359375
megabyte1,2693,16,1.7517242431640625
megabyte1,2694,16,1.4850623607635498
megabyte1,2695,16,1.6466789245605469
megabyte1,2696,16,1.592254638671875
megabyte1,2697,16,1.9932327270507812
megabyte1,2698,16,2.077606201171875
megabyte1,2699,16,1.690673828125
megabyte1,2700,16,1.3843612670898438
megabyte1,2701,16,1.9642906188964844
megabyte1,2702,16,1.785675048828125
megabyte1,2703,16,1.7799072265625
megabyte1,2704,16,1.8765487670898438
megabyte1,2705,16,1.3053207397460938
megabyte1,2706,16,1.8927993774414062
megabyte1,2707,16,1.80029296875
megabyte1,2708,16,1.466461181640625
megabyte1,2709,16,1.6308183670043945
megabyte1,2710,16,1.722900390625
megabyte1,2711,16,1.7869110107421875
megabyte1,2712,16,1.4993295669555664
megabyte1,2713,16,1.3595123291015625
megabyte1,2714,16,1.7084197998046875
megabyte1,2715,16,2.094757080078125
megabyte1,2716,16,1.9383544921875
megabyte1,2717,16,1.48233962059021
megabyte1,2718,16,1.899879813194275
megabyte1,2719,16,1.95245361328125
megabyte1,2720,16,1.5370101928710938
megabyte1,2721,16,1.85089111328125
megabyte1,2722,16,1.3967437744140625
megabyte1,2723,16,1.8900232315063477
megabyte1,2724,16,1.7521915435791016
megabyte1,2725,16,1.411376953125
megabyte1,2726,16,1.5597214698791504
megabyte1,2727,16,1.506391704082489
megabyte1,2728,16,1.9200124740600586
megabyte1,2729,16,1.5092506408691406
megabyte1,2730,16,1.4134368896484375
megabyte1,2731,16,1.782928466796875
megabyte1,2732,16,1.6433660984039307
megabyte1,2733,16,1.7188491821289062
megabyte1,2734,16,2.1374664306640625
megabyte1,2735,16,1.5152587890625
megabyte1,2736,16,1.7557373046875
megabyte1,2737,16,1.9752197265625
megabyte1,2738,16,2.3663330078125
megabyte1,2739,16,1.473541259765625
megabyte1,2740,16,1.5522308349609375
megabyte1,2741,16,1.84149169921875
megabyte1,2742,16,1.6335525512695312
megabyte1,2743,16,1.7333984375
megabyte1,2744,16,1.910858154296875
megabyte1,2745,16,1.4749755859375
megabyte1,2746,16,1.6254730224609375
megabyte1,2747,16,1.609121322631836
megabyte1,2748,16,1.708479881286621
megabyte1,2749,16,1.5084724426269531
megabyte1,2750,16,1.7376708984375
megabyte1,2751,16,1.8248138427734375
megabyte1,2752,16,1.47625732421875
megabyte1,2753,16,1.524017333984375
megabyte1,2754,16,2.0589752197265625
megabyte1,2755,16,1.5760269165039062
megabyte1,2756,16,1.981222152709961
megabyte1,2757,16,1.92816162109375
megabyte1,2758,16,1.3735628128051758
megabyte1,2759,16,1.9029541015625
megabyte1,2760,16,2.0420608520507812
megabyte1,2761,16,2.06622314453125
megabyte1,2762,16,2.098682403564453
megabyte1,2763,16,1.5134735107421875
megabyte1,2764,16,1.7922592163085938
megabyte1,2765,16,1.614105224609375
megabyte1,2766,16,1.4472408294677734
megabyte1,2767,16,1.9423627853393555
megabyte1,2768,16,1.5476646423339844
megabyte1,2769,16,1.9956436157226562
megabyte1,2770,16,1.7926359176635742
megabyte1,2771,16,1.486419677734375
megabyte1,2772,16,1.7400970458984375
megabyte1,2773,16,1.8796539306640625
megabyte1,2774,16,1.490386962890625
megabyte1,2775,16,1.741180419921875
megabyte1,2776,16,1.9151496887207031
megabyte1,2777,16,1.581282615661621
megabyte1,2778,16,1.895050048828125
megabyte1,2779,16,1.5266571044921875
megabyte1,2780,16,1.6792831420898438
megabyte1,2781,16,1.7923774719238281
megabyte1,2782,16,1.638397216796875
megabyte1,2783,16,1.5521507263183594
megabyte1,2784,16,1.92193603515625
megabyte1,2785,16,1.702911376953125
megabyte1,2786,16,1.90283203125
megabyte1,2787,16,1.663543701171875
megabyte1,2788,16,1.74920654296875
megabyte1,2789,16,1.67303466796875
megabyte1,2790,16,1.886810302734375
megabyte1,2791,16,1.95343017578125
megabyte1,2792,16,1.7085113525390625
megabyte1,2793,16,1.5625953674316406
megabyte1,2794,16,1.6997833251953125
megabyte1,2795,16,1.5833282470703125
megabyte1,2796,16,1.969207763671875
megabyte1,2797,16,1.6651077270507812
megabyte1,2798,16,1.4420166015625
megabyte1,2799,16,1.4899568557739258
megabyte1,2800,16,1.546905517578125
megabyte1,2801,16,1.3676269054412842
megabyte1,2802,16,1.8356151580810547
megabyte1,2803,16,1.983795166015625
megabyte1,2804,16,1.3858070373535156
megabyte1,2805,16,1.7105255126953125
megabyte1,2806,16,1.80517578125
megabyte1,2807,16,1.8934478759765625
megabyte1,2808,16,1.609832763671875
megabyte1,2809,16,1.80059814453125
megabyte1,2810,16,1.3649826049804688
megabyte1,2811,16,1.5860061645507812
megabyte1,2812,16,1.8759994506835938
megabyte1,2813,16,1.9312171936035156
megabyte1,2814,16,1.8363113403320312
megabyte1,2815,16,1.8024749755859375
megabyte1,2816,16,1.7156600952148438
megabyte1,2817,16,1.7911376953125
megabyte1,2818,16,1.4623937606811523
megabyte1,2819,16,1.2996747493743896
megabyte1,2820,16,1.2507343292236328
megabyte1,2821,16,1.5880889892578125
megabyte1,2822,16,1.4077224731445312
megabyte1,2823,16,1.734161376953125
megabyte1,2824,16,1.8745136260986328
megabyte1,2825,16,1.3464889526367188
megabyte1,2826,16,1.57470703125
megabyte1,2827,16,1.6410789489746094
megabyte1,2828,16,1.676070213317871
megabyte1,2829,16,1.7656173706054688
megabyte1,2830,16,1.5732879638671875
megabyte1,2831,16,2.038330078125
megabyte1,2832,16,1.741485595703125
megabyte1,2833,16,1.6686782836914062
megabyte1,2834,16,1.459632396697998
megabyte1,2835,16,1.656890869140625
megabyte1,2836,16,1.6191778182983398
megabyte1,2837,16,1.4438972473144531
megabyte1,2838,16,1.86376953125
megabyte1,2839,16,1.6051483154296875
megabyte1,2840,16,1.597869873046875
megabyte1,2841,16,1.3382720947265625
megabyte1,2842,16,1.571533203125
megabyte1,2843,16,1.7910919189453125
megabyte1,2844,16,1.2849998474121094
megabyte1,2845,16,1.7747745513916016
megabyte1,2846,16,1.775634765625
megabyte1,2847,16,1.805816650390625
megabyte1,2848,16,2.165719985961914
megabyte1,2849,16,1.48309326171875
megabyte1,2850,16,1.47979736328125
megabyte1,2851,16,1.3679733276367188
megabyte1,2852,16,1.804901123046875
megabyte1,2853,16,1.588134765625
megabyte1,2854,16,1.6794319152832031
megabyte1,2855,16,1.3695831298828125
megabyte1,2856,16,1.7619743347167969
megabyte1,2857,16,1.751251220703125
megabyte1,2858,16,1.759063720703125
megabyte1,2859,16,1.7347488403320312
megabyte1,2860,16,1.797403335571289
megabyte1,2861,16,1.4041023254394531
megabyte1,2862,16,1.607858657836914
megabyte1,2863,16,1.5209307670593262
megabyte1,2864,16,1.181732177734375
megabyte1,2865,16,2.0015506744384766
megabyte1,2866,16,1.638916015625
megabyte1,2867,16,1.37841796875
megabyte1,2868,16,1.66802978515625
megabyte1,2869,16,1.900054931640625
megabyte1,2870,16,1.9096336364746094
megabyte1,2871,16,1.5290679931640625
megabyte1,2872,16,1.3411979675292969
megabyte1,2873,16,1.6765060424804688
megabyte1,2874,16,1.6101531982421875
megabyte1,2875,16,1.585052490234375
megabyte1,2876,16,1.4589166641235352
megabyte1,2877,16,2.0374755859375
megabyte1,2878,16,1.88232421875
megabyte1,2879,16,1.6552886962890625
megabyte1,2880,16,1.834869384765625
megabyte1,2881,16,1.914306640625
megabyte1,2882,16,1.65911865234375
megabyte1,2883,16,1.79583740234375
megabyte1,2884,16,1.649078369140625
megabyte1,2885,16,1.95306396484375
megabyte1,2886,16,1.99481201171875
megabyte1,2887,16,1.7239990234375
megabyte1,2888,16,1.5948486328125
megabyte1,2889,16,1.560546875
megabyte1,2890,16,1.6973495483398438
megabyte1,2891,16,1.894439697265625
megabyte1,2892,16,1.952728271484375
megabyte1,2893,16,1.6933441162109375
megabyte1,2894,16,2.0264625549316406
megabyte1,2895,16,2.176513671875
megabyte1,2896,16,1.690460205078125
megabyte1,2897,16,1.725616455078125
megabyte1,2898,16,1.6732025146484375
megabyte1,2899,16,1.82568359375
megabyte1,2900,16,1.89251708984375
megabyte1,2901,16,1.767669677734375
megabyte1,2902,16,1.5683135986328125
megabyte1,2903,16,1.8454742431640625
megabyte1,2904,16,1.744293212890625
megabyte1,2905,16,1.590606689453125
megabyte1,2906,16,1.417327880859375
megabyte1,2907,16,1.909942626953125
megabyte1,2908,16,1.5861072540283203
megabyte1,2909,16,1.5944366455078125
megabyte1,2910,16,1.717620849609375
megabyte1,2911,16,1.6384124755859375
megabyte1,2912,16,1.3605539798736572
megabyte1,2913,16,1.8352012634277344
megabyte1,2914,16,1.5141525268554688
megabyte1,2915,16,1.6106071472167969
megabyte1,2916,16,1.841278076171875
megabyte1,2917,16,1.6539020538330078
megabyte1,2918,16,1.998382568359375
megabyte1,2919,16,1.88836669921875
megabyte1,2920,16,1.561370849609375
megabyte1,2921,16,1.8944320678710938
megabyte1,2922,16,1.3843612670898438
megabyte1,2923,16,1.9910888671875
megabyte1,2924,16,1.81475830078125
megabyte1,2925,16,1.6683197021484375
megabyte1,2926,16,1.9651908874511719
megabyte1,2927,16,2.31878662109375
megabyte1,2928,16,1.6735191345214844
megabyte1,2929,16,1.6841278076171875
megabyte1,2930,16,2.1365966796875
megabyte1,2931,16,1.5911102294921875
megabyte1,2932,16,1.3146743774414062
megabyte1,2933,16,2.0282135009765625
megabyte1,2934,16,2.050537109375
megabyte1,2935,16,1.7886123657226562
megabyte1,2936,16,1.898162841796875
megabyte1,2937,16,1.5341510772705078
megabyte1,2938,16,1.5362014770507812
megabyte1,2939,16,1.6155319213867188
megabyte1,2940,16,1.5577201843261719
megabyte1,2941,16,1.3644437789916992
megabyte1,2942,16,1.8676300048828125
megabyte1,2943,16,1.2801322937011719
megabyte1,2944,16,1.7237968444824219
megabyte1,2945,16,1.7815971374511719
megabyte1,2946,16,1.8734359741210938
megabyte1,2947,16,1.883270263671875
megabyte1,2948,16,1.728912353515625
megabyte1,2949,16,1.368408203125
megabyte1,2950,16,1.516556739807129
megabyte1,2951,16,1.814697265625
megabyte1,2952,16,1.429046630859375
megabyte1,2953,16,1.5155677795410156
megabyte1,2954,16,1.564056396484375
megabyte1,2955,16,1.523590087890625
megabyte1,2956,16,1.87288236618042
megabyte1,2957,16,1.7340850830078125
megabyte1,2958,16,1.4366092681884766
megabyte1,2959,16,1.5997161865234375
megabyte1,2960,16,2.03656005859375
megabyte1,2961,16,1.449432373046875
megabyte1,2962,16,1.3617515563964844
megabyte1,2963,16,1.564658522605896
megabyte1,2964,16,1.8100738525390625
megabyte1,2965,16,1.396470069885254
megabyte1,2966,16,1.5934085845947266
megabyte1,2967,16,1.5587692260742188
megabyte1,2968,16,1.6931915283203125
megabyte1,2969,16,1.74395751953125
megabyte1,2970,16,1.56341552734375
megabyte1,2971,16,1.5632171630859375
megabyte1,2972,16,1.4762153625488281
megabyte1,2973,16,1.6410870552062988
megabyte1,2974,16,1.711151123046875
megabyte1,2975,16,1.688751220703125
megabyte1,2976,16,1.6533203125
megabyte1,2977,16,1.8766937255859375
megabyte1,2978,16,2.043212890625
megabyte1,2979,16,1.5067481994628906
megabyte1,2980,16,1.5270309448242188
megabyte1,2981,16,1.4892730712890625
megabyte1,2982,16,1.812591552734375
megabyte1,2983,16,1.4725950956344604
megabyte1,2984,16,1.366790771484375
megabyte1,2985,16,1.5515680313110352
megabyte1,2986,16,1.869816780090332
megabyte1,2987,16,1.70513916015625
megabyte1,2988,16,1.5961589813232422
megabyte1,2989,16,1.4760818481445312
megabyte1,2990,16,1.5060539245605469
megabyte1,2991,16,1.6365966796875
megabyte1,2992,16,2.047515869140625
megabyte1,2993,16,2.226072311401367
megabyte1,2994,16,1.565673828125
megabyte1,2995,16,1.5840950012207031
megabyte1,2996,16,1.4287700653076172
megabyte1,2997,16,1.3829421997070312
megabyte1,2998,16,1.7695236206054688
megabyte1,2999,16,1.753798484802246
megabyte1,3000,16,1.5623779296875
megabyte1,3001,16,1.391463041305542
megabyte1,3002,16,1.2605781555175781
megabyte1,3003,16,1.5345611572265625
megabyte1,3004,16,1.430741548538208
megabyte1,3005,16,1.465179443359375
megabyte1,3006,16,1.8058929443359375
megabyte1,3007,16,1.2461738586425781
megabyte1,3008,16,1.7254505157470703
megabyte1,3009,16,1.4328632354736328
megabyte1,3010,16,1.4499502182006836
megabyte1,3011,16,1.4094886779785156
megabyte1,3012,16,1.542022705078125
megabyte1,3013,16,1.70233154296875
megabyte1,3014,16,1.3211774826049805
megabyte1,3015,16,1.6274490356445312
megabyte1,3016,16,1.6194677352905273
megabyte1,3017,16,1.337554931640625
megabyte1,3018,16,1.819549560546875
megabyte1,3019,16,1.7006378173828125
megabyte1,3020,16,1.5072870254516602
megabyte1,3021,16,1.5765457153320312
megabyte1,3022,16,1.8033428192138672
megabyte1,3023,16,1.5981521606445312
megabyte1,3024,16,1.6453685760498047
megabyte1,3025,16,1.4591407775878906
megabyte1,3026,16,1.723541259765625
megabyte1,3027,16,1.6017818450927734
megabyte1,3028,16,1.582906723022461
megabyte1,3029,16,2.027008056640625
megabyte1,3030,16,1.7010974884033203
megabyte1,3031,16,1.448150634765625
megabyte1,3032,16,1.6136808395385742
megabyte1,3033,16,1.6873950958251953
megabyte1,3034,16,1.2115631103515625
megabyte1,3035,16,1.7200729846954346
megabyte1,3036,16,1.5887527465820312
megabyte1,3037,16,1.7273168563842773
megabyte1,3038,16,1.3689384460449219
megabyte1,3039,16,1.3819122314453125
megabyte1,3040,16,1.3505268096923828
megabyte1,3041,16,1.7443389892578125
megabyte1,3042,16,1.8056316375732422
megabyte1,3043,16,1.9683444499969482
megabyte1,3044,16,1.8706283569335938
megabyte1,3045,16,1.8121438026428223
megabyte1,3046,16,1.5727782249450684
megabyte1,3047,16,1.805511474609375
megabyte1,3048,16,1.5316343307495117
megabyte1,3049,16,1.8154290914535522
megabyte1,3050,16,1.668670654296875
megabyte1,3051,16,1.6182403564453125
megabyte1,3052,16,1.5892486572265625
megabyte1,3053,16,1.6424407958984375
megabyte1,3054,16,1.3681716918945312
megabyte1,3055,16,1.921539306640625
megabyte1,3056,16,1.9662857055664062
megabyte1,3057,16,1.6819229125976562
megabyte1,3058,16,1.4837665557861328
megabyte1,3059,16,1.7777519226074219
megabyte1,3060,16,1.774322509765625
megabyte1,3061,16,1.4338340759277344
megabyte1,3062,16,1.4025230407714844
megabyte1,3063,16,1.823760986328125
megabyte1,3064,16,1.8444290161132812
megabyte1,3065,16,1.9430770874023438
megabyte1,3066,16,1.95843505859375
megabyte1,3067,16,1.450164794921875
megabyte1,3068,16,1.9014387130737305
megabyte1,3069,16,1.8343048095703125
megabyte1,3070,16,1.354400634765625
megabyte1,3071,16,1.7637138366699219
geco22,0,16,1.9637451171875
geco22,1,16,1.896636962890625
geco22,2,16,2.0048828125
geco22,3,16,1.844970703125
geco22,4,16,1.7926025390625
geco22,5,16,2.207855224609375
geco22,6,16,2.0543212890625
geco22,7,16,2.0848388671875
geco22,8,16,1.98675537109375
geco22,9,16,1.8642578125
geco22,10,16,1.8505859375
geco22,11,16,1.8487548828125
geco22,12,16,1.89801025390625
geco22,13,16,2.19757080078125
geco22,14,16,1.75750732421875
geco22,15,16,1.8194580078125
geco22,16,16,1.9537353515625
geco22,17,16,2.000244140625
geco22,18,16,1.74310302734375
geco22,19,16,1.84173583984375
geco22,20,16,2.047088623046875
geco22,21,16,2.17901611328125
geco22,22,16,1.9093017578125
geco22,23,16,1.98870849609375
geco22,24,16,1.75494384765625
geco22,25,16,2.08001708984375
geco22,26,16,1.96075439453125
geco22,27,16,1.8739013671875
geco22,28,16,1.96881103515625
geco22,29,16,2.0003662109375
geco22,30,16,1.9656982421875
geco22,31,16,2.0006103515625
geco22,32,16,2.0174560546875
geco22,33,16,1.66552734375
geco22,34,16,1.95751953125
geco22,35,16,1.94830322265625
geco22,36,16,1.9935302734375
geco22,37,16,1.74566650390625
geco22,38,16,1.89801025390625
geco22,39,16,2.09381103515625
geco22,40,16,1.862548828125
geco22,41,16,1.91180419921875
geco22,42,16,1.92877197265625
geco22,43,16,2.020751953125
geco22,44,16,1.9375
geco22,45,16,1.87579345703125
geco22,46,16,2.02264404296875
geco22,47,16,1.83355712890625
geco22,48,16,2.000762939453125
geco22,49,16,1.80511474609375
geco22,50,16,1.83880615234375
geco22,51,16,2.0887451171875
geco22,52,16,1.9393310546875
geco22,53,16,1.88067626953125
geco22,54,16,1.94732666015625
geco22,55,16,1.89923095703125
geco22,56,16,1.81134033203125
geco22,57,16,2.01458740234375
geco22,58,16,1.869384765625
geco22,59,16,1.99346923828125
geco22,60,16,1.90594482421875
geco22,61,16,1.9107666015625
geco22,62,16,1.8299560546875
geco22,63,16,2.022705078125
geco22,64,16,2.00823974609375
geco22,65,16,1.9364013671875
geco22,66,16,1.8243408203125
geco22,67,16,2.02880859375
geco22,68,16,1.916778564453125
geco22,69,16,1.791259765625
geco22,70,16,1.93310546875
geco22,71,16,1.797607421875
geco22,72,16,1.9281005859375
geco22,73,16,2.01507568359375
geco22,74,16,1.99969482421875
geco22,75,16,1.9930419921875
geco22,76,16,2.086181640625
geco22,77,16,2.2166748046875
geco22,78,16,1.9456787109375
geco22,79,16,2.09619140625
geco22,80,16,1.8851318359375
geco22,81,16,2.14617919921875
geco22,82,16,1.8087158203125
geco22,83,16,1.790618896484375
geco22,84,16,1.953125
geco22,85,16,1.83367919921875
geco22,86,16,1.77447509765625
geco22,87,16,1.9932861328125
geco22,88,16,2.13812255859375
geco22,89,16,2.099853515625
geco22,90,16,1.87689208984375
geco22,91,16,1.9208984375
geco22,92,16,1.94390869140625
geco22,93,16,2.03692626953125
geco22,94,16,1.91058349609375
geco22,95,16,2.09381103515625
geco22,96,16,1.7811279296875
geco22,97,16,1.798095703125
geco22,98,16,1.9962158203125
geco22,99,16,1.79547119140625
geco22,100,16,1.71917724609375
geco22,101,16,1.94366455078125
geco22,102,16,1.8424072265625
geco22,103,16,1.9749755859375
geco22,104,16,1.87567138671875
geco22,105,16,2.2225341796875
geco22,106,16,1.76068115234375
geco22,107,16,2.00006103515625
geco22,108,16,1.90435791015625
geco22,109,16,1.824798583984375
geco22,110,16,1.7625732421875
geco22,111,16,2.01123046875
geco22,112,16,1.8519287109375
geco22,113,16,1.8818359375
geco22,114,16,1.99322509765625
geco22,115,16,1.96978759765625
geco22,116,16,1.7689208984375
geco22,117,16,2.06683349609375
geco22,118,16,1.99188232421875
geco22,119,16,1.79571533203125
geco22,120,16,1.895751953125
geco22,121,16,1.99493408203125
geco22,122,16,2.02880859375
geco22,123,16,2.1549072265625
geco22,124,16,1.9957275390625
geco22,125,16,1.95306396484375
geco22,126,16,1.90191650390625
geco22,127,16,1.7242431640625
geco22,128,16,1.70574951171875
geco22,129,16,2.1951904296875
geco22,130,16,2.0386962890625
geco22,131,16,2.16485595703125
geco22,132,16,2.00750732421875
geco22,133,16,2.010009765625
geco22,134,16,1.9232177734375
geco22,135,16,2.04376220703125
geco22,136,16,1.8680419921875
geco22,137,16,2.086181640625
geco22,138,16,2.39263916015625
geco22,139,16,1.911865234375
geco22,140,16,1.9813232421875
geco22,141,16,1.9200439453125
geco22,142,16,1.93927001953125
geco22,143,16,1.822509765625
geco22,144,16,1.93560791015625
geco22,145,16,1.784912109375
geco22,146,16,1.82940673828125
geco22,147,16,1.96368408203125
geco22,148,16,1.860595703125
geco22,149,16,1.831451416015625
geco22,150,16,1.9412841796875
geco22,151,16,2.0020751953125
geco22,152,16,1.8406982421875
geco22,153,16,2.025634765625
geco22,154,16,2.0150146484375
geco22,155,16,2.02935791015625
geco22,156,16,2.16119384765625
geco22,157,16,2.14495849609375
geco22,158,16,1.826416015625
geco22,159,16,1.84197998046875
geco22,160,16,1.98260498046875
geco22,161,16,1.85882568359375
geco22,162,16,1.85809326171875
geco22,163,16,1.85699462890625
geco22,164,16,1.91497802734375
geco22,165,16,1.824951171875
geco22,166,16,1.65997314453125
geco22,167,16,1.8719482421875
geco22,168,16,1.956298828125
geco22,169,16,1.84381103515625
geco22,170,16,1.76690673828125
geco22,171,16,1.89093017578125
geco22,172,16,2.0863037109375
geco22,173,16,1.7105712890625
geco22,174,16,1.8212890625
geco22,175,16,1.923828125
geco22,176,16,1.76446533203125
geco22,177,16,1.89251708984375
geco22,178,16,1.99066162109375
geco22,179,16,2.11572265625
geco22,180,16,1.927490234375
geco22,181,16,1.86517333984375
geco22,182,16,2.01947021484375
geco22,183,16,1.9658203125
geco22,184,16,1.7462158203125
geco22,185,16,2.0093994140625
geco22,186,16,1.8648681640625
geco22,187,16,1.8480224609375
geco22,188,16,2.08123779296875
geco22,189,16,2.1826171875
geco22,190,16,1.85009765625
geco22,191,16,1.8551025390625
geco22,192,16,1.69757080078125
geco22,193,16,1.71728515625
geco22,194,16,1.9041748046875
geco22,195,16,1.8787841796875
geco22,196,16,1.979248046875
geco22,197,16,2.00946044921875
geco22,198,16,1.9549560546875
geco22,199,16,1.883056640625
geco22,200,16,2.04241943359375
geco22,201,16,1.96392822265625
geco22,202,16,2.01177978515625
geco22,203,16,1.98193359375
geco22,204,16,1.97064208984375
geco22,205,16,1.8319091796875
geco22,206,16,1.8994140625
geco22,207,16,1.9569091796875
geco22,208,16,1.98431396484375
geco22,209,16,1.7998046875
geco22,210,16,1.7666015625
geco22,211,16,1.836639404296875
geco22,212,16,1.8519287109375
geco22,213,16,1.92694091796875
geco22,214,16,1.7291259765625
geco22,215,16,1.9168701171875
geco22,216,16,1.9019775390625
geco22,217,16,1.91314697265625
geco22,218,16,1.80950927734375
geco22,219,16,1.85382080078125
geco22,220,16,1.956787109375
geco22,221,16,1.96240234375
geco22,222,16,1.93060302734375
geco22,223,16,1.96490478515625
geco22,224,16,1.8568115234375
geco22,225,16,1.99322509765625
geco22,226,16,2.0426025390625
geco22,227,16,1.88751220703125
geco22,228,16,1.92962646484375
geco22,229,16,2.00006103515625
geco22,230,16,1.7542724609375
geco22,231,16,1.89068603515625
geco22,232,16,2.03106689453125
geco22,233,16,1.91192626953125
geco22,234,16,1.85748291015625
geco22,235,16,1.92926025390625
geco22,236,16,1.85589599609375
geco22,237,16,1.9512939453125
geco22,238,16,1.8319091796875
geco22,239,16,1.7987060546875
geco22,240,16,1.925537109375
geco22,241,16,2.028076171875
geco22,242,16,1.84368896484375
geco22,243,16,2.028289794921875
geco22,244,16,1.831787109375
geco22,245,16,1.806884765625
geco22,246,16,1.91632080078125
geco22,247,16,1.87615966796875
geco22,248,16,1.97186279296875
geco22,249,16,1.75433349609375
geco22,250,16,1.826385498046875
geco22,251,16,2.11627197265625
geco22,252,16,1.78497314453125
geco22,253,16,1.94512939453125
geco22,254,16,1.9561767578125
geco22,255,16,1.81719970703125
geco22,256,16,1.94580078125
geco22,257,16,1.94561767578125
geco22,258,16,2.010009765625
geco22,259,16,1.6568603515625
geco22,260,16,1.98583984375
geco22,261,16,2.14581298828125
geco22,262,16,1.7213134765625
geco22,263,16,1.84429931640625
geco22,264,16,1.9393310546875
geco22,265,16,1.9437255859375
geco22,266,16,1.80633544921875
geco22,267,16,1.913330078125
geco22,268,16,1.75762939453125
geco22,269,16,1.8843994140625
geco22,270,16,2.00616455078125
geco22,271,16,1.74176025390625
geco22,272,16,1.90814208984375
geco22,273,16,1.94183349609375
geco22,274,16,1.79443359375
geco22,275,16,1.88116455078125
geco22,276,16,2.1031494140625
geco22,277,16,1.9276123046875
geco22,278,16,1.91131591796875
geco22,279,16,2.0455322265625
geco22,280,16,1.89874267578125
geco22,281,16,1.7882080078125
geco22,282,16,1.88800048828125
geco22,283,16,1.760009765625
geco22,284,16,1.81292724609375
geco22,285,16,2.0816650390625
geco22,286,16,1.88128662109375
geco22,287,16,1.75811767578125
geco22,288,16,1.93560791015625
geco22,289,16,1.833038330078125
geco22,290,16,1.9375
geco22,291,16,1.78289794921875
geco22,292,16,1.88751220703125
geco22,293,16,2.05389404296875
geco22,294,16,2.1961669921875
geco22,295,16,1.9774169921875
geco22,296,16,1.9493408203125
geco22,297,16,1.82025146484375
geco22,298,16,1.715179443359375
geco22,299,16,1.88592529296875
geco22,300,16,1.7794189453125
geco22,301,16,2.05035400390625
geco22,302,16,1.93511962890625
geco22,303,16,1.9537353515625
geco22,304,16,1.95947265625
geco22,305,16,1.8778076171875
geco22,306,16,2.1448974609375
geco22,307,16,1.60552978515625
geco22,308,16,1.88427734375
geco22,309,16,2.1568603515625
geco22,310,16,2.2900390625
geco22,311,16,2.12884521484375
geco22,312,16,1.99578857421875
geco22,313,16,1.8480224609375
geco22,314,16,2.04388427734375
geco22,315,16,2.097015380859375
geco22,316,16,1.654510498046875
geco22,317,16,1.8712158203125
geco22,318,16,1.873046875
geco22,319,16,2.157958984375
geco22,320,16,2.0255126953125
geco22,321,16,2.03448486328125
geco22,322,16,1.94195556640625
geco22,323,16,2.093017578125
geco22,324,16,2.03619384765625
geco22,325,16,1.9049072265625
geco22,326,16,2.04119873046875
geco22,327,16,1.73809814453125
geco22,328,16,1.75872802734375
geco22,329,16,1.93817138671875
geco22,330,16,1.90289306640625
geco22,331,16,1.68377685546875
geco22,332,16,1.90606689453125
geco22,333,16,1.80078125
geco22,334,16,1.95550537109375
geco22,335,16,1.99365234375
geco22,336,16,1.85577392578125
geco22,337,16,1.9801025390625
geco22,338,16,1.97552490234375
geco22,339,16,1.87811279296875
geco22,340,16,2.0008544921875
geco22,341,16,1.78125
geco22,342,16,1.762451171875
geco22,343,16,1.8824462890625
geco22,344,16,2.02001953125
geco22,345,16,1.9368896484375
geco22,346,16,2.06243896484375
geco22,347,16,1.9937744140625
geco22,348,16,1.7906494140625
geco22,349,16,1.88330078125
geco22,350,16,1.97705078125
geco22,351,16,1.90625
geco22,352,16,1.8349609375
geco22,353,16,1.847625732421875
geco22,354,16,1.900634765625
geco22,355,16,2.0150146484375
geco22,356,16,1.924163818359375
geco22,357,16,1.94464111328125
geco22,358,16,1.90008544921875
geco22,359,16,1.82061767578125
geco22,360,16,1.8206787109375
geco22,361,16,1.984375
geco22,362,16,1.734375
geco22,363,16,1.97808837890625
geco22,364,16,1.86932373046875
geco22,365,16,1.83575439453125
geco22,366,16,1.705078125
geco22,367,16,1.89129638671875
geco22,368,16,1.96063232421875
geco22,369,16,1.8568115234375
geco22,370,16,1.938720703125
geco22,371,16,1.9488525390625
geco22,372,16,2.14068603515625
geco22,373,16,1.8818359375
geco22,374,16,1.90435791015625
geco22,375,16,1.81231689453125
geco22,376,16,1.906280517578125
geco22,377,16,2.02044677734375
geco22,378,16,1.800048828125
geco22,379,16,1.77056884765625
geco22,380,16,1.9361572265625
geco22,381,16,2.0501708984375
geco22,382,16,2.03448486328125
geco22,383,16,1.90496826171875
geco22,384,16,2.0406494140625
geco22,385,16,1.75048828125
geco22,386,16,1.9400634765625
geco22,387,16,1.90087890625
geco22,388,16,2.0638427734375
geco22,389,16,1.72064208984375
geco22,390,16,1.949951171875
geco22,391,16,1.9869384765625
geco22,392,16,1.89697265625
geco22,393,16,1.99853515625
geco22,394,16,2.03656005859375
geco22,395,16,1.99932861328125
geco22,396,16,1.75885009765625
geco22,397,16,1.78485107421875
geco22,398,16,2.11761474609375
geco22,399,16,1.87933349609375
geco22,400,16,1.93865966796875
geco22,401,16,1.91387939453125
geco22,402,16,1.874908447265625
geco22,403,16,1.9705810546875
geco22,404,16,2.001007080078125
geco22,405,16,2.04827880859375
geco22,406,16,1.87994384765625
geco22,407,16,1.8824462890625
geco22,408,16,1.811767578125
geco22,409,16,2.0155029296875
geco22,410,16,2.0426025390625
geco22,411,16,1.82562255859375
geco22,412,16,1.92010498046875
geco22,413,16,2.27117919921875
geco22,414,16,1.8499755859375
geco22,415,16,1.9813232421875
geco22,416,16,1.79486083984375
geco22,417,16,1.88421630859375
geco22,418,16,2.045654296875
geco22,419,16,2.01043701171875
geco22,420,16,1.97747802734375
geco22,421,16,1.868743896484375
geco22,422,16,1.983154296875
geco22,423,16,1.869873046875
geco22,424,16,1.98480224609375
geco22,425,16,2.09307861328125
geco22,426,16,1.804443359375
geco22,427,16,2.028076171875
geco22,428,16,2.1751708984375
geco22,429,16,1.97076416015625
geco22,430,16,1.89251708984375
geco22,431,16,1.88824462890625
geco22,432,16,1.73388671875
geco22,433,16,1.85882568359375
geco22,434,16,1.7606201171875
geco22,435,16,1.75433349609375
geco22,436,16,1.80621337890625
geco22,437,16,2.1124267578125
geco22,438,16,1.85797119140625
geco22,439,16,1.84637451171875
geco22,440,16,1.93890380859375
geco22,441,16,1.9781494140625
geco22,442,16,2.0247802734375
geco22,443,16,1.96563720703125
geco22,444,16,1.815155029296875
geco22,445,16,1.85504150390625
geco22,446,16,1.85943603515625
geco22,447,16,1.912567138671875
geco22,448,16,2.05487060546875
geco22,449,16,1.79180908203125
geco22,450,16,2.11566162109375
geco22,451,16,1.85748291015625
geco22,452,16,1.9444580078125
geco22,453,16,2.01007080078125
geco22,454,16,2.0843505859375
geco22,455,16,1.96014404296875
geco22,456,16,1.98681640625
geco22,457,16,2.008056640625
geco22,458,16,1.89996337890625
geco22,459,16,1.90631103515625
geco22,460,16,1.91375732421875
geco22,461,16,1.82928466796875
geco22,462,16,1.885009765625
geco22,463,16,2.015625
geco22,464,16,1.8994140625
geco22,465,16,1.90447998046875
geco22,466,16,1.741302490234375
geco22,467,16,1.8062744140625
geco22,468,16,1.8328857421875
geco22,469,16,2.14239501953125
geco22,470,16,2.0374755859375
geco22,471,16,1.95245361328125
geco22,472,16,2.0443115234375
geco22,473,16,2.1580810546875
geco22,474,16,2.03558349609375
geco22,475,16,1.8701171875
geco22,476,16,1.86199951171875
geco22,477,16,1.8367919921875
geco22,478,16,1.871826171875
geco22,479,16,1.99951171875
geco22,480,16,1.91668701171875
geco22,481,16,1.76995849609375
geco22,482,16,2.0693359375
geco22,483,16,1.80181884765625
geco22,484,16,2.029296875
geco22,485,16,1.99761962890625
geco22,486,16,1.831512451171875
geco22,487,16,1.98870849609375
geco22,488,16,1.9263916015625
geco22,489,16,2.05059814453125
geco22,490,16,2.12384033203125
geco22,491,16,1.72808837890625
geco22,492,16,1.729888916015625
geco22,493,16,1.920196533203125
geco22,494,16,2.0205078125
geco22,495,16,2.02667236328125
geco22,496,16,1.9130859375
geco22,497,16,1.73065185546875
geco22,498,16,1.9822998046875
geco22,499,16,2.20367431640625
geco22,500,16,1.982666015625
geco22,501,16,1.838623046875
geco22,502,16,2.0325927734375
geco22,503,16,1.9276123046875
geco22,504,16,1.764862060546875
geco22,505,16,2.157470703125
geco22,506,16,1.88677978515625
geco22,507,16,1.745086669921875
geco22,508,16,1.93377685546875
geco22,509,16,1.9193115234375
geco22,510,16,1.918701171875
geco22,511,16,1.96002197265625
geco22,512,16,1.93804931640625
geco22,513,16,1.92742919921875
geco22,514,16,1.99444580078125
geco22,515,16,2.12493896484375
geco22,516,16,2.0394287109375
geco22,517,16,1.8643798828125
geco22,518,16,2.02685546875
geco22,519,16,1.9705810546875
geco22,520,16,1.9273681640625
geco22,521,16,2.10382080078125
geco22,522,16,1.80682373046875
geco22,523,16,2.030029296875
geco22,524,16,2.044921875
geco22,525,16,1.95928955078125
geco22,526,16,2.2266845703125
geco22,527,16,1.8675537109375
geco22,528,16,2.04693603515625
geco22,529,16,1.935455322265625
geco22,530,16,1.9462890625
geco22,531,16,2.05126953125
geco22,532,16,1.9556884765625
geco22,533,16,2.1644287109375
geco22,534,16,1.8695068359375
geco22,535,16,1.98443603515625
geco22,536,16,1.85443115234375
geco22,537,16,1.9520263671875
geco22,538,16,2.14447021484375
geco22,539,16,2.01947021484375
geco22,540,16,1.82110595703125
geco22,541,16,2.080078125
geco22,542,16,2.07122802734375
geco22,543,16,1.860595703125
geco22,544,16,2.04931640625
geco22,545,16,1.9737548828125
geco22,546,16,2.01043701171875
geco22,547,16,1.91754150390625
geco22,548,16,1.804931640625
geco22,549,16,1.7318115234375
geco22,550,16,1.70135498046875
geco22,551,16,1.766754150390625
geco22,552,16,1.69818115234375
geco22,553,16,1.7293701171875
geco22,554,16,1.98858642578125
geco22,555,16,1.75201416015625
geco22,556,16,2.1707763671875
geco22,557,16,1.84991455078125
geco22,558,16,1.89422607421875
geco22,559,16,2.0450439453125
geco22,560,16,1.88067626953125
geco22,561,16,1.8250732421875
geco22,562,16,1.65313720703125
geco22,563,16,2.0892333984375
geco22,564,16,2.01953125
geco22,565,16,2.02001953125
geco22,566,16,1.93646240234375
geco22,567,16,1.690673828125
geco22,568,16,1.76824951171875
geco22,569,16,1.9737548828125
geco22,570,16,1.82806396484375
geco22,571,16,1.82122802734375
geco22,572,16,1.80877685546875
geco22,573,16,1.8525390625
geco22,574,16,1.96820068359375
geco22,575,16,1.842254638671875
geco22,576,16,1.86328125
geco22,577,16,1.96295166015625
geco22,578,16,2.130615234375
geco22,579,16,1.90472412109375
geco22,580,16,1.9205322265625
geco22,581,16,1.93896484375
geco22,582,16,2.05120849609375
geco22,583,16,2.12066650390625
geco22,584,16,1.95623779296875
geco22,585,16,2.0516357421875
geco22,586,16,1.8505859375
geco22,587,16,1.82989501953125
geco22,588,16,1.74298095703125
geco22,589,16,1.71197509765625
geco22,590,16,1.997314453125
geco22,591,16,1.93798828125
geco22,592,16,1.96795654296875
geco22,593,16,1.83624267578125
geco22,594,16,1.94189453125
geco22,595,16,1.72808837890625
geco22,596,16,2.005615234375
geco22,597,16,1.936279296875
geco22,598,16,1.88482666015625
geco22,599,16,1.84124755859375
geco22,600,16,1.867889404296875
geco22,601,16,1.8380126953125
geco22,602,16,1.74371337890625
geco22,603,16,1.81103515625
geco22,604,16,1.97552490234375
geco22,605,16,2.03436279296875
geco22,606,16,2.03131103515625
geco22,607,16,1.95050048828125
geco22,608,16,1.95068359375
geco22,609,16,1.900726318359375
geco22,610,16,1.93487548828125
geco22,611,16,1.9107666015625
geco22,612,16,1.801727294921875
geco22,613,16,1.9400634765625
geco22,614,16,1.9517822265625
geco22,615,16,1.8887939453125
geco22,616,16,1.7818603515625
geco22,617,16,1.81378173828125
geco22,618,16,1.98876953125
geco22,619,16,2.0262451171875
geco22,620,16,1.99859619140625
geco22,621,16,1.91375732421875
geco22,622,16,1.95806884765625
geco22,623,16,1.927215576171875
geco22,624,16,1.8968505859375
geco22,625,16,1.918212890625
geco22,626,16,1.92919921875
geco22,627,16,2.03192138671875
geco22,628,16,1.8271484375
geco22,629,16,1.998046875
geco22,630,16,1.98663330078125
geco22,631,16,2.00738525390625
geco22,632,16,1.92803955078125
geco22,633,16,1.97076416015625
geco22,634,16,1.81805419921875
geco22,635,16,1.81683349609375
geco22,636,16,1.91943359375
geco22,637,16,1.841796875
geco22,638,16,1.9136962890625
geco22,639,16,1.8787841796875
geco22,640,16,1.94683837890625
geco22,641,16,1.889892578125
geco22,642,16,1.83941650390625
geco22,643,16,1.88983154296875
geco22,644,16,1.90924072265625
geco22,645,16,2.0086669921875
geco22,646,16,1.8699951171875
geco22,647,16,1.8983154296875
geco22,648,16,1.82696533203125
geco22,649,16,1.8642578125
geco22,650,16,1.77069091796875
geco22,651,16,1.97369384765625
geco22,652,16,2.07757568359375
geco22,653,16,2.05206298828125
geco22,654,16,1.898193359375
geco22,655,16,2.115570068359375
geco22,656,16,1.833587646484375
geco22,657,16,1.840087890625
geco22,658,16,1.95166015625
geco22,659,16,1.95166015625
geco22,660,16,1.99249267578125
geco22,661,16,2.0120849609375
geco22,662,16,1.81689453125
geco22,663,16,1.9100341796875
geco22,664,16,1.891845703125
geco22,665,16,1.7576904296875
geco22,666,16,1.9444580078125
geco22,667,16,1.9000244140625
geco22,668,16,1.8912353515625
geco22,669,16,2.03265380859375
geco22,670,16,1.92132568359375
geco22,671,16,2.123809814453125
geco22,672,16,2.01800537109375
geco22,673,16,1.93603515625
geco22,674,16,1.98297119140625
geco22,675,16,1.65606689453125
geco22,676,16,2.00445556640625
geco22,677,16,2.0162353515625
geco22,678,16,1.98291015625
geco22,679,16,1.66864013671875
geco22,680,16,1.81549072265625
geco22,681,16,1.84686279296875
geco22,682,16,1.960693359375
geco22,683,16,2.126953125
geco22,684,16,1.97930908203125
geco22,685,16,1.97943115234375
geco22,686,16,1.8756103515625
geco22,687,16,2.05389404296875
geco22,688,16,1.93133544921875
geco22,689,16,1.771240234375
geco22,690,16,1.744384765625
geco22,691,16,1.97137451171875
geco22,692,16,1.97314453125
geco22,693,16,1.760040283203125
geco22,694,16,1.88006591796875
geco22,695,16,2.2603759765625
geco22,696,16,2.0489501953125
geco22,697,16,1.93255615234375
geco22,698,16,1.87744140625
geco22,699,16,2.10687255859375
geco22,700,16,1.87628173828125
geco22,701,16,1.82818603515625
geco22,702,16,1.9931640625
geco22,703,16,1.90362548828125
geco22,704,16,2.15435791015625
geco22,705,16,2.0224609375
geco22,706,16,1.869384765625
geco22,707,16,2.1136474609375
geco22,708,16,2.0762939453125
geco22,709,16,1.86376953125
geco22,710,16,2.02008056640625
geco22,711,16,2.036865234375
geco22,712,16,2.20806884765625
geco22,713,16,2.01202392578125
geco22,714,16,2.07733154296875
geco22,715,16,1.855712890625
geco22,716,16,1.77374267578125
geco22,717,16,1.76312255859375
geco22,718,16,1.92816162109375
geco22,719,16,1.79034423828125
geco22,720,16,2.01495361328125
geco22,721,16,2.11517333984375
geco22,722,16,1.983856201171875
geco22,723,16,1.9007568359375
geco22,724,16,1.73748779296875
geco22,725,16,1.99566650390625
geco22,726,16,1.745819091796875
geco22,727,16,2.06256103515625
geco22,728,16,1.996429443359375
geco22,729,16,1.739990234375
geco22,730,16,1.8187255859375
geco22,731,16,1.9073486328125
geco22,732,16,1.667144775390625
geco22,733,16,1.9632568359375
geco22,734,16,2.14874267578125
geco22,735,16,2.17022705078125
geco22,736,16,1.8031005859375
geco22,737,16,1.86419677734375
geco22,738,16,1.9508056640625
geco22,739,16,2.10321044921875
geco22,740,16,1.95062255859375
geco22,741,16,1.9510498046875
geco22,742,16,1.7806396484375
geco22,743,16,1.93304443359375
geco22,744,16,1.844970703125
geco22,745,16,1.8760986328125
geco22,746,16,2.01824951171875
geco22,747,16,1.89697265625
geco22,748,16,1.85125732421875
geco22,749,16,1.968017578125
geco22,750,16,1.740966796875
geco22,751,16,1.773193359375
geco22,752,16,1.861328125
geco22,753,16,1.78436279296875
geco22,754,16,1.77178955078125
geco22,755,16,1.664703369140625
geco22,756,16,1.783782958984375
geco22,757,16,1.995361328125
geco22,758,16,2.06439208984375
geco22,759,16,2.00872802734375
geco22,760,16,1.65802001953125
geco22,761,16,1.54534912109375
geco22,762,16,1.79302978515625
geco22,763,16,1.9974365234375
geco22,764,16,2.09893798828125
geco22,765,16,1.833831787109375
geco22,766,16,1.85638427734375
geco22,767,16,1.708648681640625
geco22,768,16,2.02630615234375
geco22,769,16,1.813720703125
geco22,770,16,2.124267578125
geco22,771,16,1.86370849609375
geco22,772,16,1.79803466796875
geco22,773,16,2.00445556640625
geco22,774,16,2.0880126953125
geco22,775,16,2.23126220703125
geco22,776,16,2.052490234375
geco22,777,16,1.98876953125
geco22,778,16,1.87933349609375
geco22,779,16,1.93194580078125
geco22,780,16,2.016845703125
geco22,781,16,1.94915771484375
geco22,782,16,2.107421875
geco22,783,16,2.0106201171875
geco22,784,16,1.80670166015625
geco22,785,16,1.751953125
geco22,786,16,1.816162109375
geco22,787,16,1.900634765625
geco22,788,16,2.00445556640625
geco22,789,16,1.86865234375
geco22,790,16,2.0863037109375
geco22,791,16,1.87005615234375
geco22,792,16,1.9237060546875
geco22,793,16,1.82135009765625
geco22,794,16,2.03253173828125
geco22,795,16,1.765625
geco22,796,16,1.9312744140625
geco22,797,16,1.86126708984375
geco22,798,16,1.99652099609375
geco22,799,16,1.67059326171875
geco22,800,16,1.8074951171875
geco22,801,16,2.00390625
geco22,802,16,1.7530517578125
geco22,803,16,2.009765625
geco22,804,16,1.79107666015625
geco22,805,16,1.83770751953125
geco22,806,16,1.8070068359375
geco22,807,16,2.07684326171875
geco22,808,16,1.695556640625
geco22,809,16,1.84906005859375
geco22,810,16,1.9754638671875
geco22,811,16,1.905029296875
geco22,812,16,2.12255859375
geco22,813,16,1.890625
geco22,814,16,1.8529052734375
geco22,815,16,1.88311767578125
geco22,816,16,2.02984619140625
geco22,817,16,1.903961181640625
geco22,818,16,1.700164794921875
geco22,819,16,1.91436767578125
geco22,820,16,1.82373046875
geco22,821,16,1.737548828125
geco22,822,16,1.9644775390625
geco22,823,16,1.898193359375
geco22,824,16,1.9462890625
geco22,825,16,1.83245849609375
geco22,826,16,1.81884765625
geco22,827,16,1.9749755859375
geco22,828,16,1.94622802734375
geco22,829,16,2.17059326171875
geco22,830,16,2.05828857421875
geco22,831,16,1.8487548828125
geco22,832,16,1.760009765625
geco22,833,16,2.02764892578125
geco22,834,16,1.99359130859375
geco22,835,16,2.05810546875
geco22,836,16,1.87432861328125
geco22,837,16,1.79302978515625
geco22,838,16,1.8909912109375
geco22,839,16,2.06622314453125
geco22,840,16,1.927978515625
geco22,841,16,2.00048828125
geco22,842,16,1.90753173828125
geco22,843,16,1.9869384765625
geco22,844,16,1.884521484375
geco22,845,16,1.969482421875
geco22,846,16,2.016998291015625
geco22,847,16,1.81121826171875
geco22,848,16,2.016448974609375
geco22,849,16,1.781982421875
geco22,850,16,2.0001220703125
geco22,851,16,1.93182373046875
geco22,852,16,1.91015625
geco22,853,16,1.8349609375
geco22,854,16,1.85015869140625
geco22,855,16,1.99822998046875
geco22,856,16,1.86260986328125
geco22,857,16,1.9849853515625
geco22,858,16,1.923828125
geco22,859,16,1.7325439453125
geco22,860,16,1.9393310546875
geco22,861,16,1.7718505859375
geco22,862,16,1.96112060546875
geco22,863,16,1.7325439453125
geco22,864,16,1.73614501953125
geco22,865,16,2.07647705078125
geco22,866,16,2.24554443359375
geco22,867,16,1.873626708984375
geco22,868,16,1.857177734375
geco22,869,16,1.8135986328125
geco22,870,16,1.842529296875
geco22,871,16,1.94415283203125
geco22,872,16,1.91998291015625
geco22,873,16,1.93695068359375
geco22,874,16,1.76739501953125
geco22,875,16,1.905029296875
geco22,876,16,1.81427001953125
geco22,877,16,1.813232421875
geco22,878,16,2.04632568359375
geco22,879,16,1.73126220703125
geco22,880,16,1.9862060546875
geco22,881,16,1.84356689453125
geco22,882,16,2.08441162109375
geco22,883,16,1.9862060546875
geco22,884,16,2.01678466796875
geco22,885,16,2.08056640625
geco22,886,16,1.81365966796875
geco22,887,17,1.902975643382353
geco22,888,17,1.8720703125
geco22,889,17,1.8230698529411764
geco22,890,17,2.026309742647059
geco22,891,17,1.8940142463235294
geco22,892,17,1.9741498161764706
geco22,893,17,2.0217141544117645
geco22,894,17,1.8147403492647058
geco22,895,17,2.001263786764706
geco22,896,17,1.8311121323529411
geco22,897,17,1.9999425551470589
geco22,898,17,1.8270335477941178
geco22,899,17,1.6733685661764706
geco22,900,17,1.8116383272058822
geco22,901,17,2.048885569852941
geco22,902,17,2.0526194852941178
geco22,903,17,1.9695542279411764
geco22,904,17,1.7915613511029411
geco22,905,17,1.9191176470588236
geco22,906,17,2.010397518382353
geco22,907,17,1.9258961397058822
geco22,908,17,2.0656020220588234
geco22,909,17,1.9715647977941178
geco22,910,17,1.9766773897058822
geco22,911,17,1.9340533088235294
geco22,912,17,2.0131548713235294
geco22,913,17,1.9604779411764706
geco22,914,17,2.0040211397058822
geco22,915,17,2.042336856617647
geco22,916,17,1.8700310202205883
geco22,917,17,1.9547909007352942
geco22,918,17,2.022518382352941
geco22,919,17,1.9123391544117647
geco22,920,17,1.890280330882353
geco22,921,17,2.0753102022058822
geco22,922,17,1.852883731617647
geco22,923,17,1.8716681985294117
geco22,924,17,2.0222886029411766
geco22,925,17,1.9658777573529411
geco22,926,17,2.0059742647058822
geco22,927,17,2.0482536764705883
geco22,928,17,1.9483570772058822
geco22,929,17,1.8900792738970589
geco22,930,17,1.8501263786764706
geco22,931,17,2.0193589154411766
geco22,932,17,2.0388327205882355
geco22,933,17,2.0147633272058822
geco22,934,17,1.9582950367647058
geco22,935,17,2.0463579963235294
geco22,936,17,1.876953125
geco22,937,17,1.9252642463235294
geco22,938,17,1.8000631893382353
geco22,939,17,2.0158547794117645
geco22,940,17,1.8921760110294117
geco22,941,17,1.9291704963235294
geco22,942,17,1.9688074448529411
geco22,943,17,1.9887982536764706
geco22,944,17,1.7064568014705883
geco22,945,17,1.9933938419117647
geco22,946,17,1.8516773897058822
geco22,947,17,1.9521484375
geco22,948,17,1.87109375
geco22,949,17,1.9199793198529411
geco22,950,17,1.8976907169117647
geco22,951,17,2.099322150735294
geco22,952,17,1.8041130514705883
geco22,953,17,1.9329331341911764
geco22,954,17,1.9789177389705883
geco22,955,17,1.6999080882352942
geco22,956,17,1.9452550551470589
geco22,957,17,2.051125919117647
geco22,958,17,2.0187844669117645
geco22,959,17,1.8542624080882353
geco22,960,17,1.8689395680147058
geco22,961,17,1.8246783088235294
geco22,962,17,1.9553653492647058
geco22,963,17,1.7932559742647058
geco22,964,17,1.8396714154411764
geco22,965,17,1.9981617647058822
geco22,966,17,2.022805606617647
geco22,967,17,1.7502872242647058
geco22,968,17,1.7328814338235294
geco22,969,17,1.7040441176470589
geco22,970,17,1.9646139705882353
geco22,971,17,1.9224494485294117
geco22,972,17,1.9161305147058822
geco22,973,17,1.8781307444852942
geco22,974,17,1.7530445772058822
geco22,975,17,1.930319393382353
geco22,976,17,1.8721277573529411
geco22,977,17,1.9892578125
geco22,978,17,1.835305606617647
geco22,979,17,1.9499080882352942
geco22,980,17,1.9735753676470589
geco22,981,17,1.9069393382352942
geco22,982,17,1.9802964154411764
geco22,983,17,1.9839728860294117
geco22,984,17,1.946920955882353
geco22,985,17,1.904641544117647
geco22,986,17,1.8817210477941178
geco22,987,17,2.037109375
geco22,988,17,2.1723345588235294
geco22,989,17,1.7865349264705883
geco22,990,17,1.9130859375
geco22,991,17,1.8576516544117647
geco22,992,17,2.0372817095588234
geco22,993,17,2.2095013786764706
geco22,994,17,1.7741842830882353
geco22,995,17,1.8239602481617647
geco22,996,17,1.6812672334558822
geco22,997,17,1.9757008272058822
geco22,998,17,1.799172794117647
geco22,999,17,1.905661190257353
geco22,1000,17,1.8218491498161764
geco22,1001,17,1.9384765625
geco22,1002,17,1.8046587775735294
geco22,1003,17,1.8902516084558822
geco22,1004,17,1.8463637408088236
geco22,1005,17,2.146541819852941
geco22,1006,17,1.7387264476102942
geco22,1007,17,1.6429946001838236
geco22,1008,17,2.084041819852941
geco22,1009,17,1.9389073988970589
geco22,1010,17,2.1335592830882355
geco22,1011,17,2.0347541360294117
geco22,1012,17,1.7817095588235294
geco22,1013,17,1.8363970588235294
geco22,1014,17,1.9822495404411764
geco22,1015,17,1.8634535845588236
geco22,1016,17,1.9800091911764706
geco22,1017,17,1.9763327205882353
geco22,1018,17,1.9113338694852942
geco22,1019,17,2.1017348345588234
geco22,1020,17,1.8629940257352942
geco22,1021,17,2.0170611213235294
geco22,1022,17,1.9870749080882353
geco22,1023,17,2.036420036764706
geco22,1024,17,1.8594324448529411
geco22,1025,17,1.9836856617647058
geco22,1026,17,1.9601907169117647
geco22,1027,17,2.050091911764706
geco22,1028,17,2.1525160845588234
geco22,1029,17,1.8970588235294117
geco22,1030,17,1.9305491727941178
geco22,1031,17,1.8745978860294117
geco22,1032,17,1.9089499080882353
geco22,1033,17,1.825827205882353
geco22,1034,17,1.6924977022058822
geco22,1035,17,1.9677734375
geco22,1036,17,1.896484375
geco22,1037,17,2.026999080882353
geco22,1038,17,1.9919577205882353
geco22,1039,17,1.8329503676470589
geco22,1040,17,1.9563419117647058
geco22,1041,17,1.8819508272058822
geco22,1042,17,1.9381893382352942
geco22,1043,17,1.946633731617647
geco22,1044,17,2.139016544117647
geco22,1045,17,1.9099264705882353
geco22,1046,17,1.9916704963235294
geco22,1047,17,2.1368336397058822
geco22,1048,17,1.9763327205882353
geco22,1049,17,1.9406594669117647
geco22,1050,17,1.8340992647058822
geco22,1051,17,1.8412224264705883
geco22,1052,17,1.9922449448529411
geco22,1053,17,2.0146484375
geco22,1054,17,1.7199563419117647
geco22,1055,17,2.0892693014705883
geco22,1056,17,2.011661305147059
geco22,1057,17,1.9728285845588236
geco22,1058,17,1.8600643382352942
geco22,1059,17,1.9458869485294117
geco22,1060,17,2.0522748161764706
geco22,1061,17,1.9442210477941178
geco22,1062,17,1.6482077205882353
geco22,1063,17,1.8489200367647058
geco22,1064,17,1.9877642463235294
geco22,1065,17,1.8887293198529411
geco22,1066,17,1.8435202205882353
geco22,1067,17,1.7871955422794117
geco22,1068,17,1.8588005514705883
geco22,1069,17,1.9140625
geco22,1070,17,2.087344898897059
geco22,1071,17,1.960592830882353
geco22,1072,17,2.069967830882353
geco22,1073,17,1.7367589613970589
geco22,1074,17,2.0782973345588234
geco22,1075,17,1.9577205882352942
geco22,1076,17,1.9434742647058822
geco22,1077,17,1.9886833639705883
geco22,1078,17,2.0164292279411766
geco22,1079,17,2.035443474264706
geco22,1080,17,2.033490349264706
geco22,1081,17,1.7734375
geco22,1082,17,2.0728400735294117
geco22,1083,17,2.0199908088235294
geco22,1084,17,1.93359375
geco22,1085,17,1.896484375
geco22,1086,17,1.9574908088235294
geco22,1087,17,1.919088924632353
geco22,1088,17,1.7829159007352942
geco22,1089,17,1.8436351102941178
geco22,1090,17,2.051700367647059
geco22,1091,17,1.9776539522058822
geco22,1092,17,1.9188304227941178
geco22,1093,17,1.945944393382353
geco22,1094,17,1.8117532169117647
geco22,1095,17,2.033490349264706
geco22,1096,17,1.9500229779411764
geco22,1097,17,2.054744944852941
geco22,1098,17,1.9671989889705883
geco22,1099,17,1.8683363970588236
geco22,1100,17,1.9494485294117647
geco22,1101,17,2.0616383272058822
geco22,1102,17,1.9228515625
geco22,1103,17,1.994140625
geco22,1104,17,1.9416360294117647
geco22,1105,17,2.0759995404411766
geco22,1106,17,1.8388671875
geco22,1107,17,1.9078010110294117
geco22,1108,17,2.1889361213235294
geco22,1109,17,1.8405330882352942
geco22,1110,17,1.947610294117647
geco22,1111,17,1.9147518382352942
geco22,1112,17,1.859375
geco22,1113,17,1.9641544117647058
geco22,1114,17,1.8006089154411764
geco22,1115,17,1.9141773897058822
geco22,1116,17,1.831686580882353
geco22,1117,17,2.142290900735294
geco22,1118,17,1.832375919117647
geco22,1119,17,1.7739545036764706
geco22,1120,17,1.8229549632352942
geco22,1121,17,1.9612247242647058
geco22,1122,17,1.9204388786764706
geco22,1123,17,1.9690372242647058
geco22,1124,17,1.9623161764705883
geco22,1125,17,1.9862132352941178
geco22,1126,17,1.9584673713235294
geco22,1127,17,1.8565602022058822
geco22,1128,17,1.9461167279411764
geco22,1129,17,2.0329733455882355
geco22,1130,17,2.086282169117647
geco22,1131,17,1.9581801470588236
geco22,1132,17,1.859375
geco22,1133,17,1.77734375
geco22,1134,17,1.9114200367647058
geco22,1135,17,1.917624080882353
geco22,1136,17,2.0448069852941178
geco22,1137,17,2.088809742647059
geco22,1138,17,1.7217371323529411
geco22,1139,17,1.9447954963235294
geco22,1140,17,2.0626148897058822
geco22,1141,17,2.015337775735294
geco22,1142,17,1.9458869485294117
geco22,1143,17,1.7523552389705883
geco22,1144,17,1.745749080882353
geco22,1145,17,2.0414751838235294
geco22,1146,17,1.7957261029411764
geco22,1147,17,1.7869370404411764
geco22,1148,17,1.9092945772058822
geco22,1149,17,1.9151539522058822
geco22,1150,17,1.9209558823529411
geco22,1151,17,1.7971047794117647
geco22,1152,17,1.8052619485294117
geco22,1153,17,1.9312385110294117
geco22,1154,17,2.004940257352941
geco22,1155,17,1.75
geco22,1156,17,2.1017922794117645
geco22,1157,17,1.962890625
geco22,1158,17,2.049517463235294
geco22,1159,17,2.1752068014705883
geco22,1160,17,1.9629480698529411
geco22,1161,17,1.7194393382352942
geco22,1162,17,1.8782169117647058
geco22,1163,17,1.9700137867647058
geco22,1164,17,1.8800551470588236
geco22,1165,17,1.9365234375
geco22,1166,17,1.9406594669117647
geco22,1167,17,1.823098575367647
geco22,1168,17,2.0207375919117645
geco22,1169,17,1.913717830882353
geco22,1170,17,1.934225643382353
geco22,1171,17,1.7168543198529411
geco22,1172,17,1.6846277573529411
geco22,1173,17,1.9975873161764706
geco22,1174,17,2.031192555147059
geco22,1175,17,2.01953125
geco22,1176,17,2.013671875
geco22,1177,17,1.9146656709558822
geco22,1178,17,1.8854836856617647
geco22,1179,17,1.9336511948529411
geco22,1180,17,1.8965418198529411
geco22,1181,17,1.9383042279411764
geco22,1182,17,2.0
geco22,1183,17,2.0762867647058822
geco22,1184,17,1.951803768382353
geco22,1185,17,1.9428423713235294
geco22,1186,17,1.7599379595588236
geco22,1187,17,1.9959214154411764
geco22,1188,17,1.9982192095588236
geco22,1189,17,1.7706801470588236
geco22,1190,17,1.9570886948529411
geco22,1191,17,2.099264705882353
geco22,1192,17,1.8989545036764706
geco22,1193,17,1.9175666360294117
geco22,1194,17,1.9464613970588236
geco22,1195,17,1.9969554227941178
geco22,1196,17,1.7774586397058822
geco22,1197,17,1.9728860294117647
geco22,1198,17,2.098690257352941
geco22,1199,17,1.9223345588235294
geco22,1200,17,1.8237017463235294
geco22,1201,17,2.0147633272058822
geco22,1202,17,1.9153262867647058
geco22,1203,17,1.9383042279411764
geco22,1204,17,1.9152113970588236
geco22,1205,17,1.8594898897058822
geco22,1206,17,1.9276769301470589
geco22,1207,17,1.8057789522058822
geco22,1208,17,1.771829044117647
geco22,1209,17,1.7794692095588236
geco22,1210,17,2.042049632352941
geco22,1211,17,1.8987247242647058
geco22,1212,17,2.0840992647058822
geco22,1213,17,1.9766486672794117
geco22,1214,17,1.95458984375
geco22,1215,17,1.9304917279411764
geco22,1216,17,1.8442670036764706
geco22,1217,17,1.8512752757352942
geco22,1218,17,2.0612936580882355
geco22,1219,17,2.032858455882353
geco22,1220,17,2.0365349264705883
geco22,1221,17,1.864602481617647
geco22,1222,17,2.0153952205882355
geco22,1223,17,1.8899356617647058
geco22,1224,17,2.0041360294117645
geco22,1225,17,1.8282398897058822
geco22,1226,17,1.9929342830882353
geco22,1227,17,2.0040211397058822
geco22,1228,17,1.873678768382353
geco22,1229,17,1.9605353860294117
geco22,1230,17,1.9159581801470589
geco22,1231,17,1.6960018382352942
geco22,1232,17,1.8346737132352942
geco22,1233,17,2.1841681985294117
geco22,1234,17,2.008731617647059
geco22,1235,17,1.970703125
geco22,1236,17,1.8247357536764706
geco22,1237,17,1.9082605698529411
geco22,1238,17,1.6729377297794117
geco22,1239,17,1.9923598345588236
geco22,1240,17,1.787109375
geco22,1241,17,1.8364545036764706
geco22,1242,17,1.8295036764705883
geco22,1243,17,2.0036764705882355
geco22,1244,17,1.8205997242647058
geco22,1245,17,1.8735638786764706
geco22,1246,17,1.8536305147058822
geco22,1247,17,1.9516888786764706
geco22,1248,17,1.8428883272058822
geco22,1249,17,2.029928768382353
geco22,1250,17,1.9653033088235294
geco22,1251,17,1.8916015625
geco22,1252,17,1.9333352481617647
geco22,1253,17,1.7404067095588236
geco22,1254,17,1.864602481617647
geco22,1255,17,1.8236443014705883
geco22,1256,17,1.8866613051470589
geco22,1257,17,1.844094669117647
geco22,1258,17,1.9747242647058822
geco22,1259,17,2.0900735294117645
geco22,1260,17,1.7157628676470589
geco22,1261,17,2.026999080882353
geco22,1262,17,1.9411764705882353
geco22,1263,17,2.0951861213235294
geco22,1264,17,1.9147518382352942
geco22,1265,17,1.9105583639705883
geco22,1266,17,2.0676125919117645
geco22,1267,17,2.0311351102941178
geco22,1268,17,1.6935317095588236
geco22,1269,17,1.9412339154411764
geco22,1270,17,1.8348460477941178
geco22,1271,17,1.9865004595588236
geco22,1272,17,1.8246783088235294
geco22,1273,17,2.1036305147058822
geco22,1274,17,1.9301470588235294
geco22,1275,17,2.141256893382353
geco22,1276,17,1.849264705882353
geco22,1277,17,1.9196633731617647
geco22,1278,17,2.0187844669117645
geco22,1279,17,1.7722886029411764
geco22,1280,17,1.9164751838235294
geco22,1281,17,1.9517463235294117
geco22,1282,17,1.9933938419117647
geco22,1283,17,2.0210822610294117
geco22,1284,17,1.9893727022058822
geco22,1285,17,1.896484375
geco22,1286,17,1.9637522977941178
geco22,1287,17,1.8694278492647058
geco22,1288,17,1.8517348345588236
geco22,1289,17,1.735983455882353
geco22,1290,17,1.8542049632352942
geco22,1291,17,1.8516773897058822
geco22,1292,17,1.9871323529411764
geco22,1293,17,1.9218175551470589
geco22,1294,17,1.9522633272058822
geco22,1295,17,1.7727481617647058
geco22,1296,17,1.9364659926470589
geco22,1297,17,1.9176815257352942
geco22,1298,17,2.0672679227941178
geco22,1299,17,1.8982077205882353
geco22,1300,17,2.028262867647059
geco22,1301,17,1.9129136029411764
geco22,1302,17,1.8606387867647058
geco22,1303,17,1.9294002757352942
geco22,1304,17,1.8575367647058822
geco22,1305,17,2.043887867647059
geco22,1306,17,1.8607536764705883
geco22,1307,17,1.8493221507352942
geco22,1308,17,2.0500344669117645
geco22,1309,17,1.9365234375
geco22,1310,17,1.904296875
geco22,1311,17,2.054744944852941
geco22,1312,17,1.9775965073529411
geco22,1313,17,1.7628676470588236
geco22,1314,17,1.8241038602941178
geco22,1315,17,2.103515625
geco22,1316,17,1.687356387867647
geco22,1317,17,1.8776999080882353
geco22,1318,17,2.1063304227941178
geco22,1319,17,1.8878102022058822
geco22,1320,17,2.158835018382353
geco22,1321,17,1.8454159007352942
geco22,1322,17,1.8880112591911764
geco22,1323,17,1.7475873161764706
geco22,1324,17,1.825827205882353
geco22,1325,17,1.7941750919117647
geco22,1326,17,1.8804572610294117
geco22,1327,17,1.6979549632352942
geco22,1328,17,1.9857249540441178
geco22,1329,17,1.8543772977941178
geco22,1330,17,1.9765050551470589
geco22,1331,17,1.9375
geco22,1332,17,1.9234260110294117
geco22,1333,17,1.7820255055147058
geco22,1334,17,1.9323299632352942
geco22,1335,17,2.114200367647059
geco22,1336,17,2.1680836397058822
geco22,1337,17,1.7711971507352942
geco22,1338,17,2.006491268382353
geco22,1339,17,2.0400390625
geco22,1340,17,1.916360294117647
geco22,1341,17,2.0193014705882355
geco22,1342,17,1.919921875
geco22,1343,17,1.9062787224264706
geco22,1344,17,1.8164636948529411
geco22,1345,17,1.8352481617647058
geco22,1346,17,1.681295955882353
geco22,1347,17,1.8770680147058822
geco22,1348,17,1.9910386029411764
geco22,1349,17,1.9330193014705883
geco22,1350,17,2.056985294117647
geco22,1351,17,1.8329503676470589
geco22,1352,17,1.8693704044117647
geco22,1353,17,1.9545036764705883
geco22,1354,17,1.958352481617647
geco22,1355,17,1.8465647977941178
geco22,1356,17,1.9538143382352942
geco22,1357,17,2.048885569852941
geco22,1358,17,1.9913258272058822
geco22,1359,17,1.8552964154411764
geco22,1360,17,2.0568704044117645
geco22,1361,17,1.8646599264705883
geco22,1362,17,1.7693589154411764
geco22,1363,17,2.024069393382353
geco22,1364,17,2.0369944852941178
geco22,1365,17,2.042336856617647
geco22,1366,17,2.030560661764706
geco22,1367,17,2.0246438419117645
geco22,1368,17,1.8979204963235294
geco22,1369,17,1.8041417738970589
geco22,1370,17,2.1674517463235294
geco22,1371,17,1.927734375
geco22,1372,17,1.844094669117647
geco22,1373,17,1.7785213694852942
geco22,1374,17,1.8304802389705883
geco22,1375,17,2.0695657169117645
geco22,1376,17,1.8570197610294117
geco22,1377,17,1.9945427389705883
geco22,1378,17,1.8670726102941178
geco22,1379,17,1.9617417279411764
geco22,1380,17,1.9041245404411764
geco22,1381,17,1.9323299632352942
geco22,1382,17,1.8512752757352942
geco22,1383,17,1.884133731617647
geco22,1384,17,2.0223460477941178
geco22,1385,17,1.8268612132352942
geco22,1386,17,1.950338924632353
geco22,1387,17,1.6729664522058822
geco22,1388,17,1.8103745404411764
geco22,1389,17,1.9084329044117647
geco22,1390,17,2.0464154411764706
geco22,1391,17,1.8788488051470589
geco22,1392,17,1.8954503676470589
geco22,1393,17,1.798828125
geco22,1394,17,1.9735179227941178
geco22,1395,17,1.8800551470588236
geco22,1396,17,1.8623621323529411
geco22,1397,17,1.8396714154411764
geco22,1398,17,1.9402286305147058
geco22,1399,17,1.9316980698529411
geco22,1400,17,1.9321001838235294
geco22,1401,17,1.9052734375
geco22,1402,17,1.9910386029411764
geco22,1403,17,1.8505859375
geco22,1404,17,1.908835018382353
geco22,1405,17,2.041647518382353
geco22,1406,17,1.9029181985294117
geco22,1407,17,1.9794921875
geco22,1408,17,1.9524356617647058
geco22,1409,17,1.8581686580882353
geco22,1410,17,2.0376263786764706
geco22,1411,17,1.9770795036764706
geco22,1412,17,1.8086511948529411
geco22,1413,17,2.0601447610294117
geco22,1414,17,1.811178768382353
geco22,1415,17,1.9583237591911764
geco22,1416,17,2.0845588235294117
geco22,1417,17,2.067038143382353
geco22,1418,17,1.9982766544117647
geco22,1419,17,1.91015625
geco22,1420,17,1.9064223345588236
geco22,1421,17,1.8458180147058822
geco22,1422,17,2.0812270220588234
geco22,1423,17,1.9604779411764706
geco22,1424,17,1.7963579963235294
geco22,1425,17,1.8388671875
geco22,1426,17,2.103573069852941
geco22,1427,17,1.7873104319852942
geco22,1428,17,1.8847081801470589
geco22,1429,17,2.176413143382353
geco22,1430,17,1.8304802389705883
geco22,1431,17,1.9512293198529411
geco22,1432,17,1.9487017463235294
geco22,1433,17,1.9372127757352942
geco22,1434,17,1.7062557444852942
geco22,1435,17,2.0793313419117645
geco22,1436,17,1.8508444393382353
geco22,1437,17,1.8800551470588236
geco22,1438,17,2.0359604779411766
geco22,1439,17,2.0076401654411766
geco22,1440,17,1.895163143382353
geco22,1441,17,1.8470818014705883
geco22,1442,17,1.9541015625
geco22,1443,17,2.085880055147059
geco22,1444,17,1.9947150735294117
geco22,1445,17,1.7853860294117647
geco22,1446,17,1.855813419117647
geco22,1447,17,2.0415326286764706
geco22,1448,17,1.9231675091911764
geco22,1449,17,2.0792738970588234
geco22,1450,17,1.9816750919117647
geco22,1451,17,1.937844669117647
geco22,1452,17,1.8423713235294117
geco22,1453,17,2.0340647977941178
geco22,1454,17,2.0376838235294117
geco22,1455,17,1.8569623161764706
geco22,1456,17,1.961282169117647
geco22,1457,17,1.830078125
geco22,1458,17,1.8594324448529411
geco22,1459,17,1.8871783088235294
geco22,1460,17,1.7593635110294117
geco22,1461,17,1.8524816176470589
geco22,1462,17,1.845358455882353
geco22,1463,17,1.967141544117647
geco22,1464,17,1.9551930147058822
geco22,1465,17,1.8416245404411764
geco22,1466,17,1.9404871323529411
geco22,1467,17,2.2170266544117645
geco22,1468,17,1.866555606617647
geco22,1469,17,1.9848345588235294
geco22,1470,17,1.7959558823529411
geco22,1471,17,2.0805376838235294
geco22,1472,17,1.8546070772058822
geco22,1473,17,1.8758616727941178
geco22,1474,17,1.8929802389705883
geco22,1475,17,1.8146829044117647
geco22,1476,17,1.8286420036764706
geco22,1477,17,1.9423828125
geco22,1478,17,2.0134420955882355
geco22,1479,17,1.779928768382353
geco22,1480,17,1.8661534926470589
geco22,1481,17,2.0210248161764706
geco22,1482,17,1.9159007352941178
geco22,1483,17,1.9953469669117647
geco22,1484,17,1.8843635110294117
geco22,1485,17,1.7638729319852942
geco22,1486,17,2.012752757352941
geco22,1487,17,1.7717141544117647
geco22,1488,17,1.803366268382353
geco22,1489,17,1.7352653952205883
geco22,1490,17,1.9035788143382353
geco22,1491,17,1.9734030330882353
geco22,1492,17,1.9676585477941178
geco22,1493,17,1.7976792279411764
geco22,1494,17,1.7634995404411764
geco22,1495,17,2.1216681985294117
geco22,1496,17,1.9382467830882353
geco22,1497,17,1.8454159007352942
geco22,1498,17,1.8212316176470589
geco22,1499,17,1.7236902573529411
geco22,1500,17,1.9018267463235294
geco22,1501,17,2.0112017463235294
geco22,1502,17,1.8988108915441178
geco22,1503,17,1.9916704963235294
geco22,1504,17,1.7921932444852942
geco22,1505,17,1.7198988970588236
geco22,1506,17,1.9223345588235294
geco22,1507,17,1.9063648897058822
geco22,1508,17,1.8246208639705883
geco22,1509,17,1.9082605698529411
geco22,1510,17,1.8835592830882353
geco22,1511,17,1.8393841911764706
geco22,1512,17,1.726217830882353
geco22,1513,17,2.1847426470588234
geco22,1514,17,1.9177964154411764
geco22,1515,17,1.7340877757352942
geco22,1516,17,1.8999885110294117
geco22,1517,17,1.6993336397058822
geco22,1518,17,1.950539981617647
geco22,1519,17,1.9376148897058822
geco22,1520,17,2.048196231617647
geco22,1521,17,2.171817555147059
geco22,1522,17,1.9252642463235294
geco22,1523,17,1.6529181985294117
geco22,1524,17,2.0551470588235294
geco22,1525,17,1.8193359375
geco22,1526,17,1.8581686580882353
geco22,1527,17,1.8872357536764706
geco22,1528,17,1.9959214154411764
geco22,1529,17,1.7498276654411764
geco22,1530,17,1.7742417279411764
geco22,1531,17,2.188189338235294
geco22,1532,17,1.6900275735294117
geco22,1533,17,1.7827435661764706
geco22,1534,17,2.0646829044117645
geco22,1535,17,1.9299747242647058
geco22,1536,17,1.7547104779411764
geco22,1537,17,2.031192555147059
geco22,1538,17,1.8623046875
geco22,1539,17,1.9828239889705883
geco22,1540,17,2.0365349264705883
geco22,1541,17,1.9152113970588236
geco22,1542,17,1.9740923713235294
geco22,1543,17,1.8688534007352942
geco22,1544,17,1.8817210477941178
geco22,1545,17,1.8870059742647058
geco22,1546,17,1.7158777573529411
geco22,1547,17,1.9254940257352942
geco22,1548,17,1.9111902573529411
geco22,1549,17,1.8448414522058822
geco22,1550,17,2.0570427389705883
geco22,1551,17,2.091854319852941
geco22,1552,17,1.9381893382352942
geco22,1553,17,1.9444508272058822
geco22,1554,17,1.9341107536764706
geco22,1555,17,1.8218635110294117
geco22,1556,17,1.9084329044117647
geco22,1557,17,1.9327895220588236
geco22,1558,17,1.9962660845588236
geco22,1559,17,1.811868106617647
geco22,1560,17,2.012350643382353
geco22,1561,17,1.9317555147058822
geco22,1562,17,1.8100873161764706
geco22,1563,17,1.8682789522058822
geco22,1564,17,1.9522633272058822
geco22,1565,17,1.7717428768382353
geco22,1566,17,1.9435891544117647
geco22,1567,17,1.9204963235294117
geco22,1568,17,1.8688534007352942
geco22,1569,17,1.9854090073529411
geco22,1570,17,1.7980813419117647
geco22,1571,17,1.9480698529411764
geco22,1572,17,1.9179113051470589
geco22,1573,17,1.9094381893382353
geco22,1574,17,1.9135454963235294
geco22,1575,17,2.0122931985294117
geco22,1576,17,1.7665441176470589
geco22,1577,17,1.9252642463235294
geco22,1578,17,1.8882697610294117
geco22,1579,17,1.9056755514705883
geco22,1580,17,2.0711741727941178
geco22,1581,17,1.9194623161764706
geco22,1582,17,2.1717601102941178
geco22,1583,17,1.9218175551470589
geco22,1584,17,1.9775390625
geco22,1585,17,1.9034352022058822
geco22,1586,17,2.0786994485294117
geco22,1587,17,1.8289292279411764
geco22,1588,17,2.113970588235294
geco22,1589,17,1.743508731617647
geco22,1590,17,1.814797794117647
geco22,1591,17,2.0056295955882355
geco22,1592,17,1.7799862132352942
geco22,1593,17,1.9806985294117647
geco22,1594,17,1.962258731617647
geco22,1595,17,1.6946231617647058
geco22,1596,17,2.095703125
geco22,1597,17,1.8938419117647058
geco22,1598,17,1.9029181985294117
geco22,1599,17,1.9770220588235294
geco22,1600,17,1.9482421875
geco22,1601,17,1.9312097886029411
geco22,1602,17,1.832375919117647
geco22,1603,17,1.898092830882353
geco22,1604,17,1.9551930147058822
geco22,1605,17,1.8077320772058822
geco22,1606,17,1.9524356617647058
geco22,1607,17,2.0217141544117645
geco22,1608,17,1.9509420955882353
geco22,1609,17,1.860983455882353
geco22,1610,17,1.7240349264705883
geco22,1611,17,1.9648724724264706
geco22,1612,17,2.033490349264706
geco22,1613,17,2.154009650735294
geco22,1614,17,2.0124655330882355
geco22,1615,17,1.7571231617647058
geco22,1616,17,1.9747242647058822
geco22,1617,17,1.9165326286764706
geco22,1618,17,1.9748965992647058
geco22,1619,17,1.8493795955882353
geco22,1620,17,1.901711856617647
geco22,1621,17,1.920553768382353
geco22,1622,17,2.003619025735294
geco22,1623,17,1.9875919117647058
geco22,1624,17,2.1177045036764706
geco22,1625,17,1.8588579963235294
geco22,1626,17,2.051700367647059
geco22,1627,17,1.6912913602941178
geco22,1628,17,1.7417279411764706
geco22,1629,17,1.7676355698529411
geco22,1630,17,1.8058363970588236
geco22,1631,17,1.7292911305147058
geco22,1632,17,2.0519301470588234
geco22,1633,17,1.8610983455882353
geco22,1634,17,1.929342830882353
geco22,1635,17,1.9975873161764706
geco22,1636,17,2.0971392463235294
geco22,1637,17,1.7775735294117647
geco22,1638,17,1.9653607536764706
geco22,1639,17,1.8058363970588236
geco22,1640,17,1.892922794117647
geco22,1641,17,1.9147518382352942
geco22,1642,17,1.9775390625
geco22,1643,17,1.8393841911764706
geco22,1644,17,1.7836052389705883
geco22,1645,17,1.9022863051470589
geco22,1646,17,1.9112477022058822
geco22,1647,17,1.8917738970588236
geco22,1648,17,1.6571116727941178
geco22,1649,17,2.096966911764706
geco22,1650,17,2.022403492647059
geco22,1651,17,2.1017348345588234
geco22,1652,17,1.947610294117647
geco22,1653,17,1.9882238051470589
geco22,1654,17,2.0180951286764706
geco22,1655,17,2.0453239889705883
geco22,1656,17,1.8983226102941178
geco22,1657,17,1.939453125
geco22,1658,17,1.9722541360294117
geco22,1659,17,2.1987591911764706
geco22,1660,17,2.0213120404411766
geco22,1661,17,2.042336856617647
geco22,1662,17,1.944680606617647
geco22,1663,17,2.069967830882353
geco22,1664,17,2.095990349264706
geco22,1665,17,1.9364085477941178
geco22,1666,17,1.9262982536764706
geco22,1667,17,2.0008616727941178
geco22,1668,17,2.0234375
geco22,1669,17,1.8210592830882353
geco22,1670,17,1.8683363970588236
geco22,1671,17,1.9179113051470589
geco22,1672,17,1.9383042279411764
geco22,1673,17,1.8433191636029411
geco22,1674,17,1.8351907169117647
geco22,1675,17,1.9204963235294117
geco22,1676,17,2.0688189338235294
geco22,1677,17,2.0112017463235294
geco22,1678,17,1.8623621323529411
geco22,1679,17,1.7736098345588236
geco22,1680,17,1.7661420036764706
geco22,1681,17,1.83984375
geco22,1682,17,2.0981158088235294
geco22,1683,17,1.9670266544117647
geco22,1684,17,1.868795955882353
geco22,1685,17,1.836569393382353
geco22,1686,17,1.8317440257352942
geco22,1687,17,1.8322610294117647
geco22,1688,17,1.8583409926470589
geco22,1689,17,2.0093060661764706
geco22,1690,17,1.8813189338235294
geco22,1691,17,1.7452895220588236
geco22,1692,17,2.0356158088235294
geco22,1693,17,2.146426930147059
geco22,1694,17,1.9415785845588236
geco22,1695,17,2.0345818014705883
geco22,1696,17,1.9193474264705883
geco22,1697,17,1.8659811580882353
geco22,1698,17,1.8815487132352942
geco22,1699,17,1.8383501838235294
geco22,1700,17,2.023150275735294
geco22,1701,17,1.7255572150735294
geco22,1702,17,2.085305606617647
geco22,1703,17,1.9531824448529411
geco22,1704,17,1.8600643382352942
geco22,1705,17,1.8263442095588236
geco22,1706,17,1.9070542279411764
geco22,1707,17,1.9346277573529411
geco22,1708,17,1.9786879595588236
geco22,1709,17,1.7360409007352942
geco22,1710,17,2.0517578125
geco22,1711,17,1.9054457720588236
geco22,1712,17,1.8084214154411764
geco22,1713,17,1.9936810661764706
geco22,1714,17,1.913430606617647
geco22,1715,17,2.0522173713235294
geco22,1716,17,1.9111615349264706
geco22,1717,17,1.9793198529411764
geco22,1718,17,2.1123046875
geco22,1719,17,2.1576286764705883
geco22,1720,17,1.8058363970588236
geco22,1721,17,1.7875689338235294
geco22,1722,17,2.186580882352941
geco22,1723,17,1.8376034007352942
geco22,1724,17,1.910500919117647
geco22,1725,17,1.933938419117647
geco22,1726,17,1.9606502757352942
geco22,1727,17,1.9111902573529411
geco22,1728,17,2.0013786764705883
geco22,1729,17,1.9840877757352942
geco22,1730,17,1.984719669117647
geco22,1731,17,1.871725643382353
geco22,1732,17,2.1570542279411766
geco22,1733,17,1.9199793198529411
geco22,1734,17,1.9887408088235294
geco22,1735,16,1.8214111328125
geco22,1736,16,1.88055419921875
geco22,1737,16,1.777587890625
geco22,1738,16,2.09246826171875
geco22,1739,16,2.14605712890625
geco22,1740,16,1.9476318359375
geco22,1741,16,1.96246337890625
geco22,1742,16,1.969970703125
geco22,1743,16,1.856048583984375
geco22,1744,16,2.15875244140625
geco22,1745,16,1.829345703125
geco22,1746,16,1.8824462890625
geco22,1747,16,1.94384765625
geco22,1748,16,1.89324951171875
geco22,1749,16,1.9500732421875
geco22,1750,16,1.82830810546875
geco22,1751,16,1.904296875
geco22,1752,16,1.92437744140625
geco22,1753,16,1.8519287109375
geco22,1754,16,1.99066162109375
geco22,1755,16,1.78070068359375
geco22,1756,16,1.94866943359375
geco22,1757,16,2.00555419921875
geco22,1758,16,1.799713134765625
geco22,1759,16,1.9569091796875
geco22,1760,16,1.6048583984375
geco22,1761,16,1.83441162109375
geco22,1762,16,1.86322021484375
geco22,1763,16,2.09893798828125
geco22,1764,16,1.9344482421875
geco22,1765,16,1.83245849609375
geco22,1766,16,2.116943359375
geco22,1767,16,1.7943115234375
geco22,1768,16,2.02001953125
geco22,1769,16,1.94622802734375
geco22,1770,16,1.802978515625
geco22,1771,16,1.9825439453125
geco22,1772,16,2.22552490234375
geco22,1773,16,1.87884521484375
geco22,1774,16,1.84429931640625
geco22,1775,16,1.97686767578125
geco22,1776,16,1.688720703125
geco22,1777,16,1.8118896484375
geco22,1778,16,1.92547607421875
geco22,1779,16,1.75494384765625
geco22,1780,16,1.941162109375
geco22,1781,16,1.8828125
geco22,1782,16,1.833984375
geco22,1783,16,2.04205322265625
geco22,1784,16,1.99993896484375
geco22,1785,16,1.89068603515625
geco22,1786,16,1.92626953125
geco22,1787,16,1.5750732421875
geco22,1788,16,1.81494140625
geco22,1789,16,1.88812255859375
geco22,1790,16,1.939208984375
geco22,1791,16,1.722564697265625
geco22,1792,16,2.08685302734375
geco22,1793,16,1.9561767578125
geco22,1794,16,1.46136474609375
geco22,1795,16,1.891845703125
geco22,1796,16,1.81378173828125
geco22,1797,16,2.10137939453125
geco22,1798,16,1.98187255859375
geco22,1799,16,1.936767578125
geco22,1800,16,1.9786376953125
geco22,1801,16,1.9073486328125
geco22,1802,16,1.9200439453125
geco22,1803,16,1.83135986328125
geco22,1804,16,1.9688720703125
geco22,1805,16,1.8792724609375
geco22,1806,16,1.840606689453125
geco22,1807,16,1.8018798828125
geco22,1808,16,2.0400390625
geco22,1809,16,1.79718017578125
geco22,1810,16,1.8643798828125
geco22,1811,16,1.78692626953125
geco22,1812,16,1.85748291015625
geco22,1813,16,1.873779296875
geco22,1814,16,2.04254150390625
geco22,1815,16,1.9849853515625
geco22,1816,16,2.07879638671875
geco22,1817,16,1.992431640625
geco22,1818,16,1.85516357421875
geco22,1819,16,1.99493408203125
geco22,1820,16,1.81805419921875
geco22,1821,16,1.99810791015625
geco22,1822,16,1.778564453125
geco22,1823,16,2.027587890625
geco22,1824,16,2.13067626953125
geco22,1825,16,2.02325439453125
geco22,1826,16,2.11566162109375
geco22,1827,16,1.93939208984375
geco22,1828,16,1.85675048828125
geco22,1829,16,1.71441650390625
geco22,1830,16,1.9312744140625
geco22,1831,16,2.00244140625
geco22,1832,16,1.96697998046875
geco22,1833,16,1.88116455078125
geco22,1834,16,1.95196533203125
geco22,1835,16,1.96502685546875
geco22,1836,16,1.6124267578125
geco22,1837,16,2.01373291015625
geco22,1838,16,2.0263671875
geco22,1839,16,2.0330810546875
geco22,1840,16,2.0306396484375
geco22,1841,16,1.80450439453125
geco22,1842,16,1.95318603515625
geco22,1843,16,1.89300537109375
geco22,1844,16,2.09515380859375
geco22,1845,16,1.9261474609375
geco22,1846,16,1.91876220703125
geco22,1847,16,1.94940185546875
geco22,1848,16,2.0462646484375
geco22,1849,16,2.04986572265625
geco22,1850,16,1.97760009765625
geco22,1851,16,1.86041259765625
geco22,1852,16,1.95751953125
geco22,1853,16,1.89892578125
geco22,1854,16,2.1180419921875
geco22,1855,16,2.0069580078125
geco22,1856,16,1.96575927734375
geco22,1857,16,1.8629150390625
geco22,1858,16,1.8963623046875
geco22,1859,16,1.96435546875
geco22,1860,16,2.0750732421875
geco22,1861,16,1.832855224609375
geco22,1862,16,1.82940673828125
geco22,1863,16,2.0113525390625
geco22,1864,16,1.7293701171875
geco22,1865,16,2.03302001953125
geco22,1866,16,2.0462646484375
geco22,1867,16,1.8468017578125
geco22,1868,16,1.94488525390625
geco22,1869,16,2.137115478515625
geco22,1870,16,1.8348388671875
geco22,1871,16,1.9263916015625
geco22,1872,16,1.95068359375
geco22,1873,16,1.90869140625
geco22,1874,16,2.04925537109375
geco22,1875,16,1.70745849609375
geco22,1876,16,1.84625244140625
geco22,1877,16,1.728240966796875
geco22,1878,16,2.04638671875
geco22,1879,16,2.00616455078125
geco22,1880,16,1.77484130859375
geco22,1881,16,1.83758544921875
geco22,1882,16,2.059326171875
geco22,1883,16,1.9180908203125
geco22,1884,16,1.93756103515625
geco22,1885,16,1.7845458984375
geco22,1886,16,2.1224365234375
geco22,1887,16,1.92315673828125
geco22,1888,16,2.00042724609375
geco22,1889,16,1.78131103515625
geco22,1890,16,1.9405517578125
geco22,1891,16,1.79681396484375
geco22,1892,16,1.7518310546875
geco22,1893,16,2.10418701171875
geco22,1894,16,1.9625244140625
geco22,1895,16,1.9818115234375
geco22,1896,16,1.9998779296875
geco22,1897,16,2.0882568359375
geco22,1898,16,1.94964599609375
geco22,1899,16,1.87744140625
geco22,1900,16,1.73284912109375
geco22,1901,16,1.87310791015625
geco22,1902,16,1.637451171875
geco22,1903,16,1.91778564453125
geco22,1904,16,1.66162109375
geco22,1905,16,2.02435302734375
geco22,1906,16,1.95050048828125
geco22,1907,16,1.95697021484375
geco22,1908,16,1.9080810546875
geco22,1909,16,1.758056640625
geco22,1910,16,1.86871337890625
geco22,1911,16,1.91943359375
geco22,1912,16,1.87493896484375
geco22,1913,16,1.85626220703125
geco22,1914,16,1.83233642578125
geco22,1915,16,1.98138427734375
geco22,1916,16,1.86810302734375
geco22,1917,16,1.9012451171875
geco22,1918,16,1.8675537109375
geco22,1919,16,1.91497802734375
geco22,1920,16,2.04931640625
geco22,1921,16,2.063720703125
geco22,1922,16,2.14508056640625
geco22,1923,16,1.719970703125
geco22,1924,16,2.0347900390625
geco22,1925,16,1.75299072265625
geco22,1926,16,1.95684814453125
geco22,1927,16,1.83880615234375
geco22,1928,16,2.0631103515625
geco22,1929,16,1.86376953125
geco22,1930,16,1.9468994140625
geco22,1931,16,1.8785400390625
geco22,1932,16,1.75750732421875
geco22,1933,16,1.9189453125
geco22,1934,16,1.830078125
geco22,1935,16,1.98773193359375
geco22,1936,16,1.83233642578125
geco22,1937,16,1.99285888671875
geco22,1938,16,1.88525390625
geco22,1939,16,2.011962890625
geco22,1940,16,2.0911865234375
geco22,1941,16,1.7989501953125
geco22,1942,16,1.90057373046875
geco22,1943,16,1.9332275390625
geco22,1944,16,1.88372802734375
geco22,1945,16,1.94451904296875
geco22,1946,16,1.86138916015625
geco22,1947,16,1.8575439453125
geco22,1948,16,1.95001220703125
geco22,1949,16,1.81884765625
geco22,1950,16,1.692108154296875
geco22,1951,16,1.6256103515625
geco22,1952,16,1.9368896484375
geco22,1953,16,1.92010498046875
geco22,1954,16,1.87762451171875
geco22,1955,16,1.98748779296875
geco22,1956,16,1.871337890625
geco22,1957,16,1.62152099609375
geco22,1958,16,2.0286865234375
geco22,1959,16,2.04571533203125
geco22,1960,16,2.0162353515625
geco22,1961,16,1.9742431640625
geco22,1962,16,1.794677734375
geco22,1963,16,2.016357421875
geco22,1964,16,2.07965087890625
geco22,1965,16,1.83612060546875
geco22,1966,16,2.0443115234375
geco22,1967,16,1.938720703125
geco22,1968,16,1.81298828125
geco22,1969,16,1.9893798828125
geco22,1970,16,1.85809326171875
geco22,1971,16,1.982421875
geco22,1972,16,1.6413421630859375
geco22,1973,16,1.8393630981445312
geco22,1974,16,1.6161727905273438
geco22,1975,16,1.9357147216796875
geco22,1976,16,1.7791099548339844
geco22,1977,16,1.7952842712402344
geco22,1978,16,1.6855812072753906
geco22,1979,16,1.7064628601074219
geco22,1980,16,1.6978759765625
geco22,1981,16,1.97625732421875
geco22,1982,16,2.2987060546875
geco22,1983,16,1.8333740234375
geco22,1984,16,1.99676513671875
geco22,1985,16,1.94769287109375
geco22,1986,16,1.85882568359375
geco22,1987,16,1.925048828125
geco22,1988,16,2.02239990234375
geco22,1989,16,2.1588134765625
geco22,1990,16,2.1524658203125
geco22,1991,16,1.903564453125
geco22,1992,16,1.896240234375
geco22,1993,16,1.99261474609375
geco22,1994,16,1.9476318359375
geco22,1995,16,2.133056640625
geco22,1996,16,1.9449462890625
geco22,1997,16,2.10052490234375
geco22,1998,16,2.121826171875
geco22,1999,16,1.8040771484375
geco22,2000,16,1.94757080078125
geco22,2001,16,1.73992919921875
geco22,2002,16,1.8448486328125
geco22,2003,16,2.201904296875
geco22,2004,16,1.8143310546875
geco22,2005,16,1.888763427734375
geco22,2006,16,2.123046875
geco22,2007,16,1.85888671875
geco22,2008,16,2.0218505859375
geco22,2009,16,1.912353515625
geco22,2010,16,1.85516357421875
geco22,2011,16,1.77001953125
geco22,2012,16,1.98626708984375
geco22,2013,16,2.0281982421875
geco22,2014,16,1.80926513671875
geco22,2015,16,2.26806640625
geco22,2016,16,2.041259765625
geco22,2017,16,1.9930419921875
geco22,2018,16,1.907958984375
geco22,2019,16,1.91943359375
geco22,2020,16,1.85430908203125
geco22,2021,16,2.0238037109375
geco22,2022,16,1.93731689453125
geco22,2023,16,1.83551025390625
geco22,2024,16,1.830078125
geco22,2025,16,2.19573974609375
geco22,2026,16,1.936553955078125
geco22,2027,16,1.906768798828125
geco22,2028,16,2.091796875
geco22,2029,16,1.906982421875
geco22,2030,16,2.0069580078125
geco22,2031,16,2.0687255859375
geco22,2032,16,2.109375
geco22,2033,16,2.02886962890625
geco22,2034,16,1.8406982421875
geco22,2035,16,1.9407958984375
geco22,2036,16,1.936767578125
geco22,2037,16,1.98626708984375
geco22,2038,16,1.8197021484375
geco22,2039,16,2.014404296875
geco22,2040,16,2.06683349609375
geco22,2041,16,2.1319580078125
geco22,2042,16,1.93121337890625
geco22,2043,16,2.12567138671875
geco22,2044,16,1.93377685546875
geco22,2045,16,1.97882080078125
geco22,2046,16,1.85205078125
geco22,2047,16,2.060546875
geco22,2048,16,1.92559814453125
geco22,2049,16,1.82513427734375
geco22,2050,16,1.82745361328125
geco22,2051,16,2.09625244140625
geco22,2052,16,1.733154296875
geco22,2053,16,1.965576171875
geco22,2054,16,1.84197998046875
geco22,2055,16,1.94122314453125
geco22,2056,16,1.9532470703125
geco22,2057,16,2.00927734375
geco22,2058,16,1.92498779296875
geco22,2059,16,1.75311279296875
geco22,2060,16,1.80224609375
geco22,2061,16,1.77374267578125
geco22,2062,16,1.8953857421875
geco22,2063,16,1.89398193359375
geco22,2064,16,1.90069580078125
geco22,2065,16,1.99371337890625
geco22,2066,16,1.8973388671875
geco22,2067,16,1.98956298828125
geco22,2068,16,1.72503662109375
geco22,2069,16,1.8487548828125
geco22,2070,16,1.9688720703125
geco22,2071,16,1.805389404296875
geco22,2072,16,1.87042236328125
geco22,2073,16,1.846435546875
geco22,2074,16,1.925537109375
geco22,2075,16,2.10888671875
geco22,2076,16,1.94500732421875
geco22,2077,16,1.98565673828125
geco22,2078,16,1.931884765625
geco22,2079,16,1.77569580078125
geco22,2080,16,1.8619384765625
geco22,2081,16,1.9600830078125
geco22,2082,16,1.824462890625
geco22,2083,16,2.10205078125
geco22,2084,16,2.01934814453125
geco22,2085,16,2.0079345703125
geco22,2086,16,2.0
geco22,2087,16,2.13116455078125
geco22,2088,16,1.81964111328125
geco22,2089,16,2.0799560546875
geco22,2090,16,2.12127685546875
geco22,2091,16,1.9036865234375
geco22,2092,16,2.04876708984375
geco22,2093,16,1.95794677734375
geco22,2094,16,1.93914794921875
geco22,2095,16,1.94818115234375
geco22,2096,16,1.86767578125
geco22,2097,16,1.67376708984375
geco22,2098,16,2.0048828125
geco22,2099,16,2.04315185546875
geco22,2100,16,1.9320068359375
geco22,2101,16,2.04364013671875
geco22,2102,16,1.871337890625
geco22,2103,16,1.95751953125
geco22,2104,16,2.27313232421875
geco22,2105,16,2.01495361328125
geco22,2106,16,2.20489501953125
geco22,2107,16,1.9814453125
geco22,2108,16,1.90740966796875
geco22,2109,16,1.84954833984375
geco22,2110,16,1.8349609375
geco22,2111,16,2.005615234375
geco22,2112,16,2.1231689453125
geco22,2113,16,1.78314208984375
geco22,2114,16,1.99755859375
geco22,2115,16,2.07940673828125
geco22,2116,16,1.814208984375
geco22,2117,16,2.09259033203125
geco22,2118,16,2.001220703125
geco22,2119,16,1.94622802734375
geco22,2120,16,2.036865234375
geco22,2121,16,1.95379638671875
geco22,2122,16,2.01678466796875
geco22,2123,16,1.969482421875
geco22,2124,16,1.7481689453125
geco22,2125,16,1.86212158203125
geco22,2126,16,1.94903564453125
geco22,2127,16,1.89068603515625
geco22,2128,16,1.8974609375
geco22,2129,16,1.9244384765625
geco22,2130,16,1.86309814453125
geco22,2131,16,1.782989501953125
geco22,2132,16,1.9742431640625
geco22,2133,16,1.89056396484375
geco22,2134,16,1.821929931640625
geco22,2135,16,1.81640625
geco22,2136,16,1.7974853515625
geco22,2137,16,1.9161376953125
geco22,2138,16,1.96087646484375
geco22,2139,16,1.80316162109375
geco22,2140,16,2.05438232421875
geco22,2141,16,1.71746826171875
geco22,2142,16,1.91229248046875
geco22,2143,16,1.67169189453125
geco22,2144,16,1.7442626953125
geco22,2145,16,1.8463134765625
geco22,2146,16,1.8343505859375
geco22,2147,16,1.955078125
geco22,2148,16,2.0255126953125
geco22,2149,16,2.02490234375
geco22,2150,16,2.12994384765625
geco22,2151,16,2.03997802734375
geco22,2152,16,1.99945068359375
geco22,2153,16,2.03009033203125
geco22,2154,16,1.76123046875
geco22,2155,16,2.03955078125
geco22,2156,16,1.92376708984375
geco22,2157,16,1.85986328125
geco22,2158,16,2.042083740234375
geco22,2159,16,1.7637939453125
geco22,2160,16,1.77508544921875
geco22,2161,16,2.02374267578125
geco22,2162,16,1.988037109375
geco22,2163,16,2.1080322265625
geco22,2164,16,2.04058837890625
geco22,2165,16,1.86065673828125
geco22,2166,16,2.16229248046875
geco22,2167,16,2.0050048828125
geco22,2168,16,1.9954833984375
geco22,2169,16,2.17877197265625
geco22,2170,16,1.9393310546875
geco22,2171,16,1.75286865234375
geco22,2172,16,2.0029296875
geco22,2173,16,1.74139404296875
geco22,2174,16,1.99993896484375
geco22,2175,16,1.9453125
geco22,2176,16,1.983154296875
geco22,2177,16,1.962646484375
geco22,2178,16,1.8016357421875
geco22,2179,16,1.84295654296875
geco22,2180,16,1.967529296875
geco22,2181,16,1.88446044921875
geco22,2182,16,1.84063720703125
geco22,2183,16,1.92138671875
geco22,2184,16,1.97308349609375
geco22,2185,16,1.85260009765625
geco22,2186,16,1.799102783203125
geco22,2187,16,1.82122802734375
geco22,2188,16,1.86297607421875
geco22,2189,16,2.01910400390625
geco22,2190,16,1.6348876953125
geco22,2191,16,1.87744140625
geco22,2192,16,2.04571533203125
geco22,2193,16,2.00628662109375
geco22,2194,16,1.71319580078125
geco22,2195,16,1.99920654296875
geco22,2196,16,1.87176513671875
geco22,2197,16,1.7037353515625
geco22,2198,16,1.9332275390625
geco22,2199,16,1.912109375
geco22,2200,16,2.03759765625
geco22,2201,16,1.959228515625
geco22,2202,16,1.81689453125
geco22,2203,16,1.90179443359375
geco22,2204,16,1.8153076171875
geco22,2205,16,1.826904296875
geco22,2206,16,1.90948486328125
geco22,2207,16,1.80804443359375
geco22,2208,16,1.78485107421875
geco22,2209,16,1.94500732421875
geco22,2210,16,1.9188232421875
geco22,2211,16,1.9354248046875
geco22,2212,16,1.919677734375
geco22,2213,16,2.00048828125
geco22,2214,16,1.892974853515625
geco22,2215,16,1.98876953125
geco22,2216,16,1.89239501953125
geco22,2217,16,1.771728515625
geco22,2218,16,1.949798583984375
geco22,2219,16,1.95819091796875
geco22,2220,16,1.683380126953125
geco22,2221,16,1.91741943359375
geco22,2222,16,1.79437255859375
geco22,2223,16,1.73846435546875
geco22,2224,16,2.24310302734375
geco22,2225,16,1.84698486328125
geco22,2226,16,1.7987060546875
geco22,2227,16,1.91253662109375
geco22,2228,16,1.88555908203125
geco22,2229,16,2.15203857421875
geco22,2230,16,1.84686279296875
geco22,2231,16,2.02313232421875
geco22,2232,16,2.01123046875
geco22,2233,16,1.77374267578125
geco22,2234,16,1.909423828125
geco22,2235,16,2.0311279296875
geco22,2236,16,1.9849853515625
geco22,2237,16,2.141815185546875
geco22,2238,16,1.69683837890625
geco22,2239,16,1.97540283203125
geco22,2240,16,2.09991455078125
geco22,2241,16,1.92620849609375
geco22,2242,16,1.96685791015625
geco22,2243,16,1.8438720703125
geco22,2244,16,1.93292236328125
geco22,2245,16,1.68939208984375
geco22,2246,16,1.95953369140625
geco22,2247,16,2.07421875
geco22,2248,16,1.84942626953125
geco22,2249,16,1.99359130859375
geco22,2250,16,1.9033203125
geco22,2251,16,2.1806640625
geco22,2252,16,1.9019775390625
geco22,2253,16,1.83380126953125
geco22,2254,16,1.8756103515625
geco22,2255,16,1.9644775390625
geco22,2256,16,2.078125
geco22,2257,16,1.87548828125
geco22,2258,16,1.825164794921875
geco22,2259,16,2.12701416015625
geco22,2260,16,1.93511962890625
geco22,2261,16,1.74432373046875
geco22,2262,16,1.91339111328125
geco22,2263,16,1.784423828125
geco22,2264,16,1.76654052734375
geco22,2265,16,1.94927978515625
geco22,2266,16,1.96246337890625
geco22,2267,16,2.12664794921875
geco22,2268,16,1.8111572265625
geco22,2269,16,1.99017333984375
geco22,2270,16,1.77362060546875
geco22,2271,16,1.89495849609375
geco22,2272,16,1.9161376953125
geco22,2273,16,2.001953125
geco22,2274,16,2.01519775390625
geco22,2275,16,1.76739501953125
geco22,2276,16,1.888671875
geco22,2277,16,2.02001953125
geco22,2278,16,1.82952880859375
geco22,2279,16,1.892578125
geco22,2280,16,2.0159912109375
geco22,2281,16,1.891998291015625
geco22,2282,16,1.8448486328125
geco22,2283,16,1.98736572265625
geco22,2284,16,1.98175048828125
geco22,2285,16,1.7811279296875
geco22,2286,16,2.15869140625
geco22,2287,16,2.11492919921875
geco22,2288,16,1.98736572265625
geco22,2289,16,1.87359619140625
geco22,2290,16,1.8843994140625
geco22,2291,16,1.93756103515625
geco22,2292,16,1.8389892578125
geco22,2293,16,2.01519775390625
geco22,2294,16,1.92938232421875
geco22,2295,16,1.876708984375
geco22,2296,16,1.823333740234375
geco22,2297,16,2.0054931640625
geco22,2298,16,1.847137451171875
geco22,2299,16,1.8638916015625
geco22,2300,16,2.00244140625
geco22,2301,16,1.955078125
geco22,2302,16,1.91552734375
geco22,2303,16,1.83001708984375
geco22,2304,16,1.7742919921875
geco22,2305,16,1.9322509765625
geco22,2306,16,1.99884033203125
geco22,2307,16,1.89495849609375
geco22,2308,16,1.81005859375
geco22,2309,16,2.0762939453125
geco22,2310,16,1.8944091796875
geco22,2311,16,1.97943115234375
geco22,2312,16,1.722259521484375
geco22,2313,16,1.80621337890625
geco22,2314,16,2.04742431640625
geco22,2315,16,1.94549560546875
geco22,2316,16,1.7681884765625
geco22,2317,16,1.8551025390625
geco22,2318,16,2.12249755859375
geco22,2319,16,1.75634765625
geco22,2320,16,2.08001708984375
geco22,2321,16,2.1075439453125
geco22,2322,16,1.7598876953125
geco22,2323,16,2.11614990234375
geco22,2324,16,1.7186279296875
geco22,2325,16,1.87127685546875
geco22,2326,16,1.91815185546875
geco22,2327,16,1.8837890625
geco22,2328,16,1.9879150390625
geco22,2329,16,1.84442138671875
geco22,2330,16,1.81201171875
geco22,2331,16,2.01727294921875
geco22,2332,16,1.95745849609375
geco22,2333,16,1.87310791015625
geco22,2334,16,1.99078369140625
geco22,2335,16,1.8447265625
geco22,2336,16,1.98394775390625
geco22,2337,16,2.0400390625
geco22,2338,16,2.0684814453125
geco22,2339,16,1.94805908203125
geco22,2340,16,2.0538330078125
geco22,2341,16,1.803131103515625
geco22,2342,16,1.92498779296875
geco22,2343,16,1.73114013671875
geco22,2344,16,1.845703125
geco22,2345,16,2.0145263671875
geco22,2346,16,1.890045166015625
geco22,2347,16,1.80059814453125
geco22,2348,16,1.85516357421875
geco22,2349,16,1.743896484375
geco22,2350,16,2.01202392578125
geco22,2351,16,1.77392578125
geco22,2352,16,1.8931884765625
geco22,2353,16,1.71307373046875
geco22,2354,16,1.99249267578125
geco22,2355,16,1.8668212890625
geco22,2356,16,2.1837158203125
geco22,2357,16,2.04608154296875
geco22,2358,16,1.93359375
geco22,2359,16,1.796600341796875
geco22,2360,16,1.87493896484375
geco22,2361,16,2.06243896484375
geco22,2362,16,2.16107177734375
geco22,2363,16,1.84881591796875
geco22,2364,16,1.86810302734375
geco22,2365,16,1.83941650390625
geco22,2366,16,1.99151611328125
geco22,2367,16,1.744720458984375
geco22,2368,16,1.820556640625
geco22,2369,16,1.91766357421875
geco22,2370,16,1.89678955078125
geco22,2371,16,1.94757080078125
geco22,2372,16,1.77752685546875
geco22,2373,16,1.79742431640625
geco22,2374,16,2.02496337890625
geco22,2375,16,1.98248291015625
geco22,2376,16,2.07171630859375
geco22,2377,16,2.2254638671875
geco22,2378,16,1.896240234375
geco22,2379,16,1.86175537109375
geco22,2380,16,2.057373046875
geco22,2381,16,1.810882568359375
geco22,2382,16,1.92315673828125
geco22,2383,16,1.9005126953125
geco22,2384,16,1.97686767578125
geco22,2385,16,1.9837646484375
geco22,2386,16,2.01202392578125
geco22,2387,16,1.873779296875
geco22,2388,16,1.8587646484375
geco22,2389,16,1.96307373046875
geco22,2390,16,1.93878173828125
geco22,2391,16,1.83734130859375
geco22,2392,16,1.911895751953125
geco22,2393,16,1.959716796875
geco22,2394,16,2.06072998046875
geco22,2395,16,1.89056396484375
geco22,2396,16,1.76751708984375
geco22,2397,16,1.771392822265625
geco22,2398,16,1.875732421875
geco22,2399,16,1.9173583984375
geco22,2400,16,1.95074462890625
geco22,2401,16,1.92303466796875
geco22,2402,16,1.75396728515625
geco22,2403,16,2.14410400390625
geco22,2404,16,2.1068115234375
geco22,2405,16,1.6614990234375
geco22,2406,16,2.0224609375
geco22,2407,16,2.03265380859375
geco22,2408,16,1.90557861328125
geco22,2409,16,1.7313232421875
geco22,2410,16,2.05328369140625
geco22,2411,16,1.99615478515625
geco22,2412,16,1.760986328125
geco22,2413,16,2.0250244140625
geco22,2414,16,2.05926513671875
geco22,2415,16,1.85174560546875
geco22,2416,16,2.07073974609375
geco22,2417,16,1.9918212890625
geco22,2418,16,1.9151611328125
geco22,2419,16,2.029937744140625
geco22,2420,16,1.93695068359375
geco22,2421,16,1.89239501953125
geco22,2422,16,1.8555908203125
geco22,2423,16,2.0380859375
geco22,2424,16,2.03131103515625
geco22,2425,16,1.92742919921875
geco22,2426,16,2.094482421875
geco22,2427,16,2.09234619140625
geco22,2428,16,1.76678466796875
geco22,2429,16,1.99505615234375
geco22,2430,16,1.707977294921875
geco22,2431,16,2.0355224609375
geco22,2432,16,1.8330078125
geco22,2433,16,1.9256591796875
geco22,2434,16,1.81988525390625
geco22,2435,16,1.7938232421875
geco22,2436,16,1.88177490234375
geco22,2437,16,2.06573486328125
geco22,2438,16,2.01373291015625
geco22,2439,16,2.16748046875
geco22,2440,16,2.1925048828125
geco22,2441,16,1.871826171875
geco22,2442,16,1.79071044921875
geco22,2443,16,2.06060791015625
geco22,2444,16,1.83624267578125
geco22,2445,16,1.86175537109375
geco22,2446,16,1.87872314453125
geco22,2447,16,1.92364501953125
geco22,2448,16,1.8638916015625
geco22,2449,16,2.07861328125
geco22,2450,16,1.7794189453125
geco22,2451,16,1.918212890625
geco22,2452,16,1.7587890625
geco22,2453,16,2.0704345703125
geco22,2454,16,2.061279296875
geco22,2455,16,2.0406494140625
geco22,2456,16,1.72491455078125
geco22,2457,16,1.898681640625
geco22,2458,16,1.9647216796875
geco22,2459,16,1.84564208984375
geco22,2460,16,1.82806396484375
geco22,2461,16,1.90692138671875
geco22,2462,16,1.9498291015625
geco22,2463,16,1.89739990234375
geco22,2464,16,1.8599853515625
geco22,2465,16,1.85064697265625
geco22,2466,16,2.02508544921875
geco22,2467,16,2.0770263671875
geco22,2468,16,1.77508544921875
geco22,2469,16,1.9405517578125
geco22,2470,16,1.9525146484375
geco22,2471,16,1.9794921875
geco22,2472,16,2.00506591796875
geco22,2473,16,1.98431396484375
geco22,2474,16,2.02313232421875
geco22,2475,16,2.0919189453125
geco22,2476,16,1.9849853515625
geco22,2477,16,1.67047119140625
geco22,2478,16,1.964111328125
geco22,2479,16,1.87054443359375
geco22,2480,16,1.82366943359375
geco22,2481,16,1.749267578125
geco22,2482,16,1.9429931640625
geco22,2483,16,1.981689453125
geco22,2484,16,1.99365234375
geco22,2485,16,1.81695556640625
geco22,2486,16,2.09228515625
geco22,2487,16,1.95318603515625
geco22,2488,16,1.764404296875
geco22,2489,16,1.98486328125
geco22,2490,16,2.11865234375
geco22,2491,16,1.933258056640625
geco22,2492,16,1.87353515625
geco22,2493,16,1.85858154296875
geco22,2494,16,1.68255615234375
geco22,2495,16,1.96875
geco22,2496,16,1.6400146484375
geco22,2497,16,1.96942138671875
geco22,2498,16,1.78192138671875
geco22,2499,16,1.9600830078125
geco22,2500,16,2.12554931640625
geco22,2501,16,1.718231201171875
geco22,2502,16,1.76080322265625
geco22,2503,16,2.19488525390625
geco22,2504,16,1.84454345703125
geco22,2505,16,1.80450439453125
geco22,2506,16,1.92498779296875
geco22,2507,16,2.0042724609375
geco22,2508,16,1.9375
geco22,2509,16,1.72540283203125
geco22,2510,16,1.91168212890625
geco22,2511,16,2.14581298828125
geco22,2512,16,1.79425048828125
geco22,2513,16,1.754669189453125
geco22,2514,16,1.80120849609375
geco22,2515,16,1.89422607421875
geco22,2516,16,1.83721923828125
geco22,2517,16,1.768798828125
geco22,2518,16,1.914794921875
geco22,2519,16,1.91204833984375
geco22,2520,16,1.985107421875
geco22,2521,16,1.83319091796875
geco22,2522,16,1.66815185546875
geco22,2523,16,1.98699951171875
geco22,2524,16,2.17236328125
geco22,2525,16,1.95257568359375
geco22,2526,16,1.75
geco22,2527,16,2.1407470703125
geco22,2528,16,1.86199951171875
geco22,2529,16,2.00921630859375
geco22,2530,16,1.96881103515625
geco22,2531,16,1.91815185546875
geco22,2532,16,2.06951904296875
geco22,2533,16,1.953643798828125
geco22,2534,16,1.7462158203125
geco22,2535,16,1.92803955078125
geco22,2536,16,1.73895263671875
geco22,2537,16,1.86376953125
geco22,2538,16,1.92803955078125
geco22,2539,16,1.8199462890625
geco22,2540,16,2.018310546875
geco22,2541,16,1.8837890625
geco22,2542,16,1.89996337890625
geco22,2543,16,1.8450927734375
geco22,2544,16,1.94964599609375
geco22,2545,16,1.7806396484375
geco22,2546,16,1.90179443359375
geco22,2547,16,2.018402099609375
geco22,2548,16,1.96820068359375
geco22,2549,16,1.86614990234375
geco22,2550,16,1.8505859375
geco22,2551,16,1.87738037109375
geco22,2552,16,1.923095703125
geco22,2553,16,1.89752197265625
geco22,2554,16,1.92864990234375
geco22,2555,16,2.12322998046875
geco22,2556,16,1.78997802734375
geco22,2557,16,2.10821533203125
geco22,2558,16,1.95440673828125
geco22,2559,16,1.996337890625
geco22,2560,16,2.05572509765625
geco22,2561,16,1.93450927734375
geco22,2562,16,2.03662109375
geco22,2563,16,1.96112060546875
geco22,2564,16,1.86431884765625
geco22,2565,16,1.9168701171875
geco22,2566,16,2.0662841796875
geco22,2567,16,2.205078125
geco22,2568,16,1.7349853515625
geco22,2569,16,1.8900146484375
geco22,2570,16,2.101318359375
geco22,2571,16,1.9476318359375
geco22,2572,16,2.04302978515625
geco22,2573,16,2.03753662109375
geco22,2574,16,1.98394775390625
geco22,2575,16,1.84747314453125
geco22,2576,16,1.6968994140625
geco22,2577,16,2.06365966796875
geco22,2578,16,2.09674072265625
geco22,2579,16,1.8724365234375
geco22,2580,16,2.104248046875
geco22,2581,16,1.85760498046875
geco22,2582,16,1.88446044921875
geco22,2583,16,1.929443359375
geco22,2584,16,1.94183349609375
geco22,2585,16,2.001220703125
geco22,2586,16,1.93743896484375
geco22,2587,16,1.900634765625
geco22,2588,16,1.942138671875
geco22,2589,16,1.9000244140625
geco22,2590,16,1.99066162109375
geco22,2591,16,1.9376220703125
geco22,2592,16,1.86572265625
geco22,2593,16,1.8099365234375
geco22,2594,16,1.8743896484375
geco22,2595,16,1.707794189453125
geco22,2596,16,1.92681884765625
geco22,2597,16,1.81298828125
geco22,2598,16,2.11737060546875
geco22,2599,16,2.20880126953125
geco22,2600,16,2.03076171875
geco22,2601,16,2.1361083984375
geco22,2602,16,2.04302978515625
geco22,2603,16,1.80255126953125
geco22,2604,16,1.86248779296875
geco22,2605,16,1.95867919921875
geco22,2606,16,1.788330078125
geco22,2607,16,2.09429931640625
geco22,2608,16,1.958251953125
geco22,2609,16,2.0623779296875
geco22,2610,16,1.83648681640625
geco22,2611,16,1.82855224609375
geco22,2612,16,1.73175048828125
geco22,2613,16,2.004241943359375
geco22,2614,16,1.9775390625
geco22,2615,16,2.09173583984375
geco22,2616,16,1.86004638671875
geco22,2617,16,1.89263916015625
geco22,2618,16,2.00054931640625
geco22,2619,16,2.01739501953125
geco22,2620,16,1.91943359375
geco22,2621,16,2.11669921875
geco22,2622,16,1.6348876953125
geco22,2623,16,1.938720703125
geco22,2624,16,1.9605712890625
geco22,2625,16,1.94635009765625
geco22,2626,16,1.86871337890625
geco22,2627,16,2.02252197265625
geco22,2628,16,2.16552734375
geco22,2629,16,1.97552490234375
geco22,2630,16,1.83746337890625
geco22,2631,16,2.02813720703125
geco22,2632,16,2.005126953125
geco22,2633,16,1.80267333984375
geco22,2634,16,2.16558837890625
geco22,2635,16,2.0380859375
geco22,2636,16,1.93621826171875
geco22,2637,16,2.0006103515625
geco22,2638,16,1.82373046875
geco22,2639,16,1.96075439453125
geco22,2640,16,1.87677001953125
geco22,2641,16,1.83172607421875
geco22,2642,16,1.69873046875
geco22,2643,16,1.99249267578125
geco22,2644,16,1.8948974609375
geco22,2645,16,1.9969482421875
geco22,2646,16,2.1756591796875
geco22,2647,16,1.96990966796875
geco22,2648,16,1.93145751953125
geco22,2649,16,1.98187255859375
geco22,2650,16,1.890625
geco22,2651,16,2.0938720703125
geco22,2652,16,1.989501953125
geco22,2653,16,1.9599609375
geco22,2654,16,1.96856689453125
geco22,2655,16,1.873046875
geco22,2656,16,2.1199951171875
geco22,2657,16,2.01239013671875
geco22,2658,16,1.80499267578125
geco22,2659,16,1.927490234375
geco22,2660,16,1.836029052734375
geco22,2661,16,2.168701171875
geco22,2662,16,1.91070556640625
geco22,2663,16,1.831298828125
geco22,2664,16,1.8966064453125
geco22,2665,16,1.87884521484375
geco22,2666,16,1.88482666015625
geco22,2667,16,1.85430908203125
geco22,2668,16,1.98309326171875
geco22,2669,16,1.839691162109375
geco22,2670,16,1.9725341796875
geco22,2671,16,1.8087158203125
geco22,2672,16,1.98553466796875
geco22,2673,16,1.9761962890625
geco22,2674,16,1.8831787109375
geco22,2675,16,1.78692626953125
geco22,2676,16,1.99761962890625
geco22,2677,16,2.16571044921875
geco22,2678,16,1.83746337890625
geco22,2679,16,1.9830322265625
geco22,2680,16,1.966064453125
geco22,2681,16,1.77642822265625
geco22,2682,16,1.7000732421875
geco22,2683,16,2.02606201171875
geco22,2684,16,1.77423095703125
geco22,2685,16,1.92486572265625
geco22,2686,16,1.84124755859375
geco22,2687,16,1.65704345703125
geco22,2688,16,2.11431884765625
geco22,2689,16,1.85076904296875
geco22,2690,16,2.135498046875
geco22,2691,16,1.936279296875
geco22,2692,16,1.851318359375
geco22,2693,16,1.979248046875
geco22,2694,16,1.804443359375
geco22,2695,16,1.9993896484375
geco22,2696,16,2.0238037109375
geco22,2697,16,1.85498046875
geco22,2698,16,2.10211181640625
geco22,2699,16,2.03485107421875
geco22,2700,16,2.099151611328125
geco22,2701,16,2.108154296875
geco22,2702,16,2.10498046875
geco22,2703,16,1.96063232421875
geco22,2704,16,1.913818359375
geco22,2705,16,1.7274169921875
geco22,2706,16,1.9561767578125
geco22,2707,16,2.171875
geco22,2708,16,1.9871826171875
geco22,2709,16,1.93646240234375
geco22,2710,16,1.88946533203125
geco22,2711,16,1.9375
geco22,2712,16,1.96240234375
geco22,2713,16,1.9111328125
geco22,2714,16,1.840576171875
geco22,2715,16,1.95379638671875
geco22,2716,16,1.9300537109375
geco22,2717,16,1.8079833984375
geco22,2718,16,1.7462158203125
geco22,2719,16,1.97564697265625
geco22,2720,16,2.0811767578125
geco22,2721,16,2.0736083984375
geco22,2722,16,1.84808349609375
geco22,2723,16,1.97491455078125
geco22,2724,16,1.92645263671875
geco22,2725,16,1.93389892578125
geco22,2726,16,1.80877685546875
geco22,2727,16,1.77880859375
geco22,2728,16,1.9188232421875
geco22,2729,16,1.87890625
geco22,2730,16,1.984375
geco22,2731,16,2.04052734375
geco22,2732,16,1.85125732421875
geco22,2733,16,1.6806640625
geco22,2734,16,1.862548828125
geco22,2735,16,1.911773681640625
geco22,2736,16,1.902587890625
geco22,2737,16,2.11871337890625
geco22,2738,16,1.976318359375
geco22,2739,16,1.74908447265625
geco22,2740,16,1.936767578125
geco22,2741,16,1.8912353515625
geco22,2742,16,1.800048828125
geco22,2743,16,1.90692138671875
geco22,2744,16,1.9488525390625
geco22,2745,16,1.858306884765625
geco22,2746,16,2.052490234375
geco22,2747,16,1.89678955078125
geco22,2748,16,1.6951904296875
geco22,2749,16,1.94049072265625
geco22,2750,16,1.80419921875
geco22,2751,16,1.8519287109375
geco22,2752,16,1.9244384765625
geco22,2753,16,1.64605712890625
geco22,2754,16,1.87554931640625
geco22,2755,16,1.93939208984375
geco22,2756,16,2.12066650390625
geco22,2757,16,2.01129150390625
geco22,2758,16,1.96514892578125
geco22,2759,16,1.9625244140625
geco22,2760,16,2.0469970703125
geco22,2761,16,2.08306884765625
geco22,2762,16,1.8887939453125
geco22,2763,16,1.823333740234375
geco22,2764,16,1.8629150390625
geco22,2765,16,2.03985595703125
geco22,2766,16,1.9654541015625
geco22,2767,16,2.04754638671875
geco22,2768,16,1.86260986328125
geco22,2769,16,2.11444091796875
geco22,2770,16,2.03240966796875
geco22,2771,16,1.9176025390625
geco22,2772,16,2.01995849609375
geco22,2773,16,1.77496337890625
geco22,2774,16,1.9332275390625
geco22,2775,16,1.72857666015625
geco22,2776,16,2.09063720703125
geco22,2777,16,1.927825927734375
geco22,2778,16,1.90753173828125
geco22,2779,16,2.00128173828125
geco22,2780,16,1.902801513671875
geco22,2781,16,1.92987060546875
geco22,2782,16,2.04571533203125
geco22,2783,16,1.95501708984375
geco22,2784,16,2.11065673828125
geco22,2785,16,1.97991943359375
geco22,2786,16,1.96551513671875
geco22,2787,16,1.83056640625
geco22,2788,16,2.19659423828125
geco22,2789,16,1.77667236328125
geco22,2790,16,1.80487060546875
geco22,2791,16,1.89862060546875
geco22,2792,16,1.9105224609375
geco22,2793,16,1.89569091796875
geco22,2794,16,1.89422607421875
geco22,2795,16,1.90875244140625
geco22,2796,16,1.80810546875
geco22,2797,16,2.00872802734375
geco22,2798,16,1.73687744140625
geco22,2799,16,1.8280029296875
geco22,2800,16,2.11627197265625
geco22,2801,16,1.986541748046875
geco22,2802,16,1.831207275390625
geco22,2803,16,2.0594482421875
geco22,2804,16,1.87335205078125
geco22,2805,16,1.903076171875
geco22,2806,16,2.11566162109375
geco22,2807,16,1.93756103515625
geco22,2808,16,2.1312255859375
geco22,2809,16,1.967742919921875
geco22,2810,16,1.85247802734375
geco22,2811,16,1.87860107421875
geco22,2812,16,2.0533447265625
geco22,2813,16,1.91119384765625
geco22,2814,16,2.13763427734375
geco22,2815,16,1.76556396484375
geco22,2816,16,1.806396484375
geco22,2817,16,2.00115966796875
geco22,2818,16,1.6912841796875
geco22,2819,16,1.83746337890625
geco22,2820,16,1.9974365234375
geco22,2821,16,2.01373291015625
geco22,2822,16,1.89892578125
geco22,2823,16,2.0537109375
geco22,2824,16,1.91058349609375
geco22,2825,16,1.73590087890625
geco22,2826,16,1.885009765625
geco22,2827,16,1.9752197265625
geco22,2828,16,1.80181884765625
geco22,2829,16,1.9200439453125
geco22,2830,16,2.030029296875
geco22,2831,16,1.7412109375
geco22,2832,16,1.91180419921875
geco22,2833,16,2.320068359375
geco22,2834,16,1.78558349609375
geco22,2835,16,2.0155029296875
geco22,2836,16,2.1861572265625
geco22,2837,16,1.876953125
geco22,2838,16,2.0089111328125
geco22,2839,16,1.95989990234375
geco22,2840,16,1.798095703125
geco22,2841,16,1.78497314453125
geco22,2842,16,1.93060302734375
geco22,2843,16,1.86431884765625
geco22,2844,16,1.9326171875
geco22,2845,16,2.02569580078125
geco22,2846,16,2.0107421875
geco22,2847,16,1.95758056640625
geco22,2848,16,1.8529052734375
geco22,2849,16,1.881103515625
geco22,2850,16,2.0137939453125
geco22,2851,16,1.93017578125
geco22,2852,16,2.03515625
geco22,2853,16,1.91815185546875
geco22,2854,16,1.89935302734375
geco22,2855,16,1.83197021484375
geco22,2856,16,2.00067138671875
geco22,2857,16,2.09613037109375
geco22,2858,16,1.93560791015625
geco22,2859,16,1.86309814453125
geco22,2860,16,2.1331787109375
geco22,2861,16,1.9686279296875
geco22,2862,16,1.94744873046875
geco22,2863,16,1.7393798828125
geco22,2864,16,1.93304443359375
geco22,2865,16,1.830902099609375
geco22,2866,16,2.0286865234375
geco22,2867,16,1.84112548828125
geco22,2868,16,1.9193115234375
geco22,2869,16,2.04827880859375
geco22,2870,16,1.7625732421875
geco22,2871,16,1.838134765625
geco22,2872,16,2.07183837890625
geco22,2873,16,1.91046142578125
geco22,2874,16,1.91253662109375
geco22,2875,16,2.074951171875
geco22,2876,16,1.9425048828125
geco22,2877,16,1.955078125
geco22,2878,16,2.1300048828125
geco22,2879,16,1.76446533203125
geco22,2880,16,1.8656005859375
geco22,2881,16,2.39080810546875
geco22,2882,16,1.797271728515625
geco22,2883,16,1.9293212890625
geco22,2884,16,2.01190185546875
geco22,2885,16,1.95697021484375
geco22,2886,16,1.78070068359375
geco22,2887,16,1.866943359375
geco22,2888,16,1.85693359375
geco22,2889,16,1.85369873046875
geco22,2890,16,1.90301513671875
geco22,2891,16,1.9793701171875
geco22,2892,16,1.9361572265625
geco22,2893,16,1.85247802734375
geco22,2894,16,2.0537109375
geco22,2895,16,1.95928955078125
geco22,2896,16,1.78948974609375
geco22,2897,16,1.8936767578125
geco22,2898,16,1.985687255859375
geco22,2899,16,1.81927490234375
geco22,2900,16,1.7469482421875
geco22,2901,16,2.1112060546875
geco22,2902,16,1.98486328125
geco22,2903,16,1.5400390625
geco22,2904,16,1.8463134765625
geco22,2905,16,2.04248046875
geco22,2906,16,1.72198486328125
geco22,2907,16,1.86370849609375
geco22,2908,16,1.82989501953125
geco22,2909,16,1.805328369140625
geco22,2910,16,1.78497314453125
geco22,2911,16,1.84417724609375
geco22,2912,16,1.66522216796875
geco22,2913,16,2.16180419921875
geco22,2914,16,1.94677734375
geco22,2915,16,1.8118896484375
geco22,2916,16,2.001220703125
geco22,2917,16,2.05499267578125
geco22,2918,16,1.97186279296875
geco22,2919,16,1.9200439453125
geco22,2920,16,1.991943359375
geco22,2921,16,2.07574462890625
geco22,2922,16,1.70599365234375
geco22,2923,16,2.09991455078125
geco22,2924,16,1.93646240234375
geco22,2925,16,1.8375244140625
geco22,2926,16,2.10369873046875
geco22,2927,16,2.07452392578125
geco22,2928,16,1.8992919921875
geco22,2929,16,1.94696044921875
geco22,2930,16,2.15924072265625
geco22,2931,16,2.05926513671875
geco22,2932,16,1.92559814453125
geco22,2933,16,2.07611083984375
geco22,2934,16,2.1004638671875
geco22,2935,16,1.9144287109375
geco22,2936,16,1.9149169921875
geco22,2937,16,2.06689453125
geco22,2938,16,1.988525390625
geco22,2939,16,1.853759765625
geco22,2940,16,1.7991943359375
geco22,2941,16,1.87939453125
geco22,2942,16,1.869049072265625
geco22,2943,16,1.818115234375
geco22,2944,16,2.175048828125
geco22,2945,16,1.800445556640625
geco22,2946,16,2.0531005859375
geco22,2947,16,1.93243408203125
geco22,2948,16,2.0516357421875
geco22,2949,16,1.93060302734375
geco22,2950,16,1.961181640625
geco22,2951,16,2.08123779296875
geco22,2952,16,1.8455810546875
geco22,2953,16,1.9970703125
geco22,2954,16,1.82110595703125
geco22,2955,16,1.8162841796875
geco22,2956,16,1.90252685546875
geco22,2957,16,1.873779296875
geco22,2958,16,1.885498046875
geco22,2959,16,1.883056640625
geco22,2960,16,1.97320556640625
geco22,2961,16,1.88140869140625
geco22,2962,16,2.0198974609375
geco22,2963,16,2.0263671875
geco22,2964,16,2.02630615234375
geco22,2965,16,1.8931884765625
geco22,2966,16,1.7137451171875
geco22,2967,16,2.00762939453125
geco22,2968,16,1.84234619140625
geco22,2969,16,2.01318359375
geco22,2970,16,1.7862548828125
geco22,2971,16,2.00421142578125
geco22,2972,16,1.7742919921875
geco22,2973,16,2.050048828125
geco22,2974,16,1.89434814453125
geco22,2975,16,1.915679931640625
geco22,2976,16,1.73248291015625
geco22,2977,16,1.89862060546875
geco22,2978,16,2.0179443359375
geco22,2979,16,1.72308349609375
geco22,2980,16,1.882080078125
geco22,2981,16,1.9600830078125
geco22,2982,16,1.9468994140625
geco22,2983,16,1.81256103515625
geco22,2984,16,1.8563232421875
geco22,2985,16,1.91748046875
geco22,2986,16,1.9892578125
geco22,2987,16,2.159912109375
geco22,2988,16,1.88067626953125
geco22,2989,16,2.02947998046875
geco22,2990,16,1.95361328125
geco22,2991,16,1.8944091796875
geco22,2992,16,1.9736328125
geco22,2993,16,2.07366943359375
geco22,2994,16,1.81939697265625
geco22,2995,16,2.213165283203125
geco22,2996,16,1.91070556640625
geco22,2997,16,1.85693359375
geco22,2998,16,1.878173828125
geco22,2999,16,2.03875732421875
geco22,3000,16,1.830169677734375
geco22,3001,16,2.01068115234375
geco22,3002,16,1.798095703125
geco22,3003,16,1.76544189453125
geco22,3004,16,1.9261474609375
geco22,3005,16,1.959228515625
geco22,3006,16,1.777984619140625
geco22,3007,16,1.7469482421875
geco22,3008,16,1.7735595703125
geco22,3009,16,1.99615478515625
geco22,3010,16,1.988037109375
geco22,3011,16,1.77984619140625
geco22,3012,16,1.8837890625
geco22,3013,16,1.864227294921875
geco22,3014,16,1.82183837890625
geco22,3015,16,1.951416015625
geco22,3016,16,2.11065673828125
geco22,3017,16,1.96136474609375
geco22,3018,16,1.9898681640625
geco22,3019,16,1.9656982421875
geco22,3020,16,1.8162841796875
geco22,3021,16,1.86676025390625
geco22,3022,16,1.992431640625
geco22,3023,16,2.09930419921875
geco22,3024,16,2.04119873046875
geco22,3025,16,1.78369140625
geco22,3026,16,1.728759765625
geco22,3027,16,1.95343017578125
geco22,3028,16,1.76385498046875
geco22,3029,16,1.92547607421875
geco22,3030,16,1.86358642578125
geco22,3031,16,1.6751708984375
geco22,3032,16,2.04815673828125
geco22,3033,16,1.9705810546875
geco22,3034,16,2.0167236328125
geco22,3035,16,1.677001953125
geco22,3036,16,1.68609619140625
geco22,3037,16,1.90435791015625
geco22,3038,16,2.10614013671875
geco22,3039,16,2.0823974609375
geco22,3040,16,1.96490478515625
geco22,3041,16,1.92864990234375
geco22,3042,16,2.02264404296875
geco22,3043,16,1.9501953125
geco22,3044,16,2.12255859375
geco22,3045,16,2.04583740234375
geco22,3046,16,1.9735107421875
geco22,3047,16,1.82244873046875
geco22,3048,16,1.8779296875
geco22,3049,16,1.90673828125
geco22,3050,16,1.8800048828125
geco22,3051,16,1.9417724609375
geco22,3052,16,2.00372314453125
geco22,3053,16,1.751739501953125
geco22,3054,16,1.8668212890625
geco22,3055,16,2.0032958984375
geco22,3056,16,2.04156494140625
geco22,3057,16,1.690399169921875
geco22,3058,16,1.97308349609375
geco22,3059,16,1.84417724609375
geco22,3060,16,1.99005126953125
geco22,3061,16,2.108154296875
geco22,3062,16,1.91510009765625
geco22,3063,16,1.99859619140625
geco22,3064,16,1.8414306640625
geco22,3065,16,1.8475341796875
geco22,3066,16,1.98370361328125
geco22,3067,16,1.90997314453125
geco22,3068,16,2.08514404296875
geco22,3069,16,1.84796142578125
geco22,3070,16,1.8167724609375
geco22,3071,16,1.93896484375
