model,model_window_position,base_count,mean_bpb
evo21,1,17,1.9505521059036255
evo21,2,17,1.876542413935942
evo21,3,17,1.9165980114656336
evo21,4,17,2.0173981610466454
evo21,5,17,2.0254682582967423
evo21,6,17,1.9311533885843613
evo21,7,17,1.9452585262410782
evo21,8,17,2.1008702446432674
evo21,9,17,2.0363351527382347
evo21,10,17,1.988671954940347
evo21,11,17,2.0215658370186302
evo21,12,17,2.1318625422085034
evo21,13,17,1.945280439713422
evo21,14,17,2.040322135476505
evo21,15,17,1.9229462216882145
evo21,16,17,2.0041000352186313
evo21,17,17,2.0158737407011142
evo21,18,17,1.8351223258411182
evo21,19,17,2.301486702526317
evo21,20,17,2.0283782762639664
evo21,21,17,2.0943595731959626
evo21,22,17,2.001646595842698
evo21,23,17,2.061661061118631
evo21,24,17,1.7983190732843735
evo21,25,17,2.0995664105695835
evo21,26,17,1.8698372209773344
evo21,27,17,1.9414601676604326
evo21,28,17,2.179504289346583
evo21,29,17,1.9544663499383366
evo21,30,17,1.9040120559580185
evo21,31,17,1.8187314482296215
evo21,32,17,1.9132581598618452
evo21,33,17,1.7932850332821118
evo21,34,17,1.9838718947242289
evo21,35,17,2.177574830896714
evo21,36,17,1.7325225788004257
evo21,37,17,1.8513602719587439
evo21,38,17,2.0469751708647785
evo21,39,17,1.725205105893752
evo21,40,17,1.926556390874526
evo21,41,17,2.0960597781574024
evo21,42,17,1.8849237035302555
evo21,43,17,1.9015802460558273
evo21,44,17,1.9791792350656845
evo21,45,17,1.8373680535484762
evo21,46,17,1.908192466287052
evo21,47,17,1.8626902103424072
evo21,48,17,1.812780730864581
evo21,49,17,1.7310186063542086
evo21,50,17,1.9948470802868115
evo21,51,17,1.7619516148286707
evo21,52,17,1.7362466980429256
evo21,53,17,2.0071975658921635
evo21,54,17,1.8976712296990788
evo21,55,17,1.918152532156776
evo21,56,17,1.6990532130002975
evo21,57,17,2.0397349455777336
evo21,58,17,1.766288161277771
evo21,59,17,1.9203284347758574
evo21,60,17,2.0341910684809967
evo21,61,17,1.9893992157543408
evo21,62,17,2.0938591641538284
evo21,63,17,1.9739468728794771
evo21,64,17,1.7792431330856155
evo21,65,17,1.822545418406234
evo21,66,17,1.875651380595039
evo21,67,17,1.9473406006308163
evo21,68,17,1.894000579329098
evo21,69,17,1.964951094459085
evo21,70,17,1.9298299621133244
evo21,71,17,2.1293268414104687
evo21,72,17,1.924923086867613
evo21,73,17,1.6940147526123945
evo21,74,17,1.5890949333415312
evo21,75,17,1.864253612125621
evo21,76,17,1.7582101558937746
evo21,77,17,2.253381438115064
evo21,78,17,1.9949081610230839
evo21,79,17,1.9411210452809053
evo21,80,17,1.9144824042039759
evo21,81,17,1.5737241471514982
evo21,82,17,1.8852777340832878
evo21,83,17,1.7822186900576686
evo21,84,17,1.8577332075904398
evo21,85,17,1.7239348303307505
evo21,86,17,1.8055953543414087
evo21,87,17,2.061596014920403
evo21,88,17,1.9876163987552418
evo21,89,17,1.8469903600566528
evo21,90,17,1.8257255484076107
evo21,91,17,1.7099413623595063
evo21,92,17,1.773212186553899
evo21,93,17,1.8998965235317455
evo21,94,17,1.74307821866344
evo21,95,17,1.7231395705876982
evo21,96,17,1.766801820081823
evo21,97,17,1.7689569614389364
evo21,98,17,1.6835734433330156
evo21,99,17,1.7802671281730427
evo21,100,17,1.866912289577372
evo21,101,17,2.0063940444413353
evo21,102,17,1.8876563591115616
evo21,103,17,1.9676101768718046
evo21,104,17,1.892949086778304
evo21,105,17,1.791546856655794
evo21,106,17,1.7263494148740874
evo21,107,17,1.7595854460206979
evo21,108,17,2.00564206347746
evo21,109,17,1.7735672894427006
evo21,110,17,1.788779820808593
evo21,111,17,1.6683088523500107
evo21,112,17,1.7389837713802563
evo21,113,17,1.8723842466578764
evo21,114,17,1.706527499591603
evo21,115,17,1.7419537900234847
evo21,116,17,1.7905285086701899
evo21,117,17,1.878415212911718
evo21,118,17,1.9574072606423323
evo21,119,17,1.6546664755134022
evo21,120,17,1.8859953319325167
evo21,121,17,1.6761719496811138
evo21,122,17,1.6378738923436578
evo21,123,17,1.8103784673354204
evo21,124,17,1.6931413499748005
evo21,125,17,1.6178434153690058
evo21,126,17,1.965279642273398
evo21,127,17,1.9126760433701908
evo21,128,17,1.8295919527025784
evo21,129,17,1.8037106359706205
evo21,130,17,1.6842040945501888
evo21,131,17,1.662324137547437
evo21,132,17,1.8398221415631912
evo21,133,17,1.951044474454487
evo21,134,17,2.051470153472003
evo21,135,17,1.8102262791465311
evo21,136,17,1.708872931845048
evo21,137,17,1.6651509842451881
evo21,138,17,1.728901109274696
evo21,139,17,1.9941577157553505
evo21,140,17,1.7449538400944542
evo21,141,17,1.7229067297542797
evo21,142,17,1.5427067788208233
evo21,143,17,1.5714852332740146
evo21,144,17,1.8211317456820433
evo21,145,17,1.6519906735595535
evo21,146,17,1.6251192230950384
evo21,147,17,1.8891706361490137
evo21,148,17,1.6952472849036841
evo21,149,17,1.8026920565171167
evo21,150,17,1.540806980255772
evo21,151,17,1.5229052139774841
evo21,152,17,1.6461719598840265
evo21,153,17,1.6527392951881184
evo21,154,17,1.8197729412247152
evo21,155,17,1.9346273392438889
evo21,156,17,1.5106439463355963
evo21,157,17,1.5851921544355505
evo21,158,17,1.7121349818566267
evo21,159,17,1.6711065891911001
evo21,160,17,1.7513740721213467
evo21,161,17,1.806690563721692
evo21,162,17,1.6830298497396357
evo21,163,17,1.7279848287649013
evo21,164,17,1.57840356948402
evo21,165,17,1.730943896314677
evo21,166,17,1.637199855026077
evo21,167,17,1.8026652969693875
evo21,168,17,1.7227256249855547
evo21,169,17,1.892405299579396
evo21,170,17,1.6924722334917854
evo21,171,17,2.021748556810267
evo21,172,17,1.7912057392737444
evo21,173,17,1.9379340918625103
evo21,174,17,1.6841145683737362
evo21,175,17,1.6478551935185404
evo21,176,17,1.9813230039880556
evo21,177,17,1.77076295894735
evo21,178,17,1.749658397234538
evo21,179,17,1.546460121870041
evo21,180,17,2.1947172038695393
evo21,181,17,1.619366225950858
evo21,182,17,1.946699420318884
evo21,183,17,2.0569802312289966
evo21,184,17,2.006450530360727
evo21,185,17,1.7427210299407734
evo21,186,17,1.9207705119076897
evo21,187,17,1.7769386208999682
evo21,188,17,1.6863123320919626
evo21,189,17,1.7048899732968386
evo21,190,17,1.7575731294996597
evo21,191,17,1.6706148009089863
evo21,192,17,1.9706620766836054
evo21,193,17,1.6812979966840322
evo21,194,17,1.7482191311085926
evo21,195,17,1.9004945334266214
evo21,196,17,1.73292661125443
evo21,197,17,1.786766818669789
evo21,198,17,1.6995052379720352
evo21,199,17,1.5216610681484728
evo21,200,17,1.580709919333458
evo21,201,17,1.8270551246755264
evo21,202,17,1.6593159586191177
evo21,203,17,1.5148498323910378
evo21,204,17,1.8506150960045702
evo21,205,17,1.6377967291456812
evo21,206,17,1.63473085248295
evo21,207,17,1.5515728855834288
evo21,208,17,1.6850063976119547
evo21,209,17,1.7477674391942428
evo21,210,17,1.751648822251488
evo21,211,17,1.5430210784954184
evo21,212,17,1.6860756974886446
evo21,213,17,1.6122029620934935
evo21,214,17,1.5295523628592491
evo21,215,17,1.4288723991416834
evo21,216,17,1.6007049072752981
evo21,217,17,1.4066890763009297
evo21,218,17,1.4607485076960396
evo21,219,17,1.6661195316735435
evo21,220,17,1.5051232791122269
evo21,221,17,1.5342449668575735
evo21,222,17,1.7753568081294788
evo21,223,17,1.7956928274840773
evo21,224,17,1.5250104323015823
evo21,225,17,1.719390067326672
evo21,226,17,1.5336498256553621
evo21,227,17,1.5726316746543436
evo21,228,17,1.3876114338636398
evo21,229,17,1.3671145141124725
evo21,230,17,1.4706246054128689
evo21,231,17,1.772329134537893
evo21,232,17,1.5223857694688965
evo21,233,17,1.4356771077933337
evo21,234,17,1.5854831421199966
evo21,235,17,1.8334106802940369
evo21,236,17,1.4935284259126467
evo21,237,17,1.7171255437766804
evo21,238,17,1.8409721391165959
evo21,239,17,2.0541906742488636
evo21,240,17,1.8649409115314484
evo21,241,17,1.8268296508228077
evo21,242,17,1.2607619670384071
evo21,243,17,1.5790859145276688
evo21,244,17,1.3073971701018952
evo21,245,17,1.2164031939909739
evo21,246,17,1.9004103962112875
evo21,247,17,1.4314603209221626
evo21,248,17,1.4838431229376619
evo21,249,17,1.5253414608099882
evo21,250,17,1.5668794528088148
evo21,251,17,1.2634399419321733
evo21,252,17,1.4517475493690546
evo21,253,17,1.7226138425004833
evo21,254,17,1.7048186785815393
evo21,255,17,1.4855252031017752
evo21,256,17,1.832099356195506
evo21,257,17,2.0838230550289154
evo21,258,17,1.6617636803318472
evo21,259,17,1.1807786147384083
evo21,260,17,1.486208462539841
evo21,261,17,1.5594406583729912
evo21,262,17,1.5335303156034035
evo21,263,17,1.4719021340065144
evo21,264,17,1.3581899842795204
evo21,265,17,1.2547859834397541
evo21,266,17,1.3094931336886741
evo21,267,17,1.8455511046683086
evo21,268,17,1.4084746070644434
evo21,269,17,1.4254342738319845
evo21,270,17,1.5080846841720974
evo21,271,17,1.2879594143699198
evo21,272,17,1.5515289867625517
evo21,273,17,2.25869006159551
evo21,274,17,1.6719545835957808
evo21,275,17,1.613910775850801
evo21,276,17,1.6042856065665974
evo21,277,17,1.175999536891194
evo21,278,17,1.577277124804609
evo21,279,17,1.778349659022163
evo21,280,17,1.5997053294935648
evo21,281,17,1.4553969195660423
evo21,282,17,1.6518872371491264
evo21,283,17,1.499580173041014
evo21,284,17,1.5251135676003553
evo21,285,17,1.7573125200236546
evo21,286,17,1.714895078474108
evo21,287,17,1.4172714002266087
evo21,288,17,1.7538409513585709
evo21,289,17,1.4170104510643904
evo21,290,17,1.4258749906302375
evo21,291,17,1.595569006222136
evo21,292,17,1.4694514944053747
evo21,293,17,2.1868822941186785
evo21,294,17,1.4920019908424687
evo21,295,17,1.374454247600892
evo21,296,17,1.6018086820566917
evo21,297,17,1.8069696636760937
evo21,298,17,1.6138828212724012
evo21,299,17,1.5194897739326252
evo21,300,17,1.5530502577038372
evo21,301,17,1.406484664486283
evo21,302,17,1.7447913426577168
evo21,303,17,1.495556133634904
evo21,304,17,1.54564766498173
evo21,305,17,1.7207635233507437
evo21,306,17,1.657356411437778
evo21,307,17,1.5555889063021715
evo21,308,17,1.6471371830386274
evo21,309,17,1.3754577671780306
evo21,310,17,1.2676884393919916
evo21,311,17,1.3465912690495743
evo21,312,17,1.6409058516078137
evo21,313,17,1.2686239342917414
evo21,314,17,1.36465584442896
evo21,315,17,1.303639474160531
evo21,316,17,0.9806405088371214
evo21,317,17,1.5361051579718203
evo21,318,17,1.4097296420265646
evo21,319,17,1.228347016388879
evo21,320,17,1.5536835921161316
evo21,321,17,1.5055675997453577
evo21,322,17,1.5145103063653498
evo21,323,17,1.6736246936180739
evo21,324,17,1.4752127212636612
evo21,325,17,1.8650426251046799
evo21,326,17,1.338787589715246
evo21,327,17,1.5829374343156815
evo21,328,17,1.456781855400871
evo21,329,17,1.438564404790454
evo21,330,17,1.6831062867799227
evo21,331,17,1.378599580596475
evo21,332,17,1.3569920820129269
evo21,333,17,1.7017946734147913
evo21,334,17,1.4348747489206932
evo21,335,17,1.442596207427628
evo21,336,17,1.5763222890741684
evo21,337,17,1.4737648646182873
evo21,338,17,1.258926933960003
evo21,339,17,1.8530755358583786
evo21,340,17,1.3564618343816084
evo21,341,17,1.5275569452958948
evo21,342,17,1.5933195738231434
evo21,343,17,1.3284982769366573
evo21,344,17,1.6154326910481733
evo21,345,17,1.5080507331911255
evo21,346,17,1.9158507638117845
evo21,347,17,1.3253059904364979
evo21,348,17,1.6425933605607819
evo21,349,17,1.289065106169266
evo21,350,17,1.2786747953471016
evo21,351,17,1.6264834080767983
evo21,352,17,1.7020818378557176
evo21,353,17,2.5183640478507563
evo21,354,17,1.8693756110527937
evo21,355,17,1.6613147258758545
evo21,356,17,1.9466900062911652
evo21,357,17,1.6468484261456657
evo21,358,17,1.7061847097733442
evo21,359,17,1.627032425473718
evo21,360,17,1.5395194029106813
evo21,361,17,1.3683592685881782
evo21,362,17,1.3561334645046907
evo21,363,17,1.477791914168526
evo21,364,17,1.442093779278152
evo21,365,17,1.4360926796627396
evo21,366,17,1.5836954378276407
evo21,367,17,1.6655284525717007
evo21,368,17,1.4159250993500738
evo21,369,17,1.5733555485220516
evo21,370,17,1.4752925822840017
evo21,371,17,1.5171958151109077
evo21,372,17,1.5303706816014122
evo21,373,17,1.5210356122868902
evo21,374,17,1.27854537343442
evo21,375,17,1.5778049620635368
evo21,376,17,1.2519310708431637
evo21,377,17,1.5389048483441858
evo21,378,17,1.7032844779245995
evo21,379,17,1.6132475549683851
evo21,380,17,1.472524301313302
evo21,381,17,1.2834615909001406
evo21,382,17,1.6840542882461758
evo21,383,17,1.0820017197607632
evo21,384,17,1.4440458688665838
evo21,385,17,1.003630629138035
evo21,386,17,1.0610172589692999
evo21,387,17,1.5091855578562792
evo21,388,17,1.5037518969791777
evo21,389,17,1.3722698521964691
evo21,390,17,1.322372247958008
evo21,391,17,1.1625398940899794
evo21,392,17,1.1267032675883348
evo21,393,17,1.4267522145939224
evo21,394,17,1.385851604535299
evo21,395,17,1.3454090321765226
evo21,396,17,1.256194203872891
evo21,397,17,1.483812173773699
evo21,398,17,1.527565781629699
evo21,399,17,1.4091613982968472
evo21,400,17,1.0891764190267115
evo21,401,17,1.1341508097727508
evo21,402,17,1.7505601738743923
evo21,403,17,1.1919290645678036
evo21,404,17,1.1033313522005783
evo21,405,17,1.8314923644065857
evo21,406,17,1.4170879747937708
evo21,407,17,1.7160987505648175
evo21,408,17,1.5346349659649765
evo21,409,17,1.4858647795284496
evo21,410,17,1.5867361016571522
evo21,411,17,1.7650646935491001
evo21,412,17,1.5826107017723297
evo21,413,17,1.340589476913652
evo21,414,17,1.6279640362104948
evo21,415,17,1.4728200356749928
evo21,416,17,1.5367007318110315
evo21,417,17,1.3278437780545038
evo21,418,17,1.3730841839398422
evo21,419,17,1.3797874870874427
evo21,420,17,1.7484260565217804
evo21,421,17,1.6241100497324676
evo21,422,17,1.6507549036622924
evo21,423,17,1.5476394541123335
evo21,424,17,1.6771848027539604
evo21,425,17,1.7035830546827877
evo21,426,17,1.75421361274579
evo21,427,17,1.3136290962643482
evo21,428,17,1.3795039960566688
evo21,429,17,1.672679199891932
evo21,430,17,1.6491084984120201
evo21,431,17,1.6628824669648619
evo21,432,17,2.017993399325539
evo21,433,17,1.7020352102049134
evo21,434,17,1.395457192159751
evo21,435,17,1.8761601500651415
evo21,436,17,1.6411411632948063
evo21,437,17,1.6524095809196724
evo21,438,17,1.9042022298364079
evo21,439,17,1.5756060481071472
evo21,440,17,1.6073616640368367
evo21,441,17,1.4606940246680205
evo21,442,17,1.5878328347907347
evo21,443,17,1.8042339669567917
evo21,444,17,1.6220644335536396
evo21,445,17,1.8870581233504173
evo21,446,17,1.5046189439633642
evo21,447,17,1.85853672728819
evo21,448,17,1.6778316600796055
evo21,449,17,1.6887711100280285
evo21,450,17,1.7478392229360693
evo21,451,17,1.5337709470323342
evo21,452,17,1.3930936376358767
evo21,453,17,1.5768062292652971
evo21,454,17,1.3545104436138098
evo21,455,17,1.4846858085194767
evo21,456,17,1.3965561293503816
evo21,457,17,1.4717757452231393
evo21,458,17,1.6167892308850937
evo21,459,17,1.655796675121083
evo21,460,17,1.2020295652396538
evo21,461,17,1.7314117647269194
evo21,462,17,1.8803016140180475
evo21,463,17,1.237489056389998
evo21,464,17,1.4327695507775335
evo21,465,17,2.0026946481974686
evo21,466,17,1.5941531203399577
evo21,467,17,1.5012436138041427
evo21,468,17,1.7488416297470821
evo21,469,17,1.4190230224938953
evo21,470,17,1.3681144473033355
evo21,471,17,1.637068411883186
evo21,472,17,1.9445525293841082
evo21,473,17,1.3545028262990801
evo21,474,17,1.638147350619821
evo21,475,17,1.603213521925842
evo21,476,17,1.3745066392208065
evo21,477,17,1.7346812030848335
evo21,478,17,1.4145231723566265
evo21,479,17,1.4745019183439367
evo21,480,17,1.907814447494114
evo21,481,17,1.4932111378978281
evo21,482,17,1.468669074423173
evo21,483,17,1.786245559944826
evo21,484,17,1.528457737144302
evo21,485,17,1.8004649877548218
evo21,486,17,1.4071756873060675
evo21,487,17,1.8263363485388897
evo21,488,17,1.5390755218618057
evo21,489,17,1.8026303123025333
evo21,490,17,1.9972437760409187
evo21,491,17,1.692273954696515
evo21,492,17,1.6407371268552893
evo21,493,17,1.8844083063304424
evo21,494,17,1.5123557999510975
evo21,495,17,1.5985877040554495
evo21,496,17,1.5856183441081906
evo21,497,17,2.0698409071739983
evo21,498,17,1.5676610106054474
evo21,499,17,1.640764747034101
evo21,500,17,1.724375433041988
evo21,501,17,1.5207525158629698
evo21,502,17,1.6897133501137005
evo21,503,17,1.7943100048338665
evo21,504,17,1.7643914038644117
evo21,505,17,1.4358764730037792
evo21,506,17,1.679623861276709
evo21,507,17,1.9301635097054874
evo21,508,17,1.860576189999633
evo21,509,17,1.5748800913022611
evo21,510,17,1.7748048884027146
evo21,511,17,1.7193710701403153
evo21,512,17,1.8256574252428597
evo21,513,17,1.6564414658967186
evo21,514,17,1.7861411291010239
evo21,515,17,1.4711934974526657
evo21,516,17,1.740572303533554
evo21,517,17,1.7103786455357777
evo21,518,17,1.4683615150039686
evo21,519,17,1.7862132542273577
evo21,520,17,1.5404908794307095
evo21,521,17,1.7593536528156084
evo21,522,17,2.0707162776414085
evo21,523,17,1.770210977862863
evo21,524,17,1.7193214121986837
evo21,525,17,1.7406809785786796
evo21,526,17,1.4375220133977777
evo21,527,17,1.6583416856387083
evo21,528,17,1.582960472387426
evo21,529,17,1.344049096436185
evo21,530,17,1.3509700862033402
evo21,531,17,1.7373827520538778
evo21,532,17,1.6827464786303394
evo21,533,17,1.889996528680272
evo21,534,17,1.712252999053282
evo21,535,17,1.4847743951660746
evo21,536,17,1.4346964170827585
evo21,537,17,1.738678143304937
evo21,538,17,1.672538292758605
evo21,539,17,1.4571902057265533
evo21,540,17,1.9038059168002184
evo21,541,17,1.7250802337246782
evo21,542,17,1.2989785178181004
evo21,543,17,1.6115864375058342
evo21,544,17,1.6058416890856975
evo21,545,17,1.4023027328966076
evo21,546,17,2.3627208260928882
evo21,547,17,1.6572086854892618
evo21,548,17,1.5506492040174849
evo21,549,17,1.6210678294301033
evo21,550,17,1.489953660460956
evo21,551,17,1.977758418987779
evo21,552,17,1.7457628482404877
evo21,553,17,1.7144075690439957
evo21,554,17,1.4689475660047986
evo21,555,17,1.710698078660404
evo21,556,17,1.5415484055000193
evo21,557,17,1.120277938159073
evo21,558,17,1.6485324501991272
evo21,559,17,1.3265326144721579
evo21,560,17,1.2945401281091
evo21,561,17,1.4670977653825985
evo21,562,17,1.5581995910307502
evo21,563,17,1.538096259622013
evo21,564,17,1.5166891659883892
evo21,565,17,1.8350665876230992
evo21,566,17,1.3596972191829564
evo21,567,17,1.8234564574325787
evo21,568,17,1.7703901345649844
evo21,569,17,1.7756627024808789
evo21,570,17,1.7553085496320444
evo21,571,17,1.4759424328804016
evo21,572,17,1.8003634171669973
evo21,573,17,1.608396926346947
evo21,574,17,1.4722708200981074
evo21,575,17,1.6916924455504425
evo21,576,17,1.5015185510410982
evo21,577,17,1.8288225881234907
evo21,578,17,1.628069155561902
evo21,579,17,1.51045069164213
evo21,580,17,1.4534910529413645
evo21,581,17,1.4162266504512553
evo21,582,17,1.7146498968496042
evo21,583,17,1.5685587560703211
evo21,584,17,1.4401615612852552
evo21,585,17,1.6945797748425429
evo21,586,17,1.8514791860327344
evo21,587,17,1.4920660758815596
evo21,588,17,1.704643403782564
evo21,589,17,1.4023889564388596
evo21,590,17,1.5054732552209102
evo21,591,17,1.3970700086039656
evo21,592,17,1.490062677205595
evo21,593,17,1.7076281770132482
evo21,594,17,1.6879737044081968
evo21,595,17,1.3686457143219954
evo21,596,17,1.4409587653901648
evo21,597,17,1.7320570621420355
evo21,598,17,1.2738998043624794
evo21,599,17,1.688136713579297
evo21,600,17,1.4876672196037628
evo21,601,17,1.3120511972948032
evo21,602,17,1.538237622117295
evo21,603,17,2.1672096725772407
evo21,604,17,1.6446277252946269
evo21,605,17,1.5281647445003994
evo21,606,17,1.6806051100001616
evo21,607,17,2.1548388265621137
evo21,608,17,1.599414228078197
evo21,609,17,1.6490043200114195
evo21,610,17,1.4216637178461122
evo21,611,17,1.583803874632234
evo21,612,17,1.6043774862499798
evo21,613,17,1.3987307684386479
evo21,614,17,1.1977348882595407
evo21,615,17,1.7397321935962229
evo21,616,17,1.4331850546466953
evo21,617,17,1.550750212798662
evo21,618,17,1.2846062963499743
evo21,619,17,1.6348373597926076
evo21,620,17,1.419501914697535
evo21,621,17,1.1974979827509207
evo21,622,17,1.4910455845734651
evo21,623,17,1.2943383338039411
evo21,624,17,1.7065214273136329
evo21,625,17,1.3732626182985876
evo21,626,17,1.3279408752808677
evo21,627,17,1.6353016802493263
evo21,628,17,1.3585704371113987
evo21,629,17,1.5917604116531199
evo21,630,17,1.3821127232821548
evo21,631,17,1.7431518538129132
evo21,632,17,1.6398436313988094
evo21,633,17,1.781526366577429
evo21,634,17,1.4000181442482726
evo21,635,17,1.4167535858612288
evo21,636,17,1.5096318396356176
evo21,637,17,1.8702046927749454
evo21,638,17,1.552524576730588
evo21,639,17,1.6210784929640152
evo21,640,17,1.4013204123715268
evo21,641,17,1.2788347050492817
evo21,642,17,1.531816535136279
evo21,643,17,1.4386934325208558
evo21,644,17,1.2024143431472647
evo21,645,17,1.4239546343245928
evo21,646,17,1.3105533440761707
evo21,647,17,1.5179103852441425
evo21,648,17,1.7648974284529686
evo21,649,17,1.4763330331839182
evo21,650,17,1.3717586002723479
evo21,651,17,1.79164485852508
evo21,652,17,1.387417776400552
evo21,653,17,1.4067307700581082
evo21,654,17,1.4824597484925215
evo21,655,17,1.4053576055585462
evo21,656,17,1.5007719961679815
evo21,657,17,1.4052996823892874
evo21,658,17,1.4275480454020641
evo21,659,17,1.3980019449886374
evo21,660,17,1.5675430961829775
evo21,661,17,1.2436500817044254
evo21,662,17,1.3399788772324375
evo21,663,17,1.4576393067836761
evo21,664,17,1.5164819042034008
evo21,665,17,1.4400785763693207
evo21,666,17,1.6830756795756958
evo21,667,17,1.2855879523216145
evo21,668,17,1.3028934912427383
evo21,669,17,1.4670311924727524
evo21,670,17,1.2512217515750843
evo21,671,17,2.2757096387007656
evo21,672,17,1.4303106762030546
evo21,673,17,1.9058793187141418
evo21,674,17,1.5415946359143538
evo21,675,17,1.5841314595411806
evo21,676,17,1.381202858489226
evo21,677,17,1.5593538684222628
evo21,678,17,1.439932432573508
evo21,679,17,1.340978139956646
evo21,680,17,1.5356422232683091
evo21,681,17,1.7103577747064478
evo21,682,17,1.7345233958433657
evo21,683,17,1.4094748190768502
evo21,684,17,1.5529900859383976
evo21,685,17,1.7064787841895048
evo21,686,17,1.355058357324999
evo21,687,17,1.5121234699207193
evo21,688,17,1.9112964782535153
evo21,689,17,1.5874005836599014
evo21,690,17,1.500039921963916
evo21,691,17,1.3447447173735674
evo21,692,17,1.6942201357553988
evo21,693,17,1.5535869778079145
evo21,694,17,1.3490184348295717
evo21,695,17,1.5057184959159178
evo21,696,17,1.493208869415171
evo21,697,17,1.7402434136499376
evo21,698,17,1.4932054482838686
evo21,699,17,1.412331705145976
evo21,700,17,1.3696637530537212
evo21,701,17,1.7307640423669535
evo21,702,17,1.392211197053685
evo21,703,17,1.8084172959275104
evo21,704,17,1.6728859616114813
evo21,705,17,1.931431149077766
evo21,706,17,1.2911487135159618
evo21,707,17,1.3847511231022722
evo21,708,17,1.660812901442542
evo21,709,17,1.4167337093283148
evo21,710,17,1.7610601116629208
evo21,711,17,1.4137719689923174
evo21,712,17,1.3232941680094774
evo21,713,17,1.5150936408077968
evo21,714,17,1.4763458055608414
evo21,715,17,1.2351640283184893
evo21,716,17,1.7349410506294054
evo21,717,17,1.4578709595781916
evo21,718,17,1.5849930150160456
evo21,719,17,1.3440327069941251
evo21,720,17,1.7606684285051681
evo21,721,17,1.428344467326122
evo21,722,17,1.5524955365587683
evo21,723,17,1.4733453565961956
evo21,724,17,1.5912664677290356
evo21,725,17,1.4965493490590769
evo21,726,17,1.4448962227770072
evo21,727,17,1.5658095892628325
evo21,728,17,1.585208107416025
evo21,729,17,1.2761145808240946
evo21,730,17,1.5588797251967823
evo21,731,17,2.159532543490915
evo21,732,17,1.7481157159542335
evo21,733,17,1.4923000896404333
evo21,734,17,1.3817755978773623
evo21,735,17,1.2151877337190158
evo21,736,17,1.6108374933109564
evo21,737,17,1.2545083233100527
evo21,738,17,1.5434182934901293
evo21,739,17,1.9711222683682161
evo21,740,17,1.4884155817768152
evo21,741,17,1.5839764550328255
evo21,742,17,1.724270751371103
evo21,743,17,1.6225645848933388
evo21,744,17,1.820790826178649
evo21,745,17,1.8162983465282356
evo21,746,17,1.546336853328873
evo21,747,17,1.7743946145124294
evo21,748,17,1.7843055058928097
evo21,749,17,1.7806170113822992
evo21,750,17,1.6111683565027572
evo21,751,17,1.7037260409663706
evo21,752,17,1.6920491612571127
evo21,753,17,1.685777737375568
evo21,754,17,1.7155518601922428
evo21,755,17,1.5637184732100542
evo21,756,17,2.24411577687544
evo21,757,17,1.9893324077129364
evo21,758,17,1.733130774296382
evo21,759,17,1.5446496001061272
evo21,760,17,1.980010068153634
evo21,761,17,1.4861475325682585
evo21,762,17,1.4693773498429972
evo21,763,17,1.5725801797474133
evo21,764,17,1.3771990681450594
evo21,765,17,1.6407647202996647
evo21,766,17,1.6880169225966228
evo21,767,17,1.6346396027023302
evo21,768,17,1.8702507917495335
evo21,769,17,1.858425334095955
evo21,770,17,1.4144324458697264
evo21,771,17,1.9389778474236237
evo21,772,17,1.395350376034484
evo21,773,17,1.424976707162226
evo21,774,17,1.6941775640144068
evo21,775,17,1.5455388987765593
evo21,776,17,2.191365025280153
evo21,777,17,1.9020368193878847
evo21,778,17,1.4489873730961014
evo21,779,17,1.6660263038733427
evo21,780,17,1.6237920180839651
evo21,781,17,1.4816072315854185
evo21,782,17,1.5683252000633408
evo21,783,17,1.745316529975218
evo21,784,17,1.8325302162591148
evo21,785,17,1.8646223106805015
evo21,786,17,1.6990740088855518
evo21,787,17,1.8089348419624216
evo21,788,17,1.6902691423892975
evo21,789,17,1.654120149638723
evo21,790,17,1.5152481290347435
evo21,791,17,1.6252138588358374
evo21,792,17,1.769338047679733
evo21,793,17,1.8301280947292553
evo21,794,17,1.925463085008018
evo21,795,17,1.4314261308925993
evo21,796,17,1.712208998553893
evo21,797,17,1.8446078868035007
evo21,798,17,1.5697092917912148
evo21,799,17,1.5477960846003365
evo21,800,17,1.8867201226599075
evo21,801,17,1.6641331161646282
evo21,802,17,1.7328368850490625
evo21,803,17,1.567446412409053
evo21,804,17,1.8315213879241663
evo21,805,17,1.5285304986378725
evo21,806,17,1.9260078499860622
evo21,807,17,1.6221205763080542
evo21,808,17,1.6747443180750399
evo21,809,17,1.7369369373602026
evo21,810,17,1.8210325977381538
evo21,811,17,1.4327562937841696
evo21,812,17,1.5076179302790587
evo21,813,17,1.5703541198197533
evo21,814,17,1.6236338126747047
evo21,815,17,1.5723691722925972
evo21,816,17,1.6657991968095303
evo21,817,17,1.593006075524232
evo21,818,17,1.7982223200447418
evo21,819,17,1.475397921879502
evo21,820,17,1.461387089727556
evo21,821,17,1.6171168910668177
evo21,822,17,1.4995508435017921
evo21,823,17,1.34478377649451
evo21,824,17,1.9531485512852669
evo21,825,17,1.5485278843518566
evo21,826,17,1.8550129138371523
evo21,827,17,1.710634748067926
evo21,828,17,1.818150516380282
evo21,829,17,1.4453764925984776
evo21,830,17,1.4917764626717305
evo21,831,17,1.370990143102758
evo21,832,17,1.4648445841637165
evo21,833,17,1.4453395641244509
evo21,834,17,1.7854334946502657
evo21,835,17,1.6825681118404163
evo21,836,17,1.641064677387476
evo21,837,17,1.7174221785629498
evo21,838,17,1.6542124313795392
evo21,839,17,1.4762458026080447
evo21,840,17,1.4354442542090136
evo21,841,17,1.6331782204044216
evo21,842,17,1.4647876011372052
evo21,843,17,1.8929841991733103
evo21,844,17,1.6283736272769815
evo21,845,17,1.5689388418789296
evo21,846,17,1.4174804380711388
evo21,847,17,1.916702852529638
evo21,848,16,1.7690986954257824
evo21,849,16,1.6091294281068258
evo21,850,16,1.7120680585503578
evo21,851,16,1.9529168126173317
evo21,852,16,1.5471284063532948
evo21,853,16,1.7744034230709076
evo21,854,16,1.5796630523400381
evo21,855,16,1.5260299711080734
evo21,856,16,1.9498113915324211
evo21,857,16,1.9258783213517745
evo21,858,16,1.7254385352134705
evo21,859,16,1.4475397379574133
evo21,860,16,1.5793186897644773
evo21,861,16,1.692996547324583
evo21,862,16,1.579153803177178
evo21,863,16,1.334413993783528
evo21,864,16,1.4573546034516767
evo21,865,16,1.5870967564696912
evo21,866,16,1.4409067070373567
evo21,867,16,1.5635451266425662
evo21,868,16,1.5815772162750363
evo21,869,16,1.6778621561825275
evo21,870,16,1.7040268629789352
evo21,871,16,1.4663550648838282
evo21,872,16,1.6614387352019548
evo21,873,16,1.5114574565086514
evo21,874,16,1.5254002623260021
evo21,875,16,1.4348874450661242
evo21,876,16,1.5700307018123567
evo21,877,16,1.7283179871737957
evo21,878,16,1.5334467751090415
evo21,879,16,1.6650862264214084
evo21,880,16,1.723451544996351
evo21,881,16,1.3690892136655748
evo21,882,16,1.6865733852609992
evo21,883,16,1.8192073642276227
evo21,884,16,1.4449564821552485
evo21,885,16,1.6212915065698326
evo21,886,16,1.5438713133335114
evo21,887,16,1.7089415580267087
evo21,888,16,1.7092440783744678
evo21,889,16,1.6669636900769547
evo21,890,16,1.2600563302403316
evo21,891,16,1.4580747241852805
evo21,892,16,2.2622977197170258
evo21,893,16,1.8380876653827727
evo21,894,16,1.787678168155253
evo21,895,16,1.9917504359036684
evo21,896,16,1.4686366464011371
evo21,897,16,1.7566267400979996
evo21,898,16,2.2159344512037933
evo21,899,16,1.7084556214977056
evo21,900,16,1.4872816633433104
evo21,901,16,2.0673169679939747
evo21,902,16,1.4660727828741074
evo21,903,16,1.6040720492601395
evo21,904,16,1.7231965782120824
evo21,905,16,1.8819125220179558
evo21,906,16,1.7843341436237097
evo21,907,16,1.8341682292521
evo21,908,16,1.7277933936566114
evo21,909,16,1.4879055498167872
evo21,910,16,1.7158100977540016
evo21,911,16,1.4999416610226035
evo21,912,16,1.5934128086082637
evo21,913,16,1.7093134559690952
evo21,914,16,1.5830158782191575
evo21,915,16,1.6539261126890779
evo21,916,16,2.000609580427408
evo21,917,16,1.5687534408643842
evo21,918,16,1.7051847418770194
evo21,919,16,1.3884715931490064
evo21,920,16,1.6303000927437097
evo21,921,16,1.6957203088095412
evo21,922,16,1.8167593237012625
evo21,923,16,1.818549832329154
evo21,924,16,1.9153956701047719
evo21,925,16,1.7126030358485878
evo21,926,16,1.620551637839526
evo21,927,16,1.3577494211494923
evo21,928,16,1.6684791557490826
evo21,929,16,1.541084832744673
evo21,930,16,1.4451949754729867
evo21,931,16,1.8208926040679216
evo21,932,16,1.5750003918074071
evo21,933,16,1.3138571800664067
evo21,934,16,1.9305271729826927
evo21,935,16,1.7972585363313556
evo21,936,16,1.9807826271280646
evo21,937,16,1.4897737856954336
evo21,938,16,1.7436154774622992
evo21,939,16,1.5524357515387237
evo21,940,16,1.612505342811346
evo21,941,16,1.7403249815106392
evo21,942,16,1.4850946529768407
evo21,943,16,1.7224187385290861
evo21,944,16,1.7723025812301785
evo21,945,16,1.7798477403703146
evo21,946,16,1.6626280210912228
evo21,947,16,1.516076409490779
evo21,948,16,1.6356534688966349
evo21,949,16,2.02588077634573
evo21,950,16,1.662958441884257
evo21,951,16,1.3168091636616737
evo21,952,16,1.431925917742774
evo21,953,16,1.711582470452413
evo21,954,16,1.7060607983730733
evo21,955,16,1.8437778018414974
evo21,956,16,1.7676021344959736
evo21,957,16,2.2173003181815147
evo21,958,16,1.430626728455536
evo21,959,16,1.4726079639513046
evo21,960,16,1.4206094176042825
evo21,961,16,1.9018986383453012
evo21,962,16,1.5943583266052883
evo21,963,16,1.5226499922573566
evo21,964,16,1.5121313408017159
evo21,965,16,1.4721124861389399
evo21,966,16,1.4574371986091137
evo21,967,16,1.4657277846708894
evo21,968,16,1.8321332391351461
evo21,969,16,1.5594924855977297
evo21,970,16,1.5087681132135913
evo21,971,16,1.533132389653474
evo21,972,16,1.8272878571879119
evo21,973,16,1.5848921993747354
evo21,974,16,1.600584099534899
evo21,975,16,1.6984961349517107
evo21,976,16,1.7704301648773253
evo21,977,16,1.4957195506431162
evo21,978,16,1.72814750589896
evo21,979,16,1.655856677563861
evo21,980,16,1.4335976789006963
evo21,981,16,1.6152187557891011
evo21,982,16,1.2875443494413048
evo21,983,16,1.7730296885129064
evo21,984,16,1.5105910215061158
evo21,985,16,1.5307888388633728
evo21,986,16,1.4013002511346713
evo21,987,16,1.558574206661433
evo21,988,16,1.7619189037941396
evo21,989,16,1.352960902149789
evo21,990,16,1.6806295642163604
evo21,991,16,1.524058242328465
evo21,992,16,1.6468958320328966
evo21,993,16,1.699767692014575
evo21,994,16,1.4858635310083628
evo21,995,16,1.6424771655583754
evo21,996,16,1.7219879291951656
evo21,997,16,1.8800864554941654
evo21,998,16,1.8963322369381785
evo21,999,16,1.6663416069932282
evo21,1000,16,1.3369906232692301
evo21,1001,16,1.6882720487192273
evo21,1002,16,1.3494155702646822
evo21,1003,16,1.5708917239680886
evo21,1004,16,1.55765032308409
evo21,1005,16,1.4526623562851455
evo21,1006,16,1.6554751048679464
evo21,1007,16,1.3177884664619341
evo21,1008,16,1.6253372003993718
evo21,1009,16,1.3709494266659021
evo21,1010,16,1.441833600285463
evo21,1011,16,1.6492561637423933
evo21,1012,16,1.4885361585766077
evo21,1013,16,1.4547392925596796
evo21,1014,16,1.1576284967595711
evo21,1015,16,1.4831723580136895
evo21,1016,16,1.7042086110450327
evo21,1017,16,1.8415173380635679
evo21,1018,16,1.7101990804076195
evo21,1019,16,1.6331132509512827
evo21,1020,16,1.6930874399840832
evo21,1021,16,1.8542431984096766
evo21,1022,16,1.569663291797042
evo21,1023,16,1.6481698602437973
evo21,1024,16,1.483053704840131
evo21,1025,16,1.8984376698499545
evo21,1026,16,1.5964050944894552
evo21,1027,16,1.9699573533143848
evo21,1028,16,1.6249942295253277
evo21,1029,16,1.8169293594546616
evo21,1030,16,1.533020868897438
evo21,1031,16,1.404276255518198
evo21,1032,16,1.7640926372259855
evo21,1033,16,1.8781826235353947
evo21,1034,16,1.8395126452669501
evo21,1035,16,1.4894534489139915
evo21,1036,16,1.503993621096015
evo21,1037,16,1.9469228405505419
evo21,1038,16,1.6556880287826061
evo21,1039,16,1.46733857691288
evo21,1040,16,1.3909534122794867
evo21,1041,16,1.3985624816268682
evo21,1042,16,1.5713956020772457
evo21,1043,16,1.767557798884809
evo21,1044,16,1.7809329200536013
evo21,1045,16,1.6225367188453674
evo21,1046,16,1.7863656869158149
evo21,1047,16,1.4508590335026383
evo21,1048,16,1.3944262913428247
evo21,1049,16,1.5173888658173382
evo21,1050,16,1.4435125618474558
evo21,1051,16,1.4349080636166036
evo21,1052,16,1.4839132374618202
evo21,1053,16,1.163412251509726
evo21,1054,16,1.2914448007941246
evo21,1055,16,1.3301967764273286
evo21,1056,16,1.628319464623928
evo21,1057,16,1.3207157461438328
evo21,1058,16,1.400797858950682
evo21,1059,16,1.6820176532492042
evo21,1060,16,1.5653088358230889
evo21,1061,16,1.4782699854113162
evo21,1062,16,1.7998333752620965
evo21,1063,16,1.2651336314156651
evo21,1064,16,1.5850938647054136
evo21,1065,16,1.8980339020490646
evo21,1066,16,1.4589342940598726
evo21,1067,16,1.4596860324963927
evo21,1068,16,1.7058144875336438
evo21,1069,16,1.8621192730497569
evo21,1070,16,1.271095778560266
evo21,1071,16,1.7969421241432428
evo21,1072,16,1.4257065560668707
evo21,1073,16,1.608693459071219
evo21,1074,16,1.3972906339913607
evo21,1075,16,1.4933726922608912
evo21,1076,16,1.5128659312613308
evo21,1077,16,1.655350604094565
evo21,1078,16,1.8551684385165572
evo21,1079,16,1.597486576065421
evo21,1080,16,1.4043849733425304
evo21,1081,16,1.2966672061011195
evo21,1082,16,1.4617350869812071
evo21,1083,16,1.623299028724432
evo21,1084,16,1.7142688501626253
evo21,1085,16,1.5509853474795818
evo21,1086,16,1.7283599418587983
evo21,1087,16,1.5634221468353644
evo21,1088,16,1.5362798168789595
evo21,1089,16,1.4609542153775692
evo21,1090,16,1.63104911101982
evo21,1091,16,1.6853540728334337
evo21,1092,16,1.487095064483583
evo21,1093,16,2.0394164342433214
evo21,1094,16,1.8651269278489053
evo21,1095,16,1.5683679054491222
evo21,1096,16,1.6771270921453834
evo21,1097,16,1.806794235482812
evo21,1098,16,1.641415510326624
evo21,1099,16,1.8956882996717468
evo21,1100,16,1.6396800708025694
evo21,1101,16,1.7330367714166641
evo21,1102,16,1.4400167912244797
evo21,1103,16,1.2517893988406286
evo21,1104,16,1.4431102313101292
evo21,1105,16,1.827797811012715
evo21,1106,16,1.423869480844587
evo21,1107,16,1.9095318214967847
evo21,1108,16,1.4732958301901817
evo21,1109,16,1.6860348605550826
evo21,1110,16,1.7834677258506417
evo21,1111,16,1.3214344979496673
evo21,1112,16,1.9076589047908783
evo21,1113,16,1.838320427108556
evo21,1114,16,1.4661029316484928
evo21,1115,16,1.438440466299653
evo21,1116,16,1.646339701488614
evo21,1117,16,1.5253431051969528
evo21,1118,16,1.690994679927826
evo21,1119,16,1.921821553260088
evo21,1120,16,1.393215885385871
evo21,1121,16,1.9111415892839432
evo21,1122,16,1.7401829939335585
evo21,1123,16,1.4463552362285554
evo21,1124,16,1.5088759125210345
evo21,1125,16,1.7716610934585333
evo21,1126,16,1.7982631381601095
evo21,1127,16,1.5595858588349074
evo21,1128,16,1.3442677049897611
evo21,1129,16,1.4988500534091145
evo21,1130,16,1.4279374566394836
evo21,1131,16,1.7546583114890382
evo21,1132,16,1.5720781488344073
evo21,1133,16,1.3991906829178333
evo21,1134,16,1.3315890254452825
evo21,1135,16,1.7144236387684941
evo21,1136,16,1.5076755760237575
evo21,1137,16,1.62015818268992
evo21,1138,16,1.690568007528782
evo21,1139,16,1.6374075578060001
evo21,1140,16,1.3186438689008355
evo21,1141,16,1.7258696106728166
evo21,1142,16,1.6410108723212034
evo21,1143,16,1.8099838579073548
evo21,1144,16,1.7063030656427145
evo21,1145,16,1.6429024497047067
evo21,1146,16,1.6449232585728168
evo21,1147,16,1.5826718041207641
evo21,1148,16,1.7396893380209804
evo21,1149,16,1.4929523596074432
evo21,1150,16,1.8719884576275945
evo21,1151,16,1.8888095878064632
evo21,1152,16,1.3814340475946665
evo21,1153,16,1.7188896499574184
evo21,1154,16,1.8540702871978283
evo21,1155,16,1.956713505089283
evo21,1156,16,1.3470160462893546
evo21,1157,16,1.6217931574210525
evo21,1158,16,1.7256972957402468
evo21,1159,16,1.7058320362120867
evo21,1160,16,1.802285211160779
evo21,1161,16,1.8167259488254786
evo21,1162,16,1.7497222451493144
evo21,1163,16,1.627841572277248
evo21,1164,16,1.1242733066901565
evo21,1165,16,1.489219424314797
evo21,1166,16,1.4683011746965349
evo21,1167,16,1.6292518274858594
evo21,1168,16,1.5859804027713835
evo21,1169,16,1.715918515343219
evo21,1170,16,1.8992491476237774
evo21,1171,16,1.5398600585758686
evo21,1172,16,1.7458218978717923
evo21,1173,16,1.69894908554852
evo21,1174,16,1.6530488412827253
evo21,1175,16,1.3376264944672585
evo21,1176,16,1.3474610052071512
evo21,1177,16,2.371058401186019
evo21,1178,16,1.6445550536736846
evo21,1179,16,1.3761813952587545
evo21,1180,16,1.5939484590198845
evo21,1181,16,1.49036864109803
evo21,1182,16,1.8183549856767058
evo21,1183,16,1.5730395866557956
evo21,1184,16,1.3537093354389071
evo21,1185,16,2.2231730185449123
evo21,1186,16,1.4810227612033486
evo21,1187,16,1.8369240290485322
evo21,1188,16,1.526190121192485
evo21,1189,16,1.3463645232841372
evo21,1190,16,1.4570935270749032
evo21,1191,16,1.4801203031092882
evo21,1192,16,1.5690531628206372
evo21,1193,16,1.288750178180635
evo21,1194,16,1.5598614178597927
evo21,1195,16,2.1576699037104845
evo21,1196,16,1.5888474639505148
evo21,1197,16,2.0259691076353192
evo21,1198,16,1.9036738686263561
evo21,1199,16,1.5259860577061772
evo21,1200,16,1.6887082923203707
evo21,1201,16,1.8658744567073882
evo21,1202,16,1.6593149369582534
evo21,1203,16,1.691183412913233
evo21,1204,16,1.6009236588142812
evo21,1205,16,1.614749226719141
evo21,1206,16,1.5752726653590798
evo21,1207,16,1.5000462606549263
evo21,1208,16,1.7411127197556198
evo21,1209,16,1.3519526501186192
evo21,1210,16,1.3049132372252643
evo21,1211,16,1.2262998269870877
evo21,1212,16,1.5566288428381085
evo21,1213,16,1.3977788197807968
evo21,1214,16,1.1380273450631648
evo21,1215,16,1.6232807483756915
evo21,1216,16,1.4156449392903596
evo21,1217,16,1.6759671528125182
evo21,1218,16,1.8853405453264713
evo21,1219,16,1.5711694774217904
evo21,1220,16,1.4552285715471953
evo21,1221,16,1.6043053234461695
evo21,1222,16,1.3613484213128686
evo21,1223,16,1.6697453146334738
evo21,1224,16,1.4367553815245628
evo21,1225,16,2.033323485404253
evo21,1226,16,1.6292378446087241
evo21,1227,16,1.6412754959892482
evo21,1228,16,1.6874260428594425
evo21,1229,16,1.8219056138768792
evo21,1230,16,1.639878119342029
evo21,1231,16,1.683170157019049
evo21,1232,16,1.478179516037926
evo21,1233,16,1.6667870573000982
evo21,1234,16,1.629319199360907
evo21,1235,16,2.032008998794481
evo21,1236,16,2.1074255369603634
evo21,1237,16,1.9480271767824888
evo21,1238,16,1.5127879739739
evo21,1239,16,1.7722270244266838
evo21,1240,16,1.7275634557008743
evo21,1241,16,1.528627895284444
evo21,1242,16,1.4788072935771197
evo21,1243,16,1.5981752593070269
evo21,1244,16,1.8036042749881744
evo21,1245,16,1.5690804179757833
evo21,1246,16,2.0630247723311186
evo21,1247,16,1.5442628152668476
evo21,1248,16,1.6999424323439598
evo21,1249,16,2.307055741548538
evo21,1250,16,2.001698188483715
evo21,1251,16,1.5159467123448849
evo21,1252,16,2.114376101642847
evo21,1253,16,1.4138286551460624
evo21,1254,16,1.601441526785493
evo21,1255,16,1.468508704798296
evo21,1256,16,1.3844241234473884
evo21,1257,16,1.307374108582735
evo21,1258,16,1.307818260975182
evo21,1259,16,1.5997404865920544
evo21,1260,16,1.4918209910392761
evo21,1261,16,1.5172878745943308
evo21,1262,16,1.6925946613773704
evo21,1263,16,1.6415680814534426
evo21,1264,16,1.8743555443361402
evo21,1265,16,1.7203371422365308
evo21,1266,16,1.9763405739795417
evo21,1267,16,1.5387710947543383
evo21,1268,16,1.6764642765047029
evo21,1269,16,1.6052929009310901
evo21,1270,16,1.776059404015541
evo21,1271,16,1.4418032225221395
evo21,1272,16,1.8281315211206675
evo21,1273,16,1.6658204346895218
evo21,1274,16,1.4907901822589338
evo21,1275,16,2.5103793144226074
evo21,1276,16,1.5497509567067027
evo21,1277,16,1.501925876364112
evo21,1278,16,1.697628514841199
evo21,1279,16,1.7446437496691942
evo21,1280,16,1.5796563243493438
evo21,1281,16,1.4022745995316654
evo21,1282,16,1.6584580698981881
evo21,1283,16,1.4367593247443438
evo21,1284,16,1.4560462925583124
evo21,1285,16,1.9188686972483993
evo21,1286,16,1.4227791465818882
evo21,1287,16,1.2494360813871026
evo21,1288,16,1.4097821353934705
evo21,1289,16,1.2445643993560225
evo21,1290,16,1.470685442443937
evo21,1291,16,1.5780726773664355
evo21,1292,16,1.380287126172334
evo21,1293,16,1.8338149432092905
evo21,1294,16,1.505492316558957
evo21,1295,16,1.586943980306387
evo21,1296,16,1.2888685059733689
evo21,1297,16,1.6774569577537477
evo21,1298,16,1.8659208031604066
evo21,1299,16,1.3631086847744882
evo21,1300,16,2.092634102329612
evo21,1301,16,1.5402301251888275
evo21,1302,16,1.487936022283975
evo21,1303,16,2.1481506042182446
evo21,1304,16,1.447363069280982
evo21,1305,16,1.4454287390690297
evo21,1306,16,1.940020240843296
evo21,1307,16,1.6039020754396915
evo21,1308,16,1.7095810798928142
evo21,1309,16,1.5643519721925259
evo21,1310,16,1.7406328860670328
evo21,1311,16,1.5208004377782345
evo21,1312,16,1.4752590069547296
evo21,1313,16,1.357845895923674
evo21,1314,16,1.6361218974925578
evo21,1315,16,1.3841935922391713
evo21,1316,16,1.6669637318700552
evo21,1317,16,1.924972902983427
evo21,1318,16,1.4904593834653497
evo21,1319,16,1.3019006985705346
evo21,1320,16,1.273070938885212
evo21,1321,16,1.173067620024085
evo21,1322,16,1.10228077811189
evo21,1323,16,1.536323833744973
evo21,1324,16,1.210289646871388
evo21,1325,16,1.2020861599594355
evo21,1326,16,1.2359109809622169
evo21,1327,16,1.4135785517282784
evo21,1328,16,1.4547174270264804
evo21,1329,16,1.3984898133203387
evo21,1330,16,1.5300233834423125
evo21,1331,16,1.4705249194521457
evo21,1332,16,1.3158070469507948
evo21,1333,16,1.5624020951800048
evo21,1334,16,1.4083350356668234
evo21,1335,16,1.3298055627383292
evo21,1336,16,1.663069277536124
evo21,1337,16,1.100769933895208
evo21,1338,16,1.2523884731926955
evo21,1339,16,1.5742141008377075
evo21,1340,16,1.4637416834011674
evo21,1341,16,1.313559538219124
evo21,1342,16,1.2537098033353686
evo21,1343,16,1.0876340735703707
evo21,1344,16,1.2819985998794436
evo21,1345,16,1.2719612251967192
evo21,1346,16,1.9211995671503246
evo21,1347,16,1.4266925663687289
evo21,1348,16,1.3718056473881006
evo21,1349,16,1.5674980552867055
evo21,1350,16,1.3124374891631305
evo21,1351,16,1.4214386511594057
evo21,1352,16,1.5065318555571139
evo21,1353,16,1.1378954008687288
evo21,1354,16,1.358131187967956
evo21,1355,16,1.1954648622777313
evo21,1356,16,1.62889010226354
evo21,1357,16,1.4316118257120252
evo21,1358,16,1.4236772749572992
evo21,1359,16,1.1385240880772471
evo21,1360,16,1.4464360382407904
evo21,1361,16,1.3680419749580324
evo21,1362,16,1.3732826593331993
evo21,1363,16,1.6253921412862837
evo21,1364,16,1.4136021935846657
evo21,1365,16,1.5246819369494915
evo21,1366,16,1.3495292663574219
evo21,1367,16,1.1560387695208192
evo21,1368,16,1.0918702750932425
evo21,1369,16,1.1172730039106682
evo21,1370,16,1.1248055698815733
evo21,1371,16,1.2253342876792885
evo21,1372,16,1.621851371601224
evo21,1373,16,1.2265208740718663
evo21,1374,16,1.5542994394199923
evo21,1375,16,1.750793662853539
evo21,1376,16,1.3513351890724152
evo21,1377,16,1.7403658810071647
evo21,1378,16,1.5180182857438922
evo21,1379,16,1.2396295169601217
evo21,1380,16,1.2744884840212762
evo21,1381,16,1.6890923585742712
evo21,1382,16,1.4034531657816842
evo21,1383,16,1.3563553486019373
evo21,1384,16,1.7246484160423279
evo21,1385,16,1.7408511880785227
evo21,1386,16,1.4952024656813592
evo21,1387,16,1.6302186334505677
evo21,1388,16,1.534926756983623
evo21,1389,16,1.5818923176266253
evo21,1390,16,1.406126755522564
evo21,1391,16,1.597381312516518
evo21,1392,16,1.8542207438440528
evo21,1393,16,1.802049035904929
evo21,1394,16,1.5900706457905471
evo21,1395,16,1.5307042207568884
evo21,1396,16,1.7143010087311268
evo21,1397,16,1.5911068925634027
evo21,1398,16,1.5251462031155825
evo21,1399,16,1.604051411151886
evo21,1400,16,1.8092072792351246
evo21,1401,16,1.5069447236601263
evo21,1402,16,1.5398192889988422
evo21,1403,16,1.7821138040162623
evo21,1404,16,1.6813836731016636
evo21,1405,16,1.469802796607837
evo21,1406,16,1.695473610656336
evo21,1407,16,1.509747933363542
evo21,1408,16,1.89266253169626
evo21,1409,16,1.5594060621224344
evo21,1410,16,1.5984434909187257
evo21,1411,16,1.6722400044091046
evo21,1412,16,1.4211104875430465
evo21,1413,16,1.3895674747182056
evo21,1414,16,1.5018221163190901
evo21,1415,16,1.5072504242416471
evo21,1416,16,1.745884632691741
evo21,1417,16,1.5839056186378002
evo21,1418,16,1.391016119159758
evo21,1419,16,1.8515424486249685
evo21,1420,16,1.7690494158305228
evo21,1421,16,1.6151480746921152
evo21,1422,16,1.5856433808803558
evo21,1423,16,1.5475325719453394
evo21,1424,16,1.2323470953851938
evo21,1425,16,1.5120296785607934
evo21,1426,16,2.062786274589598
evo21,1427,16,1.3249431010335684
evo21,1428,16,1.896381095983088
evo21,1429,16,1.6506678308360279
evo21,1430,16,1.6876319776056334
evo21,1431,16,1.3258046656847
evo21,1432,16,1.5230190474539995
evo21,1433,16,1.6667181367520243
evo21,1434,16,1.3318501082248986
evo21,1435,16,2.1631292514503
evo21,1436,16,1.4364424394443631
evo21,1437,16,1.33411594806239
evo21,1438,16,1.5936727127991617
evo21,1439,16,1.8593643233180046
evo21,1440,16,1.6549161784350872
evo21,1441,16,1.7857066164724529
evo21,1442,16,1.2698806452099234
evo21,1443,16,1.9959757309406996
evo21,1444,16,2.018156971782446
evo21,1445,16,1.7431256100535393
evo21,1446,16,1.2783574752975255
evo21,1447,16,1.532725054770708
evo21,1448,16,1.8107993251178414
evo21,1449,16,1.9364529689773917
evo21,1450,16,1.8192384578287601
evo21,1451,16,1.7302967244759202
evo21,1452,16,1.3828168790787458
evo21,1453,16,1.5449192456435412
evo21,1454,16,1.330051438184455
evo21,1455,16,1.441223461413756
evo21,1456,16,1.5173303131014109
evo21,1457,16,1.6429548906162381
evo21,1458,16,1.3647637735120952
evo21,1459,16,1.3279552762396634
evo21,1460,16,1.579801430925727
evo21,1461,16,1.660760884755291
evo21,1462,16,1.3456782791763544
evo21,1463,16,1.3815811674576253
evo21,1464,16,1.443307916575577
evo21,1465,16,1.7246701726689935
evo21,1466,16,1.3879135665483773
evo21,1467,16,1.6010757500771433
evo21,1468,16,1.7742163855582476
evo21,1469,16,1.8569104948546737
evo21,1470,16,1.385358331957832
evo21,1471,16,1.7489191759377718
evo21,1472,16,1.4500279324129224
evo21,1473,16,1.7479318538680673
evo21,1474,16,1.9973373115062714
evo21,1475,16,1.474324107170105
evo21,1476,16,1.6171086775138974
evo21,1477,16,1.9457497596740723
evo21,1478,16,1.5187893444672227
evo21,1479,16,1.5445681130513549
evo21,1480,16,1.4915959001518786
evo21,1481,16,1.583161324262619
evo21,1482,16,1.7090625031851232
evo21,1483,16,1.7598508559167385
evo21,1484,16,1.6500867865979671
evo21,1485,16,1.7718519483460113
evo21,1486,16,1.4784527430310845
evo21,1487,16,1.6914847460575402
evo21,1488,16,1.6500127499457449
evo21,1489,16,1.4619489858159795
evo21,1490,16,1.5578559609130025
evo21,1491,16,1.542377574252896
evo21,1492,16,2.221375934779644
evo21,1493,16,1.6884226624388248
evo21,1494,16,1.537801655009389
evo21,1495,16,1.815592585131526
evo21,1496,16,1.6494243433699012
evo21,1497,16,1.5426908660447225
evo21,1498,16,1.748988313600421
evo21,1499,16,1.6185515503166243
evo21,1500,16,1.9129881974076852
evo21,1501,16,1.6018043160438538
evo21,1502,16,1.6888465867377818
evo21,1503,16,1.7147129911463708
evo21,1504,16,1.9165910743176937
evo21,1505,16,1.871221928158775
evo21,1506,16,1.5073322964599356
evo21,1507,16,1.7775451387278736
evo21,1508,16,1.568826252128929
evo21,1509,16,1.7072248065378517
evo21,1510,16,1.9545417726039886
evo21,1511,16,1.571489046982606
evo21,1512,16,1.7542834398336709
evo21,1513,16,1.9065053761005402
evo21,1514,16,1.5071159533399623
evo21,1515,16,1.743256617570296
evo21,1516,16,1.9478891119360924
evo21,1517,16,2.0536854676902294
evo21,1518,16,1.692757579497993
evo21,1519,16,1.9346916377544403
evo21,1520,16,1.5954075227491558
evo21,1521,16,1.5469034103152808
evo21,1522,16,1.6729136845096946
evo21,1523,16,1.6908701707143337
evo21,1524,16,1.4911401751160156
evo21,1525,16,1.8458698857575655
evo21,1526,16,1.4865693772444502
evo21,1527,16,1.898585260962136
evo21,1528,16,1.9128246046602726
evo21,1529,16,1.6344895912625361
evo21,1530,16,1.6692135425982997
evo21,1531,16,1.9013438075780869
evo21,1532,16,1.949677977245301
evo21,1533,16,1.763992149149999
evo21,1534,16,1.9087480790913105
evo21,1535,16,1.592183909524465
evo21,1536,16,1.621493173937779
evo21,1537,16,1.6633204203099012
evo21,1538,16,1.7355173704854678
evo21,1539,16,2.0912259473116137
evo21,1540,16,1.633229348808527
evo21,1541,16,1.8141439259052277
evo21,1542,16,1.5262511789333075
evo21,1543,16,1.825161007232964
evo21,1544,16,2.002271698205732
evo21,1545,16,1.992875138297677
evo21,1546,16,1.85439929633867
evo21,1547,16,1.6918236435740255
evo21,1548,16,1.6841310868039727
evo21,1549,16,1.6034674495458603
evo21,1550,16,2.012169547379017
evo21,1551,16,1.739621548447758
evo21,1552,16,1.5811417121440172
evo21,1553,16,1.8722255832981318
evo21,1554,16,1.6191767489071935
evo21,1555,16,1.7082987910835072
evo21,1556,16,1.9673345480114222
evo21,1557,16,1.6397960233152844
evo21,1558,16,1.6990821075160056
evo21,1559,16,1.6809970093891025
evo21,1560,16,1.9307865337468684
evo21,1561,16,1.6513912286609411
evo21,1562,16,2.12853208463639
evo21,1563,16,1.401768549811095
evo21,1564,16,1.9018175415694714
evo21,1565,16,1.7053142599761486
evo21,1566,16,1.7857374454615638
evo21,1567,16,1.603404138237238
evo21,1568,16,1.5379878332605585
evo21,1569,16,1.4397636512294412
evo21,1570,16,1.3346938397735357
evo21,1571,16,1.7847576197236776
evo21,1572,16,1.2141166117507964
evo21,1573,16,1.618459366261959
evo21,1574,16,1.3791783717751969
evo21,1575,16,1.3592420128406957
evo21,1576,16,1.8277536248788238
evo21,1577,16,1.9481614553369582
evo21,1578,16,1.4444561763084494
evo21,1579,16,1.5595360486768186
evo21,1580,16,1.7572062378749251
evo21,1581,16,1.3964103935286403
evo21,1582,16,1.785387048497796
evo21,1583,16,1.5488527277484536
evo21,1584,16,1.8834767332300544
evo21,1585,16,1.7901756651699543
evo21,1586,16,1.5502413627691567
evo21,1587,16,1.5457822298631072
evo21,1588,16,1.6614705855026841
evo21,1589,16,1.642454746295698
evo21,1590,16,1.4184495153895114
evo21,1591,16,1.4358113063499331
evo21,1592,16,1.6898254445986822
evo21,1593,16,1.3452661110495683
evo21,1594,16,1.4840087555348873
evo21,1595,16,1.8584078066051006
evo21,1596,16,1.6685087773948908
evo21,1597,16,1.8005756437778473
evo21,1598,16,1.4263274446129799
evo21,1599,16,1.7270981089677662
evo21,1600,16,1.8185617476701736
evo21,1601,16,1.6457098247483373
evo21,1602,16,1.773874482139945
evo21,1603,16,1.457987580448389
evo21,1604,16,1.6402270316611975
evo21,1605,16,1.7629816830158234
evo21,1606,16,1.5538400141522288
evo21,1607,16,1.756931871175766
evo21,1608,16,1.5611092746257782
evo21,1609,16,1.2603055173531175
evo21,1610,16,1.4864014592021704
evo21,1611,16,1.5184404603205621
evo21,1612,16,1.386197758372873
evo21,1613,16,1.3819176426623017
evo21,1614,16,1.7139298697002232
evo21,1615,16,1.7966257403604686
evo21,1616,16,1.7704606764018536
evo21,1617,16,1.723765267059207
evo21,1618,16,1.9575595492497087
evo21,1619,16,1.715446769958362
evo21,1620,16,1.7509635738097131
evo21,1621,16,1.394658776000142
evo21,1622,16,1.4786431659013033
evo21,1623,16,1.2564117762376554
evo21,1624,16,1.4067511381581426
evo21,1625,16,1.600388489663601
evo21,1626,16,1.8855970855802298
evo21,1627,16,1.6149265272542834
evo21,1628,16,1.3688718024641275
evo21,1629,16,1.471853450872004
evo21,1630,16,1.5015614479780197
evo21,1631,16,2.0400142760481685
evo21,1632,16,1.8091019806452096
evo21,1633,16,1.5659585599787533
evo21,1634,16,1.7473118882626295
evo21,1635,16,2.1395974392071366
evo21,1636,16,1.7517479974776506
evo21,1637,16,1.6787396166473627
evo21,1638,16,1.650480751413852
evo21,1639,16,1.656465974636376
evo21,1640,16,1.8457851018756628
evo21,1641,16,1.2965067317709327
evo21,1642,16,1.6001130453078076
evo21,1643,16,1.4365308524575084
evo21,1644,16,1.5575541683938354
evo21,1645,16,1.4338019028073177
evo21,1646,16,1.3917908086441457
evo21,1647,16,1.5120987356640399
evo21,1648,16,1.5855854116380215
evo21,1649,16,1.6971457046456635
evo21,1650,16,1.859306930564344
evo21,1651,16,1.3972393744625151
evo21,1652,16,1.4413501294329762
evo21,1653,16,1.5779782314784825
evo21,1654,16,1.3182719754986465
evo21,1655,16,1.557600270723924
evo21,1656,16,1.4247588773723692
evo21,1657,16,1.511125196237117
evo21,1658,16,1.3745289375074208
evo21,1659,16,1.743656990583986
evo21,1660,16,1.4152440819889307
evo21,1661,16,1.2680823476985097
evo21,1662,16,1.2988505735993385
evo21,1663,16,1.509287997148931
evo21,1664,16,1.5722616948187351
evo21,1665,16,1.9063260033726692
evo21,1666,16,1.6124698161147535
evo21,1667,16,1.5380355827510357
evo21,1668,16,1.46855822019279
evo21,1669,16,1.4242077267263085
evo21,1670,16,1.7601345791481435
evo21,1671,16,1.7142850260715932
evo21,1672,16,1.4145832192152739
evo21,1673,16,1.287566593149677
evo21,1674,16,1.3987106941640377
evo21,1675,16,1.6196744912303984
evo21,1676,16,1.7425133669748902
evo21,1677,16,1.5660167136229575
evo21,1678,16,1.6976086841896176
evo21,1679,16,1.432236795197241
evo21,1680,16,2.369734418578446
evo21,1681,16,1.3583493623882532
evo21,1682,16,1.348671889747493
evo21,1683,16,2.0159476984408684
evo21,1684,16,1.6768748424947262
evo21,1685,16,1.868490569293499
evo21,1686,16,1.5526814686600119
evo21,1687,16,1.5519825499504805
evo21,1688,16,1.3331299857818522
evo21,1689,16,1.3505112978164107
evo21,1690,16,1.3996064363745973
evo21,1691,16,1.6235003199835774
evo21,1692,16,1.629679282545112
evo21,1693,16,1.649835443124175
evo21,1694,16,1.922578669153154
evo21,1695,16,1.5497703503351659
evo21,1696,16,1.6360639221966267
evo21,1697,16,1.8053699673619121
evo21,1698,16,1.5251517677679658
evo21,1699,16,1.3689666893333197
evo21,1700,16,1.7500633308663964
evo21,1701,16,1.3886125590943266
evo21,1702,16,1.3327872101217508
evo21,1703,16,1.8922570218564942
evo21,1704,16,1.2521611966658384
evo21,1705,16,1.7707300707697868
evo21,1706,16,1.2329873470589519
evo21,1707,16,1.2938388925977051
evo21,1708,16,1.3664350062608719
evo21,1709,16,1.5376449107425287
evo21,1710,16,1.327270650304854
evo21,1711,16,1.6565938796848059
evo21,1712,16,1.8092168136499822
evo21,1713,16,1.325579408556223
evo21,1714,16,1.6697773160412908
evo21,1715,16,1.6233835668826941
evo21,1716,16,1.495840863790363
evo21,1717,16,1.540495560504496
evo21,1718,16,1.6416887752711773
evo21,1719,16,2.010754051618278
evo21,1720,16,1.7805230915546417
evo21,1721,16,1.8770381060894579
evo21,1722,16,1.358576383383479
evo21,1723,16,1.476168763358146
evo21,1724,16,1.4465226661413908
evo21,1725,16,1.9507888075895607
evo21,1726,16,1.3386156941996887
evo21,1727,16,1.458897202159278
evo21,1728,16,1.5965859077405185
evo21,1729,16,1.7402471480891109
evo21,1730,16,1.4400640167295933
evo21,1731,16,1.4414678457542323
evo21,1732,16,1.472303345799446
evo21,1733,16,1.7624370327685028
evo21,1734,16,1.5111919767223299
evo21,1735,16,1.3004285630304366
evo21,1736,16,1.5519193848595023
evo21,1737,16,1.3814024318708107
evo21,1738,16,1.4792848359793425
evo21,1739,16,1.912097827414982
evo21,1740,16,1.3485835256287828
evo21,1741,16,1.5633116271346807
evo21,1742,16,1.9329635434551165
evo21,1743,16,1.7822818590793759
evo21,1744,16,1.548753737937659
evo21,1745,16,1.797031148802489
evo21,1746,16,1.502290286036441
evo21,1747,16,1.5430766816716641
evo21,1748,16,1.4773555820866022
evo21,1749,16,1.5165822913404554
evo21,1750,16,1.6497826110571623
evo21,1751,16,1.828273612394696
evo21,1752,16,1.8695515712024644
evo21,1753,16,1.2809205204248428
evo21,1754,16,1.4639929588447558
evo21,1755,16,1.967844636994414
evo21,1756,16,1.689359886571765
evo21,1757,16,1.7090596722555347
evo21,1758,16,1.906263158423826
evo21,1759,16,1.740609620232135
evo21,1760,16,1.4272621823474765
evo21,1761,16,2.105751388182398
evo21,1762,16,1.5174671802669764
evo21,1763,16,1.536863344226731
evo21,1764,16,1.594436842497089
evo21,1765,16,1.2729810811579227
evo21,1766,16,1.6234593887493247
evo21,1767,16,1.3932466559344903
evo21,1768,16,1.3920979275135323
evo21,1769,16,1.5491430205584038
evo21,1770,16,1.4994463347829878
evo21,1771,16,1.489687575493008
evo21,1772,16,1.7712381977762561
evo21,1773,16,1.5165533075924031
evo21,1774,16,1.472045592032373
evo21,1775,16,1.8028446504613385
evo21,1776,16,1.437291964146425
evo21,1777,16,1.432874416699633
evo21,1778,16,1.3243792465364095
evo21,1779,16,1.3503823226492386
evo21,1780,16,1.3559360229410231
evo21,1781,16,1.2811148727778345
evo21,1782,16,1.216864958172664
evo21,1783,16,1.5141336562810466
evo21,1784,16,1.378839721728582
evo21,1785,16,1.3411026210524142
evo21,1786,16,1.7080967612564564
evo21,1787,16,1.7556220536353067
evo21,1788,16,1.7078452061396092
evo21,1789,16,1.7439859239384532
evo21,1790,16,1.7301100529148243
evo21,1791,16,1.267867921385914
evo21,1792,16,1.5120082683861256
evo21,1793,16,1.6383139651734382
evo21,1794,16,1.3248399100266397
evo21,1795,16,1.3966451473534107
evo21,1796,16,1.4099611982237548
evo21,1797,16,1.2238513429183513
evo21,1798,16,1.4279018631204963
evo21,1799,16,1.6292772290471476
evo21,1800,16,1.3520440682768822
evo21,1801,16,1.5125029366463423
evo21,1802,16,1.6051378676202148
evo21,1803,16,1.5534699192503467
evo21,1804,16,1.3963357135653496
evo21,1805,16,1.4500496368855238
evo21,1806,16,1.6699919047532603
evo21,1807,16,1.1713730348274112
evo21,1808,16,1.353934814222157
evo21,1809,16,1.392677170690149
evo21,1810,16,1.3351053772494197
evo21,1811,16,1.5352974261622876
evo21,1812,16,1.3064567552646622
evo21,1813,16,1.015075221657753
evo21,1814,16,1.7571595096960664
evo21,1815,16,1.2161665624007583
evo21,1816,16,1.3009711341001093
evo21,1817,16,1.6659223986789584
evo21,1818,16,1.2519386360654607
evo21,1819,16,1.260001942049712
evo21,1820,16,1.4900145339779556
evo21,1821,16,2.222423449798953
evo21,1822,16,1.4113661330193281
evo21,1823,16,1.4813823709264398
evo21,1824,16,1.4767808709293604
evo21,1825,16,1.9017602782696486
evo21,1826,16,1.4824364763917401
evo21,1827,16,1.593189032690134
evo21,1828,16,1.4947037906385958
evo21,1829,16,1.186322619614657
evo21,1830,16,1.6163381575606763
evo21,1831,16,1.938329380005598
evo21,1832,16,1.7845354456803761
evo21,1833,16,1.56387113686651
evo21,1834,16,1.7757481862790883
evo21,1835,16,1.636975369299762
evo21,1836,16,1.5731090396875516
evo21,1837,16,1.698568468913436
evo21,1838,16,1.7970104042906314
evo21,1839,16,1.4745277694892138
evo21,1840,16,1.4214935787022114
evo21,1841,16,2.0321822000842076
evo21,1842,16,1.5228969802265055
evo21,1843,16,1.8990769031224772
evo21,1844,16,1.4147242193575948
evo21,1845,16,1.6686653858050704
evo21,1846,16,1.698515704832971
evo21,1847,16,1.657215409562923
evo21,1848,16,1.5999648266006261
evo21,1849,16,1.7349423225969076
evo21,1850,16,2.0273051315452904
evo21,1851,16,1.5453297066997038
evo21,1852,16,1.6998922375496477
evo21,1853,16,1.7371749519079458
evo21,1854,16,1.534568319329992
evo21,1855,16,1.8690900434739888
evo21,1856,16,1.8615615883900318
evo21,1857,16,1.7286720196716487
evo21,1858,16,1.9948241040110588
evo21,1859,16,1.6460188077762723
evo21,1860,16,1.707892349222675
evo21,1861,16,1.8833860936574638
evo21,1862,16,2.1232929988764226
evo21,1863,16,1.6587199196219444
evo21,1864,16,1.8833584636449814
evo21,1865,16,1.6405948936007917
evo21,1866,16,2.046752854483202
evo21,1867,16,1.5373771358281374
evo21,1868,16,1.7650340939871967
evo21,1869,16,1.4177402758505195
evo21,1870,16,1.6082569020800292
evo21,1871,16,1.7341711721383035
evo21,1872,16,1.6156321754679084
evo21,1873,16,1.6754843387752771
evo21,1874,16,1.5807122560217977
evo21,1875,16,1.4876336674205959
evo21,1876,16,1.708320776000619
evo21,1877,16,1.6255071415798739
evo21,1878,16,1.7394443535013124
evo21,1879,16,1.654648032039404
evo21,1880,16,1.7745312848710455
evo21,1881,16,1.5938692009076476
evo21,1882,16,1.8709825577680022
evo21,1883,16,1.4509210523101501
evo21,1884,16,1.832458027987741
evo21,1885,16,1.7379621379077435
evo21,1886,16,1.6287186129484326
evo21,1887,16,1.6281231332104653
evo21,1888,16,1.5015574335120618
evo21,1889,16,1.7002842212095857
evo21,1890,16,1.6180451102554798
evo21,1891,16,1.83976568444632
evo21,1892,16,1.6549256371799856
evo21,1893,16,1.4055871502496302
evo21,1894,16,2.0036331973969936
evo21,1895,16,1.64262472972041
evo21,1896,16,1.5803141947835684
evo21,1897,16,1.6081560049206018
evo21,1898,16,1.9427724045235664
evo21,1899,16,1.6995647280709818
evo21,1900,16,1.5254472334636375
evo21,1901,16,1.5892851818352938
evo21,1902,16,1.5063836895860732
evo21,1903,16,1.9044936685822904
evo21,1904,16,1.3039981799083762
evo21,1905,16,1.5978288906626403
evo21,1906,16,1.6399312491994351
evo21,1907,16,1.7419263666088227
evo21,1908,16,1.578997473610798
evo21,1909,16,1.6896587336668745
evo21,1910,16,1.68101740477141
evo21,1911,16,1.6566427696379833
evo21,1912,16,1.5642386344261467
evo21,1913,16,1.3903255434706807
evo21,1914,16,1.5149582482408732
evo21,1915,16,1.5769661125377752
evo21,1916,16,1.5511272880830802
evo21,1917,16,1.702789395232685
evo21,1918,16,1.4728669776814058
evo21,1919,16,1.7720235410379246
evo21,1920,16,1.5793322862591594
evo21,1921,16,1.7701619695872068
evo21,1922,16,1.781642702408135
evo21,1923,16,1.7007988377008587
evo21,1924,16,1.6040345474611968
evo21,1925,16,1.7361796363256872
evo21,1926,16,2.2071090852841735
evo21,1927,16,1.798475194722414
evo21,1928,16,1.852412050589919
evo21,1929,16,1.848866397049278
evo21,1930,16,1.742408393882215
evo21,1931,16,1.9501623320102226
evo21,1932,16,1.6675214628921822
evo21,1933,16,1.5526344683021307
evo21,1934,16,1.6012756545096636
evo21,1935,16,1.6776724454248324
evo21,1936,16,1.733515378087759
evo21,1937,16,1.5491501123760827
evo21,1938,16,1.6933354716748
evo21,1939,16,1.7021812414750457
evo21,1940,16,1.7184670060523786
evo21,1941,16,1.5184397032135166
evo21,1942,16,1.418701494578272
evo21,1943,16,2.004801918868907
evo21,1944,16,1.4029145315289497
evo21,1945,16,2.089059218764305
evo21,1946,16,1.5791248313616961
evo21,1947,16,1.5303208954865113
evo21,1948,16,1.4246634277515113
evo21,1949,16,1.6364767299965024
evo21,1950,16,1.5883230399922468
evo21,1951,16,1.8194180727005005
evo21,1952,16,1.7096516288584098
evo21,1953,16,1.3760040649212897
evo21,1954,16,1.6390630551613867
evo21,1955,16,1.7458157030196162
evo21,1956,16,1.8187733897939324
evo21,1957,16,1.3309927817899734
evo21,1958,16,1.6282547152368352
evo21,1959,16,1.632470822893083
evo21,1960,16,1.6104948257561773
evo21,1961,16,1.4734983974485658
evo21,1962,16,1.6861695384141058
evo21,1963,16,1.722269999794662
evo21,1964,16,1.7669476231676526
evo21,1965,16,1.5923444936051965
evo21,1966,16,1.8099965013097972
evo21,1967,16,1.5440399246290326
evo21,1968,16,2.0308543047867715
evo21,1969,16,1.6596653880551457
evo21,1970,16,1.5442420952022076
evo21,1971,16,1.943397140596062
evo21,1972,16,1.83815632306505
evo21,1973,16,1.7183082910487428
evo21,1974,16,1.5743180612334982
evo21,1975,16,1.6160630710655823
evo21,1976,16,1.4690261795185506
evo21,1977,16,1.4930885292124003
evo21,1978,16,1.6370785827748477
evo21,1979,16,1.7073226798966061
evo21,1980,16,1.5244140155846253
evo21,1981,16,1.6341160708107054
evo21,1982,16,1.6390762485098094
evo21,1983,16,1.3337466607335955
evo21,1984,16,1.4133048148360103
evo21,1985,16,1.7135727012064308
evo21,1986,16,1.738079164235387
evo21,1987,16,1.638423701748252
evo21,1988,16,1.768519525125157
evo21,1989,16,1.3869904989842325
evo21,1990,16,1.6231563366018236
evo21,1991,16,1.5975406647194177
evo21,1992,16,1.497751267394051
evo21,1993,16,1.533878814894706
evo21,1994,16,1.7376496042124927
evo21,1995,16,1.6175179243145976
evo21,1996,16,1.5816371780238114
evo21,1997,16,1.5843053855205653
evo21,1998,16,1.6533155487850308
evo21,1999,16,1.6708828890696168
evo21,2000,16,1.3865009814326186
evo21,2001,16,1.3442745553329587
evo21,2002,16,1.7773103521903977
evo21,2003,16,1.4981949795037508
evo21,2004,16,1.5050546159036458
evo21,2005,16,1.6034693889087066
evo21,2006,16,1.6314846025779843
evo21,2007,16,1.54028060589917
evo21,2008,16,1.7722597774118185
evo21,2009,16,1.4401798255275935
evo21,2010,16,1.456169087672606
evo21,2011,16,1.7389492588117719
evo21,2012,16,1.5255211632465944
evo21,2013,16,1.5194451378192753
evo21,2014,16,1.5806146612158045
evo21,2015,16,1.8919570767320693
evo21,2016,16,1.4133914893027395
evo21,2017,16,1.6725159478373826
evo21,2018,16,1.3370496221468784
evo21,2019,16,1.431227723020129
evo21,2020,16,1.379100073943846
evo21,2021,16,1.1904186303727329
evo21,2022,16,1.3963304319186136
evo21,2023,16,1.7091823786031455
evo21,2024,16,1.5304666266893037
evo21,2025,16,1.306548594031483
evo21,2026,16,1.3330944157205522
evo21,2027,16,1.371783146634698
evo21,2028,16,1.4443290186463855
evo21,2029,16,2.014049989869818
evo21,2030,16,1.457186924002599
evo21,2031,16,1.4751256562303752
evo21,2032,16,1.589734966866672
evo21,2033,16,1.4268606696277857
evo21,2034,16,1.9327939975773916
evo21,2035,16,1.5418851158465259
evo21,2036,16,1.3141747664194554
evo21,2037,16,1.3684849845594727
evo21,2038,16,1.4559961082413793
evo21,2039,16,1.7254790945298737
evo21,2040,16,1.448676681611687
evo21,2041,16,1.6390451514162123
evo21,2042,16,1.3658375495579094
evo21,2043,16,1.7191713047213852
evo21,2044,16,1.56628621625714
evo21,2045,16,1.517870232462883
evo21,2046,16,1.329780341940932
evo21,2047,16,1.7896912682335824
evo21,2048,16,1.6251648917677812
evo21,2049,16,1.7380588459782302
evo21,2050,16,1.833185663446784
evo21,2051,16,1.4424929483793676
evo21,2052,16,1.4684574657585472
evo21,2053,16,1.5426380175631493
evo21,2054,16,1.4030330728273839
evo21,2055,16,1.4170937517192215
evo21,2056,16,1.8942437386140227
evo21,2057,16,1.56059891928453
evo21,2058,16,1.6344181301974459
evo21,2059,16,1.4354689819738269
evo21,2060,16,1.77945501008071
evo21,2061,16,1.4848290113732219
evo21,2062,16,1.6225768353324383
evo21,2063,16,1.667111638467759
evo21,2064,16,1.5510870695579797
evo21,2065,16,1.7275499918032438
evo21,2066,16,1.4987346462439746
evo21,2067,16,1.8615822407300584
evo21,2068,16,1.6148214237764478
evo21,2069,16,1.5862605825532228
evo21,2070,16,1.3102018246427178
evo21,2071,16,1.690434687770903
evo21,2072,16,1.4988778927363455
evo21,2073,16,1.5765219633467495
evo21,2074,16,1.3766366513445973
evo21,2075,16,1.9607824760023504
evo21,2076,16,1.8619257370010018
evo21,2077,16,1.4760106104658917
evo21,2078,16,1.4255568821681663
evo21,2079,16,1.53400727850385
evo21,2080,16,1.931509419111535
evo21,2081,16,1.5072495590429753
evo21,2082,16,1.4282526863971725
evo21,2083,16,1.512515414156951
evo21,2084,16,1.3170645122299902
evo21,2085,16,1.4528663462260738
evo21,2086,16,1.837586622685194
evo21,2087,16,1.6168040425982326
evo21,2088,16,1.5255287082400173
evo21,2089,16,2.1871788965072483
evo21,2090,16,1.6908546148333699
evo21,2091,16,1.569197401870042
evo21,2092,16,1.5300388223258778
evo21,2093,16,1.685562213533558
evo21,2094,16,1.6936146591615397
evo21,2095,16,1.6816269867122173
evo21,2096,16,1.6248699044226669
evo21,2097,16,1.6650873794569634
evo21,2098,16,1.3907415518769994
evo21,2099,16,1.496573097014334
evo21,2100,16,1.8332533402135596
evo21,2101,16,1.7651237789541483
evo21,2102,16,1.553190623410046
evo21,2103,16,1.718395069008693
evo21,2104,16,1.4187507815659046
evo21,2105,16,1.814591409638524
evo21,2106,16,1.7433829475194216
evo21,2107,16,1.797306349966675
evo21,2108,16,1.7097526535508223
evo21,2109,16,1.594650485960301
evo21,2110,16,1.5188541841926053
evo21,2111,16,1.7832417665049434
evo21,2112,16,1.6073189002927393
evo21,2113,16,1.6762373896781355
evo21,2114,16,1.548101544380188
evo21,2115,16,1.9827146293828264
evo21,2116,16,1.5270213359035552
evo21,2117,16,1.6149778757244349
evo21,2118,16,1.640991847438272
evo21,2119,16,1.5610939115285873
evo21,2120,16,1.5149328059051186
evo21,2121,16,1.4014238689560443
evo21,2122,16,1.5233472771942616
evo21,2123,16,1.5496114811394364
evo21,2124,16,1.2020299164578319
evo21,2125,16,1.843004277907312
evo21,2126,16,1.6241057681618258
evo21,2127,16,1.921429988462478
evo21,2128,16,1.4608792248181999
evo21,2129,16,1.6588412704877555
evo21,2130,16,2.1591952089220285
evo21,2131,16,1.4853703575208783
evo21,2132,16,1.872663737158291
evo21,2133,16,1.7306478298269212
evo21,2134,16,1.6735114278271794
evo21,2135,16,1.621236803708598
evo21,2136,16,1.4343719542957842
evo21,2137,16,1.5645957039669156
evo21,2138,16,1.5930598417762667
evo21,2139,16,1.7013887013308704
evo21,2140,16,1.6438869619742036
evo21,2141,16,1.7687979321926832
evo21,2142,16,1.646558104082942
evo21,2143,16,1.4205653881654143
evo21,2144,16,1.9207135401666164
evo21,2145,16,1.4048566243145615
evo21,2146,16,1.4192226836457849
evo21,2147,16,1.9151877005351707
evo21,2148,16,1.5554435758385807
evo21,2149,16,1.4778155870735645
evo21,2150,16,1.4656625767238438
evo21,2151,16,1.3755366565892473
evo21,2152,16,1.1699770987033844
evo21,2153,16,1.7429820905672386
evo21,2154,16,1.593926548375748
evo21,2155,16,1.6638522031134926
evo21,2156,16,1.5835517491213977
evo21,2157,16,1.6173537057475187
evo21,2158,16,1.5785107181873173
evo21,2159,16,1.5799923137528822
evo21,2160,16,1.3541043493896723
evo21,2161,16,1.4673536331392825
evo21,2162,16,1.570268040872179
evo21,2163,16,1.504251271719113
evo21,2164,16,1.65959082019981
evo21,2165,16,1.2854521204717457
evo21,2166,16,1.6224910226883367
evo21,2167,16,1.1492131296545267
evo21,2168,16,1.4495405303314328
evo21,2169,16,1.1143117465544492
evo21,2170,16,1.6157639930024743
evo21,2171,16,1.1990929034072906
evo21,2172,16,1.2607511258684099
evo21,2173,16,1.3226986987283453
evo21,2174,16,1.4459714965923922
evo21,2175,16,1.5872125814203173
evo21,2176,16,1.4374678586609662
evo21,2177,16,1.629957559518516
evo21,2178,16,1.7894277195446193
evo21,2179,16,1.958477549487725
evo21,2180,16,1.5029377355240285
evo21,2181,16,1.702785576810129
evo21,2182,16,1.6097101017367095
evo21,2183,16,1.671597647771705
evo21,2184,16,1.8507988325000042
evo21,2185,16,1.4605944578070194
evo21,2186,16,1.9328729535918683
evo21,2187,16,1.6441685145837255
evo21,2188,16,1.634169052587822
evo21,2189,16,1.712930966168642
evo21,2190,16,1.6233582608401775
evo21,2191,16,1.6256188140250742
evo21,2192,16,1.936282658134587
evo21,2193,16,1.4248534585931338
evo21,2194,16,1.5921509847976267
evo21,2195,16,1.6845953290903708
evo21,2196,16,1.8049442751798779
evo21,2197,16,1.228180217789486
evo21,2198,16,1.6234484960441478
evo21,2199,16,1.5675450372509658
evo21,2200,16,1.3145673447288573
evo21,2201,16,1.6295816998463124
evo21,2202,16,1.451087518595159
evo21,2203,16,1.3705614134669304
evo21,2204,16,1.7034312709292863
evo21,2205,16,2.163014488760382
evo21,2206,16,1.2036408230196685
evo21,2207,16,1.4269904679968022
evo21,2208,16,1.4727098541334271
evo21,2209,16,1.8003270644694567
evo21,2210,16,1.680826824507676
evo21,2211,16,1.3238810043549165
evo21,2212,16,1.4537838883697987
evo21,2213,16,1.7027302286587656
evo21,2214,16,1.5021653748699464
evo21,2215,16,2.0546920623164624
evo21,2216,16,1.5798167196699069
evo21,2217,16,1.6071557104587555
evo21,2218,16,1.5440303282812238
evo21,2219,16,2.0820086780004203
evo21,2220,16,1.500644564628601
evo21,2221,16,1.6069273590110242
evo21,2222,16,1.540414342773147
evo21,2223,16,1.337012364063412
evo21,2224,16,1.2333222911693156
evo21,2225,16,1.3761481264373288
evo21,2226,16,1.5388818122737575
evo21,2227,16,1.524980729445815
evo21,2228,16,1.3618649952695705
evo21,2229,16,1.381502149743028
evo21,2230,16,1.8435209138551727
evo21,2231,16,1.386105900426628
evo21,2232,16,1.6160463725682348
evo21,2233,16,1.4199515472864732
evo21,2234,16,1.7569299617316574
evo21,2235,16,1.4022258296608925
evo21,2236,16,1.541857668547891
evo21,2237,16,1.9055994981026743
evo21,2238,16,1.3352812682569493
evo21,2239,16,1.371395391295664
evo21,2240,16,1.4235123253893107
evo21,2241,16,1.5253105503506958
evo21,2242,16,1.4616519566625357
evo21,2243,16,1.2654939738567919
evo21,2244,16,1.448871165397577
evo21,2245,16,1.4443435587454587
evo21,2246,16,1.1650809701532125
evo21,2247,16,1.5699581537628546
evo21,2248,16,1.5865904185920954
evo21,2249,16,1.5737657017307356
evo21,2250,16,1.4281625244766474
evo21,2251,16,1.7413013111799955
evo21,2252,16,1.7120853827800602
evo21,2253,16,1.3792609262745827
evo21,2254,16,1.3702464761445299
evo21,2255,16,1.4758744360879064
evo21,2256,16,1.745896727195941
evo21,2257,16,1.2589384585153311
evo21,2258,16,1.4543718651402742
evo21,2259,16,1.2975902262842283
evo21,2260,16,1.4898079624399543
evo21,2261,16,1.5126389695797116
evo21,2262,16,1.370063086040318
evo21,2263,16,1.6303347991779447
evo21,2264,16,1.6147120404057205
evo21,2265,16,1.4462349684908986
evo21,2266,16,1.4405916712712497
evo21,2267,16,1.6326798010850325
evo21,2268,16,1.1361913121072575
evo21,2269,16,1.4969200661871582
evo21,2270,16,1.274697697488591
evo21,2271,16,1.571603009942919
evo21,2272,16,1.3105193306691945
evo21,2273,16,1.3100370201282203
evo21,2274,16,1.3428507029311731
evo21,2275,16,1.249532223911956
evo21,2276,16,1.6015943977981806
evo21,2277,16,1.5958004803396761
evo21,2278,16,1.372343478957191
evo21,2279,16,1.4381125741638243
evo21,2280,16,1.3073791904025711
evo21,2281,16,1.5710333799943328
evo21,2282,16,1.3609013129025698
evo21,2283,16,1.4025387857109308
evo21,2284,16,1.460761925438419
evo21,2285,16,1.2054328410886228
evo21,2286,16,1.6675056316598784
evo21,2287,16,1.3370344331488013
evo21,2288,16,1.820898988749832
evo21,2289,16,1.815019857720472
evo21,2290,16,1.4394320079591125
evo21,2291,16,1.7445965795923257
evo21,2292,16,1.3958094011322828
evo21,2293,16,1.868826502468437
evo21,2294,16,1.4442597669549286
evo21,2295,16,1.336658298416296
evo21,2296,16,1.4847410889342427
evo21,2297,16,1.5639195775147527
evo21,2298,16,1.25522141053807
evo21,2299,16,1.5022584227845073
evo21,2300,16,1.57685430906713
evo21,2301,16,1.4832646392751485
evo21,2302,16,1.2119112636428326
evo21,2303,16,1.312722294474952
evo21,2304,16,1.3803833395359106
evo21,2305,16,1.6808858367148787
evo21,2306,16,1.203316300176084
evo21,2307,16,1.4709933875128627
evo21,2308,16,1.9279732573777437
evo21,2309,16,1.3315042536705732
evo21,2310,16,1.3011742645321647
evo21,2311,16,1.435017880052328
evo21,2312,16,1.534153088228777
evo21,2313,16,1.3160912460880354
evo21,2314,16,1.6965428972616792
evo21,2315,16,1.3383682259591296
evo21,2316,16,1.7088626706972718
evo21,2317,16,1.7667290344834328
evo21,2318,16,1.434872081503272
evo21,2319,16,1.4838429290102795
evo21,2320,16,2.095463984645903
evo21,2321,16,1.6995248157763854
evo21,2322,16,1.6251553311012685
evo21,2323,16,1.4903638770338148
evo21,2324,16,1.5248269659932703
evo21,2325,16,1.350719984387979
evo21,2326,16,1.6039406340569258
evo21,2327,16,1.4191902065649629
evo21,2328,16,1.8460631279740483
evo21,2329,16,1.4492764296010137
evo21,2330,16,1.3165751078631729
evo21,2331,16,1.6694850903004408
evo21,2332,16,1.485213232692331
evo21,2333,16,1.2019343370193383
evo21,2334,16,1.5384170026518404
evo21,2335,16,1.652906791307032
evo21,2336,16,1.6147231506183743
evo21,2337,16,1.394346022978425
evo21,2338,16,1.7616220470517874
evo21,2339,16,1.82453543972224
evo21,2340,16,1.2210924718528986
evo21,2341,16,1.6491308868862689
evo21,2342,16,1.3679764367407188
evo21,2343,16,1.0549993300810456
evo21,2344,16,1.639982579741627
evo21,2345,16,1.9402067996561527
evo21,2346,16,1.2180263698101044
evo21,2347,16,1.669057923136279
evo21,2348,16,1.2088372383732349
evo21,2349,16,1.3254526599776
evo21,2350,16,1.47596987336874
evo21,2351,16,1.5162530972156674
evo21,2352,16,1.1310649481602013
evo21,2353,16,1.4940031121950597
evo21,2354,16,1.2161323730833828
evo21,2355,16,1.5261233837809414
evo21,2356,16,1.3244975042762235
evo21,2357,16,1.4318259707652032
evo21,2358,16,1.310149912838824
evo21,2359,16,1.2596760294400156
evo21,2360,16,1.3953644917346537
evo21,2361,16,1.5664795483462512
evo21,2362,16,1.7132530657108873
evo21,2363,16,1.5210679734591395
evo21,2364,16,1.4295896379626356
evo21,2365,16,1.57570069283247
evo21,2366,16,1.6457396166806575
evo21,2367,16,1.3757658274844289
evo21,2368,16,1.4418876161798835
evo21,2369,16,1.5047879740595818
evo21,2370,16,1.7063257012050599
evo21,2371,16,1.4945731037296355
evo21,2372,16,1.3779987832531333
evo21,2373,16,1.4993102641310543
evo21,2374,16,1.3867022884078324
evo21,2375,16,1.2156410444295034
evo21,2376,16,1.2835507536656223
evo21,2377,16,1.3411069922149181
evo21,2378,16,1.3152536502457224
evo21,2379,16,1.1377255758270621
evo21,2380,16,1.2465041957329959
evo21,2381,16,1.1090555507689714
evo21,2382,16,1.3672394754830748
evo21,2383,16,1.2751777051016688
evo21,2384,16,1.981394087197259
evo21,2385,16,1.2081656330265105
evo21,2386,16,1.3718297148589045
evo21,2387,16,2.0216108644381166
evo21,2388,16,1.9940611808560789
evo21,2389,16,1.9203943866305053
evo21,2390,16,1.6593360923725413
evo21,2391,16,1.7898772358894348
evo21,2392,16,1.3352176053449512
evo21,2393,16,1.85113321011886
evo21,2394,16,1.5466625696863048
evo21,2395,16,1.4309219899587333
evo21,2396,16,1.8894944107159972
evo21,2397,16,1.4634709899546579
evo21,2398,16,1.6116909505799413
evo21,2399,16,1.4759114449843764
evo21,2400,16,1.1915247639408335
evo21,2401,16,1.4475988820195198
evo21,2402,16,1.6978842827375047
evo21,2403,16,1.4912540020886809
evo21,2404,16,1.771338983438909
evo21,2405,16,1.5541582210280467
evo21,2406,16,1.1915045767091215
evo21,2407,16,1.281723664724268
evo21,2408,16,1.4335352363123093
evo21,2409,16,1.6303959743236192
evo21,2410,16,1.6426576119847596
evo21,2411,16,2.0623554629273713
evo21,2412,16,1.4006272500846535
evo21,2413,16,1.3048817664384842
evo21,2414,16,1.4195947731495835
evo21,2415,16,1.3015192325692624
evo21,2416,16,1.625017829472199
evo21,2417,16,1.481007582275197
evo21,2418,16,1.2460890938527882
evo21,2419,16,1.3503027935512364
evo21,2420,16,1.1423003610689193
evo21,2421,16,1.6456193790363614
evo21,2422,16,1.6470687858527526
evo21,2423,16,1.55123556999024
evo21,2424,16,1.8936065901070833
evo21,2425,16,1.410721929743886
evo21,2426,16,1.7487812042818405
evo21,2427,16,1.5575437089428306
evo21,2428,16,1.47956676594913
evo21,2429,16,1.4064216847764328
evo21,2430,16,1.6806577264796942
evo21,2431,16,1.8033428005874157
evo21,2432,16,1.8118792069144547
evo21,2433,16,1.6434272772166878
evo21,2434,16,1.7826488967984915
evo21,2435,16,1.554207376204431
evo21,2436,16,1.5114172431640327
evo21,2437,16,1.6632845913991332
evo21,2438,16,1.2408754960633814
evo21,2439,16,1.4055604133754969
evo21,2440,16,1.5959855364635587
evo21,2441,16,1.3479657968855463
evo21,2442,16,1.6401697251130827
evo21,2443,16,1.455542268930003
evo21,2444,16,1.5202955030836165
evo21,2445,16,1.4901303872466087
evo21,2446,16,1.632243155152537
evo21,2447,16,1.7913915461394936
evo21,2448,16,1.3245343412854709
evo21,2449,16,1.9871164774522185
evo21,2450,16,1.5797802302986383
evo21,2451,16,1.3388230581767857
evo21,2452,16,1.428089942317456
evo21,2453,16,1.8133772873552516
evo21,2454,16,1.4705315531464294
evo21,2455,16,1.5314736040309072
evo21,2456,16,1.9050545557402074
evo21,2457,16,1.5984602825483307
evo21,2458,16,1.723323093727231
evo21,2459,16,1.4111768860602751
evo21,2460,16,1.4208568017929792
evo21,2461,16,1.6964891457464546
evo21,2462,16,1.399524585576728
evo21,2463,16,1.3496463152114302
evo21,2464,16,1.4669969043461606
evo21,2465,16,1.7538294310797937
evo21,2466,16,1.5241064196452498
evo21,2467,16,1.5113842859864235
evo21,2468,16,2.405796277576883
evo21,2469,16,1.285305900964886
evo21,2470,16,1.5468973111128435
evo21,2471,16,1.654190728906542
evo21,2472,16,1.598813601769507
evo21,2473,16,1.585995949106291
evo21,2474,16,1.4914102805196308
evo21,2475,16,1.9727165339281783
evo21,2476,16,2.060992357786745
evo21,2477,16,1.5385450180619955
evo21,2478,16,1.4638948344509117
evo21,2479,16,1.7591125427279621
evo21,2480,16,1.394010473974049
evo21,2481,16,1.396253005717881
evo21,2482,16,2.157254295423627
evo21,2483,16,1.4125644074520096
evo21,2484,16,1.389435368590057
evo21,2485,16,1.3567262711003423
evo21,2486,16,1.5853238150011748
evo21,2487,16,1.168851585360244
evo21,2488,16,1.924404103308916
evo21,2489,16,1.4448617327725515
evo21,2490,16,1.2663539606146514
evo21,2491,16,1.4949463931843638
evo21,2492,16,1.3797246739268303
evo21,2493,16,1.6302998745813966
evo21,2494,16,1.653664581477642
evo21,2495,16,1.7721947878599167
evo21,2496,16,1.6261191684752703
evo21,2497,16,1.5681982333771884
evo21,2498,16,1.957838021684438
evo21,2499,16,1.485255986568518
evo21,2500,16,1.5882841425482184
evo21,2501,16,1.6820548943942413
evo21,2502,16,1.4003323290962726
evo21,2503,16,1.914420906919986
evo21,2504,16,1.314744513889309
evo21,2505,16,1.5532151935622096
evo21,2506,16,1.642451818101108
evo21,2507,16,1.8669702829793096
evo21,2508,16,1.2430088235996664
evo21,2509,16,1.6379355577519163
evo21,2510,16,1.5723278018995188
evo21,2511,16,1.6349749396176776
evo21,2512,16,1.682102176360786
evo21,2513,16,1.782384842634201
evo21,2514,16,1.568650582805276
evo21,2515,16,1.5481516716536134
evo21,2516,16,1.6326977973221801
evo21,2517,16,1.4557019956118893
evo21,2518,16,2.034089798806235
evo21,2519,16,1.6934464368969202
evo21,2520,16,1.4405191391706467
evo21,2521,16,1.3938080340158194
evo21,2522,16,1.8792754549067467
evo21,2523,16,1.548407640075311
evo21,2524,16,1.7242158511653543
evo21,2525,16,1.8853524578735232
evo21,2526,16,1.530802580411546
evo21,2527,16,1.7270011268556118
evo21,2528,16,1.574010769254528
evo21,2529,16,1.4283220483921468
evo21,2530,16,1.5967948681209236
evo21,2531,16,1.5044449889101088
evo21,2532,16,1.5152393206954002
evo21,2533,16,1.520572405308485
evo21,2534,16,1.9813859703717753
evo21,2535,16,1.345694508170709
evo21,2536,16,1.6861169196199626
evo21,2537,16,1.4241953979362734
evo21,2538,16,1.5574910743162036
evo21,2539,16,1.6031877272762358
evo21,2540,16,1.684012894751504
evo21,2541,16,1.6083790238481015
evo21,2542,16,1.7842287074308842
evo21,2543,16,1.4806824589613825
evo21,2544,16,1.435931369982427
evo21,2545,16,1.8342569577507675
evo21,2546,16,1.150572907179594
evo21,2547,16,1.510137575911358
evo21,2548,16,1.4864630438387394
evo21,2549,16,1.520754432771355
evo21,2550,16,1.450747018912807
evo21,2551,16,1.5932340859435499
evo21,2552,16,1.640521020628512
evo21,2553,16,1.4835884720087051
evo21,2554,16,1.598855906398967
evo21,2555,16,1.486744684400037
evo21,2556,16,1.4210111615248024
evo21,2557,16,1.6564314943971112
evo21,2558,16,2.042074640514329
evo21,2559,16,1.5751389421056956
evo21,2560,16,1.8098659322131425
evo21,2561,16,1.2083904510363936
evo21,2562,16,1.4464753518113866
evo21,2563,16,1.461853161919862
evo21,2564,16,1.6273578840773553
evo21,2565,16,1.6025538108078763
evo21,2566,16,1.5962134692817926
evo21,2567,16,1.555182864278322
evo21,2568,16,1.4502288753865287
evo21,2569,16,1.624206776265055
evo21,2570,16,1.601062711677514
evo21,2571,16,1.8754515394102782
evo21,2572,16,1.6404281393624842
evo21,2573,16,1.9290499784983695
evo21,2574,16,1.6879161559045315
evo21,2575,16,1.350013731047511
evo21,2576,16,1.2972359776031226
evo21,2577,16,1.6315103179076687
evo21,2578,16,1.501748707727529
evo21,2579,16,1.6090929834754206
evo21,2580,16,1.340866599115543
evo21,2581,16,1.474442670820281
evo21,2582,16,1.6453571697929874
evo21,2583,16,1.3258869412820786
evo21,2584,16,1.3793954637367278
evo21,2585,16,1.3868677815771662
evo21,2586,16,1.3147846465581097
evo21,2587,16,1.8904159283265471
evo21,2588,16,1.3373270055744797
evo21,2589,16,1.5008343601366505
evo21,2590,16,1.6623275335878134
evo21,2591,16,1.5776036763563752
evo21,2592,16,1.7217182307504117
evo21,2593,16,1.4138863464468159
evo21,2594,16,1.4070546248258324
evo21,2595,16,1.681643932359293
evo21,2596,16,1.7991046123206615
evo21,2597,16,1.5186391167808324
evo21,2598,16,1.7799234909471124
evo21,2599,16,1.452642678283155
evo21,2600,16,1.5769217751221731
evo21,2601,16,1.67680903658038
evo21,2602,16,1.4335713926702738
evo21,2603,16,1.6662329295941163
evo21,2604,16,1.600331011461094
evo21,2605,16,1.3617050279863179
evo21,2606,16,1.5182620758423582
evo21,2607,16,1.5407791058532894
evo21,2608,16,1.5377413099631667
evo21,2609,16,1.392258151085116
evo21,2610,16,1.4989043730311096
evo21,2611,16,1.3280434448970482
evo21,2612,16,1.3585218672815245
evo21,2613,16,1.5843296470702626
evo21,2614,16,1.2046338603831828
evo21,2615,16,1.6659495170461014
evo21,2616,16,1.4210558198392391
evo21,2617,16,1.6339010761585087
evo21,2618,16,1.3348585395142436
evo21,2619,16,1.4583908097993117
evo21,2620,16,1.6519999066367745
evo21,2621,16,1.276462217560038
evo21,2622,16,1.9582632274832577
evo21,2623,16,1.304559768177569
evo21,2624,16,1.2422920875251293
evo21,2625,16,1.5753198633901775
evo21,2626,16,1.3694651536643505
evo21,2627,16,1.3484346652403474
evo21,2628,16,1.399393103318289
evo21,2629,16,1.497326442040503
evo21,2630,16,1.5953640603693202
evo21,2631,16,1.2540666052373126
evo21,2632,16,1.7390761142596602
evo21,2633,16,1.3620743961073458
evo21,2634,16,1.5056835435098037
evo21,2635,16,1.3521084492094815
evo21,2636,16,1.7972288320306689
evo21,2637,16,1.490259944461286
evo21,2638,16,1.7523769210092723
evo21,2639,16,1.3588808509521186
evo21,2640,16,1.6051181659277063
evo21,2641,16,1.4690740688238293
evo21,2642,16,1.6731452059466392
evo21,2643,16,1.3735536057502031
evo21,2644,16,1.7338416213169694
evo21,2645,16,1.534262845525518
evo21,2646,16,1.6507801983971149
evo21,2647,16,1.6942967798095196
evo21,2648,16,1.8761916370131075
evo21,2649,16,1.3180876622209325
evo21,2650,16,1.3501273032743484
evo21,2651,16,1.5588513619150035
evo21,2652,16,1.8007301825564355
evo21,2653,16,1.475177798885852
evo21,2654,16,1.3681517378427088
evo21,2655,16,1.3716221661306918
evo21,2656,16,2.0399097660556436
evo21,2657,16,1.3245839891897049
evo21,2658,16,1.2625487372279167
evo21,2659,16,1.471427466487512
evo21,2660,16,1.6918260646052659
evo21,2661,16,1.253712760633789
evo21,2662,16,1.6694195293821394
evo21,2663,16,1.5409109555184841
evo21,2664,16,1.629587999312207
evo21,2665,16,1.9024276630952954
evo21,2666,16,1.7709763192106038
evo21,2667,16,1.8714830381795764
evo21,2668,16,1.415034266654402
evo21,2669,16,1.7111703713890165
evo21,2670,16,1.393465003115125
evo21,2671,16,1.6295651320833713
evo21,2672,16,1.3131253259489313
evo21,2673,16,1.6942819934338331
evo21,2674,16,1.6053424605634063
evo21,2675,16,1.5392885864712298
evo21,2676,16,1.5849701075349003
evo21,2677,16,1.6012865277007222
evo21,2678,16,1.4764905725605786
evo21,2679,16,1.5919063903857023
evo21,2680,16,1.7819397021085024
evo21,2681,16,2.252361669554375
evo21,2682,16,1.3771930028451607
evo21,2683,16,1.5109623526223004
evo21,2684,16,1.5135468647349626
evo21,2685,16,1.4456837829202414
evo21,2686,16,1.6248430628329515
evo21,2687,16,1.699837499880232
evo21,2688,16,1.8891279753297567
evo21,2689,16,2.0024678064510226
evo21,2690,16,1.5646414989605546
evo21,2691,16,1.4096434363164008
evo21,2692,16,1.7027463461272418
evo21,2693,16,1.3203817176399752
evo21,2694,16,1.3994324263185263
evo21,2695,16,1.3603080011089332
evo21,2696,16,1.0816094195615733
evo21,2697,16,1.4065057574771345
evo21,2698,16,1.403178094420582
evo21,2699,16,1.3016053037717938
evo21,2700,16,1.769807355478406
evo21,2701,16,1.6634765593335032
evo21,2702,16,1.1346027622930706
evo21,2703,16,1.2370357369072735
evo21,2704,16,1.7170091685838997
evo21,2705,16,1.4903893793234602
evo21,2706,16,1.3808750160387717
evo21,2707,16,1.1448446159483865
evo21,2708,16,1.4082225759048015
evo21,2709,16,1.1592403426766396
evo21,2710,16,1.921207104343921
evo21,2711,16,1.4518810107838362
evo21,2712,16,1.2317316180560738
evo21,2713,16,1.6549170585349202
evo21,2714,16,1.4436923628672957
evo21,2715,16,1.7061453743372113
evo21,2716,16,1.4527501098345965
evo21,2717,16,1.6778347599320114
evo21,2718,16,1.166405933094211
evo21,2719,16,1.4283796255476773
evo21,2720,16,1.378525824053213
evo21,2721,16,1.2381593734025955
evo21,2722,16,1.446065440773964
evo21,2723,16,1.3010545188444667
evo21,2724,16,1.4759809719398618
evo21,2725,16,1.5515487417578697
evo21,2726,16,1.4754569760989398
evo21,2727,16,1.5242725709686056
evo21,2728,16,1.4224026957526803
evo21,2729,16,1.3939151517115533
evo21,2730,16,1.0448039573384449
evo21,2731,16,1.6434102347120643
evo21,2732,16,1.320161392679438
evo21,2733,16,1.43369244877249
evo21,2734,16,1.662401886191219
evo21,2735,16,1.2781872977502644
evo21,2736,16,1.2709381119348109
evo21,2737,16,1.3922385815531015
evo21,2738,16,1.3549863891676068
evo21,2739,16,1.419460395583883
evo21,2740,16,1.4239750485867262
evo21,2741,16,1.2432650371920317
evo21,2742,16,1.6011679947841913
evo21,2743,16,1.5897606253856793
evo21,2744,16,1.329841259866953
evo21,2745,16,1.2368580853799358
evo21,2746,16,1.3115421356633306
evo21,2747,16,1.2190077090635896
evo21,2748,16,1.342135148239322
evo21,2749,16,1.602069954155013
evo21,2750,16,1.086954757105559
evo21,2751,16,1.3787823426537216
evo21,2752,16,1.2810329333879054
evo21,2753,16,1.5843565142713487
evo21,2754,16,1.4396457597613335
evo21,2755,16,1.5137981420848519
evo21,2756,16,1.3705684752203524
evo21,2757,16,1.8940155860036612
evo21,2758,16,1.5749097019433975
evo21,2759,16,1.8257528208196163
evo21,2760,16,1.6857253843918443
evo21,2761,16,1.7442675959318876
evo21,2762,16,1.5305656492710114
evo21,2763,16,1.8857098459266126
evo21,2764,16,1.8282677687238902
evo21,2765,16,1.6806706581264734
evo21,2766,16,1.5657360095065087
evo21,2767,16,2.1744937524199486
evo21,2768,16,1.9263932928442955
evo21,2769,16,1.7177220731973648
evo21,2770,16,1.930123033002019
evo21,2771,16,1.532106002792716
evo21,2772,16,1.6523530511185527
evo21,2773,16,2.095804722979665
evo21,2774,16,1.4404954777564853
evo21,2775,16,1.4336927449330688
evo21,2776,16,1.9209112077951431
evo21,2777,16,1.5212200754322112
evo21,2778,16,1.7148740664124489
evo21,2779,16,1.8457928467541933
evo21,2780,16,1.7270153767894953
evo21,2781,16,1.4644052162766457
evo21,2782,16,1.8683020807802677
evo21,2783,16,1.9685710822232068
evo21,2784,16,1.787518695986364
evo21,2785,16,1.9229007810354233
evo21,2786,16,1.5525900200009346
evo21,2787,16,1.6574289030395448
evo21,2788,16,1.802808027714491
evo21,2789,16,1.6793991045560688
evo21,2790,16,1.6237064423039556
evo21,2791,16,1.8098658230155706
evo21,2792,16,1.8278395719826221
evo21,2793,16,1.6218096781522036
evo21,2794,16,1.8632643651217222
evo21,2795,16,1.5209775684634224
evo21,2796,16,1.5019258591346443
evo21,2797,16,1.7504694167291746
evo21,2798,16,1.4584366792114452
evo21,2799,16,1.6494859794620425
evo21,2800,16,1.7470746440812945
evo21,2801,16,1.7576543004252017
evo21,2802,16,1.8562182784080505
evo21,2803,16,1.6503100031986833
evo21,2804,16,1.8391725411638618
evo21,2805,16,1.883426209911704
evo21,2806,16,1.6853030929341912
evo21,2807,16,1.4963563410565257
evo21,2808,16,1.5514160199090838
evo21,2809,16,1.6714887982234359
evo21,2810,16,1.698719933629036
evo21,2811,16,1.6563814133405685
evo21,2812,16,1.7031652610749006
evo21,2813,16,1.4895435404032469
evo21,2814,16,1.708152424544096
evo21,2815,16,1.6907574087381363
evo21,2816,16,1.9478158252313733
evo21,2817,16,1.5881643337197602
evo21,2818,16,1.5231610760092735
evo21,2819,16,1.679722593165934
evo21,2820,16,1.5081967040896416
evo21,2821,16,1.8052258230745792
evo21,2822,16,1.5107643622905016
evo21,2823,16,1.9840416158549488
evo21,2824,16,1.8973807613365352
evo21,2825,16,1.510027664480731
evo21,2826,16,1.6031220443546772
evo21,2827,16,1.542913954705
evo21,2828,16,1.340437587350607
evo21,2829,16,1.6828253446146846
evo21,2830,16,2.036317616701126
evo21,2831,16,1.80628411937505
evo21,2832,16,1.8079557325690985
evo21,2833,16,1.7933391341939569
evo21,2834,16,1.7203249167650938
evo21,2835,16,1.8348510507494211
evo21,2836,16,1.5090063735842705
evo21,2837,16,1.604979608207941
evo21,2838,16,1.9514237260445952
evo21,2839,16,1.8257856592535973
evo21,2840,16,2.112904090434313
evo21,2841,16,1.2920812908560038
evo21,2842,16,1.624747027643025
evo21,2843,16,1.4919114378280938
evo21,2844,16,2.0063553899526596
evo21,2845,16,1.6784884273074567
evo21,2846,16,1.3950198516249657
evo21,2847,16,1.584148321300745
evo21,2848,16,1.29366922006011
evo21,2849,16,1.7067134618991986
evo21,2850,16,2.1796007589437068
evo21,2851,16,1.499876393849263
evo21,2852,16,1.6155312052578665
evo21,2853,16,1.9766971255885437
evo21,2854,16,1.672780690714717
evo21,2855,16,1.669083670436521
evo21,2856,16,1.6599906354676932
evo21,2857,16,1.8671808615326881
evo21,2858,16,1.8544523962773383
evo21,2859,16,1.5241030417382717
evo21,2860,16,2.1594436541199684
evo21,2861,16,1.1337192645296454
evo21,2862,16,1.4977389494888484
evo21,2863,16,1.4099960355088115
evo21,2864,16,1.2303577531129122
evo21,2865,16,1.1803945323918015
evo21,2866,16,1.6089189490303397
evo21,2867,16,1.736409071367234
evo21,2868,16,1.7698131524957716
evo21,2869,16,1.714377734810114
evo21,2870,16,1.878022326156497
evo21,2871,16,1.6980061875656247
evo21,2872,16,1.5672588581219316
evo21,2873,16,1.6975167663767934
evo21,2874,16,1.458128172904253
evo21,2875,16,1.8853214122354984
evo21,2876,16,1.5579119347967207
evo21,2877,16,2.25537978624925
evo21,2878,16,2.0451168566942215
evo21,2879,16,1.7240293845534325
evo21,2880,16,1.6625167955644429
evo21,2881,16,1.8682140409946442
evo21,2882,16,1.501108412630856
evo21,2883,16,1.8268976332619786
evo21,2884,16,1.7362463106401265
evo21,2885,16,1.4569406593218446
evo21,2886,16,1.4870877899229527
evo21,2887,16,2.0068382238969207
evo21,2888,16,2.0429179947823286
evo21,2889,16,1.768345670774579
evo21,2890,16,1.9033718858845532
evo21,2891,16,1.5862938035279512
evo21,2892,16,1.8020724803209305
evo21,2893,16,1.8905060989782214
evo21,2894,16,1.5154982907697558
evo21,2895,16,1.6290162918157876
evo21,2896,16,1.8101869905367494
evo21,2897,16,1.61282679438591
evo21,2898,16,1.5618045777082443
evo21,2899,16,1.9004956600256264
evo21,2900,16,1.5445892768912017
evo21,2901,16,1.57061483617872
evo21,2902,16,1.6829619091004133
evo21,2903,16,2.054493635892868
evo21,2904,16,1.8519272496923804
evo21,2905,16,1.6830247826874256
evo21,2906,16,1.5825816728174686
evo21,2907,16,1.9684572233818471
evo21,2908,16,1.8594068253878504
evo21,2909,16,1.577596066519618
evo21,2910,16,1.438819996546954
evo21,2911,16,1.8264779169112444
evo21,2912,16,1.5801743129268289
evo21,2913,16,1.6459773313254118
evo21,2914,16,1.825769689399749
evo21,2915,16,1.2525811158120632
evo21,2916,16,1.3041617791168392
evo21,2917,16,1.5836337823420763
evo21,2918,16,1.4886612882837653
evo21,2919,16,1.4288638080470264
evo21,2920,16,1.6107385787181556
evo21,2921,16,1.76394484937191
evo21,2922,16,1.4848746918141842
evo21,2923,16,1.6017335099168122
evo21,2924,16,1.70513522811234
evo21,2925,16,1.1881474528927356
evo21,2926,16,1.8085140772163868
evo21,2927,16,1.4336067000404
evo21,2928,16,1.8514975882135332
evo21,2929,16,1.9574312423355877
evo21,2930,16,1.7394399396143854
evo21,2931,16,1.353894483530894
evo21,2932,16,1.5101454097311944
evo21,2933,16,1.8310802320484072
evo21,2934,16,1.7360234409570694
evo21,2935,16,1.6657696291804314
evo21,2936,16,1.3026541136205196
evo21,2937,16,1.5856271678349003
evo21,2938,16,1.9627842991612852
evo21,2939,16,1.6555593314114958
evo21,2940,16,1.4554371600970626
evo21,2941,16,2.00325998198241
evo21,2942,16,1.5391148789785802
evo21,2943,16,1.5914072471205145
evo21,2944,16,1.5653504487127066
evo21,2945,16,1.7008184490259737
evo21,2946,16,1.7303244015201926
evo21,2947,16,1.508187153376639
evo21,2948,16,1.4947677907766774
evo21,2949,16,1.544040388893336
evo21,2950,16,1.7895844874437898
evo21,2951,16,1.3390465974225663
evo21,2952,16,1.3688043446745723
evo21,2953,16,1.4216869417577982
evo21,2954,16,1.458584733249154
evo21,2955,16,1.611955605680123
evo21,2956,16,1.427849629893899
evo21,2957,16,1.4438325711525977
evo21,2958,16,1.427478074328974
evo21,2959,16,1.8211057216394693
evo21,2960,16,1.5904687012080103
evo21,2961,16,1.64394392631948
evo21,2962,16,1.0898263729177415
evo21,2963,16,1.2497543341014534
evo21,2964,16,1.860603328794241
evo21,2965,16,1.4594840672798455
evo21,2966,16,1.510396396741271
evo21,2967,16,1.749178237048909
evo21,2968,16,1.6982475128024817
evo21,2969,16,1.3543713330291212
evo21,2970,16,1.4945678692311049
evo21,2971,16,1.3432948258705437
evo21,2972,16,1.8463296509580687
evo21,2973,16,1.6203515501692891
evo21,2974,16,1.6462121126241982
evo21,2975,16,2.0214023762382567
evo21,2976,16,1.4026762982830405
evo21,2977,16,1.8099800117779523
evo21,2978,16,1.3332165661267936
evo21,2979,16,1.5133264265023172
evo21,2980,16,1.3636937546543777
evo21,2981,16,1.3444431200623512
evo21,2982,16,1.5334132816642523
evo21,2983,16,1.8506699372082949
evo21,2984,16,1.4486612097825855
evo21,2985,16,1.489477129187435
evo21,2986,16,1.6182994564296678
evo21,2987,16,1.5653057566378266
evo21,2988,16,1.6688947877846658
evo21,2989,16,1.4926148541271687
evo21,2990,16,1.6084448266774416
evo21,2991,16,1.8429739300627261
evo21,2992,16,1.8133001402020454
evo21,2993,16,1.5922186714597046
evo21,2994,16,1.4994845557957888
evo21,2995,16,1.5703339872416109
evo21,2996,16,1.817165203858167
evo21,2997,16,1.3673395616933703
evo21,2998,16,1.543167314492166
evo21,2999,16,1.4523120778612792
evo21,3000,16,1.5165240291971713
evo21,3001,16,1.5504603101871908
evo21,3002,16,1.3300500947516412
evo21,3003,16,1.326704053208232
evo21,3004,16,2.008755278773606
evo21,3005,16,1.67237997520715
evo21,3006,16,1.906955944141373
evo21,3007,16,1.9665987007319927
evo21,3008,16,1.9582210015505552
evo21,3009,16,1.8554630298167467
evo21,3010,16,1.80652941390872
evo21,3011,16,1.6140806400217116
evo21,3012,16,1.6547753224149346
evo21,3013,16,1.3434494026005268
evo21,3014,16,1.7983706947416067
evo21,3015,16,1.791149104014039
evo21,3016,16,1.4997745398432016
evo21,3017,16,1.5893284706398845
evo21,3018,16,1.5965202655643225
evo21,3019,16,1.9199733082205057
evo21,3020,16,1.9648703504353762
evo21,3021,16,1.689228743314743
evo21,3022,16,1.620736502110958
evo21,3023,16,1.3636043313890696
evo21,3024,16,1.1968959188088775
evo21,3025,16,1.5665923254564404
evo21,3026,16,1.5415635467506945
evo21,3027,16,1.3550170599482954
evo21,3028,16,2.0093977972865105
evo21,3029,16,1.664388831704855
evo21,3030,16,1.4263131748884916
evo21,3031,16,1.727075694128871
evo21,3032,16,1.7499446729198098
evo21,3033,16,1.7870736978948116
evo21,3034,16,1.4362786002457142
evo21,3035,16,1.665545673808083
evo21,3036,16,1.8099167280015536
evo21,3037,16,1.4920381056144834
evo21,3038,16,1.7021100944839418
evo21,3039,16,1.5584577615372837
evo21,3040,16,1.5423894133418798
evo21,3041,16,1.4151447522453964
evo21,3042,16,1.650249205995351
evo21,3043,16,1.4237506068311632
evo21,3044,16,1.614200976677239
evo21,3045,16,1.4319492031354457
evo21,3046,16,1.6265309064183384
evo21,3047,16,1.4692882001399994
evo21,3048,16,1.755090945865959
evo21,3049,16,1.5320083163678646
evo21,3050,16,1.4221075987443328
evo21,3051,16,1.9016139060258865
evo21,3052,16,1.960140498355031
evo21,3053,16,1.7790936306118965
evo21,3054,16,1.765549175441265
evo21,3055,16,1.9019030220806599
evo21,3056,16,1.72257611900568
evo21,3057,16,1.8075064364820719
evo21,3058,16,1.7184972846880555
evo21,3059,16,1.673135724849999
evo21,3060,16,1.60166797041893
evo21,3061,16,1.608528986107558
evo21,3062,16,1.4109008694067597
evo21,3063,16,1.352117095142603
evo21,3064,16,1.3844826053828
evo21,3065,16,1.7194758281111717
evo21,3066,16,1.3023891551420093
evo21,3067,16,1.7456456581130624
evo21,3068,16,1.641150526702404
evo21,3069,16,2.0967770889401436
evo21,3070,16,1.3613557484932244
evo21,3071,16,1.3343010742682964
