model,model_window_position,base_count,mean_bpb
evo21,1,17,1.9847994201323564
evo21,2,17,2.1351687767926384
evo21,3,17,2.0353673626394833
evo21,4,17,1.933225491467644
evo21,5,17,2.01071603157941
evo21,6,17,2.02518496092628
evo21,7,17,1.970460428911097
evo21,8,17,1.9406767873203052
evo21,9,17,1.7371375069898718
evo21,10,17,1.8345624734373653
evo21,11,17,1.8794939272543962
evo21,12,17,1.8578516770811642
evo21,13,17,1.7833321734386332
evo21,14,17,1.6626721664386637
evo21,15,17,1.8945332487278126
evo21,16,17,1.7655147997771992
evo21,17,17,1.7230329831295155
evo21,18,17,1.867488970651346
evo21,19,17,1.612318069619291
evo21,20,17,1.6600859428153318
evo21,21,17,1.839136174934752
evo21,22,17,1.9374241040033453
evo21,23,17,1.6779877087649178
evo21,24,17,1.7211833438452553
evo21,25,17,1.6212118723813225
evo21,26,17,1.4107611821416546
evo21,27,17,2.0426249241127685
evo21,28,17,1.6918019827674418
evo21,29,17,2.00283202178338
evo21,30,17,1.6951913982629776
evo21,31,17,1.9220066263395197
evo21,32,17,1.5182234969209223
evo21,33,17,1.4737533541286694
evo21,34,17,1.9648607355706833
evo21,35,17,1.6506067286519444
evo21,36,17,1.8635234376963448
evo21,37,17,1.6304862429113949
evo21,38,17,1.60953007200185
evo21,39,17,1.6295260252321468
evo21,40,17,1.5154094915179646
evo21,41,17,1.506889843765427
evo21,42,17,1.508487778113169
evo21,43,17,1.5097549443735796
evo21,44,17,1.567395082948839
evo21,45,17,1.6715436468229574
evo21,46,17,1.3098233890007525
evo21,47,17,1.5130648176897974
evo21,48,17,2.0500886094044235
evo21,49,17,1.46606585558723
evo21,50,17,1.5156889215988272
evo21,51,17,1.3726361332570804
evo21,52,17,1.4097063747398995
evo21,53,17,1.2749637413550825
evo21,54,17,1.251443182282588
evo21,55,17,1.3254586129504091
evo21,56,17,1.404656426871524
evo21,57,17,1.3828618042171001
evo21,58,17,1.4010076645542593
evo21,59,17,1.317515061401269
evo21,60,17,1.756725418874446
evo21,61,17,1.727259691366378
evo21,62,17,1.4506109556292786
evo21,63,17,1.245056970154538
evo21,64,17,1.9223191082915838
evo21,65,17,1.5010471694609697
evo21,66,17,1.3771087654373224
evo21,67,17,1.4044698189724893
evo21,68,17,1.9883213450803476
evo21,69,17,1.5762915322009254
evo21,70,17,1.566398126675802
evo21,71,17,1.4481814369997557
evo21,72,17,1.692051527692991
evo21,73,17,1.575349375824718
evo21,74,17,1.7754346737090279
evo21,75,17,1.3434032195192926
evo21,76,17,1.4288115692051018
evo21,77,17,1.2973489445798538
evo21,78,17,1.80206642321804
evo21,79,17,1.4366993132759542
evo21,80,17,1.6682858440805883
evo21,81,17,1.6657333913094856
evo21,82,17,1.4900999016621534
evo21,83,17,1.7457065950421726
evo21,84,17,1.7075982115724508
evo21,85,17,1.6262204349040985
evo21,86,17,1.6156907136387684
evo21,87,17,1.5350242937531542
evo21,88,17,1.3459381042596172
evo21,89,17,1.3258705868878786
evo21,90,17,1.4285151584840872
evo21,91,17,1.6793888811679447
evo21,92,17,1.3813334455823196
evo21,93,17,1.7022627635913736
evo21,94,17,1.3854803946964882
evo21,95,17,1.153427557033651
evo21,96,17,1.3782912760096437
evo21,97,17,1.2968798341119991
evo21,98,17,1.69112829162794
evo21,99,17,1.385418971233508
evo21,100,17,1.611003543743316
evo21,101,17,1.3757697466541738
evo21,102,17,1.3054374272332472
evo21,103,17,1.2710751176756971
evo21,104,17,1.4110181763329928
evo21,105,17,1.2824761616613936
evo21,106,17,1.2702020549160593
evo21,107,17,1.2952734497101868
evo21,108,17,1.16596712106291
evo21,109,17,1.6651338763973291
evo21,110,17,1.6090347819468553
evo21,111,17,1.0719318810631246
evo21,112,17,1.4361408867818468
evo21,113,17,1.614928515299278
evo21,114,17,1.2275097123621141
evo21,115,17,1.4179504664943499
evo21,116,17,1.1718447186491068
evo21,117,17,1.4581379945225574
evo21,118,17,1.648255876977654
evo21,119,17,1.316994242808398
evo21,120,17,1.1832017493160332
evo21,121,17,1.3903692182810867
evo21,122,17,1.407632412717623
evo21,123,17,1.1572717855520107
evo21,124,17,1.7104818102191477
evo21,125,17,1.339704183532911
evo21,126,17,0.9156623182489592
evo21,127,17,1.1961322987780851
evo21,128,17,1.4652953785570229
evo21,129,17,1.1094701573910082
evo21,130,17,1.5547977536916733
evo21,131,17,1.2636275591657442
evo21,132,17,1.268433491973316
evo21,133,17,1.0195038539960104
evo21,134,17,1.63747690749519
evo21,135,17,1.385105656569495
evo21,136,17,1.6778833011493963
evo21,137,17,1.3852876696516485
evo21,138,17,1.2826103703940617
evo21,139,17,1.2179607950589235
evo21,140,17,1.4264653043492752
evo21,141,17,1.1964815107776838
evo21,142,17,1.4915844791514032
evo21,143,17,1.3540563346708523
evo21,144,17,1.6745578863603228
evo21,145,17,1.3810708509648548
evo21,146,17,2.0275101222317007
evo21,147,17,1.6178068937185932
evo21,148,17,1.488295758910039
evo21,149,17,1.6915718818850376
evo21,150,17,2.1104265780133358
evo21,151,17,1.3870346949380987
evo21,152,17,1.5540317351765491
evo21,153,17,1.475615244358778
evo21,154,17,1.7143310619627727
evo21,155,17,1.3398388220983393
evo21,156,17,1.5669416298761087
evo21,157,17,1.2443930649143808
evo21,158,17,1.3548187922467203
evo21,159,17,1.697645967497545
evo21,160,17,1.4732553268618442
evo21,161,17,1.2591102370882736
evo21,162,17,1.3300028864075155
evo21,163,17,1.4469465131268782
evo21,164,17,1.8778640391195522
evo21,165,17,1.2201285068603123
evo21,166,17,1.7332239457789589
evo21,167,17,1.3715934521135162
evo21,168,17,1.3218997952473515
evo21,169,17,1.4538401490186943
evo21,170,17,1.1478285927544623
evo21,171,17,1.5722098937805962
evo21,172,17,1.2761825621128082
evo21,173,17,1.1715149305322592
evo21,174,17,1.0570545551531456
evo21,175,17,1.1753353187266518
evo21,176,17,1.1781845637323225
evo21,177,17,1.3394366029430838
evo21,178,17,1.5804392399595064
evo21,179,17,1.226227759876672
evo21,180,17,1.1502254511065342
evo21,181,17,1.101961822632481
evo21,182,17,1.5376649599741488
evo21,183,17,1.7641040549120481
evo21,184,17,1.3294166322140133
evo21,185,17,1.0560789472040009
evo21,186,17,1.475770276697243
evo21,187,17,1.6165067266453714
evo21,188,17,1.6922902230392485
evo21,189,17,1.3520626370959423
evo21,190,17,1.1212075541124624
evo21,191,17,1.3895961826338488
evo21,192,17,1.1693543046712875
evo21,193,17,1.4023222971488447
evo21,194,17,1.5701924939365948
evo21,195,17,1.265315914855284
evo21,196,17,1.1318823609720259
evo21,197,17,1.4190231292125057
evo21,198,17,1.1109833355773897
evo21,199,17,1.69617878251216
evo21,200,17,1.3073526479522972
evo21,201,17,1.5799053446115816
evo21,202,17,1.5401718092753607
evo21,203,17,1.5440360813894694
evo21,204,17,1.3712432278210627
evo21,205,17,1.7807272168643333
evo21,206,17,1.1602729633450508
evo21,207,17,1.3990609608590603
evo21,208,17,1.6675069485517109
evo21,209,17,1.2729811628951746
evo21,210,17,1.7036199258530842
evo21,211,17,1.1253019496798515
evo21,212,17,1.1304591131560944
evo21,213,17,1.4322748576455258
evo21,214,17,1.232806917060824
evo21,215,17,1.1043944788329743
evo21,216,17,1.1497559595633955
evo21,217,17,0.9249125144937459
evo21,218,17,1.1705374476664208
evo21,219,17,1.1152406063149958
evo21,220,17,1.385700771913809
evo21,221,17,0.9935614341760383
evo21,222,17,1.2679193247767055
evo21,223,17,1.0870916617705542
evo21,224,17,1.2202397061183172
evo21,225,17,1.272931669564808
evo21,226,17,1.0310289040207863
evo21,227,17,1.0897484384477139
evo21,228,17,1.1060588677578114
evo21,229,17,1.4908830863149727
evo21,230,17,1.0934794965912313
evo21,231,17,1.443485303398441
evo21,232,17,1.0776942832505
evo21,233,17,1.3218555408803856
evo21,234,17,1.356244465445771
evo21,235,17,1.1540924990001846
evo21,236,17,1.1759348923669142
evo21,237,17,1.0599777562653316
evo21,238,17,1.34253983133856
evo21,239,17,1.6995850358815754
evo21,240,17,1.5891224031939226
evo21,241,17,1.2762895629686468
evo21,242,17,1.0837996882550858
evo21,243,17,1.2720769538598902
evo21,244,17,1.1402556705562508
evo21,245,17,1.3913308406139122
evo21,246,17,1.3144439837950117
evo21,247,17,1.2129925794022924
evo21,248,17,1.2993927470901434
evo21,249,17,1.8312659241697367
evo21,250,17,1.5537356861373957
evo21,251,17,1.3979024339248152
evo21,252,17,1.1233682737630957
evo21,253,17,1.1993793010273401
evo21,254,17,1.4144672178389395
evo21,255,17,1.1686509786283268
evo21,256,17,1.088639375698917
evo21,257,17,1.25719556804089
evo21,258,17,1.2623656733947641
evo21,259,17,1.1242624503724716
evo21,260,17,1.5727652973111939
evo21,261,17,1.2340172196135801
evo21,262,17,1.480812460403232
evo21,263,17,1.2150568984010641
evo21,264,17,1.2589115179417765
evo21,265,17,1.5412251471596605
evo21,266,17,1.171132116304601
evo21,267,17,1.5600844612892937
evo21,268,17,1.4951703857411356
evo21,269,17,1.2402900908799732
evo21,270,17,1.1642071758123005
evo21,271,17,1.0215821811819779
evo21,272,17,1.4215114199939896
evo21,273,17,1.467642007066923
evo21,274,17,1.4584800046594704
evo21,275,17,1.3496072616647272
evo21,276,17,1.1258521071251701
evo21,277,17,1.117923407431911
evo21,278,17,1.2077761235482551
evo21,279,17,1.3647444671129478
evo21,280,17,1.380086151554304
evo21,281,17,1.2951259678777527
evo21,282,17,1.2626727021792357
evo21,283,17,1.344275974394644
evo21,284,17,1.1772008156951737
evo21,285,17,1.3659114541814608
evo21,286,17,1.1322214761201073
evo21,287,17,1.4814038552782114
evo21,288,17,1.4410102825392694
evo21,289,17,1.350820722825387
evo21,290,17,1.4103740624645178
evo21,291,17,1.4939556557904272
evo21,292,17,1.4402939256499796
evo21,293,17,1.3487593928242432
evo21,294,17,1.1914913812104393
evo21,295,17,2.0117909417432895
evo21,296,17,1.46448954326265
evo21,297,17,1.6701439840390402
evo21,298,17,1.3988561492194147
evo21,299,17,1.4750873915412848
evo21,300,17,1.3242104298928206
evo21,301,17,1.4730316821266622
evo21,302,17,1.4906030292896664
evo21,303,17,1.3233572888900251
evo21,304,17,1.4560991867500193
evo21,305,17,1.1538751002620249
evo21,306,17,1.1518238276681478
evo21,307,17,1.1850491284447557
evo21,308,17,1.17328136392376
evo21,309,17,1.3712027020314161
evo21,310,17,1.5853216854088448
evo21,311,17,1.064686016563107
evo21,312,17,1.250337104586994
evo21,313,17,1.4004543467479593
evo21,314,17,1.1635192930698395
evo21,315,17,1.1966105250313002
evo21,316,17,1.1012533657691057
evo21,317,17,1.7112146420952152
evo21,318,17,1.1676517955082304
evo21,319,17,1.510246647631421
evo21,320,17,1.5031775542918373
evo21,321,17,1.3084612780195826
evo21,322,17,1.1405712646596573
evo21,323,17,1.136270891655894
evo21,324,17,1.30164133625872
evo21,325,17,1.2277452503057087
evo21,326,17,1.2541013158419554
evo21,327,17,1.4444173219449379
evo21,328,17,1.475635719649932
evo21,329,17,1.2049544975161552
evo21,330,17,1.1653343364596367
evo21,331,17,1.3850740034352331
evo21,332,17,1.4338642724734896
evo21,333,17,1.2858137295526617
evo21,334,17,1.662341876722434
evo21,335,17,1.1186745885540457
evo21,336,17,1.3022392348331564
evo21,337,17,1.8650584089405395
evo21,338,17,1.3960938361637734
evo21,339,17,1.4603205373620285
evo21,340,17,1.1459168688777615
evo21,341,17,1.5099326214369606
evo21,342,17,1.1819422472925747
evo21,343,17,1.5764855510171722
evo21,344,17,1.2504020287271809
evo21,345,17,1.4887427674496876
evo21,346,17,1.2647466028437895
evo21,347,17,1.1195010052007788
evo21,348,17,1.4107206295080044
evo21,349,17,1.773166616611621
evo21,350,17,1.7915986802648096
evo21,351,17,1.4443822853705461
evo21,352,17,1.4243344557197655
evo21,353,17,1.444410256603185
evo21,354,17,2.013120063525789
evo21,355,17,1.675911445828045
evo21,356,17,1.4333583730108597
evo21,357,17,1.3008873591966488
evo21,358,17,1.1704151332378387
evo21,359,17,1.5686195534380043
evo21,360,17,1.024127468247624
evo21,361,17,1.0361397014383007
evo21,362,17,1.3611308209159796
evo21,363,17,1.1410932904657196
evo21,364,17,1.3993635913904976
evo21,365,17,0.9726363159716129
evo21,366,17,1.896954889244893
evo21,367,17,1.4307302999145843
evo21,368,17,1.4233899896635729
evo21,369,17,1.569475670947748
evo21,370,17,1.5136571026900236
evo21,371,17,1.2690252118250902
evo21,372,17,1.7009355535402018
evo21,373,17,1.515843424726935
evo21,374,17,1.503410854979473
evo21,375,17,1.564675404525855
evo21,376,17,1.495078110738712
evo21,377,17,1.6607561120215584
evo21,378,17,1.5707945972681046
evo21,379,17,1.283692185931346
evo21,380,17,1.6722475540112047
evo21,381,17,1.2410648732500917
evo21,382,17,1.637024068437955
evo21,383,17,1.668005749802379
evo21,384,17,1.3722307561513256
evo21,385,17,1.456476605771219
evo21,386,17,1.6939868983976982
evo21,387,17,1.460011615034412
evo21,388,17,1.6308659330448683
evo21,389,17,1.907835257184856
evo21,390,17,1.4251113034346525
evo21,391,17,1.5905636069090927
evo21,392,17,1.5516574963489
evo21,393,17,1.2518449250389547
evo21,394,17,1.1979965631137877
evo21,395,17,1.6198969858095926
evo21,396,17,1.4934305336107225
evo21,397,17,1.6995728053152561
evo21,398,17,1.163043025881052
evo21,399,17,1.6897059707518887
evo21,400,17,1.165647109860883
evo21,401,17,1.1495616289184374
evo21,402,17,1.3469845753382235
evo21,403,17,1.2380977163420004
evo21,404,17,1.132721423445379
evo21,405,17,1.0032174646416132
evo21,406,17,1.617726359735517
evo21,407,17,1.2648270316421986
evo21,408,17,1.589298659168622
evo21,409,17,1.2487334953073193
evo21,410,17,1.439053470159278
evo21,411,17,1.486135154743405
evo21,412,17,1.5985073212753325
evo21,413,17,1.8208578520399683
evo21,414,17,1.5416715986588423
evo21,415,17,1.3001280665835913
evo21,416,17,1.242313019493047
evo21,417,17,1.4958307304803062
evo21,418,17,1.4526442276204334
evo21,419,17,1.9177395675112219
evo21,420,17,1.8725483982878572
evo21,421,17,1.6221299504532534
evo21,422,17,1.818448476931628
evo21,423,17,1.137124941629522
evo21,424,17,1.3528613378019894
evo21,425,17,1.4843858309528406
evo21,426,17,1.4200128259904243
evo21,427,17,1.1131588959080332
evo21,428,17,1.550364878247766
evo21,429,17,1.9841410565902204
evo21,430,17,1.6906912431997412
evo21,431,17,1.1305684311424984
evo21,432,17,1.2538331321933691
evo21,433,17,1.66203275410568
evo21,434,17,1.3958784990450914
evo21,435,17,1.5840939984602087
evo21,436,17,1.4601050089387333
evo21,437,17,1.324230403146323
evo21,438,17,1.5782435952740557
evo21,439,17,1.5109381923342453
evo21,440,17,1.6437139646971928
evo21,441,17,1.6621718796737053
evo21,442,17,1.0574296204482807
evo21,443,17,1.1940956663559466
evo21,444,17,1.5681470084716291
evo21,445,17,1.087690675521598
evo21,446,17,1.4802693834199625
evo21,447,17,1.4851961293641258
evo21,448,17,1.2227918705081238
evo21,449,17,1.3102549914928043
evo21,450,17,1.3125150817282059
evo21,451,17,1.7207350389045828
evo21,452,17,1.6074617207050323
evo21,453,17,1.4778396962758373
evo21,454,17,1.2357062121086262
evo21,455,17,1.5620588370982338
evo21,456,17,1.7742653234916574
evo21,457,17,1.750341906267054
evo21,458,17,1.7410835461581455
evo21,459,17,1.8738631492151934
evo21,460,17,1.186815550660386
evo21,461,17,1.4966576208963114
evo21,462,17,1.3506269731065805
evo21,463,17,2.0966464430093765
evo21,464,17,1.363489281386137
evo21,465,17,1.7170283305732643
evo21,466,17,1.496778997428277
evo21,467,17,1.3605905613478493
evo21,468,17,1.5504878134850193
evo21,469,17,1.612771716187982
evo21,470,17,1.3674627130522448
evo21,471,17,1.4415943894316168
evo21,472,17,1.2957229292129768
evo21,473,17,1.6757970997954117
evo21,474,17,1.2127513789078768
evo21,475,17,1.4052266539896237
evo21,476,17,2.053602618767935
evo21,477,17,1.5552331840290743
evo21,478,17,1.410332845414386
evo21,479,17,1.515319274190594
evo21,480,17,1.7332442626357079
evo21,481,17,1.8181914459256565
evo21,482,17,1.412398195880301
evo21,483,17,1.5032819058088696
evo21,484,17,1.238896736765609
evo21,485,17,1.3245331601184958
evo21,486,17,1.1900792796822155
evo21,487,17,1.5292911428739042
evo21,488,17,1.4521652970682173
evo21,489,17,1.0788093533586054
evo21,490,17,0.9660014067502583
evo21,491,17,2.1600128030952286
evo21,492,17,1.4157535521423115
evo21,493,17,1.313990344896036
evo21,494,17,1.175534539801233
evo21,495,17,1.5796101658659822
evo21,496,17,1.6502949490266687
evo21,497,17,1.053128083839136
evo21,498,17,1.7480812269975157
evo21,499,17,1.3445863596656744
evo21,500,17,1.0641983219367617
evo21,501,17,1.242139128201148
evo21,502,17,1.5434553605668686
evo21,503,17,0.8976864635067827
evo21,504,17,1.2898442403358572
evo21,505,17,1.064171731033746
evo21,506,17,0.9212476067683276
evo21,507,17,1.0635724950800924
evo21,508,17,1.0961623487665373
evo21,509,17,1.3635076753356878
evo21,510,17,1.1900654314633679
evo21,511,17,1.1770372206673902
evo21,512,17,1.5348492133266785
evo21,513,17,1.933684870819835
evo21,514,17,1.384140938958701
evo21,515,17,1.4824870627592592
evo21,516,17,1.075507744708482
evo21,517,17,1.3580057095078861
evo21,518,17,1.112367137828294
evo21,519,17,1.3010659719652988
evo21,520,17,1.3594620365868597
evo21,521,17,1.2927094980636065
evo21,522,17,1.3202275732422577
evo21,523,17,1.3525978620438015
evo21,524,17,1.1470774718943764
evo21,525,17,1.0431830271640246
evo21,526,17,1.7044078733991175
evo21,527,17,1.2987944607568138
evo21,528,17,1.0198078727459206
evo21,529,17,1.210543347084347
evo21,530,17,1.503237016389475
evo21,531,17,1.363088744089884
evo21,532,17,1.2159384984303923
evo21,533,17,1.237006396164789
evo21,534,17,1.2103752114755266
evo21,535,17,1.129841338514405
evo21,536,17,1.1711894879665445
evo21,537,17,1.370497772579684
evo21,538,17,1.5776631420149523
evo21,539,17,1.529125896446845
evo21,540,17,1.2053567103165037
evo21,541,17,1.3496443445191664
evo21,542,17,1.401692280874533
evo21,543,17,1.5856782614308245
evo21,544,17,1.2416840945096577
evo21,545,17,1.6693194826297901
evo21,546,17,1.4268550053238869
evo21,547,17,1.1681981827406323
evo21,548,17,1.2541503643288332
evo21,549,17,1.3746542941559763
evo21,550,17,1.652607926112764
evo21,551,17,1.371607809820596
evo21,552,17,1.3136634664500462
evo21,553,17,1.7752297516254818
evo21,554,17,1.2680421156041763
evo21,555,17,1.4116102189702147
evo21,556,17,1.4149532475892235
evo21,557,17,1.1398461605696117
evo21,558,17,1.0741536073824938
evo21,559,17,1.0457985348561232
evo21,560,17,1.146696484702475
evo21,561,17,1.6107309734558357
evo21,562,17,1.8478862395619644
evo21,563,17,1.495628788628999
evo21,564,17,1.49392667325104
evo21,565,17,1.5195110006367458
evo21,566,17,1.2020261046641014
evo21,567,17,1.5226909310063894
evo21,568,17,1.3143379856996678
evo21,569,17,1.955663466497379
evo21,570,17,1.1542801133850042
evo21,571,17,1.2549793203087414
evo21,572,17,1.279736589640379
evo21,573,17,2.209890256252359
evo21,574,17,1.2342803543981384
evo21,575,17,1.2383880775202722
evo21,576,17,1.3792135188465608
evo21,577,17,1.2543989563470377
evo21,578,17,1.3441344418508165
evo21,579,17,1.1432634631500525
evo21,580,17,1.0774568481480373
evo21,581,17,0.8757089307422147
evo21,582,17,1.330267942565329
evo21,583,17,1.022551466436947
evo21,584,17,1.440866970402353
evo21,585,17,1.061247226946494
evo21,586,17,0.9916772336206016
evo21,587,17,0.9282125002321076
evo21,588,17,1.0010727492763716
evo21,589,17,1.4276948430958916
evo21,590,17,1.2376691657392418
evo21,591,17,1.0680615576531958
evo21,592,17,1.020390968550654
evo21,593,17,1.1164832080111784
evo21,594,17,1.4925118470016647
evo21,595,17,1.3386980571291025
evo21,596,17,1.209970398532117
evo21,597,17,1.155470264965997
evo21,598,17,1.203872782342574
evo21,599,17,1.3757541729685139
evo21,600,17,1.1068122923812445
evo21,601,17,0.8976820392862839
evo21,602,17,1.5780475560356588
evo21,603,17,1.2918942802969147
evo21,604,17,1.2599149416474735
evo21,605,17,2.0761023210909437
evo21,606,17,1.5845436672953999
evo21,607,17,1.5234772795263458
evo21,608,17,1.258378383648746
evo21,609,17,1.438234710956321
evo21,610,17,1.0132525348488022
evo21,611,17,1.3935960273751442
evo21,612,17,1.2347074979368378
evo21,613,17,1.20998101385639
evo21,614,17,1.0667751399690615
evo21,615,17,0.9223222701865084
evo21,616,17,1.0020848764654469
evo21,617,17,0.7792022274259258
evo21,618,17,0.9733169365893392
evo21,619,17,0.8517471464241252
evo21,620,17,1.0258162100525463
evo21,621,17,1.0120657583808197
evo21,622,17,1.3263273187639082
evo21,623,17,0.9918211384073776
evo21,624,17,1.1072642005541746
evo21,625,17,1.304534073042519
evo21,626,17,0.979183059404878
evo21,627,17,0.7962047641768175
evo21,628,17,0.9076784362687784
evo21,629,17,0.9259020107633927
evo21,630,17,1.2369771143969368
evo21,631,17,1.0947617618914913
evo21,632,17,0.7999403684893075
evo21,633,17,1.4187244246439898
evo21,634,17,1.049917054526946
evo21,635,17,0.9905668836744392
evo21,636,17,1.2504952953142279
evo21,637,17,1.1998895004610806
evo21,638,17,1.3141168223365265
evo21,639,17,1.1702834086163956
evo21,640,17,1.1141475176109987
evo21,641,17,1.0753600163494839
evo21,642,17,1.3250953250509852
evo21,643,17,1.2899330691160524
evo21,644,17,1.3210390313144993
evo21,645,17,1.2792373553794973
evo21,646,17,1.078314117868157
evo21,647,17,1.2568478591959267
evo21,648,17,1.1114106170613975
evo21,649,17,1.2084566492806463
evo21,650,17,1.2057272066526554
evo21,651,17,1.4950761594535673
evo21,652,17,1.4378468774478226
evo21,653,17,0.9773320842753438
evo21,654,17,1.3011628838584703
evo21,655,17,1.0599546549732195
evo21,656,17,1.4198849976939314
evo21,657,17,1.0268784342881512
evo21,658,17,0.8516651790808228
evo21,659,17,0.8776215389370918
evo21,660,17,0.9637148058151498
evo21,661,17,0.9021390330813387
evo21,662,17,1.1533897581017192
evo21,663,17,0.9811830487759674
evo21,664,17,1.0962427893982214
evo21,665,17,1.0494685826056145
evo21,666,17,1.458892411826288
evo21,667,17,1.2604058390921529
evo21,668,17,1.4700058227514519
evo21,669,17,1.646897029460353
evo21,670,17,1.3127860827919315
evo21,671,17,1.4186222228933782
evo21,672,17,1.4350037569289698
evo21,673,17,1.1067200947333784
evo21,674,17,1.1597345635733183
evo21,675,17,0.9192441372091279
evo21,676,17,1.2952046737293987
evo21,677,17,1.0620588129386306
evo21,678,17,0.9811486511984292
evo21,679,17,1.1154995136620367
evo21,680,17,1.0450577272430939
evo21,681,17,1.023077170309775
evo21,682,17,1.2822935638182305
evo21,683,17,1.2149721736855366
evo21,684,17,1.331725300015772
evo21,685,17,0.7909776350373731
evo21,686,17,1.3662822814110447
evo21,687,17,1.4565767350004
evo21,688,17,1.0416252481586792
evo21,689,17,1.165784269790439
evo21,690,17,1.10727345691446
evo21,691,17,1.355583956136423
evo21,692,17,1.5104427710175514
evo21,693,17,1.2232972942840528
evo21,694,17,1.0806246136917788
evo21,695,17,1.2163183065679144
evo21,696,17,1.129114344716072
evo21,697,17,1.1499249674379826
evo21,698,17,1.2352583607220475
evo21,699,17,1.356868991299587
evo21,700,17,1.2534913293579046
evo21,701,17,1.2373162795077353
evo21,702,17,1.34344153588309
evo21,703,17,1.1600528201636147
evo21,704,17,0.9671829542254701
evo21,705,17,1.411921276437009
evo21,706,17,1.3943563617546768
evo21,707,17,1.0448089287999798
evo21,708,17,1.3588021441965419
evo21,709,17,0.7843467772883528
evo21,710,17,1.0697202590458534
evo21,711,17,0.9699784092714682
evo21,712,17,1.323895906262538
evo21,713,17,1.133040124166976
evo21,714,17,1.0340241145561724
evo21,715,17,1.0153085207018782
evo21,716,17,0.8778643731356544
evo21,717,17,0.9911827929317951
evo21,718,17,1.53766089995556
evo21,719,17,0.9652317561866606
evo21,720,17,1.2824449898565518
evo21,721,17,1.244021170772612
evo21,722,17,0.8667328419054255
evo21,723,17,1.6180619608391733
evo21,724,17,1.1851465112584478
evo21,725,17,1.0278991480522297
evo21,726,17,0.6966362639385111
evo21,727,17,1.0008479310747456
evo21,728,17,0.8596827387809753
evo21,729,17,1.2078393940978192
evo21,730,17,0.9730421506306705
evo21,731,17,1.3340569066212458
evo21,732,17,1.460736328845515
evo21,733,17,1.3828028986120926
evo21,734,17,1.691802640171612
evo21,735,17,1.1653777172460276
evo21,736,17,1.1604966239675003
evo21,737,17,1.3600806328741943
evo21,738,17,1.0486680559047006
evo21,739,17,1.386325135936632
evo21,740,17,1.4684766735881567
evo21,741,17,1.1158880345961626
evo21,742,17,1.7815891887773485
evo21,743,17,1.4127441230503952
evo21,744,17,0.9997325918691999
evo21,745,17,1.5871109000461943
evo21,746,17,0.9223700242445749
evo21,747,17,1.9062741387854605
evo21,748,17,1.4939085354699808
evo21,749,17,0.976313189658172
evo21,750,17,1.2395745167399155
evo21,751,17,1.3005329151363934
evo21,752,17,1.021086325540262
evo21,753,17,1.2442696425406372
evo21,754,17,0.7814960997442112
evo21,755,17,0.7749399269985802
evo21,756,17,1.3216511043993866
evo21,757,17,0.9854740090668201
evo21,758,17,1.3633343092001535
evo21,759,17,1.0836223859120817
evo21,760,17,1.3916097660275066
evo21,761,17,1.3358537142767626
evo21,762,17,1.3038015050046585
evo21,763,17,1.1749412393306984
evo21,764,17,0.9339152440867003
evo21,765,17,1.0656724024344892
evo21,766,17,1.5353020035168703
evo21,767,17,1.2327114242841215
evo21,768,17,1.0411696710130747
evo21,769,17,1.3274455131853329
evo21,770,17,1.295501552083913
evo21,771,17,1.0640588933054138
evo21,772,17,0.9787384177393773
evo21,773,17,0.9361656641258913
evo21,774,17,0.9961709253051702
evo21,775,17,1.1232296289766537
evo21,776,17,0.8512850988875417
evo21,777,17,0.8921476922491017
evo21,778,17,1.4515157078995424
evo21,779,17,1.5027651780230158
evo21,780,17,0.9606614580706638
evo21,781,17,1.3929745473844164
evo21,782,17,1.0758893441628008
evo21,783,17,0.8918858188040116
evo21,784,17,1.2226855485316586
evo21,785,17,0.8750432753825889
evo21,786,17,0.8861107797745396
evo21,787,17,0.8661111377398757
evo21,788,17,0.8488913380047854
evo21,789,17,1.2209881143096615
evo21,790,17,1.4681930289987255
evo21,791,17,1.2117299100055414
evo21,792,17,0.7789700275615734
evo21,793,17,1.166597892256344
evo21,794,17,1.3834008245783693
evo21,795,17,0.9306274102452923
evo21,796,17,1.2910599114702028
evo21,797,17,0.8943527026430649
evo21,798,17,1.1213464306338745
evo21,799,17,1.0883356813779648
evo21,800,17,1.2080293215592117
evo21,801,17,0.8762132551192361
evo21,802,17,0.8605836904881632
evo21,803,17,0.9092927694539813
evo21,804,17,0.8404513987548211
evo21,805,17,0.7231158815762576
evo21,806,17,0.9124751763747019
evo21,807,17,0.7812876276233617
evo21,808,17,0.9298968987868113
evo21,809,17,1.13346135802567
evo21,810,17,1.1791987521026064
evo21,811,17,1.1443842729444014
evo21,812,17,0.8814778257818783
evo21,813,17,1.104786457713036
evo21,814,17,0.7252702608923701
evo21,815,17,0.6233392727068242
evo21,816,17,1.1477252106894464
evo21,817,17,1.1162977480493925
evo21,818,17,1.0720462425447561
evo21,819,17,0.8848971954601652
evo21,820,17,0.6702036515754812
evo21,821,17,0.8782240699100143
evo21,822,17,0.6066546569413999
evo21,823,17,1.0215300825588844
evo21,824,17,0.9409529301611816
evo21,825,17,0.9082491262541974
evo21,826,17,1.6054360388832933
evo21,827,17,0.8602218018735156
evo21,828,17,1.2499467331696958
evo21,829,17,0.8236675893559176
evo21,830,17,1.02009745161323
evo21,831,17,1.0628699035767246
evo21,832,17,1.3904398274334038
evo21,833,17,1.3015072083867647
evo21,834,17,1.4283585700151675
evo21,835,17,0.922417368301574
evo21,836,17,1.2546214189051705
evo21,837,17,0.7273200085277066
evo21,838,17,1.1169125315021067
evo21,839,17,0.998361839529346
evo21,840,17,1.7273669575943666
evo21,841,17,1.17784622503335
evo21,842,17,1.1985703661818714
evo21,843,17,1.574632643338512
evo21,844,17,1.3614763367701979
evo21,845,17,1.2047148671220331
evo21,846,17,1.2199863258968382
evo21,847,17,0.718815633260152
evo21,848,16,1.1814638619543985
evo21,849,16,1.6346695474348962
evo21,850,16,1.416708494303748
evo21,851,16,1.327913752058521
evo21,852,16,0.8540518479421735
evo21,853,16,1.3767313067801297
evo21,854,16,1.1536371784750372
evo21,855,16,1.4388887765817344
evo21,856,16,0.98446299508214
evo21,857,16,1.1023634790908545
evo21,858,16,1.0761335683055222
evo21,859,16,1.0468907792819664
evo21,860,16,1.0505918762646616
evo21,861,16,0.87216862058267
evo21,862,16,1.0431412828620523
evo21,863,16,0.9891871600411832
evo21,864,16,1.1283951289951801
evo21,865,16,1.5738773364573717
evo21,866,16,1.2830706117674708
evo21,867,16,0.9820753128733486
evo21,868,16,2.26012061862275
evo21,869,16,1.6121963262557983
evo21,870,16,0.980640634894371
evo21,871,16,0.7700822046026587
evo21,872,16,1.2382686343044043
evo21,873,16,1.0860031973570585
evo21,874,16,1.6387643495108932
evo21,875,16,1.4612552829785272
evo21,876,16,1.0802195128053427
evo21,877,16,1.3097914415411651
evo21,878,16,1.2080242186784744
evo21,879,16,1.072325955145061
evo21,880,16,1.2447323389351368
evo21,881,16,1.625516974600032
evo21,882,16,1.6540071330964565
evo21,883,16,1.7847088864073157
evo21,884,16,1.000072275637649
evo21,885,16,1.3566914040129632
evo21,886,16,0.9045760871376842
evo21,887,16,1.1130018167896196
evo21,888,16,1.6146150855347514
evo21,889,16,1.3320010392926633
evo21,890,16,1.511249924544245
evo21,891,16,1.5005386690609157
evo21,892,16,1.198071897495538
evo21,893,16,1.4615773822879419
evo21,894,16,1.0215633353218436
evo21,895,16,1.3403163952752948
evo21,896,16,1.1266277914401144
evo21,897,16,0.912245002342388
evo21,898,16,1.5851940917782485
evo21,899,16,1.1984545048326254
evo21,900,16,1.1842848875094205
evo21,901,16,1.0582444681786
evo21,902,16,1.2914991832803935
evo21,903,16,1.138062343816273
evo21,904,16,0.9878925039665774
evo21,905,16,0.9719877298921347
evo21,906,16,0.7896732280496508
evo21,907,16,1.435640902025625
evo21,908,16,1.0510617922991514
evo21,909,16,0.9235058648046106
evo21,910,16,1.0126738450489938
evo21,911,16,0.8862957204692066
evo21,912,16,1.737063046777621
evo21,913,16,1.2110525669995695
evo21,914,16,1.307829670375213
evo21,915,16,1.3108793596038595
evo21,916,16,1.4560509696602821
evo21,917,16,1.3223156854510307
evo21,918,16,1.536538689630106
evo21,919,16,1.1785726968664676
evo21,920,16,1.1905760559020564
evo21,921,16,1.1179938379209489
evo21,922,16,1.072800719877705
evo21,923,16,1.249718522420153
evo21,924,16,0.844260289799422
evo21,925,16,1.315308902761899
evo21,926,16,1.2450002604164183
evo21,927,16,1.435935438843444
evo21,928,16,1.375873307697475
evo21,929,16,1.3106776154600084
evo21,930,16,1.0470305657945573
evo21,931,16,1.3550622819457203
evo21,932,16,1.0224425808992237
evo21,933,16,1.0130736518185586
evo21,934,16,1.1316223565954715
evo21,935,16,2.015416912967339
evo21,936,16,1.4729040657402948
evo21,937,16,1.4130924179917201
evo21,938,16,0.9984412319026887
evo21,939,16,1.2262445774395019
evo21,940,16,1.2905959265772253
evo21,941,16,1.149600496282801
evo21,942,16,1.454871480120346
evo21,943,16,1.216997378040105
evo21,944,16,1.3410611767321825
evo21,945,16,1.462168813450262
evo21,946,16,2.7206295393407345
evo21,947,16,1.6063522677868605
evo21,948,16,1.700402682647109
evo21,949,16,1.266493030358106
evo21,950,16,1.1315835965797305
evo21,951,16,0.9675341635011137
evo21,952,16,1.5499765840359032
evo21,953,16,1.5079354122281075
evo21,954,16,1.6165454727597535
evo21,955,16,1.603029165416956
evo21,956,16,1.5250679298769683
evo21,957,16,1.1158314738422632
evo21,958,16,1.33129489608109
evo21,959,16,1.1530738193541765
evo21,960,16,1.1671461029909551
evo21,961,16,1.5026689395308495
evo21,962,16,1.6185424150899053
evo21,963,16,1.4579391148872674
evo21,964,16,1.0470314351841807
evo21,965,16,1.5554150925017893
evo21,966,16,1.4690193054266274
evo21,967,16,1.9746424718759954
evo21,968,16,1.0042022939305753
evo21,969,16,1.4408098394051194
evo21,970,16,1.47014522831887
evo21,971,16,1.3226208458654583
evo21,972,16,1.2446526715066284
evo21,973,16,1.1597837256267667
evo21,974,16,1.6698938477784395
evo21,975,16,1.5528792263939977
evo21,976,16,1.7698772656731308
evo21,977,16,1.8867875877767801
evo21,978,16,2.2683984665200114
evo21,979,16,1.1555126113817096
evo21,980,16,1.4155790423974395
evo21,981,16,1.3028309172950685
evo21,982,16,1.4555803798139095
evo21,983,16,1.1686482969671488
evo21,984,16,1.3500940222293139
evo21,985,16,1.1564905499108136
evo21,986,16,1.3816052260808647
evo21,987,16,1.2804325623437762
evo21,988,16,1.457282607909292
evo21,989,16,1.3684422357473522
evo21,990,16,1.2630895511247218
evo21,991,16,1.4786987630650401
evo21,992,16,1.8456199248321354
evo21,993,16,1.288162289885804
evo21,994,16,1.2192766116932034
evo21,995,16,1.7539190859533846
evo21,996,16,1.2593623981811106
evo21,997,16,1.4879612075164914
evo21,998,16,1.4552181391045451
evo21,999,16,1.228707457659766
evo21,1000,16,1.2422872027382255
evo21,1001,16,1.4066144190728664
evo21,1002,16,1.332514751702547
evo21,1003,16,1.1829092777334154
evo21,1004,16,0.9028965677134693
evo21,1005,16,1.1993890744633973
evo21,1006,16,1.1728291953913867
evo21,1007,16,1.3951005563139915
evo21,1008,16,0.8955855364911258
evo21,1009,16,1.4212425227742642
evo21,1010,16,1.7086088270880282
evo21,1011,16,1.9105380452238023
evo21,1012,16,1.3699811496771872
evo21,1013,16,1.576691563706845
evo21,1014,16,1.7140303943306208
evo21,1015,16,1.3957142140716314
evo21,1016,16,1.4833318195305765
evo21,1017,16,1.6160781600046903
evo21,1018,16,1.322531848680228
evo21,1019,16,1.3971890164539218
evo21,1020,16,1.6589161520823836
evo21,1021,16,1.4445867533795536
evo21,1022,16,1.3922946429811418
evo21,1023,16,1.3296853709034622
evo21,1024,16,1.6765478611923754
evo21,1025,16,1.2500623604282737
evo21,1026,16,1.2031143554486334
evo21,1027,16,1.3707509038504213
evo21,1028,16,1.2519071185961366
evo21,1029,16,1.5779679643455893
evo21,1030,16,1.6524535724893212
evo21,1031,16,1.4789014558773488
evo21,1032,16,1.3354724862147123
evo21,1033,16,1.5824293699115515
evo21,1034,16,1.4894429915584624
evo21,1035,16,1.2702528210356832
evo21,1036,16,1.54132843692787
evo21,1037,16,1.1919151255860925
evo21,1038,16,1.3430869402363896
evo21,1039,16,1.2076268657110631
evo21,1040,16,1.4575345111079514
evo21,1041,16,1.1303209973266348
evo21,1042,16,1.451363374479115
evo21,1043,16,1.2889884416945279
evo21,1044,16,1.2727226638235152
evo21,1045,16,1.3530827027279884
evo21,1046,16,1.326045008841902
evo21,1047,16,1.1880378304049373
evo21,1048,16,1.139709347160533
evo21,1049,16,1.8903227327391505
evo21,1050,16,1.5152020645327866
evo21,1051,16,1.347125259693712
evo21,1052,16,1.2414080137386918
evo21,1053,16,1.415625672787428
evo21,1054,16,1.7401728169061244
evo21,1055,16,1.7934447131119668
evo21,1056,16,1.1233154034707695
evo21,1057,16,1.4069683528505266
evo21,1058,16,1.2054037279449403
evo21,1059,16,1.7013095510192215
evo21,1060,16,1.5817127684131265
evo21,1061,16,1.2174536541569978
evo21,1062,16,1.5748965863604099
evo21,1063,16,1.6945041285362095
evo21,1064,16,1.4122328308876604
evo21,1065,16,1.1052248293999583
evo21,1066,16,1.5724313296377659
evo21,1067,16,1.3775827130302787
evo21,1068,16,1.451736147981137
evo21,1069,16,1.6470469911582768
evo21,1070,16,1.2530519005376846
evo21,1071,16,1.2788117630407214
evo21,1072,16,1.4182451374363154
evo21,1073,16,1.3885315614752471
evo21,1074,16,1.076531626516953
evo21,1075,16,1.5334807636681944
evo21,1076,16,1.895677792839706
evo21,1077,16,1.5900442767888308
evo21,1078,16,1.145702926442027
evo21,1079,16,1.2656827638857067
evo21,1080,16,1.5598973147571087
evo21,1081,16,1.562278957106173
evo21,1082,16,1.7077883565798402
evo21,1083,16,1.532049206085503
evo21,1084,16,1.2170762876048684
evo21,1085,16,1.537207334768027
evo21,1086,16,1.4847521774936467
evo21,1087,16,1.3635694752447307
evo21,1088,16,1.6909981158096343
evo21,1089,16,1.3404592976439744
evo21,1090,16,1.6623019648250192
evo21,1091,16,1.5962793650105596
evo21,1092,16,1.2693534693680704
evo21,1093,16,1.4112940116319805
evo21,1094,16,1.498334791045636
evo21,1095,16,1.109228923683986
evo21,1096,16,1.7508959858678281
evo21,1097,16,2.013179771602154
evo21,1098,16,1.9023072943091393
evo21,1099,16,1.3716170694679022
evo21,1100,16,1.2750807772390544
evo21,1101,16,1.8526849932968616
evo21,1102,16,1.229994042776525
evo21,1103,16,1.6272754478268325
evo21,1104,16,1.4069775964599103
evo21,1105,16,1.4375198129564524
evo21,1106,16,1.500812082318589
evo21,1107,16,1.099965600296855
evo21,1108,16,1.2434478495270014
evo21,1109,16,1.1491396194323897
evo21,1110,16,1.2598429971840233
evo21,1111,16,1.3180524962954223
evo21,1112,16,1.4776507625356317
evo21,1113,16,1.1756150936707854
evo21,1114,16,1.2500903578475118
evo21,1115,16,1.087407558457926
evo21,1116,16,1.6421026857569814
evo21,1117,16,0.9934985316358507
evo21,1118,16,1.5397134793456644
evo21,1119,16,1.48355890577659
evo21,1120,16,0.9581034979782999
evo21,1121,16,1.365929248277098
evo21,1122,16,1.3829094809480011
evo21,1123,16,1.2509502444881946
evo21,1124,16,1.379703768528998
evo21,1125,16,1.1340866070240736
evo21,1126,16,1.1666144938208163
evo21,1127,16,1.5003308036830276
evo21,1128,16,1.1336028254590929
evo21,1129,16,1.3846396347507834
evo21,1130,16,1.530651102308184
evo21,1131,16,1.0509732645004988
evo21,1132,16,1.3014080515131354
evo21,1133,16,1.6159626729786396
evo21,1134,16,1.5035222815349698
evo21,1135,16,1.5068105258978903
evo21,1136,16,1.0786382788792253
evo21,1137,16,1.2917559100314975
evo21,1138,16,1.3380230851471424
evo21,1139,16,1.2541563014965504
evo21,1140,16,1.5666076680645347
evo21,1141,16,1.3744207385461777
evo21,1142,16,1.4874717253260314
evo21,1143,16,1.3326588775962591
evo21,1144,16,1.3592148087918758
evo21,1145,16,1.1560793374665082
evo21,1146,16,1.5549278757534921
evo21,1147,16,1.2443469823338091
evo21,1148,16,1.2392611112445593
evo21,1149,16,0.897740631364286
evo21,1150,16,1.076554481871426
evo21,1151,16,1.0309228794649243
evo21,1152,16,1.1884221211075783
evo21,1153,16,0.9604098708368838
evo21,1154,16,1.246896943077445
evo21,1155,16,1.4206717698834836
evo21,1156,16,1.9635967849753797
evo21,1157,16,1.592844090424478
evo21,1158,16,1.3044149628840387
evo21,1159,16,1.4210101049393415
evo21,1160,16,1.6396744912490249
evo21,1161,16,2.0149456383660436
evo21,1162,16,1.3267058017663658
evo21,1163,16,1.4778545130975544
evo21,1164,16,1.8085545795038342
evo21,1165,16,1.4929043552838266
evo21,1166,16,1.3826098595745862
evo21,1167,16,1.4253398331347853
evo21,1168,16,1.5524938460439444
evo21,1169,16,1.827454075217247
evo21,1170,16,1.3607301688753068
evo21,1171,16,1.4786653905175626
evo21,1172,16,1.554431902244687
evo21,1173,16,1.4550827778875828
evo21,1174,16,1.6833136789500713
evo21,1175,16,1.4714799369685352
evo21,1176,16,1.2597566242329776
evo21,1177,16,1.2648486257530749
evo21,1178,16,1.6745575368404388
evo21,1179,16,1.251879506278783
evo21,1180,16,1.3379500713199377
evo21,1181,16,1.3295262660831213
evo21,1182,16,1.155331812798977
evo21,1183,16,1.352197806816548
evo21,1184,16,1.4782398324459791
evo21,1185,16,1.4791940432041883
evo21,1186,16,1.5948964874260128
evo21,1187,16,1.3444836684502661
evo21,1188,16,1.535899878013879
evo21,1189,16,1.2087165131233633
evo21,1190,16,1.1138884471729398
evo21,1191,16,1.7986837306525558
evo21,1192,16,1.5340501852333546
evo21,1193,16,1.7511434559710324
evo21,1194,16,1.7009392380714417
evo21,1195,16,1.6593464384786785
evo21,1196,16,1.3585290955379605
evo21,1197,16,1.5971453990787268
evo21,1198,16,1.3325525224208832
evo21,1199,16,1.5687377052381635
evo21,1200,16,1.3021105730440468
evo21,1201,16,1.9209944973699749
evo21,1202,16,1.1084581101313233
evo21,1203,16,1.4594900393858552
evo21,1204,16,1.2533535135444254
evo21,1205,16,1.2639737664721906
evo21,1206,16,1.3816742128692567
evo21,1207,16,1.2713782317005098
evo21,1208,16,1.2155493546742946
evo21,1209,16,1.1301296222954988
evo21,1210,16,1.1054017036221921
evo21,1211,16,1.0812358180992305
evo21,1212,16,1.1296778577379882
evo21,1213,16,1.1050776417832822
evo21,1214,16,1.415742095792666
evo21,1215,16,1.442526562139392
evo21,1216,16,1.5762415817007422
evo21,1217,16,1.405030358582735
evo21,1218,16,1.2778430711477995
evo21,1219,16,1.288511410355568
evo21,1220,16,1.5000498765148222
evo21,1221,16,0.8759493548423052
evo21,1222,16,0.9244406828656793
evo21,1223,16,1.140423514181748
evo21,1224,16,1.2919876077212393
evo21,1225,16,1.1304207677021623
evo21,1226,16,1.264950953423977
evo21,1227,16,1.349081619642675
evo21,1228,16,0.9221607360523194
evo21,1229,16,0.6236831294372678
evo21,1230,16,1.3201046155299991
evo21,1231,16,1.229174030246213
evo21,1232,16,1.648249049903825
evo21,1233,16,1.5186417885124683
evo21,1234,16,1.3924964172765613
evo21,1235,16,1.0917014833539724
evo21,1236,16,1.0242699056398124
evo21,1237,16,1.0866825173143297
evo21,1238,16,1.6034401627257466
evo21,1239,16,1.3803000145126134
evo21,1240,16,1.1295142450835556
evo21,1241,16,1.7957309090998024
evo21,1242,16,1.2491179681383073
evo21,1243,16,1.9600951422471553
evo21,1244,16,1.8861990631558
evo21,1245,16,1.3563117389567196
evo21,1246,16,2.0386037608841434
evo21,1247,16,1.3477220761124045
evo21,1248,16,1.6147371344268322
evo21,1249,16,2.02109384839423
evo21,1250,16,1.6614595274440944
evo21,1251,16,1.2367681805044413
evo21,1252,16,1.5902579445391893
evo21,1253,16,1.3772713080979884
evo21,1254,16,1.5787307019345462
evo21,1255,16,1.5216533415950835
evo21,1256,16,1.4296434503048658
evo21,1257,16,1.8313458426855505
evo21,1258,16,1.5675020318012685
evo21,1259,16,1.6324386377818882
evo21,1260,16,1.5703808655962348
evo21,1261,16,1.712777698179707
evo21,1262,16,1.2325716053601354
evo21,1263,16,1.8906540813622996
evo21,1264,16,1.4991145108360797
evo21,1265,16,1.296581608708948
evo21,1266,16,1.4595679147168994
evo21,1267,16,1.4132449799217284
evo21,1268,16,1.2310100770555437
evo21,1269,16,1.541234622709453
evo21,1270,16,1.6141886475961655
evo21,1271,16,1.6342677772045135
evo21,1272,16,1.5669185994192958
evo21,1273,16,1.4710812834091485
evo21,1274,16,1.7151936064474285
evo21,1275,16,1.3088367255404592
evo21,1276,16,1.723270457237959
evo21,1277,16,1.3356377054005861
evo21,1278,16,1.3243519687093794
evo21,1279,16,1.4741449803113937
evo21,1280,16,1.5619202945381403
evo21,1281,16,1.6927286514546722
evo21,1282,16,1.2113730108831078
evo21,1283,16,1.9640717841684818
evo21,1284,16,1.510252685751766
evo21,1285,16,1.3659424270736054
evo21,1286,16,1.5597053857054561
evo21,1287,16,1.3711170996539295
evo21,1288,16,1.723434453131631
evo21,1289,16,1.434885371942073
evo21,1290,16,1.2450906650628895
evo21,1291,16,1.4061995919328183
evo21,1292,16,1.309064356610179
evo21,1293,16,1.3034158116206527
evo21,1294,16,1.3297901791520417
evo21,1295,16,1.3551337383687496
evo21,1296,16,1.4901426176074892
evo21,1297,16,1.5412875176407397
evo21,1298,16,1.2129500219598413
evo21,1299,16,1.3454148909077048
evo21,1300,16,1.26376862404868
evo21,1301,16,1.430061467224732
evo21,1302,16,1.0718085267581046
evo21,1303,16,1.1169393719173968
evo21,1304,16,1.2856510602869093
evo21,1305,16,1.340367957483977
evo21,1306,16,1.275355566991493
evo21,1307,16,1.4353782620746642
evo21,1308,16,1.052841396536678
evo21,1309,16,1.4333727778866887
evo21,1310,16,1.505279565230012
evo21,1311,16,1.029084502486512
evo21,1312,16,2.317809906322509
evo21,1313,16,1.4329694341868162
evo21,1314,16,1.2155366484075785
evo21,1315,16,1.690367765724659
evo21,1316,16,1.7912627602927387
evo21,1317,16,1.416182346874848
evo21,1318,16,1.4249736005440354
evo21,1319,16,1.3904116014018655
evo21,1320,16,1.499018067959696
evo21,1321,16,1.275619700551033
evo21,1322,16,1.3263007951900363
evo21,1323,16,1.385368593968451
evo21,1324,16,1.4336628555320203
evo21,1325,16,1.794866677839309
evo21,1326,16,1.2675259774550796
evo21,1327,16,1.5743004125542939
evo21,1328,16,1.3107994715683162
evo21,1329,16,1.099522739648819
evo21,1330,16,1.2818752601742744
evo21,1331,16,1.53202067874372
evo21,1332,16,1.509266029112041
evo21,1333,16,1.692159418715164
evo21,1334,16,2.124536793678999
evo21,1335,16,1.2571704173460603
evo21,1336,16,1.1202291352674365
evo21,1337,16,1.3551594521850348
evo21,1338,16,1.353522920049727
evo21,1339,16,1.3158125239424407
evo21,1340,16,1.8994492848869413
evo21,1341,16,1.4665539707057178
evo21,1342,16,1.6324867093935609
evo21,1343,16,1.433026659535244
evo21,1344,16,1.4642033278942108
evo21,1345,16,1.5804468048736453
evo21,1346,16,1.6892216028645635
evo21,1347,16,1.4738984275609255
evo21,1348,16,1.2768237153068185
evo21,1349,16,1.6052248263731599
evo21,1350,16,1.8420633552595973
evo21,1351,16,1.1640725282486528
evo21,1352,16,1.409617348574102
evo21,1353,16,1.823536513838917
evo21,1354,16,1.332001131027937
evo21,1355,16,1.4318880080245435
evo21,1356,16,1.5266935317777097
evo21,1357,16,1.2156744012609124
evo21,1358,16,1.4125675684772432
evo21,1359,16,1.4143583830446005
evo21,1360,16,1.1726339096203446
evo21,1361,16,1.3826790684834123
evo21,1362,16,1.3269435814581811
evo21,1363,16,1.3731255137827247
evo21,1364,16,1.2731837616302073
evo21,1365,16,1.8294643377885222
evo21,1366,16,1.7030354300513864
evo21,1367,16,1.1987847751006484
evo21,1368,16,1.7957860531751066
evo21,1369,16,1.4665249767713249
evo21,1370,16,1.3447125991806388
evo21,1371,16,1.399978106142953
evo21,1372,16,1.1239475663751364
evo21,1373,16,1.513874711934477
evo21,1374,16,1.4461555602028966
evo21,1375,16,1.7158165730070323
evo21,1376,16,1.3366492534987628
evo21,1377,16,1.4981283836532384
evo21,1378,16,1.9119861270301044
evo21,1379,16,1.3740566482301801
evo21,1380,16,1.7217160714790225
evo21,1381,16,1.478180986829102
evo21,1382,16,1.5290614003315568
evo21,1383,16,1.44846623390913
evo21,1384,16,1.1666658476460725
evo21,1385,16,1.1413231017068028
evo21,1386,16,1.1719990181736648
evo21,1387,16,1.8693628088803962
evo21,1388,16,1.3217804881278425
evo21,1389,16,1.5755040179938078
evo21,1390,16,1.1091699437238276
evo21,1391,16,1.404971704352647
evo21,1392,16,1.2255555465817451
evo21,1393,16,2.1693396649789065
evo21,1394,16,1.4552818317897618
evo21,1395,16,1.2834187932312489
evo21,1396,16,1.4048139601945877
evo21,1397,16,1.337128717917949
evo21,1398,16,1.6277406802400947
evo21,1399,16,1.581299799028784
evo21,1400,16,1.7096253130584955
evo21,1401,16,1.5369192166253924
evo21,1402,16,1.4092310790438205
evo21,1403,16,1.9943246189504862
evo21,1404,16,1.4642497368622571
evo21,1405,16,1.422443003160879
evo21,1406,16,1.3808560781180859
evo21,1407,16,1.8474946711212397
evo21,1408,16,1.5331296846270561
evo21,1409,16,1.6687983060255647
evo21,1410,16,1.3181178122758865
evo21,1411,16,1.6700847800821066
evo21,1412,16,1.159417484421283
evo21,1413,16,0.8928949455730617
evo21,1414,16,1.5689143256749958
evo21,1415,16,1.1110932137817144
evo21,1416,16,0.9850934769492596
evo21,1417,16,1.5618661870248616
evo21,1418,16,1.0388682056218386
evo21,1419,16,1.2188700502738357
evo21,1420,16,1.0281775230541825
evo21,1421,16,0.8985657764133066
evo21,1422,16,1.3612555202562362
evo21,1423,16,1.380727902520448
evo21,1424,16,0.9523568428121507
evo21,1425,16,1.1321387132629752
evo21,1426,16,0.880469007533975
evo21,1427,16,1.110712420893833
evo21,1428,16,1.265930135268718
evo21,1429,16,1.246545942965895
evo21,1430,16,1.0609145141206682
evo21,1431,16,0.9920463301241398
evo21,1432,16,1.1532061086036265
evo21,1433,16,1.009527696762234
evo21,1434,16,0.8574327549431473
evo21,1435,16,1.6437825874891132
evo21,1436,16,1.3008061489090323
evo21,1437,16,1.1236627278849483
evo21,1438,16,1.621960871387273
evo21,1439,16,1.5532672256231308
evo21,1440,16,1.2964364062063396
evo21,1441,16,1.1489346311427653
evo21,1442,16,1.3468284376431257
evo21,1443,16,1.7579913563095033
evo21,1444,16,1.4730155728757381
evo21,1445,16,0.9273360066581517
evo21,1446,16,1.7941366970771924
evo21,1447,16,1.4980683005414903
evo21,1448,16,1.1511930630076677
evo21,1449,16,1.2611627297010273
evo21,1450,16,1.5329309226945043
evo21,1451,16,1.6284048100933433
evo21,1452,16,1.3243249338120222
evo21,1453,16,1.7273564394563437
evo21,1454,16,1.994544637389481
evo21,1455,16,1.3995292796753347
evo21,1456,16,1.6739410450682044
evo21,1457,16,1.2956949826329947
evo21,1458,16,1.641817383468151
evo21,1459,16,1.3254120452329516
evo21,1460,16,1.4235708890482783
evo21,1461,16,1.2661731261759996
evo21,1462,16,1.0752522605471313
evo21,1463,16,1.0508058671839535
evo21,1464,16,1.1283190820831805
evo21,1465,16,0.911532323807478
evo21,1466,16,1.1359636075794697
evo21,1467,16,1.345359498518519
evo21,1468,16,1.1471872807014734
evo21,1469,16,1.7341556986793876
evo21,1470,16,0.9878565352410078
evo21,1471,16,1.183489833259955
evo21,1472,16,0.9643362229689956
evo21,1473,16,1.3037674645893276
evo21,1474,16,1.4726367993280292
evo21,1475,16,1.1079020509496331
evo21,1476,16,1.0970073221251369
evo21,1477,16,1.1482347783166915
evo21,1478,16,0.9416219661943614
evo21,1479,16,0.9454877974931151
evo21,1480,16,1.4093929072842002
evo21,1481,16,1.2619365772698075
evo21,1482,16,1.042643069755286
evo21,1483,16,1.16363536240533
evo21,1484,16,1.045764269772917
evo21,1485,16,1.1034492808394134
evo21,1486,16,1.2222473511938006
evo21,1487,16,0.8826137282885611
evo21,1488,16,1.452142896130681
evo21,1489,16,1.1517220630776137
evo21,1490,16,0.9800221074838191
evo21,1491,16,1.6562665696255863
evo21,1492,16,1.2790489313192666
evo21,1493,16,1.5800850940868258
evo21,1494,16,1.1017204523086548
evo21,1495,16,1.227418214082718
evo21,1496,16,1.0730060602072626
evo21,1497,16,1.0287310080602765
evo21,1498,16,1.5273537705652416
evo21,1499,16,1.1212526229210198
evo21,1500,16,1.2294284057570621
evo21,1501,16,1.3714546607807279
evo21,1502,16,2.3409725865349174
evo21,1503,16,1.0754061243496835
evo21,1504,16,1.061471275985241
evo21,1505,16,1.4360851598903537
evo21,1506,16,1.8302079434506595
evo21,1507,16,0.9629431585781276
evo21,1508,16,1.6269107391126454
evo21,1509,16,1.44425462721847
evo21,1510,16,1.5374665409326553
evo21,1511,16,1.3053100532852113
evo21,1512,16,1.460446915589273
evo21,1513,16,1.123933247756213
evo21,1514,16,1.4059907924383879
evo21,1515,16,1.1345121273770928
evo21,1516,16,1.181426839204505
evo21,1517,16,1.4073479340877384
evo21,1518,16,1.2157812784425914
evo21,1519,16,1.4413138194940984
evo21,1520,16,1.3135771970264614
evo21,1521,16,1.0211996911093593
evo21,1522,16,1.441074299160391
evo21,1523,16,1.552847746759653
evo21,1524,16,1.8548968727700412
evo21,1525,16,1.138127962127328
evo21,1526,16,1.087204999756068
evo21,1527,16,1.601984997279942
evo21,1528,16,1.5801195134408772
evo21,1529,16,1.323932018596679
evo21,1530,16,1.312254763673991
evo21,1531,16,0.8504824568517506
evo21,1532,16,1.199574223253876
evo21,1533,16,1.57441527210176
evo21,1534,16,0.9923125207424164
evo21,1535,16,1.400315172970295
evo21,1536,16,1.1334396209567785
evo21,1537,16,1.2165968976914883
evo21,1538,16,1.5855840723961592
evo21,1539,16,1.4951033219695091
evo21,1540,16,1.3253833730705082
evo21,1541,16,2.0722850975580513
evo21,1542,16,1.0074021182954311
evo21,1543,16,1.275621639098972
evo21,1544,16,1.1212432966567576
evo21,1545,16,1.2768597453832626
evo21,1546,16,1.5051326155662537
evo21,1547,16,1.1213257270865142
evo21,1548,16,0.8140414543449879
evo21,1549,16,0.941593726631254
evo21,1550,16,0.96436234167777
evo21,1551,16,1.1568604190833867
evo21,1552,16,1.0631279705557972
evo21,1553,16,0.9603454330936074
evo21,1554,16,0.9723044373095036
evo21,1555,16,1.2168472134508193
evo21,1556,16,1.359504250343889
evo21,1557,16,1.5008816360495985
evo21,1558,16,1.2464440446346998
evo21,1559,16,1.6516417558304965
evo21,1560,16,1.725955031812191
evo21,1561,16,1.1810533534735441
evo21,1562,16,1.6446226278785616
evo21,1563,16,1.4071764191612601
evo21,1564,16,1.1601358242332935
evo21,1565,16,1.2929342470597476
evo21,1566,16,1.2996224672533572
evo21,1567,16,1.4926914004608989
evo21,1568,16,1.5559300696477294
evo21,1569,16,1.1184772972483188
evo21,1570,16,1.8952995776198804
evo21,1571,16,1.0755474488250911
evo21,1572,16,1.5419469601474702
evo21,1573,16,1.3790292995981872
evo21,1574,16,1.0502577268052846
evo21,1575,16,1.2647203272208571
evo21,1576,16,1.5596148159820586
evo21,1577,16,1.1763269503135234
evo21,1578,16,1.0550210573710501
evo21,1579,16,1.6492975950241089
evo21,1580,16,1.3265345045365393
evo21,1581,16,1.5647504176013172
evo21,1582,16,1.02990015828982
evo21,1583,16,1.5825453363358974
evo21,1584,16,1.331170840188861
evo21,1585,16,1.687137081520632
evo21,1586,16,1.2875092313624918
evo21,1587,16,1.2091137117240578
evo21,1588,16,1.7365510566160083
evo21,1589,16,1.1712527703493834
evo21,1590,16,1.3342920569702983
evo21,1591,16,1.2651621806435287
evo21,1592,16,1.0795062924735248
evo21,1593,16,1.1870649410411716
evo21,1594,16,1.2443698758725077
evo21,1595,16,1.3559121578000486
evo21,1596,16,1.1957787941209972
evo21,1597,16,1.6376103656366467
evo21,1598,16,1.1980691954959184
evo21,1599,16,1.0817898320965469
evo21,1600,16,1.800221842713654
evo21,1601,16,1.2218978111632168
evo21,1602,16,1.2754068672657013
evo21,1603,16,1.3329618552234024
evo21,1604,16,1.3156892706174403
evo21,1605,16,1.0327725494280457
evo21,1606,16,1.0933673980180174
evo21,1607,16,1.4901845825370401
evo21,1608,16,1.5195921808481216
evo21,1609,16,1.001646782271564
evo21,1610,16,1.0295742144808173
evo21,1611,16,1.4246569913811982
evo21,1612,16,1.232814773451537
evo21,1613,16,1.6674651219509542
evo21,1614,16,1.7802857588976622
evo21,1615,16,1.8181497193872929
evo21,1616,16,1.9921634569764137
evo21,1617,16,1.3954595099203289
evo21,1618,16,1.3440390178002417
evo21,1619,16,1.4796916237100959
evo21,1620,16,1.6486863354220986
evo21,1621,16,1.1762196677736938
evo21,1622,16,1.2082831747829914
evo21,1623,16,1.7412120297085494
evo21,1624,16,1.0434943353757262
evo21,1625,16,1.2984610609710217
evo21,1626,16,1.4549932410009205
evo21,1627,16,1.8067891066893935
evo21,1628,16,1.4512139395810664
evo21,1629,16,1.6015433217398822
evo21,1630,16,1.4648992824368179
evo21,1631,16,1.530092447064817
evo21,1632,16,1.3839076203294098
evo21,1633,16,1.3964432822540402
evo21,1634,16,1.4334750776179135
evo21,1635,16,1.4697987018153071
evo21,1636,16,1.0977825103327632
evo21,1637,16,1.4485983273480088
evo21,1638,16,1.3852837653830647
evo21,1639,16,0.8897925312630832
evo21,1640,16,1.4061230504885316
evo21,1641,16,1.0653280597180128
evo21,1642,16,1.4512299271300435
evo21,1643,16,1.304098216816783
evo21,1644,16,1.1658292696811259
evo21,1645,16,0.9597706696949899
evo21,1646,16,0.8440401065163314
evo21,1647,16,1.24488830473274
evo21,1648,16,1.5244295322336257
evo21,1649,16,1.1742721311748028
evo21,1650,16,1.0512723098509014
evo21,1651,16,1.1670111240819097
evo21,1652,16,1.2690374250523746
evo21,1653,16,1.571306808385998
evo21,1654,16,1.379767071455717
evo21,1655,16,1.2347894643899053
evo21,1656,16,1.1639452062081546
evo21,1657,16,0.8895725654438138
evo21,1658,16,1.069536155089736
evo21,1659,16,1.213342446135357
evo21,1660,16,1.0424567963927984
evo21,1661,16,1.277904988732189
evo21,1662,16,1.3735698303207755
evo21,1663,16,1.0543582988902926
evo21,1664,16,1.1764508895576
evo21,1665,16,0.9821984507143497
evo21,1666,16,1.1562472162768245
evo21,1667,16,1.0416706525720656
evo21,1668,16,1.6272089765407145
evo21,1669,16,0.9666937673464417
evo21,1670,16,1.1532134851440787
evo21,1671,16,1.1912886204663664
evo21,1672,16,1.1551407491788268
evo21,1673,16,1.895401369780302
evo21,1674,16,1.325704519636929
evo21,1675,16,1.1963430074974895
evo21,1676,16,1.4230735753662884
evo21,1677,16,1.353592175990343
evo21,1678,16,1.436863030306995
evo21,1679,16,1.1883765559177846
evo21,1680,16,1.1628446648828685
evo21,1681,16,1.0059151495806873
evo21,1682,16,0.9856104324571788
evo21,1683,16,1.2288451469503343
evo21,1684,16,1.560776200145483
evo21,1685,16,1.4500643347855657
evo21,1686,16,1.286740448558703
evo21,1687,16,1.2558123741764575
evo21,1688,16,1.2332313326187432
evo21,1689,16,1.405089212115854
evo21,1690,16,1.0667453377973288
evo21,1691,16,1.0776853896677494
evo21,1692,16,1.1224914323538542
evo21,1693,16,1.5720609538257122
evo21,1694,16,1.539500754326582
evo21,1695,16,1.5131239448674023
evo21,1696,16,1.7045449139550328
evo21,1697,16,1.4109797021374106
evo21,1698,16,1.5329210532363504
evo21,1699,16,1.1691057998687029
evo21,1700,16,1.8243208122439682
evo21,1701,16,1.626107101328671
evo21,1702,16,1.3730309698730707
evo21,1703,16,1.3180266069248319
evo21,1704,16,1.2441049898043275
evo21,1705,16,1.4123671338893473
evo21,1706,16,1.4830600153654814
evo21,1707,16,1.2504216930828989
evo21,1708,16,1.2879672134295106
evo21,1709,16,1.5869840602390468
evo21,1710,16,1.659294062294066
evo21,1711,16,1.1938118590041995
evo21,1712,16,1.5264068339020014
evo21,1713,16,1.611874098656699
evo21,1714,16,1.237220672192052
evo21,1715,16,1.2819249704480171
evo21,1716,16,1.614112756215036
evo21,1717,16,1.4499664562754333
evo21,1718,16,1.3005841355770826
evo21,1719,16,1.47783620422706
evo21,1720,16,0.9385326532647014
evo21,1721,16,1.0453760661184788
evo21,1722,16,1.1484075761400163
evo21,1723,16,1.8737982148304582
evo21,1724,16,2.157097449991852
evo21,1725,16,1.6242364328354597
evo21,1726,16,1.4401260339654982
evo21,1727,16,1.2113431161269546
evo21,1728,16,0.935410332866013
evo21,1729,16,1.6035705734975636
evo21,1730,16,1.5004443218931556
evo21,1731,16,1.3254325427114964
evo21,1732,16,1.7971019092947245
evo21,1733,16,1.3683532825671136
evo21,1734,16,1.3664264874532819
evo21,1735,16,1.6123224757611752
evo21,1736,16,1.602194573264569
evo21,1737,16,1.507742092013359
evo21,1738,16,1.5564795108512044
evo21,1739,16,1.6168127083219588
evo21,1740,16,1.5608440805226564
evo21,1741,16,1.0350289489142597
evo21,1742,16,1.4813682222738862
evo21,1743,16,1.2729666675440967
evo21,1744,16,1.593463322147727
evo21,1745,16,1.4383937250822783
evo21,1746,16,1.6042778962291777
evo21,1747,16,1.1902101750019938
evo21,1748,16,1.5783246555365622
evo21,1749,16,1.8267679614946246
evo21,1750,16,1.4538861368782818
evo21,1751,16,1.1061440613120794
evo21,1752,16,1.3164786156266928
evo21,1753,16,1.3207290787249804
evo21,1754,16,1.5415414064191282
evo21,1755,16,1.3456584829837084
evo21,1756,16,1.4408337562344968
evo21,1757,16,1.5123628459405154
evo21,1758,16,1.4189413129352033
evo21,1759,16,1.8216465581208467
evo21,1760,16,1.830188593827188
evo21,1761,16,1.3871866394765675
evo21,1762,16,1.3438312546350062
evo21,1763,16,1.855833907611668
evo21,1764,16,1.5001387703232467
evo21,1765,16,1.266535747796297
evo21,1766,16,1.96959082596004
evo21,1767,16,2.0292911236174405
evo21,1768,16,1.7024945826269686
evo21,1769,16,1.6036520544439554
evo21,1770,16,1.6394892763346434
evo21,1771,16,1.7483449042774737
evo21,1772,16,1.61971295485273
evo21,1773,16,1.444637669250369
evo21,1774,16,1.3905441598035395
evo21,1775,16,1.312858212273568
evo21,1776,16,1.6589699313044548
evo21,1777,16,1.6095475391484797
evo21,1778,16,1.4521298916079104
evo21,1779,16,1.1713650468736887
evo21,1780,16,1.3878595330752432
evo21,1781,16,1.151306428015232
evo21,1782,16,1.1998995710164309
evo21,1783,16,1.473129276651889
evo21,1784,16,0.9906351496465504
evo21,1785,16,1.2559601310640574
evo21,1786,16,1.3882459942251444
evo21,1787,16,1.5966187068261206
evo21,1788,16,1.4676944161765277
evo21,1789,16,1.3974142968654633
evo21,1790,16,1.9608567394316196
evo21,1791,16,1.4179794117808342
evo21,1792,16,2.1288930270820856
evo21,1793,16,1.1011085910722613
evo21,1794,16,1.3820150708779693
evo21,1795,16,1.2703663550782949
evo21,1796,16,1.3098973003216088
evo21,1797,16,1.2219508704729378
evo21,1798,16,1.4635067207273096
evo21,1799,16,1.4112045741640031
evo21,1800,16,1.8076174422167242
evo21,1801,16,1.2869888553395867
evo21,1802,16,1.2104885163716972
evo21,1803,16,1.560969561804086
evo21,1804,16,1.4536122232675552
evo21,1805,16,1.2521504280157387
evo21,1806,16,1.4317599730566144
evo21,1807,16,1.6165049183182418
evo21,1808,16,1.4393202806822956
evo21,1809,16,1.1883178264833987
evo21,1810,16,1.268489285139367
evo21,1811,16,1.42564094113186
evo21,1812,16,2.0301158311776817
evo21,1813,16,1.168480263557285
evo21,1814,16,1.2377850459888577
evo21,1815,16,1.2829417895991355
evo21,1816,16,1.4000176039990038
evo21,1817,16,1.5105148677248508
evo21,1818,16,1.7525607547722757
evo21,1819,16,1.7870852602645755
evo21,1820,16,1.3976718126796186
evo21,1821,16,1.34466867800802
evo21,1822,16,1.4874458108097315
evo21,1823,16,1.3436603248119354
evo21,1824,16,1.8495156760327518
evo21,1825,16,1.3353214780800045
evo21,1826,16,1.5170783712528646
evo21,1827,16,1.6937487185932696
evo21,1828,16,1.4040353647433221
evo21,1829,16,1.250262956134975
evo21,1830,16,1.6072160378098488
evo21,1831,16,1.296798744238913
evo21,1832,16,1.492972089909017
evo21,1833,16,1.3847746402025223
evo21,1834,16,1.3547906782478094
evo21,1835,16,1.2608409239910543
evo21,1836,16,1.3205330418422818
evo21,1837,16,1.562363441567868
evo21,1838,16,1.4349103709682822
evo21,1839,16,1.3824553895974532
evo21,1840,16,1.1180255265207961
evo21,1841,16,1.3558432022109628
evo21,1842,16,1.273409708403051
evo21,1843,16,1.2459951464552432
evo21,1844,16,1.411467666272074
evo21,1845,16,1.5987595194019377
evo21,1846,16,1.0933419461362064
evo21,1847,16,1.9041393036022782
evo21,1848,16,1.454189334064722
evo21,1849,16,2.110458259470761
evo21,1850,16,1.5199283622205257
evo21,1851,16,1.3074037255719304
evo21,1852,16,1.738610116764903
evo21,1853,16,1.5600263318046927
evo21,1854,16,1.8164857747033238
evo21,1855,16,1.2274734531529248
evo21,1856,16,1.3834544457495213
evo21,1857,16,1.7784358002245426
evo21,1858,16,1.4549314603209496
evo21,1859,16,1.6299327639862895
evo21,1860,16,1.7985293734818697
evo21,1861,16,1.5748024629428983
evo21,1862,16,1.7162599014118314
evo21,1863,16,1.8926209397614002
evo21,1864,16,1.7018608953803778
evo21,1865,16,1.5439851861447096
evo21,1866,16,1.967765698209405
evo21,1867,16,1.8512627985328436
evo21,1868,16,1.8980008773505688
evo21,1869,16,1.144512953236699
evo21,1870,16,1.7927650529891253
evo21,1871,16,1.7680144123733044
evo21,1872,16,1.394917132332921
evo21,1873,16,1.7128430344164371
evo21,1874,16,1.2825315184891224
evo21,1875,16,1.7149738539010286
evo21,1876,16,1.6776500409469008
evo21,1877,16,1.6918454021215439
evo21,1878,16,1.370759722776711
evo21,1879,16,1.5658973697572947
evo21,1880,16,1.748834228143096
evo21,1881,16,1.8832333572208881
evo21,1882,16,1.8025415008887649
evo21,1883,16,1.666077976115048
evo21,1884,16,1.6821380462497473
evo21,1885,16,1.4610183741897345
evo21,1886,16,1.761842259671539
evo21,1887,16,1.6322312660049647
evo21,1888,16,1.490869255270809
evo21,1889,16,1.3051186124794185
evo21,1890,16,1.4135665479116142
evo21,1891,16,1.2232976055238396
evo21,1892,16,1.2504797694273293
evo21,1893,16,1.2073030178435147
evo21,1894,16,1.214714161818847
evo21,1895,16,1.2897318985778838
evo21,1896,16,1.2365862419828773
evo21,1897,16,1.1104496533516794
evo21,1898,16,1.7262976220808923
evo21,1899,16,1.5896360650658607
evo21,1900,16,1.3880858947522938
evo21,1901,16,1.1896537714637816
evo21,1902,16,1.2211052575148642
evo21,1903,16,1.4085748698562384
evo21,1904,16,1.7622812995687127
evo21,1905,16,1.520335832843557
evo21,1906,16,1.5708006494678557
evo21,1907,16,1.264682047534734
evo21,1908,16,2.018028110265732
evo21,1909,16,1.3154512788169086
evo21,1910,16,1.3044225783087313
evo21,1911,16,1.3701002169400454
evo21,1912,16,1.2553687212057412
evo21,1913,16,1.3807423901744187
evo21,1914,16,1.565602425020188
evo21,1915,16,1.4552890583872795
evo21,1916,16,1.2342131559271365
evo21,1917,16,1.1460011170711368
evo21,1918,16,1.3847661623731256
evo21,1919,16,1.4932734393514693
evo21,1920,16,1.306483577704057
evo21,1921,16,1.8534302888438106
evo21,1922,16,1.2960273115895689
evo21,1923,16,1.7827460821717978
evo21,1924,16,1.5289027262479067
evo21,1925,16,1.4850590759888291
evo21,1926,16,1.38869557576254
evo21,1927,16,1.048884981777519
evo21,1928,16,1.49802738847211
evo21,1929,16,0.9659931864589453
evo21,1930,16,1.3378816414624453
evo21,1931,16,1.5196538511663675
evo21,1932,16,1.2201717332936823
evo21,1933,16,1.2252924665808678
evo21,1934,16,1.0939318928867579
evo21,1935,16,1.1041283691301942
evo21,1936,16,1.0773058934137225
evo21,1937,16,1.5155232311226428
evo21,1938,16,1.7695180410519242
evo21,1939,16,1.1684778477065265
evo21,1940,16,1.0048241624608636
evo21,1941,16,1.0064702902454883
evo21,1942,16,1.2532775807194412
evo21,1943,16,1.4551637219265103
evo21,1944,16,1.515844872687012
evo21,1945,16,1.3780096084810793
evo21,1946,16,1.2891504070721567
evo21,1947,16,1.2264761680271477
evo21,1948,16,1.3412921458948404
evo21,1949,16,1.595874572172761
evo21,1950,16,1.4999247924424708
evo21,1951,16,1.3647207545582205
evo21,1952,16,1.3750480911694467
evo21,1953,16,1.3024908013176173
evo21,1954,16,1.5671817767433822
evo21,1955,16,1.6063037542626262
evo21,1956,16,1.2646617498248816
evo21,1957,16,1.577089249389246
evo21,1958,16,1.57297233492136
evo21,1959,16,1.3418233667034656
evo21,1960,16,1.5034753205254674
evo21,1961,16,1.1193070925073698
evo21,1962,16,1.7533804215490818
evo21,1963,16,1.5737398464698344
evo21,1964,16,1.6615078137256205
evo21,1965,16,1.3245062702335417
evo21,1966,16,1.068344424245879
evo21,1967,16,1.335787056479603
evo21,1968,16,1.2338414611294866
evo21,1969,16,1.2479713135398924
evo21,1970,16,1.0628229789435863
evo21,1971,16,1.2716931703034788
evo21,1972,16,1.186049998505041
evo21,1973,16,1.0705714856740087
evo21,1974,16,1.3903217746410519
evo21,1975,16,1.3264154981588945
evo21,1976,16,1.232919583329931
evo21,1977,16,1.5790819553658366
evo21,1978,16,1.1693799565546215
evo21,1979,16,1.0150329433381557
evo21,1980,16,1.7161400336772203
evo21,1981,16,1.7011775746941566
evo21,1982,16,1.3154406007379293
evo21,1983,16,1.454690364189446
evo21,1984,16,1.3692659933585674
evo21,1985,16,1.168263748753816
evo21,1986,16,1.5804469203576446
evo21,1987,16,1.735418411437422
evo21,1988,16,1.20932871196419
evo21,1989,16,1.1642896682024002
evo21,1990,16,1.634801663691178
evo21,1991,16,1.3573042280040681
evo21,1992,16,1.405858430545777
evo21,1993,16,1.1823615483008325
evo21,1994,16,1.2099111140705645
evo21,1995,16,1.012031564489007
evo21,1996,16,1.4189663536380976
evo21,1997,16,1.7009636252187192
evo21,1998,16,1.3750284854322672
evo21,1999,16,1.548921701963991
evo21,2000,16,1.573958883062005
evo21,2001,16,1.3437730027362704
evo21,2002,16,1.4208007655106485
evo21,2003,16,1.9321241693105549
evo21,2004,16,1.4427287406288087
evo21,2005,16,1.5020270289387554
evo21,2006,16,1.5757939298637211
evo21,2007,16,1.3244455286767334
evo21,2008,16,1.309438249329105
evo21,2009,16,1.4032726273871958
evo21,2010,16,1.4748674759175628
evo21,2011,16,1.3114683823660016
evo21,2012,16,1.0767710697837174
evo21,2013,16,0.9428465416422114
evo21,2014,16,1.1650773684959859
evo21,2015,16,1.4976215375354514
evo21,2016,16,1.2891054924111813
evo21,2017,16,1.584374947939068
evo21,2018,16,1.1801484480965883
evo21,2019,16,1.868890032172203
evo21,2020,16,1.122296225046739
evo21,2021,16,1.40785120066721
evo21,2022,16,1.2946152384392917
evo21,2023,16,1.4410605824086815
evo21,2024,16,1.561638139653951
evo21,2025,16,1.408870845567435
evo21,2026,16,1.4309023981913924
evo21,2027,16,1.440642973408103
evo21,2028,16,1.3255183165892959
evo21,2029,16,1.4083670114632696
evo21,2030,16,2.0769548397511244
evo21,2031,16,1.170585636049509
evo21,2032,16,1.0380434626713395
evo21,2033,16,1.5778989885002375
evo21,2034,16,1.6812378764152527
evo21,2035,16,1.2904925914481282
evo21,2036,16,1.3743222746998072
evo21,2037,16,1.603861391544342
evo21,2038,16,1.2852916484698653
evo21,2039,16,1.451638979371637
evo21,2040,16,1.259473995771259
evo21,2041,16,1.2096844031475484
evo21,2042,16,1.3421787675470114
evo21,2043,16,0.9782996661961079
evo21,2044,16,1.5064335595816374
evo21,2045,16,1.4877219279296696
evo21,2046,16,1.4568011900410056
evo21,2047,16,1.2578796204179525
evo21,2048,16,1.556967840064317
evo21,2049,16,1.5773968286812305
evo21,2050,16,1.1993774455040693
evo21,2051,16,1.3181152194738388
evo21,2052,16,1.1364228217862546
evo21,2053,16,1.9274511970579624
evo21,2054,16,1.1555921300314367
evo21,2055,16,1.3479469404555857
evo21,2056,16,1.175959833431989
evo21,2057,16,1.2700140126980841
evo21,2058,16,1.6146338093094528
evo21,2059,16,1.223119010683149
evo21,2060,16,1.068296694662422
evo21,2061,16,1.461827240884304
evo21,2062,16,0.9709966727532446
evo21,2063,16,1.695440107025206
evo21,2064,16,1.3340372475795448
evo21,2065,16,1.2531108022667468
evo21,2066,16,1.2270201686769724
evo21,2067,16,1.5561434857081622
evo21,2068,16,1.0017379485070705
evo21,2069,16,1.4017771638464183
evo21,2070,16,1.12847242038697
evo21,2071,16,1.2572854335885495
evo21,2072,16,1.3598762801848352
evo21,2073,16,1.0671406858600676
evo21,2074,16,1.5141598861664534
evo21,2075,16,1.1400195930618793
evo21,2076,16,1.366955135948956
evo21,2077,16,1.4621321526356041
evo21,2078,16,1.1008534850552678
evo21,2079,16,1.0487274923361838
evo21,2080,16,1.3403328226413578
evo21,2081,16,1.2349582449533045
evo21,2082,16,0.8213119711726904
evo21,2083,16,0.8112297479528934
evo21,2084,16,1.2718770536594093
evo21,2085,16,1.5396287725307047
evo21,2086,16,1.2068946592044085
evo21,2087,16,1.3917138203978539
evo21,2088,16,1.5632262364961207
evo21,2089,16,1.1164636940229684
evo21,2090,16,0.8006609692238271
evo21,2091,16,1.007875113748014
evo21,2092,16,1.3192426632158458
evo21,2093,16,1.3370399507693946
evo21,2094,16,1.4665109924972057
evo21,2095,16,1.0690509357955307
evo21,2096,16,1.1049701874144375
evo21,2097,16,1.4629997797310352
evo21,2098,16,1.4973693168722093
evo21,2099,16,1.5410995432175696
evo21,2100,16,1.0527650094591081
evo21,2101,16,1.4060869086533785
evo21,2102,16,1.3671515614259988
evo21,2103,16,1.3266765540465713
evo21,2104,16,1.3796708844602108
evo21,2105,16,1.030528477858752
evo21,2106,16,1.8167774630710483
evo21,2107,16,1.2972807185724378
evo21,2108,16,1.7961419518105686
evo21,2109,16,1.3847052799537778
evo21,2110,16,1.499825923703611
evo21,2111,16,1.4465133992489427
evo21,2112,16,1.5363046154379845
evo21,2113,16,1.3249555106740445
evo21,2114,16,1.3544623008929193
evo21,2115,16,1.9163439804688096
evo21,2116,16,1.4335414650849998
evo21,2117,16,1.545372108463198
evo21,2118,16,1.4519891729578376
evo21,2119,16,1.4821779527701437
evo21,2120,16,1.546767336782068
evo21,2121,16,1.0938992677256465
evo21,2122,16,1.491772033739835
evo21,2123,16,1.0573452087119222
evo21,2124,16,1.3774701850488782
evo21,2125,16,1.2822169135324657
evo21,2126,16,1.1536742565222085
evo21,2127,16,1.3277164860628545
evo21,2128,16,1.7793826481793076
evo21,2129,16,1.296191063709557
evo21,2130,16,1.534347982145846
evo21,2131,16,0.9879553348291665
evo21,2132,16,1.4479988946113735
evo21,2133,16,1.4550632806494832
evo21,2134,16,1.6183062796480954
evo21,2135,16,1.5799939290154725
evo21,2136,16,1.5460353621747345
evo21,2137,16,1.1124525875784457
evo21,2138,16,1.5092490951064974
evo21,2139,16,1.3053226694464684
evo21,2140,16,1.7318479134701192
evo21,2141,16,1.4531119489111006
evo21,2142,16,1.1806838270276785
evo21,2143,16,1.3351007415913045
evo21,2144,16,1.3139786841347814
evo21,2145,16,1.1942069760989398
evo21,2146,16,1.9585261358879507
evo21,2147,16,1.7136686663143337
evo21,2148,16,1.1356294313445687
evo21,2149,16,1.0436123721301556
evo21,2150,16,1.1923614703118801
evo21,2151,16,1.5350473476573825
evo21,2152,16,1.0688315129373223
evo21,2153,16,1.051933521637693
evo21,2154,16,1.3404981521889567
evo21,2155,16,1.2338867471553385
evo21,2156,16,1.4953396334312856
evo21,2157,16,1.2596504408866167
evo21,2158,16,1.5507176942192018
evo21,2159,16,1.093070600181818
evo21,2160,16,1.433574352413416
evo21,2161,16,1.5925045451149344
evo21,2162,16,1.3039317487273365
evo21,2163,16,0.9541492278221995
evo21,2164,16,1.708431400358677
evo21,2165,16,1.3937492547556758
evo21,2166,16,1.6244303218554705
evo21,2167,16,1.5268844543024898
evo21,2168,16,1.721235212404281
evo21,2169,16,1.7952112080529332
evo21,2170,16,1.2393970540724695
evo21,2171,16,1.4859270080924034
evo21,2172,16,1.3823258420452476
evo21,2173,16,1.5988204693421721
evo21,2174,16,1.6704433411359787
evo21,2175,16,1.289966099895537
evo21,2176,16,1.7144156713038683
evo21,2177,16,1.3441877756267786
evo21,2178,16,1.4639162980020046
evo21,2179,16,1.4277757504023612
evo21,2180,16,1.0224766689352691
evo21,2181,16,1.6561149614863098
evo21,2182,16,1.4995653165969998
evo21,2183,16,1.6670728733297437
evo21,2184,16,2.115509621333331
evo21,2185,16,1.288468721555546
evo21,2186,16,1.5193028145004064
evo21,2187,16,1.2049834833014756
evo21,2188,16,1.5467709403019398
evo21,2189,16,1.3798460415564477
evo21,2190,16,1.3025348326191306
evo21,2191,16,1.0242517713923007
evo21,2192,16,1.2059569340199232
evo21,2193,16,0.9805913683958352
evo21,2194,16,0.9720677803270519
evo21,2195,16,1.4814351226668805
evo21,2196,16,1.0534372427500784
evo21,2197,16,1.7069625845178962
evo21,2198,16,1.4228983209468424
evo21,2199,16,1.8819525223225355
evo21,2200,16,1.1700687226839364
evo21,2201,16,1.6040466465055943
evo21,2202,16,1.4728046553209424
evo21,2203,16,1.2389737395569682
evo21,2204,16,1.3821002738550305
evo21,2205,16,1.5707508502528071
evo21,2206,16,1.6253184517845511
evo21,2207,16,1.3251323313452303
evo21,2208,16,2.204086978919804
evo21,2209,16,1.3381622820161283
evo21,2210,16,1.4080233499407768
evo21,2211,16,1.1419106740504503
evo21,2212,16,1.2707679076120257
evo21,2213,16,0.9522345094010234
evo21,2214,16,1.5498271649703383
evo21,2215,16,1.2070090593770146
evo21,2216,16,1.6116639315150678
evo21,2217,16,1.1299800807610154
evo21,2218,16,1.571161052212119
evo21,2219,16,1.3169219018891454
evo21,2220,16,1.1436418816447258
evo21,2221,16,1.3739443337544799
evo21,2222,16,1.26283490518108
evo21,2223,16,1.5139297596178949
evo21,2224,16,1.0441738427616656
evo21,2225,16,0.9224664214998484
evo21,2226,16,1.563774193637073
evo21,2227,16,1.3258136790245771
evo21,2228,16,1.5768192680552602
evo21,2229,16,0.9380409345030785
evo21,2230,16,1.3058412545360625
evo21,2231,16,1.5248599904589355
evo21,2232,16,1.5938998342026025
evo21,2233,16,1.0637099747546017
evo21,2234,16,1.4693378331139684
evo21,2235,16,1.7188908732496202
evo21,2236,16,1.7140436456538737
evo21,2237,16,1.6514451415278018
evo21,2238,16,1.1273827636614442
evo21,2239,16,1.3587429053150117
evo21,2240,16,1.5864168140105903
evo21,2241,16,1.2918194672092795
evo21,2242,16,1.6582586411386728
evo21,2243,16,1.1184446131810546
evo21,2244,16,1.3513274164870381
evo21,2245,16,1.3341623432934284
evo21,2246,16,1.2738334005698562
evo21,2247,16,1.6059002047404647
evo21,2248,16,1.1762052117846906
evo21,2249,16,1.24754442833364
evo21,2250,16,1.4323055585846305
evo21,2251,16,1.462587121874094
evo21,2252,16,1.3239910202100873
evo21,2253,16,1.3281424446031451
evo21,2254,16,1.2590598436072469
evo21,2255,16,1.3628026077058166
evo21,2256,16,1.677655739709735
evo21,2257,16,1.4603662197478116
evo21,2258,16,1.1764647006057203
evo21,2259,16,1.2351711294613779
evo21,2260,16,1.4027047357521951
evo21,2261,16,1.6285426977556199
evo21,2262,16,1.336097898427397
evo21,2263,16,1.0554034393280745
evo21,2264,16,1.514178222976625
evo21,2265,16,1.0157394804991782
evo21,2266,16,0.8088090377859771
evo21,2267,16,1.5793356131762266
evo21,2268,16,1.2080714819021523
evo21,2269,16,1.1624625166878104
evo21,2270,16,1.4257910181768239
evo21,2271,16,1.032243947731331
evo21,2272,16,0.9721333233173937
evo21,2273,16,1.1115025589242578
evo21,2274,16,1.7876777364872396
evo21,2275,16,0.7121624737046659
evo21,2276,16,1.8776199943386018
evo21,2277,16,0.9112416913267225
evo21,2278,16,0.864608955103904
evo21,2279,16,1.2346420981921256
evo21,2280,16,1.3177951553370804
evo21,2281,16,1.0504853774327785
evo21,2282,16,0.8782165155280381
evo21,2283,16,1.2169567577075213
evo21,2284,16,1.433748346986249
evo21,2285,16,1.026605248451233
evo21,2286,16,1.3003666659351438
evo21,2287,16,0.997738700825721
evo21,2288,16,1.0425670590484515
evo21,2289,16,1.3950509666465223
evo21,2290,16,0.83579739369452
evo21,2291,16,1.679424190428108
evo21,2292,16,0.7889378163963556
evo21,2293,16,1.1169322477653623
evo21,2294,16,1.0456934699323028
evo21,2295,16,0.8658864253666252
evo21,2296,16,1.1788475443609059
evo21,2297,16,1.1987556712701917
evo21,2298,16,1.0453612834680825
evo21,2299,16,1.1245643005240709
evo21,2300,16,1.4869918101467192
evo21,2301,16,1.1354820965789258
evo21,2302,16,0.971255584154278
evo21,2303,16,1.5270910779945552
evo21,2304,16,1.5224631894379854
evo21,2305,16,1.1749163817148656
evo21,2306,16,1.141395485959947
evo21,2307,16,0.6496644578874111
evo21,2308,16,0.9647865549195558
evo21,2309,16,1.0753945198375732
evo21,2310,16,0.8611579521093518
evo21,2311,16,1.1993195281829685
evo21,2312,16,0.9505092725157738
evo21,2313,16,0.8561542548704892
evo21,2314,16,1.0906623932532966
evo21,2315,16,0.8715118190739304
evo21,2316,16,0.7749241308774799
evo21,2317,16,0.7908463925123215
evo21,2318,16,1.0706567920278758
evo21,2319,16,0.8121118225390092
evo21,2320,16,0.9139779165852815
evo21,2321,16,1.261962661985308
evo21,2322,16,1.2343858347740024
evo21,2323,16,0.7248946717008948
evo21,2324,16,1.475313768722117
evo21,2325,16,1.0558923181379214
evo21,2326,16,0.8325472720898688
evo21,2327,16,1.0723182181827724
evo21,2328,16,1.2860920983366668
evo21,2329,16,0.904152188450098
evo21,2330,16,1.9490639897994697
evo21,2331,16,0.7317679445259273
evo21,2332,16,1.6340143808629364
evo21,2333,16,0.8848715536296368
evo21,2334,16,0.8990487055853009
evo21,2335,16,0.689863602630794
evo21,2336,16,1.2605914305895567
evo21,2337,16,1.3806589795276523
evo21,2338,16,1.5998564097099006
evo21,2339,16,1.1571513710077852
evo21,2340,16,1.5197367256041616
evo21,2341,16,1.5695967564824969
evo21,2342,16,1.2073325128294528
evo21,2343,16,1.3155018566176295
evo21,2344,16,1.6855681990273297
evo21,2345,16,0.8257822820451111
evo21,2346,16,0.7780471590813249
evo21,2347,16,1.2395281721837819
evo21,2348,16,0.8738775535020977
evo21,2349,16,1.085700446041301
evo21,2350,16,1.4425546361599118
evo21,2351,16,0.9940793206915259
evo21,2352,16,0.9016996236750856
evo21,2353,16,0.8927851454354823
evo21,2354,16,0.8229513426776975
evo21,2355,16,1.0488308622734621
evo21,2356,16,0.6505406473297626
evo21,2357,16,1.14501169975847
evo21,2358,16,0.9747882669325918
evo21,2359,16,1.1726173893548548
evo21,2360,16,0.9476858866401017
evo21,2361,16,1.0106766775716096
evo21,2362,16,0.86858707270585
evo21,2363,16,1.2789731782395393
evo21,2364,16,1.2449822057969868
evo21,2365,16,1.1085516249295324
evo21,2366,16,1.1515024988912046
evo21,2367,16,1.411864077206701
evo21,2368,16,1.214906566310674
evo21,2369,16,0.7318206327036023
evo21,2370,16,1.118509366409853
evo21,2371,16,0.8868969904724509
evo21,2372,16,1.8763637116644531
evo21,2373,16,1.1316498960368335
evo21,2374,16,1.1525391419418156
evo21,2375,16,1.2387093717698008
evo21,2376,16,0.7003681927453727
evo21,2377,16,1.3558783908374608
evo21,2378,16,1.3554876246489584
evo21,2379,16,1.321033488959074
evo21,2380,16,1.3677083770744503
evo21,2381,16,1.7993614291772246
evo21,2382,16,1.1813412900082767
evo21,2383,16,1.6670183190144598
evo21,2384,16,1.0315078637795523
evo21,2385,16,1.6136397959198803
evo21,2386,16,1.2704972920473665
evo21,2387,16,1.4327235678210855
evo21,2388,16,1.2988688459154218
evo21,2389,16,1.3355326829478145
evo21,2390,16,1.3097865639720112
evo21,2391,16,1.19213324948214
evo21,2392,16,0.9491029558703303
evo21,2393,16,1.1310004806146026
evo21,2394,16,1.159136020578444
evo21,2395,16,0.7666093050502241
evo21,2396,16,1.1659881409723312
evo21,2397,16,1.7543398292036727
evo21,2398,16,1.0882410388439894
evo21,2399,16,1.5522138993255794
evo21,2400,16,1.1381024869624525
evo21,2401,16,1.0844724650960416
evo21,2402,16,0.9460805112030357
evo21,2403,16,1.3102766368538141
evo21,2404,16,1.177114452701062
evo21,2405,16,1.436093864729628
evo21,2406,16,1.3152394031640142
evo21,2407,16,1.5569090279750526
evo21,2408,16,1.2973714326508343
evo21,2409,16,1.4985045031644404
evo21,2410,16,1.5796036482788622
evo21,2411,16,1.606261177919805
evo21,2412,16,1.1768244239501655
evo21,2413,16,1.3837571805343032
evo21,2414,16,1.8267436802852899
evo21,2415,16,1.232626671437174
evo21,2416,16,1.3202123665250838
evo21,2417,16,1.0973783943336457
evo21,2418,16,1.0804430332500488
evo21,2419,16,1.0191116796340793
evo21,2420,16,1.1857958396431059
evo21,2421,16,1.6475186590105295
evo21,2422,16,1.0640692105516791
evo21,2423,16,1.1656094719655812
evo21,2424,16,1.1451938098762184
evo21,2425,16,0.7837430280633271
evo21,2426,16,1.4545355765148997
evo21,2427,16,0.904044995084405
evo21,2428,16,1.114827177254483
evo21,2429,16,1.5436814727727324
evo21,2430,16,1.2846411084756255
evo21,2431,16,1.130267646163702
evo21,2432,16,1.527825654949993
evo21,2433,16,1.0008195212576538
evo21,2434,16,1.2254610765958205
evo21,2435,16,1.3455854391213506
evo21,2436,16,1.1940196119248867
evo21,2437,16,0.8297553351148963
evo21,2438,16,1.5502471146173775
evo21,2439,16,1.0254973825067282
evo21,2440,16,2.029484717641026
evo21,2441,16,1.317967670969665
evo21,2442,16,1.046698560938239
evo21,2443,16,1.0570362007711083
evo21,2444,16,1.2433461318723857
evo21,2445,16,0.9893576838076115
evo21,2446,16,0.9552763074170798
evo21,2447,16,1.2151244077831507
evo21,2448,16,1.3313219861593097
evo21,2449,16,1.4488278676290065
evo21,2450,16,1.4730458157137036
evo21,2451,16,1.3362583410926163
evo21,2452,16,1.1755505232140422
evo21,2453,16,1.2967236361000687
evo21,2454,16,1.0717092843260616
evo21,2455,16,0.9987855372019112
evo21,2456,16,0.9245831982698292
evo21,2457,16,1.135354570345953
evo21,2458,16,1.0303710561711341
evo21,2459,16,1.0529472827911377
evo21,2460,16,1.1018799697048962
evo21,2461,16,1.058528282912448
evo21,2462,16,1.2812571516260505
evo21,2463,16,1.6285107745788991
evo21,2464,16,1.4142545857466757
evo21,2465,16,1.4669296166393906
evo21,2466,16,1.2470666160807014
evo21,2467,16,1.018995550693944
evo21,2468,16,1.0711901276372373
evo21,2469,16,0.786307917907834
evo21,2470,16,0.9961271858774126
evo21,2471,16,1.220329942414537
evo21,2472,16,0.9093841877765954
evo21,2473,16,0.8652521264739335
evo21,2474,16,0.9556259382516146
evo21,2475,16,1.4609191017225385
evo21,2476,16,1.3640733093488961
evo21,2477,16,1.2946441799867898
evo21,2478,16,0.9514597095549107
evo21,2479,16,1.6411006569396704
evo21,2480,16,1.4924684315919876
evo21,2481,16,0.8137023800518364
evo21,2482,16,1.097771712578833
evo21,2483,16,0.9709148025140166
evo21,2484,16,1.9452850772067904
evo21,2485,16,1.0239740337710828
evo21,2486,16,0.9629051663214341
evo21,2487,16,0.6127365918364376
evo21,2488,16,0.858808504184708
evo21,2489,16,1.0006577235180885
evo21,2490,16,1.7821644431678578
evo21,2491,16,0.9580443217419088
evo21,2492,16,1.3485577614046633
evo21,2493,16,1.150394769385457
evo21,2494,16,1.053564663976431
evo21,2495,16,0.8785030727740377
evo21,2496,16,1.48693211004138
evo21,2497,16,0.7718909089453518
evo21,2498,16,1.2393720976542681
evo21,2499,16,0.8879829777870327
evo21,2500,16,0.9961919507477432
evo21,2501,16,0.9307963554747403
evo21,2502,16,1.693734203465283
evo21,2503,16,1.3111643551383168
evo21,2504,16,1.3903541665058583
evo21,2505,16,1.152974069584161
evo21,2506,16,0.9771396620199084
evo21,2507,16,0.9421848305501044
evo21,2508,16,0.7662135534919798
evo21,2509,16,1.3397346653509885
evo21,2510,16,0.9701938610523939
evo21,2511,16,1.0476762948092073
evo21,2512,16,0.6806333607528359
evo21,2513,16,0.8258363078348339
evo21,2514,16,0.7438220845069736
evo21,2515,16,0.7301662338431925
evo21,2516,16,1.1614626777591184
evo21,2517,16,0.6702977905515581
evo21,2518,16,0.8057075741235167
evo21,2519,16,0.6985633098520339
evo21,2520,16,1.1356395601760596
evo21,2521,16,1.18564319354482
evo21,2522,16,1.4467401667498052
evo21,2523,16,1.0836071220692247
evo21,2524,16,0.8769183799158782
evo21,2525,16,1.4442706548143178
evo21,2526,16,1.3074838558677584
evo21,2527,16,0.8547026722226292
evo21,2528,16,0.8766996320337057
evo21,2529,16,0.7759027264546603
evo21,2530,16,1.0953187220729887
evo21,2531,16,0.9874402908608317
evo21,2532,16,0.863690722733736
evo21,2533,16,0.9655358102172613
evo21,2534,16,0.9604431190527976
evo21,2535,16,1.1577013521455228
evo21,2536,16,0.9375261624809355
evo21,2537,16,1.34270894783549
evo21,2538,16,0.9222157127223909
evo21,2539,16,1.1104319216683507
evo21,2540,16,1.2700553857721388
evo21,2541,16,1.0577209622133523
evo21,2542,16,1.3681650070939213
evo21,2543,16,1.1942637199535966
evo21,2544,16,0.9026276683434844
evo21,2545,16,0.8847385817207396
evo21,2546,16,1.3076962535269558
evo21,2547,16,1.1499937297776341
evo21,2548,16,1.205506766680628
evo21,2549,16,1.4883632990531623
evo21,2550,16,1.333231078227982
evo21,2551,16,0.8436782970093191
evo21,2552,16,1.155708461534232
evo21,2553,16,1.1589438398368657
evo21,2554,16,1.0603918060660362
evo21,2555,16,1.3324959226883948
evo21,2556,16,0.7500064265914261
evo21,2557,16,1.2207638761028647
evo21,2558,16,1.1422096863389015
evo21,2559,16,0.9242070480249822
evo21,2560,16,1.059606017312035
evo21,2561,16,1.2701230943202972
evo21,2562,16,1.4043273120187223
evo21,2563,16,1.5153065563645214
evo21,2564,16,1.2922424995340407
evo21,2565,16,1.1796012981794775
evo21,2566,16,1.1479858164675534
evo21,2567,16,1.2492988083977252
evo21,2568,16,1.4463680882472545
evo21,2569,16,1.6367467450909317
evo21,2570,16,1.04259172687307
evo21,2571,16,1.017676426563412
evo21,2572,16,1.5599574563093483
evo21,2573,16,1.1774055263958871
evo21,2574,16,1.2584866303950548
evo21,2575,16,1.52833720901981
evo21,2576,16,1.13091907533817
evo21,2577,16,1.460969811072573
evo21,2578,16,1.3198226932436228
evo21,2579,16,1.3582355780526996
evo21,2580,16,1.4228533285204321
evo21,2581,16,1.2390552735887468
evo21,2582,16,1.0408075370360166
evo21,2583,16,1.03294708696194
evo21,2584,16,0.8430075431242585
evo21,2585,16,1.0899160290136933
evo21,2586,16,0.9242632398381829
evo21,2587,16,1.1299553075805306
evo21,2588,16,1.2829000637866557
evo21,2589,16,0.937271042726934
evo21,2590,16,0.9952812094707042
evo21,2591,16,1.2238401310751215
evo21,2592,16,1.208613189868629
evo21,2593,16,1.3387591391801834
evo21,2594,16,0.7896725255995989
evo21,2595,16,1.1206745924428105
evo21,2596,16,1.3637387547641993
evo21,2597,16,0.6253395434468985
evo21,2598,16,1.0387794262496755
evo21,2599,16,0.8934014681726694
evo21,2600,16,0.8227859500329942
evo21,2601,16,1.1001638411544263
evo21,2602,16,1.0436961217783391
evo21,2603,16,0.6904734731651843
evo21,2604,16,0.842748667113483
evo21,2605,16,1.106068667024374
evo21,2606,16,1.1055980334058404
evo21,2607,16,0.8321383092552423
evo21,2608,16,0.7561255546752363
evo21,2609,16,0.706252995878458
evo21,2610,16,1.0699478695169091
evo21,2611,16,1.1415512145031244
evo21,2612,16,1.1118450313806534
evo21,2613,16,0.834708004957065
evo21,2614,16,1.2890521810622886
evo21,2615,16,1.0531850819243118
evo21,2616,16,1.0063732468988746
evo21,2617,16,1.3234539371915162
evo21,2618,16,1.2827427571173757
evo21,2619,16,1.527842459268868
evo21,2620,16,1.1407026194501668
evo21,2621,16,1.165225617820397
evo21,2622,16,1.2987853272352368
evo21,2623,16,1.095587725751102
evo21,2624,16,1.4251478214282542
evo21,2625,16,1.5116003919392824
evo21,2626,16,1.524268561275676
evo21,2627,16,1.3726860922761261
evo21,2628,16,1.2247742305044085
evo21,2629,16,1.4464193447493017
evo21,2630,16,1.2315026260912418
evo21,2631,16,1.0607452031690627
evo21,2632,16,1.6642703074030578
evo21,2633,16,1.6015954543836415
evo21,2634,16,1.1060548960231245
evo21,2635,16,1.728313106810674
evo21,2636,16,1.3076575801242143
evo21,2637,16,1.3019458292983472
evo21,2638,16,1.2073059203103185
evo21,2639,16,0.9449552765581757
evo21,2640,16,1.1140018133446574
evo21,2641,16,1.2651759483851492
evo21,2642,16,1.2266734670847654
evo21,2643,16,1.2209976145531982
evo21,2644,16,0.9934171172790229
evo21,2645,16,1.0526617243885994
evo21,2646,16,1.2986732078716159
evo21,2647,16,1.3349497222807258
evo21,2648,16,0.93608344392851
evo21,2649,16,1.1244976418092847
evo21,2650,16,1.2054366045631468
evo21,2651,16,1.179264165693894
evo21,2652,16,1.251602909527719
evo21,2653,16,1.5092460494488478
evo21,2654,16,0.9915276796091348
evo21,2655,16,0.8700949738267809
evo21,2656,16,0.9841208863072097
evo21,2657,16,0.9354577243793756
evo21,2658,16,1.4675439218990505
evo21,2659,16,1.306122166570276
evo21,2660,16,1.4376715538091958
evo21,2661,16,1.0087860273197293
evo21,2662,16,0.755689290468581
evo21,2663,16,1.1310698669403791
evo21,2664,16,0.9768457179889083
evo21,2665,16,0.8750955862924457
evo21,2666,16,1.0779369339579716
evo21,2667,16,0.7196411630138755
evo21,2668,16,0.7957019521854818
evo21,2669,16,0.6760847994592041
evo21,2670,16,0.8660855530761182
evo21,2671,16,0.8279196182265878
evo21,2672,16,0.9193148105405271
evo21,2673,16,1.1871768618002534
evo21,2674,16,1.4859758105594665
evo21,2675,16,1.010070321150124
evo21,2676,16,1.1060583083890378
evo21,2677,16,1.2122108051553369
evo21,2678,16,0.9391509126871824
evo21,2679,16,1.3626050932798535
evo21,2680,16,1.1264733020216227
evo21,2681,16,1.2062080171890557
evo21,2682,16,0.9270161362364888
evo21,2683,16,1.4680006899870932
evo21,2684,16,0.9807588700205088
evo21,2685,16,1.263361963443458
evo21,2686,16,1.2119534919038415
evo21,2687,16,1.0202529449015856
evo21,2688,16,1.9459832683205605
evo21,2689,16,1.891259993892163
evo21,2690,16,1.2370813330635428
evo21,2691,16,1.0057266312651336
evo21,2692,16,1.4397629131563008
evo21,2693,16,1.644204280572012
evo21,2694,16,1.3790989401750267
evo21,2695,16,1.1106451037339866
evo21,2696,16,1.1086760455509648
evo21,2697,16,1.647955589927733
evo21,2698,16,0.9667739234864712
evo21,2699,16,1.1084579615853727
evo21,2700,16,0.8933781059458852
evo21,2701,16,1.565904069924727
evo21,2702,16,1.0635454645380378
evo21,2703,16,1.2758819393347949
evo21,2704,16,1.416642526164651
evo21,2705,16,0.8894677292555571
evo21,2706,16,0.8336427034810185
evo21,2707,16,1.2784652230329812
evo21,2708,16,1.3813202483579516
evo21,2709,16,1.205107525922358
evo21,2710,16,1.5187420859001577
evo21,2711,16,1.1982366377487779
evo21,2712,16,0.8181875119917095
evo21,2713,16,1.4516627630218863
evo21,2714,16,1.0520403005648404
evo21,2715,16,1.2477608555927873
evo21,2716,16,1.0346823500003666
evo21,2717,16,1.4893762995488942
evo21,2718,16,0.9408305478282273
evo21,2719,16,1.0562554667703807
evo21,2720,16,1.0227154595777392
evo21,2721,16,1.2471996389795095
evo21,2722,16,1.246849987655878
evo21,2723,16,0.7638282454572618
evo21,2724,16,1.1921589537523687
evo21,2725,16,0.8363136681728065
evo21,2726,16,1.1200861912220716
evo21,2727,16,0.8943916321732104
evo21,2728,16,0.9894866663962603
evo21,2729,16,0.749998324085027
evo21,2730,16,1.3999016722664237
evo21,2731,16,0.8805212844163179
evo21,2732,16,0.9734490592963994
evo21,2733,16,1.0067865899764001
evo21,2734,16,0.940925573464483
evo21,2735,16,0.7575534810312092
evo21,2736,16,0.8851344767026603
evo21,2737,16,0.9736326192505658
evo21,2738,16,1.3646306269802153
evo21,2739,16,0.7372555788606405
evo21,2740,16,1.1177775715477765
evo21,2741,16,1.0359268989413977
evo21,2742,16,1.59221151471138
evo21,2743,16,1.6997593478299677
evo21,2744,16,1.1689260341227055
evo21,2745,16,1.1229956489987671
evo21,2746,16,1.000010505784303
evo21,2747,16,1.1891155219636858
evo21,2748,16,0.8810747333336622
evo21,2749,16,1.0864725881256163
evo21,2750,16,0.8122844300232828
evo21,2751,16,0.7752323211170733
evo21,2752,16,0.842482291162014
evo21,2753,16,1.3268401194363832
evo21,2754,16,1.0630059889517725
evo21,2755,16,0.712299691978842
evo21,2756,16,1.2219555722549558
evo21,2757,16,1.2489494532346725
evo21,2758,16,0.9652180559933186
evo21,2759,16,0.9675061730667949
evo21,2760,16,0.9083524346351624
evo21,2761,16,1.2346269567497075
evo21,2762,16,1.3895384341012686
evo21,2763,16,1.2763065728358924
evo21,2764,16,1.3526188414543867
evo21,2765,16,0.8641167767345905
evo21,2766,16,1.0163061069324613
evo21,2767,16,1.1960776876658201
evo21,2768,16,1.40531256608665
evo21,2769,16,0.9550438774749637
evo21,2770,16,1.258550361264497
evo21,2771,16,1.2863298221491277
evo21,2772,16,1.4010508945211768
evo21,2773,16,1.3173725004307926
evo21,2774,16,1.3921733815222979
evo21,2775,16,1.002564071211964
evo21,2776,16,1.068999764509499
evo21,2777,16,0.9844623007811606
evo21,2778,16,1.0204098178073764
evo21,2779,16,1.3736561927944422
evo21,2780,16,0.8090310194529593
evo21,2781,16,1.1416184403933585
evo21,2782,16,1.2424495602026582
evo21,2783,16,0.9854026669636369
evo21,2784,16,0.921307957964018
evo21,2785,16,0.9873202396556735
evo21,2786,16,1.0143426193390042
evo21,2787,16,0.9301732508465648
evo21,2788,16,1.1590883783064783
evo21,2789,16,1.1447114057373255
evo21,2790,16,0.7724918748717755
evo21,2791,16,0.8379820412956178
evo21,2792,16,0.6964487077202648
evo21,2793,16,1.0011131139472127
evo21,2794,16,1.14761982858181
evo21,2795,16,0.908594248816371
evo21,2796,16,1.2915224856697023
evo21,2797,16,1.2209034685511142
evo21,2798,16,0.9914407655596733
evo21,2799,16,1.0509429974481463
evo21,2800,16,0.8816028356086463
evo21,2801,16,1.2809003805741668
evo21,2802,16,1.0749500845558941
evo21,2803,16,1.1100365112069994
evo21,2804,16,0.8781576792243868
evo21,2805,16,1.166369162965566
evo21,2806,16,1.4860442876815796
evo21,2807,16,1.23960961017292
evo21,2808,16,1.2202659347094595
evo21,2809,16,1.1699333023279905
evo21,2810,16,1.4547326625324786
evo21,2811,16,1.5250252343248576
evo21,2812,16,1.2781234425492585
evo21,2813,16,0.9108936435077339
evo21,2814,16,1.3433149824850261
evo21,2815,16,1.0237332966644317
evo21,2816,16,1.2653852794319391
evo21,2817,16,1.3382163110654801
evo21,2818,16,1.2173859813483432
evo21,2819,16,1.1825110914651304
evo21,2820,16,1.8767927221488208
evo21,2821,16,1.2943599983118474
evo21,2822,16,1.0570443373871967
evo21,2823,16,0.8903808874310926
evo21,2824,16,1.027940105763264
evo21,2825,16,1.225574456504546
evo21,2826,16,1.023298533866182
evo21,2827,16,1.0521675696363673
evo21,2828,16,1.1798224846133962
evo21,2829,16,1.2525886137736961
evo21,2830,16,1.1264554548542947
evo21,2831,16,1.5649338504299521
evo21,2832,16,0.7598572702845559
evo21,2833,16,0.9425207378808409
evo21,2834,16,1.2602205332368612
evo21,2835,16,1.2166966993827373
evo21,2836,16,1.0766090885736048
evo21,2837,16,0.9075666102580726
evo21,2838,16,0.9972060851287097
evo21,2839,16,1.257083929143846
evo21,2840,16,1.1479731132276356
evo21,2841,16,1.1105300863273442
evo21,2842,16,0.9921449592802674
evo21,2843,16,0.806976014515385
evo21,2844,16,1.0225385528756306
evo21,2845,16,0.7637469714973122
evo21,2846,16,0.9691246829461306
evo21,2847,16,1.0208268777932972
evo21,2848,16,1.3107361197471619
evo21,2849,16,1.3521459691692144
evo21,2850,16,1.0082080531865358
evo21,2851,16,0.8801610285881907
evo21,2852,16,1.192548189777881
evo21,2853,16,1.1090632452396676
evo21,2854,16,1.4004765385761857
evo21,2855,16,1.4427472646348178
evo21,2856,16,1.0962966120569035
evo21,2857,16,1.3685753935715184
evo21,2858,16,1.3512945167021826
evo21,2859,16,1.1735901437932625
evo21,2860,16,1.4114323223475367
evo21,2861,16,1.7015648516826332
evo21,2862,16,1.8003770626382902
evo21,2863,16,1.2726007350720465
evo21,2864,16,0.9341812365455553
evo21,2865,16,1.41778752557002
evo21,2866,16,1.1148587831994519
evo21,2867,16,1.2608914077281952
evo21,2868,16,1.0124629188794643
evo21,2869,16,1.0906635015271604
evo21,2870,16,1.1154592601815239
evo21,2871,16,1.3332975251832977
evo21,2872,16,1.071386010153219
evo21,2873,16,1.3494149157777429
evo21,2874,16,1.2975730821490288
evo21,2875,16,1.9487430345034227
evo21,2876,16,1.1434470366220921
evo21,2877,16,1.115929335122928
evo21,2878,16,1.2388223018497229
evo21,2879,16,1.8338282932527363
evo21,2880,16,1.6505532541777939
evo21,2881,16,1.6250178698683158
evo21,2882,16,1.1894440785981715
evo21,2883,16,1.606218048837036
evo21,2884,16,1.4812392550520599
evo21,2885,16,1.2800399716943502
evo21,2886,16,1.4484601592412218
evo21,2887,16,1.2708914816030301
evo21,2888,16,1.2624945203424431
evo21,2889,16,1.5821122826309875
evo21,2890,16,1.2277991425944492
evo21,2891,16,1.2586194852483459
evo21,2892,16,1.7138021355494857
evo21,2893,16,1.2714772601029836
evo21,2894,16,0.9610860456596129
evo21,2895,16,1.4985330628114752
evo21,2896,16,1.094381555885775
evo21,2897,16,1.2865366213663947
evo21,2898,16,1.4980650910874829
evo21,2899,16,1.8009674390777946
evo21,2900,16,1.385768945561722
evo21,2901,16,1.458404466859065
evo21,2902,16,1.8918994730338454
evo21,2903,16,1.1885665153386071
evo21,2904,16,1.182273952232208
evo21,2905,16,0.9392893431358971
evo21,2906,16,1.3857244880055077
evo21,2907,16,1.0367734355386347
evo21,2908,16,1.12043577132863
evo21,2909,16,1.2952630738145672
evo21,2910,16,1.1707009912352078
evo21,2911,16,1.1477509532123804
evo21,2912,16,1.3986431275843643
evo21,2913,16,0.9893510958645493
evo21,2914,16,0.7875338600715622
evo21,2915,16,1.0604894501157105
evo21,2916,16,0.9847845199983567
evo21,2917,16,1.3382931058295071
evo21,2918,16,0.98468978429446
evo21,2919,16,1.4170164549723268
evo21,2920,16,0.8359227445907891
evo21,2921,16,1.0594438349362463
evo21,2922,16,1.5698569654487073
evo21,2923,16,1.006597533589229
evo21,2924,16,1.0575747177936137
evo21,2925,16,0.8044142331928015
evo21,2926,16,0.8124428505543619
evo21,2927,16,0.7817239561118186
evo21,2928,16,1.159462663345039
evo21,2929,16,0.9716481473296881
evo21,2930,16,1.2066896078176796
evo21,2931,16,1.0771728622494265
evo21,2932,16,1.1938425459666178
evo21,2933,16,1.322801283793524
evo21,2934,16,1.7396510554244742
evo21,2935,16,1.1830466059036553
evo21,2936,16,1.084596735658124
evo21,2937,16,1.06081683607772
evo21,2938,16,1.001835799543187
evo21,2939,16,1.144748646300286
evo21,2940,16,1.332542252726853
evo21,2941,16,1.4658830123953521
evo21,2942,16,1.1224174431990832
evo21,2943,16,1.5306380700785667
evo21,2944,16,1.0142645253799856
evo21,2945,16,1.1472166578751057
evo21,2946,16,1.006470249965787
evo21,2947,16,0.8403391870670021
evo21,2948,16,0.8437998220324516
evo21,2949,16,0.904280022252351
evo21,2950,16,1.1014065584167838
evo21,2951,16,1.2078713598893955
evo21,2952,16,0.7507859175093472
evo21,2953,16,1.2635776276001707
evo21,2954,16,0.7259764246409759
evo21,2955,16,1.3324750391184352
evo21,2956,16,1.0779023165814579
evo21,2957,16,0.8502615925390273
evo21,2958,16,1.3603739070240408
evo21,2959,16,1.5027404543943703
evo21,2960,16,1.2988951690495014
evo21,2961,16,1.1520445237401873
evo21,2962,16,1.7547495018225163
evo21,2963,16,1.1985224036034197
evo21,2964,16,1.1060437764972448
evo21,2965,16,2.1584359174594283
evo21,2966,16,1.4202582528814673
evo21,2967,16,1.7088252371177077
evo21,2968,16,1.193354172166437
evo21,2969,16,1.5210052551701665
evo21,2970,16,1.5613309182226658
evo21,2971,16,1.3455582563765347
evo21,2972,16,1.5256682904437184
evo21,2973,16,1.319045528769493
evo21,2974,16,1.0945303158368915
evo21,2975,16,1.368196306633763
evo21,2976,16,1.7770695018116385
evo21,2977,16,1.3892550440505147
evo21,2978,16,1.1869984865188599
evo21,2979,16,1.5150032590609044
evo21,2980,16,1.7350153893930838
evo21,2981,16,1.1325868701096624
evo21,2982,16,1.1688736525829881
evo21,2983,16,1.2692550630308688
evo21,2984,16,1.7643171078525484
evo21,2985,16,1.4069259576499462
evo21,2986,16,1.2404438201338053
evo21,2987,16,1.5584689036477357
evo21,2988,16,1.3821134997997433
evo21,2989,16,1.1391977104358375
evo21,2990,16,1.514157070312649
evo21,2991,16,1.7285361010581255
evo21,2992,16,1.0695593380369246
evo21,2993,16,1.710186876822263
evo21,2994,16,1.46564397145994
evo21,2995,16,1.6789811316411942
evo21,2996,16,1.810524015687406
evo21,2997,16,1.900786651764065
evo21,2998,16,1.4874845170415938
evo21,2999,16,1.4162187962792814
evo21,3000,16,2.0831713639199734
evo21,3001,16,1.1578857796266675
evo21,3002,16,1.4658573297783732
evo21,3003,16,1.7716575325466692
evo21,3004,16,1.7769005643203855
evo21,3005,16,1.7336460039950907
evo21,3006,16,1.5311564225703478
evo21,3007,16,1.8766977521590889
evo21,3008,16,1.6123499125242233
evo21,3009,16,1.4946577390655875
evo21,3010,16,1.8486789902672172
evo21,3011,16,1.4076368836686015
evo21,3012,16,1.433887756895274
evo21,3013,16,1.6827114233747125
evo21,3014,16,2.1142170443199575
evo21,3015,16,1.907106884289533
evo21,3016,16,1.8819429744035006
evo21,3017,16,2.0856468491256237
evo21,3018,16,1.8644799152389169
evo21,3019,16,1.6189485522918403
evo21,3020,16,1.8056375086307526
evo21,3021,16,1.6196440132334828
evo21,3022,16,1.493919376283884
evo21,3023,16,1.4271847493946552
evo21,3024,16,1.651286169886589
evo21,3025,16,1.5772366998717189
evo21,3026,16,1.3945062505081296
evo21,3027,16,1.3773507722653449
evo21,3028,16,1.5106342411600053
evo21,3029,16,1.5265900138765574
evo21,3030,16,1.2809830475598574
evo21,3031,16,1.1561769805848598
evo21,3032,16,1.1957729535643011
evo21,3033,16,1.3670717934146523
evo21,3034,16,1.574717196635902
evo21,3035,16,2.3635100219398737
evo21,3036,16,1.6338954968377948
evo21,3037,16,1.2645088182762265
evo21,3038,16,1.526859593577683
evo21,3039,16,1.8341025630943477
evo21,3040,16,1.931427851319313
evo21,3041,16,1.5859476081095636
evo21,3042,16,1.2383398755919188
evo21,3043,16,1.741480430122465
evo21,3044,16,1.6801231410354376
evo21,3045,16,2.1631369094830006
evo21,3046,16,1.6859439825639129
evo21,3047,16,1.5837899795733392
evo21,3048,16,1.3025752669200301
evo21,3049,16,1.7133973091840744
evo21,3050,16,1.373483795672655
evo21,3051,16,1.7185978763736784
evo21,3052,16,1.4778180867433548
evo21,3053,16,1.3724717698059976
evo21,3054,16,1.572336875833571
evo21,3055,16,1.407589023001492
evo21,3056,16,1.4580333698540926
evo21,3057,16,1.4593624318949878
evo21,3058,16,1.4919546823948622
evo21,3059,16,1.240030508954078
evo21,3060,16,1.6117204898037016
evo21,3061,16,1.5270959702320397
evo21,3062,16,1.2446493112947792
evo21,3063,16,1.7300420079845935
evo21,3064,16,1.340205484535545
evo21,3065,16,1.3690424556843936
evo21,3066,16,1.8357771766604856
evo21,3067,16,1.5711568674305454
evo21,3068,16,1.8581672059372067
evo21,3069,16,1.4364366687368602
evo21,3070,16,1.803735788213089
evo21,3071,16,1.6933393500512466
