window_index,source_midpoint_mbase,geco22_bpb,megabyte1_bpb,nc_prefix_current_bpb
0,29.051127000,1.825585666,1.895603339,1.832415938
1,29.054199000,1.900602182,1.893093626,1.913062096
2,29.057271000,1.898867607,1.885062059,1.912620385
3,29.060343000,1.870717049,1.854863365,1.877376735
4,29.063415000,1.944495837,1.871742864,1.949595332
5,29.066487000,1.890006383,1.873484651,1.897524595
6,29.069559000,1.898273627,1.893367926,1.911701520
7,29.072631000,1.847846118,1.836081028,1.851329575
8,29.075703000,1.899161140,1.878991048,1.907049338
9,29.078775000,1.881924505,1.857240498,1.883717716
10,29.081847000,1.901949525,1.880340606,1.919359446
11,29.084919000,1.704478368,1.874850154,1.778203150
12,29.087991000,1.627710859,1.644798741,1.644648090
13,29.091063000,1.873879058,1.858390073,1.877403945
14,29.094135000,1.887809912,1.869853040,1.897717714
15,29.097207000,1.894225121,1.881722371,1.909634749
16,29.100279000,1.797285318,1.887682041,1.807789604
17,29.103351000,1.909441312,1.901095390,1.922068596
18,29.106423000,1.897874673,1.889452060,1.908922752
19,29.109495000,1.849965893,1.855527629,1.896065851
20,29.112567000,1.882500321,1.871049702,1.900434961
21,29.115639000,1.940061728,1.848025799,1.949339708
22,29.118711000,1.895426949,1.879553556,1.901173890
23,29.121783000,1.901415666,1.893240929,1.913279851
24,29.124855000,1.888982296,1.874738216,1.907528400
25,29.127927000,1.892566999,1.911599636,1.917230407
26,29.130999000,1.712375478,1.838358363,1.844426294
27,29.134071000,1.898093939,1.872827152,1.907950958
28,29.137143000,1.865640402,1.845046937,1.876332601
29,29.140215000,1.896264712,1.890217145,1.906560977
30,29.143287000,1.889666418,1.872997095,1.907968680
31,29.146359000,1.774303128,1.797955081,1.766982426
32,29.149431000,1.895430565,1.882346233,1.908228119
33,29.152503000,1.896371524,1.882392804,1.906760931
34,29.155575000,1.738743937,1.796158468,1.758630772
35,29.158647000,1.888624052,1.870864868,1.901447773
36,29.161719000,1.898660501,1.885759830,1.909663041
37,29.164791000,1.875274181,1.859320521,1.887426416
38,29.167863000,1.884321610,1.871987621,1.885805726
39,29.170935000,1.838861908,1.805257142,1.830914855
40,29.174007000,1.816286494,1.799945061,1.838568370
41,29.177079000,1.897117774,1.882937421,1.906105717
42,29.180151000,1.884381533,1.863018433,1.885620475
43,29.183223000,1.876720428,1.868464390,1.881703039
44,29.186295000,1.807262858,1.846585751,1.890506516
45,29.189367000,1.882007917,1.867800633,1.890206377
46,29.192439000,1.917196433,1.881842653,1.926436106
47,29.195511000,1.678384975,1.690663708,1.699913534
48,29.198583000,1.894072294,1.872404496,1.908863783
49,29.201655000,1.835111588,1.867132107,1.863709042
50,29.204727000,1.886544387,1.872061412,1.897048314
51,29.207799000,1.895286878,1.881825209,1.908645312
52,29.210871000,1.890726089,1.871816317,1.904156208
53,29.213943000,1.885534177,1.894667963,1.895615697
54,29.217015000,1.802030986,1.879232804,1.854238550
55,29.220087000,1.908762773,1.896781683,1.919376055
56,29.223159000,1.891718229,1.879579306,1.909715811
57,29.226231000,1.892957846,1.882275939,1.903555791
58,29.229303000,1.891875029,1.876745780,1.903667450
59,29.232375000,1.893056393,1.877719839,1.900476714
60,29.235447000,1.896604300,1.891983112,1.909144719
61,29.238519000,1.908121745,1.891749620,1.919172645
62,29.241591000,1.801115572,1.867862771,1.791554516
63,29.244663000,1.787613524,1.799343030,1.801957423
64,29.247735000,1.851196433,1.822975119,1.877872586
65,29.250807000,1.888426622,1.873651743,1.899836222
66,29.253879000,1.634618476,1.844375327,1.866061072
67,29.256951000,1.907463789,1.890419006,1.917257309
68,29.260023000,1.907103856,1.888460070,1.916154861
69,29.263095000,1.895688415,1.884924908,1.904682676
70,29.266167000,1.905883312,1.888563156,1.915170511
71,29.269239000,1.887377342,1.864027103,1.897986492
72,29.272311000,1.900092681,1.889951388,1.911328952
73,29.275383000,1.890502810,1.871254047,1.901807070
74,29.278455000,1.895164132,1.888221939,1.904670238
75,29.281527000,1.885597229,1.866658707,1.893855214
76,29.284599000,1.894643148,1.875363827,1.906654914
77,29.287671000,1.895462195,1.886825244,1.909328620
78,29.290743000,1.930780331,1.897625685,1.931430578
79,29.293815000,1.857781038,1.854205390,1.860899384
80,29.296887000,1.840300864,1.854900827,1.854849299
81,29.299959000,1.905533314,1.902385950,1.920317332
82,29.303031000,1.895469666,1.881985982,1.905945619
83,29.306103000,1.901967684,1.886686961,1.914510171
84,29.309175000,1.899712722,1.881963690,1.909861604
85,29.312247000,1.898630142,1.891081015,1.911846638
86,29.315319000,1.898143609,1.892310063,1.906486273
87,29.318391000,1.904434363,1.896896362,1.918216705
88,29.321463000,1.725054502,1.821014429,1.715755810
89,29.324535000,1.888418595,1.871276299,1.894415299
90,29.327607000,1.888285756,1.869522413,1.894915422
91,29.330679000,1.759947897,1.777509034,1.769994408
92,29.333751000,1.890212695,1.877827485,1.909159025
93,29.336823000,1.890865962,1.882673899,1.904937744
94,29.339895000,1.888582408,1.879211525,1.903117160
95,29.342967000,1.890616099,1.874142408,1.905442794
96,29.346039000,1.890132268,1.875655135,1.901420712
97,29.349111000,1.909009457,1.895089388,1.916875164
98,29.352183000,1.892378807,1.879257441,1.901810646
99,29.355255000,1.803626696,1.760360052,1.844379564
100,29.358327000,1.903101921,1.899437269,1.918647925
101,29.361399000,1.709839048,1.753616981,1.740240345
102,29.364471000,1.853891850,1.839673837,1.874428988
103,29.367543000,1.910112540,1.906142950,1.917891264
104,29.370615000,1.888348485,1.868422002,1.898618152
105,29.373687000,1.877877235,1.859349489,1.892738819
106,29.376759000,1.876023233,1.848767598,1.886231363
107,29.379831000,1.890104771,1.884368896,1.903628906
108,29.382903000,1.905296803,1.888326963,1.915720463
109,29.385975000,1.873133982,1.860801498,1.875294209
110,29.389047000,1.893820127,1.886481921,1.909220457
111,29.392119000,1.867657994,1.863881906,1.869229356
112,29.395191000,1.733132032,1.893439770,1.783792913
113,29.398263000,1.731933206,1.880553166,1.740868549
114,29.401335000,1.902721882,1.891515255,1.911686023
115,29.404407000,1.907971303,1.893950860,1.918701013
116,29.407479000,1.895826538,1.886412621,1.903788368
117,29.410551000,1.893964767,1.864739617,1.906696161
118,29.413623000,1.894207557,1.886737188,1.913005670
119,29.416695000,1.901567618,1.891212106,1.914141178
120,29.419767000,1.885546366,1.876299421,1.900512576
121,29.422839000,1.893165906,1.873637120,1.906369925
122,29.425911000,1.776970128,1.887271464,1.781497295
123,29.428983000,1.852833976,1.879685640,1.876613031
124,29.432055000,1.866319870,1.847674986,1.872625420
125,29.435127000,1.830828910,1.856149018,1.811901515
126,29.438199000,1.893547813,1.883027355,1.907389323
127,29.441271000,1.876123587,1.858247519,1.888163805
128,29.444343000,1.906894366,1.898822069,1.919551690
129,29.447415000,1.866734266,1.847852310,1.880962769
130,29.450487000,1.879760663,1.862989028,1.894560258
131,29.453559000,1.918685436,1.889563004,1.931785266
132,29.456631000,1.890900056,1.869512359,1.901058674
133,29.459703000,1.904628118,1.895933151,1.903920472
134,29.462775000,1.896540483,1.878054619,1.910159826
135,29.465847000,1.899882476,1.879064679,1.906989058
136,29.468919000,1.889904340,1.868999163,1.903256694
137,29.471991000,1.876201749,1.853211125,1.888912519
138,29.475063000,1.886678894,1.859147986,1.892836809
139,29.478135000,1.911101977,1.898748716,1.916814009
140,29.481207000,1.876003802,1.849878450,1.888990084
141,29.484279000,1.905431430,1.897399584,1.919998646
142,29.487351000,1.801067829,1.885683060,1.829452400
143,29.490423000,1.869060119,1.847285469,1.878782074
144,29.493495000,1.887776693,1.876913071,1.899548133
145,29.496567000,1.875336081,1.857282182,1.892087698
146,29.499639000,1.886612157,1.876957277,1.899899711
147,29.502711000,1.897472699,1.882633408,1.911232432
148,29.505783000,1.881343047,1.859139919,1.885136267
149,29.508855000,1.898463388,1.885560359,1.905705283
150,29.511927000,1.875029087,1.861611128,1.885867755
151,29.514999000,1.780679387,1.760444497,1.787370647
152,29.518071000,1.872005463,1.853562037,1.884172360
153,29.521143000,1.819093595,1.867965221,1.808577448
154,29.524215000,1.795183890,1.869519949,1.888652335
155,29.527287000,1.902293364,1.892710845,1.915368557
156,29.530359000,1.893087864,1.878268878,1.903919021
157,29.533431000,1.893028895,1.878475428,1.905069828
158,29.536503000,1.872868886,1.848672092,1.883747935
159,29.539575000,1.897064050,1.886405468,1.913906415
160,29.542647000,1.893691580,1.883079251,1.904553135
161,29.545719000,1.883782387,1.866034627,1.900617123
162,29.548791000,1.919766188,1.910960197,1.930720965
163,29.551863000,1.883955797,1.871499618,1.899889886
164,29.554935000,1.903054347,1.893546681,1.914982200
165,29.558007000,1.898755511,1.882483880,1.910549005
166,29.561079000,1.906583786,1.896960576,1.916365385
167,29.564151000,1.904833317,1.905270815,1.916450183
168,29.567223000,1.900553862,1.888784806,1.914554437
169,29.570295000,1.886104107,1.876370907,1.905265490
170,29.573367000,1.818282602,1.764139593,1.821634228
171,29.576439000,1.894558191,1.892580191,1.913703124
172,29.579511000,1.878006538,1.870446444,1.889149666
173,29.582583000,1.897581100,1.889030933,1.910525600
174,29.585655000,1.900967439,1.894653598,1.913909435
175,29.588727000,1.861549859,1.847331693,1.866901296
176,29.591799000,1.882478560,1.870599866,1.894088070
177,29.594871000,1.826598056,1.794431155,1.832103014
178,29.597943000,1.827526843,1.707859471,1.821325357
179,29.601015000,1.892515428,1.794888655,1.887750849
180,29.604087000,1.954199791,1.823183060,1.950287580
181,29.607159000,1.821650818,1.740959927,1.827931096
182,29.610231000,1.919452826,1.876556873,1.931185087
183,29.613303000,1.903164228,1.894556443,1.909930706
184,29.616375000,1.891776880,1.885363102,1.905410687
185,29.619447000,1.904135463,1.878027380,1.906888579
186,29.622519000,1.985281229,1.903901021,1.987586657
187,29.625591000,1.875652949,1.851297388,1.870573858
188,29.628663000,1.897209883,1.870527109,1.903528690
189,29.631735000,1.642516166,1.620151828,1.659917672
190,29.634807000,1.893952688,1.879929940,1.908877055
191,29.637879000,1.895657380,1.884720087,1.908606529
192,29.640951000,1.174062012,1.516236422,1.293596933
193,29.644023000,1.850994716,1.830551257,1.848187551
194,29.647095000,1.732048896,1.809705059,1.752317630
195,29.650167000,1.875342528,1.855141362,1.882507761
196,29.653239000,1.870223999,1.850440502,1.886414786
197,29.656311000,1.895349979,1.875759204,1.907817682
198,29.659383000,1.791635106,1.867482464,1.791120201
199,29.662455000,1.902128220,1.887747129,1.913345019
200,29.665527000,1.900959651,1.892097314,1.911728303
201,29.668599000,1.854564970,1.829812308,1.880930642
202,29.671671000,1.897692839,1.880346417,1.903726419
203,29.674743000,1.855580797,1.770765990,1.809147914
204,29.677815000,1.861417264,1.810051829,1.885489404
205,29.680887000,1.891363541,1.885105014,1.899256070
206,29.683959000,1.886018356,1.873846491,1.897309283
207,29.687031000,1.904706955,1.898560365,1.916164239
208,29.690103000,1.855594714,1.876402448,1.904811700
209,29.693175000,1.883716345,1.869705995,1.899465322
210,29.696247000,1.884865403,1.793850680,1.861028224
211,29.699319000,1.885683854,1.877035538,1.899568240
212,29.702391000,1.853774935,1.843864659,1.867569049
213,29.705463000,1.668144489,1.650294120,1.741626784
214,29.708535000,1.876023849,1.854577124,1.895918369
215,29.711607000,1.902377417,1.888579567,1.913324515
216,29.714679000,1.811983113,1.803537607,1.829228163
217,29.717751000,1.876349290,1.861797333,1.884542346
218,29.720823000,1.898297787,1.867669940,1.910249233
219,29.723895000,1.876968960,1.857848903,1.891883930
220,29.726967000,1.893589020,1.875323097,1.902995229
221,29.730039000,1.901086569,1.892913818,1.911496878
222,29.733111000,1.892545064,1.877320051,1.906515121
223,29.736183000,1.888766289,1.865986983,1.899710615
224,29.739255000,1.893768787,1.882961988,1.911003272
225,29.742327000,1.883758227,1.862739722,1.896095594
226,29.745399000,1.878189603,1.858954330,1.889643788
227,29.748471000,1.794432269,1.772353808,1.813407342
228,29.751543000,1.894512335,1.875076056,1.908940554
229,29.754615000,1.778597102,1.852601190,1.120806550
230,29.757687000,1.212640519,1.842827211,1.875210841
231,29.760759000,1.890811284,1.874801656,1.901547710
232,29.763831000,1.893044869,1.882500331,1.903721094
233,29.766903000,1.884563128,1.873791933,1.895672162
234,29.769975000,1.819204256,1.752055168,1.834055891
235,29.773047000,1.897455533,1.888187528,1.907688220
236,29.776119000,1.855631366,1.841985861,1.868706544
237,29.779191000,1.892292976,1.885374546,1.906682730
238,29.782263000,1.859739989,1.837827692,1.880789012
239,29.785335000,1.887021383,1.862737298,1.901094755
240,29.788407000,1.888838768,1.875155290,1.898761829
241,29.791479000,1.883664409,1.848254323,1.896146933
242,29.794551000,1.940296173,1.892923752,1.947704315
243,29.797623000,1.855946437,1.836572180,1.853800029
244,29.800695000,1.890069485,1.866244535,1.898045460
245,29.803767000,1.726012225,1.787195275,1.801470637
246,29.806839000,1.887876829,1.873808543,1.900234699
247,29.809911000,1.882081459,1.877045949,1.893345058
248,29.812983000,1.893151124,1.876942396,1.904653549
249,29.816055000,1.904935280,1.884356062,1.918489456
250,29.819127000,1.893713713,1.889228662,1.901166519
251,29.822199000,1.864031866,1.837645113,1.866812065
252,29.825271000,1.857852367,1.841126889,1.866234581
253,29.828343000,1.913010279,1.862409989,1.920352976
254,29.831415000,1.899417400,1.894928813,1.910129150
255,29.834487000,1.910052180,1.905494054,1.920573195
256,29.837559000,1.884700313,1.873603245,1.871136347
257,29.840631000,1.839430297,1.746636008,1.852659355
258,29.843703000,1.874461313,1.855037153,1.898174842
259,29.846775000,1.598062826,1.630749370,1.568981625
260,29.849847000,1.899613063,1.885806561,1.909408410
261,29.852919000,1.899751107,1.797868073,1.901063075
262,29.855991000,1.882157008,1.869457563,1.899109046
263,29.859063000,1.869539301,1.847633302,1.879202406
264,29.862135000,1.891458035,1.853656530,1.900897920
265,29.865207000,1.530315014,1.615793025,1.509086447
266,29.868279000,1.895534764,1.876758019,1.896032602
267,29.871351000,1.896679084,1.896646182,1.908743699
268,29.874423000,1.796339082,1.773413169,1.810234328
269,29.877495000,1.876384219,1.866051137,1.888211409
270,29.880567000,1.881273468,1.860218763,1.892509143
271,29.883639000,1.839473203,1.727055788,1.833977828
272,29.886711000,1.854679306,1.846782831,1.887842536
273,29.889783000,1.897518953,1.880664905,1.909116507
274,29.892855000,1.854357180,1.840101719,1.868801778
275,29.895927000,1.854018847,1.893047333,1.877370139
276,29.898999000,1.896663030,1.882971128,1.907223463
277,29.902071000,1.400562427,1.583944807,1.403640402
278,29.905143000,1.858425399,1.840024610,1.878706167
279,29.908215000,1.861164093,1.829881271,1.877292673
280,29.911287000,1.895321846,1.881924113,1.907622258
281,29.914359000,1.855626951,1.832671970,1.864863098
282,29.917431000,1.810010095,1.721013218,1.791933268
283,29.920503000,1.781287198,1.717886806,1.815936059
284,29.923575000,1.856768419,1.825840379,1.876046697
285,29.926647000,1.874877095,1.863441904,1.887621482
286,29.929719000,1.888656775,1.868562977,1.903249462
287,29.932791000,1.842178307,1.826668163,1.850077445
288,29.935863000,1.887394684,1.872699489,1.893974682
289,29.938935000,1.897202492,1.887731870,1.913949728
290,29.942007000,1.880390207,1.866700649,1.889778535
291,29.945079000,1.884836038,1.860836029,1.899527947
292,29.948151000,1.855315536,1.884367148,1.863156438
293,29.951223000,1.917704105,1.877676249,1.927880287
294,29.954295000,1.873960247,1.847778529,1.872918089
295,29.957367000,1.907146931,1.899884542,1.919404189
296,29.960439000,1.879552126,1.864156286,1.891833742
297,29.963511000,1.910224756,1.906734467,1.921491782
298,29.966583000,1.903599183,1.890247703,1.913827340
299,29.969655000,1.810111011,1.901559830,1.862879952
300,29.972727000,1.886575460,1.884977937,1.900232871
301,29.975799000,1.859534884,1.850582006,1.846143420
302,29.978871000,1.879849836,1.868560304,1.909022172
303,29.981943000,1.892920812,1.886181911,1.908290386
304,29.985015000,1.884114623,1.870247563,1.893994093
305,29.988087000,1.838499124,1.885912339,1.856860404
306,29.991159000,1.888639530,1.874288847,1.901467562
307,29.994231000,1.764393295,1.759596348,1.775153150
308,29.997303000,1.846842329,1.797810535,1.868716300
309,30.000375000,1.883191347,1.872329553,1.894998233
310,30.003447000,1.880848984,1.873512586,1.895337184
311,30.006519000,1.903886716,1.893709203,1.893675288
312,30.009591000,1.750127465,1.699915645,1.818946242
313,30.012663000,1.901351611,1.891163270,1.909159323
314,30.015735000,1.739206205,1.896124840,1.791351214
315,30.018807000,1.905593554,1.900541306,1.915965080
316,30.021879000,1.936540206,1.790682038,1.936958075
317,30.024951000,1.903990825,1.897099892,1.913169384
318,30.028023000,1.888681173,1.882292112,1.903289954
319,30.031095000,1.877131194,1.832822407,1.889532536
320,30.034167000,1.890891393,1.878344615,1.905277173
321,30.037239000,1.900802771,1.890288353,1.912365595
322,30.040311000,1.857935141,1.863509715,1.862790803
323,30.043383000,1.621484488,1.642368689,1.619083022
324,30.046455000,1.871199687,1.856170575,1.886131565
325,30.049527000,1.852079374,1.873578886,1.850886588
326,30.052599000,1.890376210,1.873372932,1.900397499
327,30.055671000,1.897014618,1.868522803,1.908810298
328,30.058743000,1.736291369,1.640313566,1.784688440
329,30.061815000,1.897345861,1.886735916,1.913460414
330,30.064887000,1.884588718,1.860914667,1.894268513
331,30.067959000,1.896589915,1.887603839,1.915757577
332,30.071031000,1.902397792,1.895674547,1.916837056
333,30.074103000,1.879178892,1.859018246,1.887895604
334,30.077175000,1.899651825,1.843290230,1.899902304
335,30.080247000,1.870091930,1.890706221,1.891938756
336,30.083319000,1.736975397,1.812864582,1.805969069
337,30.086391000,1.902876377,1.894565264,1.919985692
338,30.089463000,1.868160183,1.865946323,1.873255491
339,30.092535000,1.887734254,1.871564964,1.899610758
340,30.095607000,1.909850756,1.899010340,1.918936253
341,30.098679000,1.408813408,1.574528657,1.487236212
342,30.101751000,1.892722607,1.877890984,1.904848099
343,30.104823000,1.932709058,1.929791451,1.933068593
344,30.107895000,1.830383077,1.830483556,1.841268529
345,30.110967000,1.897987286,1.885574102,1.907019218
346,30.114039000,1.914110819,1.903464595,1.920235038
347,30.117111000,1.813183126,1.898026745,1.834593534
348,30.120183000,1.885674477,1.876509150,1.900108020
349,30.123255000,1.914351861,1.905060252,1.918102900
350,30.126327000,1.896962484,1.870924314,1.906375647
351,30.129399000,1.759655292,1.907990297,1.742474169
352,30.132471000,1.898070812,1.893865029,1.911405404
353,30.135543000,1.888176690,1.875043909,1.895547946
354,30.138615000,1.905405362,1.894668102,1.915697734
355,30.141687000,1.902615070,1.898455023,1.915735245
356,30.144759000,1.912955920,1.906315565,1.924525976
357,30.147831000,1.900685628,1.897639592,1.915004730
358,30.150903000,1.887240569,1.878340602,1.899066925
359,30.153975000,1.880551239,1.825002809,1.902700146
360,30.157047000,1.896938046,1.883914351,1.909333984
361,30.160119000,1.761016334,1.729541016,1.797742834
362,30.163191000,1.845397527,1.789681201,1.827016766
363,30.166263000,1.818666843,1.763315295,1.843511015
364,30.169335000,1.900457382,1.901172638,1.913597345
365,30.172407000,1.896615028,1.874782006,1.903880159
366,30.175479000,1.898752371,1.888261159,1.912767887
367,30.178551000,1.885502497,1.879189650,1.902156830
368,30.181623000,1.897040049,1.884741783,1.911003113
369,30.184695000,1.742737877,1.871391008,1.758224870
370,30.187767000,1.839816769,1.813478058,1.842200393
371,30.190839000,1.907681227,1.895643453,1.915776173
372,30.193911000,1.897386799,1.868059595,1.908026139
373,30.196983000,1.901380857,1.876648347,1.910844664
374,30.200055000,1.946876764,1.890766780,1.950393120
375,30.203127000,1.956766864,1.704605234,1.954929272
376,30.206199000,1.943816036,1.857502520,1.960867484
377,30.209271000,2.002878189,1.924320221,2.001837333
378,30.212343000,1.960171700,1.918973327,1.959038178
379,30.215415000,1.931806167,1.876998425,1.939251423
380,30.218487000,1.820904200,1.831896404,1.824038217
381,30.221559000,1.900609816,1.885543784,1.912712773
382,30.224631000,1.903271357,1.888846278,1.916135629
383,30.227703000,1.892871082,1.879604697,1.902577917
384,30.230775000,1.883991083,1.871136586,1.894349893
385,30.233847000,1.906447252,1.892699083,1.915615797
386,30.236919000,1.771200721,1.751471897,1.781279067
387,30.239991000,1.627521324,1.574237044,1.655568928
388,30.243063000,1.887309551,1.875566641,1.895678282
389,30.246135000,1.751986062,1.800551842,1.724298209
390,30.249207000,1.838590393,1.842908924,1.885370175
391,30.252279000,1.897326310,1.886860530,1.914331913
392,30.255351000,1.722388198,1.661672909,1.739719848
393,30.258423000,1.892912149,1.879904111,1.904302835
394,30.261495000,1.881870250,1.869024436,1.906094551
395,30.264567000,1.900382678,1.888864319,1.913335800
396,30.267639000,1.887813171,1.860225757,1.898492416
397,30.270711000,1.881631613,1.866641363,1.895842592
398,30.273783000,1.879832029,1.859901031,1.886054397
399,30.276855000,1.886943897,1.866536876,1.899239659
400,30.279927000,1.900282383,1.886907180,1.913420836
401,30.282999000,1.905653318,1.903929631,1.917498112
402,30.286071000,1.900039355,1.886644046,1.912199020
403,30.289143000,1.900918802,1.884628038,1.912676414
404,30.292215000,1.896931370,1.882099052,1.900650958
405,30.295287000,1.907713095,1.898848295,1.914328416
406,30.298359000,1.901272933,1.893520276,1.912643433
407,30.301431000,1.910604318,1.889685551,1.922617753
408,30.304503000,1.866271933,1.889498711,1.889124821
409,30.307575000,1.868112038,1.879903873,1.906765461
410,30.310647000,1.861495366,1.831654603,1.868817156
411,30.313719000,1.888767878,1.869041681,1.901450952
412,30.316791000,1.869049072,1.860858679,1.886463563
413,30.319863000,1.796191613,1.804778700,1.828744680
414,30.322935000,1.870932266,1.863179410,1.878524452
415,30.326007000,1.880681833,1.867591540,1.894749006
416,30.329079000,1.872416769,1.832808157,1.893286546
417,30.332151000,1.894560874,1.874251465,1.904755135
418,30.335223000,1.883292635,1.869058907,1.896749655
419,30.338295000,1.854406009,1.828861972,1.850713233
420,30.341367000,1.859192784,1.799974134,1.880163908
421,30.344439000,1.897797585,1.880350272,1.907476266
422,30.347511000,1.891935219,1.880992214,1.907296181
423,30.350583000,1.881443501,1.868948301,1.895930767
424,30.353655000,1.892970939,1.879008849,1.899174988
425,30.356727000,1.884121294,1.876824876,1.900458962
426,30.359799000,1.808777874,1.803520262,1.823903173
427,30.362871000,1.908709844,1.910700639,1.915822426
428,30.365943000,1.874227603,1.856774410,1.891495744
429,30.369015000,1.798367364,1.778594216,1.815631141
430,30.372087000,1.801527294,1.767072986,1.772754346
431,30.375159000,1.894508998,1.880381147,1.904508114
432,30.378231000,1.900060654,1.870731354,1.903983871
433,30.381303000,1.898581902,1.891099771,1.913061460
434,30.384375000,1.886529922,1.873135328,1.899853388
435,30.387447000,1.902572791,1.892881076,1.913717508
436,30.390519000,1.892083486,1.882972082,1.905558745
437,30.393591000,1.833354781,1.796253333,1.848890622
438,30.396663000,1.900688887,1.893687844,1.908053160
439,30.399735000,1.890733570,1.875883738,1.907616059
440,30.402807000,1.893748601,1.877555589,1.905986826
441,30.405879000,1.888088266,1.865562260,1.891745925
442,30.408951000,1.896359364,1.881046136,1.907875578
443,30.412023000,1.893684069,1.887429158,1.911622524
444,30.415095000,1.782274439,1.817621489,1.778995698
445,30.418167000,1.892395973,1.879840533,1.904759804
446,30.421239000,1.878966331,1.863330364,1.896127065
447,30.424311000,1.834703277,1.869024614,1.898394982
448,30.427383000,1.889250914,1.877483368,1.906962236
449,30.430455000,1.880851030,1.868573546,1.896164775
450,30.433527000,1.903929631,1.889417211,1.912207365
451,30.436599000,1.873838733,1.817583889,1.902928670
452,30.439671000,1.819124475,1.789128299,1.835346858
453,30.442743000,1.912427584,1.900132736,1.922545433
454,30.445815000,1.959049821,1.795506954,1.950183352
455,30.448887000,1.871347052,1.838121414,1.886812041
456,30.451959000,1.760350538,1.730673969,1.747625808
457,30.455031000,1.906826496,1.893469493,1.915584405
458,30.458103000,1.874535104,1.860455046,1.885130634
459,30.461175000,1.888640682,1.865774830,1.897708972
460,30.464247000,1.893256505,1.881469568,1.906836748
461,30.467319000,1.913450877,1.895006816,1.921641986
462,30.470391000,1.891439756,1.867953221,1.898273846
463,30.473463000,1.729544764,1.663107663,1.692849492
464,30.476535000,1.847267841,1.859131947,1.859652340
465,30.479607000,1.902336677,1.893718719,1.912532489
466,30.482679000,1.878262356,1.875862648,1.873444567
467,30.485751000,1.856083646,1.808888833,1.870922844
468,30.488823000,1.847625107,1.900972843,1.855479166
469,30.491895000,1.895307064,1.870931049,1.906979680
470,30.494967000,1.892868549,1.858731558,1.907291462
471,30.498039000,1.889601310,1.876676798,1.907684882
472,30.501111000,1.891073585,1.870302578,1.900131305
473,30.504183000,1.903233210,1.890713692,1.910460909
474,30.507255000,1.882189011,1.865562499,1.881183426
475,30.510327000,1.903594255,1.888385614,1.917721272
476,30.513399000,1.901710431,1.893664440,1.910790841
477,30.516471000,1.910540104,1.893500566,1.921399593
478,30.519543000,1.885353565,1.861974955,1.903199673
479,30.522615000,1.901348273,1.895109256,1.912013213
480,30.525687000,1.884987652,1.872311910,1.896341403
481,30.528759000,1.872769038,1.859440506,1.886238575
482,30.531831000,1.887655099,1.873879651,1.893161674
483,30.534903000,1.864883145,1.833490004,1.865081429
484,30.537975000,1.905896505,1.896511396,1.918573300
485,30.541047000,1.877777134,1.861867845,1.892715484
486,30.544119000,1.903411269,1.889083465,1.916004340
487,30.547191000,1.885743668,1.760728608,1.882101297
488,30.550263000,1.892034372,1.882781823,1.903975566
489,30.553335000,1.897968292,1.888933182,1.909528971
490,30.556407000,1.899758975,1.893849611,1.909691493
491,30.559479000,1.886994998,1.872419794,1.894353628
492,30.562551000,1.834079643,1.872650901,1.883687268
493,30.565623000,1.895972888,1.882538954,1.911448638
494,30.568695000,1.904655059,1.893163999,1.912628969
495,30.571767000,1.762935321,1.860997121,1.782569736
496,30.574839000,1.892133296,1.882753332,1.898773114
497,30.577911000,1.885259748,1.878742198,1.899077932
498,30.580983000,1.912566344,1.887211084,1.920864185
499,30.584055000,1.895655553,1.878507713,1.901194493
500,30.587127000,1.866263680,1.882649819,1.865105689
501,30.590199000,1.911254406,1.904328585,1.923744043
502,30.593271000,1.833926231,1.820537766,1.864927967
503,30.596343000,1.900379101,1.887876252,1.916032553
504,30.599415000,1.891409039,1.870416721,1.890914539
505,30.602487000,1.886312952,1.851577789,1.914425592
506,30.605559000,1.906699181,1.883990328,1.915747325
507,30.608631000,1.893969218,1.880677700,1.908523083
508,30.611703000,1.831347018,1.817163587,1.841670528
509,30.614775000,1.920708021,1.912620703,1.927339315
510,30.617847000,1.891652010,1.785675903,1.891437193
511,30.620919000,1.922685067,1.915202250,1.930713654
512,30.623991000,1.893529495,1.884044210,1.905622880
513,30.627063000,1.887492721,1.908027569,1.890636484
514,30.630135000,1.918330510,1.901899179,1.928614934
515,30.633207000,1.859751530,1.857747018,1.864477729
516,30.636279000,1.810481067,1.868152022,1.842980449
517,30.639351000,1.907133420,1.883205652,1.919370810
518,30.642423000,1.816951265,1.783892736,1.815667550
519,30.645495000,1.898927835,1.883988758,1.893836056
520,30.648567000,1.885941625,1.874039074,1.896185398
521,30.651639000,1.912077546,1.903078636,1.918958783
522,30.654711000,1.910950502,1.900531451,1.924340804
523,30.657783000,1.912990729,1.904779196,1.925269922
524,30.660855000,1.921295961,1.890957266,1.934729576
525,30.663927000,1.858489106,1.833701459,1.851379951
526,30.666999000,1.920140425,1.918596228,1.930923621
527,30.670071000,1.910115083,1.895843148,1.919975917
528,30.673143000,1.894299785,1.884183089,1.880411108
529,30.676215000,1.897532463,1.886076291,1.909060876
530,30.679287000,1.869024133,1.836308906,1.894135520
531,30.682359000,1.737332116,1.814219629,1.743099334
532,30.685431000,1.891789754,1.882583559,1.906860828
533,30.688503000,1.908634027,1.896372199,1.916138649
534,30.691575000,1.907471021,1.900700410,1.918735504
535,30.694647000,1.922106902,1.904901187,1.933657567
536,30.697719000,1.902436852,1.888480365,1.913715839
537,30.700791000,1.891607602,1.873823643,1.903251171
538,30.703863000,1.877334972,1.841447910,1.887784600
539,30.706935000,1.899163723,1.884176771,1.905043443
540,30.710007000,1.911609133,1.897309025,1.920802315
541,30.713079000,1.911838373,1.903641542,1.924410343
542,30.716151000,1.911111037,1.888765891,1.922299862
543,30.719223000,1.918118318,1.893030643,1.928823789
544,30.722295000,1.916655540,1.894668579,1.928884824
545,30.725367000,1.921227614,1.917340666,1.940899928
546,30.728439000,1.985608896,1.863614559,1.986153444
547,30.731511000,1.875621599,1.879010975,1.885235727
548,30.734583000,1.913386504,1.901552677,1.922646681
549,30.737655000,1.862328815,1.860131890,1.873274669
550,30.740727000,1.914506833,1.899063667,1.926615794
551,30.743799000,1.917001198,1.896490653,1.921450178
552,30.746871000,1.830525011,1.867407223,1.830216115
553,30.749943000,1.902833223,1.885082881,1.917717616
554,30.753015000,1.906314850,1.899989287,1.920367718
555,30.756087000,1.794054297,1.895065943,1.830220218
556,30.759159000,1.821909934,1.823538760,1.862435540
557,30.762231000,1.894880642,1.866792162,1.908652623
558,30.765303000,1.909148375,1.898125251,1.920273701
559,30.768375000,1.906553666,1.887538910,1.921897570
560,30.771447000,1.903689384,1.888917844,1.917880138
561,30.774519000,1.902254343,1.900419444,1.915251732
562,30.777591000,1.885517438,1.880904039,1.898606777
563,30.780663000,1.897143046,1.881184896,1.915017128
564,30.783735000,1.902394176,1.848266323,1.913051128
565,30.786807000,1.898956458,1.883443991,1.909775019
566,30.789879000,1.908740044,1.886870782,1.924066544
567,30.792951000,1.900952816,1.892937024,1.914557298
568,30.796023000,1.895728111,1.876160582,1.904413303
569,30.799095000,1.843737145,1.853332132,1.862260878
570,30.802167000,1.755853569,1.896718979,1.809606656
571,30.805239000,1.826873297,1.892141819,1.817914168
572,30.808311000,1.910279751,1.899933219,1.918019096
573,30.811383000,1.879704689,1.876080925,1.919372757
574,30.814455000,1.923552836,1.891696393,1.932896177
575,30.817527000,1.824510088,1.691200097,1.837916995
576,30.820599000,1.896862204,1.879412552,1.908369184
577,30.823671000,1.915184021,1.898822864,1.919347366
578,30.826743000,1.912468314,1.906225363,1.921429396
579,30.829815000,1.919528643,1.909381866,1.932376703
580,30.832887000,1.911166350,1.900839329,1.921669642
581,30.835959000,1.907167017,1.885806590,1.924515724
582,30.839031000,1.815495297,1.895296852,1.815124695
583,30.842103000,1.890175293,1.852780024,1.919254561
584,30.845175000,1.914989312,1.901138862,1.921969891
585,30.848247000,1.846435885,1.817625870,1.830329061
586,30.851319000,1.821525492,1.811207990,1.818191826
587,30.854391000,1.900571465,1.880384207,1.914759954
588,30.857463000,1.911233107,1.879664818,1.922971884
589,30.860535000,1.898782253,1.887143373,1.912301064
590,30.863607000,1.742162241,1.779725378,1.743107016
591,30.866679000,1.908209642,1.879173716,1.916228215
592,30.869751000,1.776008505,1.752190173,1.789384442
593,30.872823000,1.763963699,1.687572521,1.792630315
594,30.875895000,1.912051042,1.909280221,1.922142665
595,30.878967000,1.813784361,1.818314811,1.817421084
596,30.882039000,1.835543036,1.833343988,1.848168751
597,30.885111000,1.907465776,1.894112031,1.917675177
598,30.888183000,1.904363245,1.918187539,1.915005008
599,30.891255000,1.872331197,1.847567280,1.897605181
600,30.894327000,1.914968808,1.910641352,1.925067027
601,30.897399000,1.816855659,1.769845034,1.822150648
602,30.900471000,1.789618435,1.870548884,1.800453765
603,30.903543000,1.966803372,1.859281858,1.971791983
604,30.906615000,1.720680202,1.875648379,1.696858649
605,30.909687000,1.853240296,1.847247481,1.860520656
606,30.912759000,1.838977886,1.824631557,1.846496498
607,30.915831000,1.817476643,1.773029084,1.873307089
608,30.918903000,1.959853391,1.876515557,1.971681217
609,30.921975000,1.901031772,1.903896173,1.916532238
610,30.925047000,1.909082095,1.907608986,1.919753393
611,30.928119000,1.917987506,1.907759507,1.927233378
612,30.931191000,1.884763693,1.863424361,1.900836190
613,30.934263000,1.923532089,1.895305355,1.920436124
614,30.937335000,1.910358747,1.910750230,1.926164309
615,30.940407000,1.914837678,1.903006236,1.926749547
616,30.943479000,1.902218501,1.893310706,1.909760316
617,30.946551000,1.747470686,1.775146445,1.741725271
618,30.949623000,1.906109015,1.889903704,1.916933537
619,30.952695000,1.897460938,1.884619395,1.908347766
620,30.955767000,1.906284014,1.894392411,1.916939735
621,30.958839000,1.909862677,1.897649288,1.921674093
622,30.961911000,1.909113566,1.903581262,1.920607646
623,30.964983000,1.907344818,1.889479319,1.917265256
624,30.968055000,1.908530951,1.895588557,1.918658177
625,30.971127000,1.939324776,1.928859790,1.943488439
626,30.974199000,1.972942591,1.848602772,1.977549632
627,30.977271000,1.910365661,1.894234508,1.927829504
628,30.980343000,1.898560524,1.886198680,1.909104864
629,30.983415000,1.918176492,1.908480485,1.929696242
630,30.986487000,1.901281079,1.879453778,1.824417472
631,30.989559000,1.819043477,1.901316961,1.924051205
632,30.992631000,1.846871093,1.797310462,1.810657740
633,30.995703000,1.823911766,1.783783158,1.843100468
634,30.998775000,1.906254848,1.894518932,1.914609392
635,31.001847000,1.903411388,1.892557383,1.916109244
636,31.004919000,1.906408151,1.895946503,1.916767597
637,31.007991000,1.893486023,1.877406478,1.899754405
638,31.011063000,1.905559222,1.889948130,1.912701289
639,31.014135000,1.754648983,1.765922661,1.787725071
640,31.017207000,1.928105911,1.869134625,1.909078677
641,31.020279000,1.928478748,1.863398383,1.453321606
642,31.023351000,1.914336522,1.879802227,1.594572375
643,31.026423000,1.285258643,1.541149875,1.194572677
644,31.029495000,1.744820386,1.925532758,1.563188096
645,31.032567000,1.502103254,1.784256880,1.057981014
646,31.035639000,1.243219872,1.880299628,0.571690716
647,31.038711000,1.072924070,1.913413207,1.060062446
648,31.041783000,1.582605744,1.914974372,1.743235588
649,31.044855000,0.688745459,1.847586036,0.749556089
650,31.047927000,0.299742167,1.881892641,0.532525226
651,31.050999000,0.099732362,1.852439364,0.566533476
652,31.054071000,0.108493958,1.806920484,0.886366636
653,31.057143000,1.451302911,1.888063182,1.858848398
654,31.060215000,1.910324256,1.901797374,1.919806361
655,31.063287000,1.932501475,1.919924736,1.940134684
656,31.066359000,1.902497927,1.892821153,1.917403221
657,31.069431000,1.901939869,1.892674446,1.907252431
658,31.072503000,1.911917845,1.911725362,1.920223077
659,31.075575000,1.931439241,1.928724289,1.941109339
660,31.078647000,1.920307954,1.898710410,1.924276114
661,31.081719000,1.886657208,1.859651238,1.933266550
662,31.084791000,1.914573113,1.907374024,1.931164106
663,31.087863000,1.921132088,1.919181983,1.933007002
664,31.090935000,1.889526983,1.869267126,1.893017650
665,31.094007000,1.783844352,1.774163465,1.806785216
666,31.097079000,1.922183990,1.909443220,1.931549629
667,31.100151000,1.866076152,1.809842261,1.847073615
668,31.103223000,1.931188265,1.898837884,1.943210284
669,31.106295000,1.907502333,1.891755621,1.915671786
670,31.109367000,1.905229251,1.903033257,1.916438262
671,31.112439000,1.911575158,1.896848520,1.920443376
672,31.115511000,1.894651890,1.879598220,1.907533646
673,31.118583000,1.899348338,1.880018155,1.908655087
674,31.121655000,1.860259260,1.900407871,1.818661074
675,31.124727000,1.903234641,1.891166925,1.914479176
676,31.127799000,1.909931819,1.902623653,1.921528498
677,31.130871000,1.929162085,1.918685118,1.938538074
678,31.133943000,1.905968348,1.900029818,1.919492563
679,31.137015000,1.911643028,1.895035426,1.919685125
680,31.140087000,1.924890677,1.916968425,1.931969484
681,31.143159000,1.868713319,1.851755415,1.892053624
682,31.146231000,1.918744604,1.912277341,1.926987569
683,31.149303000,1.922436714,1.906827609,1.932032267
684,31.152375000,1.886653384,1.851892978,1.895156672
685,31.155447000,1.734257909,1.654256503,1.706967587
686,31.158519000,1.828821197,1.817880044,1.854099840
687,31.161591000,1.915989081,1.906434178,1.924223264
688,31.164663000,1.914136887,1.900682449,1.924764554
689,31.167735000,1.909413253,1.884437641,1.922723492
690,31.170807000,1.906210105,1.893538932,1.918274879
691,31.173879000,1.907866955,1.896581809,1.920915842
692,31.176951000,1.940437317,1.896115224,1.943019271
693,31.180023000,1.908088048,1.893374125,1.917312225
694,31.183095000,1.912682692,1.892147978,1.915836732
695,31.186167000,1.921332359,1.889875333,1.931870143
696,31.189239000,1.904197534,1.880829096,1.915494839
697,31.192311000,1.938423475,1.903444250,1.942398628
698,31.195383000,1.931653817,1.784299711,1.920816660
699,31.198455000,1.994659503,1.797331492,1.994961977
700,31.201527000,1.915811459,1.836856773,1.919420083
701,31.204599000,1.726505506,1.680994454,1.751701797
702,31.207671000,1.965608438,1.865688920,1.979606152
703,31.210743000,1.918838203,1.875494550,1.931540986
704,31.213815000,1.650877686,1.750992750,1.646341133
705,31.216887000,1.902365526,1.880666296,1.913075527
706,31.219959000,1.953331470,1.931970835,1.957322121
707,31.223031000,1.887545000,1.867453734,1.894019326
708,31.226103000,1.907788118,1.891734441,1.917034363
709,31.229175000,1.907455444,1.900479078,1.920161406
710,31.232247000,1.910532276,1.881147444,1.915208141
711,31.235319000,1.910885016,1.896675746,1.920820236
712,31.238391000,1.939638853,1.836250901,1.945905526
713,31.241463000,1.733879608,1.833027830,1.753271210
714,31.244535000,1.789935835,1.746072128,1.805078457
715,31.247607000,1.923349539,1.910927931,1.928050359
716,31.250679000,1.902668079,1.887720168,1.912513256
717,31.253751000,1.892044226,1.878244797,1.902357340
718,31.256823000,1.895235300,1.879741033,1.907106241
719,31.259895000,1.865871246,1.863511632,1.872871598
720,31.262967000,1.787414501,1.915956020,1.824194948
721,31.266039000,1.906615575,1.896833102,1.918607632
722,31.269111000,1.904272079,1.890811602,1.918459495
723,31.272183000,1.881718457,1.829912543,1.887887120
724,31.275255000,1.902937343,1.890869508,1.923703353
725,31.278327000,1.915696939,1.895942052,1.923450947
726,31.281399000,1.892863274,1.875515223,1.906622648
727,31.284471000,1.907777309,1.890901566,1.917929729
728,31.287543000,1.901267037,1.878811538,1.908287883
729,31.290615000,1.258384954,1.539723925,1.252263871
730,31.293687000,1.856876170,1.864102374,1.863376697
731,31.296759000,1.872144202,1.839785556,1.889017900
732,31.299831000,1.899824694,1.876512950,1.902153452
733,31.302903000,1.891274909,1.860006750,1.904970964
734,31.305975000,1.900776704,1.890845935,1.909187873
735,31.309047000,1.898880800,1.882034938,1.907866398
736,31.312119000,1.863653456,1.892789443,1.881949417
737,31.315191000,1.909890652,1.893437227,1.921041965
738,31.318263000,1.852203205,1.890931586,1.858292947
739,31.321335000,1.914128939,1.899751663,1.924081484
740,31.324407000,1.888191839,1.857959588,1.899421195
741,31.327479000,1.911968549,1.891130765,1.923132420
742,31.330551000,1.924323400,1.912675063,1.934374015
743,31.333623000,1.724549303,1.652321376,1.745928253
744,31.336695000,1.728164643,1.887461682,1.759512037
745,31.339767000,1.832766893,1.841134618,1.818236167
746,31.342839000,1.860190272,1.914482196,1.906898657
747,31.345911000,1.875162443,1.853719572,1.889555017
748,31.348983000,1.912727038,1.906850815,1.927323659
749,31.352055000,1.899177392,1.894611955,1.909974893
750,31.355127000,1.905227423,1.887070139,1.912658493
751,31.358199000,1.891617348,1.872594714,1.889030765
752,31.361271000,1.891778588,1.865889311,1.899954637
753,31.364343000,1.916737159,1.905170441,1.928451379
754,31.367415000,1.906317393,1.897462527,1.918437958
755,31.370487000,1.908939838,1.900470416,1.920192083
756,31.373559000,1.868327484,1.839655221,1.889739126
757,31.376631000,1.917003791,1.912823041,1.929403146
758,31.379703000,1.914033135,1.905567805,1.923215667
759,31.382775000,1.917589664,1.904599428,1.932177941
760,31.385847000,1.894834002,1.882074277,1.907965501
761,31.388919000,1.913747311,1.905147552,1.923494081
762,31.391991000,1.922496478,1.919850985,1.936425050
763,31.395063000,1.809613571,1.769321069,1.865560710
764,31.398135000,1.829407965,1.740195264,1.850302428
765,31.401207000,1.913871845,1.889579932,1.928537210
766,31.404279000,1.867239498,1.883523643,1.871677568
767,31.407351000,1.916382551,1.904981852,1.923454603
768,31.410423000,1.854573240,1.835888038,1.888019860
769,31.413495000,1.915340066,1.911156654,1.928861141
770,31.416567000,1.847964967,1.865297019,1.864417339
771,31.419639000,1.858731156,1.863662461,1.898560633
772,31.422711000,1.890103261,1.883210262,1.903383970
773,31.425783000,1.909752846,1.898394346,1.921674093
774,31.428855000,1.927842458,1.911965728,1.936404745
775,31.431927000,1.876142452,1.851045797,1.897236586
776,31.434999000,1.917579015,1.898852507,1.933662415
777,31.438071000,1.908947945,1.900075118,1.919233481
778,31.441143000,1.912833691,1.904883226,1.924558957
779,31.444215000,1.905357917,1.874460777,1.920492093
780,31.447287000,1.918833733,1.910800934,1.932889144
781,31.450359000,1.910141905,1.905058225,1.921839396
782,31.453431000,1.912235181,1.887854020,1.927470287
783,31.456503000,1.902340134,1.892786284,1.914226174
784,31.459575000,1.930472851,1.892206669,1.943707625
785,31.462647000,1.930224578,1.913848877,1.938342730
786,31.465719000,1.858878508,1.810753902,1.888353139
787,31.468791000,1.881995683,1.862849573,1.894946754
788,31.471863000,1.903617541,1.892108281,1.913243453
789,31.474935000,1.901175976,1.874356379,1.905731221
790,31.478007000,1.889442046,1.877942483,1.900061369
791,31.481079000,1.679101296,1.725484653,1.676665455
792,31.484151000,1.956662258,1.795198719,1.963163972
793,31.487223000,1.924224536,1.911871870,1.933821599
794,31.490295000,1.923033396,1.899189750,1.926770210
795,31.493367000,1.862310025,1.829934279,1.850684206
796,31.496439000,1.900671522,1.894013325,1.911162734
797,31.499511000,1.885850469,1.887214363,1.917190591
798,31.502583000,1.900914192,1.893613021,1.914289633
799,31.505655000,1.820400774,1.884228279,1.825404132
800,31.508727000,1.906588395,1.896438718,1.914516767
801,31.511799000,1.914952914,1.907471180,1.926805814
802,31.514871000,1.896701833,1.867814700,1.887843172
803,31.517943000,1.895566702,1.818583856,1.911177119
804,31.521015000,1.860118290,1.811105122,1.854855955
805,31.524087000,1.901477019,1.883996964,1.915440241
806,31.527159000,1.845780576,1.824029754,1.854508157
807,31.530231000,1.899919848,1.889466365,1.908631682
808,31.533303000,1.916681767,1.908270041,1.921738148
809,31.536375000,1.933207035,1.925796111,1.938152631
810,31.539447000,1.925589561,1.917448680,1.931530714
811,31.542519000,1.915628433,1.894115766,1.929531256
812,31.545591000,1.650121536,1.761575532,1.643779479
813,31.548663000,1.789162944,1.856963724,1.803494799
814,31.551735000,1.840305008,1.852405985,1.849654843
815,31.554807000,1.881408870,1.877015889,1.905727585
816,31.557879000,1.901126037,1.861165047,1.916019738
817,31.560951000,1.912794272,1.896348000,1.923141956
818,31.564023000,1.897870382,1.888629913,1.910376310
819,31.567095000,1.843992087,1.788131038,1.783735894
820,31.570167000,1.805823604,1.818379074,1.836533025
821,31.573239000,1.892857989,1.896315227,1.917843302
822,31.576311000,1.902195930,1.895479878,1.912362734
823,31.579383000,1.899666945,1.896094720,1.908371766
824,31.582455000,1.905040820,1.885878682,1.911798120
825,31.585527000,1.906273524,1.891257604,1.916188717
826,31.588599000,1.907393138,1.895151615,1.914104621
827,31.591671000,1.895417134,1.879249692,1.905026595
828,31.594743000,1.840025038,1.892269135,1.865193745
829,31.597815000,1.902445475,1.898609161,1.914286613
830,31.600887000,1.898817698,1.888350010,1.911818027
831,31.603959000,1.876282354,1.836069783,1.881188641
832,31.607031000,1.894829750,1.880086422,1.906167587
833,31.610103000,1.891826153,1.879161437,1.902848244
834,31.613175000,1.889546553,1.873692671,1.902889649
835,31.616247000,1.828548302,1.804958125,1.831359004
836,31.619319000,1.872429386,1.823081270,1.887347559
837,31.622391000,1.870170464,1.885308266,1.850598233
838,31.625463000,1.895962874,1.880757411,1.908319394
839,31.628535000,1.778977970,1.793877160,1.796382467
840,31.631607000,1.887207309,1.846694827,1.898039897
841,31.634679000,1.907552242,1.906640053,1.919842084
842,31.637751000,1.894364993,1.883136749,1.899302959
843,31.640823000,1.896960894,1.888468901,1.909667174
844,31.643895000,1.890582224,1.868098587,1.897923251
845,31.646967000,1.858326999,1.865456204,1.865231077
846,31.650039000,1.866447156,1.862062434,1.877958645
847,31.653111000,1.899662654,1.876003027,1.912328005
848,31.656183000,1.898640871,1.886519273,1.912314177
849,31.659255000,1.903423309,1.894415220,1.909290910
850,31.662327000,1.548301456,1.656983390,1.594429299
851,31.665399000,1.931466897,1.901156902,1.942845186
852,31.668471000,1.945074081,1.877862771,1.950898886
853,31.671543000,1.917561531,1.914984385,1.929762999
854,31.674615000,1.822101463,1.900613546,1.851864229
855,31.677687000,1.894056767,1.890956938,1.903826555
856,31.680759000,1.914618333,1.906907082,1.925206184
857,31.683831000,1.903634071,1.873434325,1.913024267
858,31.686903000,1.897649765,1.892822584,1.913848877
859,31.689975000,1.898077488,1.889089584,1.909497023
860,31.693047000,1.919387658,1.911118189,1.928572814
861,31.696119000,1.897760630,1.893880765,1.911005020
862,31.699191000,1.960775534,1.898338079,1.964554787
863,31.702263000,1.720602037,1.670509793,1.726293559
864,31.705335000,1.912178755,1.902166684,1.919581016
865,31.708407000,1.908970038,1.898052136,1.919404189
866,31.711479000,1.893787861,1.888511181,1.908871969
867,31.714551000,1.855326546,1.845804254,1.849725217
868,31.717623000,1.934147040,1.920417627,1.936168234
869,31.720695000,1.861056343,1.845385502,1.879275511
870,31.723767000,1.902139664,1.897177259,1.912521203
871,31.726839000,1.888859630,1.864818891,1.915606697
872,31.729911000,1.855194340,1.819126288,1.854760091
873,31.732983000,1.825126628,1.909429709,1.873992801
874,31.736055000,1.892397642,1.878255367,1.905727307
875,31.739127000,1.896023194,1.867147565,1.898825308
876,31.742199000,1.903172414,1.884192069,1.924018860
877,31.745271000,1.878257379,1.875282278,1.877568543
878,31.748343000,1.912828445,1.903720299,1.925018311
879,31.751415000,1.893880049,1.885341009,1.901318431
880,31.754487000,1.893947721,1.904780547,1.905402690
881,31.757559000,1.897576809,1.897805214,1.912254333
882,31.760631000,1.904783964,1.898592710,1.917452097
883,31.763703000,1.901850939,1.888032734,1.902610242
884,31.766775000,1.781681026,1.849353880,1.779600044
885,31.769847000,1.908878803,1.898093541,1.922706286
886,31.772919000,1.861756233,1.852787589,1.856977041
887,31.775991000,1.912858605,1.906037887,1.920970559
888,31.779063000,1.895103772,1.884094715,1.909259955
889,31.782135000,1.901806990,1.899059534,1.913349152
890,31.785207000,1.896016598,1.882982095,1.910832723
891,31.788279000,1.723083332,1.834467431,1.727291077
892,31.791351000,1.903343995,1.892690182,1.917925914
893,31.794423000,1.858955582,1.834432910,1.876647959
894,31.797495000,1.912842592,1.906291246,1.921558857
895,31.800567000,1.885135253,1.846103470,1.896757444
896,31.803639000,1.884204984,1.856131991,1.900533557
897,31.806711000,1.886047537,1.881658306,1.913864871
898,31.809783000,1.908611298,1.897453149,1.920691331
899,31.812855000,1.910172621,1.900056203,1.921082973
900,31.815927000,1.916053931,1.896214604,1.926396449
901,31.818999000,1.566703538,1.710615940,1.604077925
902,31.822071000,1.876342038,1.870497644,1.889452020
903,31.825143000,1.905153910,1.893077215,1.916166464
904,31.828215000,1.816522395,1.797882599,1.824170912
905,31.831287000,1.905939579,1.885339101,1.917845726
906,31.834359000,1.923880259,1.918747425,1.934760729
907,31.837431000,1.871815036,1.868751874,1.876588017
908,31.840503000,1.905671000,1.894329627,1.914203644
909,31.843575000,1.914012909,1.910010497,1.923369090
910,31.846647000,1.903197249,1.897187392,1.911549598
911,31.849719000,1.716866838,1.726897433,1.729867195
912,31.852791000,1.904998144,1.901338100,1.919647137
913,31.855863000,1.908468405,1.900542657,1.921275616
914,31.858935000,1.902566353,1.890169342,1.914612850
915,31.862007000,1.852592322,1.815054923,1.875380963
916,31.865079000,1.923984210,1.914224466,1.931293329
917,31.868151000,1.908007304,1.902783791,1.920002143
918,31.871223000,1.912652413,1.898484548,1.924912135
919,31.874295000,1.915768147,1.907619516,1.923014005
920,31.877367000,1.912801901,1.905495167,1.925788562
921,31.880439000,1.916266759,1.908689976,1.930389722
922,31.883511000,1.926523005,1.880369499,1.932735920
923,31.886583000,1.912519614,1.899319808,1.920093377
924,31.889655000,1.907608032,1.890243689,1.920753002
925,31.892727000,1.896851182,1.891711871,1.911007961
926,31.895799000,1.903931936,1.890340805,1.910534620
927,31.898871000,1.729394878,1.705952659,1.742337694
928,31.901943000,1.881144812,1.878910427,1.903749247
929,31.905015000,1.896518499,1.891418417,1.910995702
930,31.908087000,1.911104043,1.890763760,1.924306273
931,31.911159000,1.754577945,1.900672038,1.774980952
932,31.914231000,1.903758407,1.884229019,1.908443232
933,31.917303000,1.842768818,1.818210026,1.870246470
934,31.920375000,1.904722015,1.896618684,1.915044069
935,31.923447000,1.854020372,1.778377344,1.857258747
936,31.926519000,1.906714678,1.885992269,1.917183697
937,31.929591000,1.883592357,1.877295564,1.893363213
938,31.932663000,1.901272297,1.895054181,1.913468599
939,31.935735000,1.905574878,1.899284204,1.917397817
940,31.938807000,1.895955245,1.891507308,1.906476577
941,31.941879000,1.806739464,1.748403087,1.818172306
942,31.944951000,1.906796137,1.887621721,1.916174253
943,31.948023000,1.742478612,1.716297135,1.750248258
944,31.951095000,1.785528873,1.745635122,1.819066018
945,31.954167000,1.875395983,1.835093021,1.883831114
946,31.957239000,1.901461124,1.898999612,1.915688674
947,31.960311000,1.888238668,1.881878644,1.900317907
948,31.963383000,1.891681035,1.880435626,1.908803066
949,31.966455000,1.823998717,1.829319934,1.855520949
950,31.969527000,1.915858070,1.905240258,1.923815211
951,31.972599000,1.921378215,1.907897313,1.934661150
952,31.975671000,1.916879217,1.885259628,1.930867990
953,31.978743000,1.877143910,1.870587011,1.885225137
954,31.981815000,1.879434387,1.832750032,1.872171412
955,31.984887000,1.911196232,1.900547822,1.924207369
956,31.987959000,1.906292836,1.899076223,1.918094158
957,31.991031000,1.872173013,1.878701349,1.863492750
958,31.994103000,1.912160397,1.906622887,1.920667410
959,31.997175000,1.899329185,1.880838633,1.913456837
960,32.000247000,1.919642766,1.911929528,1.929249287
961,32.003319000,1.860917419,1.819032262,1.892159184
962,32.006391000,1.888635953,1.868799527,1.899463813
963,32.009463000,1.902875185,1.891059856,1.906836907
964,32.012535000,1.847115427,1.797563684,1.845443740
965,32.015607000,1.882076075,1.904785156,1.886930277
966,32.018679000,1.760729946,1.734937842,1.775710851
967,32.021751000,1.788233453,1.833344539,1.808681046
968,32.024823000,1.975616058,1.886374791,1.986349901
969,32.027895000,2.004681746,1.868588805,2.001465122
970,32.030967000,1.927405804,1.912241995,1.932839513
971,32.034039000,1.903697093,1.895645698,1.918785175
972,32.037111000,1.948379099,1.907305559,1.958182494
973,32.040183000,1.876857713,1.855739993,1.871319597
974,32.043255000,1.886657208,1.880850236,1.902498623
975,32.046327000,1.827897176,1.837462495,1.846322546
976,32.049399000,1.907301585,1.882729610,1.922640483
977,32.052471000,1.924200853,1.904708862,1.933590094
978,32.055543000,1.945318182,1.822266539,1.940339069
979,32.058615000,1.931909084,1.904582679,1.936913808
980,32.061687000,1.919579347,1.915348768,1.931451003
981,32.064759000,1.916649183,1.913260301,1.926425457
982,32.067831000,1.920465787,1.910809517,1.933191617
983,32.070903000,1.910356522,1.908483267,1.918272018
984,32.073975000,1.918922583,1.893775185,1.930079142
985,32.077047000,1.912951191,1.895401816,1.924646437
986,32.080119000,1.921203534,1.904790719,1.933223327
987,32.083191000,1.829356746,1.912765662,1.836457118
988,32.086263000,1.797092656,1.774309332,1.836774061
989,32.089335000,1.903169632,1.899545034,1.917133649
990,32.092407000,1.912696838,1.905144930,1.921081463
991,32.095479000,1.899440765,1.885258198,1.910468578
992,32.098551000,1.892008940,1.879387607,1.903236965
993,32.101623000,1.823565227,1.873217165,1.869445562
994,32.104695000,1.887766403,1.899923484,1.877588491
995,32.107767000,1.846006850,1.857199123,1.856563047
996,32.110839000,1.889022509,1.857374539,1.897410750
997,32.113911000,1.915875430,1.924535910,1.916007439
998,32.116983000,1.909064213,1.893017232,1.918509801
999,32.120055000,1.910441875,1.883636316,1.923676014
1000,32.123127000,1.887372802,1.862573763,1.899750789
1001,32.126199000,1.926428239,1.918648005,1.933597724
1002,32.129271000,1.987139424,1.773721496,1.969786803
1003,32.132343000,1.930663347,1.925527493,1.935217778
1004,32.135415000,1.823838015,1.796790068,1.808040877
1005,32.138487000,1.926093896,1.917381207,1.935435295
1006,32.141559000,1.909258048,1.891850154,1.916457176
1007,32.144631000,1.912736257,1.895958424,1.927042802
1008,32.147703000,1.914833546,1.884176572,1.917609096
1009,32.150775000,1.901876132,1.885074933,1.917550723
1010,32.153847000,1.954110622,1.888238033,1.958746513
1011,32.156919000,1.900907516,1.867186775,1.909297834
1012,32.159991000,1.916904449,1.907668114,1.925549527
1013,32.163063000,1.909158429,1.897323926,1.919062416
1014,32.166135000,1.841907923,1.858541623,1.842578242
1015,32.169207000,1.912660440,1.905049324,1.922542890
1016,32.172279000,1.915935079,1.905589422,1.927604516
1017,32.175351000,1.910981814,1.903546174,1.921891848
1018,32.178423000,1.921511491,1.915262540,1.934655666
1019,32.181495000,1.935536583,1.912016312,1.941110929
1020,32.184567000,1.916559835,1.905589153,1.920773705
1021,32.187639000,1.750011497,1.686254650,1.759304006
1022,32.190711000,1.941208839,1.910258611,1.948667844
1023,32.193783000,1.945162137,1.911274910,1.955834707
1024,32.196855000,1.962609450,1.933738947,1.966593305
1025,32.199927000,1.916789691,1.910078526,1.927419504
1026,32.202999000,1.833217621,1.785267373,1.844890058
1027,32.206071000,1.919986725,1.896271149,1.923385461
1028,32.209143000,1.904734929,1.898535093,1.915418704
1029,32.212215000,1.932597612,1.897067308,1.943458319
1030,32.215287000,1.897898386,1.895999869,1.913007766
1031,32.218359000,1.923487186,1.912211816,1.933128198
1032,32.221431000,1.874006738,1.854528209,1.872735749
1033,32.224503000,1.751624703,1.745060702,1.758546844
1034,32.227575000,1.913214048,1.905926069,1.921151638
1035,32.230647000,1.898253148,1.862522920,1.909884622
1036,32.233719000,1.920462290,1.917214712,1.934713205
1037,32.236791000,1.917699178,1.897640616,1.928158919
1038,32.239863000,1.911093076,1.895710786,1.924747785
1039,32.242935000,1.917054176,1.908790191,1.929125468
1040,32.246007000,1.905740102,1.904078801,1.919255416
1041,32.249079000,1.917681058,1.908533573,1.929262161
1042,32.252151000,1.910764535,1.904259682,1.923998992
1043,32.255223000,1.903496106,1.901266098,1.919261297
1044,32.258295000,1.912278175,1.901060899,1.923702955
1045,32.261367000,1.868413707,1.823634038,1.882786403
1046,32.264439000,1.875300112,1.863626381,1.889861062
1047,32.267511000,1.677939715,1.706488632,1.720463216
1048,32.270583000,1.915161133,1.887451212,1.930323283
1049,32.273655000,1.799448729,1.795421695,1.818111449
1050,32.276727000,1.868290275,1.844200591,1.863790403
1051,32.279799000,1.897702058,1.891509930,1.911072254
1052,32.282871000,1.905847232,1.899644454,1.921116988
1053,32.285943000,1.895954957,1.884882251,1.900843422
1054,32.289015000,1.864799947,1.866838296,1.835876634
1055,32.292087000,1.888156280,1.871506651,1.900321275
1056,32.295159000,1.808959802,1.885655046,1.824660510
1057,32.298231000,1.876723985,1.859308680,1.884968321
1058,32.301303000,1.922243436,1.912765662,1.934511264
1059,32.304375000,1.833276326,1.815094143,1.844341973
1060,32.307447000,1.872561927,1.856598253,1.910469313
1061,32.310519000,1.862111121,1.847008238,1.890763352
1062,32.313591000,1.885782331,1.879463514,1.905019959
1063,32.316663000,1.944435120,1.915747444,1.947709719
1064,32.319735000,1.831836119,1.794977218,1.857789069
1065,32.322807000,1.948217710,1.943377415,1.955808957
1066,32.325879000,1.896449357,1.872297963,1.908838838
1067,32.328951000,1.933801174,1.908807357,1.936231454
1068,32.332023000,1.909187317,1.898624659,1.916334788
1069,32.335095000,1.908006748,1.895416816,1.915824572
1070,32.338167000,1.906538844,1.889412959,1.911553741
1071,32.341239000,1.901638667,1.895224651,1.914618572
1072,32.344311000,1.896183809,1.882722696,1.912379583
1073,32.347383000,1.883318643,1.868021935,1.873457541
1074,32.350455000,1.888847351,1.870972633,1.901323160
1075,32.353527000,1.894014279,1.878713449,1.904527346
1076,32.356599000,1.905221303,1.895756324,1.914265315
1077,32.359671000,1.889547348,1.875607252,1.898883581
1078,32.362743000,1.885618051,1.881017208,1.901194572
1079,32.365815000,1.895847003,1.879987399,1.908168157
1080,32.368887000,1.907226642,1.875400106,1.918672721
1081,32.371959000,1.887322068,1.875592669,1.898832003
1082,32.375031000,1.900650183,1.894399722,1.912422657
1083,32.378103000,1.895105521,1.879748344,1.906947295
1084,32.381175000,1.897533576,1.881961823,1.909426292
1085,32.384247000,1.896455864,1.875445843,1.901289940
1086,32.387319000,1.878654202,1.856466055,1.890583595
1087,32.390391000,1.900909901,1.882251104,1.912453016
1088,32.393463000,1.907440186,1.891793648,1.915254037
1089,32.396535000,1.900678635,1.887200673,1.912167946
1090,32.399607000,1.896033764,1.871620893,1.906088034
1091,32.402679000,1.903192123,1.890893300,1.915469964
1092,32.405751000,1.894329548,1.882468979,1.906658014
1093,32.408823000,1.881896098,1.865215560,1.890507857
1094,32.411895000,1.912678719,1.895303011,1.921756903
1095,32.414967000,1.893613338,1.876667420,1.903459628
1096,32.418039000,1.914095561,1.902422428,1.925560236
1097,32.421111000,1.896755248,1.882293959,1.902271628
1098,32.424183000,1.893188636,1.882278681,1.907265504
1099,32.427255000,1.912834883,1.902944565,1.923031648
1100,32.430327000,1.907611529,1.891973098,1.915815274
1101,32.433399000,1.909238338,1.888463100,1.919161002
1102,32.436471000,1.960751057,1.907416264,1.965794086
1103,32.439543000,1.861249064,1.848363191,1.901814431
1104,32.442615000,1.902245204,1.892168283,1.914676666
1105,32.445687000,1.911384145,1.901718458,1.886961023
1106,32.448759000,1.827528358,1.904576461,1.792255223
1107,32.451831000,1.481983056,1.901544968,1.602086574
1108,32.454903000,1.657304083,1.766488964,1.789000923
1109,32.457975000,1.897811333,1.892937501,1.915190697
1110,32.461047000,1.840544296,1.863597358,1.862880434
1111,32.464119000,1.850130121,1.858681083,1.868680730
1112,32.467191000,1.918744882,1.912663937,1.930785815
1113,32.470263000,1.908276876,1.895205061,1.919153651
1114,32.473335000,1.906455517,1.900485953,1.915612380
1115,32.476407000,1.910842160,1.904788117,1.922535698
1116,32.479479000,1.904439708,1.895533383,1.914346933
1117,32.482551000,1.897457391,1.880368650,1.899613400
1118,32.485623000,1.917816162,1.910828590,1.930261930
1119,32.488695000,1.921731393,1.917594830,1.931724389
1120,32.491767000,1.926993370,1.922698021,1.937782605
1121,32.494839000,1.927106063,1.920425018,1.935035070
1122,32.497911000,1.862995143,1.888577958,1.861093233
1123,32.500983000,1.922902266,1.905529261,1.933813492
1124,32.504055000,1.791271955,1.779252328,1.799478163
1125,32.507127000,1.964177926,1.907781680,1.971175512
1126,32.510199000,1.992246469,1.898135821,1.984104832
1127,32.513271000,2.005211532,1.769425452,1.979197145
1128,32.516343000,1.952387412,1.856206516,1.951789538
1129,32.519415000,1.954321980,1.820274949,1.949180146
1130,32.522487000,1.953658104,1.854748130,1.947306871
1131,32.525559000,1.955961863,1.908434391,1.959092458
1132,32.528631000,1.928394755,1.860992809,1.925694803
1133,32.531703000,1.961949348,1.837747216,1.965625366
1134,32.534775000,1.958316902,1.885655582,1.959803899
1135,32.537847000,1.990379333,1.929573933,1.992030064
1136,32.540919000,1.965675453,1.881265481,1.964014610
1137,32.543991000,1.960097979,1.875357310,1.922236880
1138,32.547063000,1.967164437,1.794954916,1.961221059
1139,32.550135000,1.978822549,1.903015614,1.980435689
1140,32.553207000,1.969069084,1.926728328,1.958969633
1141,32.556279000,1.947013805,1.886048873,1.941120068
1142,32.559351000,1.963925282,1.820530415,1.962827682
1143,32.562423000,1.976485252,1.894135674,1.962735772
1144,32.565495000,1.979451418,1.804863522,1.976196488
1145,32.568567000,1.963649273,1.908148209,1.957316001
1146,32.571639000,1.942121665,1.838723739,1.939113061
1147,32.574711000,1.980729342,1.888995449,1.977944851
1148,32.577783000,1.951818426,1.871129572,1.942447583
1149,32.580855000,1.985221326,1.807576299,1.980499427
1150,32.583927000,1.982218623,1.856367747,1.974852085
1151,32.586999000,1.937449227,1.894698868,1.946188807
1152,32.590071000,1.995834152,1.859350055,1.994750897
1153,32.593143000,2.009855111,1.934237242,1.998661359
1154,32.596215000,1.966902971,1.861692170,1.969172796
1155,32.599287000,1.983370622,1.859624704,1.971877019
1156,32.602359000,1.955724438,1.887919207,1.957221866
1157,32.605431000,1.985327860,1.920082867,1.983069897
1158,32.608503000,1.955467145,1.869801482,1.952027996
1159,32.611575000,1.985435804,1.894592484,1.980522792
1160,32.614647000,1.931243698,1.847260445,1.928119282
1161,32.617719000,1.973090331,1.778662354,1.978459040
1162,32.620791000,1.981450399,1.915204008,1.982852538
1163,32.623863000,1.967303981,1.892707348,1.971601705
1164,32.626935000,1.976058086,1.862119476,1.974029462
1165,32.630007000,1.963777105,1.892842094,1.965415080
1166,32.633079000,1.999317408,1.891805649,1.994836450
1167,32.636151000,1.931403955,1.911667506,1.941222986
1168,32.639223000,1.949686766,1.939113696,1.956489245
1169,32.642295000,1.950575968,1.897947152,1.964516322
1170,32.645367000,1.843260357,1.794462656,1.852885284
1171,32.648439000,1.985423997,1.902836328,1.992501607
1172,32.651511000,1.983377457,1.793901881,1.984898567
1173,32.654583000,1.971185048,1.917335908,1.969778379
1174,32.657655000,1.990915934,1.901696920,1.991761923
1175,32.660727000,1.921127319,1.912245115,1.932454904
1176,32.663799000,1.903833071,1.895666997,1.917353233
1177,32.666871000,1.874720976,1.865256677,1.888292094
1178,32.669943000,1.922918081,1.908215046,1.930661837
1179,32.673015000,1.895721157,1.874294261,1.909940759
1180,32.676087000,1.819827080,1.841635684,1.822009857
1181,32.679159000,1.886288643,1.867709200,1.896722078
1182,32.682231000,1.903396606,1.895420392,1.914392312
1183,32.685303000,1.891601721,1.875225186,1.892390033
1184,32.688375000,1.763145295,1.748226302,1.773065632
1185,32.691447000,1.811569542,1.799135352,1.846432378
1186,32.694519000,1.771009882,1.900512377,1.768466671
1187,32.697591000,1.908478101,1.905656020,1.917568803
1188,32.700663000,1.909824212,1.893310944,1.921206236
1189,32.703735000,1.920009454,1.909763098,1.931344509
1190,32.706807000,1.886238267,1.873276293,1.900648564
1191,32.709879000,1.917333603,1.907888095,1.930029233
1192,32.712951000,1.793704291,1.779638072,1.808676700
1193,32.716023000,1.890083939,1.881124000,1.901442309
1194,32.719095000,1.874057919,1.814149837,1.865706702
1195,32.722167000,1.912818988,1.876383185,1.911045283
1196,32.725239000,1.909537653,1.896123707,1.914567928
1197,32.728311000,1.792109897,1.826822971,1.802511121
1198,32.731383000,1.896339903,1.857949883,1.900744120
1199,32.734455000,1.867181554,1.839660128,1.858710448
1200,32.737527000,1.898105224,1.890750130,1.910560926
1201,32.740599000,1.903314590,1.892086983,1.915690184
1202,32.743671000,1.892355909,1.871828079,1.896033853
1203,32.746743000,1.719284341,1.648910839,1.757405316
1204,32.749815000,1.914096038,1.905254523,1.928126971
1205,32.752887000,1.921975454,1.916499774,1.929963430
1206,32.755959000,1.891339938,1.880700350,1.902227322
1207,32.759031000,1.865889405,1.852386435,1.897485594
1208,32.762103000,1.886973908,1.896138161,1.907795191
1209,32.765175000,1.884486794,1.889143417,1.920505146
1210,32.768247000,1.920012315,1.904206167,1.925385157
1211,32.771319000,1.899069309,1.887169838,1.904399077
1212,32.774391000,1.901255290,1.885120193,1.905781786
1213,32.777463000,1.915725311,1.907883326,1.925484339
1214,32.780535000,1.840963572,1.871499429,1.848729322
1215,32.783607000,1.861749649,1.872413556,1.869473646
1216,32.786679000,1.872619229,1.865724325,1.881019667
1217,32.789751000,1.934354146,1.925748428,1.942843994
1218,32.792823000,1.922423999,1.915084839,1.930007060
1219,32.795895000,1.910807451,1.899577220,1.916824102
1220,32.798967000,1.923162142,1.906483730,1.930429379
1221,32.802039000,1.773152221,1.833250488,1.779843107
1222,32.805111000,1.924121857,1.914119244,1.936663707
1223,32.808183000,1.893690864,1.869042754,1.910320063
1224,32.811255000,1.883019527,1.872840961,1.896734317
1225,32.814327000,1.921458244,1.914675554,1.930964152
1226,32.817399000,1.894895554,1.879824162,1.907547593
1227,32.820471000,1.882152766,1.857871234,1.893713375
1228,32.823543000,1.898763975,1.884210587,1.908408562
1229,32.826615000,1.906532129,1.898599227,1.918575923
1230,32.829687000,1.908579826,1.893749237,1.917557716
1231,32.832759000,1.876216759,1.852404952,1.892917196
1232,32.835831000,1.900542577,1.881679535,1.911646446
1233,32.838903000,1.714840055,1.662430232,1.727605879
1234,32.841975000,1.854681728,1.859094381,1.857750687
1235,32.845047000,1.896319389,1.881217480,1.909396251
1236,32.848119000,1.908916632,1.892826478,1.918490807
1237,32.851191000,1.908609390,1.903244336,1.917769750
1238,32.854263000,1.845359889,1.731772999,1.838860273
1239,32.857335000,1.903988838,1.885414044,1.916648070
1240,32.860407000,1.802218542,1.781912267,1.790312042
1241,32.863479000,1.897048155,1.876294374,1.906206926
1242,32.866551000,1.901487033,1.885089517,1.910056194
1243,32.869623000,1.884692192,1.852384952,1.880370835
1244,32.872695000,1.920679569,1.869939963,1.929806312
1245,32.875767000,1.913021723,1.897082925,1.918964227
1246,32.878839000,1.823463206,1.817903151,1.845561807
1247,32.881911000,1.843085478,1.809639956,1.821211765
1248,32.884983000,1.829601472,1.788057521,1.889535944
1249,32.888055000,1.892366171,1.867474556,1.899002473
1250,32.891127000,1.867078096,1.817605674,1.879434903
1251,32.894199000,1.892767270,1.876545827,1.905422211
1252,32.897271000,1.905742009,1.881749392,1.917109489
1253,32.900343000,1.902431170,1.877032121,1.912239234
1254,32.903415000,1.873086582,1.849591156,1.881535267
1255,32.906487000,1.908837159,1.890374660,1.916679382
1256,32.909559000,1.897937775,1.887364070,1.911275705
1257,32.912631000,1.905525684,1.889262438,1.911066095
1258,32.915703000,1.841593439,1.866956070,1.865505869
1259,32.918775000,1.772887123,1.766886340,1.764969970
1260,32.921847000,1.920961459,1.905462881,1.932039261
1261,32.924919000,1.889354289,1.884772331,1.890749266
1262,32.927991000,1.916390260,1.911946297,1.925851027
1263,32.931063000,1.925253709,1.918509165,1.937009176
1264,32.934135000,1.929550171,1.908442577,0.754606942
1265,32.937207000,1.921127637,1.905063152,0.355432590
1266,32.940279000,1.920120557,1.907927593,0.514738063
1267,32.943351000,1.905661424,1.872201165,1.666079799
1268,32.946423000,1.931361039,1.845236619,1.948182662
1269,32.949495000,0.543108995,1.899993181,1.743757839
1270,32.952567000,0.128243501,1.908850352,1.737776796
1271,32.955639000,0.448762770,1.894461791,1.886430502
1272,32.958711000,1.685792466,1.915025473,1.930768092
1273,32.961783000,1.903187513,1.890612006,1.912613074
1274,32.964855000,1.892315785,1.857926488,1.899770101
1275,32.967927000,1.896941245,1.882981102,1.910761297
1276,32.970999000,1.922595819,1.919189453,1.927207788
1277,32.974071000,1.898430506,1.889447610,1.906570991
1278,32.977143000,1.950800737,1.911804676,1.950859706
1279,32.980215000,1.913058281,1.898501158,1.922071775
1280,32.983287000,1.905254841,1.893445412,1.913229744
1281,32.986359000,1.917580922,1.898606777,1.924501101
1282,32.989431000,1.790284887,1.836696252,1.767444608
1283,32.992503000,1.907681386,1.891171455,1.917852084
1284,32.995575000,1.923729261,1.909932534,1.934247971
1285,32.998647000,1.891168639,1.884133806,1.893106605
1286,33.001719000,1.837232078,1.845662201,1.853664890
1287,33.004791000,1.866319532,1.865847886,1.904949983
1288,33.007863000,1.916272640,1.903077920,1.926130931
1289,33.010935000,1.905949116,1.897147099,1.919756095
1290,33.014007000,1.899201632,1.885649880,1.908479849
1291,33.017079000,1.865127514,1.857106209,1.885978053
1292,33.020151000,1.896899700,1.882381280,1.910759449
1293,33.023223000,1.919975758,1.901939193,1.927497943
1294,33.026295000,1.905473232,1.896239758,1.913596233
1295,33.029367000,1.782384261,1.864655063,1.813180973
1296,33.032439000,1.916016797,1.896017690,1.922175944
1297,33.035511000,1.887286340,1.878435870,1.897122731
1298,33.038583000,1.912656466,1.896610737,1.922337850
1299,33.041655000,1.909875234,1.898638884,1.918866237
1300,33.044727000,1.911842346,1.903958797,1.923871040
1301,33.047799000,1.904037793,1.886790355,1.916258494
1302,33.050871000,1.907856782,1.894175450,1.917926073
1303,33.053943000,1.905292511,1.893427293,1.915480614
1304,33.057015000,1.912243207,1.902852297,1.920955261
1305,33.060087000,1.896361848,1.882762313,1.903749108
1306,33.063159000,1.837246453,1.828931943,1.857892176
1307,33.066231000,1.902339458,1.896491528,1.911117077
1308,33.069303000,1.826523036,1.761815414,1.826097578
1309,33.072375000,1.906872431,1.894086520,1.918634176
1310,33.075447000,1.912003790,1.894137224,1.903295269
1311,33.078519000,1.917565028,1.910437385,1.924637874
1312,33.081591000,1.868838986,1.829324449,1.872104516
1313,33.084663000,1.823657393,1.792751824,1.826847295
1314,33.087735000,1.909923712,1.897288640,1.921832482
1315,33.090807000,1.893105825,1.878057440,1.903634469
1316,33.093879000,1.906879743,1.891431173,1.917355855
1317,33.096951000,1.843772387,1.889625867,1.866349195
1318,33.100023000,1.829719057,1.883976698,1.852619718
1319,33.103095000,1.907783508,1.897927443,1.919067065
1320,33.106167000,1.908236504,1.890456438,1.918638945
1321,33.109239000,1.957002163,1.799604058,1.951762040
1322,33.112311000,1.807008321,1.816006025,1.833033880
1323,33.115383000,1.916509787,1.908726692,1.923239231
1324,33.118455000,1.862774377,1.840457002,1.890184482
1325,33.121527000,1.899691105,1.890994946,1.906973998
1326,33.124599000,1.886553114,1.864863783,1.899616669
1327,33.127671000,1.643141195,1.827488830,1.658553451
1328,33.130743000,1.913438320,1.901239793,1.922299147
1329,33.133815000,1.783587957,1.807202836,1.812632854
1330,33.136887000,1.901829878,1.895529906,1.914904197
1331,33.139959000,1.914375305,1.909554323,1.923868179
1332,33.143031000,1.837101003,1.839267199,1.851839130
1333,33.146103000,1.841412984,1.883453925,1.851291577
1334,33.149175000,1.860421658,1.776562835,1.865410467
1335,33.152247000,1.860536064,1.822433586,1.877123266
1336,33.155319000,1.781761266,1.813688278,1.789464499
1337,33.158391000,1.890175601,1.876220842,1.902480642
1338,33.161463000,1.899763564,1.888865014,1.907926321
1339,33.164535000,1.771762162,1.741390953,1.782848905
1340,33.167607000,1.937493816,1.893234829,1.950785955
1341,33.170679000,1.767186162,1.836255978,1.793705697
1342,33.173751000,1.868150810,1.888958921,1.883880963
1343,33.176823000,1.903401136,1.900475581,1.918637276
1344,33.179895000,1.774402418,1.661571110,1.802735624
1345,33.182967000,1.936836739,1.891745726,1.948029558
1346,33.186039000,1.934725444,1.924008211,1.937960903
1347,33.189111000,1.898803711,1.890820583,1.907181422
1348,33.192183000,1.904357592,1.890504042,1.913892905
1349,33.195255000,1.811879995,1.781164303,1.818298206
1350,33.198327000,1.921409130,1.898824890,1.929363330
1351,33.201399000,1.914824009,1.899792115,1.916534344
1352,33.204471000,1.869449615,1.867835999,1.889071067
1353,33.207543000,1.910924256,1.892744005,1.921892444
1354,33.210615000,1.892515739,1.869631807,1.898861567
1355,33.213687000,1.914020856,1.900841713,1.926083724
1356,33.216759000,1.912727038,1.908916553,1.920217117
1357,33.219831000,1.893820604,1.888431946,1.901339531
1358,33.222903000,1.873494516,1.862761180,1.877204537
1359,33.225975000,1.908617496,1.896855672,1.918083747
1360,33.229047000,1.890175357,1.873475750,1.897858540
1361,33.232119000,1.844974637,1.892912149,1.888632695
1362,33.235191000,1.882746980,1.857113103,1.906443556
1363,33.238263000,1.895349344,1.886909087,1.908598423
1364,33.241335000,1.880545616,1.872851094,1.892230988
1365,33.244407000,1.807165978,1.821538726,1.822965349
1366,33.247479000,1.894710382,1.880108356,1.904382229
1367,33.250551000,1.902229309,1.888666550,1.909458319
1368,33.253623000,1.897423625,1.880342305,1.901028315
1369,33.256695000,1.902900616,1.883431156,1.911416849
1370,33.259767000,1.889471849,1.881066561,1.905788104
1371,33.262839000,1.898621400,1.892435114,1.911415219
1372,33.265911000,1.832647381,1.797268490,1.858188783
1373,33.268983000,1.776679782,1.800640126,1.805522690
1374,33.272055000,1.906732241,1.909027338,1.916795929
1375,33.275127000,1.916114966,1.909065207,1.926973581
1376,33.278199000,1.895398299,1.879462570,1.904507796
1377,33.281271000,1.915704926,1.886404832,1.926244259
1378,33.284343000,1.921078841,1.911773682,1.926385800
1379,33.287415000,1.904027303,1.894193967,1.913467964
1380,33.290487000,1.890597502,1.875211159,1.901394924
1381,33.293559000,1.900390466,1.897111972,1.908843915
1382,33.296631000,1.854616590,1.859049638,1.853259424
1383,33.299703000,1.854290371,1.910572926,1.872752031
1384,33.302775000,1.907748540,1.900509516,1.919176737
1385,33.305847000,1.786069053,1.755138869,1.763522046
1386,33.308919000,1.884594614,1.914625168,1.895038170
1387,33.311991000,1.852362191,1.895207167,1.913460334
1388,33.315063000,1.912259450,1.914215704,1.926805317
1389,33.318135000,1.883707364,1.868853291,1.898505847
1390,33.321207000,1.741857231,1.883133729,1.809132407
1391,33.324279000,1.895516634,1.887421727,1.905504147
1392,33.327351000,1.918911298,1.913571099,1.927905639
1393,33.330423000,1.922298749,1.906449477,1.933534463
1394,33.333495000,1.915299575,1.878770312,1.919220686
1395,33.336567000,1.923747698,1.915440480,1.933717887
1396,33.339639000,1.901583513,1.889870008,1.912387768
1397,33.342711000,1.892772039,1.880057812,1.896420678
1398,33.345783000,1.907742659,1.898849090,1.917507569
1399,33.348855000,1.895095030,1.879097303,1.904722532
1400,33.351927000,1.897900979,1.868098636,1.903996944
1401,33.354999000,1.908701022,1.896178484,1.915781657
1402,33.358071000,1.908033530,1.895921588,1.920450767
1403,33.361143000,1.916618029,1.903539777,1.927459796
1404,33.364215000,1.903207739,1.884613425,1.908115149
1405,33.367287000,1.900935173,1.892747045,1.914287090
1406,33.370359000,1.913698991,1.907676220,1.923701366
1407,33.373431000,1.900290012,1.888408025,1.913170815
1408,33.376503000,1.909184297,1.897522847,1.921213706
1409,33.379575000,1.929901123,1.914278507,1.938553810
1410,33.382647000,1.925604820,1.920576890,1.937463601
1411,33.385719000,1.819216927,1.785724933,1.819180220
1412,33.388791000,1.920464993,1.917803288,1.934369246
1413,33.391863000,1.918885867,1.895725012,1.925332228
1414,33.394935000,1.821449784,1.813673700,1.831113786
1415,33.398007000,1.915030320,1.906408429,1.924832106
1416,33.401079000,1.928913275,1.920842648,1.935419401
1417,33.404151000,1.913102627,1.899204572,1.925814946
1418,33.407223000,1.905358473,1.880275726,1.923065106
1419,33.410295000,1.791734209,1.775894463,1.792783688
1420,33.413367000,1.914522807,1.907518824,1.920742273
1421,33.416439000,1.843362426,1.839799345,1.847151597
1422,33.419511000,1.920097431,1.884468754,1.926799933
1423,33.422583000,1.869262566,1.874851932,1.880079741
1424,33.425655000,1.935714563,1.911784967,1.941662788
1425,33.428727000,1.878384471,1.854073922,1.888487418
1426,33.431799000,1.911047459,1.900785526,1.922998190
1427,33.434871000,1.922780315,1.906373938,1.935754538
1428,33.437943000,1.679079225,1.702514708,1.680384979
1429,33.441015000,1.935074727,1.922208746,1.946443955
1430,33.444087000,1.876074081,1.911792278,1.873063475
1431,33.447159000,1.880027488,1.877508700,1.897324244
1432,33.450231000,1.903109471,1.902808269,1.911443035
1433,33.453303000,1.912915707,1.904729684,1.923128128
1434,33.456375000,1.861975282,1.856802632,1.898019592
1435,33.459447000,1.809538020,1.850290130,1.823554218
1436,33.462519000,1.856202275,1.863097598,1.862022286
1437,33.465591000,1.884250323,1.867521644,1.894992173
1438,33.468663000,1.768426292,1.795801212,1.791970407
1439,33.471735000,1.883206844,1.864898841,1.898520788
1440,33.474807000,1.933206399,1.889010350,1.940033356
1441,33.477879000,1.985297839,1.697276608,1.987566233
1442,33.480951000,1.889870087,1.870193879,1.872136603
1443,33.484023000,1.759577895,1.857924342,1.820389638
1444,33.487095000,1.743291054,1.783117384,1.752925863
1445,33.490167000,1.781120064,1.821586221,1.793241262
1446,33.493239000,1.865509689,1.854906201,1.881803373
1447,33.496311000,1.901545207,1.885935545,1.912753264
1448,33.499383000,1.730344777,1.690179120,1.726695545
1449,33.502455000,1.908908685,1.900548617,1.920603991
1450,33.505527000,1.886190613,1.860387325,1.893981854
1451,33.508599000,1.904592355,1.884540101,1.914540152
1452,33.511671000,1.905230363,1.897433678,1.914671739
1453,33.514743000,1.841468565,1.846961280,1.843927234
1454,33.517815000,1.899529616,1.890419483,1.909033060
1455,33.520887000,1.882867287,1.876389742,1.896963755
1456,33.523959000,1.897364299,1.879657666,1.910893599
1457,33.527031000,1.888778687,1.886028369,1.901695251
1458,33.530103000,1.849139170,1.875072584,1.871590798
1459,33.533175000,1.918578784,1.912736654,1.926670154
1460,33.536247000,1.852203190,1.861006677,1.763639470
1461,33.539319000,1.826816867,1.853326509,1.870410691
1462,33.542391000,1.908724785,1.892756621,1.921679338
1463,33.545463000,1.897985458,1.893625339,1.912108739
1464,33.548535000,1.897059838,1.893465201,1.909961303
1465,33.551607000,1.909056981,1.903198302,1.920976957
1466,33.554679000,1.891742547,1.886009852,1.905127525
1467,33.557751000,1.792177069,1.754002872,1.802044640
1468,33.560823000,1.553510544,1.492866804,1.514610489
1469,33.563895000,1.879537702,1.866811832,1.895219008
1470,33.566967000,1.726611029,1.768583228,1.737605696
1471,33.570039000,1.948965311,1.831419627,1.938971162
1472,33.573111000,1.885250032,1.886797408,1.893526753
1473,33.576183000,1.904882928,1.896601657,1.923687538
1474,33.579255000,1.912582556,1.910266638,1.924597581
1475,33.582327000,1.843297809,1.885082006,1.836348186
1476,33.585399000,1.903842767,1.895968199,1.911516984
1477,33.588471000,1.753694537,1.761002744,1.761020315
1478,33.591543000,1.833219647,1.813866834,1.881389757
1479,33.594615000,1.910773277,1.903603395,1.923014879
1480,33.597687000,1.904590249,1.882470866,1.918889602
1481,33.600759000,1.851590795,1.876414299,1.848003745
1482,33.603831000,1.867432147,1.878492852,1.885034223
1483,33.606903000,1.873529976,1.847297281,1.863554229
1484,33.609975000,1.902860045,1.894859513,1.920484861
1485,33.613047000,1.905749480,1.893024166,1.912659764
1486,33.616119000,1.915995280,1.899731139,1.924629609
1487,33.619191000,1.807303146,1.768635407,1.808766807
1488,33.622263000,1.907695532,1.897704879,1.913255771
1489,33.625335000,1.772645041,1.685094558,1.794242034
1490,33.628407000,1.894890706,1.883167168,1.909182787
1491,33.631479000,1.901609023,1.880124489,1.912126144
1492,33.634551000,1.895405610,1.880493959,1.902519504
1493,33.637623000,0.886192095,1.403741604,1.060723225
1494,33.640695000,1.714231322,1.895138661,1.741113618
1495,33.643767000,1.868236889,1.867081126,1.893207421
1496,33.646839000,1.894590934,1.881272753,1.908609668
1497,33.649911000,1.883973281,1.878128211,1.896223625
1498,33.652983000,1.841291313,1.833962798,1.849475980
1499,33.656055000,1.897683779,1.886105855,1.907667240
1500,33.659127000,1.855338469,1.846663435,1.882563641
1501,33.662199000,1.905244033,1.901909749,1.919908206
1502,33.665271000,1.915059725,1.902804136,1.925792058
1503,33.668343000,1.924516837,1.917270501,1.936233521
1504,33.671415000,1.903703670,1.880194257,1.915208141
1505,33.674487000,1.914300591,1.902701954,1.921610832
1506,33.677559000,1.909845630,1.908190886,1.922747930
1507,33.680631000,1.837316451,1.854906370,1.872820159
1508,33.683703000,1.901746591,1.885792375,1.916691701
1509,33.686775000,1.845894624,1.830748811,1.866483579
1510,33.689847000,1.909246286,1.895551523,1.922438463
1511,33.692919000,1.926857630,1.920528015,1.938126723
1512,33.695991000,1.805338110,1.802812929,1.816576694
1513,33.699063000,1.906193733,1.895744999,1.919250965
1514,33.702135000,1.910835107,1.900157452,1.926173449
1515,33.705207000,1.931285699,1.925522486,1.943927447
1516,33.708279000,1.898326516,1.871089439,1.910394390
1517,33.711351000,1.819874073,1.855915666,1.830856313
1518,33.714423000,1.788893588,1.764025226,1.818450868
1519,33.717495000,1.773194258,1.834920893,1.789676035
1520,33.720567000,1.919311841,1.894423087,1.925860246
1521,33.723639000,1.905000846,1.894296646,1.916219076
1522,33.726711000,1.837218244,1.858652820,1.837025801
1523,33.729783000,1.901165326,1.891357660,1.913222551
1524,33.732855000,1.889300073,1.868065675,1.906838596
1525,33.735927000,1.922056148,1.921193644,1.931214531
1526,33.738999000,1.869206320,1.742970387,1.872832348
1527,33.742071000,1.908482234,1.901555220,1.919231892
1528,33.745143000,1.909501235,1.902282159,1.919102510
1529,33.748215000,1.907587531,1.873585711,1.916138917
1530,33.751287000,1.916853905,1.907211622,1.926357905
1531,33.754359000,1.444495622,1.476478845,1.418524767
1532,33.757431000,1.911499818,1.894435008,1.922486067
1533,33.760503000,1.852209394,1.860118508,1.840842878
1534,33.763575000,1.832531067,1.838774115,1.844373991
1535,33.766647000,1.907550494,1.879071593,1.911990056
1536,33.769719000,1.887506644,1.874702692,1.899033944
1537,33.772791000,1.902165711,1.895684143,1.916954656
1538,33.775863000,1.879521752,1.862736349,1.872633656
1539,33.778935000,1.929228942,1.846522848,1.942758560
1540,33.782007000,1.811558304,1.774260710,1.818502446
1541,33.785079000,1.788838541,1.758965830,1.827105264
1542,33.788151000,1.909936269,1.905891657,1.920388222
1543,33.791223000,1.719280764,1.621618226,1.729908084
1544,33.794295000,1.840374470,1.793519358,1.873784105
1545,33.797367000,1.890499791,1.886890491,1.903311213
1546,33.800439000,1.927658081,1.925233523,1.938285828
1547,33.803511000,1.891479601,1.862464617,1.896404117
1548,33.806583000,1.903664999,1.902388950,1.914750541
1549,33.809655000,1.920822620,1.873645663,1.933429559
1550,33.812727000,1.906213125,1.899527391,1.919819832
1551,33.815799000,1.839840025,1.835414787,1.860781277
1552,33.818871000,1.912315210,1.899880568,1.917965810
1553,33.821943000,1.906796137,1.897935549,1.916630904
1554,33.825015000,1.904037793,1.893595298,1.914258639
1555,33.828087000,1.872315452,1.830817143,1.864080379
1556,33.831159000,1.904008786,1.894810836,1.917819023
1557,33.834231000,1.898067554,1.885242025,1.908003171
1558,33.837303000,1.835717067,1.851121008,1.844684770
1559,33.840375000,1.913043022,1.904490153,1.924614191
1560,33.843447000,1.760783131,1.873774052,1.777765572
1561,33.846519000,1.900066713,1.851001988,1.896233171
1562,33.849591000,1.899303595,1.892105261,1.910762072
1563,33.852663000,1.944832941,1.849379102,1.944259127
1564,33.855735000,1.902889291,1.890314261,1.915029367
1565,33.858807000,1.901368697,1.888660610,1.912483176
1566,33.861879000,1.656531575,1.696187546,1.673211205
1567,33.864951000,1.879386018,1.865906000,1.886574576
1568,33.868023000,1.932614168,1.909516811,1.942167044
1569,33.871095000,1.950877808,1.860401332,1.953634957
1570,33.874167000,1.912844181,1.896328290,1.926435471
1571,33.877239000,1.912845055,1.891352812,1.922051112
1572,33.880311000,1.904482086,1.889223377,1.909668793
1573,33.883383000,1.893695513,1.881042759,1.907083392
1574,33.886455000,1.876486719,1.865063767,1.895724813
1575,33.889527000,1.901290894,1.888773362,1.911253492
1576,33.892599000,1.900069555,1.885821740,1.913530827
1577,33.895671000,1.920481046,1.911151171,1.928263267
1578,33.898743000,1.925661564,1.897710323,1.942167282
1579,33.901815000,1.914887428,1.898962259,1.921539227
1580,33.904887000,1.922902803,1.913344661,1.933584293
1581,33.907959000,1.877016177,1.885104458,1.886311377
1582,33.911031000,1.906755765,1.886942218,1.921232144
1583,33.914103000,1.903291066,1.893345515,1.916978518
1584,33.917175000,1.881622593,1.862416466,1.895822247
1585,33.920247000,1.901888529,1.889902910,1.915161292
1586,33.923319000,1.886267265,1.894255718,1.901558479
1587,33.926391000,1.916637013,1.903010031,1.926895142
1588,33.929463000,1.835079943,1.823275169,1.875908156
1589,33.932535000,1.903676420,1.877015710,1.907604138
1590,33.935607000,1.860258902,1.833178555,1.887227520
1591,33.938679000,1.926160653,1.905901392,1.938984235
1592,33.941751000,1.886812220,1.881804849,1.889469028
1593,33.944823000,1.910797755,1.896512508,1.918479522
1594,33.947895000,1.855423619,1.857750406,1.868691564
1595,33.950967000,1.893720786,1.878458758,1.902323445
1596,33.954039000,1.871934528,1.897159417,1.878317018
1597,33.957111000,1.878783822,1.857141296,1.895890872
1598,33.960183000,1.875269185,1.857960274,1.884912958
1599,33.963255000,1.909988006,1.888639679,1.916748603
1600,33.966327000,1.825611333,1.872323245,1.848124832
1601,33.969399000,1.834381967,1.861298000,1.836981349
1602,33.972471000,1.914938132,1.909817855,1.929030418
1603,33.975543000,1.914588769,1.904037952,1.925677776
1604,33.978615000,1.908676942,1.907854875,1.919954141
1605,33.981687000,1.902076085,1.890142520,1.914959033
1606,33.984759000,1.906995773,1.890624583,1.912068427
1607,33.987831000,1.880192325,1.860688885,1.885554090
1608,33.990903000,1.653289564,1.699724550,1.644587691
1609,33.993975000,1.895546814,1.850929141,1.900797188
1610,33.997047000,1.897138437,1.880186399,1.908529123
1611,34.000119000,1.835292041,1.896789392,1.895024161
1612,34.003191000,1.883132935,1.864795685,1.902647177
1613,34.006263000,1.905771097,1.885851721,1.913173914
1614,34.009335000,1.881423195,1.857827286,1.893701593
1615,34.012407000,1.890193582,1.864577423,1.900412043
1616,34.015479000,1.892475287,1.866487225,1.904931545
1617,34.018551000,1.823580379,1.856758018,1.824405680
1618,34.021623000,1.892053922,1.877320826,1.899225235
1619,34.024695000,1.905378819,1.890693347,1.913406849
1620,34.027767000,1.908499559,1.897136450,1.920813560
1621,34.030839000,1.879247427,1.866502364,1.892706076
1622,34.033911000,1.817173416,1.772707661,1.823806196
1623,34.036983000,1.894897858,1.881632646,1.909291108
1624,34.040055000,1.874220451,1.850882068,1.880657285
1625,34.043127000,1.855499794,1.894953767,1.826460198
1626,34.046199000,1.907920678,1.898716251,1.917132775
1627,34.049271000,1.902284145,1.886717558,1.908526897
1628,34.052343000,1.934574842,1.919109424,1.943077962
1629,34.055415000,1.896261692,1.878563881,1.906753540
1630,34.058487000,1.889851888,1.874039491,1.900244792
1631,34.061559000,1.894343038,1.874280810,1.902947942
1632,34.064631000,1.896681150,1.877176086,1.903667609
1633,34.067703000,1.883204023,1.832985361,1.890355368
1634,34.070775000,1.910910288,1.880359173,1.923104525
1635,34.073847000,1.900551001,1.891471624,1.913730939
1636,34.076919000,1.911599477,1.898946126,1.922327677
1637,34.079991000,1.867542158,1.823458324,1.862366498
1638,34.083063000,1.908091068,1.900762320,1.923304399
1639,34.086135000,1.925025384,1.910483042,1.933778445
1640,34.089207000,1.956232230,1.840840459,1.959944646
1641,34.092279000,1.923124790,1.917850733,1.929267009
1642,34.095351000,1.842544993,1.908725103,1.879388322
1643,34.098423000,1.912807147,1.895809889,1.925312440
1644,34.101495000,1.908617973,1.883552313,1.923350493
1645,34.104567000,1.912342548,1.906738997,1.924669266
1646,34.107639000,1.904121876,1.897874037,1.914327025
1647,34.110711000,1.910530408,1.900652011,1.918664535
1648,34.113783000,1.902952711,1.881270970,1.905854503
1649,34.116855000,1.797901886,1.823434254,1.877689421
1650,34.119927000,1.903400054,1.884239962,1.915483763
1651,34.122999000,1.907985315,1.885582536,1.916414499
1652,34.126071000,1.898532862,1.884654333,1.912254691
1653,34.129143000,1.909030755,1.893174251,1.922938824
1654,34.132215000,1.913701375,1.903786341,1.926444848
1655,34.135287000,1.908971786,1.898633301,1.917283535
1656,34.138359000,1.894131502,1.887704929,1.908969919
1657,34.141431000,1.849909643,1.864469379,1.885649006
1658,34.144503000,1.912865003,1.901895682,1.925977389
1659,34.147575000,1.913650990,1.904028257,1.926072598
1660,34.150647000,1.887284199,1.876371066,1.902111371
1661,34.153719000,1.903528372,1.896555185,1.914449215
1662,34.156791000,1.902183394,1.892250950,1.914225618
1663,34.159863000,1.859965280,1.903436104,1.897609413
1664,34.162935000,1.899881522,1.887464086,1.914084355
1665,34.166007000,1.669210556,1.752469625,1.701424087
1666,34.169079000,1.871716976,1.852355798,1.900622288
1667,34.172151000,1.910894712,1.904704889,1.924089114
1668,34.175223000,1.902877331,1.892697414,1.916460752
1669,34.178295000,1.910881678,1.902040720,1.923812548
1670,34.181367000,1.891419967,1.878580332,1.903324684
1671,34.184439000,1.920575142,1.899380048,1.930500031
1672,34.187511000,1.904197494,1.894224882,1.915290197
1673,34.190583000,1.823221624,1.893556913,1.847712884
1674,34.193655000,1.924941550,1.929963748,1.938620806
1675,34.196727000,1.739512046,1.787382354,1.730130454
1676,34.199799000,1.765656029,1.759849812,1.786287904
1677,34.202871000,1.882315040,1.850698968,1.891351471
1678,34.205943000,1.936301192,1.860703448,1.932697137
1679,34.209015000,1.914513667,1.877043287,1.932971160
1680,34.212087000,1.899366483,1.875827432,1.915811817
1681,34.215159000,1.903232927,1.900070399,1.905119479
1682,34.218231000,1.917485078,1.918155511,1.929704825
1683,34.221303000,1.904338837,1.892913938,1.916355928
1684,34.224375000,1.903977871,1.901787599,1.919953505
1685,34.227447000,1.903437525,1.903193792,1.905502190
1686,34.230519000,1.815030053,1.852969368,1.831153368
1687,34.233591000,1.916208426,1.901937644,1.929185470
1688,34.236663000,1.641644999,1.647762547,1.654173722
1689,34.239735000,1.927367131,1.921060562,1.939618746
1690,34.242807000,1.938041449,1.929975033,1.942924539
1691,34.245879000,1.914668431,1.810657909,1.893159032
1692,34.248951000,1.695245276,1.614243920,1.672128253
1693,34.252023000,1.591071757,1.641953604,1.642724728
1694,34.255095000,1.841770768,1.812992175,1.861056825
1695,34.258167000,1.799690406,1.873023709,1.824915454
1696,34.261239000,1.921322664,1.909431140,1.928308646
1697,34.264311000,1.913468838,1.907183806,1.922535181
1698,34.267383000,1.922207514,1.913052718,1.932199955
1699,34.270455000,1.920896848,1.901614110,1.933129628
1700,34.273527000,1.908392986,1.879468352,1.918282052
1701,34.276599000,1.907863617,1.903418303,1.916846037
1702,34.279671000,1.804754307,1.797085943,1.820104649
1703,34.282743000,1.912692547,1.908723195,1.924074809
1704,34.285815000,1.891154433,1.898017446,1.909242322
1705,34.288887000,1.896777898,1.891696076,1.917508125
1706,34.291959000,1.906869014,1.856378675,1.916488608
1707,34.295031000,1.840618461,1.888361136,1.864131637
1708,34.298103000,1.901478608,1.886239767,1.908814112
1709,34.301175000,1.894450113,1.887165934,1.906471918
1710,34.304247000,1.754336958,1.775203471,1.831188182
1711,34.307319000,1.897639354,1.885640740,1.912578265
1712,34.310391000,1.898580392,1.888523897,1.912778060
1713,34.313463000,1.903879960,1.893117587,1.915817897
1714,34.316535000,1.855200954,1.855175103,1.872009878
1715,34.319607000,1.836092403,1.819975391,1.867175718
1716,34.322679000,1.897518953,1.890902917,1.907183170
1717,34.325751000,1.913317680,1.902917941,1.922379573
1718,34.328823000,1.813013757,1.776750982,1.808920393
1719,34.331895000,1.912063440,1.903635025,1.922179937
1720,34.334967000,1.855407859,1.869308442,1.862912590
1721,34.338039000,1.913334370,1.905402720,1.921159903
1722,34.341111000,1.907181263,1.878535410,1.913420717
1723,34.344183000,1.913105647,1.895093759,1.922278722
1724,34.347255000,1.717734020,1.669356940,1.742195413
1725,34.350327000,1.871535858,1.843977898,1.879941066
1726,34.353399000,1.908895095,1.891024351,1.920162837
1727,34.356471000,1.895356596,1.888136625,1.905939976
1728,34.359543000,1.749035247,1.775478830,1.753226104
1729,34.362615000,1.954742432,1.873705864,1.966544787
1730,34.365687000,1.882236883,1.776876946,1.897477011
1731,34.368759000,1.860618651,1.905958970,1.856089840
1732,34.371831000,1.912673950,1.903082927,1.923936764
1733,34.374903000,1.919073264,1.907427390,1.927637180
1734,34.377975000,1.909654379,1.899427652,1.927604119
1735,34.381047000,1.903262774,1.886869431,1.914631367
1736,34.384119000,1.903064887,1.889947732,1.915811539
1737,34.387191000,1.891865810,1.866598189,1.906791727
1738,34.390263000,1.920968274,1.898122569,1.930582325
1739,34.393335000,1.914802983,1.818994919,1.909928838
1740,34.396407000,1.818141808,1.738458025,1.807652315
1741,34.399479000,1.899277091,1.892016212,1.905524572
1742,34.402551000,1.858456731,1.875362953,1.816057603
1743,34.405623000,1.795207486,1.885599693,1.819321950
1744,34.408695000,1.851524359,1.860664646,1.861507848
1745,34.411767000,1.824098652,1.824671249,1.853916695
1746,34.414839000,1.830293616,1.837363591,1.866760030
1747,34.417911000,1.857469589,1.842652664,1.866758406
1748,34.420983000,1.659119129,1.727835039,1.643570359
1749,34.424055000,1.898916562,1.894409974,1.909305970
1750,34.427127000,1.927325964,1.918298523,1.934381505
1751,34.430199000,1.865131194,1.897167842,1.860494390
1752,34.433271000,1.904386401,1.887364546,1.916467587
1753,34.436343000,1.910259147,1.891836445,1.911233366
1754,34.439415000,1.896659866,1.887063940,1.916875263
1755,34.442487000,1.893012206,1.877501925,1.907452583
1756,34.445559000,1.832535873,1.857993608,1.843085637
1757,34.448631000,1.894606988,1.883515835,1.909232140
1758,34.451703000,1.909775893,1.889165878,1.922115485
1759,34.454775000,1.890953143,1.873738647,1.898869991
1760,34.457847000,1.890264312,1.896861037,1.902171473
1761,34.460919000,1.883523941,1.876363178,1.897808949
1762,34.463991000,1.911744118,1.898142775,1.916339040
1763,34.467063000,1.798545749,1.825795144,1.803741733
1764,34.470135000,1.941824118,1.782337010,1.953004857
1765,34.473207000,1.889777958,1.873974264,1.897072673
1766,34.476279000,1.901825031,1.888935248,1.910882036
1767,34.479351000,1.880328814,1.854966005,1.893016656
1768,34.482423000,1.894634922,1.881996075,1.905926625
1769,34.485495000,1.855799963,1.825118711,1.854563693
1770,34.488567000,1.899956822,1.867597808,1.917634487
1771,34.491639000,1.875530163,1.859019597,1.887851715
1772,34.494711000,1.906345844,1.887967547,1.913575888
1773,34.497783000,1.883468151,1.865718762,1.894619862
1774,34.500855000,1.915174643,1.900470575,1.926063697
1775,34.503927000,1.889111598,1.878592094,1.902447303
1776,34.506999000,1.899143219,1.881855090,1.909396489
1777,34.510071000,1.855960598,1.799073497,1.863143414
1778,34.513143000,1.875297507,1.848455667,1.885582844
1779,34.516215000,1.766891363,1.725565334,1.763730650
1780,34.519287000,1.792087839,1.807475433,1.784975948
1781,34.522359000,1.932203770,1.887473424,1.936886311
1782,34.525431000,1.886855920,1.856495579,1.900381724
1783,34.528503000,1.901499112,1.881649653,1.909233252
1784,34.531575000,1.890422980,1.876297792,1.897346814
1785,34.534647000,1.891498168,1.846837322,1.900292079
1786,34.537719000,1.884345214,1.846907973,1.900139650
1787,34.540791000,1.781119335,1.823289712,1.791168064
1788,34.543863000,1.886990388,1.871615092,1.900530577
1789,34.546935000,1.844960531,1.788059423,1.869746546
1790,34.550007000,1.900383472,1.882442474,1.909326077
1791,34.553079000,1.896054109,1.885922829,1.909990629
1792,34.556151000,1.871186907,1.851785998,1.908346812
1793,34.559223000,1.881475136,1.872268935,1.886100799
1794,34.562295000,1.913786411,1.905823469,1.919539452
1795,34.565367000,1.909009417,1.882943372,1.920650363
1796,34.568439000,1.830646664,1.849101732,1.839119141
1797,34.571511000,1.909688791,1.903352896,1.922064463
1798,34.574583000,1.747718652,1.733747219,1.761945004
1799,34.577655000,1.895160516,1.893390497,1.907091856
1800,34.580727000,1.779518917,1.761255252,1.809433912
1801,34.583799000,1.910305818,1.899246295,1.924330552
1802,34.586871000,1.891796589,1.873925487,1.905325015
1803,34.589943000,1.905161222,1.900238434,1.919253985
1804,34.593015000,1.915113290,1.900547187,1.923263709
1805,34.596087000,1.891613881,1.877717177,1.901490609
1806,34.599159000,1.896802505,1.882714709,1.909266551
1807,34.602231000,1.913017750,1.900726159,1.924529870
1808,34.605303000,1.899713556,1.860035380,1.917114099
1809,34.608375000,1.899024566,1.888624986,1.913866202
1810,34.611447000,1.884481271,1.872693936,1.896266301
1811,34.614519000,1.891794046,1.881575108,1.903358539
1812,34.617591000,1.754941881,1.871615057,1.728854870
1813,34.620663000,1.903514385,1.889621099,1.914995193
1814,34.623735000,1.767339845,1.765590906,1.802236229
1815,34.626807000,1.911093156,1.887272437,1.919920603
1816,34.629879000,1.898046017,1.879740318,1.909351190
1817,34.632951000,1.835679606,1.824259582,1.840030650
1818,34.636023000,1.771425046,1.776439562,1.791289081
1819,34.639095000,1.761140873,1.882824421,1.786746716
1820,34.642167000,1.829454641,1.795317094,1.851247758
1821,34.645239000,1.888555050,1.875421544,1.897672097
1822,34.648311000,1.885811957,1.879330675,1.894467145
1823,34.651383000,1.805809577,1.790127407,1.826256921
1824,34.654455000,1.878061411,1.869490469,1.886283537
1825,34.657527000,1.890724341,1.878448486,1.900508960
1826,34.660599000,1.902400017,1.893221617,1.915053368
1827,34.663671000,1.815599794,1.772017747,1.825882390
1828,34.666743000,1.574327330,1.695646618,1.613287141
1829,34.669815000,1.892776012,1.873328527,1.904649019
1830,34.672887000,1.876779874,1.863713344,1.892149488
1831,34.675959000,1.882119616,1.866741260,1.893438339
1832,34.679031000,1.776200528,1.892016331,1.809535911
1833,34.682103000,1.845042383,1.867218733,1.848252654
1834,34.685175000,1.898097515,1.893873294,1.908012986
1835,34.688247000,1.464244116,1.532076033,1.475494107
1836,34.691319000,1.703478354,1.838951156,1.716887429
1837,34.694391000,1.847820083,1.810608303,1.889691591
1838,34.697463000,1.883232752,1.865295887,1.899652481
1839,34.700535000,1.777632297,1.857996345,1.782546669
1840,34.703607000,1.885843118,1.865375598,1.899599234
1841,34.706679000,1.896777789,1.887371222,1.909234524
1842,34.709751000,1.764015824,1.872014980,1.778557102
1843,34.712823000,1.797791158,1.814719498,1.875827074
1844,34.715895000,1.889265021,1.868317495,1.899790247
1845,34.718967000,1.826830059,1.796486080,1.776910531
1846,34.722039000,1.873044968,1.848383412,1.901741346
1847,34.725111000,1.878950228,1.857820372,1.886194229
1848,34.728183000,1.898078124,1.889310956,1.906259934
1849,34.731255000,1.741098034,1.883228143,1.783941805
1850,34.734327000,1.879879951,1.860967954,1.895160039
1851,34.737399000,1.889095147,1.873801470,1.900812070
1852,34.740471000,1.598527047,1.698364839,1.587601470
1853,34.743543000,1.660525264,1.715427948,1.703468899
1854,34.746615000,1.743345954,1.704517826,1.806480477
1855,34.749687000,1.885177016,1.785677910,1.894740601
1856,34.752759000,1.887937586,1.872072717,1.906255047
1857,34.755831000,1.896600008,1.888059934,1.907947143
1858,34.758903000,1.903381328,1.892005324,1.914686501
1859,34.761975000,1.902391354,1.889106671,1.913870017
1860,34.765047000,1.913906415,1.903161208,1.925866922
1861,34.768119000,1.785648018,1.879647096,1.801033343
1862,34.771191000,1.856457770,1.824302976,1.839273373
1863,34.774263000,1.888014038,1.872541746,1.901065985
1864,34.777335000,1.890025457,1.871036371,1.902907530
1865,34.780407000,1.865297516,1.838177443,1.879692028
1866,34.783479000,1.884896517,1.863246004,1.895472765
1867,34.786551000,1.885143240,1.859734098,1.897398074
1868,34.789623000,1.887823741,1.869342883,1.902070920
1869,34.792695000,1.415271103,1.867757926,1.362326339
1870,34.795767000,1.191201902,1.435135127,1.515489700
1871,34.798839000,1.830464087,1.783078124,1.848229031
1872,34.801911000,1.748439971,1.889312744,1.787527877
1873,34.804983000,1.888529897,1.873837054,1.896251162
1874,34.808055000,1.766743799,1.829066654,1.773810143
1875,34.811127000,1.888221423,1.879572074,1.898272038
1876,34.814199000,1.898197452,1.877708117,1.902784626
1877,34.817271000,1.912040075,1.893939654,1.920313835
1878,34.820343000,1.893573125,1.877355417,1.906565746
1879,34.823415000,1.850051920,1.772606979,1.862706691
1880,34.826487000,1.880887508,1.857560476,1.892688274
1881,34.829559000,1.889550130,1.874648174,1.903351943
1882,34.832631000,1.901383400,1.887375673,1.909512122
1883,34.835703000,1.894505421,1.876949946,1.906774282
1884,34.838775000,1.884965599,1.854359488,1.894758145
1885,34.841847000,1.881952475,1.861329039,1.895586332
1886,34.844919000,1.848438541,1.794562111,1.856478244
1887,34.847991000,1.883282502,1.860333284,1.897529403
1888,34.851063000,1.874519030,1.850185553,1.886972825
1889,34.854135000,1.887568076,1.864462694,1.897614002
1890,34.857207000,1.850781053,1.843061606,1.827274740
1891,34.860279000,1.648119817,1.608344731,1.779344837
1892,34.863351000,1.885252963,1.865300844,1.893738588
1893,34.866423000,1.876589934,1.876903693,1.889574587
1894,34.869495000,1.883252755,1.811253637,1.890358806
1895,34.872567000,1.894391378,1.878791968,1.902287563
1896,34.875639000,1.887063523,1.866802613,1.899812380
1897,34.878711000,1.799781839,1.848092198,1.795175383
1898,34.881783000,1.893779119,1.873368979,1.905692180
1899,34.884855000,1.822596923,1.765047242,1.834557032
1900,34.887927000,1.891076088,1.877439260,1.902341922
1901,34.890999000,1.868448044,1.846354206,1.868904869
1902,34.894071000,1.881283229,1.849136402,1.898078799
1903,34.897143000,1.885449111,1.885540525,1.889714718
1904,34.900215000,1.899782101,1.879757881,1.909819682
1905,34.903287000,1.927139242,1.861738086,1.933759371
1906,34.906359000,1.840303212,1.739768927,1.823624978
1907,34.909431000,1.818818549,1.813764736,1.826175431
1908,34.912503000,1.875575304,1.865218997,1.887884657
1909,34.915575000,1.880663236,1.862407684,1.889256557
1910,34.918647000,1.888247192,1.871580064,1.899455825
1911,34.921719000,1.875306666,1.864000807,1.890658915
1912,34.924791000,1.898553848,1.896004279,1.911274433
1913,34.927863000,1.881425301,1.867895404,1.891854207
1914,34.930935000,1.842565308,1.820733229,1.845562960
1915,34.934007000,1.881526788,1.864192088,1.894602776
1916,34.937079000,1.892516931,1.875084639,1.903381268
1917,34.940151000,1.824439153,1.803496952,1.851771007
1918,34.943223000,1.843271385,1.790970842,1.838515451
1919,34.946295000,1.890416304,1.879853686,1.904846350
1920,34.949367000,1.894327958,1.888711055,1.908718109
1921,34.952439000,1.886394819,1.878078381,1.899889509
1922,34.955511000,1.897807916,1.888735453,1.913665136
1923,34.958583000,1.875306765,1.866190910,1.888875683
1924,34.961655000,1.914579709,1.895649950,1.926917076
1925,34.964727000,1.915116946,1.904146512,1.926344554
1926,34.967799000,1.890658895,1.878089825,1.906627973
1927,34.970871000,1.885495961,1.861873269,1.879794468
1928,34.973943000,1.915225188,1.901615143,1.926686784
1929,34.977015000,1.906183561,1.889262676,1.916994413
1930,34.980087000,1.882808050,1.872406920,1.896116177
1931,34.983159000,1.907067219,1.897954861,1.914913257
1932,34.986231000,1.894810716,1.880211284,1.902545909
1933,34.989303000,1.803474159,1.820378333,1.843934218
1934,34.992375000,1.871824960,1.856265346,1.884369691
1935,34.995447000,1.896228790,1.886519273,1.906627019
1936,34.998519000,1.899633249,1.889002879,1.911223571
1937,35.001591000,1.904143492,1.895364920,1.917204539
1938,35.004663000,1.902343829,1.879513343,1.910461823
1939,35.007735000,1.890310774,1.877495766,1.902852257
1940,35.010807000,1.880852183,1.859842300,1.888246298
1941,35.013879000,1.751840120,1.808373009,1.778625501
1942,35.016951000,0.848314260,1.197111880,0.583599304
1943,35.020023000,1.855391244,1.852533783,1.689363718
1944,35.023095000,1.910810312,1.908860683,1.922232628
1945,35.026167000,1.892195066,1.878099839,1.901406288
1946,35.029239000,1.902201295,1.882268488,1.911987583
1947,35.032311000,1.903389295,1.895114581,1.914223035
1948,35.035383000,1.921949546,1.912601918,1.926613927
1949,35.038455000,1.892661591,1.860572199,1.892871618
1950,35.041527000,1.888978322,1.868157148,1.900894960
1951,35.044599000,1.878088236,1.860549748,1.888616403
1952,35.047671000,1.904993614,1.890940309,1.913439433
1953,35.050743000,1.907275637,1.899062316,1.918431123
1954,35.053815000,1.749753639,1.663869417,1.737611239
1955,35.056887000,1.903819084,1.888463656,1.917357763
1956,35.059959000,1.898019950,1.877935489,1.907659332
1957,35.063031000,1.902473609,1.896336714,1.912911177
1958,35.066103000,1.556806875,1.539586189,1.577147529
1959,35.069175000,1.787939874,1.777855456,1.784969305
1960,35.072247000,1.896959424,1.885164420,1.912223935
1961,35.075319000,1.785672456,1.787938247,1.802688132
1962,35.078391000,1.897673915,1.885471543,1.907073716
1963,35.081463000,1.898103873,1.895080725,1.912219683
1964,35.084535000,1.892608881,1.883691708,1.906177680
1965,35.087607000,1.901238124,1.891147931,1.914112886
1966,35.090679000,1.896883329,1.885769049,1.908703486
1967,35.093751000,1.875270367,1.856153409,1.887172143
1968,35.096823000,1.876045863,1.859777212,1.885948936
1969,35.099895000,1.896638870,1.887042522,1.909382661
1970,35.102967000,1.878525555,1.886111498,1.884237578
1971,35.106039000,1.827624418,1.894452572,1.843709389
1972,35.109111000,1.889901956,1.875313560,1.902716160
1973,35.112183000,1.897062699,1.887704611,1.873541315
1974,35.115255000,1.883201599,1.870804071,1.894150019
1975,35.118327000,1.916236242,1.898325761,1.925926208
1976,35.121399000,1.904684126,1.886312634,1.912860046
1977,35.124471000,1.877474904,1.843289902,1.889495770
1978,35.127543000,1.873720452,1.858135119,1.881570692
1979,35.130615000,1.880530357,1.863302787,1.895419916
1980,35.133687000,1.884104729,1.873990377,1.894266526
1981,35.136759000,1.882703304,1.871679386,1.893633604
1982,35.139831000,1.886790911,1.868407806,1.898560087
1983,35.142903000,1.921217759,1.905788263,1.930807908
1984,35.145975000,1.884699802,1.865853022,1.893799543
1985,35.149047000,1.896663984,1.874802272,1.906058629
1986,35.152119000,1.873496254,1.859799604,1.886139154
1987,35.155191000,1.897518635,1.879384120,1.904715459
1988,35.158263000,1.909225464,1.896370570,1.921289762
1989,35.161335000,1.898433685,1.884626389,1.912027995
1990,35.164407000,1.882502715,1.862252951,1.890469551
1991,35.167479000,1.902304808,1.880232016,1.912215312
1992,35.170551000,1.903182268,1.886719863,1.914931059
1993,35.173623000,1.884916544,1.877402822,1.892916878
1994,35.176695000,1.881934941,1.861658613,1.887440880
1995,35.179767000,1.890622298,1.874493619,1.911015670
1996,35.182839000,1.886672576,1.874456247,1.904285431
1997,35.185911000,1.894855499,1.880987962,1.907347679
1998,35.188983000,1.892567913,1.872552951,1.902232567
1999,35.192055000,1.906581243,1.898742914,1.916018804
2000,35.195127000,1.908559720,1.869369864,1.913204749
2001,35.198199000,1.885762791,1.760556837,1.891729335
2002,35.201271000,1.916331848,1.913507223,1.931695938
2003,35.204343000,1.883412123,1.864302874,1.890292168
2004,35.207415000,1.888301214,1.869590839,1.901080330
2005,35.210487000,1.898682535,1.879650116,1.911455313
2006,35.213559000,1.924501608,1.774600526,1.918208838
2007,35.216631000,1.813165486,1.796764111,1.822919960
2008,35.219703000,1.907044331,1.894745191,1.916088661
2009,35.222775000,1.811633212,1.798055197,1.819193726
2010,35.225847000,1.877125283,1.862438957,1.891111930
2011,35.228919000,1.884708881,1.873288949,1.897358259
2012,35.231991000,1.817080066,1.873012781,1.798966169
2013,35.235063000,1.846390575,1.783619990,1.865370830
2014,35.238135000,1.904361327,1.884473324,1.914454381
2015,35.241207000,1.877386570,1.866588354,1.892627637
2016,35.244279000,1.848226100,1.855966667,1.861204167
2017,35.247351000,1.867984712,1.875132004,1.875877452
2018,35.250423000,1.788541779,1.683040433,1.890031596
2019,35.253495000,1.710828262,1.771668060,1.713238018
2020,35.256567000,1.772128721,1.753973623,1.779967139
2021,35.259639000,1.778817266,1.682654535,1.751058131
2022,35.262711000,1.903614521,1.882709980,1.914673964
2023,35.265783000,1.898569504,1.875587622,1.905386925
2024,35.268855000,1.890202284,1.875026425,1.898879846
2025,35.271927000,1.879488528,1.862424533,1.891676704
2026,35.274999000,1.881823023,1.864026268,1.892673254
2027,35.278071000,1.753114169,1.879620358,1.789773772
2028,35.281143000,1.786162473,1.767762303,1.758860613
2029,35.284215000,1.878466487,1.866783162,1.887009819
2030,35.287287000,1.811282918,1.881833871,1.827439169
2031,35.290359000,1.891791185,1.861555735,1.901941220
2032,35.293431000,1.789072722,1.775330623,1.800735633
2033,35.296503000,1.864154125,1.873539954,1.880816132
2034,35.299575000,1.859902670,1.817418595,1.857241501
2035,35.302647000,1.860979478,1.797219455,1.862245460
2036,35.305719000,1.868367607,1.855344931,1.872343530
2037,35.308791000,1.761760357,1.818493803,1.797058463
2038,35.311863000,1.864537403,1.733710418,1.849970261
2039,35.314935000,1.878944874,1.847393215,1.889447927
2040,35.318007000,1.869684676,1.842646738,1.885487810
2041,35.321079000,1.890219142,1.872126351,1.899541140
2042,35.324151000,1.900755167,1.869774044,1.902486543
2043,35.327223000,1.896309694,1.887064219,1.906392296
2044,35.330295000,1.876492262,1.856093327,1.884319305
2045,35.333367000,1.875858545,1.849692742,1.890573780
2046,35.336439000,1.871562680,1.863863091,1.874825319
2047,35.339511000,1.777647898,1.846454104,1.764553865
2048,35.342583000,1.876550754,1.847624282,1.893042564
2049,35.345655000,1.797412415,1.598305571,1.794846356
2050,35.348727000,1.894898733,1.874646306,1.901456197
2051,35.351799000,1.879478931,1.858589649,1.892223835
2052,35.354871000,1.810838848,1.751547421,1.791890432
2053,35.357943000,1.878636122,1.728214800,1.877051781
2054,35.361015000,1.895907243,1.872059345,1.905237476
2055,35.364087000,1.885857821,1.864778280,1.898825328
2056,35.367159000,1.892601649,1.874233445,1.907973607
2057,35.370231000,1.857027089,1.836521794,1.864127517
2058,35.373303000,1.878644466,1.843081693,1.895210783
2059,35.376375000,1.732205267,1.749759977,1.734860852
2060,35.379447000,1.880456746,1.859555244,1.893839498
2061,35.382519000,1.912330627,1.848976175,1.919260343
2062,35.385591000,1.790158980,1.760472586,1.797137976
2063,35.388663000,1.875977198,1.834387749,1.886328300
2064,35.391735000,1.830562660,1.826609224,1.841981441
2065,35.394807000,1.731270204,1.591796064,1.743435025
2066,35.397879000,1.893554926,1.860893851,1.910226107
2067,35.400951000,1.784396460,1.678290650,1.785597891
2068,35.404023000,1.862789909,1.838022212,1.865654965
2069,35.407095000,1.731985499,1.886342049,1.738405575
2070,35.410167000,1.780764123,1.754799103,1.795360029
2071,35.413239000,1.740709923,1.679164739,1.707912768
2072,35.416311000,1.838863373,1.869387567,1.883814295
2073,35.419383000,1.872742017,1.844957987,1.885391792
2074,35.422455000,1.920799891,1.908065478,1.929036140
2075,35.425527000,1.866280158,1.840892593,1.876888990
2076,35.428599000,1.813164900,1.866555691,1.783472255
2077,35.431671000,1.877596378,1.857690205,1.890894969
2078,35.434743000,1.820584779,1.844018062,1.802743584
2079,35.437815000,1.890331315,1.871306777,1.904428482
2080,35.440887000,1.825860073,1.829015970,1.833385646
2081,35.443959000,1.786742792,1.770238921,1.809767971
2082,35.447031000,1.793704679,1.729450052,1.784604659
2083,35.450103000,1.815904602,1.819997042,1.809866518
2084,35.453175000,1.892466545,1.868844032,1.903526068
2085,35.456247000,1.756540204,1.826143364,1.765449335
2086,35.459319000,1.882976055,1.857653101,1.894429922
2087,35.462391000,1.878123601,1.860741178,1.891929706
2088,35.465463000,1.895725727,1.855725567,1.912277222
2089,35.468535000,1.883899927,1.866299311,1.892846465
2090,35.471607000,1.790432220,1.766962717,1.794284925
2091,35.474679000,1.774103194,1.656321724,1.828935107
2092,35.477751000,1.881959915,1.863585631,1.893665234
2093,35.480823000,1.702624803,1.833592768,1.688410252
2094,35.483895000,1.876990239,1.859698852,1.891097387
2095,35.486967000,1.865261217,1.831972202,1.882473667
2096,35.490039000,1.816280862,1.774256875,1.868449767
2097,35.493111000,1.859689554,1.834723810,1.876018802
2098,35.496183000,1.825766042,1.861855825,1.842466344
2099,35.499255000,1.895374139,1.878271103,1.905068398
2100,35.502327000,1.862725258,1.837485075,1.875931581
2101,35.505399000,1.872181257,1.851976713,1.888171832
2102,35.508471000,1.762586430,1.883937279,1.830392033
2103,35.511543000,1.860961109,1.840487957,1.858838360
2104,35.514615000,1.807541800,1.867238204,1.821290970
2105,35.517687000,1.869415283,1.837456206,1.886877298
2106,35.520759000,1.889592926,1.870330582,1.897812366
2107,35.523831000,1.876556079,1.862604459,1.888668776
2108,35.526903000,1.855465067,1.836425324,1.867750386
2109,35.529975000,1.661160192,1.879416545,1.684529786
2110,35.533047000,1.880118648,1.857540131,1.894327720
2111,35.536119000,1.869820456,1.816616615,1.854627162
2112,35.539191000,1.868907889,1.841525018,1.881087979
2113,35.542263000,1.856886784,1.826227069,1.864634156
2114,35.545335000,1.861392955,1.852673332,1.875412305
2115,35.548407000,1.756890031,1.787539889,1.756364480
2116,35.551479000,1.820305248,1.801815396,1.837376138
2117,35.554551000,1.858410905,1.836116215,1.876067837
2118,35.557623000,1.890662352,1.860261957,1.904369672
2119,35.560695000,1.872184753,1.844063520,1.889351765
2120,35.563767000,1.878523350,1.850077748,1.892532746
2121,35.566839000,1.867617647,1.828902781,1.876347959
2122,35.569911000,1.805020650,1.783703476,1.843124469
2123,35.572983000,0.969183050,1.320294370,1.025816672
2124,35.576055000,1.775664970,1.864474513,1.916105906
2125,35.579127000,1.885264079,1.864824812,1.897896767
2126,35.582199000,1.850272675,1.809109588,1.877974689
2127,35.585271000,1.889243921,1.869514306,1.900925159
2128,35.588343000,1.893635750,1.880976518,1.906440258
2129,35.591415000,1.890114705,1.869036198,1.901907921
2130,35.594487000,1.776578436,1.860779961,1.783248348
2131,35.597559000,1.829642698,1.797996263,1.826102763
2132,35.600631000,1.889444192,1.844871670,1.901139021
2133,35.603703000,1.692398672,1.902463595,1.699026575
2134,35.606775000,1.816819747,1.868547916,1.847117960
2135,35.609847000,1.887951374,1.870412985,1.900050243
2136,35.612919000,1.847282593,1.765483946,1.831352045
2137,35.615991000,1.875544628,1.858443737,1.888111830
2138,35.619063000,1.863854408,1.839246849,1.870874405
2139,35.622135000,1.880094369,1.855984449,1.891879638
2140,35.625207000,1.896271229,1.874921322,1.907859484
2141,35.628279000,1.896562258,1.875025988,1.908190012
2142,35.631351000,1.860494932,1.840066036,1.873536825
2143,35.634423000,1.760344336,1.838069697,1.773302431
2144,35.637495000,1.880859971,1.861368815,1.889994820
2145,35.640567000,1.881371021,1.861865362,1.891511599
2146,35.643639000,1.837298101,1.840763380,1.842078755
2147,35.646711000,1.879136880,1.858659625,1.889754971
2148,35.649783000,1.884951989,1.871920943,1.897026380
2149,35.652855000,1.908372800,1.897078276,1.919391950
2150,35.655927000,1.872773657,1.854020993,1.892553329
2151,35.658999000,1.873293718,1.859268506,1.889914989
2152,35.662071000,1.863886764,1.845607807,1.881150961
2153,35.665143000,1.884603570,1.864745776,1.895582517
2154,35.668215000,1.790564333,1.834325055,1.800907960
2155,35.671287000,1.878866424,1.879569411,1.894925197
2156,35.674359000,1.873794079,1.844918688,1.881996989
2157,35.677431000,1.859535842,1.836087406,1.869092015
2158,35.680503000,1.888084253,1.877492269,1.899598042
2159,35.683575000,1.886857073,1.870700479,1.899152160
2160,35.686647000,1.654331196,1.656557942,1.608920897
2161,35.689719000,1.872644524,1.859444896,1.901658535
2162,35.692791000,1.875994364,1.850613515,1.887852589
2163,35.695863000,1.844956776,1.815252672,1.861875703
2164,35.698935000,1.867459416,1.855988065,1.880667438
2165,35.702007000,1.873830954,1.846144756,1.890700022
2166,35.705079000,1.855190039,1.837094863,1.870241523
2167,35.708151000,1.921178341,1.848471244,1.331015597
2168,35.711223000,1.923800831,1.886888146,1.736739556
2169,35.714295000,1.835623105,1.893808762,1.840858658
2170,35.717367000,0.696035688,1.846279502,1.280929436
2171,35.720439000,1.663621570,1.785788467,1.817843636
2172,35.723511000,1.783154413,1.674647167,1.822278192
2173,35.726583000,1.775265952,1.747394994,1.831641684
2174,35.729655000,1.877007008,1.849676251,1.889760335
2175,35.732727000,1.688081642,1.613700591,1.677664598
2176,35.735799000,1.888588349,1.863748699,1.895845215
2177,35.738871000,1.884320299,1.866443356,1.901852250
2178,35.741943000,1.787913412,1.846955816,1.799228042
2179,35.745015000,1.906329314,1.881164630,1.914730867
2180,35.748087000,1.841062735,1.804863478,1.849374125
2181,35.751159000,1.891102711,1.874422391,1.901986281
2182,35.754231000,1.892917792,1.874069850,1.902976354
2183,35.757303000,1.901748180,1.883427223,1.910247405
2184,35.760375000,1.908915997,1.888723135,1.919664462
2185,35.763447000,1.902125041,1.887496630,1.914342403
2186,35.766519000,1.893189947,1.877924691,1.905450543
2187,35.769591000,1.895866950,1.861864765,1.909244219
2188,35.772663000,1.970857223,1.839307308,1.969756007
2189,35.775735000,1.909640789,1.886120240,1.922644138
2190,35.778807000,1.838376065,1.865127961,1.842703516
2191,35.781879000,1.821345563,1.867251317,1.854051888
2192,35.784951000,1.875342091,1.859609524,1.885629257
2193,35.788023000,1.808730856,1.783832006,1.803014159
2194,35.791095000,1.874035823,1.857732395,1.869717211
2195,35.794167000,1.893086751,1.875088374,1.907095114
2196,35.797239000,1.889571349,1.877425989,1.904250463
2197,35.800311000,1.893597603,1.879264792,1.908722242
2198,35.803383000,1.895603339,1.888215224,1.909095208
2199,35.806455000,1.716175334,1.762995606,1.731108196
2200,35.809527000,1.883357644,1.853686968,1.898403525
2201,35.812599000,1.887335459,1.870701154,1.895420869
2202,35.815671000,1.886309862,1.865756035,1.895224531
2203,35.818743000,1.775543708,1.797830443,1.797042827
2204,35.821815000,1.902435174,1.862857004,1.903744181
2205,35.824887000,1.886737823,1.869747877,1.898763339
2206,35.827959000,1.884070714,1.866155386,1.896082878
2207,35.831031000,1.883537014,1.869300862,1.891992450
2208,35.834103000,1.890266260,1.879177252,1.904777805
2209,35.837175000,1.775344471,1.875309308,1.771487460
2210,35.840247000,1.860758593,1.839513799,1.847397765
2211,35.843319000,1.762852974,1.774295308,1.746069829
2212,35.846391000,1.752407928,1.772320072,1.798341801
2213,35.849463000,1.906046073,1.894839446,1.916006009
2214,35.852535000,1.872629404,1.834090889,1.885738770
2215,35.855607000,1.655605259,1.627990127,1.672270055
2216,35.858679000,1.821547369,1.806154773,1.878516793
2217,35.861751000,1.780039087,1.764805228,1.787781348
2218,35.864823000,1.906723022,1.899483820,1.917503516
2219,35.867895000,1.879332225,1.870557706,1.893144925
2220,35.870967000,1.898631573,1.892538389,1.906683286
2221,35.874039000,1.863441904,1.843514721,1.879348477
2222,35.877111000,1.787731697,1.890667756,1.823302274
2223,35.880183000,1.858059426,1.846321046,1.873961190
2224,35.883255000,1.752388517,1.856802255,1.746546557
2225,35.886327000,1.874046723,1.860343258,1.885894577
2226,35.889399000,1.890518188,1.871699442,1.900767962
2227,35.892471000,1.874716878,1.861161550,1.890560230
2228,35.895543000,1.892241796,1.864704927,1.906120539
2229,35.898615000,1.878854513,1.853663166,1.884698550
2230,35.901687000,1.842168560,1.807918350,1.867082099
2231,35.904759000,1.883204699,1.870386600,1.894784451
2232,35.907831000,1.845367750,1.801160137,1.906839450
2233,35.910903000,1.806236515,1.888577422,1.808158214
2234,35.913975000,1.900166591,1.881394227,1.904490391
2235,35.917047000,1.897260348,1.876389027,1.908157031
2236,35.920119000,1.903325597,1.883225918,1.910907229
2237,35.923191000,1.726788958,1.834529916,1.736863146
2238,35.926263000,1.874703964,1.854747057,1.885046641
2239,35.929335000,1.880128384,1.864829938,1.894015471
2240,35.932407000,1.898753345,1.885223905,1.898113926
2241,35.935479000,1.667789447,1.622761133,1.641549965
2242,35.938551000,1.875303825,1.864919583,1.885786454
2243,35.941623000,1.902245144,1.896633406,1.913588325
2244,35.944695000,1.881698449,1.865515471,1.891143421
2245,35.947767000,1.881715576,1.873625100,1.894024014
2246,35.950839000,1.909640312,1.896120946,1.919357300
2247,35.953911000,1.877152840,1.855688115,1.893757542
2248,35.956983000,1.801930437,1.780184597,1.793566535
2249,35.960055000,1.850777825,1.865423123,1.874509682
2250,35.963127000,1.836044058,1.857463717,1.889131983
2251,35.966199000,1.891100188,1.875163158,1.900878270
2252,35.969271000,1.894233108,1.880911926,1.901772579
2253,35.972343000,1.883347352,1.857379436,1.897052447
2254,35.975415000,1.902564267,1.894343694,1.915651798
2255,35.978487000,1.875823259,1.851051331,1.888157288
2256,35.981559000,1.866522868,1.856021444,1.886469841
2257,35.984631000,1.892158031,1.875940522,1.905880849
2258,35.987703000,1.895905654,1.889094989,1.911055883
2259,35.990775000,1.880751610,1.868784825,1.891905705
2260,35.993847000,1.885802110,1.872535785,1.899569432
2261,35.996919000,1.622980185,1.710622783,1.627345935
2262,35.999991000,1.877073362,1.877164086,1.856669853
2263,36.003063000,1.814602939,1.812613765,1.825922459
2264,36.006135000,1.900123119,1.894426664,1.912899335
2265,36.009207000,1.835840190,1.848036915,1.857980539
2266,36.012279000,1.885592669,1.870214403,1.897187432
2267,36.015351000,1.868543446,1.854881704,1.865239218
2268,36.018423000,1.897845586,1.891278187,1.910096645
2269,36.021495000,1.882974545,1.863632421,1.896866163
2270,36.024567000,1.838331754,1.840039964,1.848901158
2271,36.027639000,1.804926209,1.812249770,1.870545805
2272,36.030711000,1.892151117,1.882927577,1.903567314
2273,36.033783000,1.869331360,1.856464942,1.883294344
2274,36.036855000,1.879807432,1.866533955,1.893238584
2275,36.039927000,1.872130394,1.854755640,1.885680119
2276,36.042999000,1.892373800,1.877138217,1.901606957
2277,36.046071000,1.881046693,1.865730206,1.894136588
2278,36.049143000,1.885570606,1.873004119,1.898877899
2279,36.052215000,1.701673048,1.755961145,1.730564420
2280,36.055287000,1.872343461,1.862673759,1.893704057
2281,36.058359000,1.887506326,1.865327239,1.900703669
2282,36.061431000,1.882895629,1.864084204,1.895178556
2283,36.064503000,1.892157714,1.871471564,1.907756964
2284,36.067575000,1.698907144,1.819094809,1.744978180
2285,36.070647000,1.878278017,1.864343137,1.888081153
2286,36.073719000,1.898385366,1.884033759,1.908107122
2287,36.076791000,1.741446053,1.673819952,1.717383156
2288,36.079863000,1.885101755,1.854426265,1.896561086
2289,36.082935000,1.863534649,1.840598941,1.874428709
2290,36.086007000,1.890278021,1.866693974,1.904221058
2291,36.089079000,1.888326521,1.876929005,1.899461051
2292,36.092151000,1.805240954,1.731771429,1.790717602
2293,36.095223000,1.652134558,1.699531389,1.704408261
2294,36.098295000,1.830329637,1.810745746,1.843093351
2295,36.101367000,1.865065763,1.843971719,1.877195736
2296,36.104439000,1.800999671,1.730091174,1.804459726
2297,36.107511000,1.885191550,1.872769723,1.889690270
2298,36.110583000,1.883245667,1.861676991,1.896551887
2299,36.113655000,1.689781676,1.674951101,1.705995972
2300,36.116727000,1.770176644,1.890606324,1.853780409
2301,36.119799000,1.861984372,1.847986897,1.877011299
2302,36.122871000,1.909751733,1.901004553,1.923010190
2303,36.125943000,1.875159025,1.860763272,1.891251961
2304,36.129015000,1.893627594,1.877304673,1.906273882
2305,36.132087000,1.874777476,1.852190018,1.880359590
2306,36.135159000,1.800047326,1.720191876,1.776744540
2307,36.138231000,1.699422243,1.764663935,1.765829513
2308,36.141303000,1.878428270,1.869033058,1.889514466
2309,36.144375000,1.877866745,1.865051826,1.891311884
2310,36.147447000,1.883415381,1.865716775,1.898419857
2311,36.150519000,1.894422670,1.871780892,1.908261418
2312,36.153591000,1.891579787,1.879460096,1.904297352
2313,36.156663000,1.895359596,1.867043157,1.909701665
2314,36.159735000,1.904873133,1.890837590,1.916408857
2315,36.162807000,1.805383042,1.901764790,1.819763998
2316,36.165879000,0.330870094,1.927765926,1.829755187
2317,36.168951000,1.075361033,1.868511409,1.377793541
2318,36.172023000,1.886181037,1.868108431,1.897962411
2319,36.175095000,1.879626036,1.872329871,1.890909950
2320,36.178167000,1.885285775,1.868607521,1.899477482
2321,36.181239000,1.886773745,1.870313088,1.901863813
2322,36.184311000,1.882778247,1.866698662,1.891520977
2323,36.187383000,1.891897519,1.877585649,1.904877186
2324,36.190455000,1.866176287,1.829214732,1.880330801
2325,36.193527000,1.863573154,1.846389771,1.882266760
2326,36.196599000,1.882394632,1.869545102,1.886159539
2327,36.199671000,1.874937852,1.849339982,1.883146604
2328,36.202743000,1.880575180,1.863253216,1.896921953
2329,36.205815000,1.891395330,1.867300391,1.900209506
2330,36.208887000,1.848229398,1.799662570,1.823187530
2331,36.211959000,1.858285636,1.859564324,1.837046703
2332,36.215031000,1.683543616,1.842284044,1.693776876
2333,36.218103000,1.829059812,1.815334539,1.879305363
2334,36.221175000,1.876023014,1.857142270,1.893604358
2335,36.224247000,1.879633268,1.859510501,1.878549804
2336,36.227319000,1.871104126,1.858820915,1.899618467
2337,36.230391000,1.764317731,1.783710410,1.781957765
2338,36.233463000,1.887646715,1.840734353,1.898408870
2339,36.236535000,1.848639369,1.808047811,1.862296820
2340,36.239607000,1.893499931,1.868297577,1.906779925
2341,36.242679000,1.816464531,1.657550350,1.817320029
2342,36.245751000,1.883720239,1.861133893,1.900433699
2343,36.248823000,1.837496733,1.794874986,1.831443081
2344,36.251895000,1.874925296,1.863558610,1.888325254
2345,36.254967000,1.841474399,1.838465194,1.858219405
2346,36.258039000,1.884444078,1.870956024,1.898202380
2347,36.261111000,1.837704539,1.880172253,1.818613112
2348,36.264183000,1.871614615,1.846314132,1.879217227
2349,36.267255000,1.881155968,1.862335602,1.895183245
2350,36.270327000,1.881105582,1.867956638,1.898979346
2351,36.273399000,1.878541470,1.856835087,1.890189966
2352,36.276471000,1.774928992,1.863688747,1.838900909
2353,36.279543000,1.893488487,1.886282603,1.906034787
2354,36.282615000,1.753028919,1.872991840,1.771163742
2355,36.285687000,1.879822545,1.864174187,1.884352689
2356,36.288759000,1.716129440,1.769954751,1.726658718
2357,36.291831000,1.684806600,1.768865230,1.723895232
2358,36.294903000,1.875222325,1.858531664,1.883061151
2359,36.297975000,1.884640048,1.867221673,1.898263852
2360,36.301047000,1.903626442,1.889481862,1.914744218
2361,36.304119000,1.784851516,1.882174492,1.800656994
2362,36.307191000,1.598991660,1.717348889,1.608840143
2363,36.310263000,1.867184242,1.844975988,1.880065004
2364,36.313335000,1.863349040,1.838910043,1.873713096
2365,36.316407000,1.880264521,1.862644474,1.885300001
2366,36.319479000,1.849865397,1.860847433,1.817684834
2367,36.322551000,1.875799576,1.851893346,1.889266362
2368,36.325623000,1.904508432,1.886725664,1.914925814
2369,36.328695000,1.851593157,1.821520378,1.853510777
2370,36.331767000,1.894508680,1.876423856,1.908486565
2371,36.334839000,1.892307758,1.888191303,1.904872576
2372,36.337911000,1.901976327,1.882198572,1.911549608
2373,36.340983000,1.867695570,1.842180888,1.877773921
2374,36.344055000,1.828787086,1.825094203,1.852490485
2375,36.347127000,1.772871862,1.851350367,1.782100509
2376,36.350199000,1.872100433,1.854978124,1.882410248
2377,36.353271000,1.823575015,1.803311706,1.825035463
2378,36.356343000,1.895966291,1.878444910,1.906986872
2379,36.359415000,1.895172199,1.866135180,1.905587037
2380,36.362487000,1.884798050,1.868614117,1.895238479
2381,36.365559000,1.856702896,1.874624809,1.857451369
2382,36.368631000,1.832281587,1.806378685,1.889337699
2383,36.371703000,1.879869699,1.865278929,1.877450248
2384,36.374775000,1.843610048,1.793935557,1.882951031
2385,36.377847000,1.854922364,1.861886740,1.880131841
2386,36.380919000,1.856538484,1.806128502,1.850876758
2387,36.383991000,1.874067227,1.854059219,1.879806280
2388,36.387063000,1.877697627,1.863141219,1.890772899
2389,36.390135000,1.859853824,1.835868915,1.871816436
2390,36.393207000,1.856537347,1.847647786,1.862168262
2391,36.396279000,1.647206577,1.723191450,1.714635382
2392,36.399351000,1.896893978,1.881415526,1.909306685
2393,36.402423000,1.656979203,1.693372111,1.647674407
2394,36.405495000,1.778051505,1.741385654,1.871941606
2395,36.408567000,1.755935654,1.591202969,1.752737045
2396,36.411639000,1.890248140,1.875857194,1.903783937
2397,36.414711000,1.901976029,1.879015446,1.907548189
2398,36.417783000,1.899559975,1.880220254,1.908643723
2399,36.420855000,1.875185966,1.854052901,1.885402044
2400,36.423927000,1.820686107,1.778906753,1.830152194
2401,36.426999000,1.895356139,1.881182671,1.908305327
2402,36.430071000,1.867261092,1.844583273,1.878966858
2403,36.433143000,1.862774551,1.841578806,1.877114207
2404,36.436215000,1.845464950,1.782337944,1.859995246
2405,36.439287000,1.849528988,1.830269416,1.859774520
2406,36.442359000,1.580722281,1.648876756,1.647740265
2407,36.445431000,1.873879015,1.853976647,1.884958525
2408,36.448503000,1.895145575,1.876712402,1.905213753
2409,36.451575000,1.889882406,1.882811546,1.888736467
2410,36.454647000,1.891358296,1.877823353,1.905526320
2411,36.457719000,1.777043708,1.867868106,1.769639730
2412,36.460791000,1.893683434,1.882710059,1.905346235
2413,36.463863000,1.807695600,1.767380804,1.817385793
2414,36.466935000,1.883889914,1.858773788,1.880435248
2415,36.470007000,1.894887368,1.871539434,1.909459114
2416,36.473079000,1.763694741,1.782495370,1.759116635
2417,36.476151000,1.771680575,1.747768129,1.778686161
2418,36.479223000,1.867460261,1.848374069,1.890776396
2419,36.482295000,1.790627162,1.739317944,1.776010523
2420,36.485367000,1.869906187,1.852834622,1.888332387
2421,36.488439000,1.799188187,1.763164133,1.805856893
2422,36.491511000,1.884847005,1.858102878,1.900142829
2423,36.494583000,1.798024495,1.707892299,1.845305006
2424,36.497655000,1.732753386,1.729569125,1.740732233
2425,36.500727000,1.880083323,1.860614697,1.893473963
2426,36.503799000,1.881960392,1.860421459,1.895077030
2427,36.506871000,1.890742779,1.883745670,1.904548645
2428,36.509943000,1.884768804,1.860850255,1.899341822
2429,36.513015000,1.891547521,1.874974251,1.906368335
2430,36.516087000,1.898213863,1.877299309,1.908237457
2431,36.519159000,1.868130803,1.852333426,1.883985599
2432,36.522231000,1.875289957,1.846019427,1.885960261
2433,36.525303000,1.875618617,1.848225037,1.888112545
2434,36.528375000,1.879296144,1.870617747,1.892772118
2435,36.531447000,1.806790367,1.822143197,1.813428660
2436,36.534519000,1.777230347,1.791685000,1.752225757
2437,36.537591000,1.819597170,1.894637744,1.850944767
2438,36.540663000,1.891760667,1.876873255,1.903563341
2439,36.543735000,1.887012323,1.874321342,1.898243537
2440,36.546807000,1.863199035,1.853567143,1.876637896
2441,36.549879000,1.709519302,1.753620485,1.763966493
2442,36.552951000,1.880922953,1.862191836,1.893851121
2443,36.556023000,1.862155214,1.851121157,1.887504672
2444,36.559095000,1.894122124,1.876264850,1.899363836
2445,36.562167000,1.779471903,1.756087919,1.798932823
2446,36.565239000,1.874549468,1.862341801,1.886281331
2447,36.568311000,1.860427851,1.861048987,1.885533710
2448,36.571383000,1.848268722,1.773540139,1.841209849
2449,36.574455000,1.874042630,1.868526121,1.881885767
2450,36.577527000,1.946110427,1.851639132,1.953031003
2451,36.580599000,1.846687158,1.833097796,1.861618618
2452,36.583671000,1.890988191,1.874847929,1.903904438
2453,36.586743000,1.886156380,1.863478104,1.897744477
2454,36.589815000,1.893911997,1.878339052,1.906644026
2455,36.592887000,1.893487930,1.875390152,1.902390957
2456,36.595959000,1.871040384,1.859121561,1.883191903
2457,36.599031000,1.877321124,1.815066695,1.891111741
2458,36.602103000,1.890090783,1.866624355,1.903013329
2459,36.605175000,1.847219646,1.733326351,1.841444299
2460,36.608247000,1.880447547,1.866548061,1.896731019
2461,36.611319000,1.880908489,1.873054187,1.894485871
2462,36.614391000,1.887922287,1.866879066,1.900209586
2463,36.617463000,1.885605176,1.863779704,1.902233521
2464,36.620535000,1.805917129,1.781207512,1.823755731
2465,36.623607000,1.892500877,1.884963751,1.907383124
2466,36.626679000,1.900253216,1.888894399,1.913109144
2467,36.629751000,1.869436594,1.862344384,1.892775456
2468,36.632823000,1.880494912,1.868121147,1.898364862
2469,36.635895000,1.744143739,1.881369670,1.785270860
2470,36.638967000,1.797786315,1.881714205,1.817339202
2471,36.642039000,1.894584020,1.891504248,1.906348785
2472,36.645111000,1.876193444,1.866241137,1.890900453
2473,36.648183000,1.812825759,1.755591512,1.825000952
2474,36.651255000,1.751517132,1.841898988,1.770240481
2475,36.654327000,1.903617144,1.891938686,1.911693255
2476,36.657399000,1.880640109,1.877842585,1.895841678
2477,36.660471000,1.845021163,1.850413869,1.863755812
2478,36.663543000,1.886545261,1.871787786,1.896724184
2479,36.666615000,1.879569292,1.873238693,1.896794041
2480,36.669687000,1.899614175,1.891056220,1.912024180
2481,36.672759000,1.836181670,1.873944461,1.820289820
2482,36.675831000,1.892714024,1.881695350,1.905348857
2483,36.678903000,1.872379621,1.855680784,1.886968970
2484,36.681975000,1.890080770,1.875966986,1.901938121
2485,36.685047000,1.886026661,1.875560760,1.895064592
2486,36.688119000,1.886946042,1.865031262,1.900079330
2487,36.691191000,1.900054932,1.889196237,1.905931870
2488,36.694263000,1.879822095,1.853932192,1.893522422
2489,36.697335000,1.888790290,1.864341338,1.898880959
2490,36.700407000,1.840267390,1.813393613,1.848443349
2491,36.703479000,1.891806304,1.882659753,1.906030655
2492,36.706551000,1.901545366,1.888647715,1.917067687
2493,36.709623000,1.907583237,1.893580914,1.919438203
2494,36.712695000,1.825807398,1.839214424,1.839129349
2495,36.715767000,1.894850175,1.886345069,1.908394019
2496,36.718839000,1.891170820,1.881093462,1.901747862
2497,36.721911000,1.888046185,1.863060534,1.898020506
2498,36.724983000,1.879595811,1.887626866,1.905526787
2499,36.728055000,1.838571792,1.747229929,1.864293734
2500,36.731127000,1.884497484,1.864839156,1.899459680
2501,36.734199000,1.878355662,1.857710918,1.896041075
2502,36.737271000,1.901206652,1.893012365,1.913657347
2503,36.740343000,1.908525308,1.903353532,1.915491422
2504,36.743415000,1.888101896,1.881612142,1.902046363
2505,36.746487000,1.907375336,1.892511845,1.920537472
2506,36.749559000,1.899815877,1.878417830,1.907351077
2507,36.752631000,1.899765253,1.893927097,1.913978100
2508,36.755703000,1.898650696,1.863541524,1.911169330
2509,36.758775000,1.914024035,1.897965590,1.925291061
2510,36.761847000,1.897372405,1.885460059,1.910717328
2511,36.764919000,1.890669068,1.876646479,1.898677707
2512,36.767991000,1.761579767,1.819245925,1.791721702
2513,36.771063000,1.879550899,1.893626889,1.891233891
2514,36.774135000,1.863139813,1.876930301,1.875953376
2515,36.777207000,1.892608404,1.883821964,1.900761565
2516,36.780279000,1.875997233,1.712987557,1.935080290
2517,36.783351000,1.934199095,1.907729228,1.941495021
2518,36.786423000,1.891231259,1.867780616,1.906304439
2519,36.789495000,1.858798703,1.865134378,1.872055153
2520,36.792567000,1.892296314,1.862284184,1.903591315
2521,36.795639000,1.894853751,1.890473564,1.907189051
2522,36.798711000,1.885449568,1.879090746,1.899349213
2523,36.801783000,1.912142197,1.903374612,1.923273047
2524,36.804855000,1.889216582,1.867406309,1.895823439
2525,36.807927000,1.899637063,1.887659391,1.906782309
2526,36.810999000,1.884366671,1.861164808,1.867528677
2527,36.814071000,1.732045814,1.870190332,1.746165633
2528,36.817143000,1.900107607,1.887695968,1.910933177
2529,36.820215000,1.882624477,1.872325897,1.894614418
2530,36.823287000,1.885644913,1.874049346,1.900259574
2531,36.826359000,1.908416430,1.895641208,1.917409499
2532,36.829431000,1.895248353,1.879614909,1.908257087
2533,36.832503000,1.669787838,1.759066068,1.651160575
2534,36.835575000,1.870624542,1.855981827,1.887554089
2535,36.838647000,1.896323204,1.860090514,1.908488115
2536,36.841719000,1.897119522,1.887010972,1.912168344
2537,36.844791000,1.882518465,1.884327809,1.889495959
2538,36.847863000,1.899516821,1.891829213,1.911266009
2539,36.850935000,1.886416460,1.857325718,1.897287935
2540,36.854007000,1.877899716,1.860379964,1.892961393
2541,36.857079000,1.891141574,1.875763257,1.900214911
2542,36.860151000,1.901102940,1.881886631,1.910640160
2543,36.863223000,1.892981927,1.885175864,1.907424490
2544,36.866295000,1.888228814,1.847586493,1.893232425
2545,36.869367000,1.890328725,1.885424137,1.903356155
2546,36.872439000,1.816558319,1.776804114,1.797676342
2547,36.875511000,1.820291914,1.797285065,1.824835102
2548,36.878583000,1.863422816,1.840127051,1.900300860
2549,36.881655000,1.890080770,1.881242434,1.906785806
2550,36.884727000,1.891928673,1.870207965,1.905171235
2551,36.887799000,1.901195526,1.890545209,1.915169954
2552,36.890871000,1.821419731,1.855942850,1.831061721
2553,36.893943000,1.853501365,1.839718233,1.872262359
2554,36.897015000,1.886120747,1.874506096,1.897885382
2555,36.900087000,1.906157970,1.897338390,1.917471011
2556,36.903159000,1.904170672,1.893662771,1.915195227
2557,36.906231000,1.877989670,1.870179484,1.880694444
2558,36.909303000,1.725765536,1.861345251,1.745140543
2559,36.912375000,1.891456763,1.874379158,1.903069655
2560,36.915447000,1.886503950,1.859082962,1.889304737
2561,36.918519000,1.767229535,1.736474156,1.791251520
2562,36.921591000,1.908030351,1.891421318,1.921410878
2563,36.924663000,1.879068375,1.864196221,1.891756495
2564,36.927735000,1.904096703,1.891538521,1.911853035
2565,36.930807000,1.900441011,1.892727852,1.912920793
2566,36.933879000,1.907975038,1.902795156,1.921388467
2567,36.936951000,1.893809547,1.892097265,1.908065031
2568,36.940023000,1.684438633,1.874209185,1.727503826
2569,36.943095000,1.860201905,1.861680130,1.896271408
2570,36.946167000,1.797596037,1.897056818,1.831607794
2571,36.949239000,1.904674053,1.892407656,1.914245447
2572,36.952311000,1.898596048,1.894546588,1.910868963
2573,36.955383000,1.818424707,1.866585394,1.829177558
2574,36.958455000,1.690416185,1.710871985,1.746804565
2575,36.961527000,1.900764147,1.891726891,1.913753112
2576,36.964599000,1.665461145,1.679896412,1.618572993
2577,36.967671000,1.807131872,1.775848111,1.877651513
2578,36.970743000,1.890021458,1.853573223,1.905769477
2579,36.973815000,1.811343998,1.788468351,1.829444602
2580,36.976887000,1.675299567,1.860800445,1.715472246
2581,36.979959000,1.836517443,1.878418644,1.869678696
2582,36.983031000,1.910013040,1.902758598,1.917970816
2583,36.986103000,1.808155025,1.879007479,1.836584548
2584,36.989175000,1.885480781,1.886106630,1.911124110
2585,36.992247000,1.886166275,1.875603477,1.860813300
2586,36.995319000,1.911442121,1.900624275,1.923668782
2587,36.998391000,1.912597974,1.883101781,1.925813198
2588,37.001463000,1.799231946,1.808697015,1.824689011
2589,37.004535000,1.907913367,1.894615809,1.921559413
2590,37.007607000,1.780084908,1.739244719,1.828433290
2591,37.010679000,1.917063395,1.912316004,1.929404418
2592,37.013751000,1.877717565,1.896690925,1.887627016
2593,37.016823000,1.894786249,1.859469573,1.904429714
2594,37.019895000,1.899374406,1.884868066,1.913625052
2595,37.022967000,1.915984357,1.898768465,1.919188937
2596,37.026039000,1.916976929,1.894457658,1.925799290
2597,37.029111000,1.889776384,1.883884688,1.902004401
2598,37.032183000,1.731934246,1.670271739,1.733980010
2599,37.035255000,1.925216198,1.914601723,1.936167677
2600,37.038327000,1.910948197,1.890182177,1.920025667
2601,37.041399000,1.879459381,1.791332771,1.872711519
2602,37.044471000,1.923178991,1.919649760,1.930078824
2603,37.047543000,1.910143693,1.905691385,1.917472601
2604,37.050615000,1.842378408,1.895163616,1.871025821
2605,37.053687000,1.936347981,1.802639345,1.935397605
2606,37.056759000,1.922059457,1.839309146,1.929569840
2607,37.059831000,1.910448710,1.899759293,1.921416124
2608,37.062903000,1.922370434,1.906886260,1.930005550
2609,37.065975000,1.846043701,1.806176032,1.853761380
2610,37.069047000,1.912202994,1.893628597,1.922549566
2611,37.072119000,1.902871291,1.884408394,1.913612604
2612,37.075191000,1.900216897,1.884112676,1.913958391
2613,37.078263000,1.821375981,1.806340521,1.820355117
2614,37.081335000,1.905286153,1.899629275,1.919943968
2615,37.084407000,1.776643962,1.774265334,1.781420380
2616,37.087479000,1.904077371,1.894365072,1.913696766
2617,37.090551000,1.905852715,1.888200204,1.910405000
2618,37.093623000,1.896666065,1.821789692,1.893878539
2619,37.096695000,1.854260564,1.874213040,1.861343543
2620,37.099767000,1.879299084,1.903523604,1.928418318
2621,37.102839000,1.933703740,1.910020987,1.944858710
2622,37.105911000,1.939373175,1.920694510,1.950042327
2623,37.108983000,1.872034115,1.871526082,1.876110283
2624,37.112055000,1.906706830,1.796213756,1.928553392
2625,37.115127000,1.934279442,1.919957479,1.942280451
2626,37.118199000,1.912971258,1.897644897,1.918436527
2627,37.121271000,1.928622564,1.907587687,1.937889576
2628,37.124343000,1.922706981,1.879239375,1.920341651
2629,37.127415000,1.872031997,1.705810994,1.857026070
2630,37.130487000,1.926271915,1.855354826,1.926009973
2631,37.133559000,1.908892075,1.895600955,1.919890960
2632,37.136631000,1.917405685,1.896872838,1.925094525
2633,37.139703000,1.901050091,1.890158176,1.910252412
2634,37.142775000,1.913553397,1.899589300,1.922440608
2635,37.145847000,1.932325959,1.907741308,1.594248349
2636,37.148919000,1.270610457,1.502045230,1.529501562
2637,37.151991000,1.909534534,1.898011367,1.921261390
2638,37.155063000,1.889283299,1.859552821,1.898143212
2639,37.158135000,1.773070060,1.803882966,1.771652738
2640,37.161207000,1.641448607,1.605263212,1.656594197
2641,37.164279000,1.935311158,1.919834296,1.947022915
2642,37.167351000,1.849371580,1.855721459,1.859015485
2643,37.170423000,1.828385293,1.821279496,1.870097409
2644,37.173495000,1.918644905,1.912831267,1.924116611
2645,37.176567000,1.804110415,1.780321439,1.797017738
2646,37.179639000,1.919342478,1.898577213,1.909783761
2647,37.182711000,1.919503689,1.889744997,1.929952701
2648,37.185783000,1.924939315,1.917088509,1.930637678
2649,37.188855000,1.919782718,1.916208108,1.929543972
2650,37.191927000,1.801543857,1.724118526,1.752377272
2651,37.194999000,1.879500757,1.864631951,1.912352979
2652,37.198071000,1.875564789,1.836632977,1.888558249
2653,37.201143000,1.874407490,1.801820983,1.888729453
2654,37.204215000,1.828806266,1.663555349,1.763303816
2655,37.207287000,1.882691224,1.863707821,1.887351354
2656,37.210359000,1.889693740,1.812182764,1.880694111
2657,37.213431000,1.911411603,1.901044607,1.923775276
2658,37.216503000,1.909430981,1.897954226,1.917623480
2659,37.219575000,1.911697944,1.901268959,1.915890455
2660,37.222647000,1.906585336,1.897617400,1.919950167
2661,37.225719000,1.910691420,1.902943611,1.918300947
2662,37.228791000,1.902259827,1.878267686,1.916140874
2663,37.231863000,1.886244774,1.880464633,1.901287079
2664,37.234935000,1.902632713,1.898633560,1.868542731
2665,37.238007000,1.710270251,1.699155013,1.781143074
2666,37.241079000,1.910384297,1.891120036,1.922522485
2667,37.244151000,1.889224485,1.874434253,1.890665049
2668,37.247223000,1.914985180,1.900571982,1.926777522
2669,37.250295000,1.896623294,1.885547201,1.907398224
2670,37.253367000,1.897758166,1.878987034,1.904367050
2671,37.256439000,1.917441209,1.906146367,1.929748376
2672,37.259511000,1.903712114,1.897280733,1.910859307
2673,37.262583000,1.891727035,1.866430273,1.893423090
2674,37.265655000,1.903761864,1.890797297,1.915746212
2675,37.268727000,1.920187950,1.912894567,1.928112030
2676,37.271799000,1.903216044,1.887505770,1.914127429
2677,37.274871000,1.905858874,1.895290812,1.914412220
2678,37.277943000,1.914585431,1.901425521,1.923653205
2679,37.281015000,1.892540614,1.877620856,1.904056549
2680,37.284087000,1.908401648,1.895742655,1.915007114
2681,37.287159000,1.807390481,1.786733677,1.846931159
2682,37.290231000,1.922068437,1.903594335,1.929136753
2683,37.293303000,1.903996309,1.895607154,1.916896661
2684,37.296375000,1.773748294,1.724079842,1.765491351
2685,37.299447000,1.907135328,1.898865541,1.919349829
2686,37.302519000,1.850831884,1.869094878,1.855980173
2687,37.305591000,1.842048079,1.859851117,1.837189019
2688,37.308663000,1.888863529,1.886480321,1.894999047
2689,37.311735000,1.895127878,1.896598518,1.905459960
2690,37.314807000,1.858921702,1.855545908,1.889242729
2691,37.317879000,1.841496438,1.847773984,1.866941233
2692,37.320951000,1.711578801,1.892547766,1.769953330
2693,37.324023000,1.908993483,1.890748064,1.923317353
2694,37.327095000,1.906532605,1.897385438,1.916481256
2695,37.330167000,1.905435642,1.896075606,1.913541396
2696,37.333239000,1.868892521,1.889576614,1.877632712
2697,37.336311000,1.895231550,1.871545444,1.909993847
2698,37.339383000,1.951855719,1.798592170,1.957303186
2699,37.342455000,1.894308388,1.898011327,1.923431238
2700,37.345527000,1.909620126,1.900225480,1.919714928
2701,37.348599000,1.876555597,1.861194005,1.882600640
2702,37.351671000,1.858660924,1.734361539,1.852287238
2703,37.354743000,1.888852706,1.895070990,1.908296744
2704,37.357815000,1.890331984,1.871917864,1.904241880
2705,37.360887000,1.910956860,1.901684920,1.924806833
2706,37.363959000,1.868392597,1.888880620,1.904732088
2707,37.367031000,1.902560552,1.890624126,1.912106911
2708,37.370103000,1.811048746,1.749783084,1.809538747
2709,37.373175000,1.740327793,1.860475580,1.795419852
2710,37.376247000,1.911461989,1.906831503,1.923783143
2711,37.379319000,1.886619608,1.858387808,1.898341358
2712,37.382391000,1.915316900,1.901815017,1.924921274
2713,37.385463000,1.733901195,1.717279404,1.742191543
2714,37.388535000,1.861638846,1.812748469,1.860143622
2715,37.391607000,1.900195440,1.894080520,1.907381733
2716,37.394679000,1.917595545,1.908628623,1.930539926
2717,37.397751000,1.900104841,1.892089287,1.917061170
2718,37.400823000,1.927768707,1.921870788,1.937743743
2719,37.403895000,1.904279073,1.894905408,1.913263321
2720,37.406967000,1.921663602,1.908068379,1.931605339
2721,37.410039000,1.922417402,1.912511269,1.928232988
2722,37.413111000,1.901604970,1.881384611,1.913985888
2723,37.416183000,1.902393977,1.896007776,1.913766384
2724,37.419255000,1.903999647,1.898093700,1.916518768
2725,37.422327000,1.892985344,1.877696514,1.905109207
2726,37.425399000,1.863777682,1.890057186,1.870237440
2727,37.428471000,1.923919042,1.916478475,1.929478327
2728,37.431543000,1.903263410,1.893946727,1.912614822
2729,37.434615000,1.918315887,1.911004941,1.927861452
2730,37.437687000,1.911690394,1.897489866,1.922726949
2731,37.440759000,1.972648700,1.862323721,1.971277515
2732,37.443831000,1.894277737,1.872739643,1.918551445
2733,37.446903000,1.859427581,1.881886164,1.881061474
2734,37.449975000,1.896673520,1.884284735,1.905777057
2735,37.453047000,1.917181969,1.910915931,1.923965216
2736,37.456119000,1.907466571,1.898072759,1.918154438
2737,37.459191000,1.896988392,1.888833523,1.910092990
2738,37.462263000,1.693212765,1.655213180,1.687220166
2739,37.465335000,1.666583094,1.518256237,1.632439171
2740,37.468407000,1.906645934,1.886448224,1.920238972
2741,37.471479000,1.903661251,1.886969725,1.915191809
2742,37.474551000,1.874030357,1.858303477,1.905397505
2743,37.477623000,1.843906368,1.816448525,1.872876902
2744,37.480695000,1.903819501,1.877023737,1.914721300
2745,37.483767000,1.880571703,1.865900189,1.897434831
2746,37.486839000,1.916322549,1.903340658,1.924543699
2747,37.489911000,1.910943508,1.900770028,1.924660365
2748,37.492983000,1.914374828,1.902667383,1.923399925
2749,37.496055000,1.929978848,1.908469041,1.935812314
2750,37.499127000,1.917835077,1.907121658,1.926616033
2751,37.502199000,1.908458710,1.896225135,1.913357695
2752,37.505271000,1.893895626,1.870890379,1.903200388
2753,37.508343000,1.895511319,1.883390705,1.904127379
2754,37.511415000,1.923348109,1.909233650,1.930528879
2755,37.514487000,1.924676100,1.920299212,1.932167212
2756,37.517559000,1.912169933,1.899774392,1.924599171
2757,37.520631000,1.926287333,1.917471250,1.935290257
2758,37.523703000,1.906062047,1.900783777,1.919567108
2759,37.526775000,1.894383460,1.878557771,1.901454717
2760,37.529847000,1.828889448,1.808820054,1.832905543
2761,37.532919000,1.776563076,1.819251592,1.777563443
2762,37.535991000,1.916004856,1.897451560,1.921757181
2763,37.539063000,1.908798059,1.892658035,1.915515741
2764,37.542135000,1.928897222,1.921304464,1.937214692
2765,37.545207000,1.907990813,1.905309518,1.919492523
2766,37.548279000,1.893103565,1.872828960,1.911511103
2767,37.551351000,1.900480767,1.884872188,1.911371062
2768,37.554423000,1.874837240,1.832328148,1.898366133
2769,37.557495000,1.899108191,1.874640028,1.909392039
2770,37.560567000,1.889825140,1.860777020,1.913616776
2771,37.563639000,1.919402599,1.912969589,1.923726718
2772,37.566711000,1.885696173,1.878756404,1.894556259
2773,37.569783000,1.912923654,1.895859877,1.919996500
2774,37.572855000,1.907687823,1.895049254,1.918788592
2775,37.575927000,1.900560369,1.893261472,1.911972602
2776,37.578999000,1.917111715,1.911265373,1.927259445
2777,37.582071000,1.808309590,1.771343991,1.871384939
2778,37.585143000,1.907396714,1.904047330,1.918137630
2779,37.588215000,1.680306017,1.678444718,1.693144952
2780,37.591287000,1.865200584,1.851021772,1.876222491
2781,37.594359000,1.915063540,1.907454173,1.923149109
2782,37.597431000,1.920170466,1.913483620,1.928571383
2783,37.600503000,1.916166097,1.887154937,1.918283552
2784,37.603575000,1.916292826,1.904766719,1.928774198
2785,37.606647000,1.907947222,1.903102179,1.918103298
2786,37.609719000,1.916872978,1.902439435,1.925203800
2787,37.612791000,1.914009094,1.904880524,1.921385129
2788,37.615863000,1.923333327,1.919104099,1.931526343
2789,37.618935000,1.727481373,1.701701611,1.739618726
2790,37.622007000,1.928313891,1.898548762,1.936077913
2791,37.625079000,1.886738052,1.856978198,1.901280006
2792,37.628151000,1.925076008,1.915139516,1.934763273
2793,37.631223000,1.918408155,1.906599204,1.931641499
2794,37.634295000,1.809767495,1.761592895,1.823718434
2795,37.637367000,1.845100010,1.807973524,1.881217023
2796,37.640439000,1.909958561,1.877483348,1.714694172
2797,37.643511000,1.867332533,1.843989526,1.877439717
2798,37.646583000,1.902173559,1.888323605,1.910741409
2799,37.649655000,1.929523468,1.925458113,1.938868841
2800,37.652727000,1.902492647,1.891084343,1.908891618
2801,37.655799000,1.895464232,1.845821341,1.881597817
2802,37.658871000,1.854636709,1.809697330,1.883825123
2803,37.661943000,1.909499168,1.902407010,1.919903278
2804,37.665015000,1.901218936,1.891382933,1.910748104
2805,37.668087000,1.911830743,1.909359932,1.921584686
2806,37.671159000,1.934780240,1.876987378,1.942194064
2807,37.674231000,1.900828918,1.896607637,1.912415425
2808,37.677303000,1.935563246,1.915748437,1.942387740
2809,37.680375000,1.921767235,1.907432556,1.927953561
2810,37.683447000,1.912673632,1.911894162,1.923393408
2811,37.686519000,1.927698930,1.914062182,1.938364188
2812,37.689591000,1.943621953,1.904006432,1.941114902
2813,37.692663000,1.911073685,1.901034276,1.917553027
2814,37.695735000,1.921765804,1.912083308,1.930061658
2815,37.698807000,1.886021415,1.864547908,1.896803896
2816,37.701879000,1.744581213,1.739196802,1.761247342
2817,37.704951000,1.903938135,1.898847739,1.919166962
2818,37.708023000,1.833195945,1.777027279,1.825342337
2819,37.711095000,1.911400596,1.896888554,1.924668630
2820,37.714167000,1.901152884,1.880642037,1.904127131
2821,37.717239000,1.911214749,1.906332016,1.921130021
2822,37.720311000,1.903464953,1.892577330,1.912415822
2823,37.723383000,1.908466498,1.900473515,1.914787928
2824,37.726455000,1.909185410,1.894469738,1.920504888
2825,37.729527000,1.914009253,1.911221345,1.921467145
2826,37.732599000,1.913318952,1.901701967,1.923173428
2827,37.735671000,1.769019996,1.778697893,1.803468446
2828,37.738743000,1.903935949,1.892491937,1.914383610
2829,37.741815000,1.927085718,1.902372201,1.935388803
2830,37.744887000,1.819921801,1.831754764,1.884342710
2831,37.747959000,1.937376181,1.929433664,1.943446954
2832,37.751031000,1.923535029,1.915669123,1.934053818
2833,37.754103000,1.933236440,1.912409623,1.940138181
2834,37.757175000,1.934464256,1.897462447,1.944734732
2835,37.760247000,1.757234370,1.709514787,1.711395130
2836,37.763319000,1.902897755,1.898315430,1.916419665
2837,37.766391000,1.839787334,1.911226749,1.852305517
2838,37.769463000,1.887018124,1.865053177,1.902940591
2839,37.772535000,1.884128809,1.864142338,1.896924496
2840,37.775607000,1.894801299,1.870232423,1.903910319
2841,37.778679000,1.865084258,1.844686002,1.841349036
2842,37.781751000,1.817229261,1.782149504,1.860425413
2843,37.784823000,1.913165251,1.901954174,1.922024806
2844,37.787895000,1.855787764,1.819126740,1.851981799
2845,37.790967000,1.896008492,1.872294664,1.908670743
2846,37.794039000,1.897302787,1.877397815,1.910000006
2847,37.797111000,1.735350961,1.721164574,1.748142600
2848,37.800183000,1.908875942,1.891252677,1.917963982
2849,37.803255000,1.899197896,1.874417305,1.906076749
2850,37.806327000,1.884405931,1.853982449,1.898860137
2851,37.809399000,1.809950277,1.746646985,1.822470834
2852,37.812471000,1.896581163,1.884106427,1.893082072
2853,37.815543000,1.816698444,1.733756622,1.834806472
2854,37.818615000,1.905638456,1.892265042,1.914968650
2855,37.821687000,1.888522039,1.851423760,1.873070210
2856,37.824759000,1.937216361,1.819814146,1.932411671
2857,37.827831000,1.856677483,1.873062929,1.877389630
2858,37.830903000,1.908989112,1.898290475,1.917786678
2859,37.833975000,1.912137985,1.901745538,1.922605197
2860,37.837047000,1.806316468,1.855250339,1.818806005
2861,37.840119000,1.891151110,1.875178655,1.908860048
2862,37.843191000,1.650646062,1.700069194,1.653160840
2863,37.846263000,1.902210712,1.885951360,1.914199511
2864,37.849335000,1.907077948,1.896222810,1.915644010
2865,37.852407000,1.893281778,1.876313249,1.902882258
2866,37.855479000,1.836142773,1.829104195,1.856095036
2867,37.858551000,1.932957331,1.888647954,1.938968897
2868,37.861623000,1.947757403,1.841445143,1.946052631
2869,37.864695000,1.835201368,1.849949668,1.836907879
2870,37.867767000,1.852651348,1.888041099,1.857841114
2871,37.870839000,1.818904355,1.877308567,1.830980281
2872,37.873911000,1.741588466,1.744297028,1.784009914
2873,37.876983000,1.889343480,1.879308085,1.893962959
2874,37.880055000,1.874555796,1.810855806,1.880977710
2875,37.883127000,1.892549992,1.879844507,1.902417382
2876,37.886199000,1.907477697,1.904763381,1.919250170
2877,37.889271000,1.897393386,1.886872212,1.910548528
2878,37.892343000,1.900903702,1.892775059,1.913162390
2879,37.895415000,1.904561996,1.888933818,1.915444056
2880,37.898487000,1.897605220,1.877011061,1.896114866
2881,37.901559000,1.883386930,1.863428116,1.896388451
2882,37.904631000,1.766134816,1.750908881,1.777779063
2883,37.907703000,1.865110238,1.873419940,1.886175176
2884,37.910775000,1.916335424,1.900023222,1.923133691
2885,37.913847000,1.892939299,1.883082310,1.906785409
2886,37.916919000,1.910506328,1.897877693,1.921778917
2887,37.919991000,1.888645808,1.877705415,1.905120055
2888,37.923063000,1.801659539,1.860609243,1.781819354
2889,37.926135000,1.906499465,1.884010196,1.916459123
2890,37.929207000,1.886490703,1.872865061,1.898410956
2891,37.932279000,1.834901835,1.816492962,1.847483044
2892,37.935351000,1.750495334,1.700887638,1.814069788
2893,37.938423000,1.774942408,1.865154564,1.828814646
2894,37.941495000,1.708180112,1.606933919,1.649616465
2895,37.944567000,1.852213855,1.808187738,1.850411505
2896,37.947639000,1.804195898,1.881930947,1.812956984
2897,37.950711000,1.831497120,1.877707044,1.873176694
2898,37.953783000,1.884291728,1.876613140,1.898354928
2899,37.956855000,1.846786574,1.833624716,1.856319765
2900,37.959927000,1.787202626,1.766280765,1.795567100
2901,37.962999000,1.882976472,1.871777693,1.892306626
2902,37.966071000,1.791673686,1.778833404,1.815507626
2903,37.969143000,1.840342924,1.833860631,1.826062212
2904,37.972215000,1.838501737,1.798377539,1.853522430
2905,37.975287000,1.905575196,1.897325039,1.910234928
2906,37.978359000,1.895111958,1.882865588,1.910060724
2907,37.981431000,1.861295253,1.857662385,1.874319126
2908,37.984503000,1.716832402,1.675876137,1.759399831
2909,37.987575000,1.896950086,1.891344229,1.913851420
2910,37.990647000,1.883767923,1.866816103,1.894737641
2911,37.993719000,1.775478922,1.698633860,1.773803994
2912,37.996791000,1.850309794,1.878269434,1.857842286
2913,37.999863000,1.901735147,1.890442689,1.911016464
2914,38.002935000,1.894683997,1.886365891,1.907375177
2915,38.006007000,1.896479706,1.883312503,1.906648397
2916,38.009079000,1.853148883,1.853517632,1.870811323
2917,38.012151000,1.904434681,1.892706633,1.914050182
2918,38.015223000,1.869128664,1.847302695,1.882744183
2919,38.018295000,1.826687728,1.866465857,1.834391822
2920,38.021367000,1.844839115,1.858887921,1.879258931
2921,38.024439000,1.892721355,1.877065023,1.903645277
2922,38.027511000,1.895481984,1.883205493,1.906258265
2923,38.030583000,1.900716464,1.897357464,1.912496408
2924,38.033655000,1.826183088,1.817287778,1.834519853
2925,38.036727000,1.725569499,1.769291465,1.729857693
2926,38.039799000,1.511478340,1.548508783,1.491854149
2927,38.042871000,1.741096348,1.738684632,1.741606504
2928,38.045943000,1.903463840,1.892108599,1.916276455
2929,38.049015000,1.884601533,1.879103959,1.891337444
2930,38.052087000,1.905589183,1.903779020,1.914195776
2931,38.055159000,1.693068727,1.677256453,1.775121222
2932,38.058231000,1.889170210,1.884219488,1.899401426
2933,38.061303000,1.253597471,1.509656296,1.335062725
2934,38.064375000,1.715864302,1.741243924,1.712439393
2935,38.067447000,1.833402892,1.867173513,1.803649753
2936,38.070519000,1.908243020,1.895061970,1.921362082
2937,38.073591000,1.903494517,1.898812294,1.920691490
2938,38.076663000,1.815839037,1.813828682,1.802454407
2939,38.079735000,1.894845396,1.884536266,1.906125228
2940,38.082807000,1.884295583,1.875278811,1.900110841
2941,38.085879000,1.894716581,1.888886690,1.901118080
2942,38.088951000,1.858742222,1.811942967,1.819851389
2943,38.092023000,1.889945189,1.883423348,1.903290828
2944,38.095095000,1.906637828,1.897754868,1.917297840
2945,38.098167000,1.914032618,1.915294488,1.927132130
2946,38.101239000,1.945669333,1.829852561,1.956868013
2947,38.104311000,1.907795846,1.889264375,1.912151257
2948,38.107383000,1.896670818,1.891352832,1.903800726
2949,38.110455000,1.898497264,1.881128073,1.912906408
2950,38.113527000,1.853709412,1.826313247,1.876894911
2951,38.116599000,1.725533803,1.736051112,1.752267703
2952,38.119671000,1.903106809,1.889540354,1.906630625
2953,38.122743000,1.888605436,1.876014233,1.902111053
2954,38.125815000,1.875583152,1.839608868,1.884928842
2955,38.128887000,1.911528746,1.897885958,1.921462377
2956,38.131959000,1.909436385,1.892896970,1.917874495
2957,38.135031000,1.901900291,1.887352308,1.913657029
2958,38.138103000,1.916598956,1.908238411,1.930128574
2959,38.141175000,1.877822876,1.867319981,1.895432234
2960,38.144247000,1.912715197,1.889135917,1.923536777
2961,38.147319000,1.858649611,1.844122638,1.885165676
2962,38.150391000,1.887944102,1.877207677,1.899929682
2963,38.153463000,1.920731703,1.904037714,1.930693309
2964,38.156535000,1.906732718,1.899211407,1.919990063
2965,38.159607000,1.845706021,1.818941156,1.855881204
2966,38.162679000,1.904215972,1.892164071,1.915131092
2967,38.165751000,1.887776732,1.875427326,1.895686229
2968,38.168823000,1.782321423,1.755866329,1.807862232
2969,38.171895000,1.901124795,1.892333666,1.913588047
2970,38.174967000,1.862946163,1.852046887,1.875513196
2971,38.178039000,1.906204144,1.891230663,1.916485707
2972,38.181111000,1.898277601,1.887131453,1.910523375
2973,38.184183000,1.727774801,1.761059369,1.760498727
2974,38.187255000,1.870188966,1.841545910,1.874930720
2975,38.190327000,1.818374996,1.838818237,1.876715586
2976,38.193399000,1.894052188,1.882457058,1.909873962
2977,38.196471000,1.832952604,1.802603265,1.847668747
2978,38.199543000,1.726220146,1.870230029,1.767921209
2979,38.202615000,1.840160946,1.823368003,1.839933296
2980,38.205687000,1.885987242,1.891832272,1.878901273
2981,38.208759000,1.893310706,1.884090344,1.908739567
2982,38.211831000,1.878904214,1.859236295,1.882534315
2983,38.214903000,1.916975975,1.909895261,1.922782580
2984,38.217975000,1.905473510,1.856483320,1.911568681
2985,38.221047000,1.899431388,1.888209979,1.911201795
2986,38.224119000,1.900778929,1.894904137,1.913449605
2987,38.227191000,1.884748310,1.879026085,1.896514634
2988,38.230263000,1.829834037,1.851750950,1.895522376
2989,38.233335000,1.900812308,1.886472066,1.913570086
2990,38.236407000,1.901561260,1.890017152,1.910821358
2991,38.239479000,1.916971684,1.907636841,1.928226709
2992,38.242551000,1.892337640,1.882128080,1.905035138
2993,38.245623000,1.908504963,1.905484358,1.920686881
2994,38.248695000,1.863338411,1.816980620,1.870859226
2995,38.251767000,1.547071295,1.576984101,1.536592578
2996,38.254839000,1.900118748,1.892107606,1.909837415
2997,38.257911000,1.842118427,1.874007384,1.856088599
2998,38.260983000,1.606508133,1.680040304,1.634081535
2999,38.264055000,1.740807032,1.685608678,1.728525455
3000,38.267127000,1.864413619,1.847140362,1.866859004
3001,38.270199000,1.849642590,1.807680284,1.861851046
3002,38.273271000,1.900791695,1.885696669,1.908301711
3003,38.276343000,1.887434244,1.875237425,1.901389281
3004,38.279415000,1.906884690,1.894376099,1.916596169
3005,38.282487000,1.843825303,1.782910854,1.845992411
3006,38.285559000,1.891866128,1.878726323,1.903657476
3007,38.288631000,1.766278962,1.761130676,1.799531629
3008,38.291703000,1.894580523,1.880822500,1.907138666
3009,38.294775000,1.871714433,1.852030516,1.885264238
3010,38.297847000,1.883330504,1.858962059,1.900476138
3011,38.300919000,1.894910971,1.884384473,1.909227053
3012,38.303991000,1.873642738,1.870854040,1.880730828
3013,38.307063000,1.707097938,1.822772205,1.798019866
3014,38.310135000,1.886639078,1.863594507,1.908844153
3015,38.313207000,1.895133893,1.874303738,1.906759342
3016,38.316279000,1.894299189,1.889022032,1.906501293
3017,38.319351000,1.884874503,1.867900908,1.898280541
3018,38.322423000,1.697380108,1.777222484,1.279024338
3019,38.325495000,1.658154391,1.817602634,1.563800241
3020,38.328567000,0.106321295,1.857295667,0.579806755
3021,38.331639000,1.768519193,1.860657215,1.884954969
3022,38.334711000,1.878776391,1.867816448,1.892955383
3023,38.337783000,1.861502692,1.867021561,1.877195696
3024,38.340855000,1.854797482,1.816124926,1.865983884
3025,38.343927000,1.875987530,1.855917533,1.888795296
3026,38.346999000,1.890098731,1.870739937,1.906953176
3027,38.350071000,1.884695649,1.859961947,1.897793889
3028,38.353143000,1.895800352,1.870843490,1.909288247
3029,38.356215000,1.881956816,1.857810954,1.898981094
3030,38.359287000,1.878721635,1.858566205,1.893434683
3031,38.362359000,1.915825725,1.904115379,1.925533334
3032,38.365431000,1.913257698,1.893165872,1.939068476
3033,38.368503000,1.900886297,1.881825765,1.908929427
3034,38.371575000,1.871197651,1.863569736,1.896293620
3035,38.374647000,1.888115307,1.873057405,1.903727214
3036,38.377719000,1.899964174,1.880087932,1.907598654
3037,38.380791000,1.867350534,1.871050100,1.852763871
3038,38.383863000,1.892514229,1.881889820,1.903886557
3039,38.386935000,1.884844303,1.864288857,1.896058877
3040,38.390007000,1.884540002,1.858672818,1.895007610
3041,38.393079000,1.905382236,1.881147822,1.915359656
3042,38.396151000,1.889860312,1.879321416,1.899223566
3043,38.399223000,1.915375074,1.894812028,1.917558432
3044,38.402295000,1.904716810,1.887229363,1.913005431
3045,38.405367000,1.896633863,1.859624783,1.903809388
3046,38.408439000,1.903739333,1.862232288,1.910481373
3047,38.411511000,1.901917934,1.885913054,1.913947582
3048,38.414583000,1.902230104,1.882999182,1.911498944
3049,38.417655000,1.896341642,1.872905016,1.909839948
3050,38.420727000,1.894129748,1.891527096,1.906620502
3051,38.423799000,1.905724843,1.884639422,1.915352265
3052,38.426871000,1.621847549,1.559411481,1.629921456
3053,38.429943000,1.904839357,1.890928825,1.917202433
3054,38.433015000,1.793721574,1.893760204,1.809275240
3055,38.436087000,1.822887103,1.795154810,1.862730483
3056,38.439159000,1.879543662,1.837980181,1.869437963
3057,38.442231000,1.739417801,1.759487107,1.729124866
3058,38.445303000,1.916030566,1.904230595,1.923939308
3059,38.448375000,1.932493309,1.830960194,1.930399209
3060,38.451447000,1.922285557,1.898111900,1.930785378
3061,38.454519000,1.755083827,1.801647986,1.761830382
3062,38.457591000,1.870011784,1.888334773,1.910586039
3063,38.460663000,1.904216925,1.891976436,1.913312753
3064,38.463735000,1.914771895,1.892566899,1.925178587
3065,38.466807000,1.873085842,1.872976283,1.916651448
3066,38.469879000,1.761779162,1.791864345,1.780947884
3067,38.472951000,1.905827363,1.895760695,1.918994427
3068,38.476023000,1.922897339,1.904205243,1.933942159
3069,38.479095000,1.749088421,1.731786683,1.734315485
3070,38.482167000,1.773185333,1.624103701,1.767243693
3071,38.485239000,1.911596616,1.910326163,1.924076875
3072,38.488311000,1.569471073,1.669560728,1.545208834
3073,38.491383000,1.896119436,1.882237832,1.909593741
3074,38.494455000,1.900662343,1.894055843,1.906999826
3075,38.497527000,1.922393958,1.915898641,1.931414127
3076,38.500599000,1.783070376,1.731814211,1.801340441
3077,38.503671000,1.881995728,1.839912573,1.901712835
3078,38.506743000,1.899092654,1.867558201,1.920947452
3079,38.509815000,1.911617676,1.900671879,1.918178489
3080,38.512887000,1.597986411,1.687422673,1.623719434
3081,38.515959000,1.787550703,1.822773802,1.779301678
3082,38.519031000,1.907670577,1.887351513,1.918753346
3083,38.522103000,1.958753983,1.884007613,1.959117969
3084,38.525175000,1.973820686,1.903183321,1.974438032
3085,38.528247000,1.998450915,1.815425018,2.002367059
3086,38.531319000,1.941396077,1.929721435,1.952282747
3087,38.534391000,1.871971553,1.848148972,1.882690186
3088,38.537463000,1.906725804,1.896432499,1.916420857
3089,38.540535000,1.804125115,1.726883774,1.837657382
3090,38.543607000,1.925280412,1.906088670,1.936693509
3091,38.546679000,1.864375114,1.856269787,1.859420950
3092,38.549751000,1.818325842,1.782580674,1.879433324
3093,38.552823000,1.911411762,1.888878981,1.924843629
3094,38.555895000,1.924238443,1.902671019,1.932704608
3095,38.558967000,1.915607929,1.904694239,1.929911613
3096,38.562039000,1.913046678,1.908279061,1.925411701
3097,38.565111000,1.904300392,1.888653358,1.909516096
3098,38.568183000,1.902985255,1.867280205,1.919321696
3099,38.571255000,1.896026452,1.880653779,1.911219358
3100,38.574327000,1.917889039,1.912113031,1.928188006
3101,38.577399000,1.801495605,1.844594687,1.801555067
3102,38.580471000,1.901498795,1.885075351,1.912736734
3103,38.583543000,1.945240021,1.931452513,1.951365471
3104,38.586615000,1.909025351,1.892122428,1.916493098
3105,38.589687000,1.794078765,1.796151653,1.800644261
3106,38.592759000,1.898910840,1.879569213,1.910719633
3107,38.595831000,1.798813497,1.689465016,1.833662421
3108,38.598903000,1.907147725,1.902286013,1.921137969
3109,38.601975000,1.901363452,1.889592330,1.909796000
3110,38.605047000,1.910558224,1.898001353,1.924506982
3111,38.608119000,1.803944154,1.777470926,1.811273855
3112,38.611191000,1.721880386,1.710787157,1.712922116
3113,38.614263000,1.904554923,1.892723242,1.914035797
3114,38.617335000,1.883557081,1.876080275,1.898509502
3115,38.620407000,1.821397555,1.798872809,1.835168933
3116,38.623479000,1.791477636,1.765371044,1.812825670
3117,38.626551000,1.889380127,1.820510278,1.900707046
3118,38.629623000,1.890822768,1.868496915,1.901767254
3119,38.632695000,1.795333060,1.887652198,1.801961432
3120,38.635767000,1.808376568,1.792967096,1.776630014
3121,38.638839000,1.809278856,1.802040234,1.786022613
3122,38.641911000,1.888857047,1.875177066,1.902741114
3123,38.644983000,1.886722565,1.874553879,1.897484223
3124,38.648055000,1.881390492,1.859499574,1.894976934
3125,38.651127000,1.815269940,1.750495513,1.821914857
3126,38.654199000,1.739952375,1.711395013,1.712788180
3127,38.657271000,1.912054857,1.892323812,1.921384176
3128,38.660343000,1.888422569,1.874699354,1.904220581
3129,38.663415000,1.894228141,1.882513126,1.907051166
3130,38.666487000,1.908809026,1.898282846,1.919194857
3131,38.669559000,1.873138100,1.855537017,1.883576075
3132,38.672631000,1.890175978,1.884693146,1.905026118
3133,38.675703000,1.882753332,1.866049925,1.895350456
3134,38.678775000,1.844546725,1.885917266,1.797330479
3135,38.681847000,1.890796105,1.879121701,1.902854602
3136,38.684919000,1.869934728,1.817323873,1.878587941
3137,38.687991000,1.854000097,1.828291972,1.866481086
3138,38.691063000,1.906927268,1.894285361,1.917321364
3139,38.694135000,1.892850876,1.882944425,1.905884584
3140,38.697207000,1.827340320,1.792972585,1.837037732
3141,38.700279000,1.871371349,1.851631641,1.885465066
3142,38.703351000,1.834781103,1.855850811,1.847148756
3143,38.706423000,1.851769308,1.872797648,1.859878014
3144,38.709495000,1.880622017,1.863748481,1.895289848
3145,38.712567000,1.902723948,1.893860579,1.913907290
3146,38.715639000,1.902091980,1.883995533,1.914042155
3147,38.718711000,1.914911906,1.900009632,1.909275611
3148,38.721783000,1.887188097,1.876116753,1.896246036
3149,38.724855000,1.899977525,1.885560354,1.912162463
3150,38.727927000,1.880799095,1.870732784,1.900884867
3151,38.730999000,1.888456265,1.822547366,1.881448785
3152,38.734071000,1.897070309,1.883378804,1.905211647
3153,38.737143000,1.909389496,1.893193483,1.923540751
3154,38.740215000,1.890317281,1.878326337,1.899748524
3155,38.743287000,1.817214559,1.855645239,1.830704351
3156,38.746359000,1.825158497,1.806257750,1.886585752
3157,38.749431000,1.799827963,1.892732938,1.818989336
3158,38.752503000,1.891060948,1.878048251,1.904676676
3159,38.755575000,1.907555978,1.898562908,1.919160525
3160,38.758647000,1.909237703,1.898108323,1.915101290
3161,38.761719000,1.885895277,1.838016262,1.884621913
3162,38.764791000,1.895828764,1.876141419,1.906111558
3163,38.767863000,1.894394855,1.869949142,1.903448502
3164,38.770935000,1.905184428,1.888974746,1.918312391
3165,38.774007000,1.780453523,1.750158717,1.807833115
3166,38.777079000,1.946172655,1.874366442,1.952559948
3167,38.780151000,1.885559320,1.854482844,1.905412833
3168,38.783223000,1.884621461,1.857752681,1.894591173
3169,38.786295000,1.830577714,1.863612036,1.844886571
3170,38.789367000,1.889135361,1.874067942,1.899254660
3171,38.792439000,1.900536060,1.886514386,1.909446875
3172,38.795511000,1.885837396,1.867775559,1.897642533
3173,38.798583000,1.871088887,1.857531056,1.875449906
3174,38.801655000,1.886397998,1.868746678,1.898807406
3175,38.804727000,1.831542303,1.785845794,1.845511357
3176,38.807799000,1.759349823,1.814200709,1.824872047
3177,38.810871000,1.868771488,1.817281415,1.875815670
3178,38.813943000,1.876926581,1.861050407,1.889846961
3179,38.817015000,1.902349631,1.896630287,1.915130297
3180,38.820087000,1.900740147,1.897301435,1.916443189
3181,38.823159000,1.876899163,1.860797723,1.884739081
3182,38.826231000,1.895694335,1.884717385,1.908559163
3183,38.829303000,1.861706180,1.899486025,1.873774538
3184,38.832375000,1.888084769,1.864252170,1.887903432
3185,38.835447000,1.965017418,1.804207603,1.964446108
3186,38.838519000,1.930541039,1.914227168,1.937535206
3187,38.841591000,1.931404432,1.916664521,1.939184825
3188,38.844663000,1.913135106,1.897949944,1.920872053
3189,38.847735000,1.927693208,1.899955392,1.935432911
3190,38.850807000,1.922005097,1.907339493,1.928197384
3191,38.853879000,1.923170884,1.914595127,1.933245420
3192,38.856951000,1.916924442,1.903630386,1.923506041
3193,38.860023000,1.895597498,1.891542673,1.908704281
3194,38.863095000,1.858241826,1.841935093,1.864471018
3195,38.866167000,1.914814472,1.904129823,1.924597661
3196,38.869239000,1.905064821,1.896690408,1.914331118
3197,38.872311000,1.913421154,1.897507509,1.923557599
3198,38.875383000,1.874750535,1.867139618,1.888127486
3199,38.878455000,1.897996982,1.884670258,1.912424723
3200,38.881527000,1.895763397,1.879683256,1.907167117
3201,38.884599000,1.901755293,1.885122736,1.912350734
3202,38.887671000,1.899726709,1.891872088,1.910593748
3203,38.890743000,1.911297162,1.901538054,1.919823805
3204,38.893815000,1.905972640,1.899671714,1.917558511
3205,38.896887000,1.898233255,1.888037125,1.909550826
3206,38.899959000,1.905659119,1.892365058,1.916109482
3207,38.903031000,1.903333187,1.888718764,1.912701527
3208,38.906103000,1.918176254,1.893783649,1.922903935
3209,38.909175000,1.756252214,1.881311864,1.720873525
3210,38.912247000,1.888460000,1.881800493,1.902932167
3211,38.915319000,1.916985710,1.909664790,1.928144574
3212,38.918391000,1.906099002,1.888598045,1.915785789
3213,38.921463000,1.888924877,1.877724051,1.898578902
3214,38.924535000,1.834630730,1.829558179,1.845065514
3215,38.927607000,1.874381532,1.866916458,1.886038403
3216,38.930679000,1.880469153,1.858512074,1.885733426
3217,38.933751000,1.896611373,1.881873131,1.912382921
3218,38.936823000,1.831033190,1.794390596,1.846419921
3219,38.939895000,1.894226313,1.883739074,1.908062538
3220,38.942967000,1.913007547,1.888937732,1.917621374
3221,38.946039000,1.847027111,1.890650749,1.903085073
3222,38.949111000,1.681829254,1.735394130,1.728661487
3223,38.952183000,1.909243584,1.901420752,1.917388916
3224,38.955255000,1.910382271,1.905828158,1.918375969
3225,38.958327000,1.895613035,1.883095423,1.908231576
3226,38.961399000,1.826199243,1.883555253,1.850266412
3227,38.964471000,1.880550290,1.861079097,1.900450269
3228,38.967543000,1.893198967,1.883812547,1.905097167
3229,38.970615000,1.815717561,1.768041079,1.811500152
3230,38.973687000,1.699462742,1.828285905,1.764067203
3231,38.976759000,1.691696202,1.603098278,1.696992651
3232,38.979831000,1.825774493,1.881145497,1.848048165
3233,38.982903000,1.887926956,1.876249969,1.903638621
3234,38.985975000,1.901485284,1.892142057,1.909363270
3235,38.989047000,1.913388729,1.902030547,1.922905127
3236,38.992119000,1.907494466,1.903371334,1.917361617
3237,38.995191000,1.896368412,1.883412798,1.906391859
3238,38.998263000,1.905022343,1.890315294,1.920335531
3239,39.001335000,1.752370998,1.732347563,1.779511213
3240,39.004407000,1.887466570,1.857717444,1.906319350
3241,39.007479000,1.889841398,1.881216486,1.898667812
3242,39.010551000,1.880524476,1.858807782,1.887190044
3243,39.013623000,1.771825338,1.766910320,1.778462668
3244,39.016695000,1.893327077,1.876868566,1.907542388
3245,39.019767000,1.903551022,1.889144182,1.910574436
3246,39.022839000,1.809209988,1.902417024,1.833211760
3247,39.025911000,1.887504816,1.876022716,1.897866726
3248,39.028983000,1.844928094,1.838712245,1.839617531
3249,39.032055000,1.878555655,1.864349643,1.892409484
3250,39.035127000,1.897200425,1.876779715,1.908828179
3251,39.038199000,1.883552313,1.856324236,1.889403403
3252,39.041271000,1.882016182,1.864663581,1.894565185
3253,39.044343000,1.905329823,1.905694644,1.916267316
3254,39.047415000,1.903569380,1.892849286,1.916015228
3255,39.050487000,1.875234922,1.860233625,1.887216489
3256,39.053559000,1.871597846,1.860061248,1.884601911
3257,39.056631000,1.897292137,1.888148308,1.912618796
3258,39.059703000,1.894651969,1.889764468,1.909862280
3259,39.062775000,1.832836151,1.828728904,1.835915402
3260,39.065847000,1.883731345,1.876496176,1.894980967
3261,39.068919000,1.842140223,1.900969505,1.866780420
3262,39.071991000,1.910009702,1.904067675,1.922400157
3263,39.075063000,1.904348294,1.888685996,1.909953833
3264,39.078135000,1.829178154,1.776818375,1.818955327
3265,39.081207000,1.889798085,1.877768993,1.901474754
3266,39.084279000,1.874587953,1.818622023,1.874193748
3267,39.087351000,1.739033843,1.718305732,1.800053875
3268,39.090423000,1.905593206,1.796152413,1.904312948
3269,39.093495000,1.919047912,1.894273917,1.920092185
3270,39.096567000,1.897271593,1.879044493,1.904237191
3271,39.099639000,1.930011431,1.911333243,1.934729258
3272,39.102711000,1.899658998,1.883234183,1.911702474
3273,39.105783000,1.883735875,1.867118816,1.893239399
3274,39.108855000,1.927426497,1.919262250,1.935356935
3275,39.111927000,1.903871854,1.897295554,1.915216327
3276,39.114999000,1.921239376,1.908870856,1.930803299
3277,39.118071000,1.812039812,1.815240065,1.844399263
3278,39.121143000,1.867393866,1.830343425,1.874094789
3279,39.124215000,1.904702226,1.895804485,1.914532900
3280,39.127287000,1.904342095,1.898438891,1.913215339
3281,39.130359000,1.818318203,1.775931944,1.844683190
3282,39.133431000,1.884750148,1.874188016,1.898753921
3283,39.136503000,1.920674801,1.901055435,1.927847068
3284,39.139575000,1.886559804,1.873886387,1.903404236
3285,39.142647000,1.899160067,1.881989201,1.906809767
3286,39.145719000,1.908242385,1.904854616,1.920531750
3287,39.148791000,1.893438498,1.888886015,1.908368508
3288,39.151863000,1.904194196,1.894301017,1.915786266
3289,39.154935000,1.911060651,1.903495391,1.922833443
3290,39.158007000,1.893912872,1.872465173,1.902723591
3291,39.161079000,1.901978493,1.879752517,1.908719261
3292,39.164151000,1.914692799,1.909446200,1.922512770
3293,39.167223000,1.900471052,1.891630411,1.910394986
3294,39.170295000,1.892408272,1.869862656,1.905351539
3295,39.173367000,1.815856231,1.785581589,1.830853870
3296,39.176439000,1.914895654,1.905552318,1.924669266
3297,39.179511000,1.891259750,1.882007599,1.902755022
3298,39.182583000,1.918750048,1.901221315,1.927272757
3299,39.185655000,1.913345098,1.902471940,1.923527519
3300,39.188727000,1.643571263,1.739396597,1.650589908
3301,39.191799000,1.881971041,1.869041483,1.896440228
3302,39.194871000,1.786880802,1.913545926,1.775800447
3303,39.197943000,1.838578939,1.815654017,1.840600709
3304,39.201015000,1.880997817,1.867748260,1.893501719
3305,39.204087000,1.882621735,1.865977267,1.891289969
3306,39.207159000,1.724346900,1.738580150,1.780681759
3307,39.210231000,1.893595934,1.883957446,1.899525483
3308,39.213303000,1.873906771,1.855190098,1.889286955
3309,39.216375000,1.717496437,1.744245778,1.714860216
3310,39.219447000,1.890850703,1.873944680,1.899058064
3311,39.222519000,1.900591214,1.891070326,1.910412272
3312,39.225591000,1.900129239,1.878037194,1.911136548
3313,39.228663000,1.734439217,1.717114667,1.722617989
3314,39.231735000,1.906086365,1.892212013,1.910384198
3315,39.234807000,1.883917729,1.866459489,1.895609458
3316,39.237879000,1.872174700,1.827690601,1.882025093
3317,39.240951000,1.862914215,1.880922079,1.872533222
3318,39.244023000,1.856931979,1.808603848,1.862827390
3319,39.247095000,1.901381811,1.893844604,1.911526958
3320,39.250167000,1.906307300,1.893627882,1.911965648
3321,39.253239000,1.800545707,1.784750442,1.859546304
3322,39.256311000,1.883333852,1.861901085,1.888768405
3323,39.259383000,1.903738499,1.890926838,1.912845055
3324,39.262455000,1.723881515,1.837494125,1.747789810
3325,39.265527000,1.881365538,1.872599959,1.895952960
3326,39.268599000,1.896788597,1.888036489,1.908670425
3327,39.271671000,1.898024142,1.874046644,1.904955506
3328,39.274743000,1.912322601,1.889572779,1.922041178
3329,39.277815000,1.748335902,1.699304943,1.780029545
3330,39.280887000,1.882957538,1.872001370,1.897220771
3331,39.283959000,1.912384351,1.910491745,1.924359878
3332,39.287031000,1.900906722,1.887480338,1.913280964
3333,39.290103000,1.695622642,1.628425750,1.720158726
3334,39.293175000,1.901424249,1.897614956,1.915200075
3335,39.296247000,1.885385354,1.872179031,1.901267052
3336,39.299319000,1.893937508,1.887589773,1.902742902
3337,39.302391000,1.908207814,1.899621050,1.917695999
3338,39.305463000,1.892545621,1.873021245,1.902669032
3339,39.308535000,1.884120007,1.868621131,1.899637659
3340,39.311607000,1.888710082,1.859296699,1.897124966
3341,39.314679000,1.913783550,1.903294802,1.923596621
3342,39.317751000,1.898838520,1.891854723,1.910285870
3343,39.320823000,1.894952456,1.877740204,1.902737737
3344,39.323895000,1.904755910,1.898942391,1.919568062
3345,39.326967000,1.798972527,1.771897018,1.825541566
3346,39.330039000,1.908932527,1.898387194,1.921990236
3347,39.333111000,1.923344135,1.904241920,1.930378199
3348,39.336183000,1.895774364,1.885340373,1.910792271
3349,39.339255000,1.882525976,1.881844441,1.899098992
3350,39.342327000,1.801452125,1.885978699,1.810971121
3351,39.345399000,1.911530515,1.894439061,1.917952657
3352,39.348471000,1.893340588,1.881078482,1.903333962
3353,39.351543000,1.894635042,1.886615793,1.906193813
3354,39.354615000,1.842372435,1.843280494,1.849412754
3355,39.357687000,1.791168844,1.871547063,1.788355167
3356,39.360759000,1.907895565,1.916861534,1.925490995
3357,39.363831000,1.879319623,1.858614763,1.893904497
3358,39.366903000,1.921217124,1.915280024,1.926714897
3359,39.369975000,1.826565648,1.795153638,1.851995389
3360,39.373047000,1.899331729,1.884535869,1.911601543
3361,39.376119000,1.908338189,1.903571288,1.920988242
3362,39.379191000,1.912895580,1.898734977,1.923292597
3363,39.382263000,1.871800105,1.859914780,1.885348558
3364,39.385335000,1.732691973,1.756931188,1.702272731
3365,39.388407000,1.882144292,1.865475575,1.896113594
3366,39.391479000,1.914242268,1.908890168,1.925591787
3367,39.394551000,1.851777146,1.806631754,1.845913341
3368,39.397623000,1.876707862,1.855259319,1.886809140
3369,39.400695000,1.893647512,1.879153172,1.906722864
3370,39.403767000,1.878033916,1.857876599,1.885184020
3371,39.406839000,1.884639611,1.864647587,1.889731765
3372,39.409911000,1.894728502,1.883885582,1.907807469
3373,39.412983000,1.897652944,1.889399727,1.869557718
3374,39.416055000,1.869973242,1.907813946,1.922350248
3375,39.419127000,1.868449777,1.867963940,1.874061450
3376,39.422199000,1.887010733,1.873547316,1.900277356
3377,39.425271000,1.884618272,1.869328241,1.893931389
3378,39.428343000,1.885104696,1.872975469,1.897403777
3379,39.431415000,1.882258654,1.869107127,1.892314672
3380,39.434487000,1.897084316,1.886433204,1.910097599
3381,39.437559000,1.882179449,1.867755214,1.893034637
3382,39.440631000,1.895003796,1.883799871,1.907416026
3383,39.443703000,1.794095442,1.788443580,1.803254433
3384,39.446775000,1.887682041,1.865924557,1.898747802
3385,39.449847000,1.882585446,1.865861177,1.894866526
3386,39.452919000,1.892872651,1.883119980,1.902442376
3387,39.455991000,1.910892328,1.902699749,1.919785738
3388,39.459063000,1.870814383,1.897401253,1.874571229
3389,39.462135000,1.859005481,1.830262939,1.873585900
3390,39.465207000,1.899141351,1.884484311,1.907114406
3391,39.468279000,1.896828254,1.881145318,1.908665578
3392,39.471351000,1.907962481,1.899065495,1.922060331
3393,39.474423000,1.829338208,1.760577669,1.800650746
3394,39.477495000,1.914071242,1.907505035,1.925598860
3395,39.480567000,1.893447876,1.884314219,1.903545141
3396,39.483639000,1.908970038,1.901837905,1.919174989
3397,39.486711000,1.912437439,1.900605520,1.921635310
3398,39.489783000,1.902375380,1.890281359,1.914001783
3399,39.492855000,1.889137586,1.873284340,1.902893623
3400,39.495927000,1.865814904,1.764552047,1.882175962
3401,39.498999000,1.893068552,1.885946830,1.905164242
3402,39.502071000,1.892836730,1.881330808,1.906386058
3403,39.505143000,1.904671510,1.901351611,1.915712992
3404,39.508215000,1.895143906,1.880321980,1.903921088
3405,39.511287000,1.906630834,1.896881898,1.916712920
3406,39.514359000,1.906879634,1.901555260,1.921448747
3407,39.517431000,1.895173709,1.890231530,1.907228629
3408,39.520503000,1.890918573,1.881410599,1.903828224
3409,39.523575000,1.895040353,1.888948679,1.906148036
3410,39.526647000,1.873702526,1.858929475,1.883428097
3411,39.529719000,1.870810270,1.854564478,1.887041728
3412,39.532791000,1.903029124,1.891690413,1.915305535
3413,39.535863000,1.877364993,1.853647252,1.882652382
3414,39.538935000,1.825150584,1.739640017,1.907541156
3415,39.542007000,1.835486641,1.842425714,1.860821625
3416,39.545079000,1.860900372,1.827800120,1.861548026
3417,39.548151000,1.795827766,1.745535721,1.789903112
3418,39.551223000,1.911175251,1.902428627,1.919992367
3419,39.554295000,1.325074761,1.593184144,1.347337658
3420,39.557367000,1.870168601,1.875434975,1.890610804
3421,39.560439000,1.850022977,1.838191564,1.891648332
3422,39.563511000,1.846026863,1.806884031,1.848846883
3423,39.566583000,1.902165969,1.889397740,1.920744737
3424,39.569655000,1.893186321,1.874924496,1.908085903
3425,39.572727000,1.851121381,1.827759604,1.865311215
3426,39.575799000,1.890613000,1.877326171,1.901918252
3427,39.578871000,1.876368364,1.887031058,1.910854350
3428,39.581943000,1.896251361,1.890637239,1.911466281
3429,39.585015000,1.876929820,1.854687015,1.882940094
3430,39.588087000,1.884588857,1.872098029,1.892513971
3431,39.591159000,1.903200269,1.889061729,1.909837246
3432,39.594231000,1.905239582,1.896156311,1.919051011
3433,39.597303000,1.899733861,1.893529415,1.910390615
3434,39.600375000,1.796888806,1.797276249,1.799692382
3435,39.603447000,1.817918129,1.824010034,1.867908676
3436,39.606519000,1.887986660,1.872936745,1.899436792
3437,39.609591000,1.888920625,1.879208008,1.904582342
3438,39.612663000,1.904614384,1.887064914,1.912960549
3439,39.615735000,1.908659299,1.905850848,1.922766368
3440,39.618807000,1.882079860,1.872835696,1.894536793
3441,39.621879000,1.876938224,1.872368614,1.888957043
3442,39.624951000,1.868815839,1.827592274,1.880090555
3443,39.628023000,1.862888023,1.852901379,1.876427730
3444,39.631095000,1.846704940,1.779964904,1.884237548
3445,39.634167000,1.753519739,1.872978767,1.822590232
3446,39.637239000,1.892868519,1.871567965,1.905651093
3447,39.640311000,1.883460879,1.828553061,1.891631842
3448,39.643383000,1.878239105,1.852115755,1.889413834
3449,39.646455000,1.881014953,1.838923713,1.893993169
3450,39.649527000,1.772307098,1.812570184,1.778021321
3451,39.652599000,1.889023185,1.877627969,1.900499384
3452,39.655671000,1.824118435,1.812043806,1.853806488
3453,39.658743000,1.692382991,1.686645801,1.711419781
3454,39.661815000,1.817289104,1.892442624,1.797021146
3455,39.664887000,1.899686813,1.890579859,1.912269910
3456,39.667959000,1.894492626,1.880340199,1.907402356
3457,39.671031000,1.907774289,1.903342168,1.920509020
3458,39.674103000,1.887921015,1.874454260,1.899045944
3459,39.677175000,1.906848272,1.893685818,1.917566299
3460,39.680247000,1.903120041,1.893645366,1.912105322
3461,39.683319000,1.902981440,1.900631626,1.916363875
3462,39.686391000,1.900873105,1.895088752,1.912743330
3463,39.689463000,1.885189136,1.877020796,1.897885660
3464,39.692535000,1.863447731,1.844171613,1.863068938
3465,39.695607000,1.881402334,1.867181937,1.892380794
3466,39.698679000,1.913326263,1.906799316,1.924775839
3467,39.701751000,1.899564743,1.886739572,1.911699057
3468,39.704823000,1.910807689,1.906886737,1.922511260
3469,39.707895000,1.851496957,1.839453558,1.860992163
3470,39.710967000,1.905384064,1.901924372,1.916101615
3471,39.714039000,1.807804520,1.799312284,1.840846787
3472,39.717111000,1.901018778,1.892995516,1.916378180
3473,39.720183000,1.880689243,1.860911955,1.891837060
3474,39.723255000,1.915859063,1.929971218,1.925218383
3475,39.726327000,1.779743666,1.739631345,1.762641902
3476,39.729399000,1.934744050,1.855742017,1.933498104
3477,39.732471000,1.903512041,1.895102541,1.915870130
3478,39.735543000,1.916313330,1.908523639,1.925718387
3479,39.738615000,1.879263247,1.888523325,1.889783149
3480,39.741687000,1.898815870,1.890530596,1.904952248
3481,39.744759000,1.906884114,1.894875566,1.920043548
3482,39.747831000,1.908627033,1.899836143,1.916163842
3483,39.750903000,1.897112449,1.883495688,1.907063405
3484,39.753975000,1.763657972,1.753791543,1.515290936
3485,39.757047000,1.908843597,1.912627260,1.887712657
3486,39.760119000,0.614446392,1.909140547,0.899905567
3487,39.763191000,1.893281758,1.897878647,1.926602205
3488,39.766263000,1.887180778,1.890761942,1.898710757
3489,39.769335000,1.896627903,1.888731321,1.909192324
3490,39.772407000,1.917973200,1.900987744,1.927933971
3491,39.775479000,1.904841900,1.895839373,1.911423981
3492,39.778551000,1.904006461,1.892421544,1.914588730
3493,39.781623000,1.923466047,1.895339012,1.936366399
3494,39.784695000,1.770347213,1.746924954,1.801483512
3495,39.787767000,1.910998344,1.894383669,1.923898538
3496,39.790839000,1.881539206,1.856101443,1.902784646
3497,39.793911000,1.653369325,1.643502762,1.594905501
3498,39.796983000,1.832465972,1.857094576,1.840028460
3499,39.800055000,1.912646522,1.900743584,1.933986028
3500,39.803127000,1.916085243,1.910099745,1.927425067
3501,39.806199000,1.927668969,1.901259939,1.936445872
3502,39.809271000,1.738603430,1.701279139,1.760993009
3503,39.812343000,1.660911451,1.719512423,1.689902447
3504,39.815415000,1.913591703,1.905414740,1.918179194
3505,39.818487000,1.802606126,1.862723857,1.835758497
3506,39.821559000,1.907286485,1.908416629,1.916419437
3507,39.824631000,1.853325465,1.889622624,1.862372984
3508,39.827703000,1.904273828,1.893437624,1.914655368
3509,39.830775000,1.813177958,1.846693883,1.822247078
3510,39.833847000,1.914053758,1.903841098,1.925205708
3511,39.836919000,1.906158129,1.895764033,1.917051474
3512,39.839991000,1.899317582,1.892566681,1.913441817
3513,39.843063000,1.831527337,1.807127799,1.836038232
3514,39.846135000,1.874698321,1.878872131,1.907889406
3515,39.849207000,1.898374597,1.882044673,1.909819921
3516,39.852279000,1.889756838,1.874654174,1.902413050
3517,39.855351000,1.899378657,1.892608007,1.908161680
3518,39.858423000,1.890985807,1.895360470,1.913297971
3519,39.861495000,1.895154158,1.884900093,1.911036491
3520,39.864567000,1.807850316,1.770278926,1.831339757
3521,39.867639000,1.745068130,1.894529978,1.903770785
3522,39.870711000,1.896353285,1.887959639,1.906467001
3523,39.873783000,1.916255951,1.904299577,1.922653357
3524,39.876855000,1.891376942,1.806868729,1.893295050
3525,39.879927000,1.809987605,1.896184226,1.824069579
3526,39.882999000,1.805556913,1.913477341,1.818113526
3527,39.886071000,1.909068425,1.898333708,1.919315497
3528,39.889143000,1.829242011,1.772350594,1.842929110
3529,39.892215000,1.916617870,1.911291440,1.927839915
3530,39.895287000,1.885920366,1.875564923,1.887375894
3531,39.898359000,1.898390452,1.893347104,1.908855120
3532,39.901431000,1.913034280,1.905877829,1.924444596
3533,39.904503000,1.573315668,1.765696446,1.744537711
3534,39.907575000,1.839234610,1.805728438,1.859912535
3535,39.910647000,1.915858746,1.904221853,1.922648112
3536,39.913719000,1.919007142,1.914434592,1.927846114
3537,39.916791000,1.883053184,1.875263333,1.894729356
3538,39.919863000,1.920759996,1.909083049,1.925631444
3539,39.922935000,1.883095428,1.878009071,1.894386639
3540,39.926007000,1.855893465,1.846029202,1.864184409
3541,39.929079000,1.806620815,1.851638411,1.813466186
3542,39.932151000,1.275777411,1.523474029,1.267281218
3543,39.935223000,1.915183703,1.893214067,1.924182892
3544,39.938295000,1.888980130,1.893830617,1.907831699
3545,39.941367000,1.908517679,1.848755260,1.919408560
3546,39.944439000,1.883946908,1.900207758,1.890145938
3547,39.947511000,1.722215171,1.843659078,1.786125799
3548,39.950583000,1.809170733,1.864098961,1.838323534
3549,39.953655000,1.886277914,1.870080054,1.895816962
3550,39.956727000,1.835581546,1.886172016,1.787513087
3551,39.959799000,1.875919680,1.860033194,1.901536385
3552,39.962871000,1.790090586,1.800179462,1.837441981
3553,39.965943000,1.917194525,1.904560248,1.927810431
3554,39.969015000,1.899695794,1.893774192,1.912357966
3555,39.972087000,1.905349414,1.899877747,1.912695189
3556,39.975159000,1.795351970,1.886933486,1.799776837
3557,39.978231000,1.875527004,1.857255230,1.889284372
3558,39.981303000,1.912303130,1.899942279,1.921071847
3559,39.984375000,1.898642858,1.889336626,1.910581430
3560,39.987447000,1.841145550,1.836529026,1.864924282
3561,39.990519000,1.741299264,1.745484655,1.755767172
3562,39.993591000,1.783184941,1.889423370,1.827567851
3563,39.996663000,1.897028446,1.894887209,1.907799164
3564,39.999735000,1.900903344,1.785936574,1.912906726
3565,40.002807000,1.735152848,1.794773887,1.638858090
3566,40.005879000,1.705646992,1.691849823,1.722242152
3567,40.008951000,1.897270679,1.885838111,1.911885738
3568,40.012023000,1.901854912,1.886985600,1.910351992
3569,40.015095000,1.869399319,1.716142644,1.900035461
3570,40.018167000,1.898060799,1.884665489,1.907360156
3571,40.021239000,1.867887576,1.857310573,1.883447647
3572,40.024311000,1.907797178,1.893915892,1.918440183
3573,40.027383000,1.896114826,1.880774180,1.909305175
3574,40.030455000,1.806852495,1.797288815,1.804338078
3575,40.033527000,1.822510272,1.880275249,1.886808753
3576,40.036599000,1.662547797,1.906285445,1.665144285
3577,40.039671000,1.897660057,1.886712551,1.911919276
3578,40.042743000,1.748554053,1.705722993,1.780689225
3579,40.045815000,1.885341922,1.876550595,1.898122787
3580,40.048887000,1.905935605,1.899524371,1.920884609
3581,40.051959000,1.884997050,1.801291759,1.915833473
3582,40.055031000,1.811855589,1.786903535,1.808589836
3583,40.058103000,1.893513784,1.826648990,1.913667132
3584,40.061175000,1.939056516,1.909503341,1.945512692
3585,40.064247000,1.915697893,1.908952236,1.929364045
3586,40.067319000,1.912492593,1.902147770,1.921453317
3587,40.070391000,1.902114232,1.895577749,1.916329543
3588,40.073463000,1.900991281,1.888830662,1.911149343
3589,40.076535000,1.890784045,1.859068677,1.886848475
3590,40.079607000,1.894051870,1.866836190,1.908779343
3591,40.082679000,1.778068607,1.872651935,1.812823142
3592,40.085751000,1.898378213,1.884790897,1.914688746
3593,40.088823000,1.851442277,1.809229280,1.850439911
3594,40.091895000,1.899641037,1.881150087,1.909375827
3595,40.094967000,1.892646790,1.879873594,1.908912341
3596,40.098039000,1.842729360,1.887578875,1.848069052
3597,40.101111000,1.907495022,1.899340153,1.920836290
3598,40.104183000,1.923738162,1.915466388,1.931953033
3599,40.107255000,1.928744475,1.921139956,1.934499582
3600,40.110327000,1.921776533,1.916566531,1.932486057
3601,40.113399000,1.923139731,1.905746857,1.933336020
3602,40.116471000,1.913654804,1.897055944,1.929515680
3603,40.119543000,1.837797570,1.892765462,1.848564540
3604,40.122615000,1.908914725,1.897890250,1.918369611
3605,40.125687000,1.880522584,1.884778996,1.880052656
3606,40.128759000,1.906740824,1.897286892,1.917116165
3607,40.131831000,1.894802133,1.880575101,1.903418342
3608,40.134903000,1.911756873,1.892327944,1.918635607
3609,40.137975000,1.911029220,1.830062757,1.922419469
3610,40.141047000,1.886499405,1.875446677,1.897084634
3611,40.144119000,1.915424188,1.894397815,1.923066139
3612,40.147191000,1.900071939,1.889857014,1.909018358
3613,40.150263000,1.894962410,1.879801154,1.901933809
3614,40.153335000,1.888139168,1.873807669,1.903454463
3615,40.156407000,1.901717981,1.882584294,1.907720645
3616,40.159479000,1.893109004,1.882211606,1.906569322
3617,40.162551000,1.881123463,1.857670287,1.897164106
3618,40.165623000,1.889096737,1.880337079,1.899970373
3619,40.168695000,1.900628765,1.884373208,1.902346452
3620,40.171767000,1.897787412,1.883661509,1.911502838
3621,40.174839000,1.854474068,1.844455540,1.857440695
3622,40.177911000,1.911751111,1.908755779,1.920230468
3623,40.180983000,1.889621258,1.873502970,1.906290531
3624,40.184055000,1.881630739,1.869699597,1.894589504
3625,40.187127000,1.892590761,1.878525317,1.906286875
3626,40.190199000,1.773157279,1.841255714,1.752160798
3627,40.193271000,1.883036892,1.854047875,1.890579780
3628,40.196343000,1.907600780,1.891764681,1.913706462
3629,40.199415000,1.784624711,1.814166442,1.801052531
3630,40.202487000,1.885566592,1.894021869,1.903444608
3631,40.205559000,1.899740140,1.887146036,1.912497163
3632,40.208631000,1.890141646,1.872843186,1.900102615
3633,40.211703000,1.772037879,1.896176100,1.755073170
3634,40.214775000,1.903368672,1.839077433,1.915784081
3635,40.217847000,1.892538354,1.776701495,1.882192090
3636,40.220919000,1.911390622,1.906120221,1.922225634
3637,40.223991000,1.919256369,1.899580916,1.924901485
3638,40.227063000,1.824469077,1.819591825,1.833721926
3639,40.230135000,1.744512821,1.684333238,1.737402593
3640,40.233207000,1.803259636,1.827888568,1.788159976
3641,40.236279000,1.868165572,1.895413856,1.869301205
3642,40.239351000,1.790426532,1.872733017,1.882599672
3643,40.242423000,1.893112232,1.881891270,1.898885210
3644,40.245495000,1.897863865,1.859156534,1.912961811
3645,40.248567000,1.785533940,1.859572987,1.782461623
3646,40.251639000,1.896146655,1.879995724,1.900796155
3647,40.254711000,1.910788794,1.892984390,1.921601792
3648,40.257783000,1.901032130,1.890611490,1.911379576
3649,40.260855000,1.919293245,1.916395664,1.929879824
3650,40.263927000,1.894705554,1.882344405,1.905119479
3651,40.266999000,1.906362454,1.892329534,1.917246819
3652,40.270071000,1.914017836,1.899987221,1.924835602
3653,40.273143000,1.912803014,1.907675743,1.924505075
3654,40.276215000,1.935837587,1.928838253,1.937198003
3655,40.279287000,1.853144214,1.850295005,1.859539911
3656,40.282359000,1.914836327,1.905553202,1.917629361
3657,40.285431000,1.838995141,1.743461400,1.828935484
3658,40.288503000,1.912720362,1.898638805,1.925888300
3659,40.291575000,1.920452118,1.908996503,1.931354523
3660,40.294647000,1.890127818,1.883917848,1.904012124
3661,40.297719000,1.631249594,1.895369689,1.638988587
3662,40.300791000,1.843256841,1.860411137,1.841545808
3663,40.303863000,1.814822584,1.913920720,1.839891344
3664,40.306935000,1.915324847,1.911820571,1.925967216
3665,40.310007000,1.919331392,1.913619041,1.926073472
3666,40.313079000,1.744260716,1.764644047,1.778719122
3667,40.316151000,1.922648907,1.915774028,1.930618445
3668,40.319223000,1.881758451,1.858595828,1.889909744
3669,40.322295000,1.901867708,1.878096739,1.915739695
3670,40.325367000,1.845698506,1.794963618,1.862698952
3671,40.328439000,1.924524943,1.909379164,1.935272694
3672,40.331511000,1.922548771,1.913369258,1.930066983
3673,40.334583000,1.924548467,1.914288362,1.935001294
3674,40.337655000,1.916591803,1.874893347,1.925676783
3675,40.340727000,1.794478799,1.666427163,1.791616271
3676,40.343799000,1.900941531,1.891863187,1.911555211
3677,40.346871000,1.834305122,1.896592855,1.830672200
3678,40.349943000,1.897113005,1.891244173,1.908334494
3679,40.353015000,1.883917570,1.871062100,1.899649700
3680,40.356087000,1.916021029,1.896300475,1.932171504
3681,40.359159000,1.921071529,1.909948667,1.929590623
3682,40.362231000,1.898520311,1.875009855,1.907392661
3683,40.365303000,1.801875265,1.842929592,1.820344071
3684,40.368375000,1.775621931,1.893435876,1.769461612
3685,40.371447000,1.687704866,1.681662634,1.659243842
3686,40.374519000,1.954185824,1.887226472,1.936753611
3687,40.377591000,1.913224697,1.899949431,1.921839396
3688,40.380663000,1.908683841,1.892047246,1.920871894
3689,40.383735000,1.892401735,1.860910714,1.900543729
3690,40.386807000,1.899864674,1.886911750,1.909204165
3691,40.389879000,1.899235725,1.891702573,1.911123196
3692,40.392951000,1.843425636,1.758211292,1.809510062
3693,40.396023000,1.879026443,1.894670516,1.892390311
3694,40.399095000,1.902555545,1.883141160,1.913012266
3695,40.402167000,1.941949936,1.869801482,1.970141888
3696,40.405239000,1.839765886,1.810099458,1.832584028
3697,40.408311000,1.915278117,1.902662357,1.924291134
3698,40.411383000,1.854060362,1.846060964,1.860463237
3699,40.414455000,1.905147552,1.891014576,1.918824991
3700,40.417527000,1.899764538,1.896618764,1.913283348
3701,40.420599000,1.909018517,1.893558343,1.919391791
3702,40.423671000,1.870672884,1.798413729,1.877395526
3703,40.426743000,1.820217858,1.802180027,1.808147997
3704,40.429815000,1.895180543,1.884755135,1.910872936
3705,40.432887000,1.879137675,1.857920806,1.893775225
3706,40.435959000,1.909398556,1.900259813,1.917856057
3707,40.439031000,1.710777144,1.880122135,1.743609364
3708,40.442103000,1.891753515,1.881909410,1.902387818
3709,40.445175000,1.927561760,1.902930737,1.934556405
3710,40.448247000,1.832348220,1.807488730,1.840532283
3711,40.451319000,1.926458120,1.913979650,1.932224512
3712,40.454391000,1.942930460,1.893764893,1.951017062
3713,40.457463000,1.927926222,1.918367147,1.931705475
3714,40.460535000,1.942986568,1.881431142,1.944251219
3715,40.463607000,1.899869591,1.907248139,1.907520771
3716,40.466679000,1.919898987,1.910027583,1.927288850
3717,40.469751000,1.925216198,1.910941760,1.936565558
3718,40.472823000,1.919564605,1.909492215,1.930639307
3719,40.475895000,1.878370648,1.844412247,1.877654741
3720,40.478967000,1.884399379,1.869339069,1.888679415
3721,40.482039000,1.906152328,1.902482470,1.914875428
3722,40.485111000,1.933021863,1.922860662,1.937670628
3723,40.488183000,1.926853021,1.913793802,1.933791478
3724,40.491255000,1.932546536,1.910352786,1.937469800
3725,40.494327000,1.904409269,1.894523382,1.910608252
3726,40.497399000,1.910922050,1.901315848,1.919167519
3727,40.500471000,1.928293387,1.919277807,1.935427268
3728,40.503543000,1.932950497,1.931750933,1.939614932
3729,40.506615000,1.962651074,1.912707249,1.965201139
3730,40.509687000,1.964193821,1.653801640,1.959910313
3731,40.512759000,1.947904746,1.908231258,1.957908789
3732,40.515831000,1.925875050,1.874651571,1.938645005
3733,40.518903000,1.936339895,1.908858776,1.944762230
3734,40.521975000,1.860339858,1.823683898,1.859672457
3735,40.525047000,1.670971344,1.687312424,1.709068095
3736,40.528119000,1.814927836,1.815392698,1.819385429
3737,40.531191000,1.952488422,1.927652518,1.957711856
3738,40.534263000,1.736020154,1.796632032,1.722702963
3739,40.537335000,1.826499434,1.801626613,1.824922696
3740,40.540407000,1.911108017,1.899798234,1.924616814
3741,40.543479000,1.892679890,1.874965270,1.900159160
3742,40.546551000,1.835887134,1.821863458,1.822778955
3743,40.549623000,1.876913535,1.864549160,1.876855453
3744,40.552695000,1.788440295,1.801059326,1.790258480
3745,40.555767000,1.894737989,1.875464519,1.901970918
3746,40.558839000,1.911238909,1.856058091,1.919765075
3747,40.561911000,1.928874274,1.856544256,1.285750536
3748,40.564983000,1.607229809,1.704049206,0.967792943
3749,40.568055000,0.501219558,1.763986925,1.047223600
3750,40.571127000,0.880302794,1.891896248,1.260017663
3751,40.574199000,1.567802320,1.891828140,1.226680547
3752,40.577271000,0.603608433,1.719465678,0.635270029
3753,40.580343000,1.486073722,1.919983864,1.119929751
3754,40.583415000,1.668533723,1.913976113,1.925581853
3755,40.586487000,0.449112156,1.694971636,0.463314101
3756,40.589559000,0.360946966,1.910577218,0.903050954
3757,40.592631000,1.539347641,1.895929337,1.816986208
3758,40.595703000,1.597912956,1.492250587,1.652271777
3759,40.598775000,1.900238832,1.888399283,1.912689686
3760,40.601847000,1.877880732,1.861594399,1.897356113
3761,40.604919000,1.907440424,1.899425189,1.919090509
3762,40.607991000,1.887067795,1.873584986,1.900987228
3763,40.611063000,1.887226423,1.877781391,1.901211182
3764,40.614135000,1.907131513,1.899592876,1.917526881
3765,40.617207000,1.909958045,1.904846191,1.917747498
3766,40.620279000,1.840114047,1.785213699,1.881579449
3767,40.623351000,1.896371047,1.859910965,1.910527627
3768,40.626423000,1.855628565,1.784975807,1.838536436
3769,40.629495000,1.723418616,1.785475316,1.738297664
3770,40.632567000,1.908283552,1.891880671,1.922813972
3771,40.635639000,1.873301104,1.872909581,1.891836027
3772,40.638711000,1.722559375,1.816124588,1.753240481
3773,40.641783000,1.920065006,1.898003062,1.929864089
3774,40.644855000,1.877645150,1.871465137,1.877961675
3775,40.647927000,1.931326230,1.903842608,1.941423098
3776,40.650999000,1.869333237,1.866830925,1.871130258
3777,40.654071000,1.860103995,1.843041122,1.863156791
3778,40.657143000,1.942277590,1.909849644,1.954178015
3779,40.660215000,1.976708571,1.928191106,1.980034351
3780,40.663287000,1.936487357,1.901434153,1.948944410
3781,40.666359000,1.838916982,1.819395497,1.835437822
3782,40.669431000,1.852793833,1.841011117,1.877462417
3783,40.672503000,1.928096294,1.918960889,1.938541094
3784,40.675575000,1.916295399,1.905556083,1.926203291
3785,40.678647000,1.938675563,1.914178530,1.948248545
3786,40.681719000,1.902589003,1.889060974,1.911881129
3787,40.684791000,1.926077445,1.913784822,1.926433961
3788,40.687863000,1.875193705,1.845295797,1.875535438
3789,40.690935000,1.806588348,1.861416469,1.854712933
3790,40.694007000,1.911382039,1.893318812,1.921241442
3791,40.697079000,1.908970674,1.895687819,1.924289465
3792,40.700151000,1.915221850,1.901783228,1.923750718
3793,40.703223000,1.964583874,1.930434545,1.965040048
3794,40.706295000,1.854107181,1.867925296,1.850238785
3795,40.709367000,1.956957181,1.921280384,1.961438100
3796,40.712439000,1.965336720,1.854419231,1.962869644
3797,40.715511000,1.972122351,1.930829922,1.975807031
3798,40.718583000,1.940426737,1.924856742,1.958371242
3799,40.721655000,1.766598148,1.732825660,1.777683159
3800,40.724727000,1.885511016,1.881055385,1.897402714
3801,40.727799000,1.882260243,1.910351912,1.883893212
3802,40.730871000,1.782587727,1.756928864,1.796876525
3803,40.733943000,1.911971430,1.895601114,1.923566262
3804,40.737015000,1.899089975,1.867663721,1.915336331
3805,40.740087000,1.916414897,1.903989236,1.929755211
3806,40.743159000,1.950495879,1.916342258,1.955710252
3807,40.746231000,1.944008986,1.899698178,1.950485388
3808,40.749303000,1.922500769,1.907964389,1.926863035
3809,40.752375000,1.910990099,1.884714226,1.916422427
3810,40.755447000,1.942084789,1.917612235,1.950425784
3811,40.758519000,1.903739691,1.868798097,1.918474277
3812,40.761591000,1.923739115,1.892519951,1.934780439
3813,40.764663000,1.759173545,1.801024084,1.768961484
3814,40.767735000,1.931677500,1.889032682,1.943107764
3815,40.770807000,1.927807331,1.865445932,1.941907803
3816,40.773879000,1.777495871,1.778335154,1.792789305
3817,40.776951000,1.912507852,1.900769075,1.921461662
3818,40.780023000,1.902675072,1.886395276,1.911953608
3819,40.783095000,1.915190220,1.908880075,1.923909028
3820,40.786167000,1.907836596,1.899289290,1.919166247
3821,40.789239000,1.701445546,1.703802879,1.733100732
3822,40.792311000,1.716962869,1.678844531,1.748332024
3823,40.795383000,1.914873958,1.903948446,1.924563626
3824,40.798455000,1.905537605,1.889355103,1.917793592
3825,40.801527000,1.881444057,1.836688717,1.884046704
3826,40.804599000,1.876929313,1.822211136,1.874111672
3827,40.807671000,1.905877431,1.891674995,1.912188053
3828,40.810743000,1.903855165,1.890799046,1.916786671
3829,40.813815000,1.919035753,1.916983922,1.927640041
3830,40.816887000,1.916335702,1.907606522,1.921891014
3831,40.819959000,1.929945310,1.881404161,1.939258973
3832,40.823031000,1.879158005,1.846116493,1.886185000
3833,40.826103000,1.811940124,1.826190916,1.833705733
3834,40.829175000,1.897244771,1.881419500,1.909167131
3835,40.832247000,1.910102844,1.886736631,1.918413083
3836,40.835319000,1.910346031,1.892337004,1.917906125
3837,40.838391000,1.889577468,1.879288356,1.904657284
3838,40.841463000,1.897271554,1.880219420,1.908852418
3839,40.844535000,1.891078631,1.876470248,1.906746308
3840,40.847607000,1.911174854,1.900967439,1.921797117
3841,40.850679000,1.880708059,1.872112274,1.895931403
3842,40.853751000,1.562875251,1.700673454,1.573351339
3843,40.856823000,1.892214616,1.876638571,1.903875828
3844,40.859895000,1.298227179,1.562613456,1.410803914
3845,40.862967000,1.862236460,1.832600077,1.866088182
3846,40.866039000,1.911228816,1.896636645,1.921698332
3847,40.869111000,1.472722458,1.588531679,1.462199626
3848,40.872183000,1.729471939,1.759102325,1.735659644
3849,40.875255000,1.850275218,1.862784187,1.862193589
3850,40.878327000,1.885676384,1.875771046,1.900770903
3851,40.881399000,1.873283838,1.876204411,1.886656225
3852,40.884471000,1.781375587,1.735881393,1.811924299
3853,40.887543000,1.606809198,1.804259402,1.595990449
3854,40.890615000,1.553824976,1.833004385,1.579308743
3855,40.893687000,1.624513227,1.779560611,1.740363906
3856,40.896759000,1.903759162,1.894865354,1.912770589
3857,40.899831000,1.886223555,1.869253397,1.897697528
3858,40.902903000,1.904257298,1.895130714,1.915838401
3859,40.905975000,1.902638594,1.898930868,1.916283528
3860,40.909047000,1.918009599,1.906527837,1.928155581
3861,40.912119000,1.903358301,1.894872030,1.914209843
3862,40.915191000,1.894685904,1.883871893,1.905912201
3863,40.918263000,1.817844110,1.882652308,1.826575831
3864,40.921335000,1.909683228,1.903537035,1.916302522
3865,40.924407000,1.830268418,1.822880586,1.850346863
3866,40.927479000,1.861690121,1.876796643,1.874865845
3867,40.930551000,1.718047669,1.697428388,1.815235853
3868,40.933623000,1.717954134,1.786688718,1.728956208
3869,40.936695000,1.911625385,1.901862939,1.927396297
3870,40.939767000,1.901281138,1.889366547,1.901385605
3871,40.942839000,1.927666108,1.905275345,1.935480038
3872,40.945911000,1.626613791,1.680685500,1.615165234
3873,40.948983000,1.730921290,1.724990812,1.795288583
3874,40.952055000,1.915634632,1.903530200,1.925684134
3875,40.955127000,1.905318012,1.906972130,1.909487794
3876,40.958199000,1.910370032,1.908712864,1.921713034
3877,40.961271000,1.911513329,1.905084769,1.922022462
3878,40.964343000,1.916777611,1.897643248,1.924834251
3879,40.967415000,1.905252616,1.853673692,1.915028334
3880,40.970487000,1.863046850,1.816049223,1.873846283
3881,40.973559000,1.799631894,1.896624625,1.859364559
3882,40.976631000,1.917572816,1.893456976,1.926009814
3883,40.979703000,1.964943806,1.863687277,1.965668043
3884,40.982775000,1.926443736,1.914294938,1.936221997
3885,40.985847000,1.929890633,1.923500737,1.936992009
3886,40.988919000,1.881899541,1.818091209,1.885928114
3887,40.991991000,1.810265305,1.817799101,1.818096414
3888,40.995063000,1.924543301,1.911006769,1.934850951
3889,40.998135000,1.921459675,1.920157274,1.932949066
3890,41.001207000,1.946536303,1.931051930,1.949197531
3891,41.004279000,1.932196935,1.908201774,1.942723592
3892,41.007351000,1.816042505,1.910893599,1.830875694
3893,41.010423000,1.781860905,1.840533773,1.841057360
3894,41.013495000,1.779170285,1.757738546,1.777032865
3895,41.016567000,1.531327523,1.720790113,1.574942958
3896,41.019639000,1.809541754,1.778401268,1.853144308
3897,41.022711000,1.830407836,1.817926874,1.849120746
3898,41.025783000,1.787273786,1.762408363,1.813699886
3899,41.028855000,1.912583073,1.889621834,1.920155585
3900,41.031927000,1.916993777,1.899269462,1.929466963
3901,41.034999000,1.954861482,1.896645864,1.955993176
3902,41.038071000,1.817081558,1.797483174,1.795700749
3903,41.041143000,1.882253766,1.883655667,1.881594032
3904,41.044215000,1.911081155,1.890253822,1.920052568
3905,41.047287000,1.815035790,1.907697678,1.912654579
3906,41.050359000,1.842802830,1.834496250,1.876518548
3907,41.053431000,1.915064335,1.914603631,1.912935336
3908,41.056503000,1.852305323,1.866675576,1.887434244
3909,41.059575000,1.797085029,1.813209182,1.798985710
3910,41.062647000,1.905598571,1.888720666,1.939184030
3911,41.065719000,1.862073223,1.779075871,1.856837869
3912,41.068791000,1.903874616,1.884685437,1.908967177
3913,41.071863000,1.932880133,1.908252507,1.918573896
3914,41.074935000,1.922485232,1.893262068,1.936023156
3915,41.078007000,1.920378208,1.886511644,1.935862223
3916,41.081079000,1.909598281,1.889531155,1.929182371
3917,41.084151000,1.808898518,1.789429367,1.838285367
3918,41.087223000,1.908478657,1.874359369,1.922955513
3919,41.090295000,1.893587122,1.834129184,1.922853529
3920,41.093367000,1.935286562,1.879570723,1.940689802
3921,41.096439000,1.722862282,1.695125580,1.740636423
3922,41.099511000,1.897239285,1.858176718,1.905890604
3923,41.102583000,1.915993849,1.905308406,1.925297101
3924,41.105655000,1.906555365,1.818922619,1.883466323
3925,41.108727000,1.910771688,1.904028098,1.924613635
3926,41.111799000,1.907716910,1.900928020,1.918263674
3927,41.114871000,1.898141195,1.895999908,1.911753674
3928,41.117943000,1.914996783,1.903034528,1.926767270
3929,41.121015000,1.853378711,1.822591648,1.854953721
3930,41.124087000,1.623748013,1.679386263,1.703983893
3931,41.127159000,1.918874462,1.898427963,1.929752946
3932,41.130231000,1.674302913,1.860182087,1.719272256
3933,41.133303000,1.878068785,1.895207326,1.888775865
3934,41.136375000,1.923208872,1.914781570,1.934510867
3935,41.139447000,1.664714644,1.597406675,1.698602373
3936,41.142519000,1.913771788,1.908125718,1.923175255
3937,41.145591000,1.844901159,1.822097386,1.871098518
3938,41.148663000,1.911194464,1.840505282,1.890530686
3939,41.151735000,1.802953524,1.792212402,1.814854562
3940,41.154807000,1.902025372,1.867608805,1.906453371
3941,41.157879000,1.829326349,1.813110818,1.836619020
3942,41.160951000,1.948026975,1.900105556,1.955283403
3943,41.164023000,1.916683833,1.902546525,1.925384521
3944,41.167095000,1.901908159,1.884568711,1.915345550
3945,41.170167000,1.918656389,1.891104251,1.927708705
3946,41.173239000,1.890707413,1.873461525,1.900022268
3947,41.176311000,1.888127384,1.869997660,1.893162777
3948,41.179383000,1.884592374,1.860215180,1.888704042
3949,41.182455000,1.924086571,1.919061820,1.938800017
3950,41.185527000,1.922289689,1.888457855,1.935989380
3951,41.188599000,1.951484243,1.872214953,1.959159215
3952,41.191671000,1.929306825,1.920664310,1.936765194
3953,41.194743000,1.882195373,1.881704907,1.897732973
3954,41.197815000,1.923186302,1.911232074,1.933509986
3955,41.200887000,1.915572484,1.899561882,1.927960634
3956,41.203959000,1.910045624,1.908549468,1.922221025
3957,41.207031000,1.913611074,1.904648940,1.921028594
3958,41.210103000,1.898856481,1.892083009,1.913588047
3959,41.213175000,1.916973710,1.898030440,1.924021482
3960,41.216247000,1.911878586,1.892859737,1.914815346
3961,41.219319000,1.876961350,1.879479051,1.898605545
3962,41.222391000,1.756014300,1.887785395,1.798353404
3963,41.225463000,1.897151550,1.887026628,1.910641273
3964,41.228535000,1.898098310,1.876525958,1.907449563
3965,41.231607000,1.876684636,1.859324157,1.887230674
3966,41.234679000,1.820401420,1.855619868,1.870770181
3967,41.237751000,1.886542718,1.868852099,1.900184870
3968,41.240823000,1.871181885,1.852907732,1.888009439
3969,41.243895000,1.920638482,1.902719259,1.927058697
3970,41.246967000,1.966407617,1.798548301,1.959326982
3971,41.250039000,1.782883907,1.792384510,1.793247049
3972,41.253111000,1.912079334,1.898653984,1.923153718
3973,41.256183000,1.898518801,1.876066903,1.908239643
3974,41.259255000,1.913653056,1.903523604,1.923734347
3975,41.262327000,1.895737529,1.888416052,1.906927903
3976,41.265399000,1.905674403,1.904362957,1.921556473
3977,41.268471000,1.795430058,1.805779432,1.835687811
3978,41.271543000,1.916531881,1.908503850,1.924605846
3979,41.274615000,1.929270426,1.928910096,1.940416455
3980,41.277687000,1.796327189,1.811211894,1.804473316
3981,41.280759000,1.921311865,1.887733042,1.928807378
3982,41.283831000,1.864904235,1.868029103,1.866310785
3983,41.286903000,1.921933015,1.893001636,1.934563160
3984,41.289975000,1.925180395,1.919019222,1.934560299
3985,41.293047000,1.918480078,1.908428033,1.924025695
3986,41.296119000,1.852941886,1.829287822,1.868661826
3987,41.299191000,1.939221303,1.895424287,1.949060172
3988,41.302263000,1.762530583,1.693083738,1.793519566
3989,41.305335000,1.781633181,1.860640029,1.781640107
3990,41.308407000,1.845022291,1.874374871,1.862745310
3991,41.311479000,1.925430139,1.907490730,1.933164438
3992,41.314551000,1.922728221,1.916259289,1.933212121
3993,41.317623000,1.909371217,1.901454131,1.921283166
3994,41.320695000,1.797495191,1.890851816,1.829067568
3995,41.323767000,1.859532063,1.855978926,1.872836530
3996,41.326839000,1.917718649,1.911342780,1.924710512
3997,41.329911000,1.934331318,1.889055550,1.941314002
3998,41.332983000,1.757581929,1.754737725,1.772784457
3999,41.336055000,1.904192924,1.894921104,1.912656705
4000,41.339127000,1.675508210,1.779677950,1.677019636
4001,41.342199000,1.907142321,1.897842487,1.913187226
4002,41.345271000,1.683032279,1.805425038,1.662448615
4003,41.348343000,1.806603735,1.848779102,1.810162733
4004,41.351415000,1.884006456,1.744013136,1.912884355
4005,41.354487000,1.819235735,1.803300763,1.840253371
4006,41.357559000,1.878349205,1.860415518,1.899323583
4007,41.360631000,1.890820737,1.874953250,1.908939242
4008,41.363703000,1.746420796,1.619695646,1.750294976
4009,41.366775000,1.914239883,1.911026319,1.925976713
4010,41.369847000,1.805239295,1.789106856,1.814426874
4011,41.372919000,1.896310632,1.837585777,1.935905059
4012,41.375991000,1.912204623,1.886756241,1.916962723
4013,41.379063000,1.875306889,1.873600816,1.877255539
4014,41.382135000,1.839064365,1.896991412,1.861631582
4015,41.385207000,1.904462655,1.890696923,1.912765026
4016,41.388279000,1.917516351,1.891018093,1.927342335
4017,41.391351000,1.912077745,1.900356372,1.926535288
4018,41.394423000,1.914781491,1.891959588,1.923496485
4019,41.397495000,1.883373467,1.871903817,1.891880587
4020,41.400567000,1.902142604,1.892350177,1.914867679
4021,41.403639000,1.856997972,1.815888822,1.855244771
4022,41.406711000,1.887393008,1.885411362,1.895826841
4023,41.409783000,1.896146685,1.863090610,1.931818326
4024,41.412855000,1.927448908,1.902900060,1.940951506
4025,41.415927000,1.920522531,1.910477956,1.929787636
4026,41.418999000,1.905934970,1.898816069,1.918829997
4027,41.422071000,1.918824991,1.910767317,1.930653016
4028,41.425143000,1.913813750,1.910161575,1.921430429
4029,41.428215000,1.898214976,1.886274338,1.909777562
4030,41.431287000,1.901530743,1.888123512,1.913975875
4031,41.434359000,1.896630645,1.884219448,1.906654576
4032,41.437431000,1.886157672,1.872792244,1.896973133
4033,41.440503000,1.871776005,1.867727141,1.881818453
4034,41.443575000,1.690335731,1.764506429,1.710527477
4035,41.446647000,1.808846186,1.678747709,1.824994231
4036,41.449719000,1.861694122,1.843186458,1.859901736
4037,41.452791000,1.837719254,1.844996125,1.857154464
4038,41.455863000,1.773615719,1.790276359,1.754222363
4039,41.458935000,1.793284684,1.869218568,1.807015975
4040,41.462007000,1.909383217,1.901109139,1.924344699
4041,41.465079000,1.906648000,1.897547404,1.919873556
4042,41.468151000,1.888289769,1.881345669,1.899600903
4043,41.471223000,1.881438444,1.859392226,1.887775968
4044,41.474295000,1.589199024,1.535923906,1.690361768
4045,41.477367000,1.896864414,1.880294561,1.909880479
4046,41.480439000,1.906784693,1.881810317,1.913535674
4047,41.483511000,1.920493285,1.892502069,1.924650033
4048,41.486583000,1.918071429,1.889080048,1.923122485
4049,41.489655000,1.868123263,1.886109034,1.889880121
4050,41.492727000,1.898213387,1.882364909,1.911628405
4051,41.495799000,1.891116242,1.888403098,1.905927539
4052,41.498871000,1.894786994,1.874906381,1.904206832
4053,41.501943000,1.880652348,1.868833621,1.893891096
4054,41.505015000,1.846456379,1.885095199,1.834093451
4055,41.508087000,1.885535955,1.874880632,1.897024790
4056,41.511159000,1.901172052,1.893115520,1.905135959
4057,41.514231000,1.901757876,1.888293733,1.912256440
4058,41.517303000,1.861195748,1.857548594,1.871933157
4059,41.520375000,1.903436263,1.891448975,1.915717681
4060,41.523447000,1.900386175,1.887919585,1.908729792
4061,41.526519000,1.910599709,1.904038509,1.922382514
4062,41.529591000,1.904850801,1.900462151,1.918967168
4063,41.532663000,1.880670033,1.857213438,1.891093552
4064,41.535735000,1.884442230,1.875587076,1.890469193
4065,41.538807000,1.890574733,1.878266374,1.904354374
4066,41.541879000,1.914728165,1.902967294,1.921733697
4067,41.544951000,1.928696394,1.905999780,1.936845859
4068,41.548023000,1.657482972,1.639955327,1.655878817
4069,41.551095000,1.835552732,1.822285146,1.846024523
4070,41.554167000,1.911014994,1.906879226,1.915315429
4071,41.557239000,1.819496726,1.790618400,1.851743579
4072,41.560311000,1.893179139,1.875984232,1.907733599
4073,41.563383000,1.897124847,1.893692613,1.911755562
4074,41.566455000,1.769139784,1.775846382,1.788559732
4075,41.569527000,1.901102066,1.898753186,1.910310030
4076,41.572599000,1.898121675,1.888384660,1.909770966
4077,41.575671000,1.906903813,1.791383445,1.226108586
4078,41.578743000,1.766591812,1.799673145,1.855829219
4079,41.581815000,1.812537879,1.816041912,1.819682767
4080,41.584887000,1.829801276,1.855442141,1.892400722
4081,41.587959000,1.905359109,1.902054946,1.919398626
4082,41.591031000,1.835000157,1.902900636,1.836291209
4083,41.594103000,1.886488731,1.894234657,1.921055158
4084,41.597175000,1.850473131,1.862642169,1.854323526
4085,41.600247000,1.903742631,1.897844573,1.215607146
4086,41.603319000,1.867687619,1.808562120,1.241543472
4087,41.606391000,1.120505566,1.881737630,1.123327047
4088,41.609463000,0.177239468,1.836685737,0.902850168
4089,41.612535000,0.573816886,1.885369857,1.273587833
4090,41.615607000,1.810567990,1.802504450,1.826058914
4091,41.618679000,1.920017203,1.914749146,1.932296912
4092,41.621751000,1.885829603,1.880129377,1.903765976
4093,41.624823000,1.904825846,1.884708087,1.916336457
4094,41.627895000,1.900177399,1.888188759,1.909298102
4095,41.630967000,1.909847736,1.899481455,1.919091543
4096,41.634039000,1.902484973,1.889232397,1.911938747
4097,41.637111000,1.876039108,1.841182152,1.884876450
4098,41.640183000,1.893648148,1.876325846,1.904298147
4099,41.643255000,1.892666340,1.874259392,1.907525222
4100,41.646327000,1.906885783,1.889418483,1.915521304
4101,41.649399000,1.901308378,1.859092057,1.885052919
4102,41.652471000,1.898850958,1.874272784,1.908031464
4103,41.655543000,1.894106259,1.879069964,1.912361066
4104,41.658615000,1.700348402,1.887678569,1.685909192
4105,41.661687000,1.874729599,1.876758575,1.885545875
4106,41.664759000,1.840348167,1.720741351,1.838575969
4107,41.667831000,1.799070597,1.821444919,1.813613221
4108,41.670903000,1.809573283,1.903745492,1.813619867
4109,41.673975000,1.775726174,1.891751130,1.789518272
4110,41.677047000,1.651076250,1.742156923,1.659022321
4111,41.680119000,1.758821845,1.733776296,1.748614356
4112,41.683191000,1.864728461,1.842636834,1.901837627
4113,41.686263000,1.903754234,1.894248962,1.914020856
4114,41.689335000,1.903930088,1.892184883,1.915859441
4115,41.692407000,1.880456289,1.862152656,1.895887295
4116,41.695479000,1.860468174,1.823304941,1.876097937
4117,41.698551000,1.894849300,1.886592150,1.804768463
4118,41.701623000,1.758959164,1.886578798,1.761997297
4119,41.704695000,1.896593332,1.884045204,1.910997868
4120,41.707767000,1.795481086,1.813108765,1.779567440
4121,41.710839000,1.373000505,1.507841018,1.346377857
4122,41.713911000,1.864576608,1.800977294,1.913924287
4123,41.716983000,1.961834908,1.903817813,1.969320297
4124,41.720055000,1.335851461,1.505797879,1.315251596
4125,41.723127000,1.903862794,1.901516755,1.915038109
4126,41.726199000,1.836099721,1.825490500,1.851320143
4127,41.729271000,1.905670802,1.892974695,1.917229493
4128,41.732343000,1.897291660,1.879007916,1.909364025
4129,41.735415000,1.693797782,1.765857798,1.708145360
4130,41.738487000,1.844282920,1.854038201,1.889130751
4131,41.741559000,1.893741926,1.876320601,1.905139526
4132,41.744631000,1.831531592,1.818911791,1.859363327
4133,41.747703000,1.904583295,1.890580893,1.918408871
4134,41.750775000,1.878969058,1.805530851,1.861165136
4135,41.753847000,1.885394394,1.873656591,1.902113348
4136,41.756919000,1.917498002,1.915032546,1.922602713
4137,41.759991000,1.842900296,1.815528393,1.879259815
4138,41.763063000,1.824494556,1.752524863,1.828233083
4139,41.766135000,1.913675626,1.901057561,1.926636378
4140,41.769207000,1.793507806,1.802851766,1.791045239
4141,41.772279000,1.901224509,1.881087790,1.915931314
4142,41.775351000,1.887394711,1.882703255,1.907097667
4143,41.778423000,1.861859754,1.842878441,1.875116984
4144,41.781495000,1.859956409,1.858794421,1.891329745
4145,41.784567000,1.795400416,1.788798794,1.808568671
4146,41.787639000,1.905557493,1.890838752,1.924629847
4147,41.790711000,1.873408196,1.848512918,1.886449744
4148,41.793783000,1.911393757,1.905614535,1.928874175
4149,41.796855000,1.798777034,1.884418567,1.825578372
4150,41.799927000,1.879203151,1.879668141,1.878493066
4151,41.802999000,1.833168307,1.912735065,1.827571603
4152,41.806071000,1.910394669,1.884013335,1.925226529
4153,41.809143000,1.842724974,1.813754698,1.838979503
4154,41.812215000,1.918343385,1.909528176,1.930784464
4155,41.815287000,1.906453053,1.900258144,1.917433739
4156,41.818359000,1.889648080,1.867365221,1.900325199
4157,41.821431000,1.767897929,1.737795124,1.779582158
4158,41.824503000,1.890026649,1.875376185,1.903329849
4159,41.827575000,1.896973292,1.880322933,1.911925316
4160,41.830647000,1.903629859,1.889106909,1.912032286
4161,41.833719000,1.908109744,1.904115597,1.919810295
4162,41.836791000,1.717230774,1.745521069,1.710831344
4163,41.839863000,1.812542592,1.831958642,1.828682378
4164,41.842935000,1.732325168,1.688020016,1.705329753
4165,41.846007000,1.771555337,1.792566737,1.766965965
4166,41.849079000,1.913856188,1.904206435,1.926822980
4167,41.852151000,1.904756387,1.885316451,1.914982637
4168,41.855223000,1.906574885,1.896156788,1.915360133
4169,41.858295000,1.851271989,1.725213299,1.852918456
4170,41.861367000,1.911152840,1.900147756,1.923828284
4171,41.864439000,1.914056460,1.906046708,1.926466942
4172,41.867511000,1.902825356,1.897448560,1.914245844
4173,41.870583000,1.907323360,1.907413244,1.923988342
4174,41.873655000,1.803781797,1.789373321,1.826416651
4175,41.876727000,1.918201844,1.911013444,1.929429372
4176,41.879799000,1.847762143,1.879605333,1.859185562
4177,41.882871000,1.886279141,1.879623140,1.900141398
4178,41.885943000,1.909727573,1.900014559,1.920819283
4179,41.889015000,1.862870234,1.860008707,1.876013865
4180,41.892087000,1.391292245,1.446259882,1.271672810
4181,41.895159000,1.873988787,1.846293092,1.886484543
4182,41.898231000,1.564003718,1.806074783,1.631208777
4183,41.901303000,1.708583274,1.748356356,1.701361368
4184,41.904375000,1.889865716,1.892056704,1.908402284
4185,41.907447000,1.907619158,1.894970179,1.917628368
4186,41.910519000,1.743642514,1.871476054,1.736968299
4187,41.913591000,1.808913330,1.808369289,1.840468143
4188,41.916663000,1.773125507,1.813950469,1.839901487
4189,41.919735000,1.875743752,1.827176025,1.882083505
4190,41.922807000,1.920000553,1.912755807,1.930919647
4191,41.925879000,1.798056934,1.877421697,1.808594584
4192,41.928951000,1.915999413,1.913914045,1.928255876
4193,41.932023000,1.909998417,1.893749913,1.915731470
4194,41.935095000,1.902192354,1.895926158,1.912514210
4195,41.938167000,1.903721809,1.894440174,1.910689036
4196,41.941239000,1.902948737,1.889559984,1.913569212
4197,41.944311000,1.645746656,1.699432403,1.653664683
4198,41.947383000,1.879691793,1.886356185,1.885078847
4199,41.950455000,1.908239126,1.875620137,1.926687956
4200,41.953527000,1.884733359,1.879492760,1.900933345
4201,41.956599000,1.922318141,1.912615140,1.931879520
4202,41.959671000,1.855114212,1.903715769,1.910600543
4203,41.962743000,1.897718887,1.888119797,1.906395038
4204,41.965815000,1.909254074,1.895661434,1.922012329
4205,41.968887000,1.732676551,1.852182716,1.831340489
4206,41.971959000,1.906678836,1.892205358,1.919993877
4207,41.975031000,1.869690791,1.842893218,1.877159019
4208,41.978103000,1.823848601,1.824746341,1.843067812
4209,41.981175000,1.900113583,1.884997567,1.912406683
4210,41.984247000,1.797852101,1.830845505,1.799495583
4211,41.987319000,1.911219915,1.903029203,1.928204219
4212,41.990391000,1.907315334,1.900973876,1.912872692
4213,41.993463000,1.903168678,1.897426844,1.918643316
4214,41.996535000,1.893513660,1.879079680,1.906577229
4215,41.999607000,1.898936907,1.895951698,1.908923944
4216,42.002679000,1.914402326,1.892455220,1.923785051
4217,42.005751000,1.887152741,1.864968896,1.898325642
4218,42.008823000,1.871247470,1.873586198,1.890389572
4219,42.011895000,1.894022753,1.881389340,1.891341910
4220,42.014967000,1.889029900,1.878985723,1.896493236
4221,42.018039000,1.892478466,1.878989935,1.902165016
4222,42.021111000,1.894730250,1.879328529,1.906869253
4223,42.024183000,1.901246150,1.892581979,1.911337058
4224,42.027255000,1.929845969,1.929145813,1.938689947
4225,42.030327000,1.846573244,1.830576330,1.860708718
4226,42.033399000,1.808578076,1.777868832,1.845539669
4227,42.036471000,1.748298743,1.772354389,1.811273515
4228,42.039543000,1.890875697,1.888184617,1.912131071
4229,42.042615000,1.439339560,1.516820180,1.453854198
4230,42.045687000,1.742786668,1.787495740,1.793221985
4231,42.048759000,1.884504884,1.882277787,1.893453906
4232,42.051831000,1.863180955,1.884993871,1.885506332
4233,42.054903000,1.835804785,1.912666559,1.895213187
4234,42.057975000,1.907289902,1.896577676,1.924071630
4235,42.061047000,1.960699717,1.901365757,1.963945230
4236,42.064119000,1.949024041,1.854911089,1.949056625
4237,42.067191000,1.917269866,1.901122967,1.928430637
4238,42.070263000,1.917131583,1.914469083,1.927062829
4239,42.073335000,1.905506134,1.897432844,1.913221121
4240,42.076407000,1.912569533,1.906197071,1.929621220
4241,42.079479000,1.836138050,1.839577973,1.882387737
4242,42.082551000,1.913718224,1.910448949,1.922102292
4243,42.085623000,1.863341729,1.901747862,1.872786005
4244,42.088695000,1.907613595,1.910351038,1.920250575
4245,42.091767000,1.692897981,1.737162073,1.697251399
4246,42.094839000,1.778542459,1.902699788,1.840128233
4247,42.097911000,1.807023266,1.822265660,1.823448787
4248,42.100983000,1.912290573,1.910382748,1.921817700
4249,42.104055000,1.902572314,1.907079379,1.917784691
4250,42.107127000,1.886136234,1.849385952,1.897818963
4251,42.110199000,1.248180085,1.499597954,1.305879777
4252,42.113271000,1.885520776,1.870714664,1.898409128
4253,42.116343000,1.904767831,1.899851322,1.918583552
4254,42.119415000,1.839188084,1.843809793,1.875142455
4255,42.122487000,1.922499657,1.907127937,1.929432313
4256,42.125559000,1.899925470,1.888410886,1.910611471
4257,42.128631000,1.910015742,1.899148345,1.920065602
4258,42.131703000,1.894221902,1.885526220,1.902892431
4259,42.134775000,1.894043247,1.887790998,1.908292611
4260,42.137847000,1.887213151,1.865499973,1.898660421
4261,42.140919000,1.893843730,1.889855464,1.908105612
4262,42.143991000,1.784584016,1.736852467,1.763316942
4263,42.147063000,1.895734708,1.885528247,1.910825054
4264,42.150135000,1.889302343,1.879171918,1.894417286
4265,42.153207000,1.879764577,1.832492664,1.896686077
4266,42.156279000,1.882206758,1.868484179,1.890749693
4267,42.159351000,1.895112514,1.890540520,1.909762383
4268,42.162423000,1.798357303,1.828242153,1.801880643
4269,42.165495000,1.903320233,1.900281111,1.915307204
4270,42.168567000,1.905559758,1.897328377,1.908046285
4271,42.171639000,1.869277298,1.889425039,1.883829117
4272,42.174711000,1.517652531,1.580475981,1.515168587
4273,42.177783000,1.887086829,1.872683764,1.900865753
4274,42.180855000,1.908999662,1.853346676,1.930205613
4275,42.183927000,1.914930503,1.904169718,1.922133168
4276,42.186999000,1.899977158,1.860113988,1.922297080
4277,42.190071000,1.909707318,1.903558175,1.916036208
4278,42.193143000,1.910915534,1.896336238,1.920205434
4279,42.196215000,1.905938466,1.891744057,1.913555384
4280,42.199287000,1.910134554,1.896494627,1.919021686
4281,42.202359000,1.911132971,1.899857203,1.918008486
4282,42.205431000,1.909760316,1.902629058,1.919742743
4283,42.208503000,1.919510523,1.898698648,1.926775773
4284,42.211575000,1.909021219,1.897311290,1.917860428
4285,42.214647000,1.899491469,1.895164808,1.910946846
4286,42.217719000,1.912184715,1.905137221,1.921556155
4287,42.220791000,1.922631264,1.911878665,1.927921931
4288,42.223863000,1.930968602,1.919821978,1.935349782
4289,42.226935000,1.910445089,1.913576762,1.914706027
4290,42.230007000,1.852920264,1.855075677,1.894170135
4291,42.233079000,1.923797925,1.913247903,1.933568160
4292,42.236151000,1.931536039,1.916286945,1.938718955
4293,42.239223000,1.800966149,1.857449668,1.809638252
4294,42.242295000,1.877707173,1.859105498,1.904417038
4295,42.245367000,1.924470584,1.916457017,1.933483998
4296,42.248439000,1.803794553,1.833427583,1.805234959
4297,42.251511000,1.846199979,1.827605685,1.854971627
4298,42.254583000,1.887527724,1.874487162,1.906269550
4299,42.257655000,1.844291945,1.824750905,1.858208666
4300,42.260727000,1.916693566,1.913742900,1.929428895
4301,42.263799000,1.828442949,1.766803304,1.834219327
4302,42.266871000,1.911388556,1.885117650,1.920327743
4303,42.269943000,1.891815851,1.830143929,1.893162727
4304,42.273015000,1.893733342,1.882925987,1.909737508
4305,42.276087000,1.913567384,1.907212416,1.921870232
4306,42.279159000,1.909621557,1.891504884,1.921818177
4307,42.282231000,1.919846694,1.893661022,1.926178694
4308,42.285303000,1.910455863,1.893090566,1.919538418
4309,42.288375000,1.899726868,1.885444641,1.915588856
4310,42.291447000,1.881713788,1.857364496,1.895863334
4311,42.294519000,1.885793368,1.866921902,1.900568406
4312,42.297591000,1.897659818,1.880552451,1.909070492
4313,42.300663000,1.857768963,1.769965986,1.865779450
4314,42.303735000,1.896443844,1.868139108,1.911208312
4315,42.306807000,1.795598631,1.880310615,1.799029569
4316,42.309879000,1.896993001,1.882656574,1.912051519
4317,42.312951000,1.904614766,1.894232273,1.922418594
4318,42.316023000,1.743014276,1.882092873,1.773258110
4319,42.319095000,1.902048906,1.893084367,1.914523125
4320,42.322167000,1.892381509,1.863288085,1.903343519
4321,42.325239000,1.891705614,1.877525558,1.897326847
4322,42.328311000,1.900880178,1.896342218,1.913605293
4323,42.331383000,1.721516797,1.885497530,1.679090942
4324,42.334455000,1.798442627,1.788834189,1.806868970
4325,42.337527000,1.892285426,1.886294047,1.905427456
4326,42.340599000,1.890601054,1.881320159,1.902097598
4327,42.343671000,1.905667305,1.905843735,1.917792956
4328,42.346743000,1.817488422,1.794038415,1.820380112
4329,42.349815000,1.756188825,1.887901346,1.786234637
4330,42.352887000,1.840484103,1.889793356,1.857152189
4331,42.355959000,1.785931530,1.750315766,1.807018394
4332,42.359031000,1.840674261,1.753734017,1.832610170
4333,42.362103000,1.899972121,1.894146125,1.911894004
4334,42.365175000,1.884286443,1.903771718,1.892618001
4335,42.368247000,1.837481114,1.821518620,1.863843441
4336,42.371319000,1.900793552,1.887614091,1.915268143
4337,42.374391000,1.788847988,1.902197917,1.779507111
4338,42.377463000,1.837353428,1.885132313,1.883671959
4339,42.380535000,1.653039016,1.711172796,1.668622899
4340,42.383607000,1.929131766,1.859028488,1.955860138
4341,42.386679000,1.731792852,1.742251456,1.746850530
4342,42.389751000,1.809268763,1.886175076,1.831164221
4343,42.392823000,1.853396883,1.882475734,1.867466559
4344,42.395895000,1.857041349,1.892395337,1.894065718
4345,42.398967000,1.813741525,1.803697815,1.849989245
4346,42.402039000,1.908966223,1.901752472,1.921671867
4347,42.405111000,1.874337822,1.882694761,1.900440017
4348,42.408183000,1.837064674,1.800392171,1.850664650
4349,42.411255000,1.799684212,1.897113800,1.826900055
4350,42.414327000,1.857886255,1.876509398,1.902934353
4351,42.417399000,1.898742040,1.888690233,1.909805139
4352,42.420471000,1.851345713,1.826292266,1.860341897
4353,42.423543000,1.907653173,1.903247197,1.922225316
4354,42.426615000,1.895181497,1.885915200,1.908668677
4355,42.429687000,1.910751979,1.901609341,1.920716921
4356,42.432759000,1.765063763,1.785940016,1.862716367
4357,42.435831000,1.869477011,1.869455248,1.883190840
4358,42.438903000,1.897204424,1.878820946,1.898737659
4359,42.441975000,1.898766677,1.885356704,1.912039002
4360,42.445047000,1.773145154,1.793490877,1.790282647
4361,42.448119000,1.903443336,1.893125137,1.920694828
4362,42.451191000,1.875111446,1.863892555,1.884777963
4363,42.454263000,1.909511407,1.903296789,1.921328068
4364,42.457335000,1.858010511,1.875877957,1.874251530
4365,42.460407000,1.924595197,1.922715982,1.937847455
4366,42.463479000,1.890800223,1.868409584,1.900536786
4367,42.466551000,1.839391852,1.891925673,1.873107423
4368,42.469623000,1.905554771,1.892747641,1.913549662
4369,42.472695000,1.566459677,1.699530241,1.594062875
4370,42.475767000,1.599237589,1.780400390,1.321504357
4371,42.478839000,1.438896225,1.547942703,1.468465919
4372,42.481911000,1.871342208,1.866010418,1.876436775
4373,42.484983000,1.917304516,1.904377143,1.925895850
4374,42.488055000,1.908543428,1.907586018,1.919993778
4375,42.491127000,1.915967544,1.908761342,1.927153508
4376,42.494199000,1.922130426,1.915124257,1.932983239
4377,42.497271000,1.915855885,1.908478260,1.925450166
4378,42.500343000,1.896617790,1.876697659,1.906995773
4379,42.503415000,1.790145566,1.865205179,1.799993902
4380,42.506487000,1.923825264,1.910798947,1.934874058
4381,42.509559000,1.832195789,1.789370616,1.861851484
4382,42.512631000,1.922772566,1.895655473,1.934998035
4383,42.515703000,1.912690639,1.901768287,1.919690132
4384,42.518775000,1.748914578,1.873855551,1.749932562
4385,42.521847000,1.915039559,1.905000250,1.925675700
4386,42.524919000,1.935018380,1.919410547,1.945082664
4387,42.527991000,1.930984020,1.916290840,1.942560673
4388,42.531063000,1.919638793,1.917503039,1.930199146
4389,42.534135000,1.943136056,1.909575462,1.952775002
4390,42.537207000,1.926156044,1.910587788,1.939340115
4391,42.540279000,1.823898544,1.849467366,1.832018971
4392,42.543351000,1.792680598,1.902314186,1.839926754
4393,42.546423000,1.948404630,1.868108233,1.954222123
4394,42.549495000,1.934662501,1.913852056,1.942458630
4395,42.552567000,1.918522199,1.911620140,1.932088057
4396,42.555639000,1.909870257,1.900275747,1.919982274
4397,42.558711000,1.885459940,1.835036551,1.885700534
4398,42.561783000,1.917898814,1.902205626,1.928240299
4399,42.564855000,1.985319376,1.826744318,1.983683666
4400,42.567927000,1.910987854,1.893850883,1.919949770
4401,42.570999000,1.927891334,1.918689013,1.689729999
4402,42.574071000,1.917534033,1.904781183,0.135970801
4403,42.577143000,1.909873962,1.909949124,0.134281799
4404,42.580215000,1.644332414,1.898418109,0.728318950
4405,42.583287000,0.089649280,1.904687007,1.912188888
4406,42.586359000,0.083445504,1.902198037,1.907738884
4407,42.589431000,0.728188743,1.902148565,1.928183079
4408,42.592503000,1.742887105,1.839269151,1.741357312
4409,42.595575000,1.905608018,1.893510342,1.917129517
4410,42.598647000,1.841334147,1.854262690,1.856641350
4411,42.601719000,1.769569295,1.747820511,1.808152194
4412,42.604791000,1.858230551,1.771080067,1.869130204
4413,42.607863000,1.749606825,1.801630517,1.740826830
4414,42.610935000,1.800932061,1.800688001,1.885983090
4415,42.614007000,1.846150895,1.841691121,1.853680064
4416,42.617079000,1.924936295,1.890301916,1.730268935
4417,42.620151000,1.894192378,1.887272914,1.907989184
4418,42.623223000,1.767254824,1.900737842,1.799053291
4419,42.626295000,1.912551721,1.910302798,1.923243682
4420,42.629367000,1.828693221,1.784895132,1.845321298
4421,42.632439000,1.354500438,1.901960820,1.374885986
4422,42.635511000,1.623106102,1.843826413,1.831884657
4423,42.638583000,1.905464987,1.899416347,1.916651607
4424,42.641655000,1.882546981,1.808050911,1.915574312
4425,42.644727000,1.818418905,1.831932391,1.835501934
4426,42.647799000,1.929559072,1.913989305,1.939756234
4427,42.650871000,1.917262395,1.880731737,1.930938562
4428,42.653943000,1.912020698,1.874206250,1.922654082
4429,42.657015000,1.813308371,1.811008821,1.844998365
4430,42.660087000,1.872515107,1.834342549,1.891131858
4431,42.663159000,1.841725929,1.858055035,1.862040793
4432,42.666231000,1.921305140,1.877324502,1.931231737
4433,42.669303000,1.712398517,1.710325559,1.758083085
4434,42.672375000,1.903275043,1.892263611,1.908646931
4435,42.675447000,1.796367134,1.751033043,1.808383038
4436,42.678519000,1.852960726,1.806853692,1.901183337
4437,42.681591000,1.903530439,1.871960700,1.911697865
4438,42.684663000,1.904500643,1.872833351,1.914114525
4439,42.687735000,1.880905052,1.850654791,1.887825407
4440,42.690807000,1.921490351,1.910862764,1.929420789
4441,42.693879000,1.908571442,1.893829028,1.916063368
4442,42.696951000,1.904406468,1.899099032,1.917862892
4443,42.700023000,1.895967225,1.880315781,1.902177374
4444,42.703095000,1.890815775,1.817405681,1.904658715
4445,42.706167000,1.898428236,1.761798084,1.909487883
4446,42.709239000,1.898155848,1.894524336,1.908050219
4447,42.712311000,1.908561707,1.900961240,1.920029322
4448,42.715383000,1.914087613,1.909180641,1.927467982
4449,42.718455000,1.828364650,1.731225083,1.820253005
4450,42.721527000,1.906948090,1.897334735,1.914578676
4451,42.724599000,1.941068808,1.910744111,1.950199604
4452,42.727671000,1.931396802,1.879491016,1.942713261
4453,42.730743000,1.925660928,1.899095337,1.939270973
4454,42.733815000,1.891427783,1.878515253,1.911454519
4455,42.736887000,1.720691423,1.734552562,1.727041160
4456,42.739959000,1.857496808,1.845287393,1.878407290
4457,42.743031000,1.798593817,1.813356832,1.832959543
4458,42.746103000,1.811937836,1.851996998,1.820493879
4459,42.749175000,1.893741886,1.875108202,1.903653065
4460,42.752247000,1.936159452,1.917753239,1.947492838
4461,42.755319000,1.900572186,1.880306621,1.910083850
4462,42.758391000,1.882056236,1.851600622,1.886816179
4463,42.761463000,1.778980995,1.738517702,1.810251584
4464,42.764535000,1.931865215,1.904894114,1.941284657
4465,42.767607000,1.814634529,1.829904507,1.814530998
4466,42.770679000,1.935427825,1.882516464,1.943338076
4467,42.773751000,1.838486547,1.861558504,1.836875185
4468,42.776823000,1.810354630,1.839244728,1.871345729
4469,42.779895000,1.916927656,1.906676928,1.928189913
4470,42.782967000,1.875633436,1.841066817,1.873058428
4471,42.786039000,1.903026263,1.896762133,1.916066011
4472,42.789111000,1.913592815,1.903101842,1.922865868
4473,42.792183000,1.922522863,1.907864173,1.932493687
4474,42.795255000,1.890149936,1.813613604,1.873897821
4475,42.798327000,1.921401501,1.899709225,1.934945742
4476,42.801399000,1.914014657,1.903891206,1.927562714
4477,42.804471000,1.925367196,1.906042973,1.934617996
4478,42.807543000,1.819999492,1.727960726,1.830560813
4479,42.810615000,1.747710635,1.768238713,1.837753465
4480,42.813687000,1.495665522,1.637424476,1.546508287
4481,42.816759000,1.942624172,1.897077620,1.953949531
4482,42.819831000,1.952907324,1.868135293,1.965735277
4483,42.822903000,1.945056677,1.816304704,1.939348280
4484,42.825975000,1.930551688,1.887574116,1.944169521
4485,42.829047000,1.926523924,1.910798073,1.940408309
4486,42.832119000,1.915308237,1.917007049,1.923291047
4487,42.835191000,1.903497378,1.899052938,1.913100799
4488,42.838263000,1.896620750,1.890809377,1.906710029
4489,42.841335000,1.922869682,1.918699741,1.929138501
4490,42.844407000,1.658319602,1.898319244,1.725162193
4491,42.847479000,1.883677910,1.891253312,1.884227246
4492,42.850551000,1.821181238,1.864834388,1.770335873
4493,42.853623000,1.904351870,1.887576779,1.916893323
4494,42.856695000,1.814183116,1.711926882,1.813248018
4495,42.859767000,1.895157456,1.827655017,1.897137145
4496,42.862839000,1.877184694,1.861833503,1.911762317
4497,42.865911000,1.903759162,1.889723778,1.915722052
4498,42.868983000,1.892630011,1.883312315,1.908506036
4499,42.872055000,1.906663418,1.892625332,1.920257727
4500,42.875127000,1.888101190,1.874214133,1.897083879
4501,42.878199000,1.906352202,1.896609942,1.917838732
4502,42.881271000,1.891017755,1.872617563,1.900124470
4503,42.884343000,1.888921738,1.875729481,1.904957612
4504,42.887415000,1.914298852,1.903659662,1.923302809
4505,42.890487000,1.911863327,1.897180478,1.925525824
4506,42.893559000,1.903547764,1.883846362,1.912122726
4507,42.896631000,1.896992207,1.894291083,1.906494697
4508,42.899703000,1.888882716,1.864828348,1.899128755
4509,42.902775000,1.889325003,1.848868787,1.910060803
4510,42.905847000,1.910688480,1.897535642,1.921053410
4511,42.908919000,1.798672433,1.772653977,1.791082449
4512,42.911991000,1.898970445,1.880723317,1.913335323
4513,42.915063000,1.841968576,1.834596684,1.848899315
4514,42.918135000,1.893935457,1.891733964,1.875596414
4515,42.921207000,1.844438419,1.843293453,1.854953821
4516,42.924279000,1.908703645,1.901925484,1.917615891
4517,42.927351000,1.780032764,1.770754007,1.751022560
4518,42.930423000,1.705870268,1.710642169,1.783053180
4519,42.933495000,1.874907399,1.873117963,1.911926746
4520,42.936567000,1.821839403,1.860764464,1.845863899
4521,42.939639000,1.929114183,1.922259331,1.936673005
4522,42.942711000,1.937749863,1.925577323,1.947280089
4523,42.945783000,1.892810802,1.876080205,1.905957739
4524,42.948855000,1.646595764,1.673127763,1.649617441
4525,42.951927000,1.803877136,1.730873985,1.803021923
4526,42.954999000,1.908675234,1.903319677,1.920812845
4527,42.958071000,1.813975736,1.873212874,1.829808362
4528,42.961143000,1.911882559,1.903055191,1.919831196
4529,42.964215000,1.702688278,1.746293694,1.708817075
4530,42.967287000,1.865066831,1.885565038,1.919734726
4531,42.970359000,1.966485023,1.801168164,1.957840443
4532,42.973431000,1.944854101,1.894753933,1.952910860
4533,42.976503000,1.858685876,1.885682553,1.894994825
4534,42.979575000,1.715403808,1.757147687,1.711726859
4535,42.982647000,1.924826781,1.915227652,1.935793082
4536,42.985719000,1.877728482,1.861998310,1.888522426
4537,42.988791000,1.836885819,1.849610647,1.860852780
4538,42.991863000,1.905419240,1.877761155,1.920028011
4539,42.994935000,1.885004508,1.927051306,1.898829515
4540,42.998007000,1.878327357,1.909644638,1.934066137
4541,43.001079000,1.840779309,1.733872339,1.855749138
4542,43.004151000,1.797950074,1.844998851,1.801397850
4543,43.007223000,1.815539231,1.796158634,1.836112564
4544,43.010295000,1.914533297,1.902121345,1.923929930
4545,43.013367000,1.894665778,1.882525166,1.899157405
4546,43.016439000,1.922332128,1.913161596,1.931221644
4547,43.019511000,1.907692472,1.901971618,1.917823513
4548,43.022583000,1.920034091,1.900947809,1.929554145
4549,43.025655000,1.787104880,1.864615319,1.821583624
4550,43.028727000,1.812532743,1.837699602,1.834174571
4551,43.031799000,1.910379092,1.887402177,1.926747799
4552,43.034871000,1.945127368,1.894255877,1.953215122
4553,43.037943000,1.918921868,1.857300282,1.931999485
4554,43.041015000,1.925881227,1.898735523,1.940752506
4555,43.044087000,1.852182383,1.843607754,1.726021344
4556,43.047159000,1.910294533,1.894333680,1.920111974
4557,43.050231000,1.894329548,1.898439114,1.904133042
4558,43.053303000,1.929179033,1.923816522,1.938725948
4559,43.056375000,1.769645742,1.814084743,1.791732882
4560,43.059447000,1.915004253,1.912705898,1.924282233
4561,43.062519000,1.819207195,1.780539657,1.816766813
4562,43.065591000,1.765024508,1.900530338,1.750291516
4563,43.068663000,1.909160306,1.856889685,1.960805198
4564,43.071735000,1.934582074,1.910925388,1.943044980
4565,43.074807000,1.824826360,1.838605019,1.813219398
4566,43.077879000,1.926856836,1.912698478,1.935993314
4567,43.080951000,1.877304673,1.860351344,1.893052717
4568,43.084023000,1.570125924,1.702010798,1.580408057
4569,43.087095000,1.906561057,1.894552310,1.917173783
4570,43.090167000,1.814459503,1.892012894,1.856851240
4571,43.093239000,1.908102314,1.894637108,1.918990652
4572,43.096311000,1.894195102,1.849903673,1.902874400
4573,43.099383000,1.924616958,1.889875680,1.934549183
4574,43.102455000,1.956905762,1.871533970,1.955451667
4575,43.105527000,1.915771544,1.890022377,1.926115940
4576,43.108599000,1.746810733,1.724787489,1.742714331
4577,43.111671000,1.905851434,1.907731692,1.923133512
4578,43.114743000,1.953387419,1.914707502,1.959837278
4579,43.117815000,1.896667471,1.894923617,1.902254969
4580,43.120887000,1.919611136,1.891128620,1.932672064
4581,43.123959000,1.826038875,1.879250924,1.858976558
4582,43.127031000,1.929309368,1.918933392,1.937793255
4583,43.130103000,1.905865192,1.896172365,1.918645859
4584,43.133175000,1.718570586,1.680652097,1.800437133
4585,43.136247000,1.888127724,1.877881527,1.905150414
4586,43.139319000,1.888289452,1.863882780,1.894923250
4587,43.142391000,1.878631910,1.856056849,1.891612689
4588,43.145463000,1.902199427,1.891485850,1.911034902
4589,43.148535000,1.903160890,1.879762650,1.912880421
4590,43.151607000,1.905127207,1.876360516,1.913558960
4591,43.154679000,1.868705759,1.850574434,1.882477651
4592,43.157751000,1.898749034,1.882170439,1.913777192
4593,43.160823000,1.802692924,1.851390148,1.811417537
4594,43.163895000,1.895297090,1.882980893,1.909412146
4595,43.166967000,1.902546406,1.893665274,1.912751039
4596,43.170039000,1.909368515,1.907493273,1.921245893
4597,43.173111000,1.915210625,1.882003188,1.923560460
4598,43.176183000,1.903146108,1.888917605,1.916735490
4599,43.179255000,1.836407781,1.838979706,1.845603550
4600,43.182327000,1.933628082,1.927488168,1.943742275
4601,43.185399000,1.910589059,1.901767413,1.919929504
4602,43.188471000,1.918327649,1.904502392,1.931134383
4603,43.191543000,1.925757726,1.917345921,1.933530807
4604,43.194615000,1.926098982,1.889063994,1.939322790
4605,43.197687000,1.933581511,1.902733207,1.943477988
4606,43.200759000,1.740581393,1.891925494,1.742153620
4607,43.203831000,1.875465944,1.860567600,1.896215081
4608,43.206903000,1.769428083,1.814882994,1.788419480
4609,43.209975000,1.879492884,1.882333994,1.887011478
4610,43.213047000,1.656706858,1.753655493,1.655180136
4611,43.216119000,1.535607235,1.602167251,1.640144107
4612,43.219191000,1.785027852,1.821552590,1.794713785
4613,43.222263000,1.788783354,1.818086003,1.796795115
4614,43.225335000,1.914093484,1.892275870,1.926029364
4615,43.228407000,1.884511073,1.848090013,1.884837598
4616,43.231479000,1.827652132,1.819105831,1.862970134
4617,43.234551000,1.819348549,1.846989751,1.846120725
4618,43.237623000,1.913737138,1.879316171,1.920332551
4619,43.240695000,1.880901953,1.844419380,1.894543886
4620,43.243767000,1.836209277,1.869457483,1.851995453
4621,43.246839000,1.868690985,1.844024589,1.893900494
4622,43.249911000,1.876759837,1.883095160,1.883245210
4623,43.252983000,1.829818477,1.835445990,1.852597877
4624,43.256055000,1.875750954,1.866192097,1.884267698
4625,43.259127000,1.878147205,1.869856914,1.893431505
4626,43.262199000,1.917277813,1.909364820,1.927600066
4627,43.265271000,1.891018227,1.875963310,1.893889268
4628,43.268343000,1.812622542,1.827198535,1.861570090
4629,43.271415000,1.763637374,1.809840731,1.804942101
4630,43.274487000,1.893915266,1.864455352,1.907361269
4631,43.277559000,1.913510958,1.905506134,1.923745950
4632,43.280631000,1.919672807,1.918713888,1.930679719
4633,43.283703000,1.674979935,1.779183234,1.669989710
4634,43.286775000,1.912471453,1.889493465,1.921085040
4635,43.289847000,1.889149328,1.826853961,1.899447441
4636,43.292919000,1.795720215,1.774195959,1.815206443
4637,43.295991000,1.914556503,1.912781239,1.927021503
4638,43.299063000,1.599931533,1.703818480,1.596942589
4639,43.302135000,1.901575456,1.887706677,1.917928855
4640,43.305207000,1.903375665,1.894228856,1.911512733
4641,43.308279000,1.785309109,1.831397941,1.791450431
4642,43.311351000,1.921874046,1.903696855,1.929360549
4643,43.314423000,1.901728466,1.885357757,1.920984526
4644,43.317495000,1.724017251,1.828218808,1.767282243
4645,43.320567000,1.799737046,1.732186854,1.802483862
4646,43.323639000,1.843815039,1.822303717,1.864959151
4647,43.326711000,1.910904864,1.898896297,1.922506412
4648,43.329783000,1.900675490,1.884943823,1.904665669
4649,43.332855000,1.888761034,1.876794994,1.900451322
4650,43.335927000,1.830113066,1.828915934,1.827406247
4651,43.338999000,1.909268538,1.895630121,1.921222528
4652,43.342071000,1.911700408,1.899450431,1.923811515
4653,43.345143000,1.908670425,1.900501887,1.925556342
4654,43.348215000,1.891776721,1.873072992,1.904990594
4655,43.351287000,1.857837498,1.825310583,1.885480285
4656,43.354359000,1.907593171,1.896446466,1.917659998
4657,43.357431000,1.921610355,1.900752703,1.931919257
4658,43.360503000,1.920886040,1.914357344,1.931779703
4659,43.363575000,1.912180265,1.896319270,1.925818920
4660,43.366647000,1.910622597,1.904344320,1.921441237
4661,43.369719000,1.892968019,1.881476839,1.905004104
4662,43.372791000,1.922231356,1.902805805,1.930170218
4663,43.375863000,1.910842677,1.902472417,1.918802261
4664,43.378935000,1.900641163,1.887831360,1.907708645
4665,43.382007000,1.922641913,1.863541802,1.930446585
4666,43.385079000,1.966936429,1.896722635,1.969939788
4667,43.388151000,1.926263809,1.912131151,1.933391253
4668,43.391223000,1.897055944,1.889348586,1.895842512
4669,43.394295000,1.914847215,1.904063543,1.927992344
4670,43.397367000,1.930916866,1.915985664,1.936108589
4671,43.400439000,1.940986792,1.928448757,1.944709380
4672,43.403511000,1.921755950,1.909150203,1.926874955
4673,43.406583000,1.922060966,1.907901128,1.934569279
4674,43.409655000,1.905308882,1.875018279,1.919086774
4675,43.412727000,1.828378158,1.819305037,1.846078972
4676,43.415799000,1.844635616,1.843667217,1.876253694
4677,43.418871000,1.914135774,1.909478664,1.927262465
4678,43.421943000,1.915715973,1.895352999,1.924691478
4679,43.425015000,1.905784845,1.900127967,1.914058685
4680,43.428087000,1.757985473,1.735779295,1.817213694
4681,43.431159000,1.811861725,1.892758330,1.821543425
4682,43.434231000,1.886244446,1.862677803,1.901694104
4683,43.437303000,1.807857888,1.858120039,1.791635677
4684,43.440375000,1.741433764,1.695190186,1.803522329
4685,43.443447000,1.883655215,1.889776091,1.904974858
4686,43.446519000,1.779364988,1.887863914,1.796135431
4687,43.449591000,1.868848165,1.879719734,1.897308409
4688,43.452663000,1.907515963,1.898613890,1.920072993
4689,43.455735000,1.916058699,1.906307201,1.926302274
4690,43.458807000,1.864884158,1.804318716,1.863354261
4691,43.461879000,1.864346735,1.873464743,1.903164506
4692,43.464951000,1.736466457,1.766137307,1.756074498
4693,43.468023000,1.888827622,1.863620152,1.899598042
4694,43.471095000,1.913921992,1.906952103,1.923891624
4695,43.474167000,1.900741418,1.895648241,1.910756032
4696,43.477239000,1.796393787,1.873547991,1.765348444
4697,43.480311000,1.896209876,1.889763276,1.910452525
4698,43.483383000,1.638222948,1.634071377,1.628186832
4699,43.486455000,1.846200431,1.838915805,1.847562949
4700,43.489527000,1.764654552,1.715753640,1.781782170
4701,43.492599000,1.756079609,1.805857708,1.759224877
4702,43.495671000,1.906396747,1.900118430,1.915314277
4703,43.498743000,1.854606102,1.833869249,1.856661643
4704,43.501815000,1.899593353,1.886615674,1.913385391
4705,43.504887000,1.858218670,1.840273385,1.871071736
4706,43.507959000,1.830687230,1.859186381,1.858155479
4707,43.511031000,1.823609658,1.849640747,1.836457908
4708,43.514103000,1.723363911,1.849030872,1.771603828
4709,43.517175000,1.876528720,1.888187726,1.879948874
4710,43.520247000,1.832552036,1.892573535,1.871728440
4711,43.523319000,1.573091848,1.872230033,1.622894170
4712,43.526391000,1.906915665,1.889881531,1.916223526
4713,43.529463000,1.899566650,1.883278251,1.907775640
4714,43.532535000,1.848757570,1.852485895,1.858284831
4715,43.535607000,1.842995321,1.843731602,1.854565581
4716,43.538679000,1.899932384,1.883954128,1.910559734
4717,43.541751000,1.875120595,1.868863026,1.879386355
4718,43.544823000,1.822760597,1.877350648,1.874422749
4719,43.547895000,1.845930825,1.860481679,1.842406611
4720,43.550967000,1.841244072,1.807982941,1.847558647
4721,43.554039000,1.874109631,1.893022805,1.861421476
4722,43.557111000,1.904970169,1.892316659,1.914636930
4723,43.560183000,1.890070597,1.869927883,1.902530511
4724,43.563255000,1.861648719,1.818500757,1.899721861
4725,43.566327000,1.891962608,1.866254330,1.901455482
4726,43.569399000,1.800995817,1.778979649,1.810050065
4727,43.572471000,1.867985149,1.849148870,1.881666938
4728,43.575543000,1.841000075,1.805861895,1.849888419
4729,43.578615000,1.711264354,1.770491774,1.731967387
4730,43.581687000,1.880526781,1.866418242,1.894149741
4731,43.584759000,1.882507563,1.861934900,1.897121588
4732,43.587831000,1.849442420,1.865420322,1.864007647
4733,43.590903000,1.763250152,1.889239788,1.758482277
4734,43.593975000,1.780140236,1.882137209,1.808469812
4735,43.597047000,1.873311043,1.859943529,1.889971654
4736,43.600119000,1.851689597,1.876365185,1.879054368
4737,43.603191000,1.890150388,1.873576323,1.901237170
4738,43.606263000,1.871776899,1.840322316,1.883303483
4739,43.609335000,1.839888136,1.803124194,1.848376957
4740,43.612407000,1.864252483,1.831900318,1.874883552
4741,43.615479000,1.888866305,1.855887334,1.900757710
4742,43.618551000,1.863822619,1.854535262,1.869689107
4743,43.621623000,1.882521391,1.858436306,1.893283447
4744,43.624695000,1.903674920,1.883299033,1.912451426
4745,43.627767000,1.901321058,1.882746627,1.905788213
4746,43.630839000,1.780994269,1.741587703,1.777174592
4747,43.633911000,1.875535076,1.859059254,1.911468863
4748,43.636983000,1.866238400,1.832021733,1.895987918
4749,43.640055000,1.884161502,1.863146606,1.894331058
4750,43.643127000,1.896215757,1.896631817,1.909142892
4751,43.646199000,1.921402136,1.896039168,1.927443425
4752,43.649271000,1.734933962,1.738642909,1.747719290
4753,43.652343000,1.732723127,1.864219964,1.777425538
4754,43.655415000,1.922744274,1.913472414,1.931490103
4755,43.658487000,1.918234825,1.904449940,1.926341057
4756,43.661559000,1.919418335,1.905952573,1.932317654
4757,43.664631000,1.912463665,1.908170223,1.922842820
4758,43.667703000,1.913039684,1.910339355,1.927935123
4759,43.670775000,1.807095724,1.809273198,1.855054329
4760,43.673847000,1.915299892,1.897367795,1.929173311
4761,43.676919000,1.697583179,1.655006456,1.698100279
4762,43.679991000,1.770699171,1.723808502,1.756690999
4763,43.683063000,1.820217349,1.788482984,1.921641350
4764,43.686135000,1.922275543,1.903515259,1.931532701
4765,43.689207000,1.607630936,1.699083939,1.597703171
4766,43.692279000,1.890909811,1.881442646,1.898851603
4767,43.695351000,1.910844326,1.900325855,1.923094908
4768,43.698423000,1.890076121,1.873745282,1.905840715
4769,43.701495000,1.856100058,1.841718038,1.876300265
4770,43.704567000,1.820355933,1.822361156,1.814488391
4771,43.707639000,1.852778658,1.861276989,1.892991364
4772,43.710711000,1.905813143,1.891359140,1.913445731
4773,43.713783000,1.917057514,1.903695981,1.928486745
4774,43.716855000,1.895772765,1.888282220,1.899982075
4775,43.719927000,1.930745443,1.914925257,1.943024635
4776,43.722999000,1.932293892,1.918093046,1.940985998
4777,43.726071000,1.898687124,1.885940512,1.913341522
4778,43.729143000,1.881948888,1.867822289,1.890869697
4779,43.732215000,1.896395524,1.885626157,1.907598893
4780,43.735287000,1.917378664,1.909386953,1.927449067
4781,43.738359000,1.787077121,1.883423805,1.816844240
4782,43.741431000,1.913705826,1.902810097,1.922440926
4783,43.744503000,1.894386182,1.877859563,1.899713715
4784,43.747575000,1.881496429,1.865954081,1.892576337
4785,43.750647000,1.912410736,1.891365369,1.921242237
4786,43.753719000,1.899665356,1.887019714,1.908838272
4787,43.756791000,1.891751704,1.883647909,1.902742704
4788,43.759863000,1.912609736,1.913493236,1.921683629
4789,43.762935000,1.916167577,1.900363088,1.924433072
4790,43.766007000,1.906021605,1.893631935,1.910717368
4791,43.769079000,1.869280934,1.857924382,1.912474076
4792,43.772151000,1.914369504,1.903154532,1.928296407
4793,43.775223000,1.955325226,1.885656834,1.955801706
4794,43.778295000,1.744401048,1.775648788,1.758688639
4795,43.781367000,1.897931576,1.890662988,1.908477386
4796,43.784439000,1.706293230,1.756690231,1.711379717
4797,43.787511000,1.822411701,1.896578868,1.838753104
4798,43.790583000,1.609699498,1.719327589,1.621579039
4799,43.793655000,1.881934047,1.877785047,1.893881559
4800,43.796727000,1.824199791,1.798111369,1.838424866
4801,43.799799000,1.789929287,1.899958710,1.813961258
4802,43.802871000,1.924514135,1.910968781,1.934243838
4803,43.805943000,1.899270276,1.883302450,1.907502691
4804,43.809015000,1.880851150,1.852744142,1.888975104
4805,43.812087000,1.891591072,1.877939383,1.907772144
4806,43.815159000,1.905461828,1.890121698,1.918566942
4807,43.818231000,1.900811831,1.896102031,1.914103746
4808,43.821303000,1.898598005,1.831617932,1.896038105
4809,43.824375000,1.903826157,1.875232796,1.912324250
4810,43.827447000,1.850484965,1.806032270,1.864982036
4811,43.830519000,1.602630445,1.664806624,1.634339869
4812,43.833591000,1.402028240,1.526112753,1.309082200
4813,43.836663000,1.886330426,1.876523991,1.896825512
4814,43.839735000,1.909831266,1.871898651,1.354064882
4815,43.842807000,1.899548848,1.895632903,1.914706389
4816,43.845879000,1.904039999,1.890932202,1.914243420
4817,43.848951000,1.904733817,1.868172149,1.913848559
4818,43.852023000,1.707600274,1.749592468,1.766211793
4819,43.855095000,1.884634619,1.884514650,1.904234111
4820,43.858167000,1.863890469,1.863819674,1.910424391
4821,43.861239000,1.858135725,1.847269649,1.854019076
4822,43.864311000,1.859714193,1.815068324,1.859818339
4823,43.867383000,1.903212458,1.857577413,1.915823698
4824,43.870455000,1.901568095,1.895895640,1.915525277
4825,43.873527000,1.907279491,1.901094596,1.916622718
4826,43.876599000,1.890788833,1.869539261,1.902843753
4827,43.879671000,1.909092347,1.898565451,1.921233654
4828,43.882743000,1.913901965,1.902398745,1.924142520
4829,43.885815000,1.726511851,1.781745394,1.792053079
4830,43.888887000,1.854161183,1.870764017,1.917806864
4831,43.891959000,1.846844107,1.858708560,1.885539412
4832,43.895031000,1.901799699,1.891982555,1.913647691
4833,43.898103000,1.915108015,1.904370348,1.925167918
4834,43.901175000,1.912819465,1.903582911,1.924855391
4835,43.904247000,1.643663668,1.611041136,1.665629918
4836,43.907319000,1.923646768,1.910696824,1.932563464
4837,43.910391000,1.915561914,1.909511566,1.928691705
4838,43.913463000,1.908737659,1.891252677,1.918871880
4839,43.916535000,1.829423552,1.798246687,1.844419569
4840,43.919607000,1.916239182,1.878801107,1.925726314
4841,43.922679000,1.323654731,1.828602990,1.331035207
4842,43.925751000,1.789651692,1.896730582,1.880407254
4843,43.928823000,1.935035865,1.898232937,1.944767872
4844,43.931895000,1.859970834,1.874660353,1.867380659
4845,43.934967000,1.760603932,1.756461998,1.749665166
4846,43.938039000,1.922692855,1.913938920,1.927895019
4847,43.941111000,1.924833775,1.900942246,1.935124000
4848,43.944183000,1.893089215,1.880634467,1.909338713
4849,43.947255000,1.908128897,1.905856848,1.920258681
4850,43.950327000,1.889447848,1.872772932,1.900913715
4851,43.953399000,1.897473176,1.888796409,1.905423204
4852,43.956471000,1.914403756,1.845302254,1.920548558
4853,43.959543000,1.913756311,1.891345431,1.901994834
4854,43.962615000,1.916425228,1.897976319,1.927879175
4855,43.965687000,1.898457050,1.891804496,1.914685408
4856,43.968759000,1.912766760,1.906936064,1.934907595
4857,43.971831000,1.917891661,1.910432180,1.930338621
4858,43.974903000,1.910431703,1.902397871,1.920927207
4859,43.977975000,1.812732411,1.873912732,1.831489022
4860,43.981047000,1.911485831,1.905923049,1.923992793
4861,43.984119000,1.921198686,1.913218816,1.929749012
4862,43.987191000,1.874819482,1.869309117,1.896095534
4863,43.990263000,1.711310068,1.831426998,1.743751240
4864,43.993335000,1.678991007,1.732840374,1.675487372
4865,43.996407000,1.820402359,1.818153039,1.872768531
4866,43.999479000,1.908942302,1.902093172,1.915250818
4867,44.002551000,1.927652041,1.918958584,1.936279853
4868,44.005623000,1.910938899,1.903452237,1.924548149
4869,44.008695000,1.046948781,1.762641817,1.314665154
4870,44.011767000,1.325966487,1.762813538,1.626754065
4871,44.014839000,1.898860017,1.883339127,1.906356653
4872,44.017911000,1.906659385,1.883163532,1.920173168
4873,44.020983000,1.913967768,1.906479994,1.929729780
4874,44.024055000,1.738000497,1.830762376,1.741903010
4875,44.027127000,1.835176140,1.827593148,1.853510876
4876,44.030199000,1.873807222,1.885666865,1.926304817
4877,44.033271000,1.925760905,1.915058374,1.936733564
4878,44.036343000,1.912680050,1.907954931,1.926142693
4879,44.039415000,1.899551272,1.883574049,1.910192966
4880,44.042487000,1.894014835,1.880360246,1.905732751
4881,44.045559000,1.824184179,1.858491962,1.838827344
4882,44.048631000,1.879708663,1.872877379,1.899882893
4883,44.051703000,1.923842510,1.919728279,1.933573246
4884,44.054775000,1.903030554,1.891320705,1.918129762
4885,44.057847000,1.927249273,1.920056343,1.937242508
4886,44.060919000,1.899927616,1.875191291,1.912569205
4887,44.063991000,1.861306767,1.853634089,1.871703595
4888,44.067063000,1.904895951,1.888408989,1.915222625
4889,44.070135000,1.648989116,1.738272396,1.648284304
4890,44.073207000,1.903318365,1.888830364,1.908318460
4891,44.076279000,1.896684738,1.873999387,1.905695597
4892,44.079351000,1.872754415,1.819948539,1.873486797
4893,44.082423000,1.924492359,1.910196265,1.930761496
4894,44.085495000,1.760506072,1.736921395,1.798835859
4895,44.088567000,1.918769519,1.907857100,1.929862976
4896,44.091639000,1.908733527,1.890038212,1.916582266
4897,44.094711000,1.727037489,1.725629071,1.754204636
4898,44.097783000,1.909160932,1.897485097,1.919573943
4899,44.100855000,1.826925596,1.790280387,1.857721373
4900,44.103927000,1.884176960,1.856948410,1.887935380
4901,44.106999000,1.884454245,1.854804307,1.885884881
4902,44.110071000,1.753957414,1.623426755,1.746670122
4903,44.113143000,1.895488898,1.828593935,1.913319906
4904,44.116215000,1.904384772,1.893135150,1.916198413
4905,44.119287000,1.902275006,1.896902005,1.912596305
4906,44.122359000,1.793273972,1.884991318,1.858945926
4907,44.125431000,1.899058024,1.890968323,1.911529462
4908,44.128503000,1.900648594,1.888010184,1.906034708
4909,44.131575000,1.892386278,1.876026392,1.902805567
4910,44.134647000,1.825700596,1.797652702,1.863250852
4911,44.137719000,1.919129610,1.912707726,1.924604734
4912,44.140791000,1.972710212,1.873896758,1.969375690
4913,44.143863000,1.797904136,1.789709806,1.855529179
4914,44.146935000,1.645026998,1.724860790,1.645564362
4915,44.150007000,1.913095792,1.914840539,1.929214636
4916,44.153079000,1.908034960,1.901000619,1.921431859
4917,44.156151000,1.806474266,1.812746684,1.846204052
4918,44.159223000,1.882555525,1.812020441,1.897133658
4919,44.162295000,1.903931141,1.896965345,1.919006109
4920,44.165367000,1.918003644,1.904428005,1.929096182
4921,44.168439000,1.899313450,1.882277568,1.915208022
4922,44.171511000,1.909332593,1.898810367,1.921283325
4923,44.174583000,1.814456763,1.827723106,1.820760618
4924,44.177655000,1.906290611,1.900279999,1.918268681
4925,44.180727000,1.897690852,1.890077273,1.914315517
4926,44.183799000,1.864938964,1.875736992,1.858406688
4927,44.186871000,1.838976805,1.835794061,1.912442644
4928,44.189943000,1.894570033,1.885425647,1.910845439
4929,44.193015000,1.660312350,1.718228887,1.669992482
4930,44.196087000,1.590026021,1.877219081,1.149289077
4931,44.199159000,1.607565402,1.902200699,1.647046695
4932,44.202231000,1.874515414,1.892274658,1.909731944
4933,44.205303000,1.907188574,1.888033430,1.898674945
4934,44.208375000,1.856627673,1.794082522,1.868774811
4935,44.211447000,1.904480457,1.893019676,1.916788419
4936,44.214519000,1.857797792,1.869656503,1.890563726
4937,44.217591000,1.726962805,1.835648492,1.767868901
4938,44.220663000,1.859207392,1.890680949,1.911842048
4939,44.223735000,1.893472115,1.872966409,1.908358018
4940,44.226807000,1.900014242,1.891762495,1.914998849
4941,44.229879000,1.903547605,1.888765335,1.917075634
4942,44.232951000,1.715888280,1.761129051,1.739253121
4943,44.236023000,1.894986391,1.878220002,1.905241768
4944,44.239095000,1.905726671,1.900346279,1.918721040
4945,44.242167000,1.900925954,1.885151386,1.912346125
4946,44.245239000,1.411534632,1.571399604,1.413233029
4947,44.248311000,1.918636362,1.911957582,1.930320024
4948,44.251383000,1.918929577,1.906077544,1.924849510
4949,44.254455000,1.898092767,1.877418756,1.904663006
4950,44.257527000,1.914601485,1.909282684,1.925423781
4951,44.260599000,1.918273767,1.908232848,1.927958965
4952,44.263671000,1.929321130,1.919856707,1.939902862
4953,44.266743000,1.896687587,1.884847840,1.908975601
4954,44.269815000,1.901166121,1.885277669,1.915269693
4955,44.272887000,1.800789957,1.831903428,1.821938992
4956,44.275959000,1.863753781,1.843944798,1.889989336
4957,44.279031000,1.825855136,1.918361187,1.864057750
4958,44.282103000,1.812703798,1.780673452,1.815382282
4959,44.285175000,1.915998300,1.900340239,1.931571802
4960,44.288247000,1.916123708,1.886389414,1.929258029
4961,44.291319000,1.912200014,1.848573387,1.897603174
4962,44.294391000,1.916464483,1.883227805,1.920605918
4963,44.297463000,1.923300564,1.874883677,1.916678627
4964,44.300535000,1.727006659,1.784915954,1.740578602
4965,44.303607000,1.765528617,1.798831972,1.877953808
4966,44.306679000,1.916491826,1.901593606,1.928780635
4967,44.309751000,1.830015654,1.789754579,1.840457817
4968,44.312823000,1.955953822,1.873134534,1.965779016
4969,44.315895000,1.926593304,1.878934570,1.937765598
4970,44.318967000,1.486958907,1.624228603,1.482968047
4971,44.322039000,1.871572539,1.890567064,1.828395208
4972,44.325111000,1.852587601,1.894737085,1.837137600
4973,44.328183000,1.914492925,1.905539354,1.928721110
4974,44.331255000,1.924768488,1.905815005,1.931896130
4975,44.334327000,1.906990896,1.902477468,1.912338689
4976,44.337399000,1.936676979,1.892021855,1.942272027
4977,44.340471000,1.732574875,1.714861438,1.746936952
4978,44.343543000,1.840043587,1.845030198,1.878249576
4979,44.346615000,1.928734938,1.917582552,1.939105829
4980,44.349687000,1.937162717,1.923531731,1.942689260
4981,44.352759000,1.895096128,1.874531249,1.906713208
4982,44.355831000,1.873336554,1.853206774,1.888833066
4983,44.358903000,1.915375074,1.909755786,1.917237202
4984,44.361975000,1.835856441,1.813300952,1.837888728
4985,44.365047000,1.898558935,1.893674215,1.910471121
4986,44.368119000,1.903868675,1.895368934,1.913739681
4987,44.371191000,1.907727242,1.886230548,1.916729371
4988,44.374263000,1.895854791,1.871416092,1.907382647
4989,44.377335000,1.842321843,1.852588395,1.842065692
4990,44.380407000,1.900712967,1.880729377,1.914499919
4991,44.383479000,1.910686970,1.888491074,1.922512054
4992,44.386551000,1.674598698,1.743070804,1.696173474
4993,44.389623000,1.888022463,1.875611226,1.900352716
4994,44.392695000,1.801720425,1.779396613,1.839348584
4995,44.395767000,1.825701537,1.732004538,1.833578780
4996,44.398839000,1.812406164,1.768042048,1.807087404
4997,44.401911000,1.667383447,1.673184333,1.717850159
4998,44.404983000,1.889016310,1.884017577,1.901685218
4999,44.408055000,1.911074713,1.871996532,1.917221705
5000,44.411127000,1.829357957,1.735111008,1.739443034
5001,44.414199000,1.792520051,1.753520225,1.911999633
5002,44.417271000,1.899362405,1.881530285,1.915513674
5003,44.420343000,1.912964980,1.915169716,1.924089193
5004,44.423415000,1.899145921,1.895295143,1.911912044
5005,44.426487000,1.901056925,1.891841094,1.909028292
5006,44.429559000,1.649509604,1.679520468,1.650934930
5007,44.432631000,1.898622672,1.883553187,1.907256126
5008,44.435703000,1.771484671,1.754814635,1.786987891
5009,44.438775000,1.910980463,1.905250371,1.918117026
5010,44.441847000,1.886564990,1.881159633,1.900121868
5011,44.444919000,1.919470628,1.882707357,1.926623027
5012,44.447991000,1.928939819,1.930286249,1.934631586
5013,44.451063000,1.800611859,1.780731718,1.780964717
5014,44.454135000,1.662951502,1.901896596,1.702615668
5015,44.457207000,1.918077628,1.907413801,1.929488500
5016,44.460279000,1.921794573,1.917544762,1.932674408
5017,44.463351000,1.890934388,1.882884502,1.903025349
5018,44.466423000,1.898228725,1.888699532,1.911364396
5019,44.469495000,1.900296529,1.890075366,1.913902442
5020,44.472567000,1.917244067,1.908509612,1.921375155
5021,44.475639000,1.853953987,1.849140187,1.865907609
5022,44.478711000,1.910195192,1.903070450,1.922479947
5023,44.481783000,1.798640721,1.831634750,1.809017037
5024,44.484855000,1.908931553,1.902965228,1.915428837
5025,44.487927000,1.857611333,1.827406416,1.870530963
5026,44.490999000,1.886439070,1.876646161,1.895345728
5027,44.494071000,1.803253329,1.783252902,1.828317503
5028,44.497143000,1.823928972,1.795855110,1.835532983
5029,44.500215000,1.913190047,1.908275048,1.924871445
5030,44.503287000,1.806149398,1.763371895,1.816679974
5031,44.506359000,1.909854571,1.901457628,1.920788765
5032,44.509431000,1.895684401,1.878771782,1.907624245
5033,44.512503000,1.912638823,1.906685988,1.927347819
5034,44.515575000,1.958550294,1.840459943,1.956313451
5035,44.518647000,1.904749393,1.900287310,1.915063858
5036,44.521719000,1.905795336,1.891535739,1.916678727
5037,44.524791000,1.875661572,1.887643735,1.877333860
5038,44.527863000,1.763040980,1.673300013,1.801371823
5039,44.530935000,1.904520353,1.888146957,1.911784331
5040,44.534007000,1.898682117,1.882272482,1.910295010
5041,44.537079000,1.820328198,1.826123893,1.815830837
5042,44.540151000,1.907474995,1.900302092,1.919929187
5043,44.543223000,1.782902628,1.712780957,1.806928297
5044,44.546295000,1.861490553,1.850338995,1.873690049
5045,44.549367000,1.758274103,1.751049591,1.761456271
5046,44.552439000,1.896753410,1.885678728,1.905689875
5047,44.555511000,1.881207108,1.829887380,1.859891901
5048,44.558583000,1.920034250,1.906208992,1.931544304
5049,44.561655000,1.802653921,1.822108606,1.833649457
5050,44.564727000,1.925892274,1.916571498,1.933457454
5051,44.567799000,1.919165691,1.911917845,1.930216471
5052,44.570871000,1.932264805,1.918854952,1.940996011
5053,44.573943000,1.909887632,1.905753374,1.923747857
5054,44.577015000,1.617525225,1.710686378,1.631106046
5055,44.580087000,1.909691811,1.901474237,1.922769705
5056,44.583159000,1.908812682,1.898735523,1.919987520
5057,44.586231000,1.926075752,1.905369366,1.932449063
5058,44.589303000,1.921113173,1.913628260,1.932678223
5059,44.592375000,1.925650915,1.907520930,1.935934226
5060,44.595447000,1.814350472,1.829964946,1.817579200
5061,44.598519000,1.915508042,1.800631225,1.922351102
5062,44.601591000,1.909790138,1.901870906,1.916890502
5063,44.604663000,1.645438101,1.780413605,1.662940957
5064,44.607735000,1.937262853,1.934628487,1.944806576
5065,44.610807000,1.890055219,1.881955882,1.899688303
5066,44.613879000,1.889669657,1.874756893,1.898496230
5067,44.616951000,1.908100764,1.891753574,1.916557391
5068,44.620023000,1.886915843,1.873428663,1.899938345
5069,44.623095000,1.917399406,1.893725316,1.926339388
5070,44.626167000,1.725564813,1.892825723,1.826258103
5071,44.629239000,1.901757240,1.883559863,1.913019180
5072,44.632311000,1.892381350,1.876185020,1.904431343
5073,44.635383000,1.886012713,1.865190347,1.899562200
5074,44.638455000,1.875439803,1.857234955,1.889295816
5075,44.641527000,1.904303789,1.873066803,1.911183159
5076,44.644599000,1.651107940,1.749806484,1.677740465
5077,44.647671000,1.903208892,1.884667953,1.912324667
5078,44.650743000,1.893303553,1.886911472,1.905638536
5079,44.653815000,1.878041049,1.853376140,1.885056555
5080,44.656887000,1.893681129,1.869908810,1.902542909
5081,44.659959000,1.903679371,1.878518979,1.913205425
5082,44.663031000,1.889339844,1.875916958,1.898395022
5083,44.666103000,1.802541934,1.812643240,1.773773645
5084,44.669175000,1.863508344,1.887880802,1.878020028
5085,44.672247000,1.830386631,1.877280538,1.829548856
5086,44.675319000,1.905848662,1.883715987,1.917632580
5087,44.678391000,1.894139131,1.882510742,1.908601284
5088,44.681463000,1.560861933,1.706027395,1.574221298
5089,44.684535000,1.786033064,1.867811839,1.633654306
5090,44.687607000,1.862378985,1.896478573,1.905902704
5091,44.690679000,1.901507219,1.883960764,1.910315990
5092,44.693751000,1.846734414,1.851079394,1.855126371
5093,44.696823000,1.716022741,1.758999204,1.719986230
5094,44.699895000,1.678365091,1.851697306,1.749856035
5095,44.702967000,1.932134628,1.916882833,1.943523566
5096,44.706039000,1.879616201,1.895162423,1.788353880
5097,44.709111000,1.501893779,1.878030181,1.584787205
5098,44.712183000,1.968361894,1.867930730,1.970203042
5099,44.715255000,1.921504974,1.900504986,1.928265413
5100,44.718327000,1.898089170,1.886323770,1.908411344
5101,44.721399000,1.906992793,1.896178941,1.918321530
5102,44.724471000,1.909062862,1.880540848,1.916980942
5103,44.727543000,1.924262206,1.916227102,1.933011373
5104,44.730615000,1.892880244,1.880362650,1.905740549
5105,44.733687000,1.890383244,1.871105949,1.899867217
5106,44.736759000,1.871392568,1.914290110,1.924990336
5107,44.739831000,1.856313611,1.817164252,1.872469723
5108,44.742903000,1.938042005,1.866951029,1.942883650
5109,44.745975000,1.995349447,1.845834255,1.990192831
5110,44.749047000,1.952914556,1.911210060,1.958565076
5111,44.752119000,1.814091768,1.860653629,1.822449813
5112,44.755191000,1.888461332,1.866405795,1.900335570
5113,44.758263000,1.922578335,1.918386459,1.935027440
5114,44.761335000,1.918964068,1.909536203,1.933862686
5115,44.764407000,1.724572564,1.859837810,1.632298479
5116,44.767479000,1.836090555,1.906454722,1.900424361
5117,44.770551000,1.953201701,1.844639793,1.961679955
5118,44.773623000,1.796681191,1.826301634,1.805227458
5119,44.776695000,1.917605956,1.910391331,1.926164587
5120,44.779767000,1.899885972,1.881702741,1.912826379
5121,44.782839000,1.784953127,1.894943714,1.797048723
5122,44.785911000,1.902739843,1.886120796,1.913391113
5123,44.788983000,1.786115589,1.806779762,1.790690179
5124,44.792055000,1.898358186,1.880626043,1.908890327
5125,44.795127000,1.880093575,1.857795715,1.893951734
5126,44.798199000,1.878419409,1.851096516,1.887833029
5127,44.801271000,1.910936991,1.888674378,1.915592353
5128,44.804343000,1.881001547,1.853990575,1.887015700
5129,44.807415000,1.913276598,1.888257384,1.920937628
5130,44.810487000,1.934799353,1.906057835,1.944214503
5131,44.813559000,1.885179463,1.878337751,1.890933843
5132,44.816631000,1.848698175,1.855112871,1.904140592
5133,44.819703000,1.895664295,1.882518848,1.890186032
5134,44.822775000,1.914163113,1.895463149,1.925235907
5135,44.825847000,1.915574451,1.904867450,1.919385950
5136,44.828919000,1.894689798,1.886672815,1.904844244
5137,44.831991000,1.916591088,1.912512223,1.925133546
5138,44.835063000,1.903156042,1.881241679,1.907654603
5139,44.838135000,1.903046290,1.886372606,1.913998127
5140,44.841207000,1.904733817,1.907612642,1.919672807
5141,44.844279000,1.878882209,1.893383503,1.874931206
5142,44.847351000,1.910512110,1.893967668,1.917611877
5143,44.850423000,1.906494935,1.894747814,1.915830135
5144,44.853495000,1.907849153,1.883691152,1.922479153
5145,44.856567000,1.897930304,1.885566572,1.906310797
5146,44.859639000,1.910325686,1.905149062,1.919015010
5147,44.862711000,1.898661455,1.881612380,1.905431668
5148,44.865783000,1.898322423,1.884569407,1.911982695
5149,44.868855000,1.906970501,1.900653680,1.919425646
5150,44.871927000,1.907516321,1.890032689,1.915377537
5151,44.874999000,1.905174414,1.891289949,1.918326139
5152,44.878071000,1.875675286,1.874093473,1.893850247
5153,44.881143000,1.906479041,1.895502090,1.916050593
5154,44.884215000,1.894204656,1.884910623,1.906462351
5155,44.887287000,1.859424134,1.888222178,1.870395978
5156,44.890359000,1.901912848,1.895409505,1.913660049
5157,44.893431000,1.915584008,1.893106182,1.929507097
5158,44.896503000,1.898183664,1.886000474,1.912027677
5159,44.899575000,1.907181899,1.908327262,1.921988487
5160,44.902647000,1.923915943,1.909633954,1.930912614
5161,44.905719000,1.884738445,1.874179443,1.893359164
5162,44.908791000,1.902631919,1.892007113,1.910937707
5163,44.911863000,1.912228425,1.909453789,1.923646530
5164,44.914935000,1.695859217,1.718482199,1.678979409
5165,44.918007000,1.705721277,1.786789718,1.761095852
5166,44.921079000,1.904348195,1.890045613,1.915139914
5167,44.924151000,1.918223063,1.920149167,1.930148125
5168,44.927223000,1.910596689,1.905013243,1.925038735
5169,44.930295000,1.882628858,1.880729278,1.887915383
5170,44.933367000,1.920692603,1.915357272,1.932384411
5171,44.936439000,1.922589461,1.915142059,1.926864147
5172,44.939511000,1.885599484,1.818057090,1.895170609
5173,44.942583000,1.899220308,1.878399611,1.911232789
5174,44.945655000,1.916314602,1.908833901,1.918974956
5175,44.948727000,1.884573758,1.872264147,1.906857808
5176,44.951799000,1.907156626,1.902491252,1.920818806
5177,44.954871000,1.915245533,1.908705473,1.921334346
5178,44.957943000,1.885493090,1.884993911,1.899678389
5179,44.961015000,1.816565039,1.848640328,1.832138265
5180,44.964087000,1.850127538,1.838961904,1.857309793
5181,44.967159000,1.633018998,1.709066190,1.715506631
5182,44.970231000,1.905905386,1.897488515,1.913118879
5183,44.973303000,1.864017998,1.729287972,1.846836478
5184,44.976375000,1.765717452,1.751001020,1.743656079
5185,44.979447000,1.912687898,1.882832766,1.930333058
5186,44.982519000,1.899858475,1.895986001,1.915480773
5187,44.985591000,1.890179810,1.867893418,1.899413844
5188,44.988663000,1.838318606,1.846612424,1.851072242
5189,44.991735000,1.889783223,1.872433662,1.901712418
5190,44.994807000,1.929932594,1.922815005,1.935329040
5191,44.997879000,1.912408193,1.902570248,1.925502539
5192,45.000951000,1.925859610,1.924067656,1.933481057
5193,45.004023000,1.930405458,1.926377932,1.940467914
5194,45.007095000,1.928216944,1.871045113,1.933270613
5195,45.010167000,1.915287018,1.911408822,1.925836245
5196,45.013239000,1.914163510,1.894071341,1.929617882
5197,45.016311000,1.905540307,1.887389739,1.916959286
5198,45.019383000,1.862484196,1.880752802,1.865910570
5199,45.022455000,1.721995721,1.877630154,1.491571434
5200,45.025527000,1.646212210,1.899128675,1.685986380
5201,45.028599000,1.832054545,1.883801262,1.868742257
5202,45.031671000,1.790320595,1.889514685,1.747681479
5203,45.034743000,0.922154680,1.886990468,1.116287939
5204,45.037815000,1.910037259,1.870747705,1.916138341
5205,45.040887000,1.893850485,1.882344961,1.907255014
5206,45.043959000,1.892390251,1.884296417,1.908505122
5207,45.047031000,1.925519625,1.910219510,1.933972677
5208,45.050103000,1.903706710,1.883877039,1.910726627
5209,45.053175000,1.904118379,1.891654332,1.915827115
5210,45.056247000,1.897187153,1.888110399,1.909015258
5211,45.059319000,1.894286871,1.881961902,1.907983462
5212,45.062391000,1.901111841,1.881993850,1.906432311
5213,45.065463000,1.847558757,1.900497993,1.822376321
5214,45.068535000,1.524694309,1.854223927,1.500680231
5215,45.071607000,1.814424517,1.835382779,1.874812166
5216,45.074679000,1.905247211,1.891998132,1.916317741
5217,45.077751000,1.891094446,1.879010359,1.904769023
5218,45.080823000,1.902690252,1.888052662,1.912850380
5219,45.083895000,1.896352688,1.882986228,1.910669486
5220,45.086967000,1.903191090,1.894243519,1.913825671
5221,45.090039000,1.909814517,1.901527087,1.922774156
5222,45.093111000,1.436869229,1.900248607,1.299444546
5223,45.096183000,1.720611845,1.879918814,1.677540883
5224,45.099255000,1.819530765,1.895409266,1.860096763
5225,45.102327000,1.895487467,1.880704006,1.907407045
5226,45.105399000,1.765432869,1.752527515,1.769197737
5227,45.108471000,1.800959781,1.903477987,1.802179659
5228,45.111543000,1.784872731,1.848635246,1.811430613
5229,45.114615000,1.841980924,1.755219350,1.869008899
5230,45.117687000,1.924197833,1.909345865,1.936795870
5231,45.120759000,1.921232621,1.917551597,1.928177993
5232,45.123831000,1.889905090,1.892234604,1.910980344
5233,45.126903000,1.880095378,1.894456049,1.900610308
5234,45.129975000,1.896192869,1.882586161,1.910596212
5235,45.133047000,1.901464979,1.886481941,1.911655108
5236,45.136119000,1.908272028,1.898386876,1.914843917
5237,45.139191000,1.842627188,1.896839817,1.829207902
5238,45.142263000,1.911019802,1.894592444,1.921641350
5239,45.145335000,1.842439994,1.829005395,1.846628457
5240,45.148407000,1.907716751,1.886877537,1.920772552
5241,45.151479000,1.895331224,1.889648676,1.907188972
5242,45.154551000,1.799556285,1.771444558,1.773620307
5243,45.157623000,1.823279773,1.825931132,1.852955644
5244,45.160695000,1.850287994,1.845875740,1.880364358
5245,45.163767000,1.902093569,1.895990372,1.912540118
5246,45.166839000,1.908890486,1.904468139,1.919199228
5247,45.169911000,1.887550692,1.880184412,1.898951848
5248,45.172983000,1.886075815,1.871674379,1.896966537
5249,45.176055000,1.899289449,1.893224557,1.912608941
5250,45.179127000,1.843277931,1.811827352,1.851961732
5251,45.182199000,1.903021812,1.885373592,1.919319073
5252,45.185271000,1.831460600,1.826782472,1.838213205
5253,45.188343000,1.899751981,1.893256903,1.911305030
5254,45.191415000,1.850880509,1.817537725,1.857405394
5255,45.194487000,1.909984430,1.898631454,1.917966843
5256,45.197559000,1.863915424,1.881313642,1.814661950
5257,45.200631000,1.226080713,1.864722232,1.221064312
5258,45.203703000,1.781813254,1.900667826,1.771094705
5259,45.206775000,1.889808098,1.873406649,1.903084596
5260,45.209847000,1.900655905,1.888120015,1.915541172
5261,45.212919000,1.904668331,1.894493262,1.920184453
5262,45.215991000,1.907899062,1.903540214,1.916901906
5263,45.219063000,1.901601156,1.891629537,1.916536808
5264,45.222135000,1.911999782,1.902152300,1.923437198
5265,45.225207000,1.902283827,1.902641614,1.917028745
5266,45.228279000,1.840401466,1.805265749,1.842466464
5267,45.231351000,1.879628286,1.889247100,1.895971179
5268,45.234423000,1.893647432,1.884252866,1.907676061
5269,45.237495000,1.905557474,1.893788576,1.914130370
5270,45.240567000,1.865772265,1.826463292,1.896913310
5271,45.243639000,1.834097738,1.705124592,1.823417018
5272,45.246711000,1.897882978,1.885751367,1.909158170
5273,45.249783000,1.806500035,1.726423740,1.835203350
5274,45.252855000,1.882669767,1.865372499,1.901893616
5275,45.255927000,1.889383634,1.880757729,1.902710835
5276,45.258999000,1.905714035,1.895521561,1.917735418
5277,45.262071000,1.890865564,1.870086988,1.901591063
5278,45.265143000,1.872605324,1.893073360,1.899192154
5279,45.268215000,1.911435445,1.907715321,1.920151711
5280,45.271287000,1.904705207,1.899661064,1.919518630
5281,45.274359000,1.893689950,1.882298152,1.908900579
5282,45.277431000,1.908570449,1.898734490,1.919936816
5283,45.280503000,1.910972118,1.906228622,1.921569109
5284,45.283575000,1.905447125,1.898186207,1.923517386
5285,45.286647000,1.827457517,1.790170108,1.849558562
5286,45.289719000,1.885051370,1.872973482,1.868145317
5287,45.292791000,1.867184132,1.793228577,1.904280881
5288,45.295863000,1.910247326,1.899509350,1.918655078
5289,45.298935000,1.808497322,1.849966561,1.844623571
5290,45.302007000,1.922425906,1.901744048,1.936602592
5291,45.305079000,1.893200874,1.873145362,1.902169029
5292,45.308151000,1.926447709,1.916983128,1.936097463
5293,45.311223000,1.867093861,1.828955273,1.881816288
5294,45.314295000,1.898413261,1.898909489,1.912979364
5295,45.317367000,1.914188544,1.899633725,1.928161939
5296,45.320439000,1.868732785,1.834126463,1.862112989
5297,45.323511000,1.893752098,1.882122596,1.906295935
5298,45.326583000,1.895198286,1.890606443,1.902107000
5299,45.329655000,1.850586161,1.863082414,1.860803664
5300,45.332727000,1.895214081,1.890297016,1.904404521
5301,45.335799000,1.903227806,1.890078942,1.911970933
5302,45.338871000,1.911537886,1.901476542,1.919003407
5303,45.341943000,1.902795951,1.899802526,1.912040075
5304,45.345015000,1.903695901,1.899978876,1.910403252
5305,45.348087000,1.909564743,1.897359967,1.914472262
5306,45.351159000,1.835739431,1.830513497,1.843864431
5307,45.354231000,1.890563438,1.880241692,1.901491900
5308,45.357303000,1.977051179,1.829225659,1.971348087
5309,45.360375000,1.938959122,1.928313573,1.945394993
5310,45.363447000,1.920236111,1.913633347,1.928975105
5311,45.366519000,1.934390704,1.919028600,1.941966375
5312,45.369591000,1.910451571,1.902060429,1.922099352
5313,45.372663000,1.917836348,1.913058122,1.925339778
5314,45.375735000,1.886404802,1.900082986,1.887497683
5315,45.378807000,1.894926866,1.882270018,1.905104399
5316,45.381879000,1.897726059,1.875842333,1.906711260
5317,45.384951000,1.883986205,1.880768776,1.892670800
5318,45.388023000,1.912697951,1.899611592,1.919071118
5319,45.391095000,1.892837207,1.868750254,1.904317856
5320,45.394167000,1.891873201,1.870485624,1.901989460
5321,45.397239000,1.907379270,1.893484433,1.915906519
5322,45.400311000,1.907325268,1.897843758,1.915531119
5323,45.403383000,1.915986538,1.912182887,1.929584980
5324,45.406455000,1.897927761,1.892121712,1.908792178
5325,45.409527000,1.905271371,1.903944651,1.916000803
5326,45.412599000,1.860857998,1.908231060,1.855049476
5327,45.415671000,1.923776468,1.889732281,1.925160249
5328,45.418743000,1.908934673,1.896064957,1.920863469
5329,45.421815000,1.908804019,1.903617064,1.920425097
5330,45.424887000,1.905355851,1.898913781,1.913353841
5331,45.427959000,1.853496358,1.865393758,1.857079983
5332,45.431031000,1.652256378,1.742519120,1.650131335
5333,45.434103000,1.910193443,1.905793985,1.917633812
5334,45.437175000,1.902414739,1.887560050,1.907146811
5335,45.440247000,1.913100561,1.900244315,1.924596707
5336,45.443319000,1.909265359,1.889442682,1.917196751
5337,45.446391000,1.798340594,1.759245319,1.842602809
5338,45.449463000,1.906278451,1.894368966,1.915835222
5339,45.452535000,1.906627893,1.895279010,1.917991837
5340,45.455607000,1.905702432,1.891696453,1.919552644
5341,45.458679000,1.896430810,1.886886795,1.910522540
5342,45.461751000,1.741922696,1.910538554,1.767741146
5343,45.464823000,1.917018811,1.914114952,1.925641696
5344,45.467895000,1.917654355,1.912055333,1.926865896
5345,45.470967000,1.906476021,1.897519787,1.919504682
5346,45.474039000,1.920913537,1.914065202,1.928918839
5347,45.477111000,1.912139972,1.906194488,1.922920545
5348,45.480183000,1.923660119,1.920449098,1.933052858
5349,45.483255000,1.825161298,1.827357858,1.830488945
5350,45.486327000,1.923187097,1.917027513,1.932885329
5351,45.489399000,1.797848949,1.874879589,1.812392478
5352,45.492471000,1.681879257,1.869515260,1.805496097
5353,45.495543000,1.811981877,1.858644823,1.837180585
5354,45.498615000,1.901686947,1.883718212,1.913352092
5355,45.501687000,1.655024303,1.731918638,1.688033049
5356,45.504759000,1.810350982,1.779712364,1.830478996
5357,45.507831000,1.737732962,1.853751292,1.777282283
5358,45.510903000,1.907501380,1.900931855,1.918424567
5359,45.513975000,1.890960574,1.880918652,1.899184664
5360,45.517047000,1.834919268,1.830879827,1.848267972
5361,45.520119000,1.899661064,1.883445909,1.909923573
5362,45.523191000,1.898853620,1.882877966,1.905391296
5363,45.526263000,1.894653877,1.868357499,1.907229980
5364,45.529335000,1.901385466,1.892566681,1.913462162
5365,45.532407000,1.783397853,1.827547111,1.791645701
5366,45.535479000,1.845158443,1.833929092,1.867908870
5367,45.538551000,1.899462064,1.884965817,1.912033876
5368,45.541623000,1.901737690,1.886668404,1.915700595
5369,45.544695000,1.900430232,1.879704287,1.910504818
5370,45.547767000,1.825853638,1.841519391,1.849905123
5371,45.550839000,1.832828517,1.903588454,1.853281587
5372,45.553911000,1.905724049,1.899514834,1.915801684
5373,45.556983000,1.811543370,1.781847427,1.804294656
5374,45.560055000,1.901132266,1.891776562,1.914484978
5375,45.563127000,1.899939219,1.893214166,1.909856876
5376,45.566199000,1.919329961,1.898383935,1.929988384
5377,45.569271000,1.861343178,1.901393572,1.873137469
5378,45.572343000,1.789959177,1.902993043,1.785672540
5379,45.575415000,1.828052158,1.874323964,1.783452804
5380,45.578487000,1.448456233,1.890237312,0.933815082
5381,45.581559000,1.911146035,1.861408234,1.584889452
5382,45.584631000,1.811049749,1.887771606,1.242604841
5383,45.587703000,0.840677937,1.882148703,0.892285290
5384,45.590775000,1.748732229,1.877377669,1.710649264
5385,45.593847000,1.904140631,1.896284024,1.915509383
5386,45.596919000,1.902430058,1.898563981,1.911242406
5387,45.599991000,1.908196370,1.895483911,1.916655620
5388,45.603063000,1.764219776,1.872837146,1.794378638
5389,45.606135000,1.827288317,1.825315540,1.852830927
5390,45.609207000,1.912182649,1.897682985,1.920438608
5391,45.612279000,1.761691856,1.745478729,1.758591637
5392,45.615351000,1.901745001,1.891536514,1.913494428
5393,45.618423000,1.890505950,1.872931401,1.901028792
5394,45.621495000,1.854866321,1.857519974,1.861149232
5395,45.624567000,1.879772166,1.825706884,1.885698309
5396,45.627639000,1.909549673,1.897368987,1.919248978
5397,45.630711000,1.896159649,1.886942705,1.903035402
5398,45.633783000,1.904794455,1.896953066,1.915358146
5399,45.636855000,1.896422545,1.893805106,1.908801317
5400,45.639927000,1.823180260,1.737680177,1.835082253
5401,45.642999000,1.881614948,1.843861570,1.921095848
5402,45.646071000,1.881238798,1.861973763,1.884040534
5403,45.649143000,1.902219772,1.893287500,1.912821611
5404,45.652215000,1.897887071,1.864363750,1.909715811
5405,45.655287000,1.899814606,1.894727468,1.913197175
5406,45.658359000,1.897730192,1.888452609,1.906119506
5407,45.661431000,1.692687012,1.904581547,1.701208606
5408,45.664503000,1.895503521,1.875987132,1.901297887
5409,45.667575000,1.866708269,1.887357394,1.877259990
5410,45.670647000,1.901850382,1.891869386,1.906489333
5411,45.673719000,1.857503315,1.844984666,1.872933577
5412,45.676791000,1.898093859,1.886717598,1.906878471
5413,45.679863000,1.739637333,1.644031259,1.731623347
5414,45.682935000,1.899023533,1.897299369,1.912252903
5415,45.686007000,1.923054298,1.919695854,1.932347059
5416,45.689079000,1.897133668,1.887820562,1.904613694
5417,45.692151000,1.896262407,1.887208621,1.906123241
5418,45.695223000,1.908914328,1.898463885,1.921280066
5419,45.698295000,1.911207835,1.884194851,1.919137716
5420,45.701367000,1.916699568,1.904503981,1.924884756
5421,45.704439000,1.897173991,1.879411101,1.903153817
5422,45.707511000,1.897439763,1.886636535,1.909537882
5423,45.710583000,1.891146739,1.882100185,1.906612237
5424,45.713655000,1.899586836,1.893689712,1.912138144
5425,45.716727000,1.904157480,1.902348479,1.914608081
5426,45.719799000,1.908802191,1.898556471,1.920757771
5427,45.722871000,1.916515032,1.912759463,1.929899375
5428,45.725943000,1.901075204,1.892527342,1.913096984
5429,45.729015000,1.665398290,1.883048375,1.691540202
5430,45.732087000,1.897099932,1.874001622,1.905821721
5431,45.735159000,1.909068028,1.909086863,1.919551849
5432,45.738231000,1.902924180,1.893058856,1.914694389
5433,45.741303000,1.898973624,1.890525589,1.910263797
5434,45.744375000,1.856377666,1.876530051,1.912731409
5435,45.747447000,1.910972118,1.901315212,1.923836231
5436,45.750519000,1.909498056,1.898917596,1.920474211
5437,45.753591000,1.701004083,1.695694377,1.728992874
5438,45.756663000,1.906781435,1.900048892,1.917010387
5439,45.759735000,1.899872621,1.894101699,1.913024584
5440,45.762807000,1.895052592,1.882516623,1.911044677
5441,45.765879000,1.916065057,1.891393503,1.927239100
5442,45.768951000,1.923091412,1.922115962,1.934647799
5443,45.772023000,1.906815052,1.899932543,1.920504729
5444,45.775095000,1.773394344,1.756891397,1.792634889
5445,45.778167000,1.916010698,1.903874159,1.925310453
5446,45.781239000,1.876855423,1.886650374,1.889174615
5447,45.784311000,1.797979350,1.760197595,1.812056373
5448,45.787383000,1.876046757,1.903171778,1.926919142
5449,45.790455000,1.897539139,1.889112870,1.910692294
5450,45.793527000,1.885190358,1.866117150,1.898790747
5451,45.796599000,1.904462814,1.887344917,1.917375882
5452,45.799671000,1.908307711,1.897858381,1.919127067
5453,45.802743000,1.904198488,1.901329358,1.916165034
5454,45.805815000,1.891948968,1.877553860,1.903621554
5455,45.808887000,1.715479061,1.680754885,1.757793208
5456,45.811959000,1.917284091,1.909657478,1.926885923
5457,45.815031000,1.894129440,1.895780643,1.911767662
5458,45.818103000,1.891963164,1.880619889,1.903003663
5459,45.821175000,1.614948586,1.703444667,1.594997985
5460,45.824247000,1.165505122,1.865770489,1.153537971
5461,45.827319000,0.737185058,1.913891474,1.287921160
5462,45.830391000,0.998299360,1.872077535,1.314034422
5463,45.833463000,0.936616773,1.833805362,1.571126377
5464,45.836535000,1.469464105,1.875034730,1.699744890
5465,45.839607000,1.906425039,1.894163688,1.921342015
5466,45.842679000,1.825338967,1.831555247,1.840849722
5467,45.845751000,1.805840050,1.838377883,1.893555005
5468,45.848823000,1.891712417,1.845531628,1.894145747
5469,45.851895000,1.794266788,1.757381797,1.798467363
5470,45.854967000,1.883133918,1.857200295,1.911524753
5471,45.858039000,1.914747238,1.867711385,1.925320943
5472,45.861111000,1.892970512,1.881546865,1.903255582
5473,45.864183000,1.683136021,1.755249389,1.739892602
5474,45.867255000,1.758802091,1.902868271,1.789945970
5475,45.870327000,1.914426878,1.857866317,1.920577695
5476,45.873399000,1.771335199,1.749331633,1.788674980
5477,45.876471000,1.900262674,1.885417342,1.908207258
5478,45.879543000,1.903515021,1.895369530,1.917815844
5479,45.882615000,1.917876244,1.914245288,1.927902857
5480,45.885687000,1.889846789,1.908745686,1.907056997
5481,45.888759000,1.928463618,1.918425560,1.933007002
5482,45.891831000,1.661265762,1.681564528,1.652496283
5483,45.894903000,1.901488841,1.883753498,1.911414266
5484,45.897975000,1.928089460,1.901555697,1.932460467
5485,45.901047000,1.849514365,1.821337163,1.854015311
5486,45.904119000,1.880505085,1.862714132,1.897143205
5487,45.907191000,1.879134655,1.857825756,1.886846781
5488,45.910263000,1.897951901,1.885948360,1.908462564
5489,45.913335000,1.908235550,1.891455968,1.918072542
5490,45.916407000,1.898391724,1.848580440,1.905836562
5491,45.919479000,1.870342051,1.798879425,1.906278888
5492,45.922551000,1.903925101,1.893891335,1.914750814
5493,45.925623000,1.769710133,1.755732899,1.779157122
5494,45.928695000,1.875514547,1.874154160,1.889888366
5495,45.931767000,1.876767253,1.874439329,1.911784887
5496,45.934839000,1.875389700,1.830754578,1.659596175
5497,45.937911000,1.643890183,1.892755071,1.480149642
5498,45.940983000,1.857895394,1.866148124,1.807914406
5499,45.944055000,1.870503023,1.824634120,1.865981986
5500,45.947127000,1.940114051,1.836145381,1.947151105
5501,45.950199000,1.894659499,1.854763220,1.899578790
5502,45.953271000,1.840754464,1.808807532,1.850644623
5503,45.956343000,1.880240574,1.865803222,1.848331114
5504,45.959415000,1.918423958,1.890388509,1.913668633
5505,45.962487000,1.827198913,1.821554922,1.814255555
5506,45.965559000,1.767671247,1.673698540,1.805922026
5507,45.968631000,1.891248435,1.904865742,1.883292596
5508,45.971703000,1.864884747,1.849910808,1.881415745
5509,45.974775000,1.891382943,1.885509570,1.890095492
5510,45.977847000,1.698197603,1.867877871,1.697453951
5511,45.980919000,1.858031457,1.889672279,1.871520062
5512,45.983991000,1.903484821,1.885479848,1.913690408
5513,45.987063000,1.868809501,1.858511468,1.877619743
5514,45.990135000,1.845863044,1.829143827,1.855219925
5515,45.993207000,1.784056457,1.799464166,1.823504160
5516,45.996279000,1.901080966,1.876700322,1.894637346
5517,45.999351000,1.921026409,1.842075785,1.913929780
5518,46.002423000,1.910678436,1.906720678,1.921543678
5519,46.005495000,1.864558528,1.840735078,1.850151037
5520,46.008567000,1.916918755,1.902735313,1.928661903
5521,46.011639000,1.906826814,1.903674285,1.916065057
5522,46.014711000,1.782426084,1.808588341,1.786120037
5523,46.017783000,1.744472504,1.903968493,1.803052753
5524,46.020855000,1.906245867,1.894054095,1.917657852
5525,46.023927000,1.916031043,1.909710407,1.929305236
5526,46.026999000,1.904389858,1.899410725,1.916958491
5527,46.030071000,1.905940056,1.895309130,1.915161053
5528,46.033143000,1.879232963,1.869029303,1.890898466
5529,46.036215000,1.910999139,1.906794071,1.919135094
5530,46.039287000,1.899215221,1.893011888,1.908706268
5531,46.042359000,1.860981191,1.844112044,1.872701685
5532,46.045431000,1.897505760,1.877762477,1.906797767
5533,46.048503000,1.784380401,1.751253277,1.823931416
5534,46.051575000,1.926075300,1.918585062,1.935096582
5535,46.054647000,1.903167089,1.902514776,1.915762822
5536,46.057719000,1.788275093,1.775015781,1.815302332
5537,46.060791000,1.898438096,1.877069573,1.912933826
5538,46.063863000,1.894163609,1.881526629,1.903699398
5539,46.066935000,1.882044680,1.910005411,1.888492823
5540,46.070007000,1.835805247,1.887489557,1.885730892
5541,46.073079000,1.890841484,1.879462957,1.901397467
5542,46.076151000,1.893025398,1.887463331,1.909933726
5543,46.079223000,1.718014725,1.731956025,1.794460545
5544,46.082295000,1.895693858,1.879139254,1.903326889
5545,46.085367000,1.902469198,1.901115815,1.913482348
5546,46.088439000,1.910364469,1.905289650,1.918948889
5547,46.091511000,1.955010732,1.864312510,1.957913597
5548,46.094583000,1.935125634,1.823351055,1.935488174
5549,46.097655000,1.913158099,1.895557563,1.923354228
5550,46.100727000,1.894983490,1.885685484,1.909385363
5551,46.103799000,1.902300437,1.890320520,1.909152269
5552,46.106871000,1.784057811,1.768405025,1.797885284
5553,46.109943000,1.510854080,1.895720641,1.488926490
5554,46.113015000,1.444138094,1.893825054,1.660240476
5555,46.116087000,1.784062152,1.828556741,1.869504869
5556,46.119159000,1.773408582,1.763817534,1.828481853
5557,46.122231000,1.892568549,1.879928152,1.904015541
5558,46.125303000,1.655834510,1.729704271,1.683365797
5559,46.128375000,1.856734330,1.814397613,1.866784155
5560,46.131447000,1.727497975,1.841243565,1.768714726
5561,46.134519000,1.853778109,1.819451749,1.865533272
5562,46.137591000,1.808452924,1.827939585,1.883631825
5563,46.140663000,1.813001290,1.822230577,1.831618965
5564,46.143735000,1.586654757,1.686556891,1.565748721
5565,46.146807000,1.910792867,1.894115686,1.922555606
5566,46.149879000,1.868010600,1.859397133,1.880814592
5567,46.152951000,1.798251343,1.882644256,1.809906771
5568,46.156023000,1.866776094,1.840659067,1.873700857
5569,46.159095000,1.803713098,1.866537208,1.879794965
5570,46.162167000,1.912696044,1.897865931,1.921103477
5571,46.165239000,1.855834146,1.818684821,1.877307499
5572,46.168311000,1.903635025,1.895772219,1.912792047
5573,46.171383000,1.903500716,1.888065577,1.916391373
5574,46.174455000,1.916529497,1.898871342,1.923781395
5575,46.177527000,1.901413600,1.897571882,1.915233612
5576,46.180599000,1.721703768,1.778167424,1.719096979
5577,46.183671000,1.864769528,1.832802415,1.868822694
5578,46.186743000,1.786273273,1.775700152,1.797078932
5579,46.189815000,1.816613978,1.842062185,1.827922809
5580,46.192887000,1.880576114,1.859836340,1.889631788
5581,46.195959000,1.911877791,1.892026424,1.922586441
5582,46.199031000,1.812334488,1.798574706,1.833620538
5583,46.202103000,1.895050302,1.915727456,1.897630592
5584,46.205175000,1.802556733,1.891088963,1.861057341
5585,46.208247000,1.706639037,1.794900835,1.759480745
5586,46.211319000,1.895733436,1.887499253,1.909280936
5587,46.214391000,1.913029830,1.896145622,1.871957233
5588,46.217463000,1.833902969,1.758150250,0.757983528
5589,46.220535000,1.518474965,1.540355245,0.660520700
5590,46.223607000,1.765226673,1.843248526,0.629071581
5591,46.226679000,1.524343416,1.893455903,1.194766541
5592,46.229751000,0.478042375,1.691468368,1.550684602
5593,46.232823000,0.247256681,1.789579540,1.348827638
5594,46.235895000,0.125892352,1.822886787,1.302403202
5595,46.238967000,1.523198381,1.901794434,1.923815409
5596,46.242039000,1.888871352,1.888965925,1.907437007
5597,46.245111000,1.060600609,1.422049065,1.006563400
5598,46.248183000,1.796171625,1.856943076,1.895855943
5599,46.251255000,1.896373034,1.886910796,1.906449397
5600,46.254327000,1.904858987,1.898698966,1.919805288
5601,46.257399000,1.877656147,1.880510926,1.896735191
5602,46.260471000,1.910661697,1.912276427,1.925020695
5603,46.263543000,1.911258698,1.903821468,1.925660292
5604,46.266615000,1.905075232,1.890708605,1.920772235
5605,46.269687000,1.808993712,1.793735688,1.812302490
5606,46.272759000,1.909072558,1.879269401,1.926327546
5607,46.275831000,1.925326506,1.897754590,1.935217063
5608,46.278903000,1.606056169,1.605394655,1.495471100
5609,46.281975000,1.846423676,1.847298215,1.888985773
5610,46.285047000,1.887691577,1.880991975,1.902326147
5611,46.288119000,1.904060006,1.899301688,1.913515647
5612,46.291191000,1.802630723,1.817074974,1.805214842
5613,46.294263000,1.865483870,1.871176022,1.875661145
5614,46.297335000,1.928738177,1.797401053,1.955895583
5615,46.300407000,1.918518066,1.899259726,1.923438231
5616,46.303479000,1.885209799,1.869182229,1.899972836
5617,46.306551000,1.899765809,1.885725419,1.915512244
5618,46.309623000,1.834525436,1.806059902,1.862781982
5619,46.312695000,1.890689850,1.881236990,1.903800249
5620,46.315767000,1.794373369,1.848203411,1.832149098
5621,46.318839000,1.468574387,1.592949998,1.452529671
5622,46.321911000,1.849999242,1.848925744,1.882668237
5623,46.324983000,1.857352202,1.865798314,1.833220869
5624,46.328055000,1.915190061,1.900340557,1.925319990
5625,46.331127000,1.884428660,1.873750607,1.902144273
5626,46.334199000,1.908499281,1.889761488,1.919750412
5627,46.337271000,1.891682466,1.869062424,1.906079292
5628,46.340343000,1.900880973,1.887328982,1.910837402
5629,46.343415000,1.903683027,1.878819982,1.915863037
5630,46.346487000,1.897318363,1.882330974,1.905073961
5631,46.349559000,1.912269115,1.898228010,1.921934287
5632,46.352631000,1.905858835,1.890522798,1.914083401
5633,46.355703000,1.788672815,1.713441095,1.786592464
5634,46.358775000,1.912723700,1.905073961,1.921953519
5635,46.361847000,1.909481208,1.904637814,1.923069636
5636,46.364919000,1.919843475,1.866371731,1.924021641
5637,46.367991000,1.916254838,1.907473962,1.925142447
5638,46.371063000,1.910885811,1.902965943,1.921687682
5639,46.374135000,1.896274567,1.879257719,1.908159494
5640,46.377207000,1.842071433,1.869693538,1.856232976
5641,46.380279000,1.901696404,1.885785282,1.907057087
5642,46.383351000,1.896142165,1.882181446,1.908911546
5643,46.386423000,1.755634335,1.824203530,1.773992186
5644,46.389495000,1.817121997,1.839977746,1.822775473
5645,46.392567000,1.900072098,1.888101379,1.914016247
5646,46.395639000,1.913625717,1.903798580,1.922596296
5647,46.398711000,1.850632936,1.876468817,1.863701820
5648,46.401783000,1.904709816,1.894613187,1.917893092
5649,46.404855000,1.898476044,1.886145790,1.909781436
5650,46.407927000,1.897538265,1.889698346,1.904726426
5651,46.410999000,1.914858361,1.897668878,1.920353572
5652,46.414071000,1.719121983,1.782699689,1.681480457
5653,46.417143000,1.179135344,1.805459633,1.234066173
5654,46.420215000,1.838192518,1.880942365,1.865875920
5655,46.423287000,1.910305500,1.906176408,1.917552074
5656,46.426359000,1.889379218,1.881288340,1.895593643
5657,46.429431000,1.912344456,1.905005376,1.921262503
5658,46.432503000,1.902000427,1.890076558,1.911163876
5659,46.435575000,1.822137703,1.787772268,1.831340730
5660,46.438647000,1.912928899,1.908607006,1.923484166
5661,46.441719000,1.887002945,1.870738586,1.900758386
5662,46.444791000,1.891571999,1.892657280,1.907608032
5663,46.447863000,1.862504015,1.837530077,1.865019053
5664,46.450935000,1.895195325,1.886556129,1.906489213
5665,46.454007000,1.855661829,1.794993758,1.906989892
5666,46.457079000,1.893470446,1.888958136,1.906012535
5667,46.460151000,1.884782076,1.868540088,1.893648108
5668,46.463223000,1.901836713,1.893191655,1.915049712
5669,46.466295000,1.902833263,1.892448246,1.912593683
5670,46.469367000,1.740726858,1.831258933,1.758844887
5671,46.472439000,1.788468540,1.901573102,1.818668241
5672,46.475511000,1.832388493,1.856432815,1.849691917
5673,46.478583000,1.869784196,1.862423857,1.877625823
5674,46.481655000,1.908153693,1.901821335,1.921216567
5675,46.484727000,1.575252444,1.833290031,1.617135485
5676,46.487799000,1.795290006,1.785529390,1.810102810
5677,46.490871000,1.849656547,1.802289163,1.841107085
5678,46.493943000,1.751876282,1.715464741,1.744075994
5679,46.497015000,1.739010761,1.647429404,1.786967794
5680,46.500087000,1.869025156,1.846617242,1.911472042
5681,46.503159000,1.920351267,1.909462889,1.925489823
5682,46.506231000,1.902202129,1.872473518,1.914148529
5683,46.509303000,1.582748722,1.633169957,1.569253333
5684,46.512375000,1.897984425,1.891709646,1.913486242
5685,46.515447000,1.907127698,1.903119246,1.917159955
5686,46.518519000,1.932287693,1.903285901,1.941854954
5687,46.521591000,1.912550608,1.911151409,1.923443317
5688,46.524663000,1.910186609,1.907600244,1.924107711
5689,46.527735000,1.901038965,1.887275139,1.910619100
5690,46.530807000,1.890336990,1.879010598,1.903482517
5691,46.533879000,1.907116890,1.895549933,1.918800831
5692,46.536951000,1.839416308,1.859115397,1.846800521
5693,46.540023000,1.902817289,1.894437909,1.906233470
5694,46.543095000,1.893147141,1.872630815,1.894704779
5695,46.546167000,1.893910284,1.887128681,1.925555189
5696,46.549239000,1.899101734,1.879179676,1.910005967
5697,46.552311000,1.912478606,1.899859269,1.924229304
5698,46.555383000,1.756392633,1.808305129,1.774028381
5699,46.558455000,1.913573503,1.893661340,1.924627781
5700,46.561527000,1.889429629,1.881384273,1.897023638
5701,46.564599000,1.898710489,1.889141480,1.907872597
5702,46.567671000,1.906497240,1.890582005,1.918181022
5703,46.570743000,1.909880479,1.906443954,1.921750426
5704,46.573815000,1.911057313,1.901248852,1.920647144
5705,46.576887000,1.837969782,1.868433724,1.853592967
5706,46.579959000,1.907213767,1.904851874,1.922992547
5707,46.583031000,1.860662242,1.900699278,1.864214843
5708,46.586103000,1.878180265,1.862818619,1.886001468
5709,46.589175000,1.922478676,1.912081003,1.932338397
5710,46.592247000,1.904354890,1.886433144,1.914909363
5711,46.595319000,1.902197063,1.882726192,1.913185944
5712,46.598391000,1.905716419,1.895641963,1.921011766
5713,46.601463000,1.840412691,1.841418902,1.823824902
5714,46.604535000,1.914244016,1.892408053,1.933220704
5715,46.607607000,1.910544554,1.912097931,1.924837271
5716,46.610679000,1.795746562,1.769953221,1.802984282
5717,46.613751000,1.920460701,1.870364050,1.928392490
5718,46.616823000,1.877643888,1.882691791,1.897756318
5719,46.619895000,1.905955474,1.897919575,1.918402036
5720,46.622967000,1.908801874,1.902048866,1.922957381
5721,46.626039000,1.916173935,1.906617006,1.928047339
5722,46.629111000,1.917838573,1.910685221,1.929050287
5723,46.632183000,1.922815800,1.910034577,1.929326296
5724,46.635255000,1.906256596,1.887856026,1.916917483
5725,46.638327000,1.896381179,1.890797993,1.913622141
5726,46.641399000,1.916624864,1.909054200,1.927295367
5727,46.644471000,1.863879611,1.816340531,1.884734735
5728,46.647543000,1.908805927,1.903898239,1.922300577
5729,46.650615000,1.884794871,1.868846913,1.894541343
5730,46.653687000,1.891150057,1.857828955,1.904060602
5731,46.656759000,1.898644408,1.888516506,1.911552151
5732,46.659831000,1.668222856,1.787504698,1.641174376
5733,46.662903000,1.629449194,1.721305723,1.638768842
5734,46.665975000,1.807731544,1.838614335,1.848269517
5735,46.669047000,1.932170073,1.896578749,1.940807343
5736,46.672119000,1.920812130,1.901729306,1.932578325
5737,46.675191000,1.910672506,1.901101112,1.923801899
5738,46.678263000,1.851849809,1.845053434,1.878857642
5739,46.681335000,1.906940619,1.899005890,1.918193499
5740,46.684407000,1.899329503,1.878110488,1.906433423
5741,46.687479000,1.900532405,1.881887515,1.914291700
5742,46.690551000,1.908474445,1.896388531,1.916907787
5743,46.693623000,1.894008795,1.876230558,1.903568109
5744,46.696695000,1.860112041,1.849526922,1.869763369
5745,46.699767000,1.896254539,1.876514276,1.909241676
5746,46.702839000,1.926194668,1.904452165,1.933803558
5747,46.705911000,1.825148270,1.852335731,1.827708093
5748,46.708983000,1.842670667,1.846891982,1.867303212
5749,46.712055000,1.915513014,1.884105980,1.936657826
5750,46.715127000,1.656891833,1.841125081,1.746325910
5751,46.718199000,1.915317853,1.902389924,1.928275426
5752,46.721271000,1.944601218,1.891320070,1.951265017
5753,46.724343000,1.460180322,1.404405917,1.374006843
5754,46.727415000,1.912416140,1.903386911,1.921818813
5755,46.730487000,1.892302632,1.896127542,1.905753275
5756,46.733559000,1.890994291,1.849781414,1.914882898
5757,46.736631000,1.807017644,1.844032049,1.819231719
5758,46.739703000,1.913140297,1.905730963,1.925523758
5759,46.742775000,1.890102655,1.873213614,1.895002534
5760,46.745847000,1.912792126,1.865074197,1.930757523
5761,46.748919000,1.735860993,1.843109056,1.744695673
5762,46.751991000,1.825327709,1.900611083,1.892289887
5763,46.755063000,1.927061518,1.916515986,1.936701298
5764,46.758135000,1.912207921,1.901897967,1.924559116
5765,46.761207000,1.626119827,1.688631845,1.634844810
5766,46.764279000,1.827602029,1.925872008,1.863861501
5767,46.767351000,1.904570977,1.905114035,1.916080455
5768,46.770423000,1.916420380,1.912339369,1.929894209
5769,46.773495000,1.906715075,1.900463740,1.919405937
5770,46.776567000,1.877683943,1.891853372,1.892362540
5771,46.779639000,1.876780068,1.837980439,1.886492789
5772,46.782711000,1.904941599,1.895562649,1.915109992
5773,46.785783000,1.923725128,1.910728216,1.933972836
5774,46.788855000,1.924329599,1.911796967,1.934471448
5775,46.791927000,1.862563690,1.831892083,1.891068935
5776,46.794999000,1.870547781,1.856643220,1.878374726
5777,46.798071000,1.722992214,1.648085850,1.736843313
5778,46.801143000,1.835325144,1.795478895,1.908084909
5779,46.804215000,1.880929068,1.865272989,1.908517003
5780,46.807287000,1.977956772,1.851043940,1.982853889
5781,46.810359000,1.917609374,1.908063730,1.929498752
5782,46.813431000,1.922469457,1.912755489,1.932536125
5783,46.816503000,1.920468648,1.907002608,1.929523627
5784,46.819575000,1.908805211,1.907977343,1.923598528
5785,46.822647000,1.921822866,1.907924334,1.933599154
5786,46.825719000,1.808412840,1.784836928,1.802659067
5787,46.828791000,1.800821297,1.864480426,1.813640051
5788,46.831863000,1.772239372,1.760142217,1.813186298
5789,46.834935000,1.894162029,1.895946999,1.904586817
5790,46.838007000,1.939069430,1.909137487,1.952715397
5791,46.841079000,1.927447796,1.904524843,1.937045217
5792,46.844151000,1.932920456,1.894447962,1.946259737
5793,46.847223000,1.848515898,1.845200981,1.865296692
5794,46.850295000,1.934242487,1.875266214,1.949736913
5795,46.853367000,1.917686092,1.885597597,1.926989083
5796,46.856439000,1.926726500,1.900970300,1.933053176
5797,46.859511000,1.883890470,1.863317331,1.894196192
5798,46.862583000,1.898331801,1.880280495,1.903207858
5799,46.865655000,1.705263087,1.770237481,1.719809276
5800,46.868727000,1.912857930,1.899579366,1.925447623
5801,46.871799000,1.889817695,1.871127665,1.896853050
5802,46.874871000,1.882893085,1.865622441,1.892494758
5803,46.877943000,1.857906232,1.870247342,1.888014893
5804,46.881015000,1.904665629,1.888088703,1.920089881
5805,46.884087000,1.915223281,1.894656499,1.923260212
5806,46.887159000,1.924700260,1.917388598,1.934130192
5807,46.890231000,1.831204839,1.815115715,1.850073760
5808,46.893303000,1.919108232,1.912264585,1.927480539
5809,46.896375000,1.850873542,1.850660304,1.861996392
5810,46.899447000,1.915462017,1.899938742,1.926090240
5811,46.902519000,1.906216304,1.891885440,1.922992071
5812,46.905591000,1.911014080,1.891455332,1.920436064
5813,46.908663000,1.906878948,1.891248703,1.918241183
5814,46.911735000,1.905271451,1.889215469,1.918284893
5815,46.914807000,1.722414672,1.737669879,1.768124928
5816,46.917879000,1.918762684,1.904629866,1.928308964
5817,46.920951000,1.916217883,1.906408389,1.928038359
5818,46.924023000,1.919650396,1.910612981,1.930353006
5819,46.927095000,1.730414629,1.772370741,1.729853270
5820,46.930167000,1.954934041,1.809890946,1.952247341
5821,46.933239000,1.908239444,1.897440275,1.912695249
5822,46.936311000,1.907034397,1.898121834,1.917287906
5823,46.939383000,1.905996879,1.898627202,1.915413121
5824,46.942455000,1.916910330,1.907200396,1.921805104
5825,46.945527000,1.559451673,1.620521226,1.572046588
5826,46.948599000,1.855710442,1.839148184,1.906297684
5827,46.951671000,1.912070274,1.908181826,1.925661723
5828,46.954743000,1.915974379,1.901047111,1.926289558
5829,46.957815000,1.920943578,1.917437077,1.929521879
5830,46.960887000,1.919183413,1.915964603,1.929398696
5831,46.963959000,1.933578794,1.882790824,1.923929239
5832,46.967031000,1.819294223,1.808989458,1.833938340
5833,46.970103000,1.912087282,1.898077965,1.922863921
5834,46.973175000,1.902622859,1.887965997,1.913686593
5835,46.976247000,1.864102865,1.876479844,1.870907520
5836,46.979319000,1.894743005,1.889435391,1.889968261
5837,46.982391000,1.909331640,1.897164265,1.918670654
5838,46.985463000,1.913215160,1.897306999,1.923473597
5839,46.988535000,1.668146430,1.759536960,1.663240562
5840,46.991607000,1.906292280,1.884293477,1.915146430
5841,46.994679000,1.877804245,1.893999894,1.875661095
5842,46.997751000,1.913432121,1.895001332,1.926939249
5843,47.000823000,1.878882716,1.793359657,1.906896234
5844,47.003895000,1.390067048,1.588456273,1.411188786
5845,47.006967000,1.893884818,1.883657773,1.906751474
5846,47.010039000,1.897310734,1.891784827,1.912742138
5847,47.013111000,1.769827247,1.790072069,1.799247821
5848,47.016183000,1.915188630,1.904141426,1.927468936
5849,47.019255000,1.911040624,1.888881127,1.923821767
5850,47.022327000,1.943981012,1.925780614,1.949940205
5851,47.025399000,1.507668306,1.878451695,1.443217983
5852,47.028471000,1.796604288,1.895810306,1.889525940
5853,47.031543000,1.744948506,1.885691841,1.698317334
5854,47.034615000,1.462429665,1.583195716,1.543467055
5855,47.037687000,1.798871353,1.750634010,1.797534297
5856,47.040759000,1.717883081,1.859277057,1.803298225
5857,47.043831000,1.904835224,1.899875343,1.912282626
5858,47.046903000,1.916599909,1.912901878,1.926664750
5859,47.049975000,1.705689934,1.737775366,1.694783057
5860,47.053047000,1.912518819,1.899998983,1.925462564
5861,47.056119000,1.895086169,1.900444984,1.923037529
5862,47.059191000,1.787355622,1.750499867,1.822891335
5863,47.062263000,1.887928925,1.879510005,1.903254072
5864,47.065335000,1.910224597,1.901685079,1.923087279
5865,47.068407000,1.891577462,1.871315698,1.902089397
5866,47.071479000,1.771383001,1.806859426,1.793007160
5867,47.074551000,1.879269044,1.833869288,1.867213358
5868,47.077623000,1.903614362,1.893818935,1.918970585
5869,47.080695000,1.905185084,1.883923948,1.913246989
5870,47.083767000,1.916090618,1.900640130,1.923502187
5871,47.086839000,1.926116943,1.919057012,1.936089675
5872,47.089911000,1.896202087,1.869663874,1.912893772
5873,47.092983000,1.890946786,1.876328488,1.898645878
5874,47.096055000,1.902748426,1.850964025,1.915348460
5875,47.099127000,1.896187643,1.881011645,1.904892842
5876,47.102199000,1.916532119,1.883326232,1.924228787
5877,47.105271000,1.901098728,1.895762285,1.914283514
5878,47.108343000,1.819218541,1.781614299,1.835394268
5879,47.111415000,1.910074075,1.903988918,1.923065186
5880,47.114487000,1.835582664,1.874249677,1.774174770
5881,47.117559000,1.900844276,1.884574254,1.915823857
5882,47.120631000,1.914956570,1.903121789,1.925318241
5883,47.123703000,1.910686096,1.906032403,1.922516902
5884,47.126775000,1.907917733,1.895761808,1.928071499
5885,47.129847000,1.909698486,1.898923159,1.922682524
5886,47.132919000,1.859343688,1.836486538,1.888343314
5887,47.135991000,1.898805504,1.888983607,1.909308573
5888,47.139063000,1.909431775,1.905274153,1.923943202
5889,47.142135000,1.762073256,1.905990601,1.832014412
5890,47.145207000,1.912205855,1.911897659,1.919842243
5891,47.148279000,1.914550563,1.900174161,1.922121326
5892,47.151351000,1.908305407,1.891191840,1.924113909
5893,47.154423000,1.920412381,1.909757296,1.930154959
5894,47.157495000,1.728596414,1.706786369,1.763659696
5895,47.160567000,1.865476002,1.841409365,1.883284589
5896,47.163639000,1.894617875,1.887309631,1.906684717
5897,47.166711000,1.759564129,1.899887005,1.829288801
5898,47.169783000,1.902456686,1.887287895,1.915191134
5899,47.172855000,1.920593103,1.915394068,1.931084792
5900,47.175927000,1.877935618,1.868515402,1.897970875
5901,47.178999000,1.835617806,1.839572688,1.859995772
5902,47.182071000,1.952860842,1.900372823,1.952453792
5903,47.185143000,1.977166707,1.794516971,1.971233070
5904,47.188215000,1.975081841,1.882424116,1.972896258
5905,47.191287000,1.964169820,1.908425609,1.970101118
5906,47.194359000,1.934200128,1.917594433,1.942702611
5907,47.197431000,1.915508986,1.894710620,1.923989375
5908,47.200503000,1.793258518,1.787704803,1.802297165
5909,47.203575000,1.925486565,1.924634933,1.934570630
5910,47.206647000,1.916323423,1.909765363,1.921693762
5911,47.209719000,1.890677611,1.872711500,1.898996790
5912,47.212791000,1.911751747,1.907024145,1.924504439
5913,47.215863000,1.891029040,1.882253965,1.903825760
5914,47.218935000,1.915533066,1.904423475,1.924750010
5915,47.222007000,1.866263906,1.857471406,1.879409949
5916,47.225079000,1.906187057,1.896020532,1.916573842
5917,47.228151000,1.883270741,1.878277222,1.896983544
5918,47.231223000,1.880178566,1.861100852,1.915568074
5919,47.234295000,1.898809433,1.881465515,1.912760814
5920,47.237367000,1.895303324,1.889753103,1.904922247
5921,47.240439000,1.734614986,1.831451952,1.842143466
5922,47.243511000,1.949533939,1.838703950,1.951480707
5923,47.246583000,1.897199313,1.874101957,1.909748514
5924,47.249655000,1.666635311,1.731634858,1.685410745
5925,47.252727000,1.862139672,1.834008306,1.869439195
5926,47.255799000,1.834199056,1.873436729,1.881225854
5927,47.258871000,1.697373891,1.711717581,1.725232273
5928,47.261943000,1.876969953,1.888464133,1.900821924
5929,47.265015000,1.877340237,1.855090141,1.888009906
5930,47.268087000,1.894407272,1.875548045,1.908871730
5931,47.271159000,1.884273539,1.820682347,1.893377026
5932,47.274231000,1.879190604,1.855345964,1.887025952
5933,47.277303000,1.823634232,1.864413301,1.829541057
5934,47.280375000,1.799218083,1.844813158,1.859229883
5935,47.283447000,1.879886920,1.772075286,1.891066213
5936,47.286519000,1.864097476,1.844478528,1.884661198
5937,47.289591000,1.894296964,1.875202417,1.899415016
5938,47.292663000,1.910215298,1.901703676,1.919611375
5939,47.295735000,1.755185664,1.890983184,1.782186369
5940,47.298807000,1.907141368,1.897545815,1.918978214
5941,47.301879000,1.571661681,1.859869627,1.700146566
5942,47.304951000,1.404416484,1.541401837,1.438515221
5943,47.308023000,1.905926545,1.896498998,1.917319457
5944,47.311095000,1.890126705,1.882181168,1.899925470
5945,47.314167000,1.597997837,1.680777515,1.647760277
5946,47.317239000,1.915692170,1.906228542,1.928252220
5947,47.320311000,1.826248017,1.856133913,1.829760956
5948,47.323383000,1.108121441,1.386897424,1.117565155
5949,47.326455000,1.922641754,1.912475030,1.935603937
5950,47.329527000,1.811862648,1.842735946,1.825463603
5951,47.332599000,1.903159266,1.814150612,1.913312544
5952,47.335671000,1.757626340,1.871545980,1.835125685
5953,47.338743000,1.890597085,1.866596540,1.897417287
5954,47.341815000,1.911725680,1.908598264,1.922468980
5955,47.344887000,1.830407431,1.792827745,1.837100019
5956,47.347959000,1.889758825,1.878408114,1.901995500
5957,47.351031000,1.909942150,1.894543012,1.920356830
5958,47.354103000,1.864578808,1.886011551,1.820908452
5959,47.357175000,1.913004478,1.906078736,1.922084292
5960,47.360247000,1.904670795,1.895955443,1.911604126
5961,47.363319000,1.909629981,1.909389098,1.925970236
5962,47.366391000,1.890120824,1.875525594,1.898709774
5963,47.369463000,1.912762523,1.917613983,1.908294777
5964,47.372535000,1.909195185,1.906934738,1.917597373
5965,47.375607000,1.576543385,1.611672948,1.594813213
5966,47.378679000,1.819979794,1.805764586,1.809537803
5967,47.381751000,1.784947244,1.805926730,1.863430540
5968,47.384823000,1.830634664,1.851852109,1.862484763
5969,47.387895000,1.891885042,1.870331128,1.904833515
5970,47.390967000,1.873519729,1.852852116,1.888693601
5971,47.394039000,1.900216023,1.901358287,1.909905593
5972,47.397111000,1.842963926,1.776900957,1.853450060
5973,47.400183000,1.778186200,1.887183189,1.780193071
5974,47.403255000,1.779883854,1.711345335,1.833026618
5975,47.406327000,1.896160126,1.888923248,1.911907673
5976,47.409399000,1.771646529,1.897448699,1.820233931
5977,47.412471000,1.875463946,1.846561342,1.874906118
5978,47.415543000,1.809288435,1.834653502,1.868304908
5979,47.418615000,1.903801998,1.838492393,1.910542111
5980,47.421687000,1.898567200,1.895914396,1.910712798
5981,47.424759000,1.915299575,1.908649921,1.928651015
5982,47.427831000,1.785624402,1.770062958,1.822734118
5983,47.430903000,1.904998779,1.896760146,1.922218164
5984,47.433975000,1.912220001,1.894623796,1.920625766
5985,47.437047000,1.864312783,1.885781765,1.887338301
5986,47.440119000,1.787159820,1.774541907,1.808363348
5987,47.443191000,1.800419206,1.842912907,1.818516004
5988,47.446263000,1.906102697,1.897366563,1.913051109
5989,47.449335000,1.541100527,1.876337210,1.519917448
5990,47.452407000,1.779668001,1.745763913,1.776037832
5991,47.455479000,1.861628970,1.735491946,1.875522892
5992,47.458551000,1.919915676,1.902955055,1.931430260
5993,47.461623000,1.786325211,1.775966212,1.788612222
5994,47.464695000,1.766244153,1.894173622,1.825380777
5995,47.467767000,1.914209306,1.904921691,1.924507618
5996,47.470839000,1.918496370,1.893036524,1.922780355
5997,47.473911000,1.796252961,1.817114135,1.799984535
5998,47.476983000,1.914943059,1.907950878,1.925886631
5999,47.480055000,1.860731522,1.879312366,1.868322800
6000,47.483127000,1.874364927,1.869269982,1.882967949
6001,47.486199000,1.915460428,1.905273438,1.919791619
6002,47.489271000,1.907947699,1.898170034,1.917199214
6003,47.492343000,1.908864737,1.907047311,1.920194308
6004,47.495415000,1.914654891,1.910653989,1.927388668
6005,47.498487000,1.913920482,1.909755747,1.924100439
6006,47.501559000,1.908257643,1.900403500,1.921962420
6007,47.504631000,1.893770436,1.887046258,1.913670381
6008,47.507703000,1.878621141,1.863682429,1.885196070
6009,47.510775000,1.874022265,1.848051776,1.902840058
6010,47.513847000,1.905425668,1.886333913,1.912312309
6011,47.516919000,1.900231600,1.885378122,1.908662637
6012,47.519991000,1.876379907,1.865116159,1.870063543
6013,47.523063000,1.780031849,1.745799820,1.809522202
6014,47.526135000,1.894121806,1.891489704,1.911840518
6015,47.529207000,1.899844885,1.884036422,1.910341700
6016,47.532279000,1.907464345,1.892930190,1.914999326
6017,47.535351000,1.900415103,1.900353909,1.913155874
6018,47.538423000,1.905846278,1.900976499,1.919120948
6019,47.541495000,1.913264592,1.911060651,1.925040881
6020,47.544567000,1.904863834,1.898078362,1.917808215
6021,47.547639000,1.895612538,1.884634654,1.908955415
6022,47.550711000,1.910445770,1.902556062,1.926047484
6023,47.553783000,1.618853070,1.878563464,1.665522531
6024,47.556855000,1.904892763,1.892300765,1.918875456
6025,47.559927000,1.876768589,1.862586915,1.885166168
6026,47.562999000,1.907943487,1.904761950,1.899047414
6027,47.566071000,1.871329938,1.827864443,1.884407053
6028,47.569143000,1.731141577,1.899308761,1.716004759
6029,47.572215000,1.909240405,1.912667394,1.921915213
6030,47.575287000,1.911501149,1.904984792,1.921477874
6031,47.578359000,1.912770430,1.906111042,1.922835509
6032,47.581431000,1.903335412,1.891344547,1.913126071
6033,47.584503000,1.899400791,1.886874358,1.910890023
6034,47.587575000,1.904894829,1.894700368,1.913076639
6035,47.590647000,1.906487465,1.895674229,1.918503165
6036,47.593719000,1.892030597,1.869657636,1.905497551
6037,47.596791000,1.887191400,1.890385191,1.898877909
6038,47.599863000,1.906176408,1.875120242,1.920368433
6039,47.602935000,1.887440046,1.879128615,1.898597558
6040,47.606007000,1.882991592,1.873908122,1.893889864
6041,47.609079000,1.871294553,1.845954259,1.890220086
6042,47.612151000,1.896173716,1.881833275,1.903772910
6043,47.615223000,1.933756510,1.926443577,1.943103313
6044,47.618295000,1.964411259,1.842819770,1.969076475
6045,47.621367000,1.896915545,1.895006994,1.904630800
6046,47.624439000,1.839712550,1.821877837,1.855618040
6047,47.627511000,1.909204642,1.902042548,1.921511412
6048,47.630583000,1.899773598,1.892305851,1.911518097
6049,47.633655000,1.908250173,1.899058024,1.915480773
6050,47.636727000,1.910652796,1.902443091,1.923622926
6051,47.639799000,1.890996218,1.872937918,1.897693714
6052,47.642871000,1.889633973,1.873541832,1.900669853
6053,47.645943000,1.874159813,1.868539919,1.888520678
6054,47.649015000,1.890267789,1.869060715,1.902113477
6055,47.652087000,1.895260811,1.878548145,1.901915709
6056,47.655159000,1.812004969,1.825000306,1.817979460
6057,47.658231000,1.913858056,1.889147143,1.920904835
6058,47.661303000,1.788790223,1.835739091,1.789082905
6059,47.664375000,1.916975896,1.902932088,1.929280758
6060,47.667447000,1.890597343,1.878908793,1.901765744
6061,47.670519000,1.898878813,1.893828313,1.910961072
6062,47.673591000,1.890868028,1.876529773,1.901471138
6063,47.676663000,1.903867841,1.889213006,1.912581364
6064,47.679735000,1.871199052,1.850657543,1.871430039
6065,47.682807000,1.891279856,1.877276738,1.900944948
6066,47.685879000,1.880825301,1.857818166,1.890522242
6067,47.688951000,1.706778555,1.746704469,1.779504339
6068,47.692023000,1.852244794,1.860046844,1.880320003
6069,47.695095000,1.901513179,1.892402490,1.913518031
6070,47.698167000,1.215725248,1.369355875,1.285157695
6071,47.701239000,1.852435052,1.883225600,1.863587603
6072,47.704311000,1.829514901,1.830048808,1.874718299
6073,47.707383000,1.739314961,1.671792741,1.815812935
6074,47.710455000,1.854662394,1.848646820,1.877739052
6075,47.713527000,1.876052221,1.862893502,1.889216661
6076,47.716599000,1.886450400,1.880337556,1.898561438
6077,47.719671000,1.886522293,1.877544681,1.896608432
6078,47.722743000,1.794413651,1.772728577,1.800264180
6079,47.725815000,1.836936558,1.817535758,1.829834744
6080,47.728887000,1.776521345,1.733200282,1.834204962
6081,47.731959000,1.889838417,1.889321725,1.906373660
6082,47.735031000,1.907444318,1.896545172,1.916303635
6083,47.738103000,1.731985137,1.790269415,1.724245553
6084,47.741175000,1.767838791,1.892544587,1.827395380
6085,47.744247000,1.876332402,1.864990771,1.862495621
6086,47.747319000,1.812479749,1.871675889,1.822540263
6087,47.750391000,1.900899887,1.887857596,1.912718137
6088,47.753463000,1.895779292,1.886543830,1.910096645
6089,47.756535000,1.878364027,1.843411128,1.882857521
6090,47.759607000,1.902181625,1.868100723,1.905718565
6091,47.762679000,1.896322091,1.875819842,1.904463927
6092,47.765751000,1.885452797,1.869662444,1.890535186
6093,47.768823000,1.906599681,1.887839278,1.917844216
6094,47.771895000,1.847579410,1.825066606,1.862476448
6095,47.774967000,1.833714630,1.774681337,1.871084064
6096,47.778039000,1.777429223,1.879214068,1.782644441
6097,47.781111000,1.569713851,1.675752692,1.600716524
6098,47.784183000,1.885985216,1.857055008,1.894101779
6099,47.787255000,1.887717088,1.867251833,1.898543835
6100,47.790327000,1.886309942,1.863557259,1.898710251
6101,47.793399000,1.863522405,1.826750840,1.882964462
6102,47.796471000,1.887059609,1.869763772,1.899587631
6103,47.799543000,1.824723577,1.886145949,1.804789573
6104,47.802615000,1.841155221,1.860041221,1.881736835
6105,47.805687000,1.896219571,1.884029865,1.907586813
6106,47.808759000,1.867943024,1.842105160,1.878783772
6107,47.811831000,1.909879049,1.891044299,1.916592916
6108,47.814903000,1.899921258,1.889173508,1.906748772
6109,47.817975000,1.910940011,1.894731601,1.920112451
6110,47.821047000,1.883996725,1.864194870,1.895183245
6111,47.824119000,1.884555181,1.863424619,1.890052716
6112,47.827191000,1.899695794,1.885015210,1.909305016
6113,47.830263000,1.879647573,1.860837102,1.892337402
6114,47.833335000,1.899545193,1.887985706,1.914666017
6115,47.836407000,1.915797551,1.899703940,1.927477201
6116,47.839479000,1.883748293,1.847868164,1.893761555
6117,47.842551000,1.788191924,1.751411878,1.800869226
6118,47.845623000,1.883841038,1.862302462,1.895637035
6119,47.848695000,1.831342777,1.864430974,1.836589073
6120,47.851767000,1.784926911,1.878552834,1.750121544
6121,47.854839000,1.885479927,1.861508052,1.894441843
6122,47.857911000,1.827958236,1.768084834,1.858368337
6123,47.860983000,1.806774090,1.845316023,1.801391820
6124,47.864055000,1.902219772,1.884877443,1.910603364
6125,47.867127000,1.867765566,1.834799409,1.875698785
6126,47.870199000,1.871735334,1.846990585,1.884348949
6127,47.873271000,1.861543159,1.831050118,1.853371580
6128,47.876343000,1.903048674,1.881881475,1.914640109
6129,47.879415000,1.892464399,1.876166145,1.899651448
6130,47.882487000,1.882156034,1.862897267,1.890310923
6131,47.885559000,1.881846348,1.844555934,1.896347125
6132,47.888631000,1.884447555,1.862650255,1.896963437
6133,47.891703000,1.900574366,1.887632211,1.912604650
6134,47.894775000,1.796697681,1.874277711,1.820534984
6135,47.897847000,1.783326303,1.850601817,1.868822609
6136,47.900919000,1.898102959,1.827751199,1.913181702
6137,47.903991000,1.888610363,1.874594331,1.901637475
6138,47.907063000,1.892717679,1.872899691,1.903687000
6139,47.910135000,1.901337465,1.880511999,1.912465572
6140,47.913207000,1.898106972,1.877775351,1.906406879
6141,47.916279000,1.884668226,1.858280698,1.892648041
6142,47.919351000,1.802250244,1.817960615,1.795664459
6143,47.922423000,1.884126484,1.842545708,1.885307444
6144,47.925495000,1.907561620,1.888819178,1.916125377
6145,47.928567000,1.875685508,1.850515693,1.920462290
6146,47.931639000,1.902878046,1.893916368,1.916595022
6147,47.934711000,1.905630112,1.896607002,1.913527330
6148,47.937783000,1.862267698,1.839748517,1.877908389
6149,47.940855000,1.891155879,1.871817271,1.903622548
6150,47.943927000,1.885882715,1.872257392,1.897329807
6151,47.946999000,1.918669860,1.892543316,1.931283553
6152,47.950071000,1.793973605,1.780145156,1.818903635
6153,47.953143000,1.911261320,1.897596200,1.920158943
6154,47.956215000,1.927753607,1.918310642,1.937042713
6155,47.959287000,1.921675841,1.914608796,1.927163601
6156,47.962359000,1.930608789,1.913990815,1.936647971
6157,47.965431000,1.971004566,1.856470903,1.973697583
6158,47.968503000,1.732178117,1.713789607,1.788773209
6159,47.971575000,1.817083617,1.856316378,1.845352595
6160,47.974647000,1.911980152,1.908496062,1.924636523
6161,47.977719000,1.741843159,1.776808778,1.710688916
6162,47.980791000,1.814335701,1.862146695,1.842786252
6163,47.983863000,1.895860275,1.886164248,1.902330637
6164,47.986935000,1.720183626,1.883581877,1.786947136
6165,47.990007000,1.830936809,1.803629220,1.849243879
6166,47.993079000,1.762219048,1.736976393,1.704031308
6167,47.996151000,1.900666873,1.885010004,1.911189397
6168,47.999223000,1.910970052,1.851537406,1.921093782
6169,48.002295000,1.695769039,1.768738570,1.659276257
6170,48.005367000,1.845455080,1.654252681,1.858599404
6171,48.008439000,1.840643235,1.839856779,1.824215010
6172,48.011511000,1.746083339,1.760428297,1.794775595
6173,48.014583000,1.897181034,1.885162910,1.908970753
6174,48.017655000,1.916825170,1.897736748,1.924317519
6175,48.020727000,1.859417791,1.878810833,1.866081337
6176,48.023799000,1.866546412,1.907327096,1.875052308
6177,48.026871000,1.908689817,1.896217982,1.916880210
6178,48.029943000,1.902994951,1.888164282,1.912562370
6179,48.033015000,1.901343981,1.890745203,1.912950198
6180,48.036087000,1.900346448,1.876909574,1.912321647
6181,48.039159000,1.899697463,1.884858489,1.911199013
6182,48.042231000,1.903745572,1.890757879,1.915375630
6183,48.045303000,1.605042279,1.668214922,1.643715988
6184,48.048375000,1.700888481,1.763820784,1.779335002
6185,48.051447000,1.821668568,1.860734900,1.852554629
6186,48.054519000,1.902212938,1.884212335,1.915933172
6187,48.057591000,1.739534967,1.805481662,1.753284559
6188,48.060663000,1.855045184,1.854776596,1.906406760
6189,48.063735000,1.829482352,1.812676579,1.844575584
6190,48.066807000,1.792829389,1.786937205,1.835461537
6191,48.069879000,1.824274237,1.869283020,1.802608853
6192,48.072951000,1.609283764,1.689213708,1.643299681
6193,48.076023000,1.854722306,1.818603009,1.861110965
6194,48.079095000,1.924190879,1.873888294,1.937788208
6195,48.082167000,1.708957513,1.759029103,1.716144413
6196,48.085239000,1.619757517,1.666133453,1.634308085
6197,48.088311000,1.837763436,1.827677007,1.883602778
6198,48.091383000,1.590239357,1.612633536,1.542455047
6199,48.094455000,1.888226986,1.861940622,1.897401094
6200,48.097527000,1.871934930,1.845995386,1.896194061
6201,48.100599000,1.760745451,1.808688054,1.771453023
6202,48.103671000,1.912547270,1.901236574,1.923088074
6203,48.106743000,1.903708061,1.896578471,1.917872111
6204,48.109815000,1.811565508,1.858808304,1.821608250
6205,48.112887000,1.812963540,1.835645348,1.859607806
6206,48.115959000,1.904569626,1.892469962,1.913658857
6207,48.119031000,1.899832726,1.890822689,1.907584747
6208,48.122103000,1.900858005,1.891329606,1.910694639
6209,48.125175000,1.907644749,1.891502380,1.918268045
6210,48.128247000,1.899087424,1.880537530,1.909438471
6211,48.131319000,1.903850873,1.895643890,1.916515112
6212,48.134391000,1.924349348,1.899209057,1.930802455
6213,48.137463000,1.928777059,1.912638823,1.938405832
6214,48.140535000,1.908354600,1.893903097,1.922263463
6215,48.143607000,1.655322062,1.729922007,1.681049059
6216,48.146679000,1.775304608,1.878430208,1.772135876
6217,48.149751000,1.685009666,1.901852846,1.704435190
6218,48.152823000,1.343726614,1.689524644,1.437740932
6219,48.155895000,1.826219564,1.811903973,1.843134339
6220,48.158967000,1.900756439,1.897816102,1.920011838
6221,48.162039000,1.888028065,1.879863739,1.901821454
6222,48.165111000,1.919326464,1.911768119,1.931149642
6223,48.168183000,1.906462510,1.895672798,1.917329391
6224,48.171255000,1.828696142,1.920534929,1.815957427
6225,48.174327000,1.671795905,1.792567864,1.737057055
6226,48.177399000,1.615013961,1.623335756,1.640144457
6227,48.180471000,1.880294919,1.854319880,1.905259371
6228,48.183543000,1.807065440,1.729491572,1.841976479
6229,48.186615000,1.898376465,1.886349996,1.912023226
6230,48.189687000,1.909515222,1.890469392,1.914891243
6231,48.192759000,1.900675456,1.886490981,1.909842332
6232,48.195831000,1.910893838,1.871463537,1.919765333
6233,48.198903000,1.925768534,1.903866132,1.935318788
6234,48.201975000,1.862390200,1.858871013,1.876546413
6235,48.205047000,1.853728354,1.843205015,1.885941625
6236,48.208119000,1.902658939,1.886104425,1.917186817
6237,48.211191000,1.903983057,1.900181532,1.918260892
6238,48.214263000,1.902098099,1.883936882,1.909760396
6239,48.217335000,1.889577905,1.874345183,1.898882071
6240,48.220407000,1.894812266,1.889560143,1.904942671
6241,48.223479000,1.902871033,1.892932177,1.913965861
6242,48.226551000,1.749056318,1.780957346,1.772490789
6243,48.229623000,1.911969821,1.902884086,1.922743797
6244,48.232695000,1.908118089,1.906317393,1.917319298
6245,48.235767000,1.662399419,1.737585512,1.687111864
6246,48.238839000,1.716895454,1.717325547,1.742354895
6247,48.241911000,1.698822518,1.589063693,1.834753811
6248,48.244983000,1.920073430,1.903280417,1.929772059
6249,48.248055000,1.912969828,1.895771980,1.922556241
6250,48.251127000,1.897414366,1.893896659,1.911104759
6251,48.254199000,1.921888510,1.910591602,1.930783828
6252,48.257271000,1.933384577,1.929654439,1.942953189
6253,48.260343000,1.897642851,1.893099467,1.910318057
6254,48.263415000,1.909094016,1.895308892,1.918725053
6255,48.266487000,1.687875539,1.790040289,1.741702298
6256,48.269559000,1.885541916,1.861323903,1.897075653
6257,48.272631000,1.895172874,1.893339564,1.898811539
6258,48.275703000,1.890471021,1.873412887,1.896760742
6259,48.278775000,1.878131479,1.865848939,1.886325161
6260,48.281847000,1.901346525,1.899176598,1.913247108
6261,48.284919000,1.895901521,1.879141609,1.904056152
6262,48.287991000,1.910302321,1.898233414,1.921553930
6263,48.291063000,1.912125746,1.902454933,1.925257842
6264,48.294135000,1.902938604,1.890580813,1.914289554
6265,48.297207000,1.858205214,1.906080246,1.886098931
6266,48.300279000,1.901439230,1.891865651,1.906500757
6267,48.303351000,1.877365112,1.862762690,1.892433643
6268,48.306423000,1.877034247,1.871060650,1.882033010
6269,48.309495000,1.889283498,1.878562291,1.901183208
6270,48.312567000,1.892819961,1.870565673,1.907212496
6271,48.315639000,1.889623061,1.882454793,1.909030080
6272,48.318711000,1.900420030,1.890694737,1.913183928
6273,48.321783000,1.882477740,1.865242173,1.909130593
6274,48.324855000,1.915362040,1.907759428,1.928467274
6275,48.327927000,1.800145740,1.846038948,1.772314360
6276,48.330999000,1.840328197,1.875035952,1.904948235
6277,48.334071000,1.885193110,1.873786072,1.898007035
6278,48.337143000,1.684368829,1.737664562,1.700473746
6279,48.340215000,1.834396077,1.778804094,1.834606647
6280,48.343287000,1.810100282,1.791690295,1.825808818
6281,48.346359000,1.892637516,1.891265392,1.850516364
6282,48.349431000,1.730173491,1.750045483,1.745783312
6283,48.352503000,1.713273086,1.717269357,1.761170035
6284,48.355575000,1.735287687,1.768711211,1.741370427
6285,48.358647000,1.731812554,1.732958009,1.486333797
6286,48.361719000,1.920482635,1.906103988,1.438409696
6287,48.364791000,1.857947747,1.877182215,1.856085191
6288,48.367863000,1.914650599,1.907803059,1.921077331
6289,48.370935000,1.329730964,1.529507287,1.355858197
6290,48.374007000,1.362418515,1.600955501,1.406665107
6291,48.377079000,1.908113082,1.902225335,1.919206142
6292,48.380151000,1.768928091,1.774913900,1.760630061
6293,48.383223000,1.855342388,1.844099219,1.889726500
6294,48.386295000,1.831553246,1.900513689,1.895201117
6295,48.389367000,1.916166623,1.906420946,1.927698533
6296,48.392439000,1.858961098,1.846267164,1.882435540
6297,48.395511000,1.893158277,1.889373382,1.907749891
6298,48.398583000,1.897067547,1.886266331,1.908416629
6299,48.401655000,1.799729024,1.772808159,1.844374999
6300,48.404727000,1.757542210,1.809170817,1.779817263
6301,48.407799000,1.913523356,1.897156378,1.925621827
6302,48.410871000,1.912206809,1.903117498,1.920950015
6303,48.413943000,1.884583116,1.870685279,1.895057003
6304,48.417015000,1.908390999,1.900929292,1.923432430
6305,48.420087000,1.910708904,1.904730399,1.926658710
6306,48.423159000,1.747355351,1.806141819,1.771175062
6307,48.426231000,1.904310544,1.893177668,1.913747589
6308,48.429303000,1.756312191,1.887919307,1.520256425
6309,48.432375000,1.656995450,1.891295115,1.790165881
6310,48.435447000,1.897213300,1.886942625,1.905366977
6311,48.438519000,1.899344246,1.879037281,1.905285954
6312,48.441591000,1.764316173,1.810564319,1.782879968
6313,48.444663000,1.899950107,1.886796196,1.911207994
6314,48.447735000,1.900434017,1.889385303,1.914704641
6315,48.450807000,1.926878850,1.897673607,1.936290582
6316,48.453879000,1.903510253,1.893012722,1.914655844
6317,48.456951000,1.758174802,1.895184199,1.702029198
6318,48.460023000,1.485786835,1.891876936,1.747762203
6319,48.463095000,1.441192592,1.877172450,1.916263262
6320,48.466167000,1.910505493,1.908375104,1.919218222
6321,48.469239000,1.560214511,1.707585099,1.550327338
6322,48.472311000,1.890193030,1.875254254,1.910425385
6323,48.475383000,1.804051785,1.845692297,1.824186559
6324,48.478455000,1.896343072,1.885762215,1.909132918
6325,48.481527000,1.926489671,1.920270602,1.937510967
6326,48.484599000,1.890574932,1.869466623,1.903099716
6327,48.487671000,1.900424123,1.891544084,1.907440344
6328,48.490743000,1.900888642,1.893611908,1.910882632
6329,48.493815000,1.922064861,1.907972574,1.934379856
6330,48.496887000,1.915372849,1.904504617,1.928357919
6331,48.499959000,1.740385520,1.827043017,1.742142881
6332,48.503031000,1.913638353,1.905014435,1.925434907
6333,48.506103000,1.900967975,1.910028338,1.904471616
6334,48.509175000,1.799966430,1.780729761,1.844489753
6335,48.512247000,1.781740413,1.893528938,1.817431331
6336,48.515319000,1.896908720,1.881695151,1.906830589
6337,48.518391000,1.892333070,1.884673436,1.904330413
6338,48.521463000,1.912563483,1.902499278,1.923296134
6339,48.524535000,1.922885895,1.911101580,1.929855029
6340,48.527607000,1.869227489,1.850710392,1.881370306
6341,48.530679000,1.688167022,1.912411213,1.680524357
6342,48.533751000,1.887662113,1.879167219,1.900517027
6343,48.536823000,1.894128879,1.877689600,1.899984082
6344,48.539895000,1.888961315,1.878533721,1.902936379
6345,48.542967000,1.880958786,1.866142313,1.890440265
6346,48.546039000,1.888517811,1.883770843,1.902732641
6347,48.549111000,1.898245653,1.886717717,1.912723700
6348,48.552183000,1.907255173,1.893631538,1.918179353
6349,48.555255000,1.836092929,1.891763051,1.851600235
6350,48.558327000,1.883543968,1.867614667,1.890449961
6351,48.561399000,1.922568083,1.920684258,1.928397139
6352,48.564471000,1.898425102,1.878233592,1.907865485
6353,48.567543000,1.818373598,1.805535629,1.828902771
6354,48.570615000,1.906510035,1.898981651,1.916366418
6355,48.573687000,1.895205339,1.879044612,1.905745824
6356,48.576759000,1.851264909,1.825862820,1.871083116
6357,48.579831000,1.909541925,1.896630208,1.920043151
6358,48.582903000,1.763048659,1.719676216,1.761653642
6359,48.585975000,1.895127932,1.858737508,1.903944016
6360,48.589047000,1.899075508,1.884154995,1.915624698
6361,48.592119000,1.902098854,1.888863285,1.914033234
6362,48.595191000,1.903318405,1.896794558,1.921572765
6363,48.598263000,1.892318328,1.878465652,1.900931478
6364,48.601335000,1.905022621,1.902465820,1.918139299
6365,48.604407000,1.843854261,1.815380514,1.853158462
6366,48.607479000,1.862136732,1.867015839,1.863879427
6367,48.610551000,1.880764723,1.867705882,1.889473677
6368,48.613623000,1.689014951,1.675060804,1.704860042
6369,48.616695000,1.881814964,1.866888791,1.906123042
6370,48.619767000,1.919306278,1.909604629,1.930312316
6371,48.622839000,1.892582575,1.877389431,1.908048073
6372,48.625911000,1.891432842,1.873918692,1.903489749
6373,48.628983000,1.836763372,1.822405850,1.844955405
6374,48.632055000,1.928084691,1.908331235,1.938658714
6375,48.635127000,1.896202564,1.888531844,1.909043789
6376,48.638199000,1.893970509,1.888266365,1.906164785
6377,48.641271000,1.798527191,1.781416873,1.806737840
6378,48.644343000,1.756802214,1.830506578,1.802881216
6379,48.647415000,1.876720871,1.873698235,1.888134857
6380,48.650487000,1.745149682,1.889715354,1.840827147
6381,48.653559000,1.803108111,1.875651211,1.829191248
6382,48.656631000,1.888031721,1.866534551,1.894385457
6383,48.659703000,1.851152197,1.832668920,1.892578244
6384,48.662775000,1.663709027,1.822819730,1.665158192
6385,48.665847000,1.911299864,1.888810396,1.603221317
6386,48.668919000,1.753134732,1.900391022,1.108564874
6387,48.671991000,1.891215086,1.881002267,1.017907331
6388,48.675063000,1.885818586,1.873019983,0.919402550
6389,48.678135000,1.886979063,1.876676738,1.193045159
6390,48.681207000,1.187201838,1.860741829,1.506392876
6391,48.684279000,0.451485246,1.878519932,1.166338667
6392,48.687351000,0.201124556,1.871276965,1.123692607
6393,48.690423000,0.086808657,1.896343231,1.101172750
6394,48.693495000,0.863271082,1.790786728,1.615424539
6395,48.696567000,1.632900164,1.856136799,1.712630351
6396,48.699639000,1.771783834,1.882653207,1.805184086
6397,48.702711000,1.897143046,1.882253885,1.906681299
6398,48.705783000,1.895330667,1.884377360,1.902171453
6399,48.708855000,1.875816787,1.858580609,1.891185800
6400,48.711927000,1.893241962,1.880021254,1.903165321
6401,48.714999000,1.891857068,1.832164655,1.906777779
6402,48.718071000,1.681489322,1.695684984,1.672176165
6403,48.721143000,1.869389042,1.880363107,1.882118920
6404,48.724215000,1.897322973,1.890978972,1.909323692
6405,48.727287000,1.919427077,1.915549914,1.932442665
6406,48.730359000,1.908317248,1.901131789,1.920231660
6407,48.733431000,1.908778032,1.904517015,1.922982534
6408,48.736503000,1.645985457,1.710631559,1.666069172
6409,48.739575000,1.895478249,1.881716490,1.907514731
6410,48.742647000,1.774698930,1.779843157,1.789295832
6411,48.745719000,1.551132099,1.603172491,1.558017296
6412,48.748791000,1.762970885,1.809993818,1.769588247
6413,48.751863000,1.738987853,1.777567620,1.783477575
6414,48.754935000,1.878935615,1.861898224,1.891770045
6415,48.758007000,1.915426572,1.894424041,1.925741514
6416,48.761079000,1.877453804,1.875218093,1.896599611
6417,48.764151000,1.837953918,1.807688172,1.860046794
6418,48.767223000,1.495428962,1.531333018,1.544683248
6419,48.770295000,1.897015865,1.885778109,1.919527213
6420,48.773367000,1.901418845,1.892583370,1.911654393
6421,48.776439000,1.898544629,1.889421622,1.911415339
6422,48.779511000,1.908913612,1.901114384,1.919574658
6423,48.782583000,1.899388353,1.878598154,1.913466235
6424,48.785655000,1.904959838,1.900576671,1.916816076
6425,48.788727000,1.890466134,1.885360718,1.905910571
6426,48.791799000,1.905250788,1.896272421,1.916049321
6427,48.794871000,1.876468917,1.849839777,1.884468853
6428,48.797943000,1.903003057,1.889722824,1.917734146
6429,48.801015000,1.841025742,1.858169099,1.863554786
6430,48.804087000,1.898638725,1.883003434,1.909539779
6431,48.807159000,1.890313625,1.873229702,1.904507915
6432,48.810231000,1.893649220,1.881477276,1.909438888
6433,48.813303000,1.764952677,1.876589696,1.789587686
6434,48.816375000,1.902009567,1.902332544,1.912836552
6435,48.819447000,1.888211032,1.879621744,1.906507572
6436,48.822519000,1.878750881,1.870022416,1.894817114
6437,48.825591000,1.897671382,1.890302976,1.914201260
6438,48.828663000,1.794235135,1.771388133,1.799951678
6439,48.831735000,1.803009912,1.774708445,1.829776218
6440,48.834807000,1.893438458,1.869034469,1.904429158
6441,48.837879000,1.901297092,1.891222080,1.914932251
6442,48.840951000,1.906822681,1.895595511,1.917896589
6443,48.844023000,1.900111397,1.876997352,1.908007582
6444,48.847095000,1.905444463,1.897569815,1.920685609
6445,48.850167000,1.839849909,1.860728602,1.870577137
6446,48.853239000,1.895285408,1.886297345,1.910506407
6447,48.856311000,1.927313487,1.912189484,1.939449310
6448,48.859383000,1.812287877,1.831285506,1.822539518
6449,48.862455000,1.898947239,1.890028318,1.910824458
6450,48.865527000,1.898556471,1.885475318,1.910430113
6451,48.868599000,1.740887279,1.728357707,1.747998421
6452,48.871671000,1.888328473,1.864170988,1.902781089
6453,48.874743000,1.927361488,1.904844522,1.935631673
6454,48.877815000,1.846536999,1.816461156,1.842709104
6455,48.880887000,1.868584322,1.839111686,1.858486851
6456,48.883959000,1.900373260,1.893110752,1.916412671
6457,48.887031000,1.932752132,1.921886762,1.941553275
6458,48.890103000,1.833363975,1.899354060,1.876224895
6459,48.893175000,1.906177034,1.870888054,1.924298565
6460,48.896247000,1.752150203,1.888030907,1.751050944
6461,48.899319000,1.876231646,1.861836235,1.896857321
6462,48.902391000,1.610303932,1.683453374,1.622703619
6463,48.905463000,1.840246439,1.854225248,1.874598563
6464,48.908535000,1.894325852,1.878352523,1.900344272
6465,48.911607000,1.905099869,1.888858636,1.916836103
6466,48.914679000,1.852242604,1.817501903,1.856926978
6467,48.917751000,1.907084942,1.897201379,1.919475238
6468,48.920823000,1.891506513,1.859134634,1.899464607
6469,48.923895000,1.891052485,1.859298269,1.904809872
6470,48.926967000,1.853627404,1.845922609,1.858745456
6471,48.930039000,1.882168134,1.642305096,1.897541841
6472,48.933111000,1.882067601,1.741535743,1.893399874
6473,48.936183000,1.807778041,1.809937606,1.824065020
6474,48.939255000,1.905833880,1.888728937,1.915614128
6475,48.942327000,1.893902024,1.872232993,1.904723247
6476,48.945399000,1.898843447,1.870162527,1.909295877
6477,48.948471000,1.872342507,1.852245728,1.890777389
6478,48.951543000,1.881313026,1.790703734,1.882732371
6479,48.954615000,1.882684867,1.865508556,1.895680586
6480,48.957687000,1.883965174,1.871623437,1.896987756
6481,48.960759000,1.892111540,1.871436199,1.901297331
6482,48.963831000,1.837883919,1.872671803,1.859613379
6483,48.966903000,1.891239842,1.874505013,1.902289629
6484,48.969975000,1.903718849,1.867471536,1.907550842
6485,48.973047000,1.880394245,1.871737719,1.893909931
6486,48.976119000,1.759595588,1.721360271,1.742806355
6487,48.979191000,1.878888051,1.861054023,1.892895659
6488,48.982263000,1.888946801,1.873097181,1.895225684
6489,48.985335000,1.894174735,1.878989617,1.904647191
6490,48.988407000,1.964664539,1.858725548,1.963095903
6491,48.991479000,1.898390452,1.883286675,1.911894798
6492,48.994551000,1.901386102,1.883606056,1.911504090
6493,48.997623000,1.843339627,1.860856692,1.861761014
6494,49.000695000,1.809170184,1.866928736,1.857774595
6495,49.003767000,1.863697082,1.843865534,1.879228999
6496,49.006839000,1.868589719,1.839825710,1.882445017
6497,49.009911000,1.893919547,1.874621709,1.902066946
6498,49.012983000,1.894466480,1.868776222,1.901170174
6499,49.016055000,1.887838682,1.872608503,1.890866349
6500,49.019127000,1.801453958,1.861407816,1.839806845
6501,49.022199000,1.882893801,1.859193524,1.894645452
6502,49.025271000,1.880684773,1.851898670,1.896035631
6503,49.028343000,1.898016453,1.874473890,1.909953912
6504,49.031415000,1.888308684,1.865370671,1.899807612
6505,49.034487000,1.899087747,1.881798267,1.908164978
6506,49.037559000,1.895521164,1.880416870,1.909096877
6507,49.040631000,1.767884495,1.762681782,1.802057435
6508,49.043703000,1.791980435,1.829924166,1.829694256
6509,49.046775000,1.907161852,1.885869682,1.918150663
6510,49.049847000,1.890568241,1.877932866,1.903935015
6511,49.052919000,1.867619346,1.817326546,1.892841438
6512,49.055991000,1.886874755,1.873265505,1.893397768
6513,49.059063000,1.871717374,1.852816979,1.881395141
6514,49.062135000,1.890553564,1.842495422,1.894876103
6515,49.065207000,1.837040362,1.788447917,1.797432179
6516,49.068279000,1.884239038,1.867115676,1.333164680
6517,49.071351000,1.793620418,1.819040244,1.388702065
6518,49.074423000,1.920606256,1.897228797,1.563036273
6519,49.077495000,1.041412689,1.874999017,1.497341285
6520,49.080567000,1.632095004,1.782543893,1.780259033
6521,49.083639000,1.324463502,1.801583399,1.707471107
6522,49.086711000,1.204515273,1.889950693,1.229356349
6523,49.089783000,1.533115149,1.907708804,1.932497342
6524,49.092855000,1.547870786,1.643814969,1.561515023
6525,49.095927000,1.897626082,1.885705948,1.911735217
6526,49.098999000,1.885305325,1.878768206,1.897834857
6527,49.102071000,1.913948218,1.885967573,1.928101540
6528,49.105143000,1.899172783,1.888923407,1.915774981
6529,49.108215000,1.597601560,1.583882506,1.616623580
6530,49.111287000,1.912851175,1.908026377,1.924586773
6531,49.114359000,1.877330720,1.845189308,1.884102503
6532,49.117431000,1.900333246,1.873774290,1.911051273
6533,49.120503000,1.891028563,1.859199127,1.903995991
6534,49.123575000,1.882328351,1.873036623,1.892484307
6535,49.126647000,1.758700803,1.718196834,1.765879025
6536,49.129719000,1.881520152,1.862880031,1.891718189
6537,49.132791000,1.893378258,1.878771861,1.907387336
6538,49.135863000,1.884274125,1.866401891,1.895272414
6539,49.138935000,1.899094939,1.885198563,1.911220074
6540,49.142007000,1.838036756,1.837129225,1.869041036
6541,49.145079000,1.890067101,1.880084276,1.907042027
6542,49.148151000,1.898367683,1.879195233,1.907319427
6543,49.151223000,1.914827029,1.904846032,1.911780278
6544,49.154295000,1.896997650,1.898864587,1.922429562
6545,49.157367000,1.891248385,1.881227255,1.899451971
6546,49.160439000,1.816780460,1.814225684,1.832276603
6547,49.163511000,1.897069673,1.865207801,1.918500344
6548,49.166583000,1.892255306,1.875687758,1.901570241
6549,49.169655000,1.883776824,1.866433620,1.894796371
6550,49.172727000,1.777073403,1.876990755,1.827876548
6551,49.175799000,1.890927076,1.878334363,1.904172500
6552,49.178871000,1.885519505,1.876048883,1.900732676
6553,49.181943000,1.890681585,1.875971556,1.905194441
6554,49.185015000,1.876543125,1.855728308,1.888508240
6555,49.188087000,1.895503680,1.881297847,1.908669273
6556,49.191159000,1.890422026,1.886826138,1.899750312
6557,49.194231000,1.887619774,1.877485832,1.899324377
6558,49.197303000,1.904803157,1.897729874,1.917143146
6559,49.200375000,1.906765004,1.806276520,1.913089871
6560,49.203447000,1.883095264,1.875272195,1.895601511
6561,49.206519000,1.893203735,1.884813269,1.899069587
6562,49.209591000,1.922590892,1.900190512,1.872586290
6563,49.212663000,1.907356898,1.898393353,1.915972551
6564,49.215735000,1.864198344,1.843205820,1.863478382
6565,49.218807000,1.744001915,1.728362858,1.785370906
6566,49.221879000,1.776824882,1.901061376,1.773539916
6567,49.224951000,1.708319765,1.734942436,1.694325820
6568,49.228023000,1.888598124,1.875422398,1.897979259
6569,49.231095000,1.645301936,1.888314565,1.638080890
6570,49.234167000,1.892004808,1.879867951,1.905302842
6571,49.237239000,1.912551006,1.894906481,1.919484973
6572,49.240311000,1.880012949,1.883220514,1.887777587
6573,49.243383000,1.799615840,1.794546147,1.819320137
6574,49.246455000,1.892521938,1.886166970,1.907451789
6575,49.249527000,1.900526047,1.885451158,1.911828915
6576,49.252599000,1.516908613,1.885760665,1.632917429
6577,49.255671000,1.856484349,1.818497603,1.885490477
6578,49.258743000,1.895223121,1.880918026,1.901109258
6579,49.261815000,1.911666314,1.906780243,1.923257788
6580,49.264887000,1.884649595,1.876442671,1.898554802
6581,49.267959000,1.895120462,1.884819746,1.905936400
6582,49.271031000,1.897237778,1.885821978,1.907760541
6583,49.274103000,1.882166942,1.868363221,1.892297784
6584,49.277175000,1.906831741,1.900589466,1.918795904
6585,49.280247000,1.906617324,1.903834263,1.923334281
6586,49.283319000,1.581896968,1.648041513,1.616136993
6587,49.286391000,1.879526734,1.867457708,1.892717640
6588,49.289463000,1.775925924,1.873853763,1.768426528
6589,49.292535000,1.902181705,1.883423487,1.910478274
6590,49.295607000,1.886019707,1.877703547,1.899868647
6591,49.298679000,1.893519402,1.875151555,1.906884829
6592,49.301751000,1.827154982,1.857772549,1.841672709
6593,49.304823000,1.827729416,1.846198072,1.853659352
6594,49.307895000,1.861975056,1.854881585,1.880804906
6595,49.310967000,1.882426898,1.870298624,1.897757848
6596,49.314039000,1.894723415,1.885314624,1.911689123
6597,49.317111000,1.905667941,1.899320205,1.916739941
6598,49.320183000,1.748643366,1.892488986,1.728047505
6599,49.323255000,1.422443402,1.556494003,1.267891104
6600,49.326327000,1.802935936,1.822189276,1.815622474
6601,49.329399000,1.695596941,1.743262721,1.750657027
6602,49.332471000,1.895532688,1.886966308,1.910655657
6603,49.335543000,1.791718744,1.744862537,1.799017434
6604,49.338615000,1.889017860,1.867393315,1.899101218
6605,49.341687000,1.901558240,1.875820200,1.908657312
6606,49.344759000,1.898451487,1.884910782,1.909425894
6607,49.347831000,1.652377525,1.599244806,1.693823546
6608,49.350903000,1.892745018,1.875098755,1.897294283
6609,49.353975000,1.653724107,1.741063324,1.703787118
6610,49.357047000,1.883368929,1.862061123,1.891415795
6611,49.360119000,1.895275672,1.890110652,1.907124837
6612,49.363191000,1.904891193,1.887184044,1.922744910
6613,49.366263000,1.878535330,1.870211403,1.886904001
6614,49.369335000,1.897429625,1.890369892,1.911878665
6615,49.372407000,1.887229741,1.868074437,1.900708417
6616,49.375479000,1.899077654,1.888838530,1.910383066
6617,49.378551000,1.892371575,1.882265846,1.903642495
6618,49.381623000,1.891404212,1.878647983,1.897350709
6619,49.384695000,1.893221219,1.873456597,1.903600534
6620,49.387767000,1.821920683,1.798456480,1.820115509
6621,49.390839000,1.890574098,1.879754603,1.895345449
6622,49.393911000,1.889498214,1.877159198,1.899674972
6623,49.396983000,1.895979881,1.879143337,1.902782440
6624,49.400055000,1.899743358,1.888302008,1.901167254
6625,49.403127000,1.898455421,1.888113499,1.910513401
6626,49.406199000,1.897223155,1.885235945,1.911772887
6627,49.409271000,1.768355027,1.807776985,1.780566419
6628,49.412343000,1.862071852,1.767590413,1.858427982
6629,49.415415000,1.818240186,1.878649235,1.833626548
6630,49.418487000,1.883407424,1.866875211,1.893397768
6631,49.421559000,1.885317758,1.858161370,1.885988474
6632,49.424631000,1.892882188,1.890914758,1.907816410
6633,49.427703000,1.877343098,1.863433321,1.888363659
6634,49.430775000,1.884347439,1.863205115,1.892414172
6635,49.433847000,1.886886557,1.869260391,1.899329980
6636,49.436919000,1.883481403,1.879179060,1.897558908
6637,49.439991000,1.898505529,1.887224515,1.914777279
6638,49.443063000,1.885968844,1.865617454,1.893813133
6639,49.446135000,1.901848873,1.878464590,1.908186436
6640,49.449207000,1.911031723,1.894044121,1.921300729
6641,49.452279000,1.849161431,1.820936004,1.859299044
6642,49.455351000,1.899412076,1.891811411,1.910697579
6643,49.458423000,1.897443215,1.876396815,1.909803708
6644,49.461495000,1.915535768,1.907748540,1.927601337
6645,49.464567000,1.661479305,1.648766706,1.691603479
6646,49.467639000,1.846057077,1.837263986,1.872683515
6647,49.470711000,1.889365117,1.875679851,1.899634083
6648,49.473783000,1.750977203,1.884942253,1.810578158
6649,49.476855000,1.824945495,1.760110398,1.822044800
6650,49.479927000,1.892123361,1.879634380,1.903903266
6651,49.482999000,1.640839135,1.568956263,1.685364788
6652,49.486071000,1.782348126,1.787882177,1.900602937
6653,49.489143000,1.894079288,1.887901862,1.906278849
6654,49.492215000,1.899724801,1.879273017,1.913250287
6655,49.495287000,1.898068746,1.883473277,1.910689751
6656,49.498359000,1.893718878,1.881864369,1.904651602
6657,49.501431000,1.896572987,1.888444901,1.907990615
6658,49.504503000,1.870038589,1.840153933,1.879547834
6659,49.507575000,1.916878213,1.914688110,1.924770554
6660,49.510647000,1.885601362,1.869906584,1.899082502
6661,49.513719000,1.874860764,1.852355003,1.888397376
6662,49.516791000,1.871868372,1.853749057,1.882579505
6663,49.519863000,1.825037027,1.843236754,1.825855578
6664,49.522935000,1.898772240,1.882311980,1.911949952
6665,49.526007000,1.870586167,1.837854673,1.876804570
6666,49.529079000,1.880580425,1.869270841,1.893984954
6667,49.532151000,1.888703346,1.876360893,1.900590420
6668,49.535223000,1.808128258,1.813271890,1.808413809
6669,49.538295000,1.670661929,1.674572381,1.757859305
6670,49.541367000,1.894381007,1.869653394,1.904696703
6671,49.544439000,1.905140877,1.892114878,1.916505973
6672,49.547511000,1.901058992,1.884217421,1.912936449
6673,49.550583000,1.893014510,1.878229618,1.904839516
6674,49.553655000,1.485618147,1.587973692,1.449696387
6675,49.556727000,1.898430586,1.887401740,1.910011053
6676,49.559799000,1.864005998,1.841238499,1.874131789
6677,49.562871000,1.889269431,1.877115806,1.898102562
6678,49.565943000,1.904037317,1.886157473,1.916210810
6679,49.569015000,1.889451981,1.871476014,1.903738976
6680,49.572087000,1.903972944,1.893357317,1.912904898
6681,49.575159000,1.382877557,1.578688577,1.380010065
6682,49.578231000,1.906500816,1.898000717,1.918906848
6683,49.581303000,1.838050827,1.777758424,1.840988855
6684,49.584375000,1.853012224,1.832019448,1.850881462
6685,49.587447000,1.845310271,1.841527333,1.902266979
6686,49.590519000,1.879482826,1.858806451,1.893617233
6687,49.593591000,1.882659793,1.875382503,1.891748508
6688,49.596663000,1.908648650,1.895791054,1.917411168
6689,49.599735000,1.902874351,1.888692816,1.911556125
6690,49.602807000,1.761741685,1.800645930,1.778505325
6691,49.605879000,1.762974004,1.899470806,1.777105103
6692,49.608951000,1.836771605,1.837757289,1.875817835
6693,49.612023000,1.895908515,1.885576089,1.911034028
6694,49.615095000,1.787316506,1.748440904,1.815471058
6695,49.618167000,1.895929337,1.872511069,1.906089147
6696,49.621239000,1.899332523,1.887599866,1.912717581
6697,49.624311000,1.872461915,1.848382811,1.877144615
6698,49.627383000,1.548041823,1.665461073,1.507282257
6699,49.630455000,1.834941323,1.804283023,1.834083855
6700,49.633527000,1.742184257,1.858942961,1.655043860
6701,49.636599000,1.151571343,1.416507254,1.136704871
6702,49.639671000,1.681236342,1.689420675,1.716680427
6703,49.642743000,1.836541355,1.788427780,1.875533362
6704,49.645815000,1.886610279,1.866724869,1.895694464
6705,49.648887000,1.902237097,1.892378330,1.911190907
6706,49.651959000,1.867946466,1.850698670,1.884104331
6707,49.655031000,1.896593332,1.883452952,1.906978011
6708,49.658103000,1.881726185,1.868309418,1.895453771
6709,49.661175000,1.902738372,1.867302656,1.911693613
6710,49.664247000,1.904589971,1.895046234,1.917348941
6711,49.667319000,1.889865239,1.874925256,1.903391997
6712,49.670391000,1.883685986,1.857228200,1.900163968
6713,49.673463000,1.908027013,1.900101741,1.921408176
6714,49.676535000,1.906651258,1.901720206,1.919245323
6715,49.679607000,1.643712259,1.705033255,1.638909416
6716,49.682679000,1.492584365,1.567302290,1.602473428
6717,49.685751000,1.723385339,1.784438302,1.720837891
6718,49.688823000,1.747581144,1.685114558,1.770171598
6719,49.691895000,0.974134198,1.397215819,0.965347968
6720,49.694967000,1.798964898,1.785511047,1.846973181
6721,49.698039000,1.894793828,1.890061458,1.905874570
6722,49.701111000,1.770544966,1.743002534,1.793046708
6723,49.704183000,1.421190191,1.631712024,1.335597110
6724,49.707255000,1.856862326,1.867084563,1.842277100
6725,49.710327000,1.889281114,1.878467719,1.900369803
6726,49.713399000,1.901052872,1.897128264,1.910331249
6727,49.716471000,1.881661097,1.865409215,1.894866308
6728,49.719543000,1.848771890,1.827152959,1.853296300
6729,49.722615000,1.450414029,1.690674737,1.391391054
6730,49.725687000,0.885869707,1.304096553,0.873909647
6731,49.728759000,1.202408392,1.687858275,1.250086049
6732,49.731831000,1.621384439,1.768820350,1.755176420
6733,49.734903000,1.905303796,1.899195989,1.921918074
6734,49.737975000,1.886107624,1.874156276,1.895907442
6735,49.741047000,1.822013184,1.780506745,1.849382947
6736,49.744119000,1.163834294,1.514446461,1.113107555
6737,49.747191000,1.891372760,1.877798835,1.903795560
6738,49.750263000,1.877624388,1.862195293,1.889613330
6739,49.753335000,1.894254605,1.881516695,1.906708996
6740,49.756407000,1.863126088,1.871340940,1.892776728
6741,49.759479000,1.917074998,1.908421675,1.927529812
6742,49.762551000,1.927426060,1.892427643,1.931013346
6743,49.765623000,1.746968468,1.646240709,1.722375949
6744,49.768695000,1.870219424,1.824065238,1.901178956
6745,49.771767000,1.903113524,1.888027827,1.914215088
6746,49.774839000,1.900138060,1.890938759,1.909695943
6747,49.777911000,1.889898459,1.873108566,1.900919159
6748,49.780983000,1.819878521,1.846541017,1.832956096
6749,49.784055000,1.747452428,1.839860489,1.735099956
6750,49.787127000,1.508418317,1.740654205,1.584611227
6751,49.790199000,1.897400379,1.889065504,1.908739964
6752,49.793271000,1.890834808,1.874821345,1.907583714
6753,49.796343000,1.934085846,1.874700020,1.937609275
6754,49.799415000,1.930244287,1.898760557,1.935145219
6755,49.802487000,1.903290431,1.890373866,1.914457957
6756,49.805559000,1.894526795,1.882045408,1.901852717
6757,49.808631000,1.865416579,1.823184967,1.892143448
6758,49.811703000,1.911236604,1.905650298,1.920480728
6759,49.814775000,1.866864433,1.837400859,1.870673378
6760,49.817847000,1.850916706,1.854843944,1.832845489
6761,49.820919000,1.784186731,1.728558140,1.779736608
6762,49.823991000,1.914632638,1.897492568,1.924977144
6763,49.827063000,1.905669848,1.892202338,1.910292784
6764,49.830135000,1.829693111,1.842672159,1.851918176
6765,49.833207000,1.890509248,1.880087197,1.896393120
6766,49.836279000,1.904488722,1.894558112,1.918721199
6767,49.839351000,1.931129217,1.915835261,1.927057485
6768,49.842423000,1.744044781,1.759522190,1.760617013
6769,49.845495000,1.940287272,1.750688950,1.942595800
6770,49.848567000,1.899928649,1.883695364,1.916772525
6771,49.851639000,1.807823410,1.885684808,1.808160176
6772,49.854711000,1.884359837,1.850875537,1.896712144
6773,49.857783000,1.780236805,1.884514451,1.829139521
6774,49.860855000,1.604729796,1.662756351,1.569379618
6775,49.863927000,1.927472870,1.886832535,1.522174637
6776,49.866999000,1.834242488,1.902169983,1.777523930
6777,49.870071000,1.906240304,1.897611340,1.914143562
6778,49.873143000,1.871908133,1.849266479,1.876705776
6779,49.876215000,1.892204354,1.877394060,1.899336676
6780,49.879287000,1.678333133,1.684697236,1.675004020
6781,49.882359000,1.891918898,1.884486606,1.896006703
6782,49.885431000,1.882517417,1.876349668,1.892750502
6783,49.888503000,1.822869082,1.815261592,1.840889096
6784,49.891575000,1.887003273,1.877033989,1.897367934
6785,49.894647000,1.885700574,1.883332531,1.897723516
6786,49.897719000,1.889609893,1.878716429,1.900856654
6787,49.900791000,1.931782166,1.884951353,1.935790499
6788,49.903863000,1.886862993,1.876924356,1.899215857
6789,49.906935000,1.904379129,1.880453229,1.915421089
6790,49.910007000,1.902894696,1.888434927,1.913618167
6791,49.913079000,1.908996979,1.896747470,1.921110789
6792,49.916151000,1.848467122,1.780559515,1.846489936
6793,49.919223000,1.816633721,1.852933014,1.821725301
6794,49.922295000,1.669750320,1.745939652,1.753747756
6795,49.925367000,1.885368824,1.865423361,1.898989042
6796,49.928439000,1.907385190,1.883705457,1.914840817
6797,49.931511000,1.970672766,1.874420166,1.969522158
6798,49.934583000,1.908882320,1.891807218,1.917600751
6799,49.937655000,1.757307303,1.873308390,1.739533017
6800,49.940727000,1.884692351,1.867583156,1.895629088
6801,49.943799000,1.880104224,1.851915230,1.891618530
6802,49.946871000,1.454068052,1.705938708,1.497506635
6803,49.949943000,1.693250104,1.723188971,1.811646978
6804,49.953015000,1.820988104,1.882807175,1.836400042
6805,49.956087000,1.780769358,1.866457442,1.818355838
6806,49.959159000,1.891128222,1.875262022,1.906763951
6807,49.962231000,1.886583438,1.870161335,1.904407819
6808,49.965303000,1.876123985,1.824931532,1.886238595
6809,49.968375000,1.884705320,1.867963672,1.895041883
6810,49.971447000,1.810680404,1.870767633,1.806087002
6811,49.974519000,1.731541137,1.677175953,1.677909633
6812,49.977591000,1.764232983,1.868891915,1.747784068
6813,49.980663000,1.875078042,1.853013237,1.887851397
6814,49.983735000,1.845761408,1.803419963,1.858438383
6815,49.986807000,1.816758990,1.783914357,1.866759340
6816,49.989879000,1.846251031,1.805446247,1.855419139
6817,49.992951000,1.901607831,1.883541902,1.911934694
6818,49.996023000,1.889880021,1.867402236,1.900782267
6819,49.999095000,1.888497988,1.873726209,1.897547881
6820,50.002167000,1.906155109,1.889231841,1.914796392
6821,50.005239000,1.825758740,1.883994102,1.847027140
6822,50.008311000,1.849349126,1.850070794,1.858768006
6823,50.011383000,1.884456396,1.876780589,1.903766950
6824,50.014455000,1.760119960,1.873063366,1.794749970
6825,50.017527000,1.890500069,1.868441661,1.876313925
6826,50.020599000,1.697891533,1.849796931,1.807753195
6827,50.023671000,1.813896949,1.786981960,1.887959003
6828,50.026743000,1.900058190,1.881698052,1.910192331
6829,50.029815000,1.893614610,1.880249500,1.906596343
6830,50.032887000,1.879712343,1.869081259,1.894508441
6831,50.035959000,1.813349947,1.820429752,1.822312315
6832,50.039031000,1.809893464,1.797546377,1.857194801
6833,50.042103000,1.882204096,1.868332883,1.897012671
6834,50.045175000,1.899723997,1.851940662,1.838677982
6835,50.048247000,1.892729640,1.877012809,1.902517716
6836,50.051319000,1.853506818,1.841757307,1.863509973
6837,50.054391000,1.886717170,1.873621146,1.895320614
6838,50.057463000,1.885824442,1.865088224,1.896359603
6839,50.060535000,1.734391227,1.882738551,1.788539410
6840,50.063607000,1.823784227,1.811717371,1.837350359
6841,50.066679000,1.854008913,1.835052093,1.876112858
6842,50.069751000,1.858529727,1.881210327,1.846811006
6843,50.072823000,1.861410836,1.845956385,1.882968456
6844,50.075895000,1.772264843,1.805078107,1.786968748
6845,50.078967000,1.898584684,1.875616948,1.908410072
6846,50.082039000,1.895229379,1.875567913,1.904140492
6847,50.085111000,1.804719081,1.859281083,1.857055341
6848,50.088183000,1.890387217,1.876986345,1.904152473
6849,50.091255000,1.874508142,1.857747118,1.887901306
6850,50.094327000,1.887333790,1.875436465,1.900216579
6851,50.097399000,1.629746435,1.583429709,1.692062289
6852,50.100471000,1.873911222,1.806310147,1.895559072
6853,50.103543000,1.072379470,1.435235232,1.096219959
6854,50.106615000,1.664497244,1.785040714,1.762133539
6855,50.109687000,1.894608816,1.885857423,1.904873610
6856,50.112759000,1.859391451,1.852056652,1.872306228
6857,50.115831000,1.873945415,1.862355769,1.884931207
6858,50.118903000,1.896753788,1.881712437,1.907456954
6859,50.121975000,1.909738859,1.897376855,1.920711517
6860,50.125047000,1.880133947,1.865078052,1.897174438
6861,50.128119000,1.894055684,1.882202307,1.905776739
6862,50.131191000,1.737348375,1.881427685,1.779321909
6863,50.134263000,1.874574025,1.846798599,1.883660595
6864,50.137335000,1.885866563,1.890528997,1.899781168
6865,50.140407000,1.888805737,1.857666189,1.902180115
6866,50.143479000,1.907249689,1.893978437,1.912284732
6867,50.146551000,1.896387895,1.882698814,1.912191391
6868,50.149623000,1.917690595,1.911460718,1.927766959
6869,50.152695000,1.873425325,1.860561093,1.887068550
6870,50.155767000,1.878349394,1.871109655,1.885228157
6871,50.158839000,1.812865590,1.850159725,1.862743179
6872,50.161911000,1.847328087,1.875751019,1.862748384
6873,50.164983000,1.818609724,1.756401449,1.798028424
6874,50.168055000,1.788399607,1.878730019,1.782081862
6875,50.171127000,1.787309992,1.755732586,1.784035832
6876,50.174199000,1.889735818,1.867661635,1.902433395
6877,50.177271000,1.904064496,1.882588545,1.915094217
6878,50.180343000,1.884701093,1.871407350,1.895965735
6879,50.183415000,1.829677085,1.799072300,1.810644368
6880,50.186487000,1.780254630,1.877480348,1.801793014
6881,50.189559000,1.899218718,1.881565268,1.912164211
6882,50.192631000,1.499144331,1.635577500,1.556557262
6883,50.195703000,1.656288388,1.632343821,1.663165202
6884,50.198775000,1.763412484,1.837728659,1.767833571
6885,50.201847000,1.705357845,1.909141858,1.711770753
6886,50.204919000,1.644519274,1.807202925,1.686131150
6887,50.207991000,1.894184669,1.878641764,1.905402025
6888,50.211063000,1.835080201,1.796395451,1.842499107
6889,50.214135000,1.868799458,1.873974562,1.868467937
6890,50.217207000,1.822717955,1.802192628,1.837059210
6891,50.220279000,1.892660628,1.874803851,1.902571698
6892,50.223351000,1.890798291,1.876179576,1.903081059
6893,50.226423000,1.891590834,1.878572702,1.903232574
6894,50.229495000,1.594857167,1.639949448,1.466661826
6895,50.232567000,1.660959365,1.791602987,1.693077107
6896,50.235639000,1.803730195,1.860564272,1.818315071
6897,50.238711000,1.877947201,1.846723815,1.881464104
6898,50.241783000,1.915739536,1.901608467,1.926922401
6899,50.244855000,1.870747328,1.849722882,1.883977731
6900,50.247927000,1.920934200,1.910500209,1.933325052
6901,50.250999000,1.223770581,1.512119903,1.346921054
6902,50.254071000,1.573934848,1.718471721,1.606386006
6903,50.257143000,1.909129620,1.901839336,1.920912584
6904,50.260215000,1.797838445,1.834853808,1.832969427
6905,50.263287000,1.870744467,1.856804589,1.882177273
6906,50.266359000,1.903287013,1.895903587,1.916402181
6907,50.269431000,1.702622436,1.683826119,1.716705789
6908,50.272503000,1.765357338,1.729151294,1.789934496
6909,50.275575000,1.876204133,1.855420709,1.889441133
6910,50.278647000,1.732076628,1.772384482,1.780293045
6911,50.281719000,1.913485686,1.895389875,1.926772674
6912,50.284791000,1.863104184,1.866849383,1.875770887
6913,50.287863000,1.767102579,1.896424909,1.827458600
6914,50.290935000,1.901200294,1.892935276,1.913420836
6915,50.294007000,1.819638583,1.802103559,1.828489857
6916,50.297079000,1.902480761,1.889693896,1.914062341
6917,50.300151000,1.893370489,1.888570507,1.908496539
6918,50.303223000,1.896794001,1.881818891,1.908365091
6919,50.306295000,1.858613968,1.839755793,1.865993539
6920,50.309367000,1.574514918,1.511300457,1.275384833
6921,50.312439000,1.817203729,1.710587402,1.811866522
6922,50.315511000,1.893779809,1.862897972,1.914459546
6923,50.318583000,1.683613225,1.800060789,1.753192501
6924,50.321655000,1.583673245,1.718270452,1.855082949
6925,50.324727000,1.203332021,1.538123750,1.059259757
6926,50.327799000,1.809328705,1.811990517,1.864850760
6927,50.330871000,1.855795736,1.815144449,1.885493358
6928,50.333943000,1.906060368,1.881624460,1.914137959
6929,50.337015000,1.820397605,1.885938883,1.826840386
6930,50.340087000,1.781718701,1.766079222,1.837661405
6931,50.343159000,1.894166966,1.885939111,1.910027484
6932,50.346231000,1.905232747,1.894714514,1.916567723
6933,50.349303000,1.904532115,1.893589695,1.915375868
6934,50.352375000,1.902642250,1.889598370,1.919868469
6935,50.355447000,1.890582561,1.882283171,1.901805480
6936,50.358519000,1.881841977,1.870496670,1.898680687
6937,50.361591000,1.892231623,1.873955647,1.909286181
6938,50.364663000,1.891547441,1.881573836,1.902650436
6939,50.367735000,1.834067270,1.888986150,1.847870966
6940,50.370807000,1.885121862,1.873336514,1.898862044
6941,50.373879000,1.878259579,1.867199500,1.892575741
6942,50.376951000,1.874995629,1.857172867,1.883958578
6943,50.380023000,1.891952410,1.878126363,1.900015314
6944,50.383095000,1.884383619,1.863135427,1.893750985
6945,50.386167000,1.809767053,1.817541470,1.808222244
6946,50.389239000,1.774046697,1.763621738,1.789215018
6947,50.392311000,1.894005617,1.849879642,1.896842360
6948,50.395383000,1.854604453,1.787461480,1.892584880
6949,50.398455000,1.891080221,1.877778371,1.905163924
6950,50.401527000,1.908286333,1.906097094,1.921974262
6951,50.404599000,1.881675040,1.859673818,1.890021682
6952,50.407671000,1.884619713,1.852099737,1.902010918
6953,50.410743000,1.897640864,1.884695371,1.906824986
6954,50.413815000,1.880714754,1.812522680,1.890681585
6955,50.416887000,1.895285527,1.886954983,1.908201536
6956,50.419959000,1.784160336,1.884642084,1.808889568
6957,50.423031000,1.878177285,1.862781366,1.886287252
6958,50.426103000,1.900618394,1.884297291,1.912508885
6959,50.429175000,1.857778609,1.832637469,1.871780892
6960,50.432247000,1.882863164,1.872928997,1.895567417
6961,50.435319000,1.767062361,1.799764961,1.740283142
6962,50.438391000,1.373906319,1.520150567,1.408733544
6963,50.441463000,1.895645777,1.883755525,1.905136804
6964,50.444535000,1.777680443,1.893697103,1.779813836
6965,50.447607000,1.907255014,1.891934236,1.918224414
6966,50.450679000,1.873001258,1.860969067,1.883279880
6967,50.453751000,1.895617088,1.891509136,1.909805616
6968,50.456823000,1.872294585,1.858456035,1.887097239
6969,50.459895000,1.856263936,1.850071018,1.854704261
6970,50.462967000,1.764636184,1.719981199,1.762541682
6971,50.466039000,1.848963395,1.782915841,1.857438534
6972,50.469111000,1.882238110,1.866244078,1.892825961
6973,50.472183000,1.814894738,1.784253567,1.823744218
6974,50.475255000,1.729894084,1.804261064,1.737807175
6975,50.478327000,1.905157089,1.895295223,1.916874886
6976,50.481399000,1.897952636,1.886543989,1.910726468
6977,50.484471000,1.788155377,1.869477928,1.806054870
6978,50.487543000,1.848304843,1.895713011,1.906458795
6979,50.490615000,1.854125475,1.860675156,1.866363039
6980,50.493687000,1.764484117,1.872740904,1.756152411
6981,50.496759000,1.861152838,1.890430927,1.889533718
6982,50.499831000,1.885411263,1.876028140,1.897407293
6983,50.502903000,1.901019653,1.879757841,1.916530291
6984,50.505975000,1.894869486,1.879296919,1.904668093
6985,50.509047000,1.898798386,1.870119015,1.910441478
6986,50.512119000,1.898815314,1.888159434,1.905384421
6987,50.515191000,1.916720231,1.907506863,1.926940838
6988,50.518263000,1.879328330,1.880035361,1.894777040
6989,50.521335000,1.894022624,1.862943292,1.902928789
6990,50.524407000,1.879044582,1.857435683,1.887443582
6991,50.527479000,1.874834220,1.847816428,1.884631475
6992,50.530551000,1.871858597,1.839215239,1.882857124
6993,50.533623000,1.917684873,1.907397270,1.928661426
6994,50.536695000,1.882729689,1.863082707,1.887747327
6995,50.539767000,1.889631748,1.880544106,1.904824575
6996,50.542839000,1.871336679,1.838846723,1.878333787
6997,50.545911000,1.888764858,1.872155696,1.896416247
6998,50.548983000,1.901476542,1.895909071,1.913786650
6999,50.552055000,1.876058742,1.875180811,1.889499704
7000,50.555127000,1.801685649,1.772458111,1.839852204
7001,50.558199000,1.866594578,1.851296812,1.887103056
7002,50.561271000,1.875932455,1.857814868,1.886529128
7003,50.564343000,1.892971059,1.877813756,1.907916188
7004,50.567415000,1.923745791,1.901319742,1.933448474
7005,50.570487000,1.885273640,1.858892133,1.880748610
7006,50.573559000,1.651931301,1.534122666,1.735841900
7007,50.576631000,1.895924846,1.857443482,1.917176088
7008,50.579703000,1.905128002,1.892150899,1.909351707
7009,50.582775000,1.908571164,1.900844097,1.922201633
7010,50.585847000,1.831385717,1.761168202,1.829757233
7011,50.588919000,1.744346524,1.713974491,1.759043063
7012,50.591991000,1.374337728,1.507113951,1.416712215
7013,50.595063000,1.916506449,1.901180903,1.928533713
7014,50.598135000,1.902689616,1.896392186,1.917901516
7015,50.601207000,1.532496471,1.613572886,1.508066756
7016,50.604279000,1.840668794,1.842029502,1.890971581
7017,50.607351000,1.876809120,1.859591722,1.886448224
7018,50.610423000,1.872095625,1.856763800,1.885797262
7019,50.613495000,1.879487753,1.834945838,1.894470950
7020,50.616567000,1.888762516,1.878766636,1.899059971
7021,50.619639000,1.906339804,1.893438498,1.916760484
7022,50.622711000,1.902992010,1.893123865,1.916332563
7023,50.625783000,1.875413569,1.853136614,1.888967901
7024,50.628855000,1.884177039,1.858222375,1.886258175
7025,50.631927000,1.907082876,1.888091405,1.917388082
7026,50.634999000,1.915289402,1.877748728,1.928876400
7027,50.638071000,1.930548668,1.906179031,1.937434872
7028,50.641143000,1.763205253,1.781017775,1.767438903
7029,50.644215000,1.853268065,1.824090173,1.854779075
7030,50.647287000,1.919012229,1.895841122,1.931216240
7031,50.650359000,1.899390747,1.860082626,1.914687137
7032,50.653431000,1.880272438,1.855499764,1.887244523
7033,50.656503000,1.888966322,1.877977371,1.899112066
7034,50.659575000,1.924001157,1.861444354,1.895206650
7035,50.662647000,1.878291458,1.900485476,1.921749592
7036,50.665719000,1.913477898,1.899033546,1.925646305
7037,50.668791000,1.906221628,1.896583915,1.917477846
7038,50.671863000,1.911410332,1.904349883,1.924643040
7039,50.674935000,1.907392979,1.901963989,1.919836442
7040,50.678007000,1.890716275,1.881584605,1.901464383
7041,50.681079000,1.858803297,1.845633979,1.865577420
7042,50.684151000,1.797381776,1.767741978,1.811842168
7043,50.687223000,1.490531915,1.663680188,1.507189448
7044,50.690295000,1.909636100,1.895876964,1.922264258
7045,50.693367000,1.901204348,1.883858760,1.912054062
7046,50.696439000,1.908936024,1.899249077,1.923647881
7047,50.699511000,1.901314815,1.891918103,1.916860580
7048,50.702583000,1.906362534,1.899824063,1.918466886
7049,50.705655000,1.879830440,1.856276691,1.893339574
7050,50.708727000,1.915863037,1.914612929,1.926909606
7051,50.711799000,1.902628551,1.884824117,1.907160064
7052,50.714871000,1.794997709,1.845022455,1.802358811
7053,50.717943000,1.787158103,1.797919927,1.860328188
7054,50.721015000,1.913626353,1.902729511,1.922135830
7055,50.724087000,1.691141757,1.615841501,1.777055512
7056,50.727159000,1.908548832,1.897887866,1.919460376
7057,50.730231000,0.501398969,1.471796439,0.652895242
7058,50.733303000,1.755906181,1.798097476,1.794248333
7059,50.736375000,1.905334711,1.890258630,1.913173437
7060,50.739447000,1.909623067,1.901151260,1.920466741
7061,50.742519000,1.865762735,1.891387184,1.865636960
7062,50.745591000,1.900652091,1.892839909,1.914117972
7063,50.748663000,1.880946676,1.860743244,1.892654936
7064,50.751735000,1.912854036,1.897636255,1.923530261
7065,50.754807000,1.910930792,1.903029442,1.925395489
7066,50.757879000,1.888837218,1.875682135,1.903880358
7067,50.760951000,1.891059468,1.888345480,1.901833475
7068,50.764023000,1.905285994,1.886159380,1.911422948
7069,50.767095000,1.829591120,1.900978406,1.835642740
7070,50.770167000,1.912634452,1.898265203,1.925352037
7071,50.773239000,1.867604484,1.848503451,1.887600938
7072,50.776311000,1.908121030,1.898513238,1.920322339
7073,50.779383000,1.899065018,1.890977542,1.909532468
7074,50.782455000,1.898188750,1.871033231,1.905562600
7075,50.785527000,1.905416171,1.897167683,1.916778723
7076,50.788599000,1.908463637,1.897252242,1.921831767
7077,50.791671000,1.870210913,1.866759211,1.887199442
7078,50.794743000,1.898893515,1.895246426,1.909746746
7079,50.797815000,1.885575136,1.872162958,1.898802042
7080,50.800887000,1.904772282,1.894269307,1.916662375
7081,50.803959000,1.916105668,1.909661690,1.926659902
7082,50.807031000,1.650233209,1.743163188,1.655911013
7083,50.810103000,1.819418361,1.795112915,1.827981482
7084,50.813175000,1.729974449,1.757792979,1.784986546
7085,50.816247000,1.889738242,1.880897125,1.905190945
7086,50.819319000,1.900233587,1.885021210,1.914591551
7087,50.822391000,1.885392984,1.877641916,1.901676575
7088,50.825463000,1.839163209,1.838889867,1.873438736
7089,50.828535000,1.525493945,1.511911379,1.490917111
7090,50.831607000,1.847749780,1.792806596,1.853382508
7091,50.834679000,1.852431988,1.853939176,1.868791978
7092,50.837751000,1.864944180,1.838161548,1.878242890
7093,50.840823000,1.895350138,1.887235800,1.908295075
7094,50.843895000,1.874223729,1.855286320,1.884452800
7095,50.846967000,1.898316860,1.884367784,1.908264240
7096,50.850039000,1.910447756,1.904752096,1.918137391
7097,50.853111000,1.903620561,1.895656427,1.918994745
7098,50.856183000,1.888159414,1.879057805,1.905403217
7099,50.859255000,1.915349007,1.903857708,1.925111135
7100,50.862327000,1.896439552,1.880336841,1.908566316
7101,50.865399000,1.961509824,1.827198823,1.957582712
7102,50.868471000,1.777717744,1.763901765,1.791872164
7103,50.871543000,1.897177378,1.883717060,1.909876347
7104,50.874615000,1.812687159,1.899264296,1.810659175
7105,50.877687000,1.887721777,1.871028900,1.902911862
7106,50.880759000,1.874809017,1.861277342,1.892161727
7107,50.883831000,1.765181502,1.876679818,1.761084211
7108,50.886903000,1.660501763,1.838522057,1.681633626
7109,50.889975000,1.498152733,1.640627630,1.475204850
7110,50.893047000,1.886592070,1.865325769,1.900173267
7111,50.896119000,1.733588609,1.756483083,1.749136647
7112,50.899191000,1.911110799,1.890119871,1.904701511
7113,50.902263000,1.881641557,1.890823483,1.912048419
7114,50.905335000,1.562248226,1.712395974,1.529210637
7115,50.908407000,1.877122790,1.873761266,1.906609456
7116,50.911479000,1.783979813,1.753430491,1.787258749
7117,50.914551000,1.514116549,1.622486112,1.522999694
7118,50.917623000,1.874023060,1.890004953,1.880249451
7119,50.920695000,1.724540529,1.759850482,1.757396022
7120,50.923767000,1.868351152,1.809059322,1.899619420
7121,50.926839000,1.890581687,1.882190009,1.899935722
7122,50.929911000,1.915882508,1.904181242,1.926085194
7123,50.932983000,1.904237588,1.891927004,1.917351087
7124,50.936055000,1.894561291,1.882432143,1.905619860
7125,50.939127000,1.899901470,1.889964700,1.917918046
7126,50.942199000,1.816951372,1.785212447,1.827177823
7127,50.945271000,0.761823039,1.310448394,0.849401385
7128,50.948343000,1.831985459,1.762541081,1.601396168
7129,50.951415000,1.809561918,1.783088232,1.875668784
7130,50.954487000,1.905875762,1.893936038,1.914528330
7131,50.957559000,1.852242793,1.838237176,1.871877770
7132,50.960631000,1.909071128,1.903758287,1.920126200
7133,50.963703000,1.742979199,1.713039766,1.740921840
7134,50.966775000,1.816881349,1.779789517,1.809848696
7135,50.969847000,1.763849020,1.891649087,1.806972399
7136,50.972919000,1.067402162,1.482133379,1.257423955
7137,50.975991000,1.792338898,1.791650176,1.846331030
7138,50.979063000,1.673762326,1.586966142,1.740356227
7139,50.982135000,1.918860435,1.901149432,1.929976622
7140,50.985207000,1.908499479,1.885710160,1.923632463
7141,50.988279000,1.894074837,1.883011142,1.903618177
7142,50.991351000,1.903443495,1.887187799,1.914714257
7143,50.994423000,1.781318496,1.777092179,1.795814355
7144,50.997495000,1.915464560,1.890116930,1.925265153
7145,51.000567000,1.830082765,1.849096348,1.839409441
7146,51.003639000,1.910701116,1.900554895,1.923056285
7147,51.006711000,1.906177282,1.897058209,1.916109025
7148,51.009783000,1.564749037,1.687353351,1.579877429
7149,51.012855000,1.733680785,1.795094006,1.793528751
7150,51.015927000,1.849564721,1.843184849,1.859206418
7151,51.018999000,1.135705480,1.698053934,1.159408613
7152,51.022071000,1.331413041,1.805049864,1.250292679
7153,51.025143000,1.415038774,1.601576092,1.563919663
7154,51.028215000,1.901439031,1.889586627,1.913082520
7155,51.031287000,1.909371257,1.881238302,1.919740756
7156,51.034359000,1.770430310,1.911512613,1.793759113
7157,51.037431000,1.903713802,1.887106180,1.916050394
7158,51.040503000,1.891696612,1.885074774,1.905653397
7159,51.043575000,1.884447495,1.872885227,1.897557894
7160,51.046647000,1.900342147,1.886109233,1.909838885
7161,51.049719000,1.808177739,1.723251209,1.851610422
7162,51.052791000,1.754104181,1.809864268,1.759715651
7163,51.055863000,1.880555868,1.870666901,1.896916866
7164,51.058935000,1.606574090,1.689169514,1.622105852
7165,51.062007000,1.891573250,1.862222125,1.900416772
7166,51.065079000,1.845315017,1.821830566,1.856350203
7167,51.068151000,1.803256820,1.778588792,1.824973931
7168,51.071223000,1.894045313,1.885198613,1.909231981
7169,51.074295000,1.749234055,1.694816510,1.764101456
7170,51.077367000,1.890470505,1.880879144,1.903627117
7171,51.080439000,1.870053813,1.855636626,1.881605575
7172,51.083511000,1.850183586,1.897109667,1.808919599
7173,51.086583000,1.626669628,1.767066106,1.739365558
7174,51.089655000,1.900169055,1.868743241,1.916110913
7175,51.092727000,1.856383786,1.836362074,1.869707922
7176,51.095799000,1.808402960,1.789389630,1.812679509
7177,51.098871000,1.823187576,1.789510903,1.856043845
7178,51.101943000,1.932453632,1.880942340,1.942525705
7179,51.105015000,1.865350629,1.854491472,1.873849511
7180,51.108087000,1.892536879,1.864425023,1.904415925
7181,51.111159000,1.943050861,1.885451158,1.952850660
7182,51.114231000,1.824092415,1.851703326,1.822376589
7183,51.117303000,1.694877466,1.831387868,1.659960469
7184,51.120375000,1.872852782,1.896104574,1.884637579
7185,51.123447000,1.899161816,1.897235394,1.913851738
7186,51.126519000,1.877573967,1.868769089,1.898884773
7187,51.129591000,1.860604852,1.908035437,1.844731758
7188,51.132663000,1.310093932,1.612382039,1.332217502
7189,51.135735000,1.673739451,1.664751731,1.704042777
7190,51.138807000,1.386885411,1.622527085,1.450468915
7191,51.141879000,1.864218841,1.878219247,1.899528782
7192,51.144951000,1.882211228,1.859860927,1.905524731
7193,51.148023000,1.906089306,1.897042592,1.919513543
7194,51.151095000,1.812678099,1.880027692,1.837502231
7195,51.154167000,1.885517478,1.873153607,1.897957285
7196,51.157239000,1.887908618,1.878925323,1.901890993
7197,51.160311000,1.742154624,1.814513117,1.826815754
7198,51.163383000,1.875765038,1.867074172,1.886399488
7199,51.166455000,1.896014790,1.882626295,1.906113545
7200,51.169527000,1.873532449,1.857212692,1.881451309
7201,51.172599000,1.756603914,1.794962923,1.741256272
7202,51.175671000,1.795419579,1.849691759,1.853017668
7203,51.178743000,1.701657701,1.644570852,1.690600693
7204,51.181815000,0.747820184,1.323846227,0.755156515
7205,51.184887000,1.236725181,1.783749149,1.465313941
7206,51.187959000,1.879875779,1.871844451,1.891816139
7207,51.191031000,1.726322879,1.626566629,1.718401730
7208,51.194103000,1.897033215,1.893066635,1.906056166
7209,51.197175000,1.781312878,1.749923194,1.783795228
7210,51.200247000,1.881285161,1.884971281,1.893880462
7211,51.203319000,1.662096694,1.889205853,1.732677261
7212,51.206391000,1.651909344,1.904188395,1.657443280
7213,51.209463000,1.923226198,1.901154677,1.932741960
7214,51.212535000,1.839225074,1.792833363,1.837399105
7215,51.215607000,1.881959952,1.869343032,1.916690429
7216,51.218679000,1.902841171,1.889779011,1.913556814
7217,51.221751000,1.907348792,1.901522477,1.920706511
7218,51.224823000,1.897687475,1.885176281,1.911942879
7219,51.227895000,1.827137442,1.895700852,1.829624037
7220,51.230967000,1.886543433,1.873696486,1.898934722
7221,51.234039000,1.889199615,1.779425974,1.915177663
7222,51.237111000,1.782714337,1.760932570,1.814433600
7223,51.240183000,1.879789760,1.885552287,1.888528983
7224,51.243255000,1.862892479,1.893404484,1.862310350
7225,51.246327000,1.575921421,1.594807170,1.562066612
7226,51.249399000,1.738304769,1.776626304,1.737116029
7227,51.252471000,1.852123032,1.879181862,1.869006743
7228,51.255543000,1.901919921,1.888474464,1.912509044
7229,51.258615000,1.794616794,1.785220404,1.795268928
7230,51.261687000,1.851041620,1.865500917,1.862397626
7231,51.264759000,1.916298628,1.906031926,1.925734997
7232,51.267831000,1.895594199,1.881868601,1.910502831
7233,51.270903000,1.839945167,1.870012422,1.856832673
7234,51.273975000,1.876187166,1.865903298,1.890652339
7235,51.277047000,1.903932452,1.896463792,1.917939862
7236,51.280119000,1.883228223,1.869908889,1.895988663
7237,51.283191000,1.830835588,1.820208540,1.842693416
7238,51.286263000,1.882163972,1.891793847,1.892714933
7239,51.289335000,1.615144824,1.707348883,1.715559691
7240,51.292407000,1.893873900,1.870694126,1.896219969
7241,51.295479000,1.787596817,1.750199383,1.804229716
7242,51.298551000,1.773298244,1.858637611,1.790507058
7243,51.301623000,1.858282216,1.835855131,1.870439728
7244,51.304695000,1.906259835,1.889536778,1.914847910
7245,51.307767000,1.907448292,1.892013788,1.917775949
7246,51.310839000,1.902405024,1.886771043,1.914763133
7247,51.313911000,1.889139970,1.884264231,1.906959375
7248,51.316983000,1.904848258,1.900736809,1.917857488
7249,51.320055000,1.897653023,1.882148544,1.909960508
7250,51.323127000,1.811090983,1.807097067,1.830265204
7251,51.326199000,1.892727911,1.873254061,1.902419527
7252,51.329271000,1.827137147,1.852007508,1.904202084
7253,51.332343000,1.904382070,1.899001598,1.916232586
7254,51.335415000,1.909886758,1.903637250,1.919213454
7255,51.338487000,1.874677440,1.845124786,1.877014910
7256,51.341559000,1.880476559,1.849623372,1.905570348
7257,51.344631000,1.762246990,1.814814843,1.758690660
7258,51.347703000,1.622959147,1.664933424,1.683636228
7259,51.350775000,1.822878396,1.776285271,1.827889870
7260,51.353847000,1.902356784,1.891758680,1.904727856
7261,51.356919000,1.883203348,1.871268074,1.897198160
7262,51.359991000,1.779202422,1.845048159,1.743560349
7263,51.363063000,1.695642280,1.717640405,1.663462607
7264,51.366135000,1.341680773,1.506190651,1.425950701
7265,51.369207000,1.900738557,1.889781992,1.911272446
7266,51.372279000,1.898251216,1.889870803,1.909546375
7267,51.375351000,1.913571358,1.845192750,1.926821550
7268,51.378423000,1.893847048,1.872624209,1.903013031
7269,51.381495000,1.921342214,1.907206059,1.934084574
7270,51.384567000,1.568239617,1.616328992,1.530689339
7271,51.387639000,1.870548010,1.852527082,1.879281521
7272,51.390711000,1.887587170,1.880504211,1.902965705
7273,51.393783000,1.891214689,1.884345373,1.905625105
7274,51.396855000,1.464902341,1.669672025,1.468491243
7275,51.399927000,1.540269392,1.654166058,1.606638446
7276,51.402999000,1.903120995,1.895107547,1.915668011
7277,51.406071000,1.778519566,1.828350713,1.807540968
7278,51.409143000,1.915521940,1.906711658,1.926143169
7279,51.412215000,1.892187198,1.885145585,1.901531696
7280,51.415287000,1.894290765,1.879802704,1.908481757
7281,51.418359000,1.888801257,1.873602152,1.903200626
7282,51.421431000,1.922861735,1.920384566,1.929951032
7283,51.424503000,1.888557553,1.828828474,1.905588826
7284,51.427575000,1.867931445,1.849494100,1.876184980
7285,51.430647000,1.899233540,1.884804289,1.906686385
7286,51.433719000,1.901670575,1.902104219,1.915493806
7287,51.436791000,1.857287457,1.850310137,1.856952757
7288,51.439863000,1.717364050,1.702679537,1.822011232
7289,51.442935000,1.893133005,1.884512504,1.905949116
7290,51.446007000,1.873121063,1.853646497,1.881373843
7291,51.449079000,1.900979837,1.900965691,1.912208319
7292,51.452151000,1.829600965,1.895632188,1.828832254
7293,51.455223000,1.955052694,1.890431007,1.959596872
7294,51.458295000,1.856421252,1.829341397,1.843241354
7295,51.461367000,1.899159312,1.875851721,1.905126989
7296,51.464439000,1.912006378,1.904873053,1.918536345
7297,51.467511000,1.877178113,1.859841625,1.888598045
7298,51.470583000,1.901560942,1.880084038,1.914961656
7299,51.473655000,1.891984860,1.879899661,1.903385083
7300,51.476727000,1.894557714,1.866916180,1.907191674
7301,51.479799000,1.895157735,1.874983748,1.899807930
7302,51.482871000,1.869819025,1.843796730,1.880893081
7303,51.485943000,1.902329604,1.883271217,1.916395744
7304,51.489015000,1.712412139,1.763935082,1.702723717
7305,51.492087000,1.807591980,1.814911589,1.858822728
7306,51.495159000,1.760235389,1.835997877,1.771615619
7307,51.498231000,1.908938726,1.895997842,1.919896762
7308,51.501303000,1.891700745,1.880919854,1.906850020
7309,51.504375000,1.835509248,1.830226779,1.840764602
7310,51.507447000,1.893468698,1.885209243,1.905196031
7311,51.510519000,1.882604440,1.878691435,1.898898125
7312,51.513591000,1.898100694,1.889984449,1.911301215
7313,51.516663000,1.882747253,1.867698908,1.900307149
7314,51.519735000,1.895282427,1.885347525,1.911074162
7315,51.522807000,1.900991440,1.887209694,1.914986094
7316,51.525879000,1.891613642,1.879598856,1.902970791
7317,51.528951000,1.814077049,1.911896984,1.593155878
7318,51.532023000,1.826469203,1.868698234,1.333758806
7319,51.535095000,1.763910178,1.909631173,1.725425273
7320,51.538167000,1.899026910,1.862366915,1.861835221
7321,51.541239000,1.934751213,1.930490881,1.896910846
7322,51.544311000,1.813789676,1.917411725,1.850606064
7323,51.547383000,1.902447005,1.881091277,1.908862114
7324,51.550455000,1.879290104,1.847225030,1.885048946
7325,51.553527000,1.882225355,1.857875317,1.910161654
7326,51.556599000,1.309305689,1.632932220,1.354807061
7327,51.559671000,1.907709201,1.900845607,1.915522099
7328,51.562743000,1.916319738,1.910659989,1.927917083
7329,51.565815000,1.898717483,1.886037509,1.913085858
7330,51.568887000,1.679487862,1.721308087,1.688589786
7331,51.571959000,1.888028065,1.877450546,1.903697173
7332,51.575031000,1.908313592,1.896494230,1.923895756
7333,51.578103000,1.819877585,1.898986578,1.781104147
7334,51.581175000,1.657227119,1.784497033,1.747727128
7335,51.584247000,1.660850391,1.894798040,1.724276384
7336,51.587319000,1.768168790,1.748986289,1.770792271
7337,51.590391000,1.789251079,1.866956850,1.772265653
7338,51.593463000,1.614248621,1.852609083,1.543016824
7339,51.596535000,1.893724680,1.876978179,1.906189044
7340,51.599607000,1.824189141,1.906699657,1.716007839
7341,51.602679000,1.858121275,1.856127853,1.873484761
7342,51.605751000,1.889291803,1.879750252,1.907268882
7343,51.608823000,1.828604129,1.794047982,1.844808420
7344,51.611895000,1.880350987,1.849934975,1.879871547
7345,51.614967000,1.884143273,1.877852241,1.899916808
7346,51.618039000,1.905534108,1.892110666,1.917630514
7347,51.621111000,1.399131061,1.585185117,1.451203438
7348,51.624183000,1.869206612,1.887344678,1.875974561
7349,51.627255000,1.919723670,1.882655859,1.924662034
7350,51.630327000,1.778584745,1.793682650,1.777545651
7351,51.633399000,1.813698329,1.890020767,1.858861854
7352,51.636471000,1.904029449,1.884674788,1.915995061
7353,51.639543000,1.678849548,1.778760751,1.721853967
7354,51.642615000,1.429115572,1.885542035,1.498760253
7355,51.645687000,1.866679028,1.881909887,1.837264717
7356,51.648759000,1.500177735,1.680413919,1.519533771
7357,51.651831000,1.824834739,1.808188727,1.829474876
7358,51.654903000,1.885983999,1.802294016,1.901046475
7359,51.657975000,1.877450516,1.879988849,1.876835575
7360,51.661047000,1.828008032,1.844820802,1.849143018
7361,51.664119000,1.680229356,1.868239343,1.651432395
7362,51.667191000,1.487602693,1.581948087,1.544914844
7363,51.670263000,1.375122728,1.608898790,1.385671647
7364,51.673335000,1.770333464,1.898944974,1.837301540
7365,51.676407000,1.748774420,1.773635074,1.732161343
7366,51.679479000,1.887216305,1.883513729,1.899101347
7367,51.682551000,1.529389742,1.731791546,1.527890046
7368,51.685623000,1.888929248,1.877668222,1.898775140
7369,51.688695000,1.853744566,1.858753026,1.893607418
7370,51.691767000,1.846885348,1.819730327,1.859292179
7371,51.694839000,1.792344923,1.780095135,1.792170942
7372,51.697911000,1.764699141,1.874965350,1.822402696
7373,51.700983000,1.894232194,1.865008195,1.905192296
7374,51.704055000,1.902533690,1.889892896,1.913285573
7375,51.707127000,1.685189125,1.614349419,1.738261491
7376,51.710199000,1.814288559,1.797756404,1.834115515
7377,51.713271000,1.894485076,1.884779771,1.907118320
7378,51.716343000,1.904069265,1.895190080,1.918383757
7379,51.719415000,1.806593552,1.890690247,1.806934481
7380,51.722487000,1.856665671,1.899809996,1.841987327
7381,51.725559000,1.574397693,1.690316165,1.595119640
7382,51.728631000,1.841720700,1.810561694,1.857279410
7383,51.731703000,1.839879170,1.844828258,1.843078772
7384,51.734775000,1.930115700,1.837625424,1.937311927
7385,51.737847000,1.937417746,1.891278942,1.897336225
7386,51.740919000,1.893268506,1.872767250,1.904018482
7387,51.743991000,1.557357370,1.627043868,1.527340636
7388,51.747063000,1.892024199,1.889005423,1.901630720
7389,51.750135000,1.817576061,1.884091059,1.795787195
7390,51.753207000,1.728301605,1.677081605,1.732394412
7391,51.756279000,1.830300500,1.888438066,1.867932260
7392,51.759351000,1.895625114,1.884913047,1.905919711
7393,51.762423000,1.893367444,1.899231513,1.899568627
7394,51.765495000,1.856723124,1.873049478,1.853859678
7395,51.768567000,1.668977196,1.772739259,1.698724019
7396,51.771639000,1.890601635,1.878074765,1.904462576
7397,51.774711000,1.907513460,1.899660746,1.920251687
7398,51.777783000,1.911622683,1.897445838,1.924354394
7399,51.780855000,1.900821090,1.890758753,1.912870606
7400,51.783927000,1.885975706,1.887928406,1.898841918
7401,51.786999000,1.695085985,1.728454073,1.737388546
7402,51.790071000,1.888159196,1.878872633,1.897874037
7403,51.793143000,1.887806207,1.868014663,1.901589950
7404,51.796215000,1.902335962,1.892502228,1.917798837
7405,51.799287000,1.917706013,1.910670757,1.928241173
7406,51.802359000,1.876979113,1.863612811,1.895189683
7407,51.805431000,1.876418635,1.807656119,1.889655193
7408,51.808503000,1.909006437,1.900673151,1.920300802
7409,51.811575000,1.911779722,1.908373515,1.921882947
7410,51.814647000,1.892009536,1.890755733,1.905573686
7411,51.817719000,1.898431381,1.887497127,1.910903732
7412,51.820791000,1.889247259,1.884121418,1.904994329
7413,51.823863000,1.844813893,1.865401646,1.842040648
7414,51.826935000,1.894011021,1.882942518,1.906703393
7415,51.830007000,1.903188229,1.889376998,1.915998459
7416,51.833079000,1.866281748,1.854405959,1.876476606
7417,51.836151000,1.889764190,1.865355432,1.899987221
7418,51.839223000,1.897742073,1.881901066,1.908718328
7419,51.842295000,1.566416418,1.682978901,1.519657525
7420,51.845367000,1.891067902,1.878638744,1.907129924
7421,51.848439000,1.890055815,1.872547070,1.906033675
7422,51.851511000,1.707572404,1.696386591,1.727535243
7423,51.854583000,1.892180671,1.886244247,1.907329957
7424,51.857655000,1.811990365,1.807235201,1.821059550
7425,51.860727000,1.905736287,1.892938773,1.920719624
7426,51.863799000,1.881553570,1.858118137,1.893380801
7427,51.866871000,1.891630848,1.876851122,1.900526206
7428,51.869943000,1.893085758,1.874640743,1.903468370
7429,51.873015000,1.894817034,1.884107908,1.907477458
7430,51.876087000,1.580405576,1.762008987,1.557945932
7431,51.879159000,1.608758667,1.683870854,1.711725270
7432,51.882231000,1.879492799,1.871227980,1.891417344
7433,51.885303000,1.784644514,1.814885718,1.786710565
7434,51.888375000,1.905801296,1.892744064,1.916336377
7435,51.891447000,1.260463001,1.594478766,1.288234844
7436,51.894519000,1.809394144,1.886871338,1.833580270
7437,51.897591000,1.681821020,1.792526682,1.735512421
7438,51.900663000,1.897263368,1.881567955,1.910763582
7439,51.903735000,1.847041825,1.865830580,1.853063469
7440,51.906807000,1.891351382,1.881277800,1.901298920
7441,51.909879000,1.857654115,1.854574253,1.875773748
7442,51.912951000,1.893636038,1.819992408,1.907347957
7443,51.916023000,1.934898337,1.843746424,1.940036376
7444,51.919095000,1.888612111,1.880393664,1.904911280
7445,51.922167000,1.910875797,1.902571519,1.922345002
7446,51.925239000,1.893233796,1.879539808,1.901761293
7447,51.928311000,1.902533849,1.894208908,1.914523125
7448,51.931383000,1.755661127,1.747455488,1.769733528
7449,51.934455000,1.896817401,1.896500905,1.896075457
7450,51.937527000,1.894200196,1.882190108,1.915495475
7451,51.940599000,1.611367236,1.805098101,1.558138976
7452,51.943671000,1.772229927,1.904132982,1.766761914
7453,51.946743000,1.878132184,1.868579547,1.893043359
7454,51.949815000,1.794307870,1.915699005,1.751076957
7455,51.952887000,1.911889791,1.904115597,1.924623807
7456,51.955959000,1.843212277,1.777839939,1.834517628
7457,51.959031000,1.909596125,1.893521190,1.924637477
7458,51.962103000,1.734960636,1.822345008,1.523067196
7459,51.965175000,1.530717477,1.671565120,1.572738831
7460,51.968247000,1.325341036,1.517023506,1.348029653
7461,51.971319000,1.600686801,1.674245186,1.715022326
7462,51.974391000,1.779346834,1.704224795,1.831165433
7463,51.977463000,1.885529121,1.868138115,1.896481514
7464,51.980535000,1.753201559,1.856371721,1.758502369
7465,51.983607000,1.157169834,1.922628472,1.615374009
7466,51.986679000,1.363907622,1.919786453,1.771556278
7467,51.989751000,1.777693028,1.844784757,1.650935123
7468,51.992823000,1.847544928,1.891917785,1.831428160
7469,51.995895000,1.545775736,1.616009255,1.561783763
7470,51.998967000,1.892364701,1.880765637,1.902997116
7471,52.002039000,1.895772000,1.896656473,1.917274316
7472,52.005111000,1.495741744,1.679381033,1.506146553
7473,52.008183000,1.897737185,1.895135562,1.884902894
7474,52.011255000,1.890658696,1.876187007,1.901381334
7475,52.014327000,1.822143984,1.867177258,1.862713406
7476,52.017399000,1.893705209,1.886244456,1.904665430
7477,52.020471000,1.791138510,1.936864694,1.744890153
7478,52.023543000,1.757355054,1.936580499,1.784012119
7479,52.026615000,1.828535696,1.908996244,1.769970814
7480,52.029687000,1.913474460,1.881680469,1.907638858
7481,52.032759000,1.664037023,1.745021880,1.700491212
7482,52.035831000,1.898694833,1.890534401,1.914717515
7483,52.038903000,1.783848291,1.792968273,1.813275049
7484,52.041975000,1.898781459,1.887619972,1.910018285
7485,52.045047000,1.790559957,1.746706766,1.775669386
7486,52.048119000,1.818024735,1.894493183,1.850986650
7487,52.051191000,1.596768931,1.917033593,1.438836028
7488,52.054263000,1.834589670,1.910395185,1.731025616
7489,52.057335000,1.867382201,1.901378632,1.924051126
7490,52.060407000,1.858977805,1.829431802,1.874025762
7491,52.063479000,1.386702880,1.568539282,1.360097398
7492,52.066551000,1.861351298,1.859718273,1.889705896
7493,52.069623000,1.882981618,1.866382360,1.895575047
7494,52.072695000,1.841070024,1.697619001,1.876344293
7495,52.075767000,1.861743400,1.885443528,1.814152926
7496,52.078839000,1.660268385,1.555582209,1.658805323
7497,52.081911000,1.811935691,1.854126712,1.690369474
7498,52.084983000,1.239124546,1.781314608,1.228171145
7499,52.088055000,1.711290772,1.911803166,1.769984901
7500,52.091127000,0.896474746,1.538246501,1.043446849
7501,52.094199000,1.857286550,1.871191899,1.676909603
7502,52.097271000,1.791739667,1.918385983,1.395340609
7503,52.100343000,1.295579103,1.864837925,0.253951261
7504,52.103415000,1.172324859,1.889699578,1.158867543
7505,52.106487000,0.330269319,1.870440304,0.248783330
7506,52.109559000,0.099363784,1.851134320,0.226762819
7507,52.112631000,0.105142649,1.853096445,0.169468035
7508,52.115703000,0.343182068,1.877123430,0.538165825
7509,52.118775000,0.569610852,1.876434366,0.800707636
7510,52.121847000,0.167834558,1.863727013,0.979558786
7511,52.124919000,1.522261877,1.878228068,1.739408960
7512,52.127991000,1.544990053,1.869959374,1.540660009
7513,52.131063000,1.688480039,1.881197770,1.697727223
7514,52.134135000,1.883362889,1.869838834,1.794859280
7515,52.137207000,0.644436589,1.894588689,0.620166237
7516,52.140279000,0.111657898,1.870021721,0.225046508
7517,52.143351000,0.095729515,1.891756852,0.226092617
7518,52.146423000,0.172085285,1.870886803,0.300906291
7519,52.149495000,1.654456521,1.887498538,1.788682550
7520,52.152567000,1.898894628,1.890706857,1.909388383
7521,52.155639000,1.154056155,1.475468263,1.042700775
7522,52.158711000,1.653726573,1.688303878,1.716268127
7523,52.161783000,1.895483176,1.878672600,1.909692605
7524,52.164855000,1.910214504,1.898766915,1.920626640
7525,52.167927000,1.858673682,1.838530938,1.864669959
7526,52.170999000,1.448601987,1.609079669,1.478265201
7527,52.174071000,1.652508726,1.790350991,1.706348767
7528,52.177143000,1.851635446,1.851854702,1.892493834
7529,52.180215000,1.879413396,1.887840112,1.023178063
7530,52.183287000,1.746579086,1.766384703,1.745043710
7531,52.186359000,1.847331302,1.825764110,1.874965802
7532,52.189431000,1.275813067,1.520002587,1.406163548
7533,52.192503000,0.841992709,1.883457959,1.659809073
7534,52.195575000,1.801202257,1.902546247,1.760473808
7535,52.198647000,1.889715433,1.885000149,1.903163274
7536,52.201719000,1.749938160,1.580277421,1.702622160
7537,52.204791000,1.489979322,1.797096377,1.477939169
7538,52.207863000,1.582178223,1.850013085,1.666609327
7539,52.210935000,1.877407084,1.852065225,1.884897828
7540,52.214007000,1.519050313,1.643415098,1.511959657
7541,52.217079000,1.892618428,1.897298356,1.858910859
7542,52.220151000,1.671530741,1.735175466,1.690100367
7543,52.223223000,1.894319057,1.878845453,1.903462008
7544,52.226295000,1.743149454,1.791100666,1.758327643
7545,52.229367000,1.894078324,1.873897731,1.891584208
7546,52.232439000,1.524569698,1.596063363,1.374619424
7547,52.235511000,1.812188695,1.857031922,1.832830012
7548,52.238583000,1.831581230,1.822215925,1.817167973
7549,52.241655000,1.826565569,1.778104094,1.894827227
7550,52.244727000,1.891008894,1.880878607,1.907273849
7551,52.247799000,1.734275202,1.782135581,1.754058748
7552,52.250871000,1.758611197,1.856295586,1.783708081
7553,52.253943000,1.801029911,1.884040515,1.800888404
7554,52.257015000,1.041791442,1.679014565,1.011833082
7555,52.260087000,0.679076457,1.294357399,0.794958681
7556,52.263159000,1.798927998,1.818311008,1.901708126
7557,52.266231000,1.865029208,1.887293498,1.856711527
7558,52.269303000,1.870700131,1.886999289,1.912066698
7559,52.272375000,1.885085871,1.878110250,1.837931961
7560,52.275447000,1.473860070,1.897134930,1.378359020
7561,52.278519000,1.863789310,1.817798595,1.869441534
7562,52.281591000,1.617610693,1.660230100,1.628151044
7563,52.284663000,1.816804156,1.891769787,1.784356969
7564,52.287735000,2.006109715,1.946220239,1.286953022
7565,52.290807000,1.816944810,1.918998877,1.853489220
7566,52.293879000,1.739912827,1.520192487,1.692847818
7567,52.296951000,1.882292529,1.743242058,1.919345280
7568,52.300023000,1.785386855,1.833633115,1.785751204
7569,52.303095000,1.429782594,1.808306898,1.297684650
7570,52.306167000,1.453594496,1.886700114,1.442808762
7571,52.309239000,1.239823197,1.930003802,1.295549693
7572,52.312311000,1.861982281,1.805266291,1.869944572
7573,52.315383000,1.768019259,1.824907750,1.740843897
7574,52.318455000,1.694830393,1.754372845,1.706834207
7575,52.321527000,1.706702332,1.894817889,1.622019847
7576,52.324599000,1.820769897,1.901329041,1.866728097
7577,52.327671000,1.660816555,1.476388007,1.788602332
7578,52.330743000,1.875184228,1.847098654,1.497813364
7579,52.333815000,1.893144925,1.885101000,1.910577456
7580,52.336887000,1.716433840,1.836696955,1.701715832
7581,52.339959000,1.677085581,1.674823655,1.742213547
7582,52.343031000,1.891288598,1.882305463,1.904736519
7583,52.346103000,1.904419263,1.890929858,1.915201664
7584,52.349175000,1.855326811,1.818573753,1.866813600
7585,52.352247000,1.781106631,1.842434381,1.790805394
7586,52.355319000,1.710523595,1.733543905,1.660048788
7587,52.358391000,1.738904426,1.753787215,1.805907170
7588,52.361463000,1.870565554,1.866895199,1.879402796
7589,52.364535000,1.395878007,1.741601301,1.500495136
7590,52.367607000,1.573234428,1.625716167,1.578121496
7591,52.370679000,1.483496142,1.796359330,1.878140211
7592,52.373751000,1.750204990,1.779630668,1.731617128
7593,52.376823000,1.733752565,1.704583382,1.762920419
7594,52.379895000,1.815460821,1.896622181,1.783240179
7595,52.382967000,1.112001165,1.609079362,1.185767323
7596,52.386039000,1.592641580,1.618751064,1.676906407
7597,52.389111000,1.774855077,1.921125968,1.708862166
7598,52.392183000,1.582156032,1.919611315,1.815214892
7599,52.395255000,1.381933843,1.957572778,1.601348907
7600,52.398327000,1.268741558,1.892437910,1.170569504
7601,52.401399000,1.633816140,1.885075728,1.765129894
7602,52.404471000,1.900139148,1.896565874,1.904563208
7603,52.407543000,1.877885997,1.918647428,1.879351815
7604,52.410615000,1.701150524,1.916252851,1.776492049
7605,52.413687000,1.878621499,1.891676625,1.880052547
7606,52.416759000,1.958329817,1.942578634,1.900306463
7607,52.419831000,1.719550535,1.931523462,1.727425521
7608,52.422903000,1.832674831,1.916295012,1.892497987
7609,52.425975000,1.674300075,1.712376441,1.705052356
7610,52.429047000,0.925388626,1.246981498,0.988984795
7611,52.432119000,1.055526793,1.686142417,1.298235605
7612,52.435191000,1.892716249,1.880103827,1.905596972
7613,52.438263000,1.764205948,1.874841452,1.821524173
7614,52.441335000,1.882648418,1.808431665,1.885158290
7615,52.444407000,1.848070984,1.818149209,1.857203573
7616,52.447479000,1.894127051,1.876728654,1.906633099
7617,52.450551000,1.848349909,1.884318113,1.793409208
7618,52.453623000,1.721258029,1.878303771,1.733450800
7619,52.456695000,1.538730556,1.561247485,1.596717611
7620,52.459767000,1.806686232,1.857553085,1.850823273
7621,52.462839000,1.883964032,1.881210387,1.887081554
7622,52.465911000,1.907866746,1.924870491,1.702967217
7623,52.468983000,1.856009960,1.916314860,1.265911331
7624,52.472055000,1.911372287,1.899642358,1.601725876
7625,52.475127000,1.906258901,1.900227547,1.917421341
7626,52.478199000,1.917081992,1.872666319,1.926078811
7627,52.481271000,1.722664081,1.780518341,1.779817253
7628,52.484343000,1.846023721,1.791836267,1.837368935
7629,52.487415000,1.783092082,1.769528190,1.787724525
7630,52.490487000,1.710481969,1.897500356,1.440076629
7631,52.493559000,1.037715445,1.864381261,0.469255085
7632,52.496631000,1.615849386,1.904968590,1.266250491
7633,52.499703000,1.893240452,1.871647318,1.903843363
7634,52.502775000,1.712070249,1.895022432,1.686851233
7635,52.505847000,1.643673280,1.741398888,1.346433786
7636,52.508919000,1.313315183,1.831486546,1.420084705
7637,52.511991000,1.277066385,1.750764787,1.394636020
7638,52.515063000,1.802540476,1.809971874,1.821624984
7639,52.518135000,1.691468167,1.665638362,1.740445899
7640,52.521207000,1.846439670,1.843657409,1.851869573
7641,52.524279000,1.768475575,1.702816620,1.825501939
7642,52.527351000,1.874443084,1.904355129,1.879104634
7643,52.530423000,1.666384908,1.685369660,1.662479723
7644,52.533495000,0.995791037,1.488335272,1.143199805
7645,52.536567000,1.576581890,1.879062096,1.888760805
7646,52.539639000,1.436433534,1.746322609,1.535388192
7647,52.542711000,1.376415531,1.915637929,1.757010609
7648,52.545783000,1.597029048,1.751286219,1.603447126
7649,52.548855000,1.779594632,1.852438788,1.792407930
7650,52.551927000,1.523122092,1.769250101,1.659219233
7651,52.554999000,1.750954658,1.670186482,1.645574967
7652,52.558071000,1.671503281,1.752591833,1.688008147
7653,52.561143000,1.698636311,1.782606661,1.697258224
7654,52.564215000,1.786843712,1.754649073,1.862917324
7655,52.567287000,1.796777532,1.759461006,1.825768322
7656,52.570359000,1.861111850,1.797243704,1.890964250
7657,52.573431000,1.687096598,1.823949173,1.783683638
7658,52.576503000,1.830728273,1.861858328,1.839444617
7659,52.579575000,1.213241808,1.412853784,1.363584692
7660,52.582647000,1.849294851,1.857092857,1.892008305
7661,52.585719000,1.829323257,1.874090989,1.849890043
7662,52.588791000,1.689863741,1.915879250,1.714830349
7663,52.591863000,1.674755096,1.891974847,1.665693795
7664,52.594935000,1.872872109,1.859193405,1.886034658
7665,52.598007000,1.902649266,1.882970671,1.915708840
7666,52.601079000,1.890048464,1.847349793,1.898971597
7667,52.604151000,1.883577168,1.862135013,1.893533071
7668,52.607223000,1.774627055,1.884474516,1.841899276
7669,52.610295000,1.697480716,1.878656705,1.597901000
7670,52.613367000,0.917529990,1.951314747,0.691586035
7671,52.616439000,1.419187024,1.922629952,0.815451195
7672,52.619511000,1.738700067,1.599604939,1.300272716
7673,52.622583000,1.870284324,1.893821398,1.865088160
7674,52.625655000,0.877652189,1.690954859,1.150747467
7675,52.628727000,0.147995358,1.839405904,0.935163669
7676,52.631799000,0.088470881,1.876154770,0.691526326
7677,52.634871000,1.184573707,1.889192676,1.507335772
7678,52.637943000,1.630941806,1.590004002,1.468224538
7679,52.641015000,1.887136459,1.873685519,0.647690475
7680,52.644087000,1.866552497,1.877798160,0.326372142
7681,52.647159000,1.759938935,1.821637849,0.322375486
7682,52.650231000,1.884240468,1.959054192,0.754970084
7683,52.653303000,1.653780211,1.869886676,1.429035544
7684,52.656375000,0.542320088,1.870751123,1.777771128
7685,52.659447000,0.133103141,1.885597606,1.728593886
7686,52.662519000,0.134556380,1.844783708,1.371426344
7687,52.665591000,0.720620573,1.916303431,0.976397455
7688,52.668663000,1.418551410,1.890756554,1.394705132
7689,52.671735000,1.497888898,1.891474987,1.519810677
7690,52.674807000,1.885823091,1.872792939,1.898217281
7691,52.677879000,1.704851752,1.867323508,1.746247490
7692,52.680951000,1.652735834,1.913501153,1.713174433
7693,52.684023000,1.366548837,1.662563701,1.346674408
7694,52.687095000,1.103279804,1.501791439,1.200918302
7695,52.690167000,1.582963551,1.860120947,1.632250875
7696,52.693239000,1.897645156,1.869020641,1.909794728
7697,52.696311000,1.653626981,1.569246213,1.680676237
7698,52.699383000,1.673874582,1.894252857,1.632889981
7699,52.702455000,1.648540753,1.920275688,1.705872039
7700,52.705527000,1.869041443,1.849792282,1.775831332
7701,52.708599000,1.874867678,1.823124061,1.504638304
7702,52.711671000,1.577553935,1.864613950,1.441214845
7703,52.714743000,0.405537009,1.867505391,0.615595023
7704,52.717815000,0.151468651,1.831443131,0.556860797
7705,52.720887000,0.116929154,1.908197711,0.943084339
7706,52.723959000,0.558755020,1.925692121,1.097368936
7707,52.727031000,1.665924420,1.854233543,1.740454063
7708,52.730103000,1.495241995,1.481815040,1.540779312
7709,52.733175000,1.784808973,1.868494352,1.848784208
7710,52.736247000,1.440360626,1.501400735,1.457300723
7711,52.739319000,1.814924588,1.873851776,1.846184909
7712,52.742391000,1.800913349,1.735440463,1.788769041
7713,52.745463000,1.305190355,1.930516561,1.385908479
7714,52.748535000,0.429534552,1.884274458,0.655511404
7715,52.751607000,0.964690151,1.873534242,1.513866472
7716,52.754679000,1.960963766,1.932540437,1.983562628
7717,52.757751000,1.733195826,1.914993912,1.826698482
7718,52.760823000,1.816000094,1.736489005,1.802436262
7719,52.763895000,1.410384646,1.759704339,0.942100591
7720,52.766967000,1.280085246,1.899631759,0.887632420
7721,52.770039000,1.104113316,1.818719084,1.214196046
7722,52.773111000,1.004381411,1.923082044,1.117833890
7723,52.776183000,0.763968321,1.920132602,0.804764897
7724,52.779255000,0.238408091,1.884238631,0.855705457
7725,52.782327000,0.650954674,1.720808998,1.153821963
7726,52.785399000,1.664282650,1.889628251,1.707633535
7727,52.788471000,1.727163608,1.848053336,1.784330904
7728,52.791543000,1.749191838,1.769577463,1.761937350
7729,52.794615000,1.904635211,1.852032820,1.912584980
7730,52.797687000,1.858374317,1.816865325,1.873254895
7731,52.800759000,1.861546040,1.841640075,1.868595044
7732,52.803831000,1.746296684,1.704369128,1.749320209
7733,52.806903000,1.853947103,1.858750184,1.867123663
7734,52.809975000,1.545159375,1.557912807,1.544549157
7735,52.813047000,1.597815536,1.700698997,1.737736781
7736,52.816119000,1.675270475,1.887896935,1.788022528
7737,52.819191000,1.687496973,1.679425625,1.682688197
7738,52.822263000,1.512532291,1.574720092,1.420726339
7739,52.825335000,1.872084101,1.847175419,1.869982004
7740,52.828407000,1.847336223,1.863478661,1.875404239
7741,52.831479000,1.708540780,1.762053942,1.714686036
7742,52.834551000,1.094773989,1.436087097,1.194553321
7743,52.837623000,1.775771976,1.826323663,1.801359052
7744,52.840695000,1.547932277,1.565905747,1.582819829
7745,52.843767000,1.554615438,1.756555279,1.579716432
7746,52.846839000,1.491609960,1.578669464,1.519459352
7747,52.849911000,1.383782386,1.697285571,1.327557755
7748,52.852983000,1.691146210,1.791542182,1.795519491
7749,52.856055000,1.815378666,1.770537719,1.787903517
7750,52.859127000,1.842535322,1.810857236,1.840778619
7751,52.862199000,1.813059946,1.855395734,1.884808620
7752,52.865271000,1.823787217,1.864951332,1.849490434
7753,52.868343000,1.779418165,1.737789512,1.760618150
7754,52.871415000,1.587120766,1.674067676,1.636476333
7755,52.874487000,1.621480793,1.716694872,1.627546291
7756,52.877559000,0.830191605,1.301842184,0.922113687
7757,52.880631000,1.839236458,1.813560406,1.854835192
7758,52.883703000,1.872119188,1.847891370,1.876212041
7759,52.886775000,1.703074167,1.903055429,1.774828792
7760,52.889847000,1.683153311,1.872947494,1.767284850
7761,52.892919000,1.386314875,1.615439933,1.392197592
7762,52.895991000,1.050976949,1.432796982,1.102536636
7763,52.899063000,1.793456535,1.801407571,1.824282726
7764,52.902135000,1.897568623,1.873825351,1.910146634
7765,52.905207000,1.849503919,1.781741172,1.841874311
7766,52.908279000,1.859848191,1.863692204,1.891312758
7767,52.911351000,1.709613040,1.644944713,1.735752702
7768,52.914423000,1.854217370,1.817241311,1.868474483
7769,52.917495000,1.799621686,1.715975655,1.805176352
7770,52.920567000,1.682152011,1.611599237,1.731605023
7771,52.923639000,1.654099584,1.892047346,1.614470243
7772,52.926711000,1.843828330,1.868110716,1.867310047
7773,52.929783000,1.842113684,1.761364212,1.861728489
7774,52.932855000,1.722465215,1.847193638,1.742570095
7775,52.935927000,1.062881436,1.750919377,1.130473909
7776,52.938999000,0.574941963,1.921186646,1.677901228
7777,52.942071000,0.402748715,1.840892029,0.972815608
7778,52.945143000,1.755965913,1.786697234,1.784361502
7779,52.948215000,1.689345099,1.658075740,1.654938894
7780,52.951287000,1.599033547,1.699084262,1.582630033
7781,52.954359000,1.692361558,1.752993514,1.734052787
7782,52.957431000,1.823592072,1.866394718,1.815134247
7783,52.960503000,1.822579940,1.825420916,1.868941193
7784,52.963575000,1.058701821,1.469308760,1.112198842
7785,52.966647000,1.016950409,1.826792444,1.145827860
7786,52.969719000,1.354612276,1.922162175,1.190398653
7787,52.972791000,1.657477679,1.906757896,1.756521607
7788,52.975863000,2.008604685,1.974253654,2.000649373
7789,52.978935000,1.846027116,1.881371160,1.886015266
7790,52.982007000,1.813173807,1.815943162,1.879210949
7791,52.985079000,1.813112522,1.792963768,1.828686312
7792,52.988151000,1.793417782,1.865426997,1.803631773
7793,52.991223000,1.642539452,1.742163921,1.683516776
7794,52.994295000,1.488875837,1.678001453,1.453065197
7795,52.997367000,0.480071577,1.891897070,0.770484030
7796,53.000439000,1.292853011,1.685135903,1.305166215
7797,53.003511000,1.910247852,1.866792480,1.918441594
7798,53.006583000,1.757207414,1.904821873,1.870244980
7799,53.009655000,1.445738001,1.774130732,1.431827165
7800,53.012727000,1.633834803,1.745993028,1.752140425
7801,53.015799000,1.886662374,1.897742391,1.917912523
7802,53.018871000,0.657457113,1.299308257,0.692479899
7803,53.021943000,1.333345100,1.760365439,1.466271331
7804,53.025015000,1.475197890,1.598586313,1.525720981
7805,53.028087000,1.669783353,1.649312546,1.718498583
7806,53.031159000,1.604587642,1.571687887,1.628529762
7807,53.034231000,1.895395041,1.876643896,1.905705730
7808,53.037303000,1.811064027,1.800088445,1.829714765
7809,53.040375000,1.868789906,1.878293117,1.882245541
7810,53.043447000,1.766537234,1.738025516,1.752556006
7811,53.046519000,1.752510935,1.874409705,1.806571603
7812,53.049591000,1.774532715,1.785868694,1.785321052
7813,53.052663000,0.815571246,1.345947690,0.930971146
7814,53.055735000,1.554969917,1.693537762,1.629546826
7815,53.058807000,1.718272166,1.714473739,1.810888648
7816,53.061879000,1.797170798,1.855609258,1.795378158
7817,53.064951000,1.892171264,1.875979900,1.907200813
7818,53.068023000,1.890917778,1.870865822,1.903858264
7819,53.071095000,1.647499467,1.844904736,1.694834575
7820,53.074167000,1.808836256,1.860385617,1.881980509
7821,53.077239000,1.678772909,1.706918493,1.696831790
7822,53.080311000,1.517220460,1.918568114,1.122312700
7823,53.083383000,0.921287876,1.528374282,0.699077430
7824,53.086455000,1.682547142,1.879707634,1.641921858
7825,53.089527000,1.816232979,1.777312289,1.824011981
7826,53.092599000,1.670348922,1.661540784,1.605490247
7827,53.095671000,1.809382697,1.755098720,1.834209929
7828,53.098743000,1.854047457,1.853154361,1.873472164
7829,53.101815000,1.097294886,1.604941959,1.037012275
7830,53.104887000,1.517157195,1.624563585,1.549782271
7831,53.107959000,1.557919256,1.794993922,1.573473851
7832,53.111031000,1.488527215,1.781995296,1.542952433
7833,53.114103000,0.776781989,1.548562494,1.167087032
7834,53.117175000,1.081305551,1.904534663,1.369510596
7835,53.120247000,1.688481636,1.896341324,1.691704412
7836,53.123319000,1.800183351,1.853944282,1.825364192
7837,53.126391000,1.661230450,1.608160769,1.684750053
7838,53.129463000,1.453059440,1.766529813,1.198841870
7839,53.132535000,1.131858148,1.399110484,0.833321974
7840,53.135607000,1.453492830,1.918487867,1.592419912
7841,53.138679000,1.612157087,1.921675349,1.834373911
7842,53.141751000,1.758527373,1.752184644,1.611836364
7843,53.144823000,1.760320634,1.844331940,1.831915160
7844,53.147895000,1.661038441,1.874313136,1.705938349
7845,53.150967000,1.424939712,1.849593798,1.605712175
7846,53.154039000,1.415721254,1.653308811,1.410205844
7847,53.157111000,1.881810114,1.865021507,1.897896290
7848,53.160183000,1.799383610,1.728456775,1.807929605
7849,53.163255000,0.495524757,1.476481525,0.615062887
7850,53.166327000,1.767191971,1.859359960,1.771327510
7851,53.169399000,1.782048114,1.870084961,1.796284904
7852,53.172471000,1.466307014,1.624042903,1.475805511
7853,53.175543000,1.769456916,1.769794593,1.788789545
7854,53.178615000,1.758653730,1.742038007,1.809351981
7855,53.181687000,1.846472532,1.818423529,1.864139338
7856,53.184759000,1.775664384,1.712655793,1.795218642
7857,53.187831000,1.719399874,1.747612764,1.680602322
7858,53.190903000,1.223450621,1.578117546,1.333937113
7859,53.193975000,0.975117628,1.611504150,1.097667086
7860,53.197047000,1.147968890,1.522709824,1.523460592
7861,53.200119000,1.685964142,1.820260962,1.686689993
7862,53.203191000,1.504654447,1.823681213,1.532326276
7863,53.206263000,1.855221843,1.838371873,1.843211164
7864,53.209335000,1.473353414,1.850321402,1.516121050
7865,53.212407000,0.764334030,1.327737502,1.080603297
7866,53.215479000,1.882404168,1.856976906,1.891692877
7867,53.218551000,1.847798422,1.864479582,1.858345201
7868,53.221623000,1.740410363,1.700516497,1.765016079
7869,53.224695000,1.784527143,1.843501369,1.896517138
7870,53.227767000,1.756970105,1.779416218,1.761206776
7871,53.230839000,1.853971774,1.837074518,1.840945592
7872,53.233911000,1.869499519,1.885569414,1.906667709
7873,53.236983000,1.650881221,1.573245637,1.695860818
7874,53.240055000,1.343335452,1.402583271,1.397992594
7875,53.243127000,1.768105393,1.750553022,1.800104886
7876,53.246199000,1.841618836,1.883241733,1.840219955
7877,53.249271000,1.877670040,1.859077732,1.887413601
7878,53.252343000,1.629838650,1.830141485,1.637391220
7879,53.255415000,1.811177368,1.973263105,1.881784866
7880,53.258487000,2.007471800,1.909106974,2.001141230
7881,53.261559000,1.673794245,1.869352718,1.713461518
7882,53.264631000,1.847653925,1.841899474,1.868139585
7883,53.267703000,1.478685593,1.618049723,1.487691859
7884,53.270775000,1.534059706,1.864585449,1.477600465
7885,53.273847000,1.368027302,1.874989380,1.431877111
7886,53.276919000,1.810776497,1.790798833,1.805662235
7887,53.279991000,1.690357111,1.633521912,1.726474772
7888,53.283063000,1.738284553,1.655103147,1.754979541
7889,53.286135000,1.028122799,1.929816246,1.065303887
7890,53.289207000,0.744775337,1.884874960,1.072122181
7891,53.292279000,1.094348905,1.547470478,1.235872711
7892,53.295351000,1.854068772,1.858326475,1.835651333
7893,53.298423000,1.364572361,1.933608751,1.574757944
7894,53.301495000,1.692177703,1.842100938,1.857985516
7895,53.304567000,1.730355419,1.848220835,1.761135752
7896,53.307639000,1.704366069,1.758709297,1.697096581
7897,53.310711000,1.293299144,1.783695251,1.327962535
7898,53.313783000,1.495549634,1.879925311,1.552090051
7899,53.316855000,1.695577311,1.749899785,1.758346428
7900,53.319927000,1.898614883,1.886182308,1.906682322
7901,53.322999000,1.664119378,1.919431051,1.716983512
7902,53.326071000,1.619246768,1.880166690,1.704548409
7903,53.329143000,1.825343236,1.880072435,1.381586060
7904,53.332215000,1.764115979,1.752397557,1.817738285
7905,53.335287000,1.451195747,1.888971388,1.903863529
7906,53.338359000,1.653675330,1.740670254,1.652427385
7907,53.341431000,1.868136942,1.721485694,1.877052675
7908,53.344503000,1.635417666,1.827095260,1.665666838
7909,53.347575000,1.757724764,1.734919667,1.780276984
7910,53.350647000,1.804751245,1.770184070,1.815099803
7911,53.353719000,1.285662913,1.608680670,1.410172582
7912,53.356791000,1.730273058,1.750444214,1.748596430
7913,53.359863000,1.859701817,1.862609684,1.841346423
7914,53.362935000,1.686567341,1.923131565,1.650049945
7915,53.366007000,1.574550539,1.874091615,1.719817951
7916,53.369079000,1.811409143,1.857254843,1.843741680
7917,53.372151000,1.204883141,1.916049123,1.088942709
7918,53.375223000,0.969179263,1.894049555,1.106669545
7919,53.378295000,1.781117169,1.805047100,1.828826090
7920,53.381367000,1.483642489,1.577272387,1.485172724
7921,53.384439000,1.742286507,1.549740583,1.747813642
7922,53.387511000,1.606805498,1.792814136,1.577002491
7923,53.390583000,1.753760745,1.886422435,1.914684455
7924,53.393655000,1.836772839,1.865606745,1.852247457
7925,53.396727000,1.819057976,1.874060233,1.838029419
7926,53.399799000,1.855686521,1.849545995,1.872881969
7927,53.402871000,1.587506103,1.934550424,1.568559309
7928,53.405943000,1.302218688,1.520224765,1.348988295
7929,53.409015000,1.543384307,1.774660384,1.535424588
7930,53.412087000,1.809856306,1.798726569,1.881738444
7931,53.415159000,1.804518824,1.900108635,1.822678089
7932,53.418231000,1.887924145,1.876639823,1.902350088
7933,53.421303000,1.670588269,1.744580780,1.646331802
7934,53.424375000,0.665712955,1.898834688,0.926437333
7935,53.427447000,1.529354560,1.681098585,1.550446356
7936,53.430519000,1.592858773,1.792369266,1.637398948
7937,53.433591000,1.466956081,1.559876046,1.566587677
7938,53.436663000,1.762018301,1.892519275,1.791173855
7939,53.439735000,1.858362307,1.876587133,1.863721058
7940,53.442807000,1.832742378,1.795286968,1.817735642
7941,53.445879000,1.893125395,1.849068135,1.909843286
7942,53.448951000,1.571537182,1.904185136,1.604344708
7943,53.452023000,1.189029356,1.915901144,1.526561762
7944,53.455095000,1.628121156,1.788634832,1.707915251
7945,53.458167000,1.841890961,1.715789874,1.848430286
7946,53.461239000,1.840151240,1.828875413,1.833573868
7947,53.464311000,1.755230551,1.822788820,1.757256677
7948,53.467383000,1.889697552,1.873570720,1.900330782
7949,53.470455000,0.803216372,1.412776627,0.865039493
7950,53.473527000,0.956859611,1.490069493,1.153196409
7951,53.476599000,1.749900485,1.727929439,1.864435216
7952,53.479671000,1.893656393,1.843028446,1.896864732
7953,53.482743000,1.898228447,1.885666768,1.909616550
7954,53.485815000,1.846265296,1.737064342,1.860512078
7955,53.488887000,1.723516015,1.855760713,1.736852999
7956,53.491959000,1.778952142,1.852139910,1.769124096
7957,53.495031000,1.857986582,1.859451612,1.868881618
7958,53.498103000,1.675513752,1.893405755,1.829897235
7959,53.501175000,1.681982977,1.767466113,1.744504804
7960,53.504247000,1.881476561,1.876115203,1.899869204
7961,53.507319000,1.887152672,1.877838572,1.902678430
7962,53.510391000,1.625125711,1.715577682,1.680835366
7963,53.513463000,1.586790477,1.851441642,1.667772318
7964,53.516535000,1.781692187,1.812779556,1.787088414
7965,53.519607000,1.860531201,1.893288215,1.901159088
7966,53.522679000,1.573255099,1.897076786,1.556325138
7967,53.525751000,1.579213309,1.741263961,1.717400243
7968,53.528823000,1.826402674,1.768583658,1.892063950
7969,53.531895000,1.833209604,1.815566008,1.859626154
7970,53.534967000,1.647990700,1.746855665,1.673641557
7971,53.538039000,1.862644474,1.834623297,1.872724434
7972,53.541111000,1.732569921,1.646465210,1.726238541
7973,53.544183000,1.668393657,1.835376948,1.733469705
7974,53.547255000,1.873032394,1.876229763,1.901703248
7975,53.550327000,1.899824699,1.884493192,1.912382841
7976,53.553399000,1.774212231,1.870430142,1.823096534
7977,53.556471000,1.875962913,1.856342693,1.880710006
7978,53.559543000,1.792878526,1.642753200,1.810574730
7979,53.562615000,1.745649743,1.878675143,1.753892064
7980,53.565687000,1.897187233,1.890281518,1.777864059
7981,53.568759000,1.958775838,1.864492970,1.395726581
7982,53.571831000,1.726982762,1.894910733,1.899688959
7983,53.574903000,1.829161602,1.882632732,1.875180682
7984,53.577975000,1.844399273,1.865181377,1.852842311
7985,53.581047000,1.764277247,1.787116274,1.779737907
7986,53.584119000,1.883314927,1.871657610,1.421324402
7987,53.587191000,1.875174721,1.872064829,1.447995340
7988,53.590263000,0.924053170,1.849953413,1.364611896
7989,53.593335000,1.037315834,1.876187483,1.478707890
7990,53.596407000,1.874557639,1.877324899,1.926071008
7991,53.599479000,1.897267103,1.891785463,1.906468391
7992,53.602551000,1.201780673,1.532546828,1.222854450
7993,53.605623000,1.568759787,1.644850572,1.591115234
7994,53.608695000,1.124570341,1.548861624,1.251939245
7995,53.611767000,1.816735074,1.916349967,1.832780421
7996,53.614839000,1.802928612,1.922183832,1.820154727
7997,53.617911000,1.799306725,1.899264812,1.824786435
7998,53.620983000,1.881369824,1.901399215,1.899614374
7999,53.624055000,1.817623612,1.882621050,1.850058695
8000,53.627127000,1.434597403,1.564858876,1.459423698
8001,53.630199000,1.613802088,1.596019446,1.635508915
8002,53.633271000,1.902015607,1.869924545,1.909893950
8003,53.636343000,1.900233507,1.885793606,1.910180132
8004,53.639415000,1.860262771,1.850600799,1.875977755
8005,53.642487000,1.893409888,1.875681082,1.905781349
8006,53.645559000,1.173923644,1.718829987,1.173609734
8007,53.648631000,1.309681833,1.771907126,1.433999337
8008,53.651703000,1.784143170,1.860282501,1.796212554
8009,53.654775000,1.616662900,1.624810462,1.683612242
8010,53.657847000,1.113498847,1.519394089,1.324884002
8011,53.660919000,1.803834309,1.894433339,1.819438616
8012,53.663991000,0.580273005,1.881456018,0.818447014
8013,53.667063000,1.031773478,1.895691395,1.581408978
8014,53.670135000,1.901794593,1.885593891,1.913917383
8015,53.673207000,1.829730064,1.814700564,1.834183504
8016,53.676279000,1.665627576,1.674788167,1.762345831
8017,53.679351000,1.819617398,1.877011935,1.821380585
8018,53.682423000,1.767145281,1.702175399,1.780633698
8019,53.685495000,1.948521773,1.870485147,1.951140563
8020,53.688567000,1.797217399,1.787897180,1.794953500
8021,53.691639000,1.892935991,1.867917140,1.906563679
8022,53.694711000,1.884606183,1.884559155,1.893984715
8023,53.697783000,1.829465901,1.875530402,1.829315821
8024,53.700855000,1.893494765,1.875963688,1.905296326
8025,53.703927000,1.877070134,1.821664006,1.900606334
8026,53.706999000,1.891329368,1.868826787,1.896881421
8027,53.710071000,1.837584327,1.799771840,1.834456628
8028,53.713143000,1.896941622,1.866752863,1.908147454
8029,53.716215000,1.840566635,1.788347547,1.824946354
8030,53.719287000,1.880969206,1.852291266,1.889304876
8031,53.722359000,1.900966326,1.878060738,1.915293058
8032,53.725431000,1.857405849,1.880666375,1.885670965
8033,53.728503000,1.859475359,1.846189171,1.859958400
8034,53.731575000,1.852924228,1.708937337,1.852694551
8035,53.734647000,1.849578902,1.825776905,1.884797613
8036,53.737719000,1.874051571,1.859980901,1.886011124
8037,53.740791000,1.870500403,1.842934857,1.885979474
8038,53.743863000,1.847831726,1.872235636,1.872270624
8039,53.746935000,1.889146964,1.863053799,1.901162942
8040,53.750007000,1.897833904,1.882143100,1.907024145
8041,53.753079000,1.779689096,1.857758542,1.796227383
8042,53.756151000,1.522385435,1.553911480,1.644932208
8043,53.759223000,1.877076308,1.855331898,1.891345978
8044,53.762295000,1.881379406,1.854365428,1.894436916
8045,53.765367000,1.893281619,1.878545443,1.905720313
8046,53.768439000,1.888013442,1.863390247,1.900332292
8047,53.771511000,1.877001146,1.852858961,1.894247572
8048,53.774583000,1.891234875,1.871478875,1.904658397
8049,53.777655000,1.802205313,1.841817637,1.818343977
8050,53.780727000,1.851594518,1.844718138,1.883593003
8051,53.783799000,1.969568412,1.872122367,1.971776485
8052,53.786871000,1.733680770,1.890100320,1.745415131
8053,53.789943000,1.527447416,1.850829562,1.554865619
8054,53.793015000,1.197591978,1.915242036,1.363912558
8055,53.796087000,1.098335336,1.880729387,1.400247723
8056,53.799159000,1.770678995,1.872719606,1.848727850
8057,53.802231000,1.599529239,1.706761176,1.656887159
8058,53.805303000,1.361436009,1.519233687,1.461617333
8059,53.808375000,1.800819017,1.905877431,1.892450343
8060,53.811447000,1.527034767,1.593751659,1.567864512
8061,53.814519000,1.348643279,1.724443900,1.422774417
8062,53.817591000,1.880417203,1.870644391,1.887550324
8063,53.820663000,1.877839327,1.856254498,1.893437545
8064,53.823735000,1.883818999,1.892808358,1.897163391
8065,53.826807000,1.873390516,1.847595831,1.886911194
8066,53.829879000,1.835066572,1.760251199,1.878187736
8067,53.832951000,1.889531533,1.881859779,1.900954803
8068,53.836023000,1.663207735,1.887017250,1.663557063
8069,53.839095000,1.534036554,1.857362121,1.812694738
8070,53.842167000,1.900380691,1.902874192,1.918691536
8071,53.845239000,1.887842556,1.908189774,1.920054972
8072,53.848311000,1.896059990,1.888128996,1.909724792
8073,53.851383000,1.768505478,1.737633958,1.648354258
8074,53.854455000,1.901935736,1.871629179,1.912120183
8075,53.857527000,1.913078070,1.877298594,1.919406494
8076,53.860599000,1.896658679,1.869574328,1.905954570
8077,53.863671000,1.941094736,1.877276401,1.943986396
8078,53.866743000,1.735158358,1.904632568,1.746816412
8079,53.869815000,1.503582461,1.586326224,1.467747152
8080,53.872887000,1.042834120,1.490238092,1.234687656
8081,53.875959000,1.783943276,1.868350963,1.805822760
8082,53.879031000,1.363684433,1.742344807,1.778721889
8083,53.882103000,1.546095836,1.741439812,1.565098082
8084,53.885175000,1.897506615,1.893050830,1.906038483
8085,53.888247000,1.889952848,1.809438447,1.891744514
8086,53.891319000,1.547008793,1.814865445,1.601380393
8087,53.894391000,1.245862215,1.745921977,1.395979519
8088,53.897463000,1.348829038,1.915094306,1.361851414
8089,53.900535000,1.697426319,1.903064013,1.792810818
8090,53.903607000,1.738217281,1.803680067,1.749978726
8091,53.906679000,1.697498962,1.868826052,1.760843227
8092,53.909751000,1.892887433,1.880330245,1.906987508
8093,53.912823000,1.873077502,1.864953200,1.889876405
8094,53.915895000,1.762062391,1.892103950,1.805344825
8095,53.918967000,1.799069012,1.814734131,1.835824847
8096,53.922039000,1.634001064,1.584605267,1.686749960
8097,53.925111000,1.602550259,1.699424163,1.652387999
8098,53.928183000,1.894252251,1.823857432,1.933987856
8099,53.931255000,1.915514310,1.905912002,1.881989102
8100,53.934327000,1.887725194,1.882186254,1.901744207
8101,53.937399000,1.824457616,1.817740937,1.856570701
8102,53.940471000,1.889998754,1.880043189,1.906295141
8103,53.943543000,0.999722235,1.478892966,1.049440396
8104,53.946615000,1.568730805,1.840635518,1.617739581
8105,53.949687000,1.693134544,1.854536543,1.733096510
8106,53.952759000,1.815063919,1.876681169,1.849607721
8107,53.955831000,1.845281750,1.884617945,1.862664074
8108,53.958903000,1.484800290,1.587176214,1.549837738
8109,53.961975000,1.897832433,1.883512815,1.905253212
8110,53.965047000,1.262710953,1.580248326,1.324400583
8111,53.968119000,1.824412937,1.917543729,1.913038035
8112,53.971191000,1.628225081,1.813473076,1.682798018
8113,53.974263000,1.825318759,1.780090948,1.877685547
8114,53.977335000,1.793513825,1.871589740,1.797760884
8115,53.980407000,1.893768628,1.875134865,1.905596972
8116,53.983479000,1.171909076,1.421519626,1.258901060
8117,53.986551000,1.872125330,1.837054521,1.880413870
8118,53.989623000,1.753298239,1.846187154,1.766297822
8119,53.992695000,1.680561480,1.948550224,1.729148110
8120,53.995767000,1.542999527,1.885665049,1.572232157
8121,53.998839000,1.900700450,1.838603795,1.913322051
8122,54.001911000,1.454850504,1.601535964,1.452055715
8123,54.004983000,1.716913934,1.760918245,1.722776949
8124,54.008055000,1.838163406,1.873962248,1.855255246
8125,54.011127000,1.874680976,1.885766029,1.892737150
8126,54.014199000,1.893297454,1.906159202,1.895611684
8127,54.017271000,1.903150002,1.864955902,1.915993690
8128,54.020343000,1.846711675,1.902553161,1.914031039
8129,54.023415000,1.405238224,1.555425962,1.443613311
8130,54.026487000,1.864372087,1.930285215,1.885027607
8131,54.029559000,1.893988967,1.875406404,1.882780115
8132,54.032631000,1.861919314,1.881648660,1.858692050
8133,54.035703000,1.870427857,1.861271401,1.883001645
8134,54.038775000,1.843125189,1.823445400,1.861013874
8135,54.041847000,1.778420563,1.711331919,1.853106807
8136,54.044919000,1.168369101,1.467220750,1.107023274
8137,54.047991000,1.786115393,1.817508459,1.794678917
8138,54.051063000,1.888566415,1.894741297,1.921044032
8139,54.054135000,1.535677483,1.737910524,1.558230018
8140,54.057207000,1.851663460,1.875730673,1.898052533
8141,54.060279000,1.833861530,1.842257023,1.829434842
8142,54.063351000,1.838898664,1.898031473,1.852409025
8143,54.066423000,1.784379813,1.861261209,1.816692005
8144,54.069495000,1.809186742,1.834061583,1.829820876
8145,54.072567000,1.857841512,1.845538735,1.876310070
8146,54.075639000,1.421260734,1.578020185,1.510249232
8147,54.078711000,1.675607340,1.758725500,1.792061542
8148,54.081783000,1.845217014,1.849655283,1.828593835
8149,54.084855000,1.784455751,1.852103755,1.708048855
8150,54.087927000,1.692065409,1.520324675,1.716572508
8151,54.090999000,1.636192624,1.720733886,1.608098038
8152,54.094071000,1.178561719,1.574761175,1.169058810
8153,54.097143000,1.859152835,1.884429693,1.856209723
8154,54.100215000,1.587439941,1.774506499,1.656649292
8155,54.103287000,1.779057587,1.865924358,1.805837969
8156,54.106359000,1.868787289,1.901614239,1.873937627
8157,54.109431000,1.753310700,1.880461971,1.751494219
8158,54.112503000,1.858854413,1.836369902,1.870910878
8159,54.115575000,1.607333171,1.655849372,1.604015703
8160,54.118647000,1.738670895,1.854726930,1.827819397
8161,54.121719000,1.841227760,1.865091880,1.834832415
8162,54.124791000,1.686752908,1.738102853,1.814604282
8163,54.127863000,1.877343977,1.821541453,1.868843774
8164,54.130935000,1.820661296,1.896655281,1.843387400
8165,54.134007000,1.587549210,1.542316352,1.663034687
8166,54.137079000,1.661359123,1.800861840,1.652458191
8167,54.140151000,1.890281757,1.893794775,1.903927525
8168,54.143223000,1.829234612,1.850070000,1.839280993
8169,54.146295000,1.719134219,1.744456905,1.699012885
8170,54.149367000,1.847246761,1.785759444,1.838486860
8171,54.152439000,0.882518925,1.473536760,0.897796751
8172,54.155511000,1.861209035,1.836532434,1.874287387
8173,54.158583000,1.893988848,1.882234891,1.905424754
8174,54.161655000,1.534718114,1.625999860,1.550794507
8175,54.164727000,1.949514866,1.850263457,1.946529309
8176,54.167799000,1.811252465,1.804492945,1.816891829
8177,54.170871000,1.858486985,1.845317344,1.874526103
8178,54.173943000,1.712080528,1.710425079,1.733726919
8179,54.177015000,1.851085206,1.828644911,1.900534908
8180,54.180087000,1.842566555,1.801089346,1.859341949
8181,54.183159000,1.864955594,1.833861709,1.877741019
8182,54.186231000,1.814944436,1.813712736,1.842654129
8183,54.189303000,1.845481485,1.853477677,1.896175822
8184,54.192375000,1.887467861,1.875074069,1.900694450
8185,54.195447000,1.872391065,1.873843908,1.881721834
8186,54.198519000,1.365764999,1.514648686,1.517720183
8187,54.201591000,1.819664453,1.861713092,1.838060915
8188,54.204663000,1.476332969,1.645340664,1.505856353
8189,54.207735000,1.496809771,1.568593775,1.642153184
8190,54.210807000,1.866766954,1.762690554,1.875348151
8191,54.213879000,1.731012046,1.896392186,1.736233200
