model,model_window_position,base_count,mean_bpb
megabyte1,0,16,2.00433349609375
megabyte1,1,16,1.9959716796875
megabyte1,2,16,1.924560546875
megabyte1,3,16,2.1356201171875
megabyte1,4,16,1.94000244140625
megabyte1,5,16,1.96282958984375
megabyte1,6,16,1.9183349609375
megabyte1,7,16,2.08087158203125
megabyte1,8,16,1.93194580078125
megabyte1,9,16,1.93524169921875
megabyte1,10,16,1.969970703125
megabyte1,11,16,2.0067138671875
megabyte1,12,16,1.99481201171875
megabyte1,13,16,1.87213134765625
megabyte1,14,16,1.8109130859375
megabyte1,15,16,2.07391357421875
megabyte1,16,16,1.8681640625
megabyte1,17,16,1.95703125
megabyte1,18,16,2.0675048828125
megabyte1,19,16,1.9510498046875
megabyte1,20,16,2.00506591796875
megabyte1,21,16,1.82861328125
megabyte1,22,16,2.0966796875
megabyte1,23,16,1.85028076171875
megabyte1,24,16,2.0062255859375
megabyte1,25,16,2.09075927734375
megabyte1,26,16,1.97210693359375
megabyte1,27,16,1.9169921875
megabyte1,28,16,2.16485595703125
megabyte1,29,16,2.09765625
megabyte1,30,16,2.003662109375
megabyte1,31,16,2.08428955078125
megabyte1,32,16,2.03814697265625
megabyte1,33,16,1.720245361328125
megabyte1,34,16,1.947509765625
megabyte1,35,16,2.114990234375
megabyte1,36,16,2.04638671875
megabyte1,37,16,1.96502685546875
megabyte1,38,16,1.9591064453125
megabyte1,39,16,1.946044921875
megabyte1,40,16,1.93719482421875
megabyte1,41,17,1.8559857536764706
megabyte1,42,17,2.039005055147059
megabyte1,43,17,2.0372817095588234
megabyte1,44,17,1.9051011029411764
megabyte1,45,17,1.8303653492647058
megabyte1,46,17,2.1251148897058822
megabyte1,47,17,1.8667853860294117
megabyte1,48,17,1.895163143382353
megabyte1,49,17,2.1326401654411766
megabyte1,50,17,1.900045955882353
megabyte1,51,17,1.8740234375
megabyte1,52,17,1.8933536305147058
megabyte1,53,17,2.0066636029411766
megabyte1,54,17,1.7895795036764706
megabyte1,55,17,1.8642003676470589
megabyte1,56,17,2.047564338235294
megabyte1,57,17,1.8627642463235294
megabyte1,58,17,1.9229090073529411
megabyte1,59,17,1.9454273897058822
megabyte1,60,17,1.9969554227941178
megabyte1,61,17,2.2076056985294117
megabyte1,62,17,2.0295266544117645
megabyte1,63,17,1.9490464154411764
megabyte1,64,17,1.9044692095588236
megabyte1,65,17,1.909811580882353
megabyte1,66,17,1.9036075367647058
megabyte1,67,17,1.9765050551470589
megabyte1,68,17,2.1596392463235294
megabyte1,69,17,1.7755629595588236
megabyte1,70,17,1.9773667279411764
megabyte1,71,17,1.9473230698529411
megabyte1,72,17,2.165383731617647
megabyte1,73,17,1.8208869485294117
megabyte1,74,17,2.1010454963235294
megabyte1,75,17,1.9010799632352942
megabyte1,76,17,1.9318704044117647
megabyte1,77,17,1.9663373161764706
megabyte1,78,17,2.044864430147059
megabyte1,79,17,1.8172966452205883
megabyte1,80,17,2.0190142463235294
megabyte1,81,17,1.8696001838235294
megabyte1,82,17,1.886374080882353
megabyte1,83,17,2.203756893382353
megabyte1,84,17,1.8529411764705883
megabyte1,85,17,1.8911994485294117
megabyte1,86,17,2.1276999080882355
megabyte1,87,17,1.9399126838235294
megabyte1,88,17,2.0029296875
megabyte1,89,17,1.8469669117647058
megabyte1,90,17,2.0391773897058822
megabyte1,91,17,2.2387982536764706
megabyte1,92,17,1.7893497242647058
megabyte1,93,17,2.121380974264706
megabyte1,94,17,2.067440257352941
megabyte1,95,17,1.9948874080882353
megabyte1,96,17,2.0441176470588234
megabyte1,97,17,2.1726217830882355
megabyte1,98,17,1.9274471507352942
megabyte1,99,17,1.9691521139705883
megabyte1,100,17,1.9516888786764706
megabyte1,101,17,1.9060776654411764
megabyte1,102,17,2.0382008272058822
megabyte1,103,17,2.0059742647058822
megabyte1,104,17,2.170955882352941
megabyte1,105,17,1.9767348345588236
megabyte1,106,17,1.938131893382353
megabyte1,107,17,1.8391256893382353
megabyte1,108,17,1.9920151654411764
megabyte1,109,17,2.011029411764706
megabyte1,110,17,2.0138442095588234
megabyte1,111,17,1.7701056985294117
megabyte1,112,17,2.038143382352941
megabyte1,113,17,1.8642003676470589
megabyte1,114,17,2.091164981617647
megabyte1,115,17,1.8621897977941178
megabyte1,116,17,1.9392233455882353
megabyte1,117,17,1.922219669117647
megabyte1,118,17,2.0400390625
megabyte1,119,17,1.834329044117647
megabyte1,120,17,1.8146254595588236
megabyte1,121,17,1.9073988970588236
megabyte1,122,17,1.9307215073529411
megabyte1,123,17,1.7575252757352942
megabyte1,124,17,1.9678308823529411
megabyte1,125,17,1.9258386948529411
megabyte1,126,17,1.980813419117647
megabyte1,127,17,2.0933478860294117
megabyte1,128,17,2.0050551470588234
megabyte1,129,17,2.013039981617647
megabyte1,130,17,2.0170036764705883
megabyte1,131,17,2.0666360294117645
megabyte1,132,17,2.1721047794117645
megabyte1,133,17,1.9301470588235294
megabyte1,134,17,1.6672794117647058
megabyte1,135,17,1.8928653492647058
megabyte1,136,17,1.871438419117647
megabyte1,137,17,2.0098805147058822
megabyte1,138,17,1.9767348345588236
megabyte1,139,17,2.208926930147059
megabyte1,140,17,2.0351849724264706
megabyte1,141,17,1.9797794117647058
megabyte1,142,17,1.9360064338235294
megabyte1,143,17,2.03515625
megabyte1,144,17,1.8965705422794117
megabyte1,145,17,1.8573644301470589
megabyte1,146,17,1.8967715992647058
megabyte1,147,17,1.9269301470588236
megabyte1,148,17,2.2970473345588234
megabyte1,149,17,1.9860409007352942
megabyte1,150,17,1.9984489889705883
megabyte1,151,17,2.1255170036764706
megabyte1,152,17,1.9364659926470589
megabyte1,153,17,1.9990808823529411
megabyte1,154,17,1.7989430147058822
megabyte1,155,17,1.8906824448529411
megabyte1,156,17,2.089211856617647
megabyte1,157,17,2.1384995404411766
megabyte1,158,17,2.004538143382353
megabyte1,159,17,1.9142348345588236
megabyte1,160,17,2.0460133272058822
megabyte1,161,17,1.9131433823529411
megabyte1,162,17,2.0122357536764706
megabyte1,163,17,1.8830135569852942
megabyte1,164,17,2.1066176470588234
megabyte1,165,17,2.0033318014705883
megabyte1,166,17,2.1098920036764706
megabyte1,167,17,2.0282054227941178
megabyte1,168,17,2.2857306985294117
megabyte1,169,17,1.9862706801470589
megabyte1,170,17,2.1726217830882355
megabyte1,171,17,1.8686810661764706
megabyte1,172,17,1.9838579963235294
megabyte1,173,17,1.8409352022058822
megabyte1,174,17,1.9750689338235294
megabyte1,175,17,1.9165326286764706
megabyte1,176,17,2.033892463235294
megabyte1,177,17,1.8373161764705883
megabyte1,178,17,1.86376953125
megabyte1,179,17,2.026999080882353
megabyte1,180,17,2.0288947610294117
megabyte1,181,17,1.8756893382352942
megabyte1,182,17,2.109030330882353
megabyte1,183,17,1.7738396139705883
megabyte1,184,17,2.1152056525735294
megabyte1,185,17,1.8224379595588236
megabyte1,186,17,2.0229204963235294
megabyte1,187,17,1.8493795955882353
megabyte1,188,17,1.976907169117647
megabyte1,189,17,1.854147518382353
megabyte1,190,17,2.012637867647059
megabyte1,191,17,1.9367532169117647
megabyte1,192,17,1.8291015625
megabyte1,193,17,2.253216911764706
megabyte1,194,17,2.0337201286764706
megabyte1,195,17,1.7271369485294117
megabyte1,196,17,1.7900390625
megabyte1,197,17,1.7814223345588236
megabyte1,198,17,1.867819393382353
megabyte1,199,17,1.9623448988970589
megabyte1,200,17,2.066061580882353
megabyte1,201,17,1.9581801470588236
megabyte1,202,17,1.6981847426470589
megabyte1,203,17,2.1356272977941178
megabyte1,204,17,1.8411613913143383
megabyte1,205,17,1.8288735782398897
megabyte1,206,17,1.774637222290039
megabyte1,207,17,1.9206112132352942
megabyte1,208,17,1.8483168658088236
megabyte1,209,17,1.8801700367647058
megabyte1,210,17,1.9531537224264706
megabyte1,211,17,1.8628288717830883
megabyte1,212,17,1.8119412590475643
megabyte1,213,17,2.2524701286764706
megabyte1,214,17,1.992819393382353
megabyte1,215,17,1.8642578125
megabyte1,216,17,1.8440372242647058
megabyte1,217,17,1.8169304342830883
megabyte1,218,17,2.1066176470588234
megabyte1,219,17,1.9863855698529411
megabyte1,220,17,1.8911420036764706
megabyte1,221,17,1.85791015625
megabyte1,222,17,1.9037511488970589
megabyte1,223,17,1.9155991498161764
megabyte1,224,17,1.7778607536764706
megabyte1,225,17,1.9049359489889706
megabyte1,226,17,1.7536764705882353
megabyte1,227,17,1.8279080110437729
megabyte1,228,17,1.8898207720588236
megabyte1,229,17,2.068276798023897
megabyte1,230,17,1.8583553538602942
megabyte1,231,17,2.0948414522058822
megabyte1,232,17,2.0829790900735294
megabyte1,233,17,1.966164981617647
megabyte1,234,17,1.8153147977941178
megabyte1,235,17,1.8442670036764706
megabyte1,236,17,1.9549632352941178
megabyte1,237,17,1.7390280330882353
megabyte1,238,17,1.7945484834558822
megabyte1,239,17,1.914407169117647
megabyte1,240,17,2.012451171875
megabyte1,241,17,1.7465963924632353
megabyte1,242,17,1.8656364889705883
megabyte1,243,17,1.9167624080882353
megabyte1,244,17,2.181698069852941
megabyte1,245,17,1.9106158088235294
megabyte1,246,17,1.9709903492647058
megabyte1,247,17,2.032915900735294
megabyte1,248,17,1.7629825367647058
megabyte1,249,17,1.8051183363970589
megabyte1,250,17,1.9229090073529411
megabyte1,251,17,1.7211626838235294
megabyte1,252,17,1.9430434283088236
megabyte1,253,17,1.9386776194852942
megabyte1,254,17,1.8441808363970589
megabyte1,255,17,1.8790211397058822
megabyte1,256,17,1.9074599322150736
megabyte1,257,17,1.8876953125
megabyte1,258,17,2.132489372702206
megabyte1,259,17,1.9402573529411764
megabyte1,260,17,2.042423023897059
megabyte1,261,17,1.9005055147058822
megabyte1,262,17,1.6770558076746322
megabyte1,263,17,1.8494370404411764
megabyte1,264,17,1.9387350643382353
megabyte1,265,17,1.9219037224264706
megabyte1,266,17,2.0619829963235294
megabyte1,267,17,2.1549574908088234
megabyte1,268,17,2.1693474264705883
megabyte1,269,17,2.096335018382353
megabyte1,270,17,1.7604513729319853
megabyte1,271,17,1.9316083122702206
megabyte1,272,17,2.0183249080882355
megabyte1,273,17,1.9101275275735294
megabyte1,274,17,1.7900534237132353
megabyte1,275,17,1.8049172794117647
megabyte1,276,17,1.7576976102941178
megabyte1,277,17,1.6638538136201746
megabyte1,278,17,1.9008501838235294
megabyte1,279,17,1.9308938419117647
megabyte1,280,17,1.826516544117647
megabyte1,281,17,1.9669117647058822
megabyte1,282,17,1.9597886029411764
megabyte1,283,17,1.9124253216911764
megabyte1,284,17,1.897116268382353
megabyte1,285,17,1.6973612168255974
megabyte1,286,17,1.7917749741498161
megabyte1,287,17,2.0739028033088234
megabyte1,288,17,1.9688074448529411
megabyte1,289,17,1.7454044117647058
megabyte1,290,17,2.142922794117647
megabyte1,291,17,1.9597886029411764
megabyte1,292,17,1.9788890165441178
megabyte1,293,17,1.63720703125
megabyte1,294,17,1.829833984375
megabyte1,295,17,1.9739200367647058
megabyte1,296,17,1.8991268382352942
megabyte1,297,17,1.9789464613970589
megabyte1,298,17,1.9463016285615808
megabyte1,299,17,2.067325367647059
megabyte1,300,17,1.6398064108455883
megabyte1,301,17,1.9792624080882353
megabyte1,302,17,1.9091509650735294
megabyte1,303,17,2.0063189338235294
megabyte1,304,17,2.2608570772058822
megabyte1,305,17,1.7950367647058822
megabyte1,306,17,2.032858455882353
megabyte1,307,17,1.7752757352941178
megabyte1,308,17,2.077205882352941
megabyte1,309,17,1.841164981617647
megabyte1,310,17,1.8184527228860294
megabyte1,311,17,2.297564338235294
megabyte1,312,17,2.1265510110294117
megabyte1,313,17,1.7233312270220589
megabyte1,314,17,2.099551930147059
megabyte1,315,17,2.1724494485294117
megabyte1,316,17,1.813131893382353
megabyte1,317,17,2.0591681985294117
megabyte1,318,17,1.9446662454044117
megabyte1,319,17,1.8738511029411764
megabyte1,320,17,2.021197150735294
megabyte1,321,17,1.9327895220588236
megabyte1,322,17,1.8708065257352942
megabyte1,323,17,1.951171875
megabyte1,324,17,1.7648638556985294
megabyte1,325,17,1.8771254595588236
megabyte1,326,17,1.9381031709558822
megabyte1,327,17,1.9919002757352942
megabyte1,328,17,2.1352826286764706
megabyte1,329,17,1.9968405330882353
megabyte1,330,17,1.8790821748621322
megabyte1,331,17,2.3358226102941178
megabyte1,332,17,2.001608455882353
megabyte1,333,17,2.024758731617647
megabyte1,334,17,1.8858283547794117
megabyte1,335,17,1.9592141544117647
megabyte1,336,17,1.8882123161764706
megabyte1,337,17,1.9437614889705883
megabyte1,338,17,2.043600643382353
megabyte1,339,17,1.8266888786764706
megabyte1,340,17,2.2000229779411766
megabyte1,341,17,1.8223230698529411
megabyte1,342,17,2.0611213235294117
megabyte1,343,17,1.7731215533088236
megabyte1,344,17,1.8556410845588236
megabyte1,345,17,2.0710592830882355
megabyte1,346,17,1.9880514705882353
megabyte1,347,17,2.08203125
megabyte1,348,17,2.0656594669117645
megabyte1,349,17,1.9838005514705883
megabyte1,350,17,1.9121668198529411
megabyte1,351,17,1.9325597426470589
megabyte1,352,17,2.0851332720588234
megabyte1,353,17,1.8112362132352942
megabyte1,354,17,1.7646484375
megabyte1,355,17,1.7029454848345589
megabyte1,356,17,2.1860638786764706
megabyte1,357,17,1.8042566636029411
megabyte1,358,17,1.9698414522058822
megabyte1,359,17,1.9363223805147058
megabyte1,360,17,1.885842715992647
megabyte1,361,17,1.8250373391544117
megabyte1,362,17,1.8523667279411764
megabyte1,363,17,1.9970128676470589
megabyte1,364,17,1.8446978400735294
megabyte1,365,17,1.7934283088235294
megabyte1,366,17,1.9804256663602942
megabyte1,367,17,1.9042250689338236
megabyte1,368,17,1.8777573529411764
megabyte1,369,17,1.9647863051470589
megabyte1,370,17,1.9888556985294117
megabyte1,371,17,1.7768841911764706
megabyte1,372,17,1.8050896139705883
megabyte1,373,17,1.8500545726102942
megabyte1,374,17,2.0125804227941178
megabyte1,375,17,1.9794347426470589
megabyte1,376,17,1.9463465073529411
megabyte1,377,17,1.9455422794117647
megabyte1,378,17,1.9973000919117647
megabyte1,379,17,1.7288315716911764
megabyte1,380,17,1.901999080882353
megabyte1,381,17,1.6678035960477942
megabyte1,382,17,1.5785809685202206
megabyte1,383,17,2.185546875
megabyte1,384,17,1.8193359375
megabyte1,385,17,1.9743221507352942
megabyte1,386,17,1.6816980698529411
megabyte1,387,17,2.0567555147058822
megabyte1,388,17,1.8299919577205883
megabyte1,389,17,1.9207261029411764
megabyte1,390,17,1.7395737591911764
megabyte1,391,17,1.8485179227941178
megabyte1,392,17,1.6567095588235294
megabyte1,393,17,1.9470358455882353
megabyte1,394,17,2.020290599149816
megabyte1,395,17,1.8090245863970589
megabyte1,396,17,1.676614200367647
megabyte1,397,17,1.7865492876838236
megabyte1,398,17,1.7224551930147058
megabyte1,399,17,1.9157284007352942
megabyte1,400,17,1.7209903492647058
megabyte1,401,17,1.969094669117647
megabyte1,402,17,1.5892818675321692
megabyte1,403,17,1.6591904584099264
megabyte1,404,17,1.9763327205882353
megabyte1,405,17,1.8869803933536304
megabyte1,406,17,1.852772881002987
megabyte1,407,17,1.7567800073062672
megabyte1,408,17,1.7407468907973345
megabyte1,409,17,1.7753008674172794
megabyte1,410,17,2.0850758272058822
megabyte1,411,17,1.89410400390625
megabyte1,412,17,2.0739683263442097
megabyte1,413,17,1.7702205882352942
megabyte1,414,17,1.7927632051355697
megabyte1,415,17,1.7301265492158777
megabyte1,416,17,1.8471392463235294
megabyte1,417,17,1.8557375739602482
megabyte1,418,17,1.756594040814568
megabyte1,419,17,1.7871237362132353
megabyte1,420,17,1.8420122931985294
megabyte1,421,17,1.8745404411764706
megabyte1,422,17,1.8622185202205883
megabyte1,423,17,1.6817680807674633
megabyte1,424,17,1.8323848948759192
megabyte1,425,17,1.950827205882353
megabyte1,426,17,1.6858269186580883
megabyte1,427,17,1.7124167049632353
megabyte1,428,17,1.7204733455882353
megabyte1,429,17,1.8554113051470589
megabyte1,430,17,1.8389246323529411
megabyte1,431,17,1.9562844669117647
megabyte1,432,17,1.8778722426470589
megabyte1,433,17,1.891946231617647
megabyte1,434,17,1.5940372242647058
megabyte1,435,17,1.7871524586397058
megabyte1,436,17,1.804953182444853
megabyte1,437,17,1.9167624080882353
megabyte1,438,17,1.954446231617647
megabyte1,439,17,1.9101993336397058
megabyte1,440,17,1.8794806985294117
megabyte1,441,17,1.9317555147058822
megabyte1,442,17,1.7254710477941178
megabyte1,443,17,1.6588493795955883
megabyte1,444,17,1.8351332720588236
megabyte1,445,17,1.9927045036764706
megabyte1,446,17,2.0551470588235294
megabyte1,447,17,2.233455882352941
megabyte1,448,17,1.9136029411764706
megabyte1,449,17,2.0117474724264706
megabyte1,450,17,1.6027401194852942
megabyte1,451,17,2.0044806985294117
megabyte1,452,17,2.0560661764705883
megabyte1,453,17,2.0294117647058822
megabyte1,454,17,2.023150275735294
megabyte1,455,17,1.7458065257352942
megabyte1,456,17,1.8999310661764706
megabyte1,457,17,2.0145335477941178
megabyte1,458,17,1.7450597426470589
megabyte1,459,17,1.7998621323529411
megabyte1,460,17,1.875
megabyte1,461,17,1.7653377757352942
megabyte1,462,17,2.1508501838235294
megabyte1,463,17,1.8099724264705883
megabyte1,464,17,1.9990234375
megabyte1,465,17,1.9213005514705883
megabyte1,466,17,1.8709788602941178
megabyte1,467,17,1.7850988051470589
megabyte1,468,17,1.7661994485294117
megabyte1,469,17,1.8882123161764706
megabyte1,470,17,1.9390797334558822
megabyte1,471,17,1.7959558823529411
megabyte1,472,17,1.8473690257352942
megabyte1,473,17,1.8233283547794117
megabyte1,474,17,1.8561293658088236
megabyte1,475,17,1.8480583639705883
megabyte1,476,17,1.918356502757353
megabyte1,477,17,1.9381606158088236
megabyte1,478,17,1.9422104779411764
megabyte1,479,17,1.9198931525735294
megabyte1,480,17,1.8231847426470589
megabyte1,481,17,1.8623621323529411
megabyte1,482,17,1.735207950367647
megabyte1,483,17,1.6850298713235294
megabyte1,484,17,1.7905201631433822
megabyte1,485,17,1.8589154411764706
megabyte1,486,17,2.166073069852941
megabyte1,487,17,1.6993336397058822
megabyte1,488,17,1.8562729779411764
megabyte1,489,17,1.5450798483455883
megabyte1,490,17,1.8753303079044117
megabyte1,491,17,1.928567325367647
megabyte1,492,17,1.8002283432904411
megabyte1,493,17,1.8564453125
megabyte1,494,17,1.7979664522058822
megabyte1,495,17,1.7603616153492647
megabyte1,496,17,1.6214671415441178
megabyte1,497,17,1.9321001838235294
megabyte1,498,17,1.9384478400735294
megabyte1,499,17,1.8457462086397058
megabyte1,500,17,1.8194508272058822
megabyte1,501,17,1.7817957261029411
megabyte1,502,17,1.9332679299747242
megabyte1,503,17,1.8755744485294117
megabyte1,504,17,1.6851447610294117
megabyte1,505,17,1.7692727481617647
megabyte1,506,17,2.1633228975183822
megabyte1,507,17,2.0920266544117645
megabyte1,508,17,1.9351447610294117
megabyte1,509,17,1.8725873161764706
megabyte1,510,17,1.857766544117647
megabyte1,511,17,1.877585018382353
megabyte1,512,17,1.9312385110294117
megabyte1,513,17,1.716940487132353
megabyte1,514,17,1.7850700827205883
megabyte1,515,17,1.9221047794117647
megabyte1,516,17,1.9086949965533089
megabyte1,517,17,1.8515032599954044
megabyte1,518,17,2.06298828125
megabyte1,519,17,1.8539859547334558
megabyte1,520,17,2.0093635110294117
megabyte1,521,17,1.8037109375
megabyte1,522,17,1.777200137867647
megabyte1,523,17,1.840963924632353
megabyte1,524,17,1.892233455882353
megabyte1,525,17,1.8840475643382353
megabyte1,526,17,1.7433794806985294
megabyte1,527,17,1.8478285845588236
megabyte1,528,17,1.7017750459558822
megabyte1,529,17,1.6615421070772058
megabyte1,530,17,1.7823558134191178
megabyte1,531,17,1.814596737132353
megabyte1,532,17,1.6358714384191178
megabyte1,533,17,1.7561465992647058
megabyte1,534,17,1.8202837775735294
megabyte1,535,17,1.794577205882353
megabyte1,536,17,1.8842486213235294
megabyte1,537,17,2.256979549632353
megabyte1,538,17,1.9540297564338236
megabyte1,539,17,1.7934283088235294
megabyte1,540,17,1.8581112132352942
megabyte1,541,17,1.6304931640625
megabyte1,542,17,1.9022863051470589
megabyte1,543,17,1.995461856617647
megabyte1,544,17,1.799905215992647
megabyte1,545,17,1.9163315716911764
megabyte1,546,17,1.9771369485294117
megabyte1,547,17,1.8670151654411764
megabyte1,548,17,1.914895450367647
megabyte1,549,17,1.8761058134191178
megabyte1,550,17,1.9634363511029411
megabyte1,551,17,1.9143784466911764
megabyte1,552,17,1.8667853860294117
megabyte1,553,17,1.7087545955882353
megabyte1,554,17,2.079302619485294
megabyte1,555,17,2.0716911764705883
megabyte1,556,17,1.8859145220588236
megabyte1,557,17,1.8644301470588236
megabyte1,558,17,1.8208869485294117
megabyte1,559,17,2.044577205882353
megabyte1,560,17,1.803366268382353
megabyte1,561,17,1.6565874885110294
megabyte1,562,17,2.04638671875
megabyte1,563,17,2.0109719669117645
megabyte1,564,17,1.7018396714154411
megabyte1,565,17,1.5909423828125
megabyte1,566,17,2.0933478860294117
megabyte1,567,17,1.9769646139705883
megabyte1,568,17,2.153018727022059
megabyte1,569,17,2.014016544117647
megabyte1,570,17,1.7225700827205883
megabyte1,571,17,1.8160041360294117
megabyte1,572,17,2.029153262867647
megabyte1,573,17,1.9782391716452206
megabyte1,574,17,1.8134397618910845
megabyte1,575,17,1.785055721507353
megabyte1,576,17,1.9408892463235294
megabyte1,577,17,1.84326171875
megabyte1,578,17,1.9190602022058822
megabyte1,579,17,1.9042107077205883
megabyte1,580,17,1.8334853228400736
megabyte1,581,17,1.9426700367647058
megabyte1,582,17,1.7868795955882353
megabyte1,583,17,1.7493250229779411
megabyte1,584,17,1.9772518382352942
megabyte1,585,17,1.9002793255974264
megabyte1,586,17,1.6638046713436352
megabyte1,587,17,1.9208409926470589
megabyte1,588,17,1.8932387408088236
megabyte1,589,17,1.9062643612132353
megabyte1,590,17,2.0773207720588234
megabyte1,591,17,2.3145392922794117
megabyte1,592,17,1.7804152544806986
megabyte1,593,17,1.7731215533088236
megabyte1,594,17,1.8567792107077206
megabyte1,595,17,1.9846622242647058
megabyte1,596,17,2.0249310661764706
megabyte1,597,17,2.0953010110294117
megabyte1,598,17,2.1133099724264706
megabyte1,599,17,1.9006778492647058
megabyte1,600,17,1.6278327493106617
megabyte1,601,17,1.8643511603860294
megabyte1,602,17,1.741799747242647
megabyte1,603,17,1.8830422794117647
megabyte1,604,17,1.8092830882352942
megabyte1,605,17,1.7352941176470589
megabyte1,606,17,2.0226907169117645
megabyte1,607,17,2.061261345358456
megabyte1,608,17,1.7780905330882353
megabyte1,609,17,1.9421530330882353
megabyte1,610,17,1.9038373161764706
megabyte1,611,17,1.7909007352941178
megabyte1,612,17,2.0612074908088234
megabyte1,613,17,1.6932947495404411
megabyte1,614,17,2.1459673713235294
megabyte1,615,17,1.9871897977941178
megabyte1,616,17,1.8688534007352942
megabyte1,617,17,1.7684864717371322
megabyte1,618,17,1.9850499770220589
megabyte1,619,17,1.7930261948529411
megabyte1,620,17,1.7987132352941178
megabyte1,621,17,1.9152975643382353
megabyte1,622,17,1.8007668887867647
megabyte1,623,17,1.9663947610294117
megabyte1,624,17,1.82568359375
megabyte1,625,17,1.7178452435661764
megabyte1,626,17,1.8362247242647058
megabyte1,627,17,1.967428768382353
megabyte1,628,17,1.9925896139705883
megabyte1,629,17,1.9017980238970589
megabyte1,630,17,1.8656939338235294
megabyte1,631,17,1.7949146943933822
megabyte1,632,17,2.051125919117647
megabyte1,633,17,1.932362724752987
megabyte1,634,17,1.8582000732421875
megabyte1,635,17,1.8042853860294117
megabyte1,636,17,1.9912396599264706
megabyte1,637,17,1.7393870634191178
megabyte1,638,17,1.9086052389705883
megabyte1,639,17,2.0855353860294117
megabyte1,640,17,1.9497357536764706
megabyte1,641,17,2.195657169117647
megabyte1,642,17,1.9811293658088236
megabyte1,643,17,1.9076286764705883
megabyte1,644,17,1.7014590992647058
megabyte1,645,17,1.8499109604779411
megabyte1,646,17,1.9997127757352942
megabyte1,647,17,1.8753733915441178
megabyte1,648,17,2.035342945772059
megabyte1,649,17,1.8291590073529411
megabyte1,650,17,1.9833409926470589
megabyte1,651,17,1.7188648897058822
megabyte1,652,17,1.8764361213235294
megabyte1,653,17,1.9030905330882353
megabyte1,654,17,1.6146599264705883
megabyte1,655,17,1.8745978860294117
megabyte1,656,17,2.1359719669117645
megabyte1,657,17,1.6461325252757353
megabyte1,658,17,1.8713091681985294
megabyte1,659,17,1.8866613051470589
megabyte1,660,17,1.8549517463235294
megabyte1,661,17,1.851907169117647
megabyte1,662,17,1.954446231617647
megabyte1,663,17,2.1226447610294117
megabyte1,664,17,1.8563304227941178
megabyte1,665,17,1.9696116727941178
megabyte1,666,17,1.960305606617647
megabyte1,667,17,2.1150620404411766
megabyte1,668,17,1.9315831801470589
megabyte1,669,17,2.004250919117647
megabyte1,670,17,1.8935546875
megabyte1,671,17,1.5934627757352942
megabyte1,672,17,2.01953125
megabyte1,673,17,1.8757180606617647
megabyte1,674,17,1.7650505514705883
megabyte1,675,17,2.005170036764706
megabyte1,676,17,1.7734949448529411
megabyte1,677,17,1.8982077205882353
megabyte1,678,17,1.6860926011029411
megabyte1,679,17,1.9084329044117647
megabyte1,680,17,1.9609949448529411
megabyte1,681,17,1.80615234375
megabyte1,682,17,1.9321001838235294
megabyte1,683,17,1.98779296875
megabyte1,684,17,1.8402458639705883
megabyte1,685,17,1.9076861213235294
megabyte1,686,17,1.7839499080882353
megabyte1,687,17,2.0094496783088234
megabyte1,688,17,2.0477366727941178
megabyte1,689,17,1.8415670955882353
megabyte1,690,17,1.9925896139705883
megabyte1,691,17,1.7148724724264706
megabyte1,692,17,1.8442670036764706
megabyte1,693,17,2.0234096751493564
megabyte1,694,17,1.8512638316434973
megabyte1,695,17,1.7760799632352942
megabyte1,696,17,1.7336533490349264
megabyte1,697,17,1.900712854721967
megabyte1,698,17,1.8789636948529411
megabyte1,699,17,2.038717830882353
megabyte1,700,17,1.8072509765625
megabyte1,701,17,1.7073184742647058
megabyte1,702,17,2.0493451286764706
megabyte1,703,17,1.6768727022058822
megabyte1,704,17,1.7837775735294117
megabyte1,705,17,1.7940045525045956
megabyte1,706,17,2.0773207720588234
megabyte1,707,17,1.7686121323529411
megabyte1,708,17,1.785928165211397
megabyte1,709,17,1.6881893382352942
megabyte1,710,17,1.8910271139705883
megabyte1,711,17,1.8060015510110294
megabyte1,712,17,1.7285012637867647
megabyte1,713,17,1.8307387408088236
megabyte1,714,17,1.6962639303768383
megabyte1,715,17,1.6512882008272058
megabyte1,716,17,1.8524816176470589
megabyte1,717,17,1.80438232421875
megabyte1,718,17,2.077682046329274
megabyte1,719,17,1.965475643382353
megabyte1,720,17,1.7161990894990808
megabyte1,721,17,1.7074531106387867
megabyte1,722,17,1.9492761948529411
megabyte1,723,17,1.7400045955882353
megabyte1,724,17,1.5945730770335478
megabyte1,725,17,1.6162971047794117
megabyte1,726,17,1.7372849408318014
megabyte1,727,17,1.7358326631433822
megabyte1,728,17,1.7563763786764706
megabyte1,729,17,1.7941212373621322
megabyte1,730,17,1.8260641659007353
megabyte1,731,17,1.7915757123161764
megabyte1,732,17,1.6475542853860294
megabyte1,733,17,1.6432432286879595
megabyte1,734,17,1.816262637867647
megabyte1,735,17,1.9160587086397058
megabyte1,736,17,1.6826674517463236
megabyte1,737,17,1.8961971507352942
megabyte1,738,17,1.7802478565889246
megabyte1,739,17,1.9622026331284468
megabyte1,740,17,1.8314280790441178
megabyte1,741,17,1.5233567181755514
megabyte1,742,17,1.688838285558364
megabyte1,743,17,1.9927045036764706
megabyte1,744,17,1.798797607421875
megabyte1,745,17,2.105611464556526
megabyte1,746,17,2.147259880514706
megabyte1,747,17,2.3517922794117645
megabyte1,748,17,2.027304256663603
megabyte1,749,17,2.0025275735294117
megabyte1,750,17,2.0685676125919117
megabyte1,751,17,1.7033942727481617
megabyte1,752,17,1.841452205882353
megabyte1,753,17,1.9125689338235294
megabyte1,754,17,1.974609375
megabyte1,755,17,1.9321001838235294
megabyte1,756,17,1.900534237132353
megabyte1,757,17,2.3853400735294117
megabyte1,758,17,1.9507697610294117
megabyte1,759,17,1.9143784466911764
megabyte1,760,17,1.7077223833869486
megabyte1,761,17,1.7911879595588236
megabyte1,762,17,1.7876263786764706
megabyte1,763,17,1.7786434397977942
megabyte1,764,17,2.0026999080882355
megabyte1,765,17,1.7390244427849264
megabyte1,766,17,1.9009973862591911
megabyte1,767,17,1.9405445772058822
megabyte1,768,17,1.7911879595588236
megabyte1,769,17,1.8654928768382353
megabyte1,770,17,1.7978228400735294
megabyte1,771,17,2.0275160845588234
megabyte1,772,17,2.0653435202205883
megabyte1,773,17,2.240923713235294
megabyte1,774,17,1.9610236672794117
megabyte1,775,17,2.0657958984375
megabyte1,776,17,1.8091681985294117
megabyte1,777,17,1.7379653033088236
megabyte1,778,17,1.7445427389705883
megabyte1,779,17,2.0948414522058822
megabyte1,780,17,1.6976677389705883
megabyte1,781,17,1.9357766544117647
megabyte1,782,17,2.0072380514705883
megabyte1,783,17,1.8848517922794117
megabyte1,784,17,1.8069422104779411
megabyte1,785,17,1.6896254595588236
megabyte1,786,17,2.1687729779411766
megabyte1,787,17,1.9014820772058822
megabyte1,788,17,2.022173713235294
megabyte1,789,17,1.8554400275735294
megabyte1,790,17,1.7089556525735294
megabyte1,791,17,1.8100298713235294
megabyte1,792,17,1.8331227022058822
megabyte1,793,17,1.7743278952205883
megabyte1,794,17,1.8795668658088236
megabyte1,795,17,1.7417566636029411
megabyte1,796,17,1.912741268382353
megabyte1,797,17,1.7847541360294117
megabyte1,798,17,1.8974034926470589
megabyte1,799,17,1.8210305606617647
megabyte1,800,17,1.774069393382353
megabyte1,801,17,2.0408432904411766
megabyte1,802,17,1.5021254595588236
megabyte1,803,17,1.7554285386029411
megabyte1,804,17,2.1142865349264706
megabyte1,805,17,1.7689855238970589
megabyte1,806,17,1.931008731617647
megabyte1,807,17,2.1114430147058822
megabyte1,808,17,1.9527228860294117
megabyte1,809,17,2.0328010110294117
megabyte1,810,17,1.6829905790441178
megabyte1,811,17,1.8548655790441178
megabyte1,812,17,1.7012293198529411
megabyte1,813,17,1.7842084099264706
megabyte1,814,17,1.927877987132353
megabyte1,815,17,2.2642750459558822
megabyte1,816,17,1.7136661305147058
megabyte1,817,17,1.8894761029411764
megabyte1,818,17,2.0137005974264706
megabyte1,819,17,2.1484375
megabyte1,820,17,2.079489315257353
megabyte1,821,17,1.7228285845588236
megabyte1,822,17,1.7182329963235294
megabyte1,823,17,1.8013556985294117
megabyte1,824,17,2.030905330882353
megabyte1,825,17,1.8567002240349264
megabyte1,826,17,1.9321432674632353
megabyte1,827,17,1.8579963235294117
megabyte1,828,17,2.116498161764706
megabyte1,829,17,1.7914751838235294
megabyte1,830,17,1.9615119485294117
megabyte1,831,17,2.004193474264706
megabyte1,832,17,1.8155589384191178
megabyte1,833,17,2.0395795036764706
megabyte1,834,17,1.9260541130514706
megabyte1,835,17,2.034939036649816
megabyte1,836,17,1.80712890625
megabyte1,837,17,1.8345301011029411
megabyte1,838,17,2.0407858455882355
megabyte1,839,17,1.6952550551470589
megabyte1,840,17,1.7925235523897058
megabyte1,841,17,1.8166360294117647
megabyte1,842,17,1.9473230698529411
megabyte1,843,17,1.882790958180147
megabyte1,844,17,1.7142874773810892
megabyte1,845,17,1.8504136029411764
megabyte1,846,17,1.8727309283088236
megabyte1,847,17,1.8653492647058822
megabyte1,848,17,1.8711511948529411
megabyte1,849,17,1.8725011488970589
megabyte1,850,17,1.9102136948529411
megabyte1,851,17,2.1355698529411766
megabyte1,852,17,1.9580796185661764
megabyte1,853,17,1.8100011488970589
megabyte1,854,17,1.9005055147058822
megabyte1,855,17,1.9769646139705883
megabyte1,856,17,2.1893813189338234
megabyte1,857,17,1.7573529411764706
megabyte1,858,17,1.9747960707720589
megabyte1,859,17,1.834259033203125
megabyte1,860,17,1.8461052389705883
megabyte1,861,17,1.822897518382353
megabyte1,862,17,2.3593606387867645
megabyte1,863,17,1.9253216911764706
megabyte1,864,17,1.8280101102941178
megabyte1,865,17,1.8127297794117647
megabyte1,866,17,1.77392578125
megabyte1,867,17,1.9927619485294117
megabyte1,868,17,1.9157858455882353
megabyte1,869,17,1.7882582720588236
megabyte1,870,17,1.8598920036764706
megabyte1,871,17,2.0782398897058822
megabyte1,872,17,1.7060546875
megabyte1,873,17,1.8826401654411764
megabyte1,874,17,1.9777688419117647
megabyte1,875,17,1.915670955882353
megabyte1,876,17,1.7176011029411764
megabyte1,877,17,1.824563419117647
megabyte1,878,17,1.742819393382353
megabyte1,879,17,1.8854549632352942
megabyte1,880,17,1.9531824448529411
megabyte1,881,17,1.8798828125
megabyte1,882,17,1.8705480238970589
megabyte1,883,17,1.9914981617647058
megabyte1,884,17,1.8787913602941178
megabyte1,885,17,1.9717371323529411
megabyte1,886,17,1.9362936580882353
megabyte1,887,17,2.1964613970588234
megabyte1,888,17,2.220703125
megabyte1,889,16,1.76568603515625
megabyte1,890,16,1.9158935546875
megabyte1,891,16,1.8804931640625
megabyte1,892,16,2.185302734375
megabyte1,893,16,1.820220947265625
megabyte1,894,16,1.8692626953125
megabyte1,895,16,2.0638427734375
megabyte1,896,16,1.85992431640625
megabyte1,897,16,1.981689453125
megabyte1,898,16,1.6891937255859375
megabyte1,899,16,1.90570068359375
megabyte1,900,16,2.081787109375
megabyte1,901,16,1.9837646484375
megabyte1,902,16,1.8896484375
megabyte1,903,16,1.9012451171875
megabyte1,904,16,1.85943603515625
megabyte1,905,16,1.8271484375
megabyte1,906,16,2.03753662109375
megabyte1,907,16,1.7805817127227783
megabyte1,908,16,2.11767578125
megabyte1,909,16,1.768310546875
megabyte1,910,16,2.1444091796875
megabyte1,911,16,2.06378173828125
megabyte1,912,16,1.728759765625
megabyte1,913,16,1.9146881103515625
megabyte1,914,16,1.630462646484375
megabyte1,915,16,1.909027099609375
megabyte1,916,16,2.0053863525390625
megabyte1,917,16,1.96527099609375
megabyte1,918,16,1.97998046875
megabyte1,919,16,1.9635543823242188
megabyte1,920,16,2.0677490234375
megabyte1,921,16,1.957916259765625
megabyte1,922,16,2.060791015625
megabyte1,923,16,2.17852783203125
megabyte1,924,16,1.868896484375
megabyte1,925,16,1.984375
megabyte1,926,16,1.85968017578125
megabyte1,927,16,1.91180419921875
megabyte1,928,16,1.9566879272460938
megabyte1,929,16,1.87420654296875
megabyte1,930,16,2.00250244140625
megabyte1,931,16,2.1712646484375
megabyte1,932,16,1.98907470703125
megabyte1,933,16,2.071136474609375
megabyte1,934,16,2.0318603515625
megabyte1,935,16,2.07781982421875
megabyte1,936,16,1.8482666015625
megabyte1,937,16,1.7497100830078125
megabyte1,938,16,1.807403564453125
megabyte1,939,16,2.2235107421875
megabyte1,940,16,1.87628173828125
megabyte1,941,16,2.04412841796875
megabyte1,942,16,2.051513671875
megabyte1,943,16,1.77581787109375
megabyte1,944,16,1.8753662109375
megabyte1,945,16,2.05487060546875
megabyte1,946,16,1.88922119140625
megabyte1,947,16,1.71771240234375
megabyte1,948,16,1.8746337890625
megabyte1,949,16,1.9822998046875
megabyte1,950,16,1.798187255859375
megabyte1,951,16,1.751220703125
megabyte1,952,16,1.9431915283203125
megabyte1,953,16,1.91717529296875
megabyte1,954,16,1.82550048828125
megabyte1,955,16,2.05096435546875
megabyte1,956,16,2.024078369140625
megabyte1,957,16,1.8644866943359375
megabyte1,958,16,1.8176956176757812
megabyte1,959,16,1.831298828125
megabyte1,960,16,2.00128173828125
megabyte1,961,16,2.079742431640625
megabyte1,962,16,1.90789794921875
megabyte1,963,16,1.8407974243164062
megabyte1,964,16,1.8478736877441406
megabyte1,965,16,2.00543212890625
megabyte1,966,16,1.93133544921875
megabyte1,967,16,2.06982421875
megabyte1,968,16,1.925140380859375
megabyte1,969,16,1.877685546875
megabyte1,970,16,1.6937255859375
megabyte1,971,16,1.94696044921875
megabyte1,972,16,1.7592124938964844
megabyte1,973,16,1.7848930358886719
megabyte1,974,16,1.73211669921875
megabyte1,975,16,2.07379150390625
megabyte1,976,16,1.7965545654296875
megabyte1,977,16,1.775360107421875
megabyte1,978,16,1.8105316162109375
megabyte1,979,16,1.8406965732574463
megabyte1,980,16,1.90484619140625
megabyte1,981,16,1.81365966796875
megabyte1,982,16,1.9857177734375
megabyte1,983,16,1.83843994140625
megabyte1,984,16,1.89276123046875
megabyte1,985,16,1.9570770263671875
megabyte1,986,16,1.9425048828125
megabyte1,987,16,1.88916015625
megabyte1,988,16,2.0158233642578125
megabyte1,989,16,1.78338623046875
megabyte1,990,16,1.761566162109375
megabyte1,991,16,2.19268798828125
megabyte1,992,16,1.911224365234375
megabyte1,993,16,1.946319580078125
megabyte1,994,16,1.9690704345703125
megabyte1,995,16,1.763275146484375
megabyte1,996,16,1.808441162109375
megabyte1,997,16,2.025543212890625
megabyte1,998,16,1.780487060546875
megabyte1,999,16,1.66632080078125
megabyte1,1000,16,1.9954833984375
megabyte1,1001,16,1.79840087890625
megabyte1,1002,16,1.6238250732421875
megabyte1,1003,16,1.9264678955078125
megabyte1,1004,16,2.02471923828125
megabyte1,1005,16,2.0781173706054688
megabyte1,1006,16,1.77386474609375
megabyte1,1007,16,1.926666259765625
megabyte1,1008,16,2.17132568359375
megabyte1,1009,16,1.86737060546875
megabyte1,1010,16,1.9970703125
megabyte1,1011,16,1.88330078125
megabyte1,1012,16,1.962158203125
megabyte1,1013,16,1.95611572265625
megabyte1,1014,16,1.740753173828125
megabyte1,1015,16,1.882720947265625
megabyte1,1016,16,1.729156494140625
megabyte1,1017,16,2.0721435546875
megabyte1,1018,16,2.055389404296875
megabyte1,1019,16,2.14495849609375
megabyte1,1020,16,1.8768310546875
megabyte1,1021,16,2.1851806640625
megabyte1,1022,16,1.77716064453125
megabyte1,1023,16,1.97821044921875
megabyte1,1024,16,2.045166015625
megabyte1,1025,16,1.8440093994140625
megabyte1,1026,16,1.8692626953125
megabyte1,1027,16,1.83319091796875
megabyte1,1028,16,1.982177734375
megabyte1,1029,16,1.81927490234375
megabyte1,1030,16,1.881622314453125
megabyte1,1031,16,2.0272216796875
megabyte1,1032,16,1.8636474609375
megabyte1,1033,16,1.89886474609375
megabyte1,1034,16,1.8082275390625
megabyte1,1035,16,1.79449462890625
megabyte1,1036,16,1.97576904296875
megabyte1,1037,16,2.05035400390625
megabyte1,1038,16,1.972076416015625
megabyte1,1039,16,2.09967041015625
megabyte1,1040,16,1.99493408203125
megabyte1,1041,16,2.0146484375
megabyte1,1042,16,1.77020263671875
megabyte1,1043,16,1.83258056640625
megabyte1,1044,16,1.892303466796875
megabyte1,1045,16,1.79010009765625
megabyte1,1046,16,1.85791015625
megabyte1,1047,16,2.034423828125
megabyte1,1048,16,1.9786376953125
megabyte1,1049,16,1.7689208984375
megabyte1,1050,16,1.7272567749023438
megabyte1,1051,16,2.040496826171875
megabyte1,1052,16,1.6387481689453125
megabyte1,1053,16,1.78125
megabyte1,1054,16,2.0308837890625
megabyte1,1055,16,1.6884918212890625
megabyte1,1056,16,1.84381103515625
megabyte1,1057,16,2.05609130859375
megabyte1,1058,16,2.010711669921875
megabyte1,1059,16,2.1044921875
megabyte1,1060,16,2.01971435546875
megabyte1,1061,16,2.1083984375
megabyte1,1062,16,2.00299072265625
megabyte1,1063,16,1.72760009765625
megabyte1,1064,16,2.07489013671875
megabyte1,1065,16,1.773468017578125
megabyte1,1066,16,2.084320068359375
megabyte1,1067,16,1.9700927734375
megabyte1,1068,16,1.866363525390625
megabyte1,1069,16,1.9447021484375
megabyte1,1070,16,1.752838134765625
megabyte1,1071,16,1.6436767578125
megabyte1,1072,16,1.93682861328125
megabyte1,1073,16,1.92364501953125
megabyte1,1074,16,2.037841796875
megabyte1,1075,16,1.8787841796875
megabyte1,1076,16,1.962310791015625
megabyte1,1077,16,1.96026611328125
megabyte1,1078,16,2.040771484375
megabyte1,1079,16,1.8468017578125
megabyte1,1080,16,1.90118408203125
megabyte1,1081,16,1.9716796875
megabyte1,1082,16,1.9549560546875
megabyte1,1083,16,1.986083984375
megabyte1,1084,16,2.05340576171875
megabyte1,1085,16,2.08709716796875
megabyte1,1086,16,2.00775146484375
megabyte1,1087,16,1.69775390625
megabyte1,1088,16,1.773345947265625
megabyte1,1089,16,1.79888916015625
megabyte1,1090,16,1.9078369140625
megabyte1,1091,16,2.20843505859375
megabyte1,1092,16,1.98004150390625
megabyte1,1093,16,1.9718017578125
megabyte1,1094,16,1.9959716796875
megabyte1,1095,16,1.9298095703125
megabyte1,1096,16,1.9744873046875
megabyte1,1097,16,1.85186767578125
megabyte1,1098,16,1.8822021484375
megabyte1,1099,16,2.01708984375
megabyte1,1100,16,1.957763671875
megabyte1,1101,16,1.81341552734375
megabyte1,1102,16,1.77899169921875
megabyte1,1103,16,1.92974853515625
megabyte1,1104,16,1.6993408203125
megabyte1,1105,16,1.9326171875
megabyte1,1106,16,2.026885986328125
megabyte1,1107,16,2.251190185546875
megabyte1,1108,16,1.79302978515625
megabyte1,1109,16,1.912567138671875
megabyte1,1110,16,1.847442626953125
megabyte1,1111,16,1.88800048828125
megabyte1,1112,16,1.941192626953125
megabyte1,1113,16,1.91064453125
megabyte1,1114,16,1.90625
megabyte1,1115,16,1.8308258056640625
megabyte1,1116,16,1.912353515625
megabyte1,1117,16,2.01239013671875
megabyte1,1118,16,1.8602294921875
megabyte1,1119,16,1.93670654296875
megabyte1,1120,16,1.866180419921875
megabyte1,1121,16,2.23077392578125
megabyte1,1122,16,1.961639404296875
megabyte1,1123,16,1.82476806640625
megabyte1,1124,16,1.7515869140625
megabyte1,1125,16,1.9180908203125
megabyte1,1126,16,1.84991455078125
megabyte1,1127,16,1.919677734375
megabyte1,1128,16,1.62646484375
megabyte1,1129,16,1.9378662109375
megabyte1,1130,16,1.85638427734375
megabyte1,1131,16,2.120635986328125
megabyte1,1132,16,1.756591796875
megabyte1,1133,16,1.7388153076171875
megabyte1,1134,16,1.708709716796875
megabyte1,1135,16,1.7454376220703125
megabyte1,1136,16,1.8035125732421875
megabyte1,1137,16,1.86676025390625
megabyte1,1138,16,1.84295654296875
megabyte1,1139,16,1.989013671875
megabyte1,1140,16,1.967864990234375
megabyte1,1141,16,1.7982177734375
megabyte1,1142,16,1.7270355224609375
megabyte1,1143,16,1.78448486328125
megabyte1,1144,16,1.92449951171875
megabyte1,1145,16,1.9040145874023438
megabyte1,1146,16,1.666259765625
megabyte1,1147,16,2.0584716796875
megabyte1,1148,16,1.89208984375
megabyte1,1149,16,2.0318069458007812
megabyte1,1150,16,1.7842559814453125
megabyte1,1151,16,2.1304931640625
megabyte1,1152,16,2.037261962890625
megabyte1,1153,16,2.14117431640625
megabyte1,1154,16,1.877685546875
megabyte1,1155,16,1.6006393432617188
megabyte1,1156,16,2.097900390625
megabyte1,1157,16,2.0087890625
megabyte1,1158,16,1.64898681640625
megabyte1,1159,16,2.04022216796875
megabyte1,1160,16,1.9544677734375
megabyte1,1161,16,1.841552734375
megabyte1,1162,16,1.864654541015625
megabyte1,1163,16,1.815887451171875
megabyte1,1164,16,1.912506103515625
megabyte1,1165,16,1.89324951171875
megabyte1,1166,16,1.93890380859375
megabyte1,1167,16,1.80743408203125
megabyte1,1168,16,1.951904296875
megabyte1,1169,16,1.820037841796875
megabyte1,1170,16,2.01617431640625
megabyte1,1171,16,2.09637451171875
megabyte1,1172,16,1.655120849609375
megabyte1,1173,16,1.85089111328125
megabyte1,1174,16,1.933837890625
megabyte1,1175,16,1.657928466796875
megabyte1,1176,16,1.8363037109375
megabyte1,1177,16,1.93060302734375
megabyte1,1178,16,2.11346435546875
megabyte1,1179,16,1.9076690673828125
megabyte1,1180,16,1.8441162109375
megabyte1,1181,16,1.898895263671875
megabyte1,1182,16,2.10260009765625
megabyte1,1183,16,2.09271240234375
megabyte1,1184,16,2.0499267578125
megabyte1,1185,16,2.008544921875
megabyte1,1186,16,1.98236083984375
megabyte1,1187,16,1.77923583984375
megabyte1,1188,16,1.84149169921875
megabyte1,1189,16,1.773468017578125
megabyte1,1190,16,1.9306640625
megabyte1,1191,16,1.938720703125
megabyte1,1192,16,1.8267822265625
megabyte1,1193,16,2.0867919921875
megabyte1,1194,16,1.940582275390625
megabyte1,1195,16,1.97344970703125
megabyte1,1196,16,2.10137939453125
megabyte1,1197,16,1.6962509155273438
megabyte1,1198,16,1.7996826171875
megabyte1,1199,16,1.971832275390625
megabyte1,1200,16,1.727874755859375
megabyte1,1201,16,1.80755615234375
megabyte1,1202,16,1.774444580078125
megabyte1,1203,16,2.084228515625
megabyte1,1204,16,1.9586181640625
megabyte1,1205,16,1.8353271484375
megabyte1,1206,16,1.82073974609375
megabyte1,1207,16,1.96319580078125
megabyte1,1208,16,1.763824462890625
megabyte1,1209,16,1.91357421875
megabyte1,1210,16,1.980712890625
megabyte1,1211,16,1.88140869140625
megabyte1,1212,16,2.012725830078125
megabyte1,1213,16,2.2025146484375
megabyte1,1214,16,2.00244140625
megabyte1,1215,16,1.778472900390625
megabyte1,1216,16,1.93109130859375
megabyte1,1217,16,2.1754150390625
megabyte1,1218,16,1.630096435546875
megabyte1,1219,16,1.7926025390625
megabyte1,1220,16,1.73199462890625
megabyte1,1221,16,1.805633544921875
megabyte1,1222,16,1.80108642578125
megabyte1,1223,16,2.0247802734375
megabyte1,1224,16,1.891815185546875
megabyte1,1225,16,1.9227294921875
megabyte1,1226,16,1.88995361328125
megabyte1,1227,16,1.79931640625
megabyte1,1228,16,1.887542724609375
megabyte1,1229,16,1.92822265625
megabyte1,1230,16,2.0079345703125
megabyte1,1231,16,1.90234375
megabyte1,1232,16,1.97503662109375
megabyte1,1233,16,1.81719970703125
megabyte1,1234,16,1.96270751953125
megabyte1,1235,16,1.91094970703125
megabyte1,1236,16,1.92095947265625
megabyte1,1237,16,1.84600830078125
megabyte1,1238,16,2.01458740234375
megabyte1,1239,16,1.95123291015625
megabyte1,1240,16,1.99993896484375
megabyte1,1241,16,2.042724609375
megabyte1,1242,16,1.792083740234375
megabyte1,1243,16,1.78021240234375
megabyte1,1244,16,1.864501953125
megabyte1,1245,16,1.8575439453125
megabyte1,1246,16,1.879150390625
megabyte1,1247,16,1.891754150390625
megabyte1,1248,16,1.9742431640625
megabyte1,1249,16,1.91619873046875
megabyte1,1250,16,1.92779541015625
megabyte1,1251,16,1.74334716796875
megabyte1,1252,16,1.9852294921875
megabyte1,1253,16,1.8045654296875
megabyte1,1254,16,1.961181640625
megabyte1,1255,16,1.73065185546875
megabyte1,1256,16,1.8397216796875
megabyte1,1257,16,2.00628662109375
megabyte1,1258,16,1.9273681640625
megabyte1,1259,16,2.14056396484375
megabyte1,1260,16,1.8848876953125
megabyte1,1261,16,1.96124267578125
megabyte1,1262,16,1.769622802734375
megabyte1,1263,16,2.05389404296875
megabyte1,1264,16,2.0819091796875
megabyte1,1265,16,1.90087890625
megabyte1,1266,16,1.667083740234375
megabyte1,1267,16,2.0380859375
megabyte1,1268,16,1.81890869140625
megabyte1,1269,16,2.0115966796875
megabyte1,1270,16,1.84417724609375
megabyte1,1271,16,1.763763427734375
megabyte1,1272,16,1.8363037109375
megabyte1,1273,16,1.981201171875
megabyte1,1274,16,1.91204833984375
megabyte1,1275,16,1.887786865234375
megabyte1,1276,16,1.9873046875
megabyte1,1277,16,1.7884521484375
megabyte1,1278,16,1.706756591796875
megabyte1,1279,16,1.930328369140625
megabyte1,1280,16,1.831787109375
megabyte1,1281,16,1.97808837890625
megabyte1,1282,16,1.92327880859375
megabyte1,1283,16,1.939666748046875
megabyte1,1284,16,1.699493408203125
megabyte1,1285,16,1.9583740234375
megabyte1,1286,16,2.01708984375
megabyte1,1287,16,1.837371826171875
megabyte1,1288,16,1.945556640625
megabyte1,1289,16,2.04888916015625
megabyte1,1290,16,1.7149200439453125
megabyte1,1291,16,2.074951171875
megabyte1,1292,16,1.938232421875
megabyte1,1293,16,1.84393310546875
megabyte1,1294,16,1.8599853515625
megabyte1,1295,16,1.785247802734375
megabyte1,1296,16,1.922088623046875
megabyte1,1297,16,1.75238037109375
megabyte1,1298,16,1.923187255859375
megabyte1,1299,16,1.82366943359375
megabyte1,1300,16,1.705810546875
megabyte1,1301,16,2.287841796875
megabyte1,1302,16,1.703826904296875
megabyte1,1303,16,2.03851318359375
megabyte1,1304,16,1.96832275390625
megabyte1,1305,16,2.12890625
megabyte1,1306,16,2.0841064453125
megabyte1,1307,16,1.835205078125
megabyte1,1308,16,1.86474609375
megabyte1,1309,16,2.1436767578125
megabyte1,1310,16,2.0921630859375
megabyte1,1311,16,1.97955322265625
megabyte1,1312,16,1.82958984375
megabyte1,1313,16,1.989013671875
megabyte1,1314,16,1.870758056640625
megabyte1,1315,16,1.91033935546875
megabyte1,1316,16,1.77105712890625
megabyte1,1317,16,2.0196533203125
megabyte1,1318,16,1.8509521484375
megabyte1,1319,16,1.90899658203125
megabyte1,1320,16,1.9149169921875
megabyte1,1321,16,1.987060546875
megabyte1,1322,16,1.817352294921875
megabyte1,1323,16,1.871246337890625
megabyte1,1324,16,1.9144287109375
megabyte1,1325,16,1.8167724609375
megabyte1,1326,16,1.78826904296875
megabyte1,1327,16,1.9998779296875
megabyte1,1328,16,1.78125
megabyte1,1329,16,1.868194580078125
megabyte1,1330,16,1.8074951171875
megabyte1,1331,16,2.0645751953125
megabyte1,1332,16,1.958404541015625
megabyte1,1333,16,1.95318603515625
megabyte1,1334,16,1.96917724609375
megabyte1,1335,16,2.18756103515625
megabyte1,1336,16,1.53515625
megabyte1,1337,16,1.9068603515625
megabyte1,1338,16,1.71527099609375
megabyte1,1339,16,1.8802490234375
megabyte1,1340,16,1.90924072265625
megabyte1,1341,16,1.68890380859375
megabyte1,1342,16,1.7957763671875
megabyte1,1343,16,1.83880615234375
megabyte1,1344,16,1.8238525390625
megabyte1,1345,16,1.832763671875
megabyte1,1346,16,1.95806884765625
megabyte1,1347,16,1.82257080078125
megabyte1,1348,16,2.28326416015625
megabyte1,1349,16,1.97784423828125
megabyte1,1350,16,2.052215576171875
megabyte1,1351,16,2.16082763671875
megabyte1,1352,16,1.92987060546875
megabyte1,1353,16,1.881744384765625
megabyte1,1354,16,1.91064453125
megabyte1,1355,16,1.926025390625
megabyte1,1356,16,1.95916748046875
megabyte1,1357,16,2.11712646484375
megabyte1,1358,16,1.82666015625
megabyte1,1359,16,1.98785400390625
megabyte1,1360,16,2.02587890625
megabyte1,1361,16,1.85784912109375
megabyte1,1362,16,1.8765869140625
megabyte1,1363,16,1.83843994140625
megabyte1,1364,16,1.97174072265625
megabyte1,1365,16,1.692230224609375
megabyte1,1366,16,1.97900390625
megabyte1,1367,16,2.09100341796875
megabyte1,1368,16,1.91259765625
megabyte1,1369,16,2.0234375
megabyte1,1370,16,1.841644287109375
megabyte1,1371,16,2.03314208984375
megabyte1,1372,16,1.80303955078125
megabyte1,1373,16,1.770263671875
megabyte1,1374,16,2.11602783203125
megabyte1,1375,16,2.0133056640625
megabyte1,1376,16,2.10888671875
megabyte1,1377,16,1.732208251953125
megabyte1,1378,16,2.120361328125
megabyte1,1379,16,1.724884033203125
megabyte1,1380,16,1.7098388671875
megabyte1,1381,16,1.9798583984375
megabyte1,1382,16,2.0296630859375
megabyte1,1383,16,1.95648193359375
megabyte1,1384,16,2.11541748046875
megabyte1,1385,16,1.89642333984375
megabyte1,1386,16,1.76446533203125
megabyte1,1387,16,2.0552978515625
megabyte1,1388,16,2.131103515625
megabyte1,1389,16,1.87628173828125
megabyte1,1390,16,2.07080078125
megabyte1,1391,16,1.6611328125
megabyte1,1392,16,1.86236572265625
megabyte1,1393,16,2.142822265625
megabyte1,1394,16,2.060546875
megabyte1,1395,16,1.786895751953125
megabyte1,1396,16,1.88336181640625
megabyte1,1397,16,1.95953369140625
megabyte1,1398,16,1.79266357421875
megabyte1,1399,16,2.0535888671875
megabyte1,1400,16,2.201904296875
megabyte1,1401,16,2.03997802734375
megabyte1,1402,16,1.8446044921875
megabyte1,1403,16,1.87615966796875
megabyte1,1404,16,1.83526611328125
megabyte1,1405,16,1.81341552734375
megabyte1,1406,16,1.9400634765625
megabyte1,1407,16,1.97772216796875
megabyte1,1408,16,2.0927734375
megabyte1,1409,16,1.89068603515625
megabyte1,1410,16,1.798095703125
megabyte1,1411,16,1.92547607421875
megabyte1,1412,16,1.8662109375
megabyte1,1413,16,1.819580078125
megabyte1,1414,16,2.015380859375
megabyte1,1415,16,1.92852783203125
megabyte1,1416,16,2.0086669921875
megabyte1,1417,16,1.90032958984375
megabyte1,1418,16,1.90179443359375
megabyte1,1419,16,1.799560546875
megabyte1,1420,16,1.97021484375
megabyte1,1421,16,2.1551513671875
megabyte1,1422,16,1.89544677734375
megabyte1,1423,16,1.9385986328125
megabyte1,1424,16,1.8055419921875
megabyte1,1425,16,1.627655029296875
megabyte1,1426,16,1.943603515625
megabyte1,1427,16,2.140625
megabyte1,1428,16,2.0933837890625
megabyte1,1429,16,2.143310546875
megabyte1,1430,16,1.926513671875
megabyte1,1431,16,1.94671630859375
megabyte1,1432,16,1.9261474609375
megabyte1,1433,16,2.038330078125
megabyte1,1434,16,2.0953369140625
megabyte1,1435,16,1.95916748046875
megabyte1,1436,16,2.00286865234375
megabyte1,1437,16,1.7845458984375
megabyte1,1438,16,1.81317138671875
megabyte1,1439,16,2.0084228515625
megabyte1,1440,16,1.8382568359375
megabyte1,1441,16,1.9371337890625
megabyte1,1442,16,1.751708984375
megabyte1,1443,16,1.949951171875
megabyte1,1444,16,1.9415283203125
megabyte1,1445,16,2.05877685546875
megabyte1,1446,16,1.999755859375
megabyte1,1447,16,1.96063232421875
megabyte1,1448,16,2.3447265625
megabyte1,1449,16,1.88720703125
megabyte1,1450,16,1.83575439453125
megabyte1,1451,16,1.90765380859375
megabyte1,1452,16,1.9989013671875
megabyte1,1453,16,2.02972412109375
megabyte1,1454,16,1.9830322265625
megabyte1,1455,16,1.95745849609375
megabyte1,1456,16,2.09393310546875
megabyte1,1457,16,1.83746337890625
megabyte1,1458,16,2.07373046875
megabyte1,1459,16,1.900390625
megabyte1,1460,16,1.74652099609375
megabyte1,1461,16,1.98455810546875
megabyte1,1462,16,1.931396484375
megabyte1,1463,16,2.04119873046875
megabyte1,1464,16,1.89984130859375
megabyte1,1465,16,1.8304443359375
megabyte1,1466,16,1.82550048828125
megabyte1,1467,16,2.04852294921875
megabyte1,1468,16,1.9056396484375
megabyte1,1469,16,2.0064697265625
megabyte1,1470,16,2.16400146484375
megabyte1,1471,16,1.9351806640625
megabyte1,1472,16,1.877227783203125
megabyte1,1473,16,1.79669189453125
megabyte1,1474,16,1.749359130859375
megabyte1,1475,16,2.12255859375
megabyte1,1476,16,1.929107666015625
megabyte1,1477,16,2.2200927734375
megabyte1,1478,16,1.80767822265625
megabyte1,1479,16,2.08306884765625
megabyte1,1480,16,2.00714111328125
megabyte1,1481,16,2.04974365234375
megabyte1,1482,16,1.817901611328125
megabyte1,1483,16,1.799652099609375
megabyte1,1484,16,2.153564453125
megabyte1,1485,16,1.8321533203125
megabyte1,1486,16,1.930633544921875
megabyte1,1487,16,1.95904541015625
megabyte1,1488,16,1.71417236328125
megabyte1,1489,16,1.86956787109375
megabyte1,1490,16,1.90576171875
megabyte1,1491,16,1.874481201171875
megabyte1,1492,16,2.24462890625
megabyte1,1493,16,1.95159912109375
megabyte1,1494,16,1.894287109375
megabyte1,1495,16,1.88995361328125
megabyte1,1496,16,1.77978515625
megabyte1,1497,16,1.9632568359375
megabyte1,1498,16,1.850494384765625
megabyte1,1499,16,1.9002685546875
megabyte1,1500,16,1.8297882080078125
megabyte1,1501,16,1.75885009765625
megabyte1,1502,16,2.0479736328125
megabyte1,1503,16,1.88525390625
megabyte1,1504,16,2.14617919921875
megabyte1,1505,16,2.015716552734375
megabyte1,1506,16,1.85821533203125
megabyte1,1507,16,2.08990478515625
megabyte1,1508,16,1.9697265625
megabyte1,1509,16,1.890625
megabyte1,1510,16,1.8416748046875
megabyte1,1511,16,1.7229156494140625
megabyte1,1512,16,2.09429931640625
megabyte1,1513,16,1.9755859375
megabyte1,1514,16,1.75128173828125
megabyte1,1515,16,1.94482421875
megabyte1,1516,16,2.06146240234375
megabyte1,1517,16,1.8997802734375
megabyte1,1518,16,1.81085205078125
megabyte1,1519,16,1.745269775390625
megabyte1,1520,16,2.089569091796875
megabyte1,1521,16,1.95269775390625
megabyte1,1522,16,1.72686767578125
megabyte1,1523,16,1.98297119140625
megabyte1,1524,16,1.9144287109375
megabyte1,1525,16,1.95709228515625
megabyte1,1526,16,1.7059326171875
megabyte1,1527,16,1.98101806640625
megabyte1,1528,16,1.8321533203125
megabyte1,1529,16,1.869903564453125
megabyte1,1530,16,1.90728759765625
megabyte1,1531,16,1.871917724609375
megabyte1,1532,16,1.8916015625
megabyte1,1533,16,1.940185546875
megabyte1,1534,16,1.7637786865234375
megabyte1,1535,16,1.96246337890625
megabyte1,1536,16,2.079833984375
megabyte1,1537,16,2.28717041015625
megabyte1,1538,16,1.8966064453125
megabyte1,1539,16,1.9864501953125
megabyte1,1540,16,1.93389892578125
megabyte1,1541,16,1.9921875
megabyte1,1542,16,1.7716064453125
megabyte1,1543,16,2.1719970703125
megabyte1,1544,16,1.68731689453125
megabyte1,1545,16,1.9947509765625
megabyte1,1546,16,1.7900390625
megabyte1,1547,16,1.6904296875
megabyte1,1548,16,1.90826416015625
megabyte1,1549,16,1.8055419921875
megabyte1,1550,16,1.89288330078125
megabyte1,1551,16,2.18487548828125
megabyte1,1552,16,1.84332275390625
megabyte1,1553,16,1.77276611328125
megabyte1,1554,16,2.1044921875
megabyte1,1555,16,1.8544921875
megabyte1,1556,16,1.97308349609375
megabyte1,1557,16,1.90509033203125
megabyte1,1558,16,1.835784912109375
megabyte1,1559,16,1.87738037109375
megabyte1,1560,16,2.16900634765625
megabyte1,1561,16,2.18603515625
megabyte1,1562,16,2.07550048828125
megabyte1,1563,16,2.201904296875
megabyte1,1564,16,1.85205078125
megabyte1,1565,16,2.0172119140625
megabyte1,1566,16,1.83331298828125
megabyte1,1567,16,1.94036865234375
megabyte1,1568,16,2.00921630859375
megabyte1,1569,16,1.81365966796875
megabyte1,1570,16,1.8048095703125
megabyte1,1571,16,1.94769287109375
megabyte1,1572,16,1.91607666015625
megabyte1,1573,16,2.00482177734375
megabyte1,1574,16,1.95458984375
megabyte1,1575,16,1.98016357421875
megabyte1,1576,16,1.77264404296875
megabyte1,1577,16,1.94219970703125
megabyte1,1578,16,1.993896484375
megabyte1,1579,16,2.0614013671875
megabyte1,1580,16,1.98980712890625
megabyte1,1581,16,1.7752685546875
megabyte1,1582,16,1.92584228515625
megabyte1,1583,16,1.810302734375
megabyte1,1584,16,1.83380126953125
megabyte1,1585,16,1.653656005859375
megabyte1,1586,16,1.815185546875
megabyte1,1587,16,2.1485595703125
megabyte1,1588,16,1.83447265625
megabyte1,1589,16,1.8057327270507812
megabyte1,1590,16,1.78546142578125
megabyte1,1591,16,1.92437744140625
megabyte1,1592,16,2.19305419921875
megabyte1,1593,16,1.99322509765625
megabyte1,1594,16,1.7027740478515625
megabyte1,1595,16,1.8045654296875
megabyte1,1596,16,2.0426025390625
megabyte1,1597,16,2.01025390625
megabyte1,1598,16,2.17242431640625
megabyte1,1599,16,1.820556640625
megabyte1,1600,16,2.03076171875
megabyte1,1601,16,2.08392333984375
megabyte1,1602,16,1.95556640625
megabyte1,1603,16,1.9588623046875
megabyte1,1604,16,2.102783203125
megabyte1,1605,16,2.09027099609375
megabyte1,1606,16,1.97918701171875
megabyte1,1607,16,1.8935546875
megabyte1,1608,16,1.80908203125
megabyte1,1609,16,1.953125
megabyte1,1610,16,1.919189453125
megabyte1,1611,16,1.74188232421875
megabyte1,1612,16,2.11358642578125
megabyte1,1613,16,1.795867919921875
megabyte1,1614,16,1.99560546875
megabyte1,1615,16,1.9587554931640625
megabyte1,1616,16,1.7808990478515625
megabyte1,1617,16,1.9786376953125
megabyte1,1618,16,1.96307373046875
megabyte1,1619,16,1.83148193359375
megabyte1,1620,16,1.87213134765625
megabyte1,1621,16,1.88751220703125
megabyte1,1622,16,1.96588134765625
megabyte1,1623,16,1.8944091796875
megabyte1,1624,16,1.99407958984375
megabyte1,1625,16,1.964111328125
megabyte1,1626,16,2.012115478515625
megabyte1,1627,16,1.7322845458984375
megabyte1,1628,16,2.41571044921875
megabyte1,1629,16,1.842529296875
megabyte1,1630,16,1.9376220703125
megabyte1,1631,16,1.93133544921875
megabyte1,1632,16,1.955810546875
megabyte1,1633,16,1.91156005859375
megabyte1,1634,16,1.9700927734375
megabyte1,1635,16,2.07635498046875
megabyte1,1636,16,1.83953857421875
megabyte1,1637,16,1.82720947265625
megabyte1,1638,16,1.7611083984375
megabyte1,1639,16,2.16192626953125
megabyte1,1640,16,1.81488037109375
megabyte1,1641,16,2.010498046875
megabyte1,1642,16,1.70465087890625
megabyte1,1643,16,1.95733642578125
megabyte1,1644,16,1.904144287109375
megabyte1,1645,16,1.8983154296875
megabyte1,1646,16,1.8646240234375
megabyte1,1647,16,2.118896484375
megabyte1,1648,16,1.88482666015625
megabyte1,1649,16,1.77880859375
megabyte1,1650,16,2.03802490234375
megabyte1,1651,16,1.93780517578125
megabyte1,1652,16,2.04132080078125
megabyte1,1653,16,2.012969970703125
megabyte1,1654,16,1.92547607421875
megabyte1,1655,16,1.91766357421875
megabyte1,1656,16,1.666259765625
megabyte1,1657,16,1.956298828125
megabyte1,1658,16,1.92559814453125
megabyte1,1659,16,2.103271484375
megabyte1,1660,16,1.8896484375
megabyte1,1661,16,2.03143310546875
megabyte1,1662,16,1.83697509765625
megabyte1,1663,16,2.03753662109375
megabyte1,1664,16,1.81964111328125
megabyte1,1665,16,1.7528076171875
megabyte1,1666,16,1.89715576171875
megabyte1,1667,16,2.09307861328125
megabyte1,1668,16,1.86248779296875
megabyte1,1669,16,2.02880859375
megabyte1,1670,16,2.10894775390625
megabyte1,1671,16,1.984619140625
megabyte1,1672,16,1.7711181640625
megabyte1,1673,16,1.86785888671875
megabyte1,1674,16,1.94659423828125
megabyte1,1675,16,1.88519287109375
megabyte1,1676,16,2.03009033203125
megabyte1,1677,16,1.76129150390625
megabyte1,1678,16,2.00006103515625
megabyte1,1679,16,1.8770751953125
megabyte1,1680,16,2.03759765625
megabyte1,1681,16,2.05194091796875
megabyte1,1682,16,1.96783447265625
megabyte1,1683,16,2.01806640625
megabyte1,1684,16,1.9061279296875
megabyte1,1685,16,2.12896728515625
megabyte1,1686,16,1.914947509765625
megabyte1,1687,16,1.838623046875
megabyte1,1688,16,1.857635498046875
megabyte1,1689,16,2.17889404296875
megabyte1,1690,16,2.0518798828125
megabyte1,1691,16,1.9720458984375
megabyte1,1692,16,1.8443603515625
megabyte1,1693,16,1.9728851318359375
megabyte1,1694,16,1.901397705078125
megabyte1,1695,16,1.9346923828125
megabyte1,1696,16,1.789794921875
megabyte1,1697,16,1.9744873046875
megabyte1,1698,16,1.92535400390625
megabyte1,1699,16,1.847412109375
megabyte1,1700,16,1.98089599609375
megabyte1,1701,16,2.09503173828125
megabyte1,1702,16,1.80181884765625
megabyte1,1703,16,1.751058578491211
megabyte1,1704,16,2.038330078125
megabyte1,1705,16,2.0291748046875
megabyte1,1706,16,2.1610107421875
megabyte1,1707,16,1.957794189453125
megabyte1,1708,16,2.4344482421875
megabyte1,1709,16,1.86041259765625
megabyte1,1710,16,1.9971923828125
megabyte1,1711,16,1.9981689453125
megabyte1,1712,16,1.9315185546875
megabyte1,1713,16,1.9169921875
megabyte1,1714,16,2.10235595703125
megabyte1,1715,16,2.00946044921875
megabyte1,1716,16,1.7708740234375
megabyte1,1717,16,1.94488525390625
megabyte1,1718,16,1.98321533203125
megabyte1,1719,16,2.0653076171875
megabyte1,1720,16,1.80108642578125
megabyte1,1721,16,1.88763427734375
megabyte1,1722,16,1.9405517578125
megabyte1,1723,16,1.83935546875
megabyte1,1724,16,1.99847412109375
megabyte1,1725,16,2.03704833984375
megabyte1,1726,16,1.89349365234375
megabyte1,1727,16,1.89764404296875
megabyte1,1728,16,1.689697265625
megabyte1,1729,16,1.97344970703125
megabyte1,1730,16,1.9044189453125
megabyte1,1731,16,1.97906494140625
megabyte1,1732,16,1.68865966796875
megabyte1,1733,16,1.98876953125
megabyte1,1734,16,1.72088623046875
megabyte1,1735,16,1.965576171875
megabyte1,1736,16,2.03765869140625
megabyte1,1737,16,2.0009765625
megabyte1,1738,16,1.79266357421875
megabyte1,1739,16,2.05780029296875
megabyte1,1740,16,2.1973876953125
megabyte1,1741,16,1.77618408203125
megabyte1,1742,16,2.06884765625
megabyte1,1743,16,1.99285888671875
megabyte1,1744,16,1.893798828125
megabyte1,1745,16,2.00653076171875
megabyte1,1746,16,1.87701416015625
megabyte1,1747,16,1.97454833984375
megabyte1,1748,16,1.77532958984375
megabyte1,1749,16,1.84417724609375
megabyte1,1750,16,1.8995361328125
megabyte1,1751,16,1.7570571899414062
megabyte1,1752,16,1.9031524658203125
megabyte1,1753,16,1.6997451782226562
megabyte1,1754,16,1.79425048828125
megabyte1,1755,16,1.797637939453125
megabyte1,1756,16,1.895477294921875
megabyte1,1757,16,1.93310546875
megabyte1,1758,16,2.086700439453125
megabyte1,1759,16,2.13507080078125
megabyte1,1760,16,1.8837890625
megabyte1,1761,16,1.9359130859375
megabyte1,1762,16,1.78857421875
megabyte1,1763,16,1.955322265625
megabyte1,1764,16,1.90875244140625
megabyte1,1765,16,1.87139892578125
megabyte1,1766,16,1.98590087890625
megabyte1,1767,16,1.7315673828125
megabyte1,1768,16,1.936279296875
megabyte1,1769,16,2.074951171875
megabyte1,1770,16,1.77191162109375
megabyte1,1771,16,1.72857666015625
megabyte1,1772,16,1.854736328125
megabyte1,1773,16,1.84869384765625
megabyte1,1774,16,1.95843505859375
megabyte1,1775,16,1.904052734375
megabyte1,1776,16,1.7447166442871094
megabyte1,1777,16,1.9556045532226562
megabyte1,1778,16,1.84661865234375
megabyte1,1779,16,1.8524169921875
megabyte1,1780,16,1.718505859375
megabyte1,1781,16,2.0321044921875
megabyte1,1782,16,2.01971435546875
megabyte1,1783,16,1.89581298828125
megabyte1,1784,16,2.0629425048828125
megabyte1,1785,16,1.852783203125
megabyte1,1786,16,2.0919189453125
megabyte1,1787,16,1.85302734375
megabyte1,1788,16,1.764251708984375
megabyte1,1789,16,2.2201995849609375
megabyte1,1790,16,2.1688232421875
megabyte1,1791,16,2.02532958984375
megabyte1,1792,16,1.84283447265625
megabyte1,1793,16,1.922607421875
megabyte1,1794,16,1.5904541015625
megabyte1,1795,16,1.968017578125
megabyte1,1796,16,1.86004638671875
megabyte1,1797,16,1.969482421875
megabyte1,1798,16,2.1640625
megabyte1,1799,16,1.74737548828125
megabyte1,1800,16,1.8046875
megabyte1,1801,16,1.8709716796875
megabyte1,1802,16,1.8963623046875
megabyte1,1803,16,1.9649658203125
megabyte1,1804,16,1.971771240234375
megabyte1,1805,16,2.00067138671875
megabyte1,1806,16,1.826171875
megabyte1,1807,16,2.0906982421875
megabyte1,1808,16,1.69342041015625
megabyte1,1809,16,1.95361328125
megabyte1,1810,16,2.11407470703125
megabyte1,1811,16,2.02227783203125
megabyte1,1812,16,1.7122802734375
megabyte1,1813,16,1.87554931640625
megabyte1,1814,16,1.84576416015625
megabyte1,1815,16,1.86553955078125
megabyte1,1816,16,1.9052352905273438
megabyte1,1817,16,1.93487548828125
megabyte1,1818,16,1.750762939453125
megabyte1,1819,16,1.74420166015625
megabyte1,1820,16,1.99871826171875
megabyte1,1821,16,1.94915771484375
megabyte1,1822,16,2.048095703125
megabyte1,1823,16,1.989013671875
megabyte1,1824,16,1.73065185546875
megabyte1,1825,16,1.88299560546875
megabyte1,1826,16,1.73663330078125
megabyte1,1827,16,1.86822509765625
megabyte1,1828,16,2.13043212890625
megabyte1,1829,16,2.04296875
megabyte1,1830,16,1.791015625
megabyte1,1831,16,1.99169921875
megabyte1,1832,16,2.19781494140625
megabyte1,1833,16,1.98870849609375
megabyte1,1834,16,1.99847412109375
megabyte1,1835,16,1.81854248046875
megabyte1,1836,16,2.10638427734375
megabyte1,1837,16,1.7919921875
megabyte1,1838,16,1.988525390625
megabyte1,1839,16,1.6851806640625
megabyte1,1840,16,2.0374755859375
megabyte1,1841,16,1.8858642578125
megabyte1,1842,16,1.985595703125
megabyte1,1843,16,1.778839111328125
megabyte1,1844,16,1.83660888671875
megabyte1,1845,16,1.79913330078125
megabyte1,1846,16,2.019287109375
megabyte1,1847,16,1.8472900390625
megabyte1,1848,16,1.7291259765625
megabyte1,1849,16,1.9652099609375
megabyte1,1850,16,1.8614501953125
megabyte1,1851,16,1.96600341796875
megabyte1,1852,16,1.86260986328125
megabyte1,1853,16,1.87078857421875
megabyte1,1854,16,1.95330810546875
megabyte1,1855,16,1.8023681640625
megabyte1,1856,16,1.93756103515625
megabyte1,1857,16,2.01312255859375
megabyte1,1858,16,2.07794189453125
megabyte1,1859,16,2.00933837890625
megabyte1,1860,16,2.0218505859375
megabyte1,1861,16,2.013671875
megabyte1,1862,16,1.8486328125
megabyte1,1863,16,1.78350830078125
megabyte1,1864,16,2.08135986328125
megabyte1,1865,16,2.0625
megabyte1,1866,16,2.19696044921875
megabyte1,1867,16,1.9302978515625
megabyte1,1868,16,1.928466796875
megabyte1,1869,16,2.23065185546875
megabyte1,1870,16,1.8446044921875
megabyte1,1871,16,2.07958984375
megabyte1,1872,16,1.6910400390625
megabyte1,1873,16,2.0462646484375
megabyte1,1874,16,2.02423095703125
megabyte1,1875,16,1.9365234375
megabyte1,1876,16,2.0179443359375
megabyte1,1877,16,1.93768310546875
megabyte1,1878,16,1.90997314453125
megabyte1,1879,16,1.8990478515625
megabyte1,1880,16,1.8355712890625
megabyte1,1881,16,1.87060546875
megabyte1,1882,16,2.04071044921875
megabyte1,1883,16,1.9949951171875
megabyte1,1884,16,1.91668701171875
megabyte1,1885,16,1.909912109375
megabyte1,1886,16,2.1317138671875
megabyte1,1887,16,2.02703857421875
megabyte1,1888,16,1.995880126953125
megabyte1,1889,16,1.8489990234375
megabyte1,1890,16,1.83538818359375
megabyte1,1891,16,1.930908203125
megabyte1,1892,16,1.6627197265625
megabyte1,1893,16,1.864013671875
megabyte1,1894,16,2.0545654296875
megabyte1,1895,16,2.11407470703125
megabyte1,1896,16,2.16143798828125
megabyte1,1897,16,1.9102783203125
megabyte1,1898,16,1.87750244140625
megabyte1,1899,16,2.0
megabyte1,1900,16,1.98602294921875
megabyte1,1901,16,1.9090576171875
megabyte1,1902,16,1.88555908203125
megabyte1,1903,16,1.83148193359375
megabyte1,1904,16,2.00592041015625
megabyte1,1905,16,2.13623046875
megabyte1,1906,16,1.84759521484375
megabyte1,1907,16,1.91455078125
megabyte1,1908,16,1.9820556640625
megabyte1,1909,16,1.90264892578125
megabyte1,1910,16,1.75457763671875
megabyte1,1911,16,1.850067138671875
megabyte1,1912,16,2.03717041015625
megabyte1,1913,16,1.92437744140625
megabyte1,1914,16,1.8660888671875
megabyte1,1915,16,1.926300048828125
megabyte1,1916,16,2.0814208984375
megabyte1,1917,16,2.0498046875
megabyte1,1918,16,1.8145751953125
megabyte1,1919,16,1.80780029296875
megabyte1,1920,16,2.02923583984375
megabyte1,1921,16,2.07354736328125
megabyte1,1922,16,1.930267333984375
megabyte1,1923,16,1.99407958984375
megabyte1,1924,16,1.99755859375
megabyte1,1925,16,1.89324951171875
megabyte1,1926,16,1.793212890625
megabyte1,1927,16,2.04254150390625
megabyte1,1928,16,1.85711669921875
megabyte1,1929,16,2.07171630859375
megabyte1,1930,16,1.98455810546875
megabyte1,1931,16,1.80169677734375
megabyte1,1932,16,1.94482421875
megabyte1,1933,16,1.99102783203125
megabyte1,1934,16,1.8626708984375
megabyte1,1935,16,1.9898681640625
megabyte1,1936,16,2.0552978515625
megabyte1,1937,16,1.98431396484375
megabyte1,1938,16,1.90142822265625
megabyte1,1939,16,1.91845703125
megabyte1,1940,16,1.9884033203125
megabyte1,1941,16,1.86419677734375
megabyte1,1942,16,1.85540771484375
megabyte1,1943,16,2.07696533203125
megabyte1,1944,16,1.94586181640625
megabyte1,1945,16,2.12432861328125
megabyte1,1946,16,2.09576416015625
megabyte1,1947,16,1.89703369140625
megabyte1,1948,16,2.04071044921875
megabyte1,1949,16,2.05987548828125
megabyte1,1950,16,1.93017578125
megabyte1,1951,16,1.8187255859375
megabyte1,1952,16,1.910888671875
megabyte1,1953,16,1.84857177734375
megabyte1,1954,16,2.16363525390625
megabyte1,1955,16,1.872802734375
megabyte1,1956,16,2.00177001953125
megabyte1,1957,16,1.6905517578125
megabyte1,1958,16,1.89825439453125
megabyte1,1959,16,1.94805908203125
megabyte1,1960,16,2.041015625
megabyte1,1961,16,1.9249267578125
megabyte1,1962,16,1.93658447265625
megabyte1,1963,16,1.85650634765625
megabyte1,1964,16,1.7728271484375
megabyte1,1965,16,2.02642822265625
megabyte1,1966,16,1.748291015625
megabyte1,1967,16,1.93084716796875
megabyte1,1968,16,1.95147705078125
megabyte1,1969,16,2.019775390625
megabyte1,1970,16,2.05792236328125
megabyte1,1971,16,1.89642333984375
megabyte1,1972,16,2.03240966796875
megabyte1,1973,16,1.97723388671875
megabyte1,1974,16,1.886474609375
megabyte1,1975,16,1.70904541015625
megabyte1,1976,16,1.89605712890625
megabyte1,1977,16,2.1134033203125
megabyte1,1978,16,1.82354736328125
megabyte1,1979,16,1.9342041015625
megabyte1,1980,16,1.8095703125
megabyte1,1981,16,1.642425537109375
megabyte1,1982,16,1.93255615234375
megabyte1,1983,16,1.84417724609375
megabyte1,1984,16,2.004150390625
megabyte1,1985,16,1.83416748046875
megabyte1,1986,16,1.99578857421875
megabyte1,1987,16,2.10174560546875
megabyte1,1988,16,1.78851318359375
megabyte1,1989,16,2.12835693359375
megabyte1,1990,16,1.95294189453125
megabyte1,1991,16,1.88250732421875
megabyte1,1992,16,2.092529296875
megabyte1,1993,16,1.8126220703125
megabyte1,1994,16,1.93756103515625
megabyte1,1995,16,1.83026123046875
megabyte1,1996,16,2.116455078125
megabyte1,1997,16,1.8411865234375
megabyte1,1998,16,1.831329345703125
megabyte1,1999,16,2.069580078125
megabyte1,2000,16,1.86602783203125
megabyte1,2001,16,1.81005859375
megabyte1,2002,16,1.959716796875
megabyte1,2003,16,2.0413818359375
megabyte1,2004,16,1.8216552734375
megabyte1,2005,16,1.9345703125
megabyte1,2006,16,2.1058349609375
megabyte1,2007,16,1.94512939453125
megabyte1,2008,16,1.92938232421875
megabyte1,2009,16,1.8543701171875
megabyte1,2010,16,2.16497802734375
megabyte1,2011,16,1.81744384765625
megabyte1,2012,16,1.9459228515625
megabyte1,2013,16,1.92474365234375
megabyte1,2014,16,2.02789306640625
megabyte1,2015,16,1.9888916015625
megabyte1,2016,16,1.83929443359375
megabyte1,2017,16,1.82745361328125
megabyte1,2018,16,1.986328125
megabyte1,2019,16,1.82684326171875
megabyte1,2020,16,2.00115966796875
megabyte1,2021,16,2.0130615234375
megabyte1,2022,16,1.8837890625
megabyte1,2023,16,1.902587890625
megabyte1,2024,16,2.10369873046875
megabyte1,2025,16,2.07562255859375
megabyte1,2026,16,1.97906494140625
megabyte1,2027,16,1.92626953125
megabyte1,2028,16,1.91094970703125
megabyte1,2029,16,1.942138671875
megabyte1,2030,16,1.90472412109375
megabyte1,2031,16,1.9351806640625
megabyte1,2032,16,1.9124755859375
megabyte1,2033,16,1.96258544921875
megabyte1,2034,16,1.82196044921875
megabyte1,2035,16,1.95758056640625
megabyte1,2036,16,1.8909912109375
megabyte1,2037,16,1.9434814453125
megabyte1,2038,16,1.7744140625
megabyte1,2039,16,1.9495849609375
megabyte1,2040,16,1.830474853515625
megabyte1,2041,16,1.9464111328125
megabyte1,2042,16,1.7588043212890625
megabyte1,2043,16,2.0911865234375
megabyte1,2044,16,1.8216552734375
megabyte1,2045,16,1.9615478515625
megabyte1,2046,16,1.91156005859375
megabyte1,2047,16,1.86199951171875
megabyte1,2048,16,1.98785400390625
megabyte1,2049,16,1.8331298828125
megabyte1,2050,16,1.79400634765625
megabyte1,2051,16,2.12042236328125
megabyte1,2052,16,1.8375244140625
megabyte1,2053,16,1.84613037109375
megabyte1,2054,16,2.0565185546875
megabyte1,2055,16,1.885650634765625
megabyte1,2056,16,2.019134521484375
megabyte1,2057,16,1.76043701171875
megabyte1,2058,16,1.917724609375
megabyte1,2059,16,2.1434326171875
megabyte1,2060,16,1.852569580078125
megabyte1,2061,16,1.7841796875
megabyte1,2062,16,1.87542724609375
megabyte1,2063,16,1.88623046875
megabyte1,2064,16,1.98809814453125
megabyte1,2065,16,1.961181640625
megabyte1,2066,16,1.72119140625
megabyte1,2067,16,1.8831787109375
megabyte1,2068,16,1.914886474609375
megabyte1,2069,16,1.88623046875
megabyte1,2070,16,1.92431640625
megabyte1,2071,16,1.9537353515625
megabyte1,2072,16,1.9827880859375
megabyte1,2073,16,2.07342529296875
megabyte1,2074,16,1.802978515625
megabyte1,2075,16,1.76214599609375
megabyte1,2076,16,1.921875
megabyte1,2077,16,1.9488525390625
megabyte1,2078,16,1.95318603515625
megabyte1,2079,16,1.90887451171875
megabyte1,2080,16,1.8338623046875
megabyte1,2081,16,2.01763916015625
megabyte1,2082,16,2.02154541015625
megabyte1,2083,16,1.97808837890625
megabyte1,2084,16,2.00537109375
megabyte1,2085,16,1.9932861328125
megabyte1,2086,16,1.90777587890625
megabyte1,2087,16,2.132568359375
megabyte1,2088,16,2.10833740234375
megabyte1,2089,16,2.1497802734375
megabyte1,2090,16,2.09619140625
megabyte1,2091,16,1.96539306640625
megabyte1,2092,16,1.83160400390625
megabyte1,2093,16,1.84722900390625
megabyte1,2094,16,1.79559326171875
megabyte1,2095,16,1.92193603515625
megabyte1,2096,16,2.20452880859375
megabyte1,2097,16,1.92242431640625
megabyte1,2098,16,1.97125244140625
megabyte1,2099,16,1.8846435546875
megabyte1,2100,16,1.97308349609375
megabyte1,2101,16,2.06170654296875
megabyte1,2102,16,1.91717529296875
megabyte1,2103,16,2.017578125
megabyte1,2104,16,2.04632568359375
megabyte1,2105,16,1.91314697265625
megabyte1,2106,16,1.97760009765625
megabyte1,2107,16,1.762542724609375
megabyte1,2108,16,2.13800048828125
megabyte1,2109,16,1.9666748046875
megabyte1,2110,16,1.95269775390625
megabyte1,2111,16,1.986328125
megabyte1,2112,16,1.90155029296875
megabyte1,2113,16,2.155517578125
megabyte1,2114,16,1.9549560546875
megabyte1,2115,16,1.8375244140625
megabyte1,2116,16,1.94207763671875
megabyte1,2117,16,1.8419189453125
megabyte1,2118,16,1.763427734375
megabyte1,2119,16,1.93170166015625
megabyte1,2120,16,2.1331787109375
megabyte1,2121,16,1.9481201171875
megabyte1,2122,16,1.779296875
megabyte1,2123,16,1.9031982421875
megabyte1,2124,16,1.91290283203125
megabyte1,2125,16,2.02288818359375
megabyte1,2126,16,1.93463134765625
megabyte1,2127,16,1.90252685546875
megabyte1,2128,16,1.84527587890625
megabyte1,2129,16,1.8050537109375
megabyte1,2130,16,2.13128662109375
megabyte1,2131,16,1.9901123046875
megabyte1,2132,16,2.01116943359375
megabyte1,2133,16,1.92120361328125
megabyte1,2134,16,1.88885498046875
megabyte1,2135,16,1.94854736328125
megabyte1,2136,16,1.98504638671875
megabyte1,2137,16,1.93145751953125
megabyte1,2138,16,1.8751220703125
megabyte1,2139,16,1.9638671875
megabyte1,2140,16,1.88629150390625
megabyte1,2141,16,2.0074462890625
megabyte1,2142,16,1.87139892578125
megabyte1,2143,16,2.068359375
megabyte1,2144,16,1.79779052734375
megabyte1,2145,16,1.728271484375
megabyte1,2146,16,1.9901123046875
megabyte1,2147,16,1.94427490234375
megabyte1,2148,16,2.01617431640625
megabyte1,2149,16,1.977813720703125
megabyte1,2150,16,1.699462890625
megabyte1,2151,16,1.7193603515625
megabyte1,2152,16,1.9549560546875
megabyte1,2153,16,2.1136474609375
megabyte1,2154,16,1.98052978515625
megabyte1,2155,16,1.56427001953125
megabyte1,2156,16,1.82952880859375
megabyte1,2157,16,2.00445556640625
megabyte1,2158,16,1.955657958984375
megabyte1,2159,16,1.75225830078125
megabyte1,2160,16,1.9356689453125
megabyte1,2161,16,1.764892578125
megabyte1,2162,16,1.9510498046875
megabyte1,2163,16,2.08831787109375
megabyte1,2164,16,2.27044677734375
megabyte1,2165,16,1.72015380859375
megabyte1,2166,16,2.05316162109375
megabyte1,2167,16,1.777252197265625
megabyte1,2168,16,1.786865234375
megabyte1,2169,16,1.96624755859375
megabyte1,2170,16,1.93017578125
megabyte1,2171,16,1.90087890625
megabyte1,2172,16,2.02081298828125
megabyte1,2173,16,2.02880859375
megabyte1,2174,16,1.91448974609375
megabyte1,2175,16,1.764068603515625
megabyte1,2176,16,1.72283935546875
megabyte1,2177,16,1.88006591796875
megabyte1,2178,16,2.014404296875
megabyte1,2179,16,1.81103515625
megabyte1,2180,16,1.74853515625
megabyte1,2181,16,1.79254150390625
megabyte1,2182,16,1.89178466796875
megabyte1,2183,16,2.16558837890625
megabyte1,2184,16,1.91522216796875
megabyte1,2185,16,1.95684814453125
megabyte1,2186,16,1.980224609375
megabyte1,2187,16,1.85015869140625
megabyte1,2188,16,1.983154296875
megabyte1,2189,16,1.95062255859375
megabyte1,2190,16,1.75079345703125
megabyte1,2191,16,2.038818359375
megabyte1,2192,16,2.055450439453125
megabyte1,2193,16,1.99072265625
megabyte1,2194,16,1.83544921875
megabyte1,2195,16,1.7899169921875
megabyte1,2196,16,1.937744140625
megabyte1,2197,16,1.9036865234375
megabyte1,2198,16,2.00067138671875
megabyte1,2199,16,1.98846435546875
megabyte1,2200,16,1.81365966796875
megabyte1,2201,16,2.00189208984375
megabyte1,2202,16,1.98394775390625
megabyte1,2203,16,1.91497802734375
megabyte1,2204,16,1.99365234375
megabyte1,2205,16,1.9134521484375
megabyte1,2206,16,2.09619140625
megabyte1,2207,16,1.8372802734375
megabyte1,2208,16,1.95550537109375
megabyte1,2209,16,1.8887939453125
megabyte1,2210,16,1.9356689453125
megabyte1,2211,16,1.84539794921875
megabyte1,2212,16,1.85498046875
megabyte1,2213,16,2.06158447265625
megabyte1,2214,16,2.012939453125
megabyte1,2215,16,1.9454345703125
megabyte1,2216,16,1.8369140625
megabyte1,2217,16,2.0267333984375
megabyte1,2218,16,2.2403564453125
megabyte1,2219,16,2.0177001953125
megabyte1,2220,16,1.89910888671875
megabyte1,2221,16,1.87493896484375
megabyte1,2222,16,1.93914794921875
megabyte1,2223,16,1.90142822265625
megabyte1,2224,16,1.96063232421875
megabyte1,2225,16,1.6844482421875
megabyte1,2226,16,1.66961669921875
megabyte1,2227,16,2.026611328125
megabyte1,2228,16,1.8951416015625
megabyte1,2229,16,1.852294921875
megabyte1,2230,16,2.06976318359375
megabyte1,2231,16,1.7506103515625
megabyte1,2232,16,2.0283203125
megabyte1,2233,16,1.90740966796875
megabyte1,2234,16,1.927001953125
megabyte1,2235,16,1.96868896484375
megabyte1,2236,16,1.828369140625
megabyte1,2237,16,1.90618896484375
megabyte1,2238,16,1.81097412109375
megabyte1,2239,16,1.7220458984375
megabyte1,2240,16,1.868408203125
megabyte1,2241,16,1.95684814453125
megabyte1,2242,16,1.92913818359375
megabyte1,2243,16,2.2606201171875
megabyte1,2244,16,2.11932373046875
megabyte1,2245,16,1.851806640625
megabyte1,2246,16,1.96148681640625
megabyte1,2247,16,1.885498046875
megabyte1,2248,16,1.99920654296875
megabyte1,2249,16,1.893798828125
megabyte1,2250,16,1.91876220703125
megabyte1,2251,16,1.90972900390625
megabyte1,2252,16,2.01422119140625
megabyte1,2253,16,1.6956787109375
megabyte1,2254,16,1.84100341796875
megabyte1,2255,16,1.95556640625
megabyte1,2256,16,2.02197265625
megabyte1,2257,16,1.991943359375
megabyte1,2258,16,1.9498291015625
megabyte1,2259,16,1.81591796875
megabyte1,2260,16,1.8885498046875
megabyte1,2261,16,1.84027099609375
megabyte1,2262,16,1.97802734375
megabyte1,2263,16,1.78125
megabyte1,2264,16,1.8240966796875
megabyte1,2265,16,2.001708984375
megabyte1,2266,16,1.98828125
megabyte1,2267,16,1.95989990234375
megabyte1,2268,16,1.8704833984375
megabyte1,2269,16,1.70880126953125
megabyte1,2270,16,2.14605712890625
megabyte1,2271,16,1.8619384765625
megabyte1,2272,16,2.11590576171875
megabyte1,2273,16,1.89715576171875
megabyte1,2274,16,1.7960205078125
megabyte1,2275,16,1.88665771484375
megabyte1,2276,16,2.1024169921875
megabyte1,2277,16,1.95477294921875
megabyte1,2278,16,1.8812255859375
megabyte1,2279,16,1.84722900390625
megabyte1,2280,16,1.87274169921875
megabyte1,2281,16,1.693817138671875
megabyte1,2282,16,1.7957763671875
megabyte1,2283,16,1.87481689453125
megabyte1,2284,16,2.13812255859375
megabyte1,2285,16,1.89013671875
megabyte1,2286,16,1.88238525390625
megabyte1,2287,16,1.86785888671875
megabyte1,2288,16,1.9827880859375
megabyte1,2289,16,1.7457275390625
megabyte1,2290,16,1.78900146484375
megabyte1,2291,16,2.08807373046875
megabyte1,2292,16,1.922607421875
megabyte1,2293,16,2.08038330078125
megabyte1,2294,16,1.99237060546875
megabyte1,2295,16,2.1883544921875
megabyte1,2296,16,1.9481201171875
megabyte1,2297,16,1.9007568359375
megabyte1,2298,16,1.78070068359375
megabyte1,2299,16,2.0943603515625
megabyte1,2300,16,2.0513916015625
megabyte1,2301,16,1.9071044921875
megabyte1,2302,16,1.87078857421875
megabyte1,2303,16,1.91650390625
megabyte1,2304,16,1.9837646484375
megabyte1,2305,16,1.90069580078125
megabyte1,2306,16,1.881561279296875
megabyte1,2307,16,2.0299072265625
megabyte1,2308,16,1.91705322265625
megabyte1,2309,16,2.05340576171875
megabyte1,2310,16,1.73846435546875
megabyte1,2311,16,1.83245849609375
megabyte1,2312,16,2.06298828125
megabyte1,2313,16,1.73297119140625
megabyte1,2314,16,2.10772705078125
megabyte1,2315,16,2.016571044921875
megabyte1,2316,16,1.955078125
megabyte1,2317,16,2.12127685546875
megabyte1,2318,16,1.80023193359375
megabyte1,2319,16,1.84503173828125
megabyte1,2320,16,2.17572021484375
megabyte1,2321,16,1.954345703125
megabyte1,2322,16,1.9111328125
megabyte1,2323,16,1.8575439453125
megabyte1,2324,16,1.77117919921875
megabyte1,2325,16,1.7281494140625
megabyte1,2326,16,1.836181640625
megabyte1,2327,16,2.1041259765625
megabyte1,2328,16,2.1407470703125
megabyte1,2329,16,1.93707275390625
megabyte1,2330,16,1.86279296875
megabyte1,2331,16,1.812255859375
megabyte1,2332,16,1.94293212890625
megabyte1,2333,16,2.060302734375
megabyte1,2334,16,1.897216796875
megabyte1,2335,16,2.0767822265625
megabyte1,2336,16,1.96875
megabyte1,2337,16,2.04986572265625
megabyte1,2338,16,1.84747314453125
megabyte1,2339,16,2.22479248046875
megabyte1,2340,16,1.85906982421875
megabyte1,2341,16,1.89892578125
megabyte1,2342,16,1.9735107421875
megabyte1,2343,16,1.84918212890625
megabyte1,2344,16,2.01348876953125
megabyte1,2345,16,2.12908935546875
megabyte1,2346,16,1.9200439453125
megabyte1,2347,16,2.05133056640625
megabyte1,2348,16,1.76617431640625
megabyte1,2349,16,2.06475830078125
megabyte1,2350,16,2.036376953125
megabyte1,2351,16,1.8929443359375
megabyte1,2352,16,1.8924560546875
megabyte1,2353,16,2.03466796875
megabyte1,2354,16,1.8555908203125
megabyte1,2355,16,1.70086669921875
megabyte1,2356,16,1.85382080078125
megabyte1,2357,16,1.92926025390625
megabyte1,2358,16,1.99249267578125
megabyte1,2359,16,2.146484375
megabyte1,2360,16,1.98065185546875
megabyte1,2361,16,1.93817138671875
megabyte1,2362,16,1.81134033203125
megabyte1,2363,16,1.8974609375
megabyte1,2364,16,1.79595947265625
megabyte1,2365,16,1.947906494140625
megabyte1,2366,16,1.958953857421875
megabyte1,2367,16,2.02978515625
megabyte1,2368,16,2.12353515625
megabyte1,2369,16,1.84228515625
megabyte1,2370,16,1.919036865234375
megabyte1,2371,16,1.970947265625
megabyte1,2372,16,1.87139892578125
megabyte1,2373,16,1.923614501953125
megabyte1,2374,16,1.9566650390625
megabyte1,2375,16,1.7496337890625
megabyte1,2376,16,1.8729248046875
megabyte1,2377,16,1.80987548828125
megabyte1,2378,16,1.8477783203125
megabyte1,2379,16,1.96380615234375
megabyte1,2380,16,1.87908935546875
megabyte1,2381,16,1.7703857421875
megabyte1,2382,16,2.08099365234375
megabyte1,2383,16,1.88214111328125
megabyte1,2384,16,2.0484619140625
megabyte1,2385,16,1.771759033203125
megabyte1,2386,16,1.931884765625
megabyte1,2387,16,1.81103515625
megabyte1,2388,16,2.03179931640625
megabyte1,2389,16,2.0120849609375
megabyte1,2390,16,1.87738037109375
megabyte1,2391,16,1.730621337890625
megabyte1,2392,16,1.846923828125
megabyte1,2393,16,1.81280517578125
megabyte1,2394,16,1.84722900390625
megabyte1,2395,16,1.91668701171875
megabyte1,2396,16,1.71881103515625
megabyte1,2397,16,1.875518798828125
megabyte1,2398,16,1.825775146484375
megabyte1,2399,16,2.1607666015625
megabyte1,2400,16,1.6077880859375
megabyte1,2401,16,1.99713134765625
megabyte1,2402,16,2.0234375
megabyte1,2403,16,1.7841796875
megabyte1,2404,16,2.08441162109375
megabyte1,2405,16,1.9219970703125
megabyte1,2406,16,1.889617919921875
megabyte1,2407,16,1.8492431640625
megabyte1,2408,16,2.05633544921875
megabyte1,2409,16,1.9378662109375
megabyte1,2410,16,1.870849609375
megabyte1,2411,16,1.99310302734375
megabyte1,2412,16,1.69378662109375
megabyte1,2413,16,1.9454345703125
megabyte1,2414,16,1.7369384765625
megabyte1,2415,16,1.8582916259765625
megabyte1,2416,16,2.14105224609375
megabyte1,2417,16,1.644775390625
megabyte1,2418,16,1.88861083984375
megabyte1,2419,16,2.059722900390625
megabyte1,2420,16,2.1334228515625
megabyte1,2421,16,1.8154296875
megabyte1,2422,16,1.78924560546875
megabyte1,2423,16,1.9127197265625
megabyte1,2424,16,1.96905517578125
megabyte1,2425,16,1.976593017578125
megabyte1,2426,16,1.84619140625
megabyte1,2427,16,1.647979736328125
megabyte1,2428,16,1.869873046875
megabyte1,2429,16,1.830322265625
megabyte1,2430,16,1.82318115234375
megabyte1,2431,16,1.87994384765625
megabyte1,2432,16,1.980499267578125
megabyte1,2433,16,1.7506103515625
megabyte1,2434,16,1.942840576171875
megabyte1,2435,16,1.898193359375
megabyte1,2436,16,1.826385498046875
megabyte1,2437,16,1.8591842651367188
megabyte1,2438,16,1.989898681640625
megabyte1,2439,16,1.80865478515625
megabyte1,2440,16,1.80865478515625
megabyte1,2441,16,1.822509765625
megabyte1,2442,16,1.8150634765625
megabyte1,2443,16,1.9653701782226562
megabyte1,2444,16,1.84027099609375
megabyte1,2445,16,1.800262451171875
megabyte1,2446,16,1.699951171875
megabyte1,2447,16,1.85784912109375
megabyte1,2448,16,1.916748046875
megabyte1,2449,16,1.818359375
megabyte1,2450,16,1.85833740234375
megabyte1,2451,16,1.733734130859375
megabyte1,2452,16,1.7251968383789062
megabyte1,2453,16,2.02850341796875
megabyte1,2454,16,1.88323974609375
megabyte1,2455,16,1.74725341796875
megabyte1,2456,16,1.96148681640625
megabyte1,2457,16,1.9803466796875
megabyte1,2458,16,2.06195068359375
megabyte1,2459,16,1.9510498046875
megabyte1,2460,16,1.986846923828125
megabyte1,2461,16,2.007598876953125
megabyte1,2462,16,1.98394775390625
megabyte1,2463,16,2.07958984375
megabyte1,2464,16,1.780029296875
megabyte1,2465,16,2.00054931640625
megabyte1,2466,16,2.0712890625
megabyte1,2467,16,1.96978759765625
megabyte1,2468,16,1.9647216796875
megabyte1,2469,16,1.91851806640625
megabyte1,2470,16,1.786376953125
megabyte1,2471,16,1.971923828125
megabyte1,2472,16,1.91973876953125
megabyte1,2473,16,1.856475830078125
megabyte1,2474,16,1.8775634765625
megabyte1,2475,16,1.908966064453125
megabyte1,2476,16,1.74298095703125
megabyte1,2477,16,1.8409423828125
megabyte1,2478,16,1.8075103759765625
megabyte1,2479,16,1.9710693359375
megabyte1,2480,16,1.90875244140625
megabyte1,2481,16,1.9081497192382812
megabyte1,2482,16,2.103851318359375
megabyte1,2483,16,1.88427734375
megabyte1,2484,16,2.1002197265625
megabyte1,2485,16,2.01434326171875
megabyte1,2486,16,1.93585205078125
megabyte1,2487,16,1.818695068359375
megabyte1,2488,16,1.9968414306640625
megabyte1,2489,16,2.03411865234375
megabyte1,2490,16,1.97265625
megabyte1,2491,16,2.0166015625
megabyte1,2492,16,2.14599609375
megabyte1,2493,16,2.11285400390625
megabyte1,2494,16,2.01116943359375
megabyte1,2495,16,2.0101318359375
megabyte1,2496,16,1.86578369140625
megabyte1,2497,16,1.83209228515625
megabyte1,2498,16,2.04852294921875
megabyte1,2499,16,2.0595703125
megabyte1,2500,16,1.88275146484375
megabyte1,2501,16,1.996337890625
megabyte1,2502,16,1.91741943359375
megabyte1,2503,16,1.94183349609375
megabyte1,2504,16,1.9295654296875
megabyte1,2505,16,1.82867431640625
megabyte1,2506,16,2.05078125
megabyte1,2507,16,1.90362548828125
megabyte1,2508,16,2.0584716796875
megabyte1,2509,16,1.961822509765625
megabyte1,2510,16,1.98297119140625
megabyte1,2511,16,1.8739013671875
megabyte1,2512,16,1.728729248046875
megabyte1,2513,16,1.8963623046875
megabyte1,2514,16,1.935302734375
megabyte1,2515,16,1.870330810546875
megabyte1,2516,16,1.97039794921875
megabyte1,2517,16,2.11492919921875
megabyte1,2518,16,1.8080978393554688
megabyte1,2519,16,1.826904296875
megabyte1,2520,16,1.8485107421875
megabyte1,2521,16,1.86053466796875
megabyte1,2522,16,1.7989501953125
megabyte1,2523,16,1.79998779296875
megabyte1,2524,16,1.90673828125
megabyte1,2525,16,2.0067138671875
megabyte1,2526,16,2.02264404296875
megabyte1,2527,16,2.028076171875
megabyte1,2528,16,2.01043701171875
megabyte1,2529,16,1.87127685546875
megabyte1,2530,16,2.06005859375
megabyte1,2531,16,1.87103271484375
megabyte1,2532,16,1.6945953369140625
megabyte1,2533,16,1.836029052734375
megabyte1,2534,16,1.745635986328125
megabyte1,2535,16,1.9367218017578125
megabyte1,2536,16,2.035919189453125
megabyte1,2537,16,1.8157958984375
megabyte1,2538,16,2.057861328125
megabyte1,2539,16,2.22723388671875
megabyte1,2540,16,1.79534912109375
megabyte1,2541,16,1.99896240234375
megabyte1,2542,16,1.818756103515625
megabyte1,2543,16,1.781890869140625
megabyte1,2544,16,1.84576416015625
megabyte1,2545,16,1.80206298828125
megabyte1,2546,16,1.90386962890625
megabyte1,2547,16,1.98883056640625
megabyte1,2548,16,1.894622802734375
megabyte1,2549,16,1.8485107421875
megabyte1,2550,16,1.8394775390625
megabyte1,2551,16,2.0850677490234375
megabyte1,2552,16,1.9625244140625
megabyte1,2553,16,1.981964111328125
megabyte1,2554,16,1.860809326171875
megabyte1,2555,16,2.26800537109375
megabyte1,2556,16,1.92041015625
megabyte1,2557,16,1.630645751953125
megabyte1,2558,16,1.93218994140625
megabyte1,2559,16,1.86181640625
megabyte1,2560,16,2.1280670166015625
megabyte1,2561,16,1.6303176879882812
megabyte1,2562,16,1.853759765625
megabyte1,2563,16,1.833740234375
megabyte1,2564,16,1.9410400390625
megabyte1,2565,16,1.9373779296875
megabyte1,2566,16,1.97784423828125
megabyte1,2567,16,1.87896728515625
megabyte1,2568,16,1.90118408203125
megabyte1,2569,16,2.1605224609375
megabyte1,2570,16,2.117431640625
megabyte1,2571,16,1.89874267578125
megabyte1,2572,16,1.946807861328125
megabyte1,2573,16,1.92095947265625
megabyte1,2574,16,1.755828857421875
megabyte1,2575,16,1.6765937805175781
megabyte1,2576,16,1.91204833984375
megabyte1,2577,16,1.90557861328125
megabyte1,2578,16,1.679534912109375
megabyte1,2579,16,1.79443359375
megabyte1,2580,16,2.0594482421875
megabyte1,2581,16,1.7724380493164062
megabyte1,2582,16,1.755126953125
megabyte1,2583,16,1.7855377197265625
megabyte1,2584,16,1.9261178970336914
megabyte1,2585,16,1.846527099609375
megabyte1,2586,16,1.84844970703125
megabyte1,2587,16,1.9155430793762207
megabyte1,2588,16,1.9031982421875
megabyte1,2589,16,1.6739959716796875
megabyte1,2590,16,1.7805557250976562
megabyte1,2591,16,1.96734619140625
megabyte1,2592,16,1.98651123046875
megabyte1,2593,16,2.05877685546875
megabyte1,2594,16,1.8707275390625
megabyte1,2595,16,1.87347412109375
megabyte1,2596,16,1.698760986328125
megabyte1,2597,16,2.03485107421875
megabyte1,2598,16,2.0291748046875
megabyte1,2599,16,1.777313232421875
megabyte1,2600,16,1.9119873046875
megabyte1,2601,16,1.74774169921875
megabyte1,2602,16,2.17486572265625
megabyte1,2603,16,1.92523193359375
megabyte1,2604,16,1.79144287109375
megabyte1,2605,16,1.8917236328125
megabyte1,2606,16,1.83758544921875
megabyte1,2607,16,1.8722915649414062
megabyte1,2608,16,1.6711463928222656
megabyte1,2609,16,1.98040771484375
megabyte1,2610,16,1.75018310546875
megabyte1,2611,16,1.800506591796875
megabyte1,2612,16,1.81793212890625
megabyte1,2613,16,1.930328369140625
megabyte1,2614,16,1.664560317993164
megabyte1,2615,16,2.03497314453125
megabyte1,2616,16,1.7662506103515625
megabyte1,2617,16,2.198455810546875
megabyte1,2618,16,1.88201904296875
megabyte1,2619,16,1.822509765625
megabyte1,2620,16,1.786651611328125
megabyte1,2621,16,2.17138671875
megabyte1,2622,16,1.770986557006836
megabyte1,2623,16,1.8689770698547363
megabyte1,2624,16,1.93048095703125
megabyte1,2625,16,1.88739013671875
megabyte1,2626,16,1.740753173828125
megabyte1,2627,16,1.984710693359375
megabyte1,2628,16,1.9123497009277344
megabyte1,2629,16,1.7017822265625
megabyte1,2630,16,1.803466796875
megabyte1,2631,16,1.758758544921875
megabyte1,2632,16,1.81512451171875
megabyte1,2633,16,1.85894775390625
megabyte1,2634,16,1.937225341796875
megabyte1,2635,16,1.92706298828125
megabyte1,2636,16,2.14068603515625
megabyte1,2637,16,2.009368896484375
megabyte1,2638,16,1.87139892578125
megabyte1,2639,16,1.8109130859375
megabyte1,2640,16,2.04998779296875
megabyte1,2641,16,1.928375244140625
megabyte1,2642,16,1.781097412109375
megabyte1,2643,16,1.8428955078125
megabyte1,2644,16,1.83660888671875
megabyte1,2645,16,1.8419876098632812
megabyte1,2646,16,1.963592529296875
megabyte1,2647,16,1.747283935546875
megabyte1,2648,16,1.7489013671875
megabyte1,2649,16,1.88262939453125
megabyte1,2650,16,1.74169921875
megabyte1,2651,16,1.89776611328125
megabyte1,2652,16,1.770751953125
megabyte1,2653,16,1.7537841796875
megabyte1,2654,16,1.6962738037109375
megabyte1,2655,16,2.016845703125
megabyte1,2656,16,1.6897392272949219
megabyte1,2657,16,1.777862548828125
megabyte1,2658,16,1.82952880859375
megabyte1,2659,16,1.800201416015625
megabyte1,2660,16,1.8773193359375
megabyte1,2661,16,2.178466796875
megabyte1,2662,16,2.03448486328125
megabyte1,2663,16,1.87786865234375
megabyte1,2664,16,2.01690673828125
megabyte1,2665,16,1.79119873046875
megabyte1,2666,16,1.986114501953125
megabyte1,2667,16,2.05047607421875
megabyte1,2668,16,1.6682586669921875
megabyte1,2669,16,1.962158203125
megabyte1,2670,16,1.847900390625
megabyte1,2671,16,1.813232421875
megabyte1,2672,16,1.82122802734375
megabyte1,2673,16,1.857330322265625
megabyte1,2674,16,1.73065185546875
megabyte1,2675,16,1.90350341796875
megabyte1,2676,16,1.98223876953125
megabyte1,2677,16,1.84002685546875
megabyte1,2678,16,1.9010009765625
megabyte1,2679,16,1.96771240234375
megabyte1,2680,16,1.86468505859375
megabyte1,2681,16,1.915283203125
megabyte1,2682,16,2.233154296875
megabyte1,2683,16,1.90728759765625
megabyte1,2684,16,2.001708984375
megabyte1,2685,16,1.94708251953125
megabyte1,2686,16,1.915069580078125
megabyte1,2687,16,1.81719970703125
megabyte1,2688,16,1.84881591796875
megabyte1,2689,16,1.834197998046875
megabyte1,2690,16,1.85333251953125
megabyte1,2691,16,1.804595947265625
megabyte1,2692,16,1.9974365234375
megabyte1,2693,16,1.9150390625
megabyte1,2694,16,2.01239013671875
megabyte1,2695,16,1.964385986328125
megabyte1,2696,16,2.0040283203125
megabyte1,2697,16,1.9730720520019531
megabyte1,2698,16,1.8880462646484375
megabyte1,2699,16,1.8255615234375
megabyte1,2700,16,1.9560546875
megabyte1,2701,16,1.79791259765625
megabyte1,2702,16,1.8426513671875
megabyte1,2703,16,1.867802619934082
megabyte1,2704,16,1.7053031921386719
megabyte1,2705,16,1.95599365234375
megabyte1,2706,16,1.8196487426757812
megabyte1,2707,16,1.7348737716674805
megabyte1,2708,16,1.908447265625
megabyte1,2709,16,1.7833328247070312
megabyte1,2710,16,1.653289794921875
megabyte1,2711,16,1.68914794921875
megabyte1,2712,16,1.7349166870117188
megabyte1,2713,16,1.8282470703125
megabyte1,2714,16,1.816619873046875
megabyte1,2715,16,1.764068603515625
megabyte1,2716,16,1.880035400390625
megabyte1,2717,16,1.7946701049804688
megabyte1,2718,16,2.0192413330078125
megabyte1,2719,16,1.8814611434936523
megabyte1,2720,16,2.18853759765625
megabyte1,2721,16,2.02301025390625
megabyte1,2722,16,1.634368896484375
megabyte1,2723,16,1.87799072265625
megabyte1,2724,16,2.23345947265625
megabyte1,2725,16,1.79541015625
megabyte1,2726,16,1.94500732421875
megabyte1,2727,16,2.057830810546875
megabyte1,2728,16,1.7284393310546875
megabyte1,2729,16,1.81207275390625
megabyte1,2730,16,1.7626018524169922
megabyte1,2731,16,1.860382080078125
megabyte1,2732,16,1.87811279296875
megabyte1,2733,16,1.8129310607910156
megabyte1,2734,16,1.9059529304504395
megabyte1,2735,16,1.761138916015625
megabyte1,2736,16,1.675048828125
megabyte1,2737,16,1.825747013092041
megabyte1,2738,16,1.9896240234375
megabyte1,2739,16,1.7005553245544434
megabyte1,2740,16,1.9312744140625
megabyte1,2741,16,1.982666015625
megabyte1,2742,16,1.7159614562988281
megabyte1,2743,16,1.7543258666992188
megabyte1,2744,16,2.1787109375
megabyte1,2745,16,1.98358154296875
megabyte1,2746,16,1.917724609375
megabyte1,2747,16,1.7186279296875
megabyte1,2748,16,1.7225341796875
megabyte1,2749,16,1.6098384857177734
megabyte1,2750,16,1.90850830078125
megabyte1,2751,16,1.67578125
megabyte1,2752,16,1.798309326171875
megabyte1,2753,16,1.88995361328125
megabyte1,2754,16,1.8178482055664062
megabyte1,2755,16,1.940765380859375
megabyte1,2756,16,1.84271240234375
megabyte1,2757,16,1.83319091796875
megabyte1,2758,16,1.87908935546875
megabyte1,2759,16,2.089569091796875
megabyte1,2760,16,2.01641845703125
megabyte1,2761,16,1.72979736328125
megabyte1,2762,16,1.85443115234375
megabyte1,2763,16,2.18267822265625
megabyte1,2764,16,1.9185791015625
megabyte1,2765,16,1.90887451171875
megabyte1,2766,16,1.9439697265625
megabyte1,2767,16,1.869049072265625
megabyte1,2768,16,1.90185546875
megabyte1,2769,16,1.88226318359375
megabyte1,2770,16,1.77276611328125
megabyte1,2771,16,1.956207275390625
megabyte1,2772,16,1.99737548828125
megabyte1,2773,16,1.82293701171875
megabyte1,2774,16,1.97601318359375
megabyte1,2775,16,2.04998779296875
megabyte1,2776,16,1.85821533203125
megabyte1,2777,16,1.8792724609375
megabyte1,2778,16,1.99676513671875
megabyte1,2779,16,2.00579833984375
megabyte1,2780,16,1.91900634765625
megabyte1,2781,16,1.852142333984375
megabyte1,2782,16,1.6939697265625
megabyte1,2783,16,1.733673095703125
megabyte1,2784,16,2.14459228515625
megabyte1,2785,16,1.804779052734375
megabyte1,2786,16,2.05352783203125
megabyte1,2787,16,1.86181640625
megabyte1,2788,16,1.96533203125
megabyte1,2789,16,1.8731689453125
megabyte1,2790,16,1.805572509765625
megabyte1,2791,16,1.933807373046875
megabyte1,2792,16,1.74444580078125
megabyte1,2793,16,2.0145263671875
megabyte1,2794,16,1.875732421875
megabyte1,2795,16,2.00128173828125
megabyte1,2796,16,1.91656494140625
megabyte1,2797,16,2.0194091796875
megabyte1,2798,16,1.9825439453125
megabyte1,2799,16,1.8685302734375
megabyte1,2800,16,2.16107177734375
megabyte1,2801,16,2.013916015625
megabyte1,2802,16,1.7611083984375
megabyte1,2803,16,2.0177001953125
megabyte1,2804,16,1.755615234375
megabyte1,2805,16,2.0316162109375
megabyte1,2806,16,2.20379638671875
megabyte1,2807,16,1.9954833984375
megabyte1,2808,16,1.885040283203125
megabyte1,2809,16,1.77386474609375
megabyte1,2810,16,1.8719482421875
megabyte1,2811,16,2.1064453125
megabyte1,2812,16,1.873291015625
megabyte1,2813,16,1.9886474609375
megabyte1,2814,16,2.01922607421875
megabyte1,2815,16,1.7406005859375
megabyte1,2816,16,1.99676513671875
megabyte1,2817,16,1.80584716796875
megabyte1,2818,16,1.9322509765625
megabyte1,2819,16,2.075439453125
megabyte1,2820,16,1.8162841796875
megabyte1,2821,16,1.9830322265625
megabyte1,2822,16,2.02386474609375
megabyte1,2823,16,1.95318603515625
megabyte1,2824,16,1.79547119140625
megabyte1,2825,16,1.9068603515625
megabyte1,2826,16,1.981201171875
megabyte1,2827,16,1.930267333984375
megabyte1,2828,16,1.918212890625
megabyte1,2829,16,1.6759033203125
megabyte1,2830,16,1.761566162109375
megabyte1,2831,16,1.910797119140625
megabyte1,2832,16,1.750579833984375
megabyte1,2833,16,1.58880615234375
megabyte1,2834,16,2.0731201171875
megabyte1,2835,16,1.94830322265625
megabyte1,2836,16,1.7781524658203125
megabyte1,2837,16,1.93316650390625
megabyte1,2838,16,2.09796142578125
megabyte1,2839,16,1.9735260009765625
megabyte1,2840,16,2.09320068359375
megabyte1,2841,16,2.10772705078125
megabyte1,2842,16,2.015380859375
megabyte1,2843,16,1.81341552734375
megabyte1,2844,16,1.8682861328125
megabyte1,2845,16,2.05364990234375
megabyte1,2846,16,1.8609619140625
megabyte1,2847,16,1.91131591796875
megabyte1,2848,16,2.00469970703125
megabyte1,2849,16,1.99212646484375
megabyte1,2850,16,1.80596923828125
megabyte1,2851,16,2.406829833984375
megabyte1,2852,16,2.0089111328125
megabyte1,2853,16,1.91937255859375
megabyte1,2854,16,1.93865966796875
megabyte1,2855,16,2.0389404296875
megabyte1,2856,16,1.8699951171875
megabyte1,2857,16,2.02850341796875
megabyte1,2858,16,2.02166748046875
megabyte1,2859,16,1.82452392578125
megabyte1,2860,16,2.083740234375
megabyte1,2861,16,2.09405517578125
megabyte1,2862,16,1.807861328125
megabyte1,2863,16,1.81390380859375
megabyte1,2864,16,1.9853515625
megabyte1,2865,16,2.01275634765625
megabyte1,2866,16,1.93194580078125
megabyte1,2867,16,1.93572998046875
megabyte1,2868,16,1.87896728515625
megabyte1,2869,16,2.066619873046875
megabyte1,2870,16,1.8601531982421875
megabyte1,2871,16,2.08038330078125
megabyte1,2872,16,1.94915771484375
megabyte1,2873,16,2.02587890625
megabyte1,2874,16,1.866455078125
megabyte1,2875,16,1.853515625
megabyte1,2876,16,1.91400146484375
megabyte1,2877,16,2.063079833984375
megabyte1,2878,16,2.18463134765625
megabyte1,2879,16,1.92938232421875
megabyte1,2880,16,1.8048095703125
megabyte1,2881,16,1.870361328125
megabyte1,2882,16,1.876220703125
megabyte1,2883,16,1.8980712890625
megabyte1,2884,16,2.0853271484375
megabyte1,2885,16,1.835205078125
megabyte1,2886,16,2.0616455078125
megabyte1,2887,16,1.93017578125
megabyte1,2888,16,1.9195556640625
megabyte1,2889,16,1.836517333984375
megabyte1,2890,16,1.887115478515625
megabyte1,2891,16,1.9617919921875
megabyte1,2892,16,1.9713134765625
megabyte1,2893,16,1.922607421875
megabyte1,2894,16,1.82830810546875
megabyte1,2895,16,1.9915771484375
megabyte1,2896,16,1.788665771484375
megabyte1,2897,16,1.97650146484375
megabyte1,2898,16,1.8359375
megabyte1,2899,16,1.8065185546875
megabyte1,2900,16,1.9525146484375
megabyte1,2901,16,1.80621337890625
megabyte1,2902,16,1.96478271484375
megabyte1,2903,16,1.87677001953125
megabyte1,2904,16,1.94232177734375
megabyte1,2905,16,1.5337677001953125
megabyte1,2906,16,2.01092529296875
megabyte1,2907,16,1.9415283203125
megabyte1,2908,16,1.78155517578125
megabyte1,2909,16,1.807861328125
megabyte1,2910,16,1.84619140625
megabyte1,2911,16,1.78955078125
megabyte1,2912,16,1.7569580078125
megabyte1,2913,16,1.856689453125
megabyte1,2914,16,2.4266357421875
megabyte1,2915,16,1.7403106689453125
megabyte1,2916,16,1.89727783203125
megabyte1,2917,16,1.8402099609375
megabyte1,2918,16,2.01251220703125
megabyte1,2919,16,1.94024658203125
megabyte1,2920,16,1.816375732421875
megabyte1,2921,16,1.98223876953125
megabyte1,2922,16,1.9488525390625
megabyte1,2923,16,1.7767410278320312
megabyte1,2924,16,1.915130615234375
megabyte1,2925,16,2.093017578125
megabyte1,2926,16,1.92242431640625
megabyte1,2927,16,2.0072021484375
megabyte1,2928,16,1.950286865234375
megabyte1,2929,16,2.0333251953125
megabyte1,2930,16,2.0382080078125
megabyte1,2931,16,1.927490234375
megabyte1,2932,16,1.94915771484375
megabyte1,2933,16,1.8609619140625
megabyte1,2934,16,1.968994140625
megabyte1,2935,16,1.8897705078125
megabyte1,2936,16,2.07330322265625
megabyte1,2937,16,1.88787841796875
megabyte1,2938,16,1.859619140625
megabyte1,2939,16,1.855010986328125
megabyte1,2940,16,2.2242431640625
megabyte1,2941,16,1.84088134765625
megabyte1,2942,16,2.018310546875
megabyte1,2943,16,1.91461181640625
megabyte1,2944,16,1.93194580078125
megabyte1,2945,16,2.01470947265625
megabyte1,2946,16,1.76971435546875
megabyte1,2947,16,1.89617919921875
megabyte1,2948,16,1.82891845703125
megabyte1,2949,16,2.06280517578125
megabyte1,2950,16,2.35400390625
megabyte1,2951,16,1.919769287109375
megabyte1,2952,16,2.01995849609375
megabyte1,2953,16,2.03814697265625
megabyte1,2954,16,1.84344482421875
megabyte1,2955,16,2.022705078125
megabyte1,2956,16,1.96673583984375
megabyte1,2957,16,1.93896484375
megabyte1,2958,16,1.8642578125
megabyte1,2959,16,2.0081787109375
megabyte1,2960,16,2.05255126953125
megabyte1,2961,16,2.06329345703125
megabyte1,2962,16,2.0311279296875
megabyte1,2963,16,1.878875732421875
megabyte1,2964,16,1.959686279296875
megabyte1,2965,16,1.918487548828125
megabyte1,2966,16,1.69647216796875
megabyte1,2967,16,1.96966552734375
megabyte1,2968,16,1.9808349609375
megabyte1,2969,16,1.82672119140625
megabyte1,2970,16,1.978271484375
megabyte1,2971,16,1.86639404296875
megabyte1,2972,16,2.1229248046875
megabyte1,2973,16,1.70050048828125
megabyte1,2974,16,1.9747314453125
megabyte1,2975,16,1.8748779296875
megabyte1,2976,16,1.9449462890625
megabyte1,2977,16,2.015380859375
megabyte1,2978,16,1.9478759765625
megabyte1,2979,16,2.21026611328125
megabyte1,2980,16,1.8858642578125
megabyte1,2981,16,1.857666015625
megabyte1,2982,16,1.9822998046875
megabyte1,2983,16,1.92095947265625
megabyte1,2984,16,1.783660888671875
megabyte1,2985,16,1.833465576171875
megabyte1,2986,16,1.9146575927734375
megabyte1,2987,16,1.708984375
megabyte1,2988,16,1.95257568359375
megabyte1,2989,16,2.09686279296875
megabyte1,2990,16,1.94500732421875
megabyte1,2991,16,1.86767578125
megabyte1,2992,16,1.88446044921875
megabyte1,2993,16,1.91259765625
megabyte1,2994,16,1.82598876953125
megabyte1,2995,16,2.017822265625
megabyte1,2996,16,2.01287841796875
megabyte1,2997,16,1.724365234375
megabyte1,2998,16,1.7378387451171875
megabyte1,2999,16,1.96441650390625
megabyte1,3000,16,1.666778564453125
megabyte1,3001,16,2.2120361328125
megabyte1,3002,16,1.797332763671875
megabyte1,3003,16,1.8331298828125
megabyte1,3004,16,2.04815673828125
megabyte1,3005,16,1.767822265625
megabyte1,3006,16,1.99969482421875
megabyte1,3007,16,1.51171875
megabyte1,3008,16,1.8935546875
megabyte1,3009,16,1.823974609375
megabyte1,3010,16,2.11859130859375
megabyte1,3011,16,1.76739501953125
megabyte1,3012,16,1.71636962890625
megabyte1,3013,16,2.28936767578125
megabyte1,3014,16,1.70220947265625
megabyte1,3015,16,1.89556884765625
megabyte1,3016,16,1.92724609375
megabyte1,3017,16,1.79217529296875
megabyte1,3018,16,2.05828857421875
megabyte1,3019,16,2.10595703125
megabyte1,3020,16,1.77923583984375
megabyte1,3021,16,1.8787841796875
megabyte1,3022,16,1.942291259765625
megabyte1,3023,16,1.9891357421875
megabyte1,3024,16,1.84716796875
megabyte1,3025,16,1.9376220703125
megabyte1,3026,16,2.19476318359375
megabyte1,3027,16,1.87762451171875
megabyte1,3028,16,1.801483154296875
megabyte1,3029,16,1.810638427734375
megabyte1,3030,16,1.9522705078125
megabyte1,3031,16,1.9573974609375
megabyte1,3032,16,1.951904296875
megabyte1,3033,16,1.65582275390625
megabyte1,3034,16,1.720489501953125
megabyte1,3035,16,2.001220703125
megabyte1,3036,16,2.01885986328125
megabyte1,3037,16,1.91473388671875
megabyte1,3038,16,1.7957763671875
megabyte1,3039,16,1.83367919921875
megabyte1,3040,16,1.979248046875
megabyte1,3041,16,2.07037353515625
megabyte1,3042,16,1.80999755859375
megabyte1,3043,16,1.931365966796875
megabyte1,3044,16,1.98052978515625
megabyte1,3045,16,1.9791259765625
megabyte1,3046,16,1.91339111328125
megabyte1,3047,16,2.031829833984375
megabyte1,3048,16,1.96661376953125
megabyte1,3049,16,1.86016845703125
megabyte1,3050,16,1.8873291015625
megabyte1,3051,16,1.823089599609375
megabyte1,3052,16,2.098236083984375
megabyte1,3053,16,2.10479736328125
megabyte1,3054,16,1.92596435546875
megabyte1,3055,16,1.99945068359375
megabyte1,3056,16,1.780517578125
megabyte1,3057,16,1.7696533203125
megabyte1,3058,16,2.00469970703125
megabyte1,3059,16,1.91107177734375
megabyte1,3060,16,1.79779052734375
megabyte1,3061,16,1.865753173828125
megabyte1,3062,16,1.89056396484375
megabyte1,3063,16,1.88177490234375
megabyte1,3064,16,1.78021240234375
megabyte1,3065,16,1.68658447265625
megabyte1,3066,16,1.924560546875
megabyte1,3067,16,1.89874267578125
megabyte1,3068,16,1.8709716796875
megabyte1,3069,16,1.75860595703125
megabyte1,3070,16,1.9788818359375
megabyte1,3071,16,1.816162109375
geco22,0,16,1.9501953125
geco22,1,16,1.7407798767089844
geco22,2,16,1.8727798461914062
geco22,3,16,1.8276824951171875
geco22,4,16,1.9336471557617188
geco22,5,16,1.75091552734375
geco22,6,16,1.7158050537109375
geco22,7,16,1.9709587097167969
geco22,8,16,1.7962894439697266
geco22,9,16,1.8629703521728516
geco22,10,16,1.765568733215332
geco22,11,16,1.8382701873779297
geco22,12,16,1.7492351531982422
geco22,13,16,1.8222846984863281
geco22,14,16,1.8111200332641602
geco22,15,16,1.9774551391601562
geco22,16,16,1.6370964050292969
geco22,17,16,1.8806657791137695
geco22,18,16,1.8391790390014648
geco22,19,16,1.8452577590942383
geco22,20,16,1.8681745529174805
geco22,21,16,1.7062315940856934
geco22,22,16,1.935333251953125
geco22,23,16,1.7509956359863281
geco22,24,16,1.8755757808685303
geco22,25,16,1.8827805519104004
geco22,26,16,1.891350269317627
geco22,27,16,1.7864103317260742
geco22,28,16,1.9499969482421875
geco22,29,16,1.8628032207489014
geco22,30,16,1.935074806213379
geco22,31,16,1.9237785339355469
geco22,32,16,1.8446826934814453
geco22,33,16,1.7091426849365234
geco22,34,16,1.8741912841796875
geco22,35,16,1.9562311172485352
geco22,36,16,1.7610418796539307
geco22,37,16,1.7172672748565674
geco22,38,16,1.8091626167297363
geco22,39,16,1.836690902709961
geco22,40,16,1.8030319213867188
geco22,41,17,1.8435776654411764
geco22,42,17,1.90277099609375
geco22,43,17,1.7934390797334558
geco22,44,17,1.9050481459673714
geco22,45,17,1.7782054227941178
geco22,46,17,1.8840870576746322
geco22,47,17,1.8276941636029411
geco22,48,17,1.8347311580882353
geco22,49,17,1.943228328929228
geco22,50,17,1.749490176930147
geco22,51,17,1.8991232479319853
geco22,52,17,1.8488625919117647
geco22,53,17,1.7883875229779411
geco22,54,17,1.653900146484375
geco22,55,17,1.820046817555147
geco22,56,17,1.8496811810661764
geco22,57,17,1.7548096600700827
geco22,58,17,1.8959094776826746
geco22,59,17,2.0256204044117645
geco22,60,17,1.8997111600988053
geco22,61,17,1.958173864028033
geco22,62,17,1.9613221112419577
geco22,63,17,1.7959056181066178
geco22,64,17,1.8594652063706343
geco22,65,17,1.9135428035960478
geco22,66,17,1.8228315465590532
geco22,67,17,1.8270838120404411
geco22,68,17,1.9398081162396599
geco22,69,17,1.7940341725068933
geco22,70,17,1.8406910615808822
geco22,71,17,1.8965965719784008
geco22,72,17,1.9482175041647518
geco22,73,17,1.6930182961856617
geco22,74,17,2.0069867302389706
geco22,75,17,1.9133825863108915
geco22,76,17,1.8505495856789982
geco22,77,17,1.8487755270565258
geco22,78,17,1.9788028492647058
geco22,79,17,1.770355224609375
geco22,80,17,1.9391910328584558
geco22,81,17,1.7715274586397058
geco22,82,17,1.7796487247242647
geco22,83,17,1.8520283418543197
geco22,84,17,1.7314462100758272
geco22,85,17,1.8314568014705883
geco22,86,17,1.9701879164751839
geco22,87,17,1.9258961397058822
geco22,88,17,1.818215762867647
geco22,89,17,2.0876608455882355
geco22,90,17,2.0675551470588234
geco22,91,17,2.1916360294117645
geco22,92,17,1.9613396139705883
geco22,93,17,2.093692555147059
geco22,94,17,2.0111443014705883
geco22,95,17,1.9821346507352942
geco22,96,17,1.9129566865808822
geco22,97,17,1.9033777573529411
geco22,98,17,1.7221033432904411
geco22,99,17,1.9236988740808822
geco22,100,17,1.813498104319853
geco22,101,17,1.936440860523897
geco22,102,17,1.783935546875
geco22,103,17,1.925624174230239
geco22,104,17,1.8176036161534928
geco22,105,17,1.7904734892003678
geco22,106,17,1.814779842601103
geco22,107,17,1.8776999080882353
geco22,108,17,1.7948249368106617
geco22,109,17,1.827353084788603
geco22,110,17,1.9165119844324447
geco22,111,17,1.8704690372242647
geco22,112,17,1.8674379236557905
geco22,113,17,1.7178990981158089
geco22,114,17,1.8204291848575367
geco22,115,17,1.856088077320772
geco22,116,17,1.8320411233340992
geco22,117,17,1.8660996380974264
geco22,118,17,1.9684780345243567
geco22,119,17,1.886671178481158
geco22,120,17,1.734471040613511
geco22,121,17,1.7584224027745865
geco22,122,17,1.8224379595588236
geco22,123,17,1.9058801987591911
geco22,124,17,1.9362810920266544
geco22,125,17,1.9293006448184742
geco22,126,17,1.9543026194852942
geco22,127,17,1.820229923023897
geco22,128,17,1.8034479477826286
geco22,129,17,1.9758157169117647
geco22,130,17,1.8912694594439339
geco22,131,17,1.8288340849034928
geco22,132,17,1.8821285472196692
geco22,133,17,1.9572771857766544
geco22,134,17,1.9226397346047794
geco22,135,17,1.9049090217141544
geco22,136,17,1.7984888413373161
geco22,137,17,1.7796612907858456
geco22,138,17,1.8150293686810661
geco22,139,17,2.391888786764706
geco22,140,17,2.072552849264706
geco22,141,17,1.8764361213235294
geco22,142,17,2.086282169117647
geco22,143,17,1.9051872702205883
geco22,144,17,1.8346306295955883
geco22,145,17,1.8356251436121322
geco22,146,17,1.814431583180147
geco22,147,17,1.7505134133731617
geco22,148,17,2.01458740234375
geco22,149,17,1.8618487189797794
geco22,150,17,1.775224573471967
geco22,151,17,2.0376838235294117
geco22,152,17,1.7479750689338236
geco22,153,17,1.8866092457490808
geco22,154,17,1.781106387867647
geco22,155,17,1.8440444048713236
geco22,156,17,1.9107522403492647
geco22,157,17,1.8463798971737133
geco22,158,17,1.9945301729090072
geco22,159,17,1.9328110638786764
geco22,160,17,1.897862153894761
geco22,161,17,1.8632713766659008
geco22,162,17,1.824327356675092
geco22,163,17,2.1665900735294117
geco22,164,17,1.9611672794117647
geco22,165,17,1.9187729779411764
geco22,166,17,2.0288947610294117
geco22,167,17,1.9028033088235294
geco22,168,17,1.9900620404411764
geco22,169,17,1.8723000919117647
geco22,170,17,2.0141888786764706
geco22,171,17,1.9346277573529411
geco22,172,17,1.9763327205882353
geco22,173,17,1.8606387867647058
geco22,174,17,2.0057444852941178
geco22,175,17,1.9348000919117647
geco22,176,17,1.9842026654411764
geco22,177,17,1.8793083639705883
geco22,178,17,1.9428423713235294
geco22,179,17,2.015912224264706
geco22,180,17,1.9335363051470589
geco22,181,17,1.8458754595588236
geco22,182,17,1.9688648897058822
geco22,183,17,1.9348575367647058
geco22,184,17,1.98828125
geco22,185,17,1.901711856617647
geco22,186,17,1.9742072610294117
geco22,187,17,1.8285845588235294
geco22,188,17,1.9552504595588236
geco22,189,17,1.9142348345588236
geco22,190,17,1.8144244025735294
geco22,191,17,1.9610523897058822
geco22,192,17,1.9411764705882353
geco22,193,17,2.030560661764706
geco22,194,17,1.9053883272058822
geco22,195,17,1.8269761029411764
geco22,196,17,1.9635799632352942
geco22,197,17,1.938821231617647
geco22,198,17,2.0053423713235294
geco22,199,17,2.0542853860294117
geco22,200,17,2.070657169117647
geco22,201,17,1.9770795036764706
geco22,202,17,1.7470703125
geco22,203,17,2.0220013786764706
geco22,204,17,1.9094669117647058
geco22,205,17,1.983053768382353
geco22,206,17,1.8099724264705883
geco22,207,17,1.8152573529411764
geco22,208,17,1.9499655330882353
geco22,209,17,1.9004480698529411
geco22,210,17,1.8281824448529411
geco22,211,17,2.061868106617647
geco22,212,17,1.8446691176470589
geco22,213,17,1.9987362132352942
geco22,214,17,1.9841452205882353
geco22,215,17,1.7723460477941178
geco22,216,17,1.9312385110294117
geco22,217,17,1.9930491727941178
geco22,218,17,2.092715992647059
geco22,219,17,1.9684627757352942
geco22,220,17,1.96875
geco22,221,17,1.898782169117647
geco22,222,17,1.9541590073529411
geco22,223,17,1.9284811580882353
geco22,224,17,1.8941291360294117
geco22,225,17,1.9910960477941178
geco22,226,17,1.8952205882352942
geco22,227,17,2.028262867647059
geco22,228,17,1.9746668198529411
geco22,229,17,1.9530675551470589
geco22,230,17,2.0470473345588234
geco22,231,17,1.988913143382353
geco22,232,17,1.9511144301470589
geco22,233,17,2.0412454044117645
geco22,234,17,1.9110179227941178
geco22,235,17,1.8345588235294117
geco22,236,17,1.9998276654411764
geco22,237,17,1.8318014705882353
geco22,238,17,1.8829848345588236
geco22,239,17,1.9970703125
geco22,240,17,2.0223460477941178
geco22,241,17,1.8493795955882353
geco22,242,17,1.9594439338235294
geco22,243,17,1.875
geco22,244,17,2.0259076286764706
geco22,245,17,1.8259420955882353
geco22,246,17,1.8771254595588236
geco22,247,17,1.8788488051470589
geco22,248,17,1.9385340073529411
geco22,249,17,2.0964499080882355
geco22,250,17,1.9834558823529411
geco22,251,17,1.8600643382352942
geco22,252,17,1.8999885110294117
geco22,253,17,1.9524356617647058
geco22,254,17,1.9100413602941178
geco22,255,17,1.880514705882353
geco22,256,17,2.025735294117647
geco22,257,17,2.0187844669117645
geco22,258,17,2.287798713235294
geco22,259,17,1.9512293198529411
geco22,260,17,1.9153262867647058
geco22,261,17,1.9574333639705883
geco22,262,17,1.9169921875
geco22,263,17,2.0093060661764706
geco22,264,17,1.8729894301470589
geco22,265,17,2.026424632352941
geco22,266,17,2.072323069852941
geco22,267,17,1.9694393382352942
geco22,268,17,1.9504825367647058
geco22,269,17,2.089901194852941
geco22,270,17,1.8828699448529411
geco22,271,17,1.9929342830882353
geco22,272,17,2.048770680147059
geco22,273,17,1.8305951286764706
geco22,274,17,1.8628791360294117
geco22,275,17,1.9477251838235294
geco22,276,17,1.9646714154411764
geco22,277,17,1.796530330882353
geco22,278,17,1.9442210477941178
geco22,279,17,1.8334099264705883
geco22,280,17,1.8935546875
geco22,281,17,2.017520680147059
geco22,282,17,1.8836167279411764
geco22,283,17,2.0359604779411766
geco22,284,17,1.9865004595588236
geco22,285,17,2.0516429227941178
geco22,286,17,1.9091796875
geco22,287,17,2.0129250919117645
geco22,288,17,1.913717830882353
geco22,289,17,1.817038143382353
geco22,290,17,2.1689453125
geco22,291,17,1.9942555147058822
geco22,292,17,2.0434283088235294
geco22,293,17,1.7482192095588236
geco22,294,17,1.8828125
geco22,295,17,1.9816176470588236
geco22,296,17,1.9147518382352942
geco22,297,17,1.9864430147058822
geco22,298,17,1.911764705882353
geco22,299,17,2.0711741727941178
geco22,300,17,1.7706227022058822
geco22,301,17,1.9924747242647058
geco22,302,17,2.1853170955882355
geco22,303,17,1.9680606617647058
geco22,304,17,2.0375114889705883
geco22,305,17,1.8137063419117647
geco22,306,17,2.084616268382353
geco22,307,17,1.8853400735294117
geco22,308,17,2.0658892463235294
geco22,309,17,1.8975758272058822
geco22,310,17,1.9571461397058822
geco22,311,17,1.8776424632352942
geco22,312,17,2.041015625
geco22,313,17,1.9028033088235294
geco22,314,17,2.0545726102941178
geco22,315,17,2.015337775735294
geco22,316,17,1.9264705882352942
geco22,317,17,2.0776079963235294
geco22,318,17,1.8423713235294117
geco22,319,17,2.0484260110294117
geco22,320,17,1.9877068014705883
geco22,321,17,1.9770795036764706
geco22,322,17,1.833639705882353
geco22,323,17,2.039407169117647
geco22,324,17,1.958984375
geco22,325,17,2.0646829044117645
geco22,326,17,2.0053423713235294
geco22,327,17,1.9693244485294117
geco22,328,17,1.8871208639705883
geco22,329,17,1.9870749080882353
geco22,330,17,2.106502757352941
geco22,331,17,1.8928079044117647
geco22,332,17,2.011086856617647
geco22,333,17,1.9175666360294117
geco22,334,17,2.0278607536764706
geco22,335,17,1.8948184742647058
geco22,336,17,1.8940716911764706
geco22,337,17,1.9235983455882353
geco22,338,17,1.9746668198529411
geco22,339,17,1.8740808823529411
geco22,340,17,2.054055606617647
geco22,341,17,1.9012522977941178
geco22,342,17,1.9757582720588236
geco22,343,17,1.832375919117647
geco22,344,17,2.003274356617647
geco22,345,17,1.9630055147058822
geco22,346,17,1.9793772977941178
geco22,347,17,2.103515625
geco22,348,17,2.1059283088235294
geco22,349,17,1.943359375
geco22,350,17,1.9046989889705883
geco22,351,17,1.9164177389705883
geco22,352,17,2.064165900735294
geco22,353,17,1.8788488051470589
geco22,354,17,1.9270450367647058
geco22,355,17,1.9323874080882353
geco22,356,17,1.9299172794117647
geco22,357,17,1.8760340073529411
geco22,358,17,1.9894875919117647
geco22,359,17,1.9782284007352942
geco22,360,17,1.981789981617647
geco22,361,17,1.8957950367647058
geco22,362,17,2.0057444852941178
geco22,363,17,2.108111213235294
geco22,364,17,1.9933938419117647
geco22,365,17,1.9482996323529411
geco22,366,17,2.116498161764706
geco22,367,17,2.0964499080882355
geco22,368,17,1.8262867647058822
geco22,369,17,1.8887867647058822
geco22,370,17,1.8624195772058822
geco22,371,17,1.9893727022058822
geco22,372,17,1.931640625
geco22,373,17,1.984719669117647
geco22,374,17,2.0747931985294117
geco22,375,17,1.9352596507352942
geco22,376,17,2.068704044117647
geco22,377,17,2.0135569852941178
geco22,378,17,1.9835133272058822
geco22,379,17,1.8540900735294117
geco22,380,17,1.854836856617647
geco22,381,17,1.8516773897058822
geco22,382,17,1.8569623161764706
geco22,383,17,2.0863970588235294
geco22,384,17,1.8776999080882353
geco22,385,17,1.8911994485294117
geco22,386,17,1.8747702205882353
geco22,387,17,2.042624080882353
geco22,388,17,1.8606387867647058
geco22,389,17,1.8742532169117647
geco22,390,17,1.8615004595588236
geco22,391,17,1.9295151654411764
geco22,392,17,1.7853285845588236
geco22,393,17,1.9451976102941178
geco22,394,17,2.2140395220588234
geco22,395,17,1.9475528492647058
geco22,396,17,1.9052734375
geco22,397,17,2.0295266544117645
geco22,398,17,1.8635684742647058
geco22,399,17,1.912454044117647
geco22,400,17,1.9311236213235294
geco22,401,17,1.9783432904411764
geco22,402,17,1.7811351102941178
geco22,403,17,1.9458869485294117
geco22,404,17,1.8993566176470589
geco22,405,17,2.0440602022058822
geco22,406,17,2.054630055147059
geco22,407,17,1.8876953125
geco22,408,17,1.935202205882353
geco22,409,17,1.947610294117647
geco22,410,17,2.103458180147059
geco22,411,17,2.0140739889705883
geco22,412,17,2.108743106617647
geco22,413,17,1.855813419117647
geco22,414,17,2.129538143382353
geco22,415,17,1.9323299632352942
geco22,416,17,1.9116498161764706
geco22,417,17,1.9299172794117647
geco22,418,17,1.921875
geco22,419,17,1.861672794117647
geco22,420,17,1.9711626838235294
geco22,421,17,1.9711626838235294
geco22,422,17,1.8365119485294117
geco22,423,17,1.9880514705882353
geco22,424,17,2.1130514705882355
geco22,425,17,1.9760454963235294
geco22,426,17,1.9883386948529411
geco22,427,17,1.970703125
geco22,428,17,1.8477136948529411
geco22,429,17,1.7882582720588236
geco22,430,17,1.9285960477941178
geco22,431,17,2.0229779411764706
geco22,432,17,1.9504825367647058
geco22,433,17,2.047219669117647
geco22,434,17,1.8083065257352942
geco22,435,17,1.9511144301470589
geco22,436,17,2.0125804227941178
geco22,437,17,1.9311236213235294
geco22,438,17,1.9859260110294117
geco22,439,17,2.0105124080882355
geco22,440,17,2.005227481617647
geco22,441,17,1.974264705882353
geco22,442,17,1.8793658088235294
geco22,443,17,1.9482421875
geco22,444,17,1.838235294117647
geco22,445,17,1.9806410845588236
geco22,446,17,2.0830078125
geco22,447,17,2.026999080882353
geco22,448,17,1.8770680147058822
geco22,449,17,1.9071116727941178
geco22,450,17,1.8130170036764706
geco22,451,17,1.9970128676470589
geco22,452,17,2.024126838235294
geco22,453,17,2.2140969669117645
geco22,454,17,1.9590418198529411
geco22,455,17,1.813131893382353
geco22,456,17,1.8670726102941178
geco22,457,17,1.8929802389705883
geco22,458,17,1.8429457720588236
geco22,459,17,1.9798943014705883
geco22,460,17,1.8957950367647058
geco22,461,17,1.8265739889705883
geco22,462,17,2.23046875
geco22,463,17,1.9165326286764706
geco22,464,17,2.0141314338235294
geco22,465,17,2.0041360294117645
geco22,466,17,1.690085018382353
geco22,467,17,1.9141199448529411
geco22,468,17,1.8481732536764706
geco22,469,17,1.9481272977941178
geco22,470,17,2.008444393382353
geco22,471,17,1.9122817095588236
geco22,472,17,1.9836282169117647
geco22,473,17,1.8934972426470589
geco22,474,17,2.0005744485294117
geco22,475,17,1.9321576286764706
geco22,476,17,1.8723575367647058
geco22,477,17,1.9423828125
geco22,478,17,1.9141773897058822
geco22,479,17,1.986960018382353
geco22,480,17,1.9316980698529411
geco22,481,17,1.8828699448529411
geco22,482,17,1.8471392463235294
geco22,483,17,1.874655330882353
geco22,484,17,1.939453125
geco22,485,17,1.9299172794117647
geco22,486,17,2.0620978860294117
geco22,487,17,2.0588235294117645
geco22,488,17,1.9005629595588236
geco22,489,17,1.8376034007352942
geco22,490,17,2.033490349264706
geco22,491,17,1.9782284007352942
geco22,492,17,1.9191176470588236
geco22,493,17,1.9429572610294117
geco22,494,17,1.8833869485294117
geco22,495,17,1.9776539522058822
geco22,496,17,1.7845818014705883
geco22,497,17,1.8957950367647058
geco22,498,17,1.9971852022058822
geco22,499,17,2.0486557904411766
geco22,500,17,1.9458295036764706
geco22,501,17,1.9857536764705883
geco22,502,17,1.9389935661764706
geco22,503,17,1.98828125
geco22,504,17,1.8370863970588236
geco22,505,17,1.949850643382353
geco22,506,17,2.0118910845588234
geco22,507,17,1.9789177389705883
geco22,508,17,2.0349264705882355
geco22,509,17,2.010684742647059
geco22,510,17,1.9757869944852942
geco22,511,17,1.8060374540441178
geco22,512,17,1.951171875
geco22,513,17,1.7639590992647058
geco22,514,17,1.9151252297794117
geco22,515,17,2.2758501838235294
geco22,516,17,1.9178538602941178
geco22,517,17,2.0076976102941178
geco22,518,17,1.9816176470588236
geco22,519,17,1.8523092830882353
geco22,520,17,1.9093520220588236
geco22,521,17,1.9175666360294117
geco22,522,17,1.929342830882353
geco22,523,17,1.9488166360294117
geco22,524,17,1.9734604779411764
geco22,525,17,1.9201516544117647
geco22,526,17,1.8342141544117647
geco22,527,17,1.981789981617647
geco22,528,17,1.7278693704044117
geco22,529,17,1.8299488740808822
geco22,530,17,1.918478573069853
geco22,531,17,1.8638126148897058
geco22,532,17,1.8891457950367647
geco22,533,17,2.0946116727941178
geco22,534,17,1.9191750919117647
geco22,535,17,1.8448414522058822
geco22,536,17,1.8494370404411764
geco22,537,17,2.130916819852941
geco22,538,17,2.0401539522058822
geco22,539,17,1.9253791360294117
geco22,540,17,1.8664694393382353
geco22,541,17,1.907571231617647
geco22,542,17,1.9047564338235294
geco22,543,17,2.0382582720588234
geco22,544,17,1.8807444852941178
geco22,545,17,1.9870174632352942
geco22,546,17,1.9701861213235294
geco22,547,17,1.8663258272058822
geco22,548,17,1.9090073529411764
geco22,549,17,2.036420036764706
geco22,550,17,1.911764705882353
geco22,551,17,1.9883961397058822
geco22,552,17,1.8776424632352942
geco22,553,17,1.892922794117647
geco22,554,17,2.119427849264706
geco22,555,17,2.0300436580882355
geco22,556,17,2.023782169117647
geco22,557,17,1.8894186580882353
geco22,558,17,1.8999885110294117
geco22,559,17,1.8877527573529411
geco22,560,17,1.8982651654411764
geco22,561,17,1.8993566176470589
geco22,562,17,2.0105698529411766
geco22,563,17,2.061178768382353
geco22,564,17,2.023380055147059
geco22,565,17,1.8828699448529411
geco22,566,17,2.0818014705882355
geco22,567,17,1.8161764705882353
geco22,568,17,2.056353400735294
geco22,569,17,2.0177504595588234
geco22,570,17,1.8648322610294117
geco22,571,17,1.9581801470588236
geco22,572,17,2.0554342830882355
geco22,573,17,1.9576056985294117
geco22,574,17,1.920553768382353
geco22,575,17,1.9577205882352942
geco22,576,17,1.9852941176470589
geco22,577,17,1.9281364889705883
geco22,578,17,2.002987132352941
geco22,579,17,1.9653033088235294
geco22,580,17,1.9393382352941178
geco22,581,17,1.940774356617647
geco22,582,17,1.8423138786764706
geco22,583,17,1.9348000919117647
geco22,584,17,2.0418772977941178
geco22,585,17,1.9647288602941178
geco22,586,17,1.8804572610294117
geco22,587,17,1.9187155330882353
geco22,588,17,2.034811580882353
geco22,589,17,2.070599724264706
geco22,590,17,1.8630514705882353
geco22,591,17,2.1206916360294117
geco22,592,17,1.9246897977941178
geco22,593,17,1.869485294117647
geco22,594,17,2.0480813419117645
geco22,595,17,1.9447954963235294
geco22,596,17,2.0105698529411766
geco22,597,17,2.0750804227941178
geco22,598,17,2.081973805147059
geco22,599,17,2.0095358455882355
geco22,600,17,1.8729319852941178
geco22,601,17,2.0
geco22,602,17,1.8524816176470589
geco22,603,17,2.0235523897058822
geco22,604,17,1.869485294117647
geco22,605,17,2.0105698529411766
geco22,606,17,2.0288373161764706
geco22,607,17,2.0607192095588234
geco22,608,17,1.918600643382353
geco22,609,17,1.9445082720588236
geco22,610,17,1.9157284007352942
geco22,611,17,1.9723690257352942
geco22,612,17,1.9916704963235294
geco22,613,17,1.8334673713235294
geco22,614,17,1.9311236213235294
geco22,615,17,2.0876608455882355
geco22,616,17,1.9941980698529411
geco22,617,17,1.9022863051470589
geco22,618,17,2.0122931985294117
geco22,619,17,1.8246208639705883
geco22,620,17,1.889303768382353
geco22,621,17,1.9770220588235294
geco22,622,17,1.9182559742647058
geco22,623,17,1.9718520220588236
geco22,624,17,1.984030330882353
geco22,625,17,1.7871668198529411
geco22,626,17,1.9370978860294117
geco22,627,17,2.0190142463235294
geco22,628,17,1.981789981617647
geco22,629,17,1.9646139705882353
geco22,630,17,2.011661305147059
geco22,631,17,1.924172794117647
geco22,632,17,2.0300436580882355
geco22,633,17,2.0298713235294117
geco22,634,17,1.9072265625
geco22,635,17,2.013671875
geco22,636,17,2.0589958639705883
geco22,637,17,1.981789981617647
geco22,638,17,1.8783892463235294
geco22,639,17,2.066348805147059
geco22,640,17,1.9211282169117647
geco22,641,17,2.127585018382353
geco22,642,17,2.0476217830882355
geco22,643,17,1.9287683823529411
geco22,644,17,1.9081456801470589
geco22,645,17,2.0151654411764706
geco22,646,17,2.021139705882353
geco22,647,17,1.9665670955882353
geco22,648,17,2.0746208639705883
geco22,649,17,1.9477251838235294
geco22,650,17,1.994772518382353
geco22,651,17,1.798828125
geco22,652,17,1.947265625
geco22,653,17,2.040096507352941
geco22,654,17,1.7583295036764706
geco22,655,17,2.0129250919117645
geco22,656,17,1.9958639705882353
geco22,657,17,1.7589039522058822
geco22,658,17,1.9959788602941178
geco22,659,17,1.9001608455882353
geco22,660,17,1.941750919117647
geco22,661,17,1.9125114889705883
geco22,662,17,1.9495059742647058
geco22,663,17,2.077090992647059
geco22,664,17,2.025390625
geco22,665,17,2.001665900735294
geco22,666,17,1.9241153492647058
geco22,667,17,2.0460133272058822
geco22,668,17,2.0089039522058822
geco22,669,17,2.000689338235294
geco22,670,17,1.9438763786764706
geco22,671,17,1.7059397977941178
geco22,672,17,1.9111328125
geco22,673,17,1.9270450367647058
geco22,674,17,1.8216911764705883
geco22,675,17,1.9777113970588236
geco22,676,17,1.9093520220588236
geco22,677,17,1.9719094669117647
geco22,678,17,1.8018152573529411
geco22,679,17,2.029986213235294
geco22,680,17,1.978170955882353
geco22,681,17,1.8669577205882353
geco22,682,17,1.8564453125
geco22,683,17,2.0916245404411766
geco22,684,17,1.9424402573529411
geco22,685,17,2.0017807904411766
geco22,686,17,1.9558823529411764
geco22,687,17,2.0476792279411766
geco22,688,17,1.8853400735294117
geco22,689,17,1.9676011029411764
geco22,690,17,2.0707146139705883
geco22,691,17,1.8275505514705883
geco22,692,17,1.8992991727941178
geco22,693,17,2.1229319852941178
geco22,694,17,1.9005629595588236
geco22,695,17,1.9169921875
geco22,696,17,1.902688419117647
geco22,697,17,2.0199333639705883
geco22,698,17,1.872702205882353
geco22,699,17,2.0747357536764706
geco22,700,17,1.9492761948529411
geco22,701,17,1.7388556985294117
geco22,702,17,2.1822150735294117
geco22,703,17,1.9341107536764706
geco22,704,17,1.8998736213235294
geco22,705,17,1.873391544117647
geco22,706,17,1.9719094669117647
geco22,707,17,1.9851792279411764
geco22,708,17,1.8299632352941178
geco22,709,17,1.985983455882353
geco22,710,17,1.971047794117647
geco22,711,17,2.020450367647059
geco22,712,17,1.9005055147058822
geco22,713,17,1.9393956801470589
geco22,714,17,1.8727596507352942
geco22,715,17,1.9516888786764706
geco22,716,17,1.9635799632352942
geco22,717,17,2.049747242647059
geco22,718,17,1.9547909007352942
geco22,719,17,1.9887982536764706
geco22,720,17,1.9971852022058822
geco22,721,17,1.9792624080882353
geco22,722,17,1.9718520220588236
geco22,723,17,1.8988396139705883
geco22,724,17,1.8459903492647058
geco22,725,17,1.8934972426470589
geco22,726,17,1.9617991727941178
geco22,727,17,1.9441061580882353
geco22,728,17,1.8458754595588236
geco22,729,17,1.9318129595588236
geco22,730,17,1.8957950367647058
geco22,731,17,1.8165211397058822
geco22,732,17,1.8854549632352942
geco22,733,17,2.005916819852941
geco22,734,17,1.8458754595588236
geco22,735,17,1.8907398897058822
geco22,736,17,1.9310661764705883
geco22,737,17,1.9840877757352942
geco22,738,17,2.0128676470588234
geco22,739,17,2.0556640625
geco22,740,17,1.7915900735294117
geco22,741,17,1.841796875
geco22,742,17,2.0018382352941178
geco22,743,17,2.091164981617647
geco22,744,17,1.938821231617647
geco22,745,17,1.9111902573529411
geco22,746,17,2.1728515625
geco22,747,17,2.0306755514705883
geco22,748,17,2.0522748161764706
geco22,749,17,2.0674977022058822
geco22,750,17,2.0492876838235294
geco22,751,17,1.7670611213235294
geco22,752,17,1.892922794117647
geco22,753,17,2.031307444852941
geco22,754,17,2.0642807904411766
geco22,755,17,1.8969439338235294
geco22,756,17,2.0111443014705883
geco22,757,17,2.136374080882353
geco22,758,17,2.1058708639705883
geco22,759,17,1.9418658088235294
geco22,760,17,1.8430032169117647
geco22,761,17,1.7592486213235294
geco22,762,17,1.8012982536764706
geco22,763,17,2.006491268382353
geco22,764,17,2.0493451286764706
geco22,765,17,1.8882697610294117
geco22,766,17,1.9575482536764706
geco22,767,17,2.0922564338235294
geco22,768,17,1.9641544117647058
geco22,769,17,1.8601792279411764
geco22,770,17,1.8941291360294117
geco22,771,17,1.891256893382353
geco22,772,17,1.9828814338235294
geco22,773,17,2.113913143382353
geco22,774,17,1.8846507352941178
geco22,775,17,2.066463694852941
geco22,776,17,2.0382582720588234
geco22,777,17,1.9981043198529411
geco22,778,17,1.8964269301470589
geco22,779,17,2.0470473345588234
geco22,780,17,1.9347426470588236
geco22,781,17,1.8904526654411764
geco22,782,17,1.9152688419117647
geco22,783,17,2.0698529411764706
geco22,784,17,1.8929802389705883
geco22,785,17,1.8270909926470589
geco22,786,17,2.010454963235294
geco22,787,17,1.9099264705882353
geco22,788,17,1.9076861213235294
geco22,789,17,1.9624310661764706
geco22,790,17,1.8129595588235294
geco22,791,17,1.8588579963235294
geco22,792,17,1.9530101102941178
geco22,793,17,2.0076401654411766
geco22,794,17,1.9046989889705883
geco22,795,17,1.7934857536764706
geco22,796,17,2.0622702205882355
geco22,797,17,1.9241153492647058
geco22,798,17,1.9976447610294117
geco22,799,17,2.0695657169117645
geco22,800,17,1.8187614889705883
geco22,801,17,1.9835707720588236
geco22,802,17,1.8235294117647058
geco22,803,17,2.021139705882353
geco22,804,17,2.146484375
geco22,805,17,1.941750919117647
geco22,806,17,1.9198644301470589
geco22,807,17,2.059627757352941
geco22,808,17,2.052447150735294
geco22,809,17,1.9780560661764706
geco22,810,17,1.848288143382353
geco22,811,17,1.9736328125
geco22,812,17,1.8692555147058822
geco22,813,17,1.9600758272058822
geco22,814,17,1.9994829963235294
geco22,815,17,1.9611098345588236
geco22,816,17,1.943991268382353
geco22,817,17,1.841164981617647
geco22,818,17,1.9793772977941178
geco22,819,17,2.011029411764706
geco22,820,17,2.0695082720588234
geco22,821,17,1.7834903492647058
geco22,822,17,1.8042279411764706
geco22,823,17,1.9194048713235294
geco22,824,17,1.9800091911764706
geco22,825,17,1.898782169117647
geco22,826,17,2.056640625
geco22,827,17,1.8098000919117647
geco22,828,17,2.174460018382353
geco22,829,17,2.0252757352941178
geco22,830,17,1.9828814338235294
geco22,831,17,2.0376263786764706
geco22,832,17,2.0
geco22,833,17,1.9577205882352942
geco22,834,17,2.091796875
geco22,835,17,2.0464154411764706
geco22,836,17,1.7948644301470589
geco22,837,17,1.8889016544117647
geco22,838,17,2.115291819852941
geco22,839,17,1.8340992647058822
geco22,840,17,1.9015969669117647
geco22,841,17,1.8622472426470589
geco22,842,17,1.9628331801470589
geco22,843,17,2.0033892463235294
geco22,844,17,2.0288947610294117
geco22,845,17,2.0187844669117645
geco22,846,17,2.002987132352941
geco22,847,17,1.9153262867647058
geco22,848,17,1.8459903492647058
geco22,849,17,1.8818933823529411
geco22,850,17,1.9535845588235294
geco22,851,17,2.048138786764706
geco22,852,17,2.0180951286764706
geco22,853,17,1.818359375
geco22,854,17,1.9958065257352942
geco22,855,17,2.0004595588235294
geco22,856,17,2.0305032169117645
geco22,857,17,1.8069278492647058
geco22,858,17,2.1117876838235294
geco22,859,17,1.956399356617647
geco22,860,17,1.8776424632352942
geco22,861,17,1.9100413602941178
geco22,862,17,2.1328125
geco22,863,17,1.9589269301470589
geco22,864,17,1.8642003676470589
geco22,865,17,1.8570197610294117
geco22,866,17,1.9123965992647058
geco22,867,17,2.0072380514705883
geco22,868,17,2.009420955882353
geco22,869,17,1.8453010110294117
geco22,870,17,1.817727481617647
geco22,871,17,1.9676585477941178
geco22,872,17,1.8106043198529411
geco22,873,17,1.8342715992647058
geco22,874,17,1.966452205882353
geco22,875,17,1.9965533088235294
geco22,876,17,1.9034926470588236
geco22,877,17,1.9123965992647058
geco22,878,17,1.8836167279411764
geco22,879,17,1.9936810661764706
geco22,880,17,2.079790900735294
geco22,881,17,1.839499080882353
geco22,882,17,1.9223920036764706
geco22,883,17,1.8857421875
geco22,884,17,1.8491785386029411
geco22,885,17,1.8102309283088236
geco22,886,17,1.911721622242647
geco22,887,17,1.8639849494485294
geco22,888,17,2.305319393382353
geco22,889,16,1.807830810546875
geco22,890,16,1.8025054931640625
geco22,891,16,1.889068603515625
geco22,892,16,2.048431396484375
geco22,893,16,1.805145263671875
geco22,894,16,1.840606689453125
geco22,895,16,2.1826171875
geco22,896,16,1.871978759765625
geco22,897,16,2.20440673828125
geco22,898,16,1.802978515625
geco22,899,16,1.712432861328125
geco22,900,16,2.1280517578125
geco22,901,16,1.92181396484375
geco22,902,16,1.8620452880859375
geco22,903,16,1.8493499755859375
geco22,904,16,1.8021697998046875
geco22,905,16,1.7567138671875
geco22,906,16,2.21636962890625
geco22,907,16,1.8637237548828125
geco22,908,16,1.96905517578125
geco22,909,16,1.92498779296875
geco22,910,16,1.93994140625
geco22,911,16,1.8619384765625
geco22,912,16,2.02203369140625
geco22,913,16,1.82879638671875
geco22,914,16,1.686309814453125
geco22,915,16,2.19677734375
geco22,916,16,1.8668212890625
geco22,917,16,1.7569732666015625
geco22,918,16,1.857086181640625
geco22,919,16,1.791961669921875
geco22,920,16,1.872894287109375
geco22,921,16,1.8951568603515625
geco22,922,16,1.9411163330078125
geco22,923,16,1.94927978515625
geco22,924,16,2.01629638671875
geco22,925,16,1.8556671142578125
geco22,926,16,1.780914306640625
geco22,927,16,1.908538818359375
geco22,928,16,1.9562530517578125
geco22,929,16,1.8673095703125
geco22,930,16,1.913818359375
geco22,931,16,1.8583984375
geco22,932,16,1.80242919921875
geco22,933,16,2.046875
geco22,934,16,1.985107421875
geco22,935,16,1.901123046875
geco22,936,16,1.92572021484375
geco22,937,16,1.78369140625
geco22,938,16,1.760009765625
geco22,939,16,1.735595703125
geco22,940,16,1.84332275390625
geco22,941,16,1.78924560546875
geco22,942,16,2.13055419921875
geco22,943,16,1.7376251220703125
geco22,944,16,1.9326629638671875
geco22,945,16,2.19317626953125
geco22,946,16,1.8779296875
geco22,947,16,1.7312774658203125
geco22,948,16,2.04388427734375
geco22,949,16,1.8758392333984375
geco22,950,16,1.7519989013671875
geco22,951,16,1.630279541015625
geco22,952,16,1.933746337890625
geco22,953,16,1.6978302001953125
geco22,954,16,1.73956298828125
geco22,955,16,1.93756103515625
geco22,956,16,1.966552734375
geco22,957,16,2.16070556640625
geco22,958,16,1.7894287109375
geco22,959,16,1.7851715087890625
geco22,960,16,1.89202880859375
geco22,961,16,1.9219970703125
geco22,962,16,1.8226318359375
geco22,963,16,1.916015625
geco22,964,16,1.83074951171875
geco22,965,16,1.96588134765625
geco22,966,16,1.80181884765625
geco22,967,16,1.919769287109375
geco22,968,16,1.782196044921875
geco22,969,16,1.7799224853515625
geco22,970,16,1.6357955932617188
geco22,971,16,1.7808609008789062
geco22,972,16,1.7391891479492188
geco22,973,16,1.8451385498046875
geco22,974,16,1.611419677734375
geco22,975,16,2.4141845703125
geco22,976,16,1.828521728515625
geco22,977,16,1.7945098876953125
geco22,978,16,1.819854736328125
geco22,979,16,1.8179473876953125
geco22,980,16,1.841552734375
geco22,981,16,1.75689697265625
geco22,982,16,1.7646484375
geco22,983,16,1.9468994140625
geco22,984,16,2.09637451171875
geco22,985,16,1.9382476806640625
geco22,986,16,1.784576416015625
geco22,987,16,2.0061187744140625
geco22,988,16,1.7266387939453125
geco22,989,16,1.8058624267578125
geco22,990,16,1.7855377197265625
geco22,991,16,1.91070556640625
geco22,992,16,1.83154296875
geco22,993,16,2.1392822265625
geco22,994,16,1.88653564453125
geco22,995,16,1.785888671875
geco22,996,16,1.868133544921875
geco22,997,16,1.8450469970703125
geco22,998,16,1.8484039306640625
geco22,999,16,1.789215087890625
geco22,1000,16,1.7924957275390625
geco22,1001,16,1.812744140625
geco22,1002,16,2.15252685546875
geco22,1003,16,1.8992462158203125
geco22,1004,16,1.850067138671875
geco22,1005,16,2.017486572265625
geco22,1006,16,1.8879852294921875
geco22,1007,16,1.9752197265625
geco22,1008,16,1.9019775390625
geco22,1009,16,1.7893218994140625
geco22,1010,16,1.880035400390625
geco22,1011,16,2.03759765625
geco22,1012,16,1.90643310546875
geco22,1013,16,1.7488555908203125
geco22,1014,16,1.7089385986328125
geco22,1015,16,1.8283233642578125
geco22,1016,16,1.8066558837890625
geco22,1017,16,1.9261932373046875
geco22,1018,16,1.8857421875
geco22,1019,16,1.9334564208984375
geco22,1020,16,2.0487060546875
geco22,1021,16,1.990386962890625
geco22,1022,16,1.6883087158203125
geco22,1023,16,2.14691162109375
geco22,1024,16,1.882080078125
geco22,1025,16,1.829193115234375
geco22,1026,16,2.0186767578125
geco22,1027,16,1.9118194580078125
geco22,1028,16,1.78167724609375
geco22,1029,16,2.0362548828125
geco22,1030,16,1.872711181640625
geco22,1031,16,1.864990234375
geco22,1032,16,1.7922210693359375
geco22,1033,16,1.7795867919921875
geco22,1034,16,1.6506500244140625
geco22,1035,16,1.95635986328125
geco22,1036,16,1.836395263671875
geco22,1037,16,1.8595428466796875
geco22,1038,16,1.8649444580078125
geco22,1039,16,1.92913818359375
geco22,1040,16,1.85394287109375
geco22,1041,16,1.945556640625
geco22,1042,16,1.77508544921875
geco22,1043,16,1.82635498046875
geco22,1044,16,1.82696533203125
geco22,1045,16,1.8868408203125
geco22,1046,16,1.91766357421875
geco22,1047,16,1.86676025390625
geco22,1048,16,1.8565826416015625
geco22,1049,16,1.7476806640625
geco22,1050,16,1.81414794921875
geco22,1051,16,1.91827392578125
geco22,1052,16,1.69183349609375
geco22,1053,16,1.859619140625
geco22,1054,16,1.9737548828125
geco22,1055,16,1.82733154296875
geco22,1056,16,1.8419189453125
geco22,1057,16,1.8275146484375
geco22,1058,16,1.977294921875
geco22,1059,16,2.259765625
geco22,1060,16,1.886566162109375
geco22,1061,16,1.9748077392578125
geco22,1062,16,2.02557373046875
geco22,1063,16,1.6492919921875
geco22,1064,16,1.8439788818359375
geco22,1065,16,1.7983551025390625
geco22,1066,16,1.9716796875
geco22,1067,16,1.83526611328125
geco22,1068,16,1.7813262939453125
geco22,1069,16,1.91796875
geco22,1070,16,1.87939453125
geco22,1071,16,1.7406005859375
geco22,1072,16,1.811279296875
geco22,1073,16,1.80487060546875
geco22,1074,16,1.869384765625
geco22,1075,16,1.81378173828125
geco22,1076,16,1.88958740234375
geco22,1077,16,2.119384765625
geco22,1078,16,1.9203643798828125
geco22,1079,16,1.7589569091796875
geco22,1080,16,1.899261474609375
geco22,1081,16,1.905426025390625
geco22,1082,16,1.9074249267578125
geco22,1083,16,1.9658203125
geco22,1084,16,1.948486328125
geco22,1085,16,2.00897216796875
geco22,1086,16,2.0887451171875
geco22,1087,16,1.6670379638671875
geco22,1088,16,1.71820068359375
geco22,1089,16,1.94366455078125
geco22,1090,16,1.8616180419921875
geco22,1091,16,1.879669189453125
geco22,1092,16,2.007568359375
geco22,1093,16,2.01446533203125
geco22,1094,16,1.8519439697265625
geco22,1095,16,2.05615234375
geco22,1096,16,1.862762451171875
geco22,1097,16,1.760894775390625
geco22,1098,16,1.8615570068359375
geco22,1099,16,1.9883880615234375
geco22,1100,16,1.8512115478515625
geco22,1101,16,1.7872314453125
geco22,1102,16,1.76385498046875
geco22,1103,16,1.85748291015625
geco22,1104,16,1.6556396484375
geco22,1105,16,1.86767578125
geco22,1106,16,1.845245361328125
geco22,1107,16,1.872711181640625
geco22,1108,16,1.6223297119140625
geco22,1109,16,1.68646240234375
geco22,1110,16,1.6701736450195312
geco22,1111,16,1.8053474426269531
geco22,1112,16,1.7084579467773438
geco22,1113,16,1.7494373321533203
geco22,1114,16,1.7243843078613281
geco22,1115,16,1.7823162078857422
geco22,1116,16,1.9901123046875
geco22,1117,16,1.6888656616210938
geco22,1118,16,1.7092094421386719
geco22,1119,16,1.8032302856445312
geco22,1120,16,1.7508811950683594
geco22,1121,16,1.7661113739013672
geco22,1122,16,1.7231922149658203
geco22,1123,16,1.720022201538086
geco22,1124,16,1.6381454467773438
geco22,1125,16,1.7574405670166016
geco22,1126,16,1.6429405212402344
geco22,1127,16,1.681783676147461
geco22,1128,16,1.6760025024414062
geco22,1129,16,1.7454719543457031
geco22,1130,16,1.7269153594970703
geco22,1131,16,1.9306869506835938
geco22,1132,16,1.6776065826416016
geco22,1133,16,1.6118173599243164
geco22,1134,16,1.9858388900756836
geco22,1135,16,1.668161392211914
geco22,1136,16,1.8152008056640625
geco22,1137,16,1.8470630645751953
geco22,1138,16,1.7408599853515625
geco22,1139,16,1.8446044921875
geco22,1140,16,2.105253219604492
geco22,1141,16,1.6858501434326172
geco22,1142,16,1.6990680694580078
geco22,1143,16,1.692831039428711
geco22,1144,16,1.7144527435302734
geco22,1145,16,1.823221206665039
geco22,1146,16,1.698068618774414
geco22,1147,16,1.729278564453125
geco22,1148,16,1.7387409210205078
geco22,1149,16,2.150266647338867
geco22,1150,16,1.7839183807373047
geco22,1151,16,1.7836341857910156
geco22,1152,16,1.7793903350830078
geco22,1153,16,1.8419532775878906
geco22,1154,16,1.635965347290039
geco22,1155,16,1.6972370147705078
geco22,1156,16,1.8743152618408203
geco22,1157,16,1.7073383331298828
geco22,1158,16,1.8709449768066406
geco22,1159,16,1.769927978515625
geco22,1160,16,1.7218456268310547
geco22,1161,16,1.642263412475586
geco22,1162,16,1.7237186431884766
geco22,1163,16,2.0751495361328125
geco22,1164,16,1.91302490234375
geco22,1165,16,1.74371337890625
geco22,1166,16,1.9007568359375
geco22,1167,16,1.912109375
geco22,1168,16,1.925048828125
geco22,1169,16,1.82574462890625
geco22,1170,16,2.1239013671875
geco22,1171,16,2.1120758056640625
geco22,1172,16,1.773834228515625
geco22,1173,16,2.06195068359375
geco22,1174,16,1.84765625
geco22,1175,16,1.721221923828125
geco22,1176,16,1.783294677734375
geco22,1177,16,1.7684173583984375
geco22,1178,16,1.9353790283203125
geco22,1179,16,1.9351806640625
geco22,1180,16,1.79583740234375
geco22,1181,16,1.8070068359375
geco22,1182,16,2.0938720703125
geco22,1183,16,1.9715576171875
geco22,1184,16,1.952117919921875
geco22,1185,16,1.899627685546875
geco22,1186,16,1.9066314697265625
geco22,1187,16,1.7616729736328125
geco22,1188,16,1.7657012939453125
geco22,1189,16,1.78521728515625
geco22,1190,16,1.86456298828125
geco22,1191,16,1.813232421875
geco22,1192,16,1.7650146484375
geco22,1193,16,1.8922119140625
geco22,1194,16,1.89129638671875
geco22,1195,16,1.9244384765625
geco22,1196,16,1.89739990234375
geco22,1197,16,1.81011962890625
geco22,1198,16,1.83935546875
geco22,1199,16,1.83941650390625
geco22,1200,16,2.052978515625
geco22,1201,16,1.6921234130859375
geco22,1202,16,1.8366241455078125
geco22,1203,16,1.9756622314453125
geco22,1204,16,1.80413818359375
geco22,1205,16,1.83636474609375
geco22,1206,16,1.7490234375
geco22,1207,16,1.8583984375
geco22,1208,16,1.72503662109375
geco22,1209,16,2.0335693359375
geco22,1210,16,1.939361572265625
geco22,1211,16,1.8301849365234375
geco22,1212,16,2.1619873046875
geco22,1213,16,1.8483734130859375
geco22,1214,16,1.9125518798828125
geco22,1215,16,1.9656982421875
geco22,1216,16,1.795440673828125
geco22,1217,16,2.0152130126953125
geco22,1218,16,1.92877197265625
geco22,1219,16,1.870880126953125
geco22,1220,16,1.81854248046875
geco22,1221,16,1.6714630126953125
geco22,1222,16,1.9344024658203125
geco22,1223,16,1.812347412109375
geco22,1224,16,1.9275970458984375
geco22,1225,16,1.8739776611328125
geco22,1226,16,1.7591705322265625
geco22,1227,16,1.7611846923828125
geco22,1228,16,1.8493804931640625
geco22,1229,16,1.8367462158203125
geco22,1230,16,2.0004425048828125
geco22,1231,16,1.879638671875
geco22,1232,16,1.94189453125
geco22,1233,16,2.08673095703125
geco22,1234,16,1.7760009765625
geco22,1235,16,1.920135498046875
geco22,1236,16,2.12939453125
geco22,1237,16,1.9496612548828125
geco22,1238,16,1.8557891845703125
geco22,1239,16,2.07183837890625
geco22,1240,16,1.93585205078125
geco22,1241,16,1.8462371826171875
geco22,1242,16,1.856964111328125
geco22,1243,16,1.666961669921875
geco22,1244,16,1.870208740234375
geco22,1245,16,1.780059814453125
geco22,1246,16,1.749908447265625
geco22,1247,16,1.8672637939453125
geco22,1248,16,1.96600341796875
geco22,1249,16,1.8125
geco22,1250,16,1.80645751953125
geco22,1251,16,1.83172607421875
geco22,1252,16,1.75152587890625
geco22,1253,16,1.7099609375
geco22,1254,16,1.814453125
geco22,1255,16,1.77874755859375
geco22,1256,16,1.83990478515625
geco22,1257,16,1.8162841796875
geco22,1258,16,1.909912109375
geco22,1259,16,1.92108154296875
geco22,1260,16,1.95196533203125
geco22,1261,16,1.98382568359375
geco22,1262,16,1.85992431640625
geco22,1263,16,2.22467041015625
geco22,1264,16,1.8204803466796875
geco22,1265,16,1.7263946533203125
geco22,1266,16,2.0157470703125
geco22,1267,16,1.8703155517578125
geco22,1268,16,1.99407958984375
geco22,1269,16,1.845916748046875
geco22,1270,16,1.7467193603515625
geco22,1271,16,1.80523681640625
geco22,1272,16,1.87579345703125
geco22,1273,16,1.830078125
geco22,1274,16,1.76129150390625
geco22,1275,16,1.85302734375
geco22,1276,16,1.849365234375
geco22,1277,16,1.84490966796875
geco22,1278,16,1.72430419921875
geco22,1279,16,1.9049072265625
geco22,1280,16,1.8536376953125
geco22,1281,16,2.12408447265625
geco22,1282,16,1.882110595703125
geco22,1283,16,1.9102935791015625
geco22,1284,16,1.797821044921875
geco22,1285,16,1.8258209228515625
geco22,1286,16,1.8893585205078125
geco22,1287,16,1.78387451171875
geco22,1288,16,1.8919677734375
geco22,1289,16,1.87322998046875
geco22,1290,16,2.008056640625
geco22,1291,16,1.9664459228515625
geco22,1292,16,1.96484375
geco22,1293,16,1.747222900390625
geco22,1294,16,1.7454986572265625
geco22,1295,16,1.8041534423828125
geco22,1296,16,1.8558502197265625
geco22,1297,16,1.8098297119140625
geco22,1298,16,1.8514404296875
geco22,1299,16,1.7825927734375
geco22,1300,16,1.8623046875
geco22,1301,16,1.90924072265625
geco22,1302,16,1.80242919921875
geco22,1303,16,1.963623046875
geco22,1304,16,1.84759521484375
geco22,1305,16,1.9888916015625
geco22,1306,16,1.8123779296875
geco22,1307,16,1.82373046875
geco22,1308,16,2.01556396484375
geco22,1309,16,1.8555908203125
geco22,1310,16,1.83477783203125
geco22,1311,16,1.78387451171875
geco22,1312,16,1.77752685546875
geco22,1313,16,1.9443359375
geco22,1314,16,1.91302490234375
geco22,1315,16,1.7818603515625
geco22,1316,16,1.79119873046875
geco22,1317,16,1.79315185546875
geco22,1318,16,1.744384765625
geco22,1319,16,1.91357421875
geco22,1320,16,1.89837646484375
geco22,1321,16,1.78570556640625
geco22,1322,16,1.78436279296875
geco22,1323,16,1.84173583984375
geco22,1324,16,1.790283203125
geco22,1325,16,1.64385986328125
geco22,1326,16,1.89300537109375
geco22,1327,16,1.88568115234375
geco22,1328,16,1.76556396484375
geco22,1329,16,1.9146041870117188
geco22,1330,16,1.746826171875
geco22,1331,16,1.9409713745117188
geco22,1332,16,2.181884765625
geco22,1333,16,1.8795166015625
geco22,1334,16,1.9719085693359375
geco22,1335,16,2.152252197265625
geco22,1336,16,1.5478515625
geco22,1337,16,1.8256378173828125
geco22,1338,16,1.77386474609375
geco22,1339,16,1.9190673828125
geco22,1340,16,1.77886962890625
geco22,1341,16,1.802001953125
geco22,1342,16,1.8092041015625
geco22,1343,16,1.88690185546875
geco22,1344,16,1.8420867919921875
geco22,1345,16,1.8212890625
geco22,1346,16,1.90301513671875
geco22,1347,16,1.8389739990234375
geco22,1348,16,1.9912109375
geco22,1349,16,1.94384765625
geco22,1350,16,1.9897384643554688
geco22,1351,16,1.8883056640625
geco22,1352,16,1.8243408203125
geco22,1353,16,1.7891769409179688
geco22,1354,16,1.790283203125
geco22,1355,16,1.8107833862304688
geco22,1356,16,2.0183639526367188
geco22,1357,16,1.9680709838867188
geco22,1358,16,1.7773361206054688
geco22,1359,16,2.19696044921875
geco22,1360,16,1.8546905517578125
geco22,1361,16,1.7548675537109375
geco22,1362,16,1.7854766845703125
geco22,1363,16,1.7990036010742188
geco22,1364,16,1.7766647338867188
geco22,1365,16,1.75872802734375
geco22,1366,16,1.8745040893554688
geco22,1367,16,1.9750823974609375
geco22,1368,16,2.1617431640625
geco22,1369,16,1.89202880859375
geco22,1370,16,1.838623046875
geco22,1371,16,2.1116943359375
geco22,1372,16,1.7224884033203125
geco22,1373,16,1.8247222900390625
geco22,1374,16,2.13385009765625
geco22,1375,16,1.78857421875
geco22,1376,16,2.13433837890625
geco22,1377,16,2.0318603515625
geco22,1378,16,1.886138916015625
geco22,1379,16,1.86474609375
geco22,1380,16,1.7957305908203125
geco22,1381,16,1.8827056884765625
geco22,1382,16,1.8792648315429688
geco22,1383,16,1.94757080078125
geco22,1384,16,1.9521636962890625
geco22,1385,16,1.721527099609375
geco22,1386,16,1.95379638671875
geco22,1387,16,1.9491424560546875
geco22,1388,16,1.9984283447265625
geco22,1389,16,2.04681396484375
geco22,1390,16,2.0200042724609375
geco22,1391,16,1.63800048828125
geco22,1392,16,2.02239990234375
geco22,1393,16,1.9981842041015625
geco22,1394,16,1.9569549560546875
geco22,1395,16,1.790618896484375
geco22,1396,16,1.8966064453125
geco22,1397,16,1.8397979736328125
geco22,1398,16,1.7254180908203125
geco22,1399,16,1.88836669921875
geco22,1400,16,1.99200439453125
geco22,1401,16,1.86248779296875
geco22,1402,16,1.80206298828125
geco22,1403,16,1.8182373046875
geco22,1404,16,1.814453125
geco22,1405,16,1.8076171875
geco22,1406,16,1.82305908203125
geco22,1407,16,1.79925537109375
geco22,1408,16,2.0137939453125
geco22,1409,16,1.8375244140625
geco22,1410,16,1.8768310546875
geco22,1411,16,1.80047607421875
geco22,1412,16,1.8624267578125
geco22,1413,16,1.73382568359375
geco22,1414,16,1.86572265625
geco22,1415,16,1.87359619140625
geco22,1416,16,1.99261474609375
geco22,1417,16,1.82879638671875
geco22,1418,16,1.69866943359375
geco22,1419,16,2.0279541015625
geco22,1420,16,1.836944580078125
geco22,1421,16,2.044891357421875
geco22,1422,16,2.02685546875
geco22,1423,16,1.8537139892578125
geco22,1424,16,1.8164825439453125
geco22,1425,16,1.7505950927734375
geco22,1426,16,1.8562469482421875
geco22,1427,16,1.9187164306640625
geco22,1428,16,1.8979644775390625
geco22,1429,16,1.9961700439453125
geco22,1430,16,1.8869171142578125
geco22,1431,16,1.8050537109375
geco22,1432,16,1.7979736328125
geco22,1433,16,1.78363037109375
geco22,1434,16,1.8879547119140625
geco22,1435,16,1.762939453125
geco22,1436,16,1.9095382690429688
geco22,1437,16,1.97576904296875
geco22,1438,16,1.7322845458984375
geco22,1439,16,1.8625030517578125
geco22,1440,16,1.8192138671875
geco22,1441,16,1.7704315185546875
geco22,1442,16,1.64569091796875
geco22,1443,16,1.76055908203125
geco22,1444,16,2.0682373046875
geco22,1445,16,2.16668701171875
geco22,1446,16,1.833343505859375
geco22,1447,16,2.08306884765625
geco22,1448,16,2.31390380859375
geco22,1449,16,1.88873291015625
geco22,1450,16,2.01806640625
geco22,1451,16,1.95001220703125
geco22,1452,16,2.039306640625
geco22,1453,16,2.15576171875
geco22,1454,16,1.98675537109375
geco22,1455,16,1.9376220703125
geco22,1456,16,1.97198486328125
geco22,1457,16,1.927001953125
geco22,1458,16,2.05743408203125
geco22,1459,16,1.91448974609375
geco22,1460,16,1.88946533203125
geco22,1461,16,2.00433349609375
geco22,1462,16,1.93890380859375
geco22,1463,16,1.99188232421875
geco22,1464,16,1.87884521484375
geco22,1465,16,1.93682861328125
geco22,1466,16,1.89361572265625
geco22,1467,16,2.04632568359375
geco22,1468,16,1.8563232421875
geco22,1469,16,2.07757568359375
geco22,1470,16,2.08111572265625
geco22,1471,16,1.908203125
geco22,1472,16,1.842529296875
geco22,1473,16,1.9681396484375
geco22,1474,16,1.82940673828125
geco22,1475,16,2.15618896484375
geco22,1476,16,1.91705322265625
geco22,1477,16,2.22381591796875
geco22,1478,16,1.87823486328125
geco22,1479,16,1.99053955078125
geco22,1480,16,2.066162109375
geco22,1481,16,2.01312255859375
geco22,1482,16,1.88616943359375
geco22,1483,16,1.81500244140625
geco22,1484,16,2.00823974609375
geco22,1485,16,1.87005615234375
geco22,1486,16,2.00189208984375
geco22,1487,16,2.0679931640625
geco22,1488,16,1.76824951171875
geco22,1489,16,1.8687744140625
geco22,1490,16,1.92327880859375
geco22,1491,16,1.887939453125
geco22,1492,16,2.10186767578125
geco22,1493,16,1.956298828125
geco22,1494,16,1.8463134765625
geco22,1495,16,1.8907470703125
geco22,1496,16,1.775634765625
geco22,1497,16,1.94134521484375
geco22,1498,16,1.96734619140625
geco22,1499,16,2.02685546875
geco22,1500,16,1.85565185546875
geco22,1501,16,1.84637451171875
geco22,1502,16,1.9439697265625
geco22,1503,16,1.92132568359375
geco22,1504,16,2.17376708984375
geco22,1505,16,2.08367919921875
geco22,1506,16,1.8992919921875
geco22,1507,16,2.1068115234375
geco22,1508,16,1.961181640625
geco22,1509,16,1.86944580078125
geco22,1510,16,1.92877197265625
geco22,1511,16,1.838134765625
geco22,1512,16,2.04046630859375
geco22,1513,16,2.01812744140625
geco22,1514,16,1.69189453125
geco22,1515,16,1.98553466796875
geco22,1516,16,1.97161865234375
geco22,1517,16,1.95770263671875
geco22,1518,16,1.93377685546875
geco22,1519,16,1.8524169921875
geco22,1520,16,2.016357421875
geco22,1521,16,1.88934326171875
geco22,1522,16,1.92626953125
geco22,1523,16,2.012451171875
geco22,1524,16,1.99566650390625
geco22,1525,16,2.00390625
geco22,1526,16,1.81573486328125
geco22,1527,16,1.85198974609375
geco22,1528,16,1.92303466796875
geco22,1529,16,2.0867919921875
geco22,1530,16,1.89251708984375
geco22,1531,16,1.88818359375
geco22,1532,16,1.96234130859375
geco22,1533,16,1.833740234375
geco22,1534,16,1.856201171875
geco22,1535,16,1.90313720703125
geco22,1536,16,2.0911865234375
geco22,1537,16,2.07830810546875
geco22,1538,16,1.94696044921875
geco22,1539,16,2.0181884765625
geco22,1540,16,1.93939208984375
geco22,1541,16,1.9444580078125
geco22,1542,16,1.81982421875
geco22,1543,16,2.08441162109375
geco22,1544,16,1.904541015625
geco22,1545,16,2.0230712890625
geco22,1546,16,1.83856201171875
geco22,1547,16,1.81689453125
geco22,1548,16,1.982666015625
geco22,1549,16,1.81695556640625
geco22,1550,16,1.86737060546875
geco22,1551,16,2.1162109375
geco22,1552,16,1.87115478515625
geco22,1553,16,1.78826904296875
geco22,1554,16,2.08184814453125
geco22,1555,16,1.85699462890625
geco22,1556,16,2.05010986328125
geco22,1557,16,2.03521728515625
geco22,1558,16,1.94268798828125
geco22,1559,16,1.9012451171875
geco22,1560,16,2.0814208984375
geco22,1561,16,2.01104736328125
geco22,1562,16,1.91876220703125
geco22,1563,16,2.11431884765625
geco22,1564,16,1.886962890625
geco22,1565,16,2.059326171875
geco22,1566,16,1.92181396484375
geco22,1567,16,1.90625
geco22,1568,16,2.00848388671875
geco22,1569,16,1.876953125
geco22,1570,16,1.8580322265625
geco22,1571,16,1.95513916015625
geco22,1572,16,1.9896240234375
geco22,1573,16,1.9757080078125
geco22,1574,16,1.94580078125
geco22,1575,16,1.93011474609375
geco22,1576,16,1.82623291015625
geco22,1577,16,1.99993896484375
geco22,1578,16,2.04296875
geco22,1579,16,2.05126953125
geco22,1580,16,2.00262451171875
geco22,1581,16,1.82684326171875
geco22,1582,16,1.9512939453125
geco22,1583,16,1.89105224609375
geco22,1584,16,1.9188232421875
geco22,1585,16,1.81683349609375
geco22,1586,16,2.00927734375
geco22,1587,16,2.07843017578125
geco22,1588,16,1.9073486328125
geco22,1589,16,1.923828125
geco22,1590,16,1.938720703125
geco22,1591,16,1.813720703125
geco22,1592,16,2.17803955078125
geco22,1593,16,1.93511962890625
geco22,1594,16,1.7601318359375
geco22,1595,16,1.9161376953125
geco22,1596,16,1.97760009765625
geco22,1597,16,2.017822265625
geco22,1598,16,1.91619873046875
geco22,1599,16,1.87255859375
geco22,1600,16,2.0194091796875
geco22,1601,16,2.07550048828125
geco22,1602,16,1.9188232421875
geco22,1603,16,1.8980712890625
geco22,1604,16,2.1201171875
geco22,1605,16,2.03424072265625
geco22,1606,16,1.994384765625
geco22,1607,16,1.8173828125
geco22,1608,16,1.843017578125
geco22,1609,16,1.90380859375
geco22,1610,16,1.941162109375
geco22,1611,16,1.77880859375
geco22,1612,16,2.17559814453125
geco22,1613,16,1.94879150390625
geco22,1614,16,2.01605224609375
geco22,1615,16,2.05615234375
geco22,1616,16,1.85302734375
geco22,1617,16,1.9556884765625
geco22,1618,16,1.89508056640625
geco22,1619,16,1.927001953125
geco22,1620,16,1.91314697265625
geco22,1621,16,1.9156494140625
geco22,1622,16,2.010009765625
geco22,1623,16,1.843017578125
geco22,1624,16,1.75152587890625
geco22,1625,16,1.87139892578125
geco22,1626,16,1.9140777587890625
geco22,1627,16,1.8455352783203125
geco22,1628,16,1.9808502197265625
geco22,1629,16,1.744049072265625
geco22,1630,16,1.7679634094238281
geco22,1631,16,1.8088417053222656
geco22,1632,16,1.8467254638671875
geco22,1633,16,1.68853759765625
geco22,1634,16,1.8892021179199219
geco22,1635,16,1.8526363372802734
geco22,1636,16,1.7563419342041016
geco22,1637,16,1.67987060546875
geco22,1638,16,1.7811279296875
geco22,1639,16,1.9955558776855469
geco22,1640,16,1.7004280090332031
geco22,1641,16,1.8753585815429688
geco22,1642,16,1.6954364776611328
geco22,1643,16,1.85089111328125
geco22,1644,16,1.841360092163086
geco22,1645,16,1.790313720703125
geco22,1646,16,1.8108692169189453
geco22,1647,16,1.9481868743896484
geco22,1648,16,1.7120094299316406
geco22,1649,16,1.6754817962646484
geco22,1650,16,1.92724609375
geco22,1651,16,2.04388427734375
geco22,1652,16,1.92767333984375
geco22,1653,16,1.8817787170410156
geco22,1654,16,1.8371620178222656
geco22,1655,16,1.966796875
geco22,1656,16,1.7108345031738281
geco22,1657,16,1.8375473022460938
geco22,1658,16,2.34326171875
geco22,1659,16,2.0054931640625
geco22,1660,16,1.94317626953125
geco22,1661,16,2.01776123046875
geco22,1662,16,1.933837890625
geco22,1663,16,2.12835693359375
geco22,1664,16,1.8544921875
geco22,1665,16,1.8023681640625
geco22,1666,16,1.93994140625
geco22,1667,16,2.09698486328125
geco22,1668,16,1.95556640625
geco22,1669,16,1.87994384765625
geco22,1670,16,2.00384521484375
geco22,1671,16,1.95794677734375
geco22,1672,16,1.828125
geco22,1673,16,1.914398193359375
geco22,1674,16,1.872100830078125
geco22,1675,16,1.7754974365234375
geco22,1676,16,1.9482879638671875
geco22,1677,16,1.7999114990234375
geco22,1678,16,1.98480224609375
geco22,1679,16,1.8488388061523438
geco22,1680,16,1.891693115234375
geco22,1681,16,1.9857559204101562
geco22,1682,16,1.87774658203125
geco22,1683,16,1.836456298828125
geco22,1684,16,1.7377243041992188
geco22,1685,16,1.98736572265625
geco22,1686,16,1.778717041015625
geco22,1687,16,1.7447662353515625
geco22,1688,16,1.7309417724609375
geco22,1689,16,1.86456298828125
geco22,1690,16,1.7637138366699219
geco22,1691,16,1.7297496795654297
geco22,1692,16,1.6035842895507812
geco22,1693,16,1.8032970428466797
geco22,1694,16,1.667287826538086
geco22,1695,16,1.7603797912597656
geco22,1696,16,1.6299324035644531
geco22,1697,16,1.7331562042236328
geco22,1698,16,1.7283897399902344
geco22,1699,16,1.637681007385254
geco22,1700,16,1.772348403930664
geco22,1701,16,1.7699804306030273
geco22,1702,16,1.6848335266113281
geco22,1703,16,1.7098522186279297
geco22,1704,16,1.6922225952148438
geco22,1705,16,1.8440227508544922
geco22,1706,16,1.8071365356445312
geco22,1707,16,1.7676591873168945
geco22,1708,16,1.8491296768188477
geco22,1709,16,1.8136749267578125
geco22,1710,16,1.7317733764648438
geco22,1711,16,1.7238779067993164
geco22,1712,16,1.7395095825195312
geco22,1713,16,1.779458999633789
geco22,1714,16,1.7874908447265625
geco22,1715,16,1.734842300415039
geco22,1716,16,1.6575946807861328
geco22,1717,16,1.7636847496032715
geco22,1718,16,1.6541900634765625
geco22,1719,16,1.8436899185180664
geco22,1720,16,1.5950250625610352
geco22,1721,16,1.6615486145019531
geco22,1722,16,1.7206249237060547
geco22,1723,16,1.7404990196228027
geco22,1724,16,1.7346925735473633
geco22,1725,16,1.7336320877075195
geco22,1726,16,1.657303810119629
geco22,1727,16,1.7788000106811523
geco22,1728,16,1.5819072723388672
geco22,1729,16,1.7582502365112305
geco22,1730,16,1.7255916595458984
geco22,1731,16,1.6450328826904297
geco22,1732,16,1.5562400817871094
geco22,1733,16,1.7706947326660156
geco22,1734,16,1.5890426635742188
geco22,1735,16,1.8184566497802734
geco22,1736,16,1.9986991882324219
geco22,1737,16,1.691946029663086
geco22,1738,16,1.7332382202148438
geco22,1739,16,1.6912498474121094
geco22,1740,16,2.1995697021484375
geco22,1741,16,1.7676658630371094
geco22,1742,16,1.826456069946289
geco22,1743,16,1.893331527709961
geco22,1744,16,1.7921905517578125
geco22,1745,16,1.9234333038330078
geco22,1746,16,1.8004798889160156
geco22,1747,16,1.975839614868164
geco22,1748,16,1.7332611083984375
geco22,1749,16,1.857229232788086
geco22,1750,16,1.8846664428710938
geco22,1751,16,1.875833511352539
geco22,1752,16,1.8897247314453125
geco22,1753,16,1.7433128356933594
geco22,1754,16,1.7933521270751953
geco22,1755,16,1.8087215423583984
geco22,1756,16,1.7708396911621094
geco22,1757,16,1.907674789428711
geco22,1758,16,1.919576644897461
geco22,1759,16,1.9415550231933594
geco22,1760,16,1.7282867431640625
geco22,1761,16,1.7071876525878906
geco22,1762,16,1.7039108276367188
geco22,1763,16,1.806396484375
geco22,1764,16,1.6611709594726562
geco22,1765,16,2.01739501953125
geco22,1766,16,1.7769622802734375
geco22,1767,16,1.5766067504882812
geco22,1768,16,1.8892745971679688
geco22,1769,16,1.9515190124511719
geco22,1770,16,1.715728759765625
geco22,1771,16,1.6631698608398438
geco22,1772,16,1.9902381896972656
geco22,1773,16,1.7853240966796875
geco22,1774,16,1.8292388916015625
geco22,1775,16,1.8255767822265625
geco22,1776,16,1.7981719970703125
geco22,1777,16,1.8890533447265625
geco22,1778,16,1.785867691040039
geco22,1779,16,1.7809677124023438
geco22,1780,16,1.7010412216186523
geco22,1781,16,1.9907855987548828
geco22,1782,16,1.7788810729980469
geco22,1783,16,1.8733463287353516
geco22,1784,16,1.7637395858764648
geco22,1785,16,1.8069047927856445
geco22,1786,16,1.7300453186035156
geco22,1787,16,1.889627456665039
geco22,1788,16,1.8546180725097656
geco22,1789,16,2.0512866973876953
geco22,1790,16,1.9954195022583008
geco22,1791,16,1.9139747619628906
geco22,1792,16,1.7851276397705078
geco22,1793,16,1.6644439697265625
geco22,1794,16,1.6421003341674805
geco22,1795,16,1.9340753555297852
geco22,1796,16,1.794276237487793
geco22,1797,16,1.897542953491211
geco22,1798,16,2.0179576873779297
geco22,1799,16,1.7419910430908203
geco22,1800,16,1.7716102600097656
geco22,1801,16,1.8992481231689453
geco22,1802,16,1.8573112487792969
geco22,1803,16,1.8270626068115234
geco22,1804,16,1.9605712890625
geco22,1805,16,1.9272708892822266
geco22,1806,16,1.7737674713134766
geco22,1807,16,1.915191650390625
geco22,1808,16,2.2305908203125
geco22,1809,16,2.0718994140625
geco22,1810,16,2.08343505859375
geco22,1811,16,2.046630859375
geco22,1812,16,1.8800048828125
geco22,1813,16,1.913818359375
geco22,1814,16,1.8848876953125
geco22,1815,16,2.0089111328125
geco22,1816,16,2.01129150390625
geco22,1817,16,2.081298828125
geco22,1818,16,1.809326171875
geco22,1819,16,1.9329833984375
geco22,1820,16,2.0643310546875
geco22,1821,16,1.9813232421875
geco22,1822,16,1.95928955078125
geco22,1823,16,2.0074462890625
geco22,1824,16,1.72802734375
geco22,1825,16,1.882110595703125
geco22,1826,16,1.82928466796875
geco22,1827,16,1.84478759765625
geco22,1828,16,1.9439849853515625
geco22,1829,16,1.9071502685546875
geco22,1830,16,1.7463226318359375
geco22,1831,16,1.774444580078125
geco22,1832,16,2.0156173706054688
geco22,1833,16,1.8724365234375
geco22,1834,16,1.8855781555175781
geco22,1835,16,1.8108863830566406
geco22,1836,16,1.9350471496582031
geco22,1837,16,1.7452964782714844
geco22,1838,16,1.7960853576660156
geco22,1839,16,1.7575569152832031
geco22,1840,16,1.897970199584961
geco22,1841,16,1.780670166015625
geco22,1842,16,1.8254318237304688
geco22,1843,16,1.8087158203125
geco22,1844,16,1.7843780517578125
geco22,1845,16,1.7727279663085938
geco22,1846,16,2.2479248046875
geco22,1847,16,1.97064208984375
geco22,1848,16,1.76171875
geco22,1849,16,1.9100341796875
geco22,1850,16,1.86749267578125
geco22,1851,16,1.804931640625
geco22,1852,16,1.797515869140625
geco22,1853,16,2.0738525390625
geco22,1854,16,2.0
geco22,1855,16,1.8267822265625
geco22,1856,16,1.89178466796875
geco22,1857,16,2.02630615234375
geco22,1858,16,1.93621826171875
geco22,1859,16,1.99700927734375
geco22,1860,16,1.98486328125
geco22,1861,16,1.94549560546875
geco22,1862,16,1.90948486328125
geco22,1863,16,1.87005615234375
geco22,1864,16,1.864654541015625
geco22,1865,16,2.12445068359375
geco22,1866,16,2.06890869140625
geco22,1867,16,1.934814453125
geco22,1868,16,1.94073486328125
geco22,1869,16,2.21881103515625
geco22,1870,16,1.89813232421875
geco22,1871,16,2.03680419921875
geco22,1872,16,1.85809326171875
geco22,1873,16,2.15362548828125
geco22,1874,16,1.92578125
geco22,1875,16,1.98114013671875
geco22,1876,16,1.93170166015625
geco22,1877,16,1.9105224609375
geco22,1878,16,1.91693115234375
geco22,1879,16,1.86871337890625
geco22,1880,16,1.66510009765625
geco22,1881,16,1.8499298095703125
geco22,1882,16,1.9406585693359375
geco22,1883,16,1.9753952026367188
geco22,1884,16,1.8577117919921875
geco22,1885,16,1.806121826171875
geco22,1886,16,1.9852752685546875
geco22,1887,16,1.8450927734375
geco22,1888,16,1.949920654296875
geco22,1889,16,2.13836669921875
geco22,1890,16,1.9024658203125
geco22,1891,16,1.9755859375
geco22,1892,16,1.709381103515625
geco22,1893,16,1.9208221435546875
geco22,1894,16,1.8680572509765625
geco22,1895,16,1.9495849609375
geco22,1896,16,1.9487686157226562
geco22,1897,16,1.8733673095703125
geco22,1898,16,1.7533988952636719
geco22,1899,16,1.7718582153320312
geco22,1900,16,1.9074249267578125
geco22,1901,16,1.7494430541992188
geco22,1902,16,1.8397216796875
geco22,1903,16,1.7185516357421875
geco22,1904,16,1.7482948303222656
geco22,1905,16,1.837158203125
geco22,1906,16,1.6862716674804688
geco22,1907,16,1.8347244262695312
geco22,1908,16,1.9432563781738281
geco22,1909,16,1.873199462890625
geco22,1910,16,1.711090087890625
geco22,1911,16,1.8673210144042969
geco22,1912,16,1.8738212585449219
geco22,1913,16,1.821441650390625
geco22,1914,16,1.8771247863769531
geco22,1915,16,1.9150886535644531
geco22,1916,16,1.8356781005859375
geco22,1917,16,1.8944683074951172
geco22,1918,16,1.82928466796875
geco22,1919,16,1.6418209075927734
geco22,1920,16,1.9090690612792969
geco22,1921,16,1.8417129516601562
geco22,1922,16,1.8997936248779297
geco22,1923,16,1.9169845581054688
geco22,1924,16,1.7232227325439453
geco22,1925,16,1.789499282836914
geco22,1926,16,1.7646446228027344
geco22,1927,16,1.9985103607177734
geco22,1928,16,1.791290283203125
geco22,1929,16,1.8503456115722656
geco22,1930,16,1.9028968811035156
geco22,1931,16,1.8545608520507812
geco22,1932,16,1.85498046875
geco22,1933,16,1.8653411865234375
geco22,1934,16,1.7528533935546875
geco22,1935,16,1.9683074951171875
geco22,1936,16,1.9444046020507812
geco22,1937,16,1.8773078918457031
geco22,1938,16,1.8626556396484375
geco22,1939,16,1.989990234375
geco22,1940,16,1.9531784057617188
geco22,1941,16,1.7400894165039062
geco22,1942,16,1.843109130859375
geco22,1943,16,1.92779541015625
geco22,1944,16,1.9220199584960938
geco22,1945,16,1.9227447509765625
geco22,1946,16,1.9836578369140625
geco22,1947,16,2.123291015625
geco22,1948,16,1.9727783203125
geco22,1949,16,1.896881103515625
geco22,1950,16,1.7361297607421875
geco22,1951,16,1.8170700073242188
geco22,1952,16,1.7932662963867188
geco22,1953,16,1.9017105102539062
geco22,1954,16,1.9206771850585938
geco22,1955,16,1.9796905517578125
geco22,1956,16,1.7896270751953125
geco22,1957,16,1.7760772705078125
geco22,1958,16,1.8036117553710938
geco22,1959,16,2.15948486328125
geco22,1960,16,2.22235107421875
geco22,1961,16,1.82177734375
geco22,1962,16,1.91851806640625
geco22,1963,16,1.88641357421875
geco22,1964,16,1.782958984375
geco22,1965,16,1.880126953125
geco22,1966,16,1.91534423828125
geco22,1967,16,1.93804931640625
geco22,1968,16,1.8603515625
geco22,1969,16,1.97509765625
geco22,1970,16,1.9596405029296875
geco22,1971,16,2.05584716796875
geco22,1972,16,2.0025634765625
geco22,1973,16,1.835296630859375
geco22,1974,16,1.8297348022460938
geco22,1975,16,1.6729965209960938
geco22,1976,16,1.8877029418945312
geco22,1977,16,1.9247932434082031
geco22,1978,16,1.7932662963867188
geco22,1979,16,1.6700210571289062
geco22,1980,16,1.717742919921875
geco22,1981,16,1.6108760833740234
geco22,1982,16,1.802816390991211
geco22,1983,16,1.8047504425048828
geco22,1984,16,1.8566226959228516
geco22,1985,16,1.8438711166381836
geco22,1986,16,1.9647064208984375
geco22,1987,16,1.950942039489746
geco22,1988,16,1.6044626235961914
geco22,1989,16,1.9545388221740723
geco22,1990,16,1.8912262916564941
geco22,1991,16,1.7420873641967773
geco22,1992,16,2.046171188354492
geco22,1993,16,1.7194252014160156
geco22,1994,16,1.7512941360473633
geco22,1995,16,1.7745270729064941
geco22,1996,16,1.956857681274414
geco22,1997,16,1.8572683334350586
geco22,1998,16,1.744554042816162
geco22,1999,16,1.8926067352294922
geco22,2000,16,1.8150982856750488
geco22,2001,16,1.738846778869629
geco22,2002,16,1.9220170974731445
geco22,2003,16,1.8680644035339355
geco22,2004,16,1.7158613204956055
geco22,2005,16,1.8413748741149902
geco22,2006,16,2.036102294921875
geco22,2007,16,1.7498321533203125
geco22,2008,16,1.7548952102661133
geco22,2009,16,1.7506103515625
geco22,2010,16,1.9564132690429688
geco22,2011,16,1.878835678100586
geco22,2012,16,1.8899478912353516
geco22,2013,16,1.92889404296875
geco22,2014,16,2.0311145782470703
geco22,2015,16,1.8108749389648438
geco22,2016,16,1.846527099609375
geco22,2017,16,2.113037109375
geco22,2018,16,1.794036865234375
geco22,2019,16,1.921142578125
geco22,2020,16,1.817840576171875
geco22,2021,16,1.91644287109375
geco22,2022,16,1.8627243041992188
geco22,2023,16,1.9210357666015625
geco22,2024,16,2.0255126953125
geco22,2025,16,2.19366455078125
geco22,2026,16,1.7647476196289062
geco22,2027,16,1.8310394287109375
geco22,2028,16,1.878387451171875
geco22,2029,16,2.20068359375
geco22,2030,16,1.98193359375
geco22,2031,16,1.974365234375
geco22,2032,16,1.95745849609375
geco22,2033,16,2.05645751953125
geco22,2034,16,1.8492431640625
geco22,2035,16,1.97003173828125
geco22,2036,16,1.9168701171875
geco22,2037,16,2.0919189453125
geco22,2038,16,1.926025390625
geco22,2039,16,1.99981689453125
geco22,2040,16,1.89630126953125
geco22,2041,16,1.97491455078125
geco22,2042,16,1.9622802734375
geco22,2043,16,1.96319580078125
geco22,2044,16,1.95068359375
geco22,2045,16,1.97161865234375
geco22,2046,16,1.98577880859375
geco22,2047,16,1.90728759765625
geco22,2048,16,2.001953125
geco22,2049,16,1.74749755859375
geco22,2050,16,1.75616455078125
geco22,2051,16,1.8631134033203125
geco22,2052,16,1.753387451171875
geco22,2053,16,1.7215728759765625
geco22,2054,16,2.17425537109375
geco22,2055,16,1.940673828125
geco22,2056,16,2.00250244140625
geco22,2057,16,1.9456787109375
geco22,2058,16,2.00445556640625
geco22,2059,16,2.141845703125
geco22,2060,16,1.8944091796875
geco22,2061,16,1.94732666015625
geco22,2062,16,1.921142578125
geco22,2063,16,1.89019775390625
geco22,2064,16,1.98980712890625
geco22,2065,16,1.9356689453125
geco22,2066,16,1.8516845703125
geco22,2067,16,1.8275146484375
geco22,2068,16,1.91748046875
geco22,2069,16,1.7647552490234375
geco22,2070,16,1.915924072265625
geco22,2071,16,1.93817138671875
geco22,2072,16,2.0712890625
geco22,2073,16,1.97491455078125
geco22,2074,16,1.940673828125
geco22,2075,16,1.80126953125
geco22,2076,16,1.96502685546875
geco22,2077,16,1.901123046875
geco22,2078,16,1.9798583984375
geco22,2079,16,1.9647216796875
geco22,2080,16,2.029541015625
geco22,2081,16,1.98681640625
geco22,2082,16,2.010498046875
geco22,2083,16,2.0673828125
geco22,2084,16,2.0592041015625
geco22,2085,16,1.95977783203125
geco22,2086,16,1.96258544921875
geco22,2087,16,2.17901611328125
geco22,2088,16,1.98809814453125
geco22,2089,16,2.14935302734375
geco22,2090,16,2.034423828125
geco22,2091,16,2.072509765625
geco22,2092,16,1.90814208984375
geco22,2093,16,1.863037109375
geco22,2094,16,1.85498046875
geco22,2095,16,1.9337158203125
geco22,2096,16,2.15692138671875
geco22,2097,16,1.94183349609375
geco22,2098,16,1.8626708984375
geco22,2099,16,1.96820068359375
geco22,2100,16,2.04986572265625
geco22,2101,16,1.92864990234375
geco22,2102,16,1.89691162109375
geco22,2103,16,1.91253662109375
geco22,2104,16,1.97869873046875
geco22,2105,16,1.95819091796875
geco22,2106,16,1.92498779296875
geco22,2107,16,1.99078369140625
geco22,2108,16,2.0614013671875
geco22,2109,16,1.99249267578125
geco22,2110,16,1.89691162109375
geco22,2111,16,2.0367431640625
geco22,2112,16,1.85308837890625
geco22,2113,16,2.06744384765625
geco22,2114,16,1.886962890625
geco22,2115,16,1.90679931640625
geco22,2116,16,2.021240234375
geco22,2117,16,1.91448974609375
geco22,2118,16,1.85760498046875
geco22,2119,16,1.96368408203125
geco22,2120,16,2.05316162109375
geco22,2121,16,1.96636962890625
geco22,2122,16,1.95684814453125
geco22,2123,16,1.999755859375
geco22,2124,16,1.92181396484375
geco22,2125,16,2.0081787109375
geco22,2126,16,1.98931884765625
geco22,2127,16,1.93377685546875
geco22,2128,16,1.8892822265625
geco22,2129,16,2.02642822265625
geco22,2130,16,2.00567626953125
geco22,2131,16,1.966796875
geco22,2132,16,2.02886962890625
geco22,2133,16,1.8394775390625
geco22,2134,16,1.77740478515625
geco22,2135,16,1.96051025390625
geco22,2136,16,1.9361572265625
geco22,2137,16,1.85382080078125
geco22,2138,16,1.970458984375
geco22,2139,16,2.0250244140625
geco22,2140,16,1.92010498046875
geco22,2141,16,2.07257080078125
geco22,2142,16,1.9649658203125
geco22,2143,16,2.01422119140625
geco22,2144,16,1.9627685546875
geco22,2145,16,1.831756591796875
geco22,2146,16,1.8797760009765625
geco22,2147,16,1.85028076171875
geco22,2148,16,1.7799911499023438
geco22,2149,16,1.8638992309570312
geco22,2150,16,1.7065372467041016
geco22,2151,16,1.7444839477539062
geco22,2152,16,1.7207489013671875
geco22,2153,16,1.9781913757324219
geco22,2154,16,2.067626953125
geco22,2155,16,1.640472412109375
geco22,2156,16,1.8236465454101562
geco22,2157,16,1.9116191864013672
geco22,2158,16,1.706258773803711
geco22,2159,16,1.6561470031738281
geco22,2160,16,1.8704338073730469
geco22,2161,16,1.72406005859375
geco22,2162,16,1.8383827209472656
geco22,2163,16,1.9420547485351562
geco22,2164,16,2.0013065338134766
geco22,2165,16,1.886993408203125
geco22,2166,16,2.035249710083008
geco22,2167,16,1.8347187042236328
geco22,2168,16,2.23681640625
geco22,2169,16,2.0546875
geco22,2170,16,2.01519775390625
geco22,2171,16,1.96429443359375
geco22,2172,16,2.0731201171875
geco22,2173,16,1.99188232421875
geco22,2174,16,1.84124755859375
geco22,2175,16,1.8155517578125
geco22,2176,16,1.8043212890625
geco22,2177,16,2.0081787109375
geco22,2178,16,2.04437255859375
geco22,2179,16,1.8719482421875
geco22,2180,16,1.88751220703125
geco22,2181,16,1.8406982421875
geco22,2182,16,1.89556884765625
geco22,2183,16,2.116455078125
geco22,2184,16,1.9842529296875
geco22,2185,16,1.92572021484375
geco22,2186,16,1.9949951171875
geco22,2187,16,1.9942626953125
geco22,2188,16,1.88824462890625
geco22,2189,16,1.90869140625
geco22,2190,16,1.90753173828125
geco22,2191,16,2.025146484375
geco22,2192,16,2.03692626953125
geco22,2193,16,1.96484375
geco22,2194,16,1.889892578125
geco22,2195,16,1.9954833984375
geco22,2196,16,1.9095458984375
geco22,2197,16,1.99755859375
geco22,2198,16,2.02435302734375
geco22,2199,16,2.0361328125
geco22,2200,16,1.78497314453125
geco22,2201,16,2.013671875
geco22,2202,16,1.9854736328125
geco22,2203,16,1.9444580078125
geco22,2204,16,2.1224365234375
geco22,2205,16,1.990478515625
geco22,2206,16,2.02874755859375
geco22,2207,16,1.793701171875
geco22,2208,16,1.9556884765625
geco22,2209,16,1.9449462890625
geco22,2210,16,2.0113525390625
geco22,2211,16,1.9517822265625
geco22,2212,16,1.8818359375
geco22,2213,16,1.947509765625
geco22,2214,16,2.0474853515625
geco22,2215,16,1.87939453125
geco22,2216,16,1.92376708984375
geco22,2217,16,2.04608154296875
geco22,2218,16,2.11749267578125
geco22,2219,16,1.9256591796875
geco22,2220,16,1.96142578125
geco22,2221,16,1.92669677734375
geco22,2222,16,1.920166015625
geco22,2223,16,1.99383544921875
geco22,2224,16,1.9849853515625
geco22,2225,16,1.90753173828125
geco22,2226,16,1.78497314453125
geco22,2227,16,1.9638671875
geco22,2228,16,1.8692626953125
geco22,2229,16,1.9267578125
geco22,2230,16,2.08251953125
geco22,2231,16,1.81689453125
geco22,2232,16,1.99749755859375
geco22,2233,16,1.9775390625
geco22,2234,16,2.00311279296875
geco22,2235,16,2.04412841796875
geco22,2236,16,1.811767578125
geco22,2237,16,1.923583984375
geco22,2238,16,1.80828857421875
geco22,2239,16,1.80316162109375
geco22,2240,16,1.91888427734375
geco22,2241,16,1.903564453125
geco22,2242,16,1.88555908203125
geco22,2243,16,2.15057373046875
geco22,2244,16,2.18731689453125
geco22,2245,16,1.91632080078125
geco22,2246,16,1.96832275390625
geco22,2247,16,1.9326171875
geco22,2248,16,1.92828369140625
geco22,2249,16,1.99383544921875
geco22,2250,16,1.9144287109375
geco22,2251,16,1.90570068359375
geco22,2252,16,2.065185546875
geco22,2253,16,1.867431640625
geco22,2254,16,1.8580322265625
geco22,2255,16,1.998046875
geco22,2256,16,1.988037109375
geco22,2257,16,2.05511474609375
geco22,2258,16,2.04833984375
geco22,2259,16,2.01312255859375
geco22,2260,16,1.95361328125
geco22,2261,16,1.995849609375
geco22,2262,16,2.06170654296875
geco22,2263,16,1.71136474609375
geco22,2264,16,1.76873779296875
geco22,2265,16,2.05126953125
geco22,2266,16,1.92181396484375
geco22,2267,16,1.89935302734375
geco22,2268,16,2.04315185546875
geco22,2269,16,1.829345703125
geco22,2270,16,2.0238037109375
geco22,2271,16,2.0911865234375
geco22,2272,16,1.98101806640625
geco22,2273,16,1.95196533203125
geco22,2274,16,1.82806396484375
geco22,2275,16,1.8604736328125
geco22,2276,16,2.14630126953125
geco22,2277,16,1.87548828125
geco22,2278,16,1.91448974609375
geco22,2279,16,1.87060546875
geco22,2280,16,2.06011962890625
geco22,2281,16,1.79376220703125
geco22,2282,16,1.94171142578125
geco22,2283,16,1.9150390625
geco22,2284,16,2.02313232421875
geco22,2285,16,1.90618896484375
geco22,2286,16,1.97320556640625
geco22,2287,16,1.92828369140625
geco22,2288,16,2.12176513671875
geco22,2289,16,1.8319091796875
geco22,2290,16,1.92449951171875
geco22,2291,16,2.03118896484375
geco22,2292,16,2.13330078125
geco22,2293,16,2.016845703125
geco22,2294,16,2.01373291015625
geco22,2295,16,2.00067138671875
geco22,2296,16,1.93499755859375
geco22,2297,16,1.8856201171875
geco22,2298,16,1.86114501953125
geco22,2299,16,2.0218505859375
geco22,2300,16,2.07818603515625
geco22,2301,16,1.89508056640625
geco22,2302,16,1.8795166015625
geco22,2303,16,1.98309326171875
geco22,2304,16,1.99560546875
geco22,2305,16,1.8931884765625
geco22,2306,16,1.9132080078125
geco22,2307,16,1.93121337890625
geco22,2308,16,1.88134765625
geco22,2309,16,1.9056396484375
geco22,2310,16,1.8140869140625
geco22,2311,16,1.814788818359375
geco22,2312,16,2.1230316162109375
geco22,2313,16,1.68243408203125
geco22,2314,16,1.95404052734375
geco22,2315,16,1.840118408203125
geco22,2316,16,1.8495445251464844
geco22,2317,16,1.88421630859375
geco22,2318,16,1.732696533203125
geco22,2319,16,1.86737060546875
geco22,2320,16,1.975311279296875
geco22,2321,16,1.8193778991699219
geco22,2322,16,1.7462158203125
geco22,2323,16,1.8501739501953125
geco22,2324,16,1.7283058166503906
geco22,2325,16,1.7527923583984375
geco22,2326,16,1.7914505004882812
geco22,2327,16,1.8730659484863281
geco22,2328,16,1.81787109375
geco22,2329,16,1.8243865966796875
geco22,2330,16,1.78179931640625
geco22,2331,16,1.7385540008544922
geco22,2332,16,1.793996810913086
geco22,2333,16,1.828329086303711
geco22,2334,16,1.7971572875976562
geco22,2335,16,1.7059898376464844
geco22,2336,16,1.9244575500488281
geco22,2337,16,1.873809814453125
geco22,2338,16,1.9037857055664062
geco22,2339,16,1.9755516052246094
geco22,2340,16,1.84765625
geco22,2341,16,1.7678909301757812
geco22,2342,16,1.9894676208496094
geco22,2343,16,1.7727012634277344
geco22,2344,16,1.8141670227050781
geco22,2345,16,1.8581180572509766
geco22,2346,16,1.9944839477539062
geco22,2347,16,1.9497833251953125
geco22,2348,16,1.7546844482421875
geco22,2349,16,1.8410568237304688
geco22,2350,16,1.9346027374267578
geco22,2351,16,1.8920841217041016
geco22,2352,16,1.8648090362548828
geco22,2353,16,1.8364791870117188
geco22,2354,16,1.8800716400146484
geco22,2355,16,1.7196922302246094
geco22,2356,16,1.8639278411865234
geco22,2357,16,1.8476390838623047
geco22,2358,16,1.8584270477294922
geco22,2359,16,1.8900260925292969
geco22,2360,16,1.8648910522460938
geco22,2361,16,1.7310428619384766
geco22,2362,16,1.8026123046875
geco22,2363,16,1.7394142150878906
geco22,2364,16,1.6850662231445312
geco22,2365,16,1.7676277160644531
geco22,2366,16,1.8988037109375
geco22,2367,16,1.7147598266601562
geco22,2368,16,2.030122756958008
geco22,2369,16,1.7358646392822266
geco22,2370,16,1.6664562225341797
geco22,2371,16,1.7066802978515625
geco22,2372,16,1.9368610382080078
geco22,2373,16,1.7616615295410156
geco22,2374,16,1.8892250061035156
geco22,2375,16,1.7368755340576172
geco22,2376,16,1.8729534149169922
geco22,2377,16,1.7645606994628906
geco22,2378,16,1.811136245727539
geco22,2379,16,1.9627265930175781
geco22,2380,16,1.7999038696289062
geco22,2381,16,1.652536392211914
geco22,2382,16,1.858682632446289
geco22,2383,16,1.8386497497558594
geco22,2384,16,1.852060317993164
geco22,2385,16,1.7593555450439453
geco22,2386,16,1.8375530242919922
geco22,2387,16,1.6672687530517578
geco22,2388,16,1.8036212921142578
geco22,2389,16,1.9385643005371094
geco22,2390,16,1.8499650955200195
geco22,2391,16,1.8851165771484375
geco22,2392,16,1.7733879089355469
geco22,2393,16,1.8076343536376953
geco22,2394,16,1.823415756225586
geco22,2395,16,1.7712936401367188
geco22,2396,16,1.8290252685546875
geco22,2397,16,1.765237808227539
geco22,2398,16,1.8034076690673828
geco22,2399,16,1.9877567291259766
geco22,2400,16,1.6602249145507812
geco22,2401,16,1.8671951293945312
geco22,2402,16,1.9357147216796875
geco22,2403,16,1.7129936218261719
geco22,2404,16,1.9777297973632812
geco22,2405,16,1.8930644989013672
geco22,2406,16,1.8169727325439453
geco22,2407,16,1.7726173400878906
geco22,2408,16,1.8087577819824219
geco22,2409,16,1.8691825866699219
geco22,2410,16,1.795867919921875
geco22,2411,16,1.7770328521728516
geco22,2412,16,1.7620372772216797
geco22,2413,16,1.7933235168457031
geco22,2414,16,1.7582817077636719
geco22,2415,16,1.704681396484375
geco22,2416,16,1.8213443756103516
geco22,2417,16,1.7345409393310547
geco22,2418,16,1.7704277038574219
geco22,2419,16,1.8639030456542969
geco22,2420,16,1.9519767761230469
geco22,2421,16,1.9281425476074219
geco22,2422,16,1.7314281463623047
geco22,2423,16,1.7639598846435547
geco22,2424,16,1.8289680480957031
geco22,2425,16,1.7826194763183594
geco22,2426,16,1.8553733825683594
geco22,2427,16,1.6807937622070312
geco22,2428,16,1.7902584075927734
geco22,2429,16,1.868682861328125
geco22,2430,16,1.827737808227539
geco22,2431,16,1.8513774871826172
geco22,2432,16,2.0118484497070312
geco22,2433,16,1.7318801879882812
geco22,2434,16,1.8886852264404297
geco22,2435,16,1.8719501495361328
geco22,2436,16,1.7083110809326172
geco22,2437,16,1.9217872619628906
geco22,2438,16,1.8745803833007812
geco22,2439,16,1.8118839263916016
geco22,2440,16,2.3182373046875
geco22,2441,16,1.744415283203125
geco22,2442,16,1.7089462280273438
geco22,2443,16,1.8582229614257812
geco22,2444,16,1.7299385070800781
geco22,2445,16,1.9603614807128906
geco22,2446,16,1.6294670104980469
geco22,2447,16,1.8242568969726562
geco22,2448,16,1.9468917846679688
geco22,2449,16,1.9305419921875
geco22,2450,16,1.8316078186035156
geco22,2451,16,1.6296615600585938
geco22,2452,16,1.71026611328125
geco22,2453,16,2.0277786254882812
geco22,2454,16,1.7640571594238281
geco22,2455,16,1.9303131103515625
geco22,2456,16,1.8091239929199219
geco22,2457,16,1.8818550109863281
geco22,2458,16,2.0528221130371094
geco22,2459,16,2.16461181640625
geco22,2460,16,1.8108901977539062
geco22,2461,16,1.6848640441894531
geco22,2462,16,1.7686386108398438
geco22,2463,16,1.8139801025390625
geco22,2464,16,1.7842216491699219
geco22,2465,16,1.741424560546875
geco22,2466,16,1.7113571166992188
geco22,2467,16,1.7572059631347656
geco22,2468,16,1.8241386413574219
geco22,2469,16,1.6858444213867188
geco22,2470,16,1.7136955261230469
geco22,2471,16,2.34906005859375
geco22,2472,16,1.7151031494140625
geco22,2473,16,1.6810569763183594
geco22,2474,16,1.7400588989257812
geco22,2475,16,2.0433273315429688
geco22,2476,16,1.8079071044921875
geco22,2477,16,1.6520881652832031
geco22,2478,16,1.84771728515625
geco22,2479,16,1.7553939819335938
geco22,2480,16,1.9536895751953125
geco22,2481,16,1.7962799072265625
geco22,2482,16,2.0535736083984375
geco22,2483,16,1.8574104309082031
geco22,2484,16,1.84539794921875
geco22,2485,16,1.986083984375
geco22,2486,16,1.8624801635742188
geco22,2487,16,1.8112335205078125
geco22,2488,16,1.9675064086914062
geco22,2489,16,1.7755098342895508
geco22,2490,16,1.9558753967285156
geco22,2491,16,1.8229751586914062
geco22,2492,16,1.9641799926757812
geco22,2493,16,2.1007080078125
geco22,2494,16,1.9072227478027344
geco22,2495,16,2.0153961181640625
geco22,2496,16,1.8691253662109375
geco22,2497,16,1.86114501953125
geco22,2498,16,1.880584716796875
geco22,2499,16,1.800933837890625
geco22,2500,16,1.7611007690429688
geco22,2501,16,1.9389877319335938
geco22,2502,16,1.831878662109375
geco22,2503,16,1.8507919311523438
geco22,2504,16,1.80120849609375
geco22,2505,16,1.7743873596191406
geco22,2506,16,1.871988296508789
geco22,2507,16,1.8166923522949219
geco22,2508,16,1.8057861328125
geco22,2509,16,1.8847217559814453
geco22,2510,16,1.9427490234375
geco22,2511,16,1.889394760131836
geco22,2512,16,1.80322265625
geco22,2513,16,1.8328914642333984
geco22,2514,16,1.894235610961914
geco22,2515,16,1.8040428161621094
geco22,2516,16,1.8098526000976562
geco22,2517,16,2.0631561279296875
geco22,2518,16,2.2181396484375
geco22,2519,16,1.91058349609375
geco22,2520,16,1.91876220703125
geco22,2521,16,2.050048828125
geco22,2522,16,1.88916015625
geco22,2523,16,1.970458984375
geco22,2524,16,1.9468994140625
geco22,2525,16,2.04229736328125
geco22,2526,16,2.02020263671875
geco22,2527,16,1.9617919921875
geco22,2528,16,2.0404052734375
geco22,2529,16,2.006103515625
geco22,2530,16,1.956298828125
geco22,2531,16,1.8468017578125
geco22,2532,16,1.834320068359375
geco22,2533,16,1.82672119140625
geco22,2534,16,1.8585205078125
geco22,2535,16,1.876251220703125
geco22,2536,16,1.84222412109375
geco22,2537,16,1.7536163330078125
geco22,2538,16,1.9197311401367188
geco22,2539,16,2.0069580078125
geco22,2540,16,1.755584716796875
geco22,2541,16,1.8604278564453125
geco22,2542,16,1.8209609985351562
geco22,2543,16,1.8339920043945312
geco22,2544,16,1.7717132568359375
geco22,2545,16,1.6061859130859375
geco22,2546,16,1.904296875
geco22,2547,16,1.9369468688964844
geco22,2548,16,1.6991443634033203
geco22,2549,16,1.7762222290039062
geco22,2550,16,1.8220500946044922
geco22,2551,16,1.9503555297851562
geco22,2552,16,2.336181640625
geco22,2553,16,2.0494384765625
geco22,2554,16,1.9954833984375
geco22,2555,16,1.95233154296875
geco22,2556,16,1.971649169921875
geco22,2557,16,1.621673583984375
geco22,2558,16,1.765960693359375
geco22,2559,16,1.82965087890625
geco22,2560,16,2.040740966796875
geco22,2561,16,1.7028675079345703
geco22,2562,16,1.8462352752685547
geco22,2563,16,1.782571792602539
geco22,2564,16,1.78973388671875
geco22,2565,16,1.9245128631591797
geco22,2566,16,1.7459526062011719
geco22,2567,16,1.8270721435546875
geco22,2568,16,2.02813720703125
geco22,2569,16,1.9302806854248047
geco22,2570,16,1.9066200256347656
geco22,2571,16,1.8324565887451172
geco22,2572,16,1.7974929809570312
geco22,2573,16,2.0242919921875
geco22,2574,16,1.8045387268066406
geco22,2575,16,1.8100509643554688
geco22,2576,16,1.8404064178466797
geco22,2577,16,1.8956718444824219
geco22,2578,16,1.6650390625
geco22,2579,16,1.869521141052246
geco22,2580,16,1.9512939453125
geco22,2581,16,1.9793853759765625
geco22,2582,16,1.7909622192382812
geco22,2583,16,1.91131591796875
geco22,2584,16,2.31829833984375
geco22,2585,16,1.922760009765625
geco22,2586,16,1.9443817138671875
geco22,2587,16,2.32281494140625
geco22,2588,16,1.844024658203125
geco22,2589,16,1.8864898681640625
geco22,2590,16,1.75115966796875
geco22,2591,16,1.7814407348632812
geco22,2592,16,1.788604736328125
geco22,2593,16,1.921051025390625
geco22,2594,16,1.7313919067382812
geco22,2595,16,1.7851486206054688
geco22,2596,16,1.9965019226074219
geco22,2597,16,1.8513450622558594
geco22,2598,16,1.91326904296875
geco22,2599,16,1.7516288757324219
geco22,2600,16,1.879638671875
geco22,2601,16,1.7279129028320312
geco22,2602,16,1.7591400146484375
geco22,2603,16,1.7059173583984375
geco22,2604,16,1.7819595336914062
geco22,2605,16,1.8317413330078125
geco22,2606,16,1.8396453857421875
geco22,2607,16,1.9306221008300781
geco22,2608,16,2.1611328125
geco22,2609,16,1.9241943359375
geco22,2610,16,1.813720703125
geco22,2611,16,1.99237060546875
geco22,2612,16,1.95068359375
geco22,2613,16,1.97442626953125
geco22,2614,16,1.86572265625
geco22,2615,16,2.0203857421875
geco22,2616,16,1.95623779296875
geco22,2617,16,1.9599609375
geco22,2618,16,1.9248046875
geco22,2619,16,1.7476806640625
geco22,2620,16,1.784515380859375
geco22,2621,16,1.9304656982421875
geco22,2622,16,1.8530807495117188
geco22,2623,16,1.8985481262207031
geco22,2624,16,2.1298828125
geco22,2625,16,1.840118408203125
geco22,2626,16,1.7278900146484375
geco22,2627,16,2.236083984375
geco22,2628,16,1.8343505859375
geco22,2629,16,1.94671630859375
geco22,2630,16,1.8936767578125
geco22,2631,16,1.9649658203125
geco22,2632,16,1.8892822265625
geco22,2633,16,1.980712890625
geco22,2634,16,1.893798828125
geco22,2635,16,1.965576171875
geco22,2636,16,1.9998779296875
geco22,2637,16,2.13189697265625
geco22,2638,16,2.0050048828125
geco22,2639,16,1.85052490234375
geco22,2640,16,2.02557373046875
geco22,2641,16,1.9805908203125
geco22,2642,16,1.779541015625
geco22,2643,16,1.8848876953125
geco22,2644,16,1.9402923583984375
geco22,2645,16,1.8216438293457031
geco22,2646,16,1.862701416015625
geco22,2647,16,1.7018852233886719
geco22,2648,16,1.7304134368896484
geco22,2649,16,1.9019908905029297
geco22,2650,16,1.810140609741211
geco22,2651,16,1.846588134765625
geco22,2652,16,1.7186660766601562
geco22,2653,16,1.7620258331298828
geco22,2654,16,1.7680435180664062
geco22,2655,16,2.0349483489990234
geco22,2656,16,1.7866859436035156
geco22,2657,16,1.7849788665771484
geco22,2658,16,1.8162860870361328
geco22,2659,16,1.7606925964355469
geco22,2660,16,1.8806476593017578
geco22,2661,16,1.9085884094238281
geco22,2662,16,1.8412590026855469
geco22,2663,16,1.7293891906738281
geco22,2664,16,1.8792285919189453
geco22,2665,16,1.8575992584228516
geco22,2666,16,1.7912025451660156
geco22,2667,16,1.7490911483764648
geco22,2668,16,1.6863250732421875
geco22,2669,16,1.7109756469726562
geco22,2670,16,1.779031753540039
geco22,2671,16,1.5720138549804688
geco22,2672,16,1.6108102798461914
geco22,2673,16,1.7499370574951172
geco22,2674,16,1.710184097290039
geco22,2675,16,1.7037744522094727
geco22,2676,16,1.7404556274414062
geco22,2677,16,1.7334651947021484
geco22,2678,16,1.6394481658935547
geco22,2679,16,1.671957015991211
geco22,2680,16,1.7655878067016602
geco22,2681,16,1.6179533004760742
geco22,2682,16,2.023423194885254
geco22,2683,16,1.8786439895629883
geco22,2684,16,1.6869430541992188
geco22,2685,16,1.7856550216674805
geco22,2686,16,1.7753562927246094
geco22,2687,16,1.6009349822998047
geco22,2688,16,1.7252445220947266
geco22,2689,16,1.6569337844848633
geco22,2690,16,1.7257957458496094
geco22,2691,16,1.6763324737548828
geco22,2692,16,1.8193645477294922
geco22,2693,16,1.7762527465820312
geco22,2694,16,1.8255023956298828
geco22,2695,16,1.8900260925292969
geco22,2696,16,1.715383529663086
geco22,2697,16,1.6908435821533203
geco22,2698,16,1.7853202819824219
geco22,2699,16,1.7272834777832031
geco22,2700,16,1.7375965118408203
geco22,2701,16,1.7112970352172852
geco22,2702,16,1.728367805480957
geco22,2703,16,1.7406177520751953
geco22,2704,16,1.6892585754394531
geco22,2705,16,1.6640934944152832
geco22,2706,16,1.7779159545898438
geco22,2707,16,1.8019905090332031
geco22,2708,16,1.716700553894043
geco22,2709,16,1.8083133697509766
geco22,2710,16,2.0164852142333984
geco22,2711,16,1.7427787780761719
geco22,2712,16,1.808563232421875
geco22,2713,16,1.764678955078125
geco22,2714,16,1.8558883666992188
geco22,2715,16,1.8255653381347656
geco22,2716,16,1.724740982055664
geco22,2717,16,1.6989059448242188
geco22,2718,16,1.9886646270751953
geco22,2719,16,2.007923126220703
geco22,2720,16,1.9671382904052734
geco22,2721,16,1.7135124206542969
geco22,2722,16,1.562723159790039
geco22,2723,16,1.8877277374267578
geco22,2724,16,1.9194927215576172
geco22,2725,16,1.9121780395507812
geco22,2726,16,1.852609634399414
geco22,2727,16,1.909688949584961
geco22,2728,16,1.872030258178711
geco22,2729,16,1.7658843994140625
geco22,2730,16,1.8453826904296875
geco22,2731,16,1.870199203491211
geco22,2732,16,1.949502944946289
geco22,2733,16,1.8785133361816406
geco22,2734,16,1.9408111572265625
geco22,2735,16,1.8283557891845703
geco22,2736,16,1.840972900390625
geco22,2737,16,1.703404426574707
geco22,2738,16,1.8380126953125
geco22,2739,16,1.813990592956543
geco22,2740,16,1.9674072265625
geco22,2741,16,1.8198890686035156
geco22,2742,16,1.8179645538330078
geco22,2743,16,1.7734184265136719
geco22,2744,16,1.971841812133789
geco22,2745,16,1.897329330444336
geco22,2746,16,1.850790023803711
geco22,2747,16,1.6870994567871094
geco22,2748,16,1.694540023803711
geco22,2749,16,1.8246536254882812
geco22,2750,16,1.8529682159423828
geco22,2751,16,1.7682991027832031
geco22,2752,16,1.8488540649414062
geco22,2753,16,1.8475780487060547
geco22,2754,16,1.790853500366211
geco22,2755,16,1.9327468872070312
geco22,2756,16,1.7846336364746094
geco22,2757,16,1.923288345336914
geco22,2758,16,1.820932388305664
geco22,2759,16,1.9764995574951172
geco22,2760,16,1.9266462326049805
geco22,2761,16,1.975529670715332
geco22,2762,16,1.9003591537475586
geco22,2763,16,1.9665584564208984
geco22,2764,16,1.830378532409668
geco22,2765,16,1.8241453170776367
geco22,2766,16,1.8658695220947266
geco22,2767,16,1.8350772857666016
geco22,2768,16,1.8511452674865723
geco22,2769,16,1.8087067604064941
geco22,2770,16,1.7970008850097656
geco22,2771,16,1.887350082397461
geco22,2772,16,1.9486083984375
geco22,2773,16,1.9107818603515625
geco22,2774,16,1.888641357421875
geco22,2775,16,1.853501796722412
geco22,2776,16,1.7530584335327148
geco22,2777,16,1.9132003784179688
geco22,2778,16,1.9480328559875488
geco22,2779,16,1.786027431488037
geco22,2780,16,1.9515116214752197
geco22,2781,16,1.9267826080322266
geco22,2782,16,1.95367431640625
geco22,2783,16,1.7297601699829102
geco22,2784,16,2.0138978958129883
geco22,2785,16,1.7999277114868164
geco22,2786,16,1.9339838027954102
geco22,2787,16,1.7802810668945312
geco22,2788,16,1.9082880020141602
geco22,2789,16,1.8566017150878906
geco22,2790,16,1.834390640258789
geco22,2791,16,1.909139633178711
geco22,2792,16,1.7411060333251953
geco22,2793,16,1.9773426055908203
geco22,2794,16,1.7426958084106445
geco22,2795,16,1.8286800384521484
geco22,2796,16,1.8179206848144531
geco22,2797,16,1.9393911361694336
geco22,2798,16,1.828399658203125
geco22,2799,16,1.8347225189208984
geco22,2800,16,1.9946813583374023
geco22,2801,16,1.7448949813842773
geco22,2802,16,1.7261590957641602
geco22,2803,16,2.2744140625
geco22,2804,16,1.83892822265625
geco22,2805,16,1.93231201171875
geco22,2806,16,2.26312255859375
geco22,2807,16,2.01116943359375
geco22,2808,16,1.89691162109375
geco22,2809,16,1.90362548828125
geco22,2810,16,2.00250244140625
geco22,2811,16,2.00933837890625
geco22,2812,16,1.92822265625
geco22,2813,16,1.96685791015625
geco22,2814,16,1.97247314453125
geco22,2815,16,1.91192626953125
geco22,2816,16,1.99359130859375
geco22,2817,16,1.93194580078125
geco22,2818,16,1.89300537109375
geco22,2819,16,2.14288330078125
geco22,2820,16,1.89630126953125
geco22,2821,16,2.05072021484375
geco22,2822,16,2.0579833984375
geco22,2823,16,1.97735595703125
geco22,2824,16,1.9730224609375
geco22,2825,16,2.0531005859375
geco22,2826,16,1.96759033203125
geco22,2827,16,2.061279296875
geco22,2828,16,2.00872802734375
geco22,2829,16,1.78363037109375
geco22,2830,16,1.8021240234375
geco22,2831,16,1.8004531860351562
geco22,2832,16,1.8014678955078125
geco22,2833,16,1.7265625
geco22,2834,16,1.89019775390625
geco22,2835,16,1.8119773864746094
geco22,2836,16,1.7039222717285156
geco22,2837,16,1.9383182525634766
geco22,2838,16,1.910736083984375
geco22,2839,16,1.9084548950195312
geco22,2840,16,1.7632808685302734
geco22,2841,16,1.900115966796875
geco22,2842,16,1.987518310546875
geco22,2843,16,1.7637996673583984
geco22,2844,16,1.7549972534179688
geco22,2845,16,1.8567028045654297
geco22,2846,16,2.04107666015625
geco22,2847,16,1.9578094482421875
geco22,2848,16,1.9257659912109375
geco22,2849,16,1.8487548828125
geco22,2850,16,1.744293212890625
geco22,2851,16,1.9499969482421875
geco22,2852,16,2.026947021484375
geco22,2853,16,1.9062652587890625
geco22,2854,16,1.8160858154296875
geco22,2855,16,1.8890838623046875
geco22,2856,16,1.8863525390625
geco22,2857,16,1.9710693359375
geco22,2858,16,1.87762451171875
geco22,2859,16,1.8427276611328125
geco22,2860,16,1.81158447265625
geco22,2861,16,1.958831787109375
geco22,2862,16,1.8403129577636719
geco22,2863,16,1.7481117248535156
geco22,2864,16,1.9238243103027344
geco22,2865,16,1.9026298522949219
geco22,2866,16,1.7445831298828125
geco22,2867,16,1.80413818359375
geco22,2868,16,1.790670394897461
geco22,2869,16,1.9538249969482422
geco22,2870,16,1.8773555755615234
geco22,2871,16,1.8136215209960938
geco22,2872,16,1.8428821563720703
geco22,2873,16,1.8897762298583984
geco22,2874,16,1.738825798034668
geco22,2875,16,1.9436635971069336
geco22,2876,16,1.8767900466918945
geco22,2877,16,1.9862689971923828
geco22,2878,16,1.8474435806274414
geco22,2879,16,1.8436450958251953
geco22,2880,16,1.7480745315551758
geco22,2881,16,1.91241455078125
geco22,2882,16,1.7758350372314453
geco22,2883,16,1.8094253540039062
geco22,2884,16,1.773468017578125
geco22,2885,16,1.7885856628417969
geco22,2886,16,1.946451187133789
geco22,2887,16,1.8189678192138672
geco22,2888,16,1.6836738586425781
geco22,2889,16,1.902313232421875
geco22,2890,16,1.7215194702148438
geco22,2891,16,1.8460617065429688
geco22,2892,16,1.9042549133300781
geco22,2893,16,1.7964534759521484
geco22,2894,16,1.826507568359375
geco22,2895,16,1.9065723419189453
geco22,2896,16,1.6928939819335938
geco22,2897,16,1.834136962890625
geco22,2898,16,1.855933666229248
geco22,2899,16,1.8489880561828613
geco22,2900,16,2.039306640625
geco22,2901,16,1.7150039672851562
geco22,2902,16,1.8471717834472656
geco22,2903,16,1.780008316040039
geco22,2904,16,1.705826759338379
geco22,2905,16,1.6588993072509766
geco22,2906,16,2.3902587890625
geco22,2907,16,2.02581787109375
geco22,2908,16,1.8143310546875
geco22,2909,16,1.98681640625
geco22,2910,16,1.99560546875
geco22,2911,16,1.828857421875
geco22,2912,16,1.8460693359375
geco22,2913,16,1.95440673828125
geco22,2914,16,1.85247802734375
geco22,2915,16,1.86932373046875
geco22,2916,16,2.008056640625
geco22,2917,16,1.9661865234375
geco22,2918,16,2.03875732421875
geco22,2919,16,1.992431640625
geco22,2920,16,1.9111328125
geco22,2921,16,1.95501708984375
geco22,2922,16,2.07257080078125
geco22,2923,16,1.73626708984375
geco22,2924,16,1.892059326171875
geco22,2925,16,1.9832077026367188
geco22,2926,16,1.5858535766601562
geco22,2927,16,1.689065933227539
geco22,2928,16,1.8347530364990234
geco22,2929,16,1.7601699829101562
geco22,2930,16,1.885904312133789
geco22,2931,16,1.8969268798828125
geco22,2932,16,1.684330940246582
geco22,2933,16,1.8373584747314453
geco22,2934,16,1.8785820007324219
geco22,2935,16,1.7728090286254883
geco22,2936,16,1.9482803344726562
geco22,2937,16,1.802351951599121
geco22,2938,16,1.732956886291504
geco22,2939,16,1.8433685302734375
geco22,2940,16,1.9916038513183594
geco22,2941,16,1.6696662902832031
geco22,2942,16,1.938455581665039
geco22,2943,16,1.8066234588623047
geco22,2944,16,1.785409927368164
geco22,2945,16,1.8559417724609375
geco22,2946,16,1.6915760040283203
geco22,2947,16,1.6783971786499023
geco22,2948,16,1.8195104598999023
geco22,2949,16,1.910801887512207
geco22,2950,16,2.069028854370117
geco22,2951,16,1.9327497482299805
geco22,2952,16,1.8409194946289062
geco22,2953,16,1.7879610061645508
geco22,2954,16,1.7504491806030273
geco22,2955,16,1.8918886184692383
geco22,2956,16,1.7474303245544434
geco22,2957,16,1.912322998046875
geco22,2958,16,1.77215576171875
geco22,2959,16,1.9144172668457031
geco22,2960,16,1.801295280456543
geco22,2961,16,2.28131103515625
geco22,2962,16,2.02325439453125
geco22,2963,16,1.9588623046875
geco22,2964,16,2.01055908203125
geco22,2965,16,1.963623046875
geco22,2966,16,1.73065185546875
geco22,2967,16,1.8857421875
geco22,2968,16,1.996826171875
geco22,2969,16,1.8575439453125
geco22,2970,16,1.989990234375
geco22,2971,16,2.0
geco22,2972,16,2.1324462890625
geco22,2973,16,1.75457763671875
geco22,2974,16,1.90875244140625
geco22,2975,16,1.8919677734375
geco22,2976,16,1.89300537109375
geco22,2977,16,1.9881591796875
geco22,2978,16,1.9244384765625
geco22,2979,16,2.09130859375
geco22,2980,16,1.91357421875
geco22,2981,16,1.9705810546875
geco22,2982,16,2.07012939453125
geco22,2983,16,1.901123046875
geco22,2984,16,1.914306640625
geco22,2985,16,1.90753173828125
geco22,2986,16,2.0543212890625
geco22,2987,16,1.9432373046875
geco22,2988,16,1.9718017578125
geco22,2989,16,2.0556640625
geco22,2990,16,1.899169921875
geco22,2991,16,1.81439208984375
geco22,2992,16,2.05426025390625
geco22,2993,16,1.916259765625
geco22,2994,16,1.83123779296875
geco22,2995,16,1.87225341796875
geco22,2996,16,1.6882858276367188
geco22,2997,16,1.6809844970703125
geco22,2998,16,1.82537841796875
geco22,2999,16,1.9531784057617188
geco22,3000,16,1.7682876586914062
geco22,3001,16,1.880340576171875
geco22,3002,16,1.8260650634765625
geco22,3003,16,1.7716255187988281
geco22,3004,16,1.8702621459960938
geco22,3005,16,1.7633056640625
geco22,3006,16,1.852142333984375
geco22,3007,16,1.6713342666625977
geco22,3008,16,1.8155517578125
geco22,3009,16,1.8502006530761719
geco22,3010,16,2.0059356689453125
geco22,3011,16,1.8293075561523438
geco22,3012,16,1.6807403564453125
geco22,3013,16,1.8538932800292969
geco22,3014,16,1.7772216796875
geco22,3015,16,1.8725709915161133
geco22,3016,16,1.7957077026367188
geco22,3017,16,1.7353754043579102
geco22,3018,16,2.0173473358154297
geco22,3019,16,1.9571962356567383
geco22,3020,16,1.8052253723144531
geco22,3021,16,1.7457275390625
geco22,3022,16,1.6832871437072754
geco22,3023,16,1.805267333984375
geco22,3024,16,1.8050270080566406
geco22,3025,16,1.8804669380187988
geco22,3026,16,1.9050469398498535
geco22,3027,16,1.7821111679077148
geco22,3028,16,1.9075918197631836
geco22,3029,16,1.7944998741149902
geco22,3030,16,1.7842674255371094
geco22,3031,16,1.864532470703125
geco22,3032,16,1.8462295532226562
geco22,3033,16,1.7556276321411133
geco22,3034,16,1.7894287109375
geco22,3035,16,1.881195068359375
geco22,3036,16,1.776127815246582
geco22,3037,16,1.8799362182617188
geco22,3038,16,1.7622623443603516
geco22,3039,16,1.7841424942016602
geco22,3040,16,1.8719863891601562
geco22,3041,16,2.02022647857666
geco22,3042,16,1.7354373931884766
geco22,3043,16,1.8373565673828125
geco22,3044,16,1.8012409210205078
geco22,3045,16,1.8720321655273438
geco22,3046,16,1.8256378173828125
geco22,3047,16,1.9559326171875
geco22,3048,16,1.9475860595703125
geco22,3049,16,1.9207801818847656
geco22,3050,16,1.8565521240234375
geco22,3051,16,1.7898101806640625
geco22,3052,16,1.9464635848999023
geco22,3053,16,2.07684326171875
geco22,3054,16,1.819000244140625
geco22,3055,16,1.843505859375
geco22,3056,16,1.8056297302246094
geco22,3057,16,1.7432479858398438
geco22,3058,16,1.8561019897460938
geco22,3059,16,1.8713111877441406
geco22,3060,16,1.787109375
geco22,3061,16,1.820450782775879
geco22,3062,16,1.8587532043457031
geco22,3063,16,1.8498401641845703
geco22,3064,16,1.7439537048339844
geco22,3065,16,1.6260032653808594
geco22,3066,16,1.7734408378601074
geco22,3067,16,1.9713134765625
geco22,3068,16,1.9156455993652344
geco22,3069,16,1.771026611328125
geco22,3070,16,1.8000240325927734
geco22,3071,16,1.8473901748657227
