model,model_window_position,base_count,mean_bpb
evo21,1,17,2.0381718523362102
evo21,2,17,2.0126951512168434
evo21,3,17,1.9879077252219706
evo21,4,17,1.9624482673757218
evo21,5,17,1.8654912008958704
evo21,6,17,2.04192176285912
evo21,7,17,1.9502824825399063
evo21,8,17,1.8558858352548935
evo21,9,17,1.8715025677400476
evo21,10,17,1.773224865688997
evo21,11,17,1.8549496023093952
evo21,12,17,1.921298325061798
evo21,13,17,1.8721922653562881
evo21,14,17,1.7971412399235893
evo21,15,17,1.8276203099419088
evo21,16,17,1.8362865483059603
evo21,17,17,1.7482529760283583
evo21,18,17,1.7634230966077131
evo21,19,17,1.6752941503244287
evo21,20,17,1.581605550559128
evo21,21,17,1.8756314787794561
evo21,22,17,1.6125309162718409
evo21,23,17,1.6242352653952206
evo21,24,17,1.997259504873963
evo21,25,17,1.9360419590683544
evo21,26,17,1.7701669523821157
evo21,27,17,1.6814153761986423
evo21,28,17,1.825966359280488
evo21,29,17,1.8729089564260315
evo21,30,17,1.747671166982721
evo21,31,17,1.9120047916384304
evo21,32,17,1.8571581546874607
evo21,33,17,1.7260299820233793
evo21,34,17,1.9216469379470629
evo21,35,17,1.7924042986158062
evo21,36,17,1.910252754083451
evo21,37,17,1.8487720901475233
evo21,38,17,1.9681537764913895
evo21,39,17,1.7253752815372803
evo21,40,17,1.8409247593406368
evo21,41,17,1.8435648557017832
evo21,42,17,1.6673019072588753
evo21,43,17,1.556088378324228
evo21,44,17,1.4999562506290043
evo21,45,17,1.715216557330945
evo21,46,17,1.5267266322146444
evo21,47,17,1.7464237937375027
evo21,48,17,1.58449626056587
evo21,49,17,1.6268498716766344
evo21,50,17,1.7816866436863648
evo21,51,17,1.9161432750303955
evo21,52,17,1.9134325041052174
evo21,53,17,1.6005903964533525
evo21,54,17,1.8197008794283165
evo21,55,17,1.997039354461081
evo21,56,17,1.6435259212465847
evo21,57,17,1.5777220033547457
evo21,58,17,1.8642059476936566
evo21,59,17,1.5478207399959074
evo21,60,17,1.9010413464377909
evo21,61,17,1.7042450534508509
evo21,62,17,1.683133457075147
evo21,63,17,1.5366811375407612
evo21,64,17,1.5043114171746899
evo21,65,17,1.7436600549913503
evo21,66,17,1.628118720234317
evo21,67,17,1.5440717966240995
evo21,68,17,1.837544093346771
evo21,69,17,1.5837096578496344
evo21,70,17,1.7443589381873608
evo21,71,17,1.6462765279061653
evo21,72,17,1.391985329635003
evo21,73,17,1.6191354182494038
evo21,74,17,1.4148510427159422
evo21,75,17,1.682574388297165
evo21,76,17,1.7883178911664908
evo21,77,17,1.4901931794250713
evo21,78,17,1.6572127329076038
evo21,79,17,1.3271757131990265
evo21,80,17,1.3595713538062923
evo21,81,17,1.5587216529118664
evo21,82,17,1.8848287120242329
evo21,83,17,1.2709254908430225
evo21,84,17,1.4624332507305287
evo21,85,17,1.522647748427356
evo21,86,17,1.199823219109984
evo21,87,17,1.6188121980384869
evo21,88,17,1.5206916343201609
evo21,89,17,1.4272677204845583
evo21,90,17,1.5921863414456738
evo21,91,17,1.4824046933037394
evo21,92,17,1.2814973243238295
evo21,93,17,1.4705644943477476
evo21,94,17,1.1626904871972168
evo21,95,17,1.6099782572949635
evo21,96,17,1.504352857961374
evo21,97,17,1.9548944681882858
evo21,98,17,1.7587435526006363
evo21,99,17,1.4442374559448046
evo21,100,17,1.4259631064008265
evo21,101,17,1.3035522759618128
evo21,102,17,1.5021934842362124
evo21,103,17,1.4146950943395495
evo21,104,17,1.5223786397015346
evo21,105,17,1.7687666832524187
evo21,106,17,1.4999797349686133
evo21,107,17,1.6684400735094267
evo21,108,17,1.3070110083722017
evo21,109,17,1.163636668913943
evo21,110,17,1.4188378300134312
evo21,111,17,1.3886879627757214
evo21,112,17,1.6853429432958364
evo21,113,17,1.5118152722168494
evo21,114,17,1.3226597975282108
evo21,115,17,1.5221065747387268
evo21,116,17,1.2940741342985456
evo21,117,17,1.4410161665257286
evo21,118,17,1.2731378293212723
evo21,119,17,1.1448613206636817
evo21,120,17,1.6307948947171955
evo21,121,17,1.2138988931992036
evo21,122,17,1.270877533551196
evo21,123,17,1.3646559304393389
evo21,124,17,1.4115767928716891
evo21,125,17,1.1791128542493372
evo21,126,17,1.4267668678041767
evo21,127,17,1.3083974618245573
evo21,128,17,1.1743823380264289
evo21,129,17,1.400510767365203
evo21,130,17,1.2922693351694547
evo21,131,17,1.28697259684422
evo21,132,17,1.6217465120203354
evo21,133,17,1.8137299600399701
evo21,134,17,1.2573823002714883
evo21,135,17,1.3630907776601173
evo21,136,17,1.7696453617228305
evo21,137,17,1.7121211197775077
evo21,138,17,1.6333984159590567
evo21,139,17,1.4192183470243918
evo21,140,17,1.78421932897147
evo21,141,17,1.6585741944830208
evo21,142,17,1.5352133986923624
evo21,143,17,1.6714513299658018
evo21,144,17,1.782245041692958
evo21,145,17,1.6354766176972428
evo21,146,17,1.5511449197759195
evo21,147,17,1.8548922258264877
evo21,148,17,1.3506432465305005
evo21,149,17,1.468814846895197
evo21,150,17,1.489320113159278
evo21,151,17,1.2889826995156266
evo21,152,17,1.8857372530037537
evo21,153,17,1.6491918136530064
evo21,154,17,1.4171183018068618
evo21,155,17,1.6381885888164534
evo21,156,17,1.5000087415032528
evo21,157,17,1.4996524941148783
evo21,158,17,1.8504592245992493
evo21,159,17,1.671476486412918
evo21,160,17,1.5958783866782837
evo21,161,17,1.6586783038287916
evo21,162,17,1.6338880789630554
evo21,163,17,1.770638068288784
evo21,164,17,1.5383595810682678
evo21,165,17,1.8773554826484007
evo21,166,17,1.4933548087103512
evo21,167,17,1.5180088505970644
evo21,168,17,1.7982157959657556
evo21,169,17,1.696694314603091
evo21,170,17,1.6470580267007737
evo21,171,17,1.5643774761873133
evo21,172,17,1.5537074203876888
evo21,173,17,1.387236399028231
evo21,174,17,1.4018178472624105
evo21,175,17,1.3515250682009055
evo21,176,17,1.5198273526723771
evo21,177,17,1.4018190625835867
evo21,178,17,1.3310039011104142
evo21,179,17,1.6364270759616322
evo21,180,17,1.6958868854186113
evo21,181,17,1.5974029065931545
evo21,182,17,1.691192551228382
evo21,183,17,1.758659430724733
evo21,184,17,1.4888188993311762
evo21,185,17,1.504555156618795
evo21,186,17,1.5374251352212227
evo21,187,17,1.8195169177745223
evo21,188,17,1.921232851331725
evo21,189,17,1.5802206202026676
evo21,190,17,2.022274802034885
evo21,191,17,1.5167226741528685
evo21,192,17,1.6051075739019058
evo21,193,17,1.432132292747744
evo21,194,17,1.3804958885645164
evo21,195,17,1.6769330115879284
evo21,196,17,1.7520796286887215
evo21,197,17,1.4272153733352966
evo21,198,17,1.649443186381284
evo21,199,17,1.2751254093668916
evo21,200,17,1.5969742809709928
evo21,201,17,1.7182537264683668
evo21,202,17,1.3368416623048045
evo21,203,17,1.4489953276865624
evo21,204,17,1.6852489271584679
evo21,205,17,1.2182178353233373
evo21,206,17,1.4615316246362293
evo21,207,17,1.6912093491238707
evo21,208,17,1.2250255365061629
evo21,209,17,1.8135270643568433
evo21,210,17,1.9848802755860722
evo21,211,17,1.7939259874196176
evo21,212,17,1.3711776439757908
evo21,213,17,1.835777875255136
evo21,214,17,1.7248787267462296
evo21,215,17,1.6000720363466399
evo21,216,17,1.7421471748281927
evo21,217,17,1.4238823532633593
evo21,218,17,1.5136911549112375
evo21,219,17,1.7721098389695673
evo21,220,17,1.655568061314304
evo21,221,17,1.663724871845368
evo21,222,17,1.614790621049264
evo21,223,17,1.5888276261222714
evo21,224,17,1.7493649148108328
evo21,225,17,1.667917726232725
evo21,226,17,1.7197699832236941
evo21,227,17,1.6329188608728789
evo21,228,17,1.589825361090548
evo21,229,17,1.5829902143381975
evo21,230,17,1.6738144950393368
evo21,231,17,1.5952275434837622
evo21,232,17,1.8325095825335558
evo21,233,17,1.81642306376906
evo21,234,17,1.9164413292618359
evo21,235,17,1.606656269992099
evo21,236,17,2.059313174775418
evo21,237,17,1.7380912435405396
evo21,238,17,1.8769741553594084
evo21,239,17,1.8316361921675064
evo21,240,17,1.5022713541984558
evo21,241,17,1.457805537563913
evo21,242,17,2.143137711812468
evo21,243,17,1.669360661331345
evo21,244,17,1.6278424368185156
evo21,245,17,1.3607861027121544
evo21,246,17,1.577727002036922
evo21,247,17,1.7611109555205877
evo21,248,17,1.884575548417428
evo21,249,17,1.6463739988120163
evo21,250,17,1.7053304794518387
evo21,251,17,1.5694567143697948
evo21,252,17,1.6624650635263498
evo21,253,17,1.6007847152650356
evo21,254,17,1.601380120305454
evo21,255,17,1.447847318917732
evo21,256,17,1.7815383812960457
evo21,257,17,1.7187833921874272
evo21,258,17,1.7784321076948852
evo21,259,17,1.9035624686409445
evo21,260,17,1.6617289899903185
evo21,261,17,1.6762427556164123
evo21,262,17,1.7519350237048723
evo21,263,17,1.4714410869295107
evo21,264,17,1.7860873075859511
evo21,265,17,1.6058002475868254
evo21,266,17,1.5409922913155134
evo21,267,17,1.628386690883952
evo21,268,17,1.6925063282251358
evo21,269,17,1.317538146586979
evo21,270,17,1.7319570932099049
evo21,271,17,1.6450008305118364
evo21,272,17,1.731580183348235
evo21,273,17,1.6084056972142529
evo21,274,17,1.574213126783862
evo21,275,17,1.7014338733518826
evo21,276,17,1.4324550164096497
evo21,277,17,1.9122748265371603
evo21,278,17,1.9369177397559671
evo21,279,17,1.64053287820014
evo21,280,17,1.6424955914125723
evo21,281,17,1.6583566092612112
evo21,282,17,1.6533467780579538
evo21,283,17,1.4890704041018206
evo21,284,17,1.4053952246904373
evo21,285,17,1.5819158589138704
evo21,286,17,1.655106700518552
evo21,287,17,1.5651653941501589
evo21,288,17,1.8615035471670769
evo21,289,17,1.6076653547146742
evo21,290,17,1.5917758135234608
evo21,291,17,1.5721368754611296
evo21,292,17,1.7433098594055456
evo21,293,17,1.875051085563267
evo21,294,17,1.7091902827515322
evo21,295,17,1.5231931183268042
evo21,296,17,1.7044222039334915
evo21,297,17,1.5971198853324442
evo21,298,17,2.0404752913643334
evo21,299,17,1.637290110482889
evo21,300,17,1.805862422375118
evo21,301,17,1.5444022176020287
evo21,302,17,1.744783422087922
evo21,303,17,1.857946839840973
evo21,304,17,1.9455424165901016
evo21,305,17,1.7323503266362583
evo21,306,17,1.6230000705074739
evo21,307,17,1.4856344535946846
evo21,308,17,1.4959726679851026
evo21,309,17,1.7453894505605978
evo21,310,17,1.874464339193176
evo21,311,17,1.5768295125487972
evo21,312,17,1.6388075487578617
evo21,313,17,1.7576796357684277
evo21,314,17,1.7264933520380188
evo21,315,17,1.6105602497563642
evo21,316,17,1.7075517394525164
evo21,317,17,1.6494857020237867
evo21,318,17,1.6906372177250244
evo21,319,17,1.4775883187265957
evo21,320,17,1.856082637082128
evo21,321,17,1.55221985105206
evo21,322,17,1.7854790512253256
evo21,323,17,1.7730642487021053
evo21,324,17,1.3766348620547968
evo21,325,17,1.618721842765808
evo21,326,17,1.7563979369314278
evo21,327,17,1.4183654010515003
evo21,328,17,1.6612250186941202
evo21,329,17,1.6347813435337122
evo21,330,17,1.764531520578791
evo21,331,17,1.4782118115793257
evo21,332,17,1.7098614713724922
evo21,333,17,1.5607845171847765
evo21,334,17,1.6610562937224613
evo21,335,17,1.6771070716135643
evo21,336,17,1.8819952293792193
evo21,337,17,1.5895852014860685
evo21,338,17,1.6227776591172989
evo21,339,17,1.5798641232883228
evo21,340,17,1.6864205721546621
evo21,341,17,1.5391804646043217
evo21,342,17,1.7585030588157036
evo21,343,17,1.628406699418145
evo21,344,17,1.9209752993329483
evo21,345,17,1.4623288125457132
evo21,346,17,1.691429050967974
evo21,347,17,1.5682618615820128
evo21,348,17,1.5414887835436009
evo21,349,17,1.6122157383052742
evo21,350,17,1.5025493681211681
evo21,351,17,1.3109453294207067
evo21,352,17,1.7867291935664766
evo21,353,17,1.533731707097853
evo21,354,17,1.7257067846024738
evo21,355,17,1.6089620607740738
evo21,356,17,1.6498544621555244
evo21,357,17,1.2544725697268457
evo21,358,17,2.15646485502229
evo21,359,17,1.5323705015813602
evo21,360,17,1.458602773354334
evo21,361,17,1.39765083351556
evo21,362,17,1.5780873309601755
evo21,363,17,1.2085857173318373
evo21,364,17,1.4757217808681375
evo21,365,17,1.4393576583003296
evo21,366,17,1.3644272337722427
evo21,367,17,1.4697935668861164
evo21,368,17,1.5658942526754211
evo21,369,17,1.2767092914265745
evo21,370,17,1.447349121684537
evo21,371,17,1.3670754914774614
evo21,372,17,1.2400131500600016
evo21,373,17,1.7164092531756443
evo21,374,17,1.5452362829271484
evo21,375,17,1.2204922374118776
evo21,376,17,1.6056668712374043
evo21,377,17,1.442437277887674
evo21,378,17,1.4534836219733251
evo21,379,17,1.989762029665358
evo21,380,17,1.3179834197987528
evo21,381,17,1.648764211246196
evo21,382,17,1.8905795326127726
evo21,383,17,1.48537180704229
evo21,384,17,1.466850793317837
evo21,385,17,1.5907473664949923
evo21,386,17,1.449845047558055
evo21,387,17,1.5321491039631998
evo21,388,17,1.4023797941558502
evo21,389,17,1.5862662930260687
evo21,390,17,1.592223129947396
evo21,391,17,1.708104397444164
evo21,392,17,1.2081844011212097
evo21,393,17,1.2578741254504113
evo21,394,17,1.5526162175571216
evo21,395,17,2.055763230604284
evo21,396,17,1.5808295708368807
evo21,397,17,1.530717004528817
evo21,398,17,1.6084592158303541
evo21,399,17,1.5402989405042984
evo21,400,17,1.9560126574600445
evo21,401,17,1.8577260442954653
evo21,402,17,1.5309584055315046
evo21,403,17,1.523659827954629
evo21,404,17,1.7458773360532873
evo21,405,17,1.830592190298964
evo21,406,17,1.5003049003289026
evo21,407,17,1.4225139816236847
evo21,408,17,1.4797909373746199
evo21,409,17,1.5425632372498512
evo21,410,17,1.4225294312790913
evo21,411,17,1.440620246945935
evo21,412,17,1.801388535867719
evo21,413,17,1.679688945193501
evo21,414,17,1.3703631320420433
evo21,415,17,1.6497479563250261
evo21,416,17,1.6182111977216076
evo21,417,17,1.5777287930250168
evo21,418,17,1.883566908100072
evo21,419,17,1.4044704287148573
evo21,420,17,1.6981037951567595
evo21,421,17,1.6673183235175468
evo21,422,17,1.572949688662501
evo21,423,17,1.4280959354603993
evo21,424,17,1.900360837140504
evo21,425,17,1.6121657120392603
evo21,426,17,1.8962063481483389
evo21,427,17,1.6811431051396273
evo21,428,17,1.6530237317304401
evo21,429,17,1.7682286071426727
evo21,430,17,1.7298988480778301
evo21,431,17,1.729648221448502
evo21,432,17,1.9600687885985655
evo21,433,17,1.6123688115793116
evo21,434,17,1.6406873701249851
evo21,435,17,1.5616047421798986
evo21,436,17,1.567314338596428
evo21,437,17,1.4712058413116371
evo21,438,17,1.6650673580109416
evo21,439,17,1.7845946851679508
evo21,440,17,1.402247372576419
evo21,441,17,1.3051358553416588
evo21,442,17,1.7335745676913683
evo21,443,17,1.6533390989198404
evo21,444,17,1.88103088824188
evo21,445,17,1.6154418482499964
evo21,446,17,1.456240366486942
evo21,447,17,1.568423173883382
evo21,448,17,1.7711886522524498
evo21,449,17,1.3539653386482422
evo21,450,17,2.119766795021646
evo21,451,17,1.6332862179945498
evo21,452,17,1.8710279942435377
evo21,453,17,1.7416492027833181
evo21,454,17,1.7020603709799402
evo21,455,17,1.628130495767383
evo21,456,17,1.5240041751633673
evo21,457,17,1.7959065029726309
evo21,458,17,1.7297653288525694
evo21,459,17,1.3735096439280932
evo21,460,17,1.7748085207798903
evo21,461,17,1.8821116267319988
evo21,462,17,1.5668310412370108
evo21,463,17,1.750693966360653
evo21,464,17,1.516780757400043
evo21,465,17,1.4545891148531263
evo21,466,17,1.8647486446973156
evo21,467,17,1.7200888070990057
evo21,468,17,1.6834825753946514
evo21,469,17,1.4843764502335997
evo21,470,17,1.718087767743889
evo21,471,17,1.5441642765174894
evo21,472,17,1.8583849764922087
evo21,473,17,1.8987927949603867
evo21,474,17,1.471843516563668
evo21,475,17,1.4500667628119974
evo21,476,17,1.4814770686275818
evo21,477,17,1.8243229071445324
evo21,478,17,1.7584793499725706
evo21,479,17,1.477180324440055
evo21,480,17,1.6031343402231442
evo21,481,17,1.6061898980508833
evo21,482,17,1.6325047406203606
evo21,483,17,1.412923055317472
evo21,484,17,1.7615611112731344
evo21,485,17,1.6032136275487787
evo21,486,17,1.8081466844853233
evo21,487,17,1.7017818435150034
evo21,488,17,1.5980912994812517
evo21,489,17,2.0321279856212
evo21,490,17,1.8301421059843372
evo21,491,17,1.7439191076247131
evo21,492,17,1.4169264459872948
evo21,493,17,1.9531246997854288
evo21,494,17,1.6019094327793402
evo21,495,17,1.5969962087624214
evo21,496,17,1.9919636424850016
evo21,497,17,1.5087553006322945
evo21,498,17,1.5881078052608406
evo21,499,17,1.5923541920150028
evo21,500,17,1.7314151448800283
evo21,501,17,1.4865609297857565
evo21,502,17,1.6348090075394686
evo21,503,17,1.6188677474856377
evo21,504,17,1.6944410502910614
evo21,505,17,1.700017644202008
evo21,506,17,1.466820224243052
evo21,507,17,1.3718584688270794
evo21,508,17,1.610319502213422
evo21,509,17,2.3342208301319793
evo21,510,17,1.6326070489252316
evo21,511,17,1.905085844152114
evo21,512,17,1.7638378511456883
evo21,513,17,1.4902186323614681
evo21,514,17,1.5261292996651985
evo21,515,17,2.012608266052078
evo21,516,17,1.6680576834170258
evo21,517,17,1.582441224333118
evo21,518,17,1.6203106512479923
evo21,519,17,1.4597133292871363
evo21,520,17,1.73864545629305
evo21,521,17,1.8098178095019914
evo21,522,17,1.1664094613755451
evo21,523,17,2.249704386381542
evo21,524,17,1.8319275848129217
evo21,525,17,1.4881909910370321
evo21,526,17,1.5429489603813957
evo21,527,17,1.4170921571991022
evo21,528,17,1.7192488032228805
evo21,529,17,1.591678293312297
evo21,530,17,1.3793114588102873
evo21,531,17,1.7382396775133468
evo21,532,17,1.339632279732648
evo21,533,17,1.7339767375413109
evo21,534,17,1.3280921893961288
evo21,535,17,1.820801103816313
evo21,536,17,1.512691124835435
evo21,537,17,1.4467933559242416
evo21,538,17,1.528616594917634
evo21,539,17,1.6200958998764263
evo21,540,17,1.5629484521992065
evo21,541,17,2.059601017657448
evo21,542,17,1.597281862707699
evo21,543,17,2.0070797616944596
evo21,544,17,1.620957209783442
evo21,545,17,1.710706832654336
evo21,546,17,1.652455631424399
evo21,547,17,1.3826102759031689
evo21,548,17,1.6917669606559418
evo21,549,17,1.763313658097211
evo21,550,17,1.6635156457915026
evo21,551,17,1.5812815695124514
evo21,552,17,1.5310760819736648
evo21,553,17,1.5906365198247574
evo21,554,17,1.6843810909811188
evo21,555,17,1.4696349983706194
evo21,556,17,1.5487786220277058
evo21,557,17,1.3688763813937412
evo21,558,17,1.4839061293751001
evo21,559,17,1.4385782304932089
evo21,560,17,1.3757472209194128
evo21,561,17,1.7741833868272163
evo21,562,17,1.5762266985633795
evo21,563,17,1.4243122698629604
evo21,564,17,1.6459418526467156
evo21,565,17,1.6413116840755237
evo21,566,17,1.576043192516355
evo21,567,17,1.5193601287901402
evo21,568,17,2.2624221838572445
evo21,569,17,1.6955206479658098
evo21,570,17,1.5219521633185007
evo21,571,17,1.7221622401300598
evo21,572,17,1.7197047756875263
evo21,573,17,1.7082621900036055
evo21,574,17,1.4843090684974896
evo21,575,17,1.5466546216870056
evo21,576,17,1.4176114613518995
evo21,577,17,1.4960962406852667
evo21,578,17,1.8157531351727598
evo21,579,17,1.8015090292867493
evo21,580,17,1.5539238974452019
evo21,581,17,1.6997183822095394
evo21,582,17,1.5788570445250063
evo21,583,17,1.8848400558618938
evo21,584,17,1.7723627309588825
evo21,585,17,1.7813063851174187
evo21,586,17,1.5931232400676782
evo21,587,17,1.513008857255473
evo21,588,17,1.724109301014858
evo21,589,17,1.65820153232883
evo21,590,17,1.4407588966629084
evo21,591,17,1.377921723486746
evo21,592,17,1.4199376399902737
evo21,593,17,1.65993423190187
evo21,594,17,1.7174655207816292
evo21,595,17,1.5053715762846611
evo21,596,17,1.5905838645994663
evo21,597,17,1.5175000249462969
evo21,598,17,1.5553370236473925
evo21,599,17,1.4481801059754456
evo21,600,17,1.799686077653485
evo21,601,17,1.4942112196894253
evo21,602,17,1.6942298510933624
evo21,603,17,1.5105117235113592
evo21,604,17,1.47682850566857
evo21,605,17,1.5966652765431826
evo21,606,17,1.598867366419119
evo21,607,17,1.4263843394377653
evo21,608,17,1.7301546677070505
evo21,609,17,1.442248828270856
evo21,610,17,1.5076631382107735
evo21,611,17,1.6834301881711273
evo21,612,17,1.5200078557519352
evo21,613,17,1.5948711147203165
evo21,614,17,1.535291600972414
evo21,615,17,1.5285144097664778
evo21,616,17,1.6374130998464191
evo21,617,17,1.8560550914091223
evo21,618,17,1.514473525916829
evo21,619,17,1.5488396137952805
evo21,620,17,1.5885531954905565
evo21,621,17,1.2661275022170122
evo21,622,17,1.5378711867858381
evo21,623,17,1.9308910045553656
evo21,624,17,1.6796010491602562
evo21,625,17,2.2538218480699204
evo21,626,17,1.7999159150263842
evo21,627,17,1.8153848052024841
evo21,628,17,1.8902543485164642
evo21,629,17,1.7399273462155287
evo21,630,17,1.815056962563711
evo21,631,17,1.7340821676394518
evo21,632,17,1.5960307515719359
evo21,633,17,1.6986898337216938
evo21,634,17,1.5741721812416525
evo21,635,17,1.510967506643604
evo21,636,17,1.8252235843854792
evo21,637,17,1.5729164323386025
evo21,638,17,1.6445278762017979
evo21,639,17,1.8279686822172474
evo21,640,17,1.8411729708313942
evo21,641,17,1.4699771334143246
evo21,642,17,1.55546395513503
evo21,643,17,1.8378971162087776
evo21,644,17,1.690446286517031
evo21,645,17,1.5000161804697092
evo21,646,17,1.6125573296757305
evo21,647,17,2.1921376967254806
evo21,648,17,1.5534756713930298
evo21,649,17,1.676410329692504
evo21,650,17,1.6308774402474655
evo21,651,17,1.629857065703939
evo21,652,17,1.5717799488235922
evo21,653,17,1.9625952405964626
evo21,654,17,1.6755276188692625
evo21,655,17,1.8508273354348015
evo21,656,17,1.4194198298980207
evo21,657,17,1.3833862981375527
evo21,658,17,1.3412613570690155
evo21,659,17,1.8105214663288172
evo21,660,17,1.6064119483618176
evo21,661,17,1.6286119794582619
evo21,662,17,1.87962069734931
evo21,663,17,1.4436791977461647
evo21,664,17,1.5148359204039854
evo21,665,17,1.704609249225434
evo21,666,17,1.2860484905540943
evo21,667,17,1.4695790848311256
evo21,668,17,1.3669561761267044
evo21,669,17,1.7250259941553368
evo21,670,17,1.8068790466469877
evo21,671,17,1.6692960356526516
evo21,672,17,1.4013986075844835
evo21,673,17,1.571924445383689
evo21,674,17,1.2874910910339916
evo21,675,17,1.6024840141043943
evo21,676,17,1.4505062863668974
evo21,677,17,1.744513496537419
evo21,678,17,1.7014146576471187
evo21,679,17,1.738414099549546
evo21,680,17,1.5414365762296844
evo21,681,17,1.426344779703547
evo21,682,17,1.5338158767451258
evo21,683,17,1.4122754248845226
evo21,684,17,1.2333183709312887
evo21,685,17,1.475947165313889
evo21,686,17,1.4102643918903435
evo21,687,17,1.4734817366389668
evo21,688,17,1.5839142716106247
evo21,689,17,1.5661808642394401
evo21,690,17,1.3804731887272175
evo21,691,17,1.7291707964066196
evo21,692,17,1.4235425083076252
evo21,693,17,1.733062976752134
evo21,694,17,1.3622052338631714
evo21,695,17,1.6545111808706732
evo21,696,17,1.4358239079661228
evo21,697,17,1.6762241807711475
evo21,698,17,1.5065761068288017
evo21,699,17,1.3335647879935362
evo21,700,17,1.48903936016209
evo21,701,17,1.483159503516029
evo21,702,17,1.3536993593854063
evo21,703,17,1.3203613422811031
evo21,704,17,1.486951010849546
evo21,705,17,1.7382192004691153
evo21,706,17,1.2332697506336605
evo21,707,17,1.368315339745844
evo21,708,17,1.3261910652851356
evo21,709,17,1.3702749640626066
evo21,710,17,1.524993221658994
evo21,711,17,1.4115462712943554
evo21,712,17,1.3361803285558433
evo21,713,17,1.6476194659138428
evo21,714,17,1.3303205024670153
evo21,715,17,1.2494951313471092
evo21,716,17,1.3779214300653513
evo21,717,17,1.3448134184102802
evo21,718,17,1.576127350987757
evo21,719,17,1.5025140101857044
evo21,720,17,1.3628568803781973
evo21,721,17,1.6330421290853445
evo21,722,17,1.3941071502426092
evo21,723,17,1.4319879124488901
evo21,724,17,1.9669484638554209
evo21,725,17,1.4146662938463337
evo21,726,17,1.5671799086472566
evo21,727,17,1.4387082435628946
evo21,728,17,1.2702850936090244
evo21,729,17,1.4007251738187145
evo21,730,17,1.3617042743546122
evo21,731,17,1.673771064618931
evo21,732,17,1.7048836921286934
evo21,733,17,1.3885537171188522
evo21,734,17,1.1808900273240663
evo21,735,17,1.6029748950591858
evo21,736,17,1.787012950024184
evo21,737,17,1.8184738807818468
evo21,738,17,1.3197222224929754
evo21,739,17,1.7159006157342125
evo21,740,17,1.478662319974426
evo21,741,17,1.3689567377681242
evo21,742,17,1.3777966751333546
evo21,743,17,1.8510634140933262
evo21,744,17,1.480748045093873
evo21,745,17,1.5456538314328474
evo21,746,17,2.0698493440799854
evo21,747,17,1.9953921881011303
evo21,748,17,1.5119683283435947
evo21,749,17,1.8733314817004345
evo21,750,17,1.444889364325825
evo21,751,17,1.323260253185735
evo21,752,17,1.5964788282837938
evo21,753,17,1.9318882061497253
evo21,754,17,1.7262875615235638
evo21,755,17,1.3231559433043003
evo21,756,17,1.3514619047808296
evo21,757,17,1.446185258381507
evo21,758,17,1.1384943865020485
evo21,759,17,1.7676421224194414
evo21,760,17,1.4272162857301094
evo21,761,17,1.9245996765573234
evo21,762,17,1.667247755343423
evo21,763,17,1.9861103401464575
evo21,764,17,1.630055185078698
evo21,765,17,1.4858878745752222
evo21,766,17,1.3743894687470268
evo21,767,17,1.6301243730327661
evo21,768,17,1.6716510333559091
evo21,769,17,1.3675734332817442
evo21,770,17,1.330128120368018
evo21,771,17,1.266117053654264
evo21,772,17,1.5627751459970194
evo21,773,17,1.3846952921765692
evo21,774,17,1.5723345487871592
evo21,775,17,1.3923476035980618
evo21,776,17,1.3801651206963204
evo21,777,17,1.5400764819453745
evo21,778,17,1.4540648173321695
evo21,779,17,1.7901654014473452
evo21,780,17,1.435806823784814
evo21,781,17,1.8715459095204579
evo21,782,17,1.3122760031153173
evo21,783,17,1.4664018380948727
evo21,784,17,1.4781164598158176
evo21,785,17,1.4000887465389336
evo21,786,17,1.438518686548752
evo21,787,17,1.6364199626533424
evo21,788,17,1.5598274099037928
evo21,789,17,1.3442423192455488
evo21,790,17,1.7962869486826307
evo21,791,17,1.682069431990385
evo21,792,17,1.3234966185820454
evo21,793,17,1.6519969526459188
evo21,794,17,1.6306084542370893
evo21,795,17,1.5114791156614529
evo21,796,17,1.6257554567692911
evo21,797,17,1.5449506500188042
evo21,798,17,1.6748302070533527
evo21,799,17,1.3100020041798843
evo21,800,17,1.379893872393843
evo21,801,17,1.3988746060606312
evo21,802,17,1.2779307141900063
evo21,803,17,1.4873025178471033
evo21,804,17,1.3147289725568365
evo21,805,17,1.897771765861441
evo21,806,17,1.289619912557742
evo21,807,17,1.4156751812380903
evo21,808,17,1.3983345101861393
evo21,809,17,1.7161903214805267
evo21,810,17,1.556343134273501
evo21,811,17,1.4935979194500868
evo21,812,17,1.293707089498639
evo21,813,17,1.5409942696637966
evo21,814,17,1.9486990185344921
evo21,815,17,1.3608017984558554
evo21,816,17,2.010245012886384
evo21,817,17,1.4776947923442896
evo21,818,17,1.2502133977763794
evo21,819,17,1.624443837277153
evo21,820,17,1.5106245528030045
evo21,821,17,1.6891032733461435
evo21,822,17,1.5207934730193193
evo21,823,17,1.955629884977551
evo21,824,17,1.8796209383975058
evo21,825,17,1.5318005023633732
evo21,826,17,1.5353995430118896
evo21,827,17,1.4354912242030395
evo21,828,17,1.3574787095627363
evo21,829,17,1.6534309608533102
evo21,830,17,1.3080136459320784
evo21,831,17,1.2915051204755026
evo21,832,17,1.2594040616908495
evo21,833,17,1.3751307993250734
evo21,834,17,1.2273882031440735
evo21,835,17,1.5624080082292067
evo21,836,17,1.3957055690424407
evo21,837,17,1.2718746364116669
evo21,838,17,1.4437273863483877
evo21,839,17,1.892122423824142
evo21,840,17,1.411823687965379
evo21,841,17,1.73659578272525
evo21,842,17,1.6346786153667114
evo21,843,17,1.9363334525157423
evo21,844,17,1.8559043652871077
evo21,845,17,1.8634804200161905
evo21,846,17,1.7141562971998663
evo21,847,17,1.4284180880469435
evo21,848,16,1.4058831119909883
evo21,849,16,1.474163044244051
evo21,850,16,1.634622917510569
evo21,851,16,1.594654647167772
evo21,852,16,1.4304599934257567
evo21,853,16,1.6795681286603212
evo21,854,16,2.1457327362149954
evo21,855,16,1.55032765166834
evo21,856,16,1.335706967394799
evo21,857,16,1.5966096469201148
evo21,858,16,1.4863671669736505
evo21,859,16,1.4716257939580828
evo21,860,16,1.9767220383509994
evo21,861,16,1.658627894707024
evo21,862,16,2.6626662351191044
evo21,863,16,1.4550241697579622
evo21,864,16,1.899466248229146
evo21,865,16,1.6112733148038387
evo21,866,16,2.0770713398233056
evo21,867,16,1.58759521599859
evo21,868,16,1.7045377008616924
evo21,869,16,1.4494890191126615
evo21,870,16,1.4416963644325733
evo21,871,16,1.471909255720675
evo21,872,16,1.5601232033222914
evo21,873,16,2.086994333192706
evo21,874,16,1.6342832357622683
evo21,875,16,1.4905176796019077
evo21,876,16,1.8229505456984043
evo21,877,16,1.3817879613488913
evo21,878,16,1.5257004769518971
evo21,879,16,1.9414238026365638
evo21,880,16,1.446066152304411
evo21,881,16,1.637099233455956
evo21,882,16,1.5100593222305179
evo21,883,16,1.5638507106341422
evo21,884,16,1.5557187413796782
evo21,885,16,1.5862255450338125
evo21,886,16,1.4942450430244207
evo21,887,16,1.5476605338044465
evo21,888,16,1.3646439546719193
evo21,889,16,1.394305446650833
evo21,890,16,1.516269653569907
evo21,891,16,1.7058097831904888
evo21,892,16,1.5739213768392801
evo21,893,16,2.120726464316249
evo21,894,16,1.8743928000330925
evo21,895,16,1.5061785792931914
evo21,896,16,1.3027254901826382
evo21,897,16,1.4769850820302963
evo21,898,16,1.478850977960974
evo21,899,16,1.3147993343882263
evo21,900,16,1.9619402345269918
evo21,901,16,1.7565444605425
evo21,902,16,2.0163039565086365
evo21,903,16,1.6118503017351031
evo21,904,16,1.377962271682918
evo21,905,16,1.5011941967532039
evo21,906,16,1.724163084756583
evo21,907,16,1.8533103689551353
evo21,908,16,1.513092896901071
evo21,909,16,1.9244962949305773
evo21,910,16,1.5510529382154346
evo21,911,16,1.9394895359873772
evo21,912,16,1.6103157233446836
evo21,913,16,1.6626105871982872
evo21,914,16,1.65182048920542
evo21,915,16,1.4033362930640578
evo21,916,16,1.4823747873306274
evo21,917,16,1.4428779780864716
evo21,918,16,1.506230920087546
evo21,919,16,1.6697645564563572
evo21,920,16,1.6030477164313197
evo21,921,16,1.5936672696843743
evo21,922,16,1.262318359222263
evo21,923,16,1.3372390139847994
evo21,924,16,1.2977074475493282
evo21,925,16,1.8126612526830286
evo21,926,16,1.2966939001344144
evo21,927,16,1.5438407205510885
evo21,928,16,1.3602723954245448
evo21,929,16,1.58188641583547
evo21,930,16,1.8486386081203818
evo21,931,16,1.8679892919026315
evo21,932,16,1.6526651934254915
evo21,933,16,1.6914497129619122
evo21,934,16,2.107842406257987
evo21,935,16,1.9297088929452002
evo21,936,16,1.4068869105540216
evo21,937,16,1.3064209180884063
evo21,938,16,1.6118564796634018
evo21,939,16,1.592681092210114
evo21,940,16,1.5204758062027395
evo21,941,16,1.6176858926191926
evo21,942,16,2.079724011477083
evo21,943,16,1.7493047094903886
evo21,944,16,1.9240163587965071
evo21,945,16,1.7260362384840846
evo21,946,16,1.811295264866203
evo21,947,16,1.5714949320536107
evo21,948,16,2.0395360738039017
evo21,949,16,1.417985500767827
evo21,950,16,1.6312139872461557
evo21,951,16,1.5934804938733578
evo21,952,16,1.701391939073801
evo21,953,16,1.4481265568174422
evo21,954,16,1.5983206159435213
evo21,955,16,1.5410502259619534
evo21,956,16,1.5367119410075247
evo21,957,16,1.5511160995811224
evo21,958,16,1.4637542073614895
evo21,959,16,1.5953774340450764
evo21,960,16,1.8040473700966686
evo21,961,16,1.4482923592440784
evo21,962,16,1.5925420704297721
evo21,963,16,1.3908087126910686
evo21,964,16,1.474981248844415
evo21,965,16,1.613412563689053
evo21,966,16,2.004621772095561
evo21,967,16,1.495365686248988
evo21,968,16,1.4957779983524233
evo21,969,16,1.7958458820357919
evo21,970,16,1.8202257030643523
evo21,971,16,1.52499781223014
evo21,972,16,1.5650131669826806
evo21,973,16,1.8664602022618055
evo21,974,16,1.457210605032742
evo21,975,16,1.7934760842472315
evo21,976,16,1.6511107278056443
evo21,977,16,1.524402981158346
evo21,978,16,2.1445107413455844
evo21,979,16,1.6941489661112428
evo21,980,16,1.5727969817817211
evo21,981,16,1.5133506588172168
evo21,982,16,1.6365647595375776
evo21,983,16,1.6684668785892427
evo21,984,16,1.5747188124805689
evo21,985,16,1.7624282175675035
evo21,986,16,1.5672548436559737
evo21,987,16,1.6059488574974239
evo21,988,16,1.650139283388853
evo21,989,16,1.5058687953278422
evo21,990,16,1.692044883966446
evo21,991,16,2.1333592580631375
evo21,992,16,1.6798729235306382
evo21,993,16,1.7350484668277204
evo21,994,16,1.5641886016819626
evo21,995,16,1.627719645621255
evo21,996,16,1.5830592988058925
evo21,997,16,1.699934670701623
evo21,998,16,1.5317810396663845
evo21,999,16,1.2886917234864086
evo21,1000,16,1.4912504008971155
evo21,1001,16,1.7341938889585435
evo21,1002,16,1.5199014889076352
evo21,1003,16,1.4587699309922755
evo21,1004,16,1.6879779351875186
evo21,1005,16,1.325184935471043
evo21,1006,16,1.3796319039538503
evo21,1007,16,1.9910212475806475
evo21,1008,16,1.6683447007089853
evo21,1009,16,1.2773879738524556
evo21,1010,16,1.39757464453578
evo21,1011,16,1.6965612256899476
evo21,1012,16,1.5546142887324095
evo21,1013,16,1.3508043671026826
evo21,1014,16,1.244259087368846
evo21,1015,16,1.6202481891959906
evo21,1016,16,1.5068342313170433
evo21,1017,16,1.555514920502901
evo21,1018,16,1.8700725403614342
evo21,1019,16,1.8226470351219177
evo21,1020,16,1.5048056337982416
evo21,1021,16,1.5410641385242343
evo21,1022,16,1.4224205734208226
evo21,1023,16,1.6669754534959793
evo21,1024,16,1.7370424238033593
evo21,1025,16,1.883831573650241
evo21,1026,16,1.625119224190712
evo21,1027,16,1.6715197619050741
evo21,1028,16,1.5632981937378645
evo21,1029,16,1.8187296902760863
evo21,1030,16,1.652199280448258
evo21,1031,16,1.6072604851797223
evo21,1032,16,1.5675954539328814
evo21,1033,16,1.8263171040453017
evo21,1034,16,1.4791008695028722
evo21,1035,16,1.5073193558491766
evo21,1036,16,1.5852530808188021
evo21,1037,16,1.2718456331640482
evo21,1038,16,1.728637058287859
evo21,1039,16,1.8257958013564348
evo21,1040,16,1.4555236333981156
evo21,1041,16,1.3518895194865763
evo21,1042,16,1.6344011269975454
evo21,1043,16,1.5208526775240898
evo21,1044,16,1.3745532529428601
evo21,1045,16,1.4876724970526993
evo21,1046,16,1.4931957218796015
evo21,1047,16,1.5898235659115016
evo21,1048,16,1.583532998804003
evo21,1049,16,1.6559144430793822
evo21,1050,16,1.6938999590929598
evo21,1051,16,2.264542832970619
evo21,1052,16,1.6273120702244341
evo21,1053,16,1.8134019188582897
evo21,1054,16,1.5665782140567899
evo21,1055,16,1.723329082597047
evo21,1056,16,1.8083536922931671
evo21,1057,16,1.5198160707950592
evo21,1058,16,1.4999762955121696
evo21,1059,16,1.6159965060651302
evo21,1060,16,2.0665574653539807
evo21,1061,16,1.5834427603986114
evo21,1062,16,1.4509053248912096
evo21,1063,16,1.920864281244576
evo21,1064,16,1.6913131531327963
evo21,1065,16,1.817777649499476
evo21,1066,16,1.5752999894320965
evo21,1067,16,1.8235355019569397
evo21,1068,16,1.5191024476662278
evo21,1069,16,1.7790425587445498
evo21,1070,16,1.6996596232056618
evo21,1071,16,1.7666591154411435
evo21,1072,16,1.766899861395359
evo21,1073,16,1.859881725627929
evo21,1074,16,1.8908478654921055
evo21,1075,16,1.7223085863515735
evo21,1076,16,1.9009485905990005
evo21,1077,16,1.964868739247322
evo21,1078,16,1.51935486192815
evo21,1079,16,1.3343974221497774
evo21,1080,16,1.6497507812455297
evo21,1081,16,1.6626456729136407
evo21,1082,16,1.9420738350600004
evo21,1083,16,1.3871816978789866
evo21,1084,16,1.9006802076473832
evo21,1085,16,1.6137572622392327
evo21,1086,16,1.7057193787768483
evo21,1087,16,1.5139374549034983
evo21,1088,16,1.8690302623435855
evo21,1089,16,1.580779897980392
evo21,1090,16,1.782037555705756
evo21,1091,16,1.493996846023947
evo21,1092,16,1.601349487900734
evo21,1093,16,1.465905433287844
evo21,1094,16,1.8817947157658637
evo21,1095,16,1.7240701653063297
evo21,1096,16,1.688060840126127
evo21,1097,16,1.8890683986246586
evo21,1098,16,1.9033079836517572
evo21,1099,16,2.1138784755021334
evo21,1100,16,1.635379963554442
evo21,1101,16,2.158495768904686
evo21,1102,16,1.8565307036042213
evo21,1103,16,1.5731834387406707
evo21,1104,16,1.5941872438415885
evo21,1105,16,1.5418304027989507
evo21,1106,16,1.5703651532530785
evo21,1107,16,1.829179896041751
evo21,1108,16,1.6197109073400497
evo21,1109,16,2.022314004600048
evo21,1110,16,1.7026185151189566
evo21,1111,16,2.028515473008156
evo21,1112,16,1.828631978482008
evo21,1113,16,1.6353088216856122
evo21,1114,16,1.7585035059601068
evo21,1115,16,1.5837863618507981
evo21,1116,16,1.6643830430693924
evo21,1117,16,1.7234912924468517
evo21,1118,16,1.7334147803485394
evo21,1119,16,1.7587983664125204
evo21,1120,16,2.134540954604745
evo21,1121,16,1.6890777125954628
evo21,1122,16,1.6428371239453554
evo21,1123,16,1.7571628987789154
evo21,1124,16,1.9388350136578083
evo21,1125,16,1.795336864888668
evo21,1126,16,1.6510009709745646
evo21,1127,16,1.8130160495638847
evo21,1128,16,1.77341553196311
evo21,1129,16,1.6711241980083287
evo21,1130,16,1.8924503792077303
evo21,1131,16,1.9870652165263891
evo21,1132,16,1.794127106666565
evo21,1133,16,2.0592341870069504
evo21,1134,16,1.3637914005666971
evo21,1135,16,1.8230100153014064
evo21,1136,16,1.6310393922030926
evo21,1137,16,1.5102131916210055
evo21,1138,16,2.0495743844658136
evo21,1139,16,1.8745749536901712
evo21,1140,16,1.477558077313006
evo21,1141,16,1.9563200362026691
evo21,1142,16,1.9583249483257532
evo21,1143,16,1.7671644426882267
evo21,1144,16,1.8703151196241379
evo21,1145,16,1.917240034788847
evo21,1146,16,1.9819161519408226
evo21,1147,16,2.1621150448918343
evo21,1148,16,1.6475736536085606
evo21,1149,16,1.9001950789242983
evo21,1150,16,1.832359497435391
evo21,1151,16,1.6613571662455797
evo21,1152,16,1.7436376009136438
evo21,1153,16,1.6832200260832906
evo21,1154,16,1.4925377238541842
evo21,1155,16,1.5846700482070446
evo21,1156,16,1.3980844849720597
evo21,1157,16,1.4835740262642503
evo21,1158,16,1.485893104225397
evo21,1159,16,1.3785673067905009
evo21,1160,16,1.3983656913042068
evo21,1161,16,1.494874406605959
evo21,1162,16,1.1990842474624515
evo21,1163,16,1.9579102750867605
evo21,1164,16,1.4672354240901768
evo21,1165,16,1.5721839484758675
evo21,1166,16,1.9684231993742287
evo21,1167,16,1.702449121978134
evo21,1168,16,1.3454524679109454
evo21,1169,16,1.872465387918055
evo21,1170,16,1.5999347921460867
evo21,1171,16,1.8639075262472034
evo21,1172,16,1.4018817422911525
evo21,1173,16,1.5235636057332158
evo21,1174,16,1.4265341302379966
evo21,1175,16,1.9731472581624985
evo21,1176,16,1.5540927983820438
evo21,1177,16,1.3507559234276414
evo21,1178,16,1.6909340284764767
evo21,1179,16,1.8591733612120152
evo21,1180,16,1.927387428469956
evo21,1181,16,1.9924779739230871
evo21,1182,16,1.572437652386725
evo21,1183,16,1.6199573813937604
evo21,1184,16,1.795314347371459
evo21,1185,16,1.5353502640500665
evo21,1186,16,1.7214489853940904
evo21,1187,16,1.6143732201308012
evo21,1188,16,1.5526882726699114
evo21,1189,16,1.681991346180439
evo21,1190,16,1.6596645838581026
evo21,1191,16,1.589889021590352
evo21,1192,16,1.3998396820388734
evo21,1193,16,1.6421126266941428
evo21,1194,16,1.7904655504971743
evo21,1195,16,1.6405878853984177
evo21,1196,16,1.6351057887077332
evo21,1197,16,2.037283508107066
evo21,1198,16,1.5875640604645014
evo21,1199,16,1.7257015714421868
evo21,1200,16,1.7786155948415399
evo21,1201,16,1.6303597716614604
evo21,1202,16,1.9368004780262709
evo21,1203,16,1.4208550052717328
evo21,1204,16,1.5617907792329788
evo21,1205,16,1.5734951053746045
evo21,1206,16,1.6761078331619501
evo21,1207,16,1.2845899746753275
evo21,1208,16,1.5373164787888527
evo21,1209,16,1.7559365229681134
evo21,1210,16,1.9189371657557786
evo21,1211,16,1.478913087863475
evo21,1212,16,1.7276678099296987
evo21,1213,16,1.5728765546809882
evo21,1214,16,1.5797806279733777
evo21,1215,16,1.7013709456659853
evo21,1216,16,1.4562398614361882
evo21,1217,16,1.6517305220477283
evo21,1218,16,1.7836222536861897
evo21,1219,16,1.7123255701735616
evo21,1220,16,1.8584627457894385
evo21,1221,16,1.8104239930398762
evo21,1222,16,1.806343781761825
evo21,1223,16,1.4827126967720687
evo21,1224,16,1.7175885227043182
evo21,1225,16,1.5780017217621207
evo21,1226,16,1.9726457223296165
evo21,1227,16,1.6709733656607568
evo21,1228,16,1.7393488129600883
evo21,1229,16,1.6388148702681065
evo21,1230,16,1.4787652818486094
evo21,1231,16,1.6420850977301598
evo21,1232,16,1.6472625955939293
evo21,1233,16,1.9785621738992631
evo21,1234,16,1.7186057791113853
evo21,1235,16,1.7357515478506684
evo21,1236,16,1.6220812387764454
evo21,1237,16,2.0965083139017224
evo21,1238,16,1.7188985534012318
evo21,1239,16,1.7678343188017607
evo21,1240,16,1.7446035481989384
evo21,1241,16,1.8692930862307549
evo21,1242,16,1.745417045429349
evo21,1243,16,1.8991032596677542
evo21,1244,16,1.6845776457339525
evo21,1245,16,1.5538699887692928
evo21,1246,16,1.931051411665976
evo21,1247,16,1.794937875121832
evo21,1248,16,1.790158108342439
evo21,1249,16,1.7925463989377022
evo21,1250,16,1.6264967573806643
evo21,1251,16,1.6392929141875356
evo21,1252,16,2.13413711078465
evo21,1253,16,1.530550828203559
evo21,1254,16,1.451859101653099
evo21,1255,16,1.5110662374645472
evo21,1256,16,2.143070936203003
evo21,1257,16,1.8857820853590965
evo21,1258,16,1.67210076097399
evo21,1259,16,1.6172762513160706
evo21,1260,16,1.5648791082203388
evo21,1261,16,1.8356702029705048
evo21,1262,16,2.0628660544753075
evo21,1263,16,1.5935498774051666
evo21,1264,16,1.9904984384775162
evo21,1265,16,1.56965811830014
evo21,1266,16,1.908313112333417
evo21,1267,16,1.8311553299427032
evo21,1268,16,1.6228143917396665
evo21,1269,16,1.7285041771829128
evo21,1270,16,1.8112856149673462
evo21,1271,16,1.4061585927847773
evo21,1272,16,1.674014747608453
evo21,1273,16,1.6869025006890297
evo21,1274,16,1.7045369561528787
evo21,1275,16,1.512742685386911
evo21,1276,16,2.013011647388339
evo21,1277,16,1.7172739384695888
evo21,1278,16,1.5263503855094314
evo21,1279,16,1.7391890147700906
evo21,1280,16,1.5391606965567917
evo21,1281,16,1.8635502681136131
evo21,1282,16,1.6919329604133964
evo21,1283,16,1.6670343677396886
evo21,1284,16,1.6552997880789917
evo21,1285,16,1.6123406700789928
evo21,1286,16,1.4672194052254781
evo21,1287,16,1.625704471138306
evo21,1288,16,1.5419489836785942
evo21,1289,16,1.8084857099456713
evo21,1290,16,1.4305685374420136
evo21,1291,16,1.6153286297339946
evo21,1292,16,1.9334064647555351
evo21,1293,16,1.644999944837764
evo21,1294,16,1.4732031226158142
evo21,1295,16,1.950476035475731
evo21,1296,16,2.007584623992443
evo21,1297,16,1.5917522236704826
evo21,1298,16,1.7247345698997378
evo21,1299,16,1.6533829346299171
evo21,1300,16,1.722948701120913
evo21,1301,16,1.6457185444887727
evo21,1302,16,1.6040475212503225
evo21,1303,16,1.477011399809271
evo21,1304,16,1.54187820100924
evo21,1305,16,1.467438417719677
evo21,1306,16,1.575877105584368
evo21,1307,16,1.9813222971570212
evo21,1308,16,1.5710517894476652
evo21,1309,16,1.9211026765406132
evo21,1310,16,2.1695884237415157
evo21,1311,16,1.556181929539889
evo21,1312,16,1.9367946283891797
evo21,1313,16,1.5497603017138317
evo21,1314,16,1.5172030923422426
evo21,1315,16,1.8048790758475661
evo21,1316,16,1.4445173434796743
evo21,1317,16,1.624166708206758
evo21,1318,16,1.6034673645626754
evo21,1319,16,1.6298348889540648
evo21,1320,16,1.637181246187538
evo21,1321,16,1.721356670372188
evo21,1322,16,1.4948266614228487
evo21,1323,16,1.5934495769324712
evo21,1324,16,1.644055221695453
evo21,1325,16,1.8433306496590376
evo21,1326,16,1.6538340533152223
evo21,1327,16,1.662829008884728
evo21,1328,16,1.4521802328526974
evo21,1329,16,1.5635879763867706
evo21,1330,16,1.4595740167424083
evo21,1331,16,1.4965640848822659
evo21,1332,16,1.542554713174468
evo21,1333,16,1.452385442564264
evo21,1334,16,1.650205436453689
evo21,1335,16,1.5886715028900653
evo21,1336,16,1.5670846123248339
evo21,1337,16,1.6371721789473668
evo21,1338,16,1.7902183211408556
evo21,1339,16,1.6409116396680474
evo21,1340,16,1.6949390492518432
evo21,1341,16,1.7781399700324982
evo21,1342,16,2.102438470348716
evo21,1343,16,1.8712218666332774
evo21,1344,16,1.5855542366043665
evo21,1345,16,1.4700124124065042
evo21,1346,16,1.3996963483223226
evo21,1347,16,1.4117876541567966
evo21,1348,16,1.5380802457220852
evo21,1349,16,1.654086450493196
evo21,1350,16,1.4752027052163612
evo21,1351,16,1.4538282190915197
evo21,1352,16,1.7110287236864679
evo21,1353,16,1.3672238081635442
evo21,1354,16,1.5380686789285392
evo21,1355,16,1.399744284208282
evo21,1356,16,1.3777604489732767
evo21,1357,16,1.7559928689152002
evo21,1358,16,1.9125555783393793
evo21,1359,16,1.6139831973559922
evo21,1360,16,1.5626539532095194
evo21,1361,16,1.6186255875509232
evo21,1362,16,1.5712355330470018
evo21,1363,16,1.6087467055767775
evo21,1364,16,1.7409281055442989
evo21,1365,16,1.3928755900124088
evo21,1366,16,1.5925380899570882
evo21,1367,16,1.4742535741534084
evo21,1368,16,1.4113108393503353
evo21,1369,16,1.8212695595575497
evo21,1370,16,1.3978282198077068
evo21,1371,16,1.6137690880568698
evo21,1372,16,1.5960908504202962
evo21,1373,16,1.4293168038129807
evo21,1374,16,1.4661878137849271
evo21,1375,16,1.406036046158988
evo21,1376,16,1.6398343935143203
evo21,1377,16,1.5386475731356768
evo21,1378,16,1.4650598368607461
evo21,1379,16,1.8421217165887356
evo21,1380,16,1.3977349768392742
evo21,1381,16,1.6927967075753259
evo21,1382,16,1.4975615986040793
evo21,1383,16,1.9419206804595888
evo21,1384,16,1.833105645608157
evo21,1385,16,1.4703051885589957
evo21,1386,16,1.687371838837862
evo21,1387,16,1.4714578175917268
evo21,1388,16,1.9594828449189663
evo21,1389,16,2.0798119604587555
evo21,1390,16,1.5053658531978726
evo21,1391,16,1.9233646504580975
evo21,1392,16,1.6362741780467331
evo21,1393,16,1.7859511310234666
evo21,1394,16,2.0259525775909424
evo21,1395,16,1.7930237520486116
evo21,1396,16,1.7403408894315362
evo21,1397,16,2.089081880170852
evo21,1398,16,1.776322450954467
evo21,1399,16,1.8220318325329572
evo21,1400,16,1.6849331762641668
evo21,1401,16,1.9352551372721791
evo21,1402,16,1.6460336558520794
evo21,1403,16,1.751325087621808
evo21,1404,16,1.6328328093513846
evo21,1405,16,1.8751703444868326
evo21,1406,16,1.860332939773798
evo21,1407,16,1.7805009251460433
evo21,1408,16,1.6902964552864432
evo21,1409,16,1.775528552941978
evo21,1410,16,1.7110281409695745
evo21,1411,16,1.6521583865396678
evo21,1412,16,1.7642488535493612
evo21,1413,16,1.824035965371877
evo21,1414,16,1.6225301381200552
evo21,1415,16,2.321549966931343
evo21,1416,16,1.9069004654884338
evo21,1417,16,1.8216364160180092
evo21,1418,16,1.684391276910901
evo21,1419,16,1.6737952791154385
evo21,1420,16,1.5257395473308861
evo21,1421,16,2.1128138601779938
evo21,1422,16,1.8786264024674892
evo21,1423,16,1.7518446063622832
evo21,1424,16,1.7579759117215872
evo21,1425,16,2.06845760345459
evo21,1426,16,1.8668099828064442
evo21,1427,16,1.7377405278384686
evo21,1428,16,1.4997685067355633
evo21,1429,16,1.4733526092022657
evo21,1430,16,1.7033351948484778
evo21,1431,16,1.6979419263079762
evo21,1432,16,1.8458874421194196
evo21,1433,16,1.778499789070338
evo21,1434,16,1.5937555069103837
evo21,1435,16,1.681914996355772
evo21,1436,16,1.8831790685653687
evo21,1437,16,1.8211505208164454
evo21,1438,16,1.5221630856394768
evo21,1439,16,1.7174604278989136
evo21,1440,16,1.5027174735441804
evo21,1441,16,2.0458958595991135
evo21,1442,16,2.018888642080128
evo21,1443,16,1.7411186248064041
evo21,1444,16,1.437989273108542
evo21,1445,16,1.6657291213050485
evo21,1446,16,2.240550398826599
evo21,1447,16,1.8978592865169048
evo21,1448,16,1.6879916079342365
evo21,1449,16,1.512484642677009
evo21,1450,16,1.4994154395535588
evo21,1451,16,1.5391315799206495
evo21,1452,16,1.5875649563968182
evo21,1453,16,1.7669984558597207
evo21,1454,16,1.6236771270632744
evo21,1455,16,1.8949387818574905
evo21,1456,16,1.321066016331315
evo21,1457,16,1.6204401459544897
evo21,1458,16,1.900471780449152
evo21,1459,16,1.7819513492286205
evo21,1460,16,1.5662290509790182
evo21,1461,16,1.479784369468689
evo21,1462,16,1.3468307447619736
evo21,1463,16,2.1778103727847338
evo21,1464,16,1.7080316478386521
evo21,1465,16,1.6406424045562744
evo21,1466,16,1.8312305472791195
evo21,1467,16,1.5312630599364638
evo21,1468,16,1.3494658172130585
evo21,1469,16,1.7555163837969303
evo21,1470,16,1.743920873850584
evo21,1471,16,1.9503994202241302
evo21,1472,16,1.753139641135931
evo21,1473,16,1.7295696968212724
evo21,1474,16,1.863731105113402
evo21,1475,16,1.7122355848550797
evo21,1476,16,1.7141507603228092
evo21,1477,16,1.6380124147981405
evo21,1478,16,1.4766001049429178
evo21,1479,16,1.9335022754967213
evo21,1480,16,1.6221829419955611
evo21,1481,16,2.077798616141081
evo21,1482,16,1.7062223553657532
evo21,1483,16,1.5871966646518558
evo21,1484,16,1.57890135794878
evo21,1485,16,1.5118963168933988
evo21,1486,16,1.4917581155896187
evo21,1487,16,1.7552539743483067
evo21,1488,16,1.4455110607668757
evo21,1489,16,1.874628926627338
evo21,1490,16,1.6396164782345295
evo21,1491,16,1.8179781083017588
evo21,1492,16,1.7740362854674459
evo21,1493,16,1.7198024280369282
evo21,1494,16,1.4484377726912498
evo21,1495,16,1.5948599888943136
evo21,1496,16,1.6556519344449043
evo21,1497,16,1.9062080699950457
evo21,1498,16,1.830932529643178
evo21,1499,16,1.7916124165058136
evo21,1500,16,1.6753759123384953
evo21,1501,16,1.492389416322112
evo21,1502,16,1.723661141935736
evo21,1503,16,1.7455365378409624
evo21,1504,16,1.6294254213571548
evo21,1505,16,1.6839572414755821
evo21,1506,16,1.7041414864361286
evo21,1507,16,1.6281015444546938
evo21,1508,16,1.8853891752660275
evo21,1509,16,1.5911946706473827
evo21,1510,16,1.7022605328820646
evo21,1511,16,1.5407905876636505
evo21,1512,16,1.6624385053291917
evo21,1513,16,1.9854440167546272
evo21,1514,16,1.810553366318345
evo21,1515,16,1.4358330084942281
evo21,1516,16,1.6457033148035407
evo21,1517,16,1.5180470552295446
evo21,1518,16,1.3556565456092358
evo21,1519,16,1.5831585058476776
evo21,1520,16,1.373713394626975
evo21,1521,16,1.7327972138300538
evo21,1522,16,1.8642931086942554
evo21,1523,16,1.7387404665350914
evo21,1524,16,1.466033335775137
evo21,1525,16,1.339397628325969
evo21,1526,16,1.5171561478637159
evo21,1527,16,1.5769555969163775
evo21,1528,16,1.325713748112321
evo21,1529,16,1.5447968961670995
evo21,1530,16,1.3074054140597582
evo21,1531,16,1.2867795345373452
evo21,1532,16,1.622167794033885
evo21,1533,16,2.018277042545378
evo21,1534,16,1.3938992540352046
evo21,1535,16,1.473199284169823
evo21,1536,16,1.6392113026231527
evo21,1537,16,1.4495407792273909
evo21,1538,16,1.5454529006965458
evo21,1539,16,1.528094731271267
evo21,1540,16,1.549521782901138
evo21,1541,16,1.4022892779903486
evo21,1542,16,1.3770379696507007
evo21,1543,16,1.5013692926149815
evo21,1544,16,1.6632210798561573
evo21,1545,16,1.3986585845705122
evo21,1546,16,1.2907069341745228
evo21,1547,16,1.6642688387073576
evo21,1548,16,2.0166160371154547
evo21,1549,16,1.1083621894940734
evo21,1550,16,1.5811389535665512
evo21,1551,16,1.7467094692401588
evo21,1552,16,1.5279358080588281
evo21,1553,16,1.7886753347702324
evo21,1554,16,1.6438927738927305
evo21,1555,16,1.5756542345043272
evo21,1556,16,1.6423134957440197
evo21,1557,16,1.783578417263925
evo21,1558,16,1.5061633856967092
evo21,1559,16,1.4148830121848732
evo21,1560,16,1.267767659155652
evo21,1561,16,1.5269792792387307
evo21,1562,16,1.47139923973009
evo21,1563,16,1.2309001591056585
evo21,1564,16,1.5687781472224742
evo21,1565,16,1.8628903878852725
evo21,1566,16,1.401116769760847
evo21,1567,16,1.5669809957034886
evo21,1568,16,1.459905615542084
evo21,1569,16,1.5714933107374236
evo21,1570,16,1.2468560540582985
evo21,1571,16,1.4857520391233265
evo21,1572,16,1.27961947908625
evo21,1573,16,1.0958088487386703
evo21,1574,16,1.9313225750811398
evo21,1575,16,1.4181905300356448
evo21,1576,16,1.88622510060668
evo21,1577,16,1.9099812246859074
evo21,1578,16,2.0710854958742857
evo21,1579,16,1.3915659526828676
evo21,1580,16,1.9484604597091675
evo21,1581,16,1.6361615750938654
evo21,1582,16,1.915926064364612
evo21,1583,16,1.485144391655922
evo21,1584,16,1.8262784439139068
evo21,1585,16,1.357381951296702
evo21,1586,16,1.4656433502677828
evo21,1587,16,1.4364175840746611
evo21,1588,16,1.363729276228696
evo21,1589,16,1.383087848778814
evo21,1590,16,1.561769476858899
evo21,1591,16,1.8007652102969587
evo21,1592,16,1.7740569859743118
evo21,1593,16,1.4966345154680312
evo21,1594,16,1.334808573126793
evo21,1595,16,1.54063775180839
evo21,1596,16,1.423580045811832
evo21,1597,16,1.3815490221604705
evo21,1598,16,2.1597372787073255
evo21,1599,16,1.6691288908477873
evo21,1600,16,1.436123427003622
evo21,1601,16,1.4988996584434062
evo21,1602,16,1.3696722509339452
evo21,1603,16,1.2709491574205458
evo21,1604,16,1.3665010009426624
evo21,1605,16,1.54901102068834
evo21,1606,16,1.592604415025562
evo21,1607,16,1.6601674549747258
evo21,1608,16,1.3109130449593067
evo21,1609,16,1.494633734691888
evo21,1610,16,1.4926038612611592
evo21,1611,16,1.2723175196442753
evo21,1612,16,1.4767877997364849
evo21,1613,16,1.38947349996306
evo21,1614,16,1.4632246794644743
evo21,1615,16,1.308053407119587
evo21,1616,16,1.3337511422578245
evo21,1617,16,1.2714714392786846
evo21,1618,16,1.1183190279407427
evo21,1619,16,1.1908127879723907
evo21,1620,16,1.5731090107001364
evo21,1621,16,1.5648468183353543
evo21,1622,16,1.320497652515769
evo21,1623,16,1.7575045586563647
evo21,1624,16,1.508792420849204
evo21,1625,16,1.8904119485523552
evo21,1626,16,1.9774741176515818
evo21,1627,16,1.4810062209144235
evo21,1628,16,1.7313046394847333
evo21,1629,16,1.6743969900999218
evo21,1630,16,1.508022231515497
evo21,1631,16,1.452561434591189
evo21,1632,16,1.6246589506044984
evo21,1633,16,1.4035298598464578
evo21,1634,16,1.683957960922271
evo21,1635,16,1.2410740063060075
evo21,1636,16,1.3666746609378606
evo21,1637,16,1.591222791466862
evo21,1638,16,1.6140997149050236
evo21,1639,16,1.3281025090254843
evo21,1640,16,1.4893414813559502
evo21,1641,16,1.2842145408503711
evo21,1642,16,1.5255737341940403
evo21,1643,16,1.4287750124931335
evo21,1644,16,1.6847818396054208
evo21,1645,16,1.3478369819931686
evo21,1646,16,1.774191476404667
evo21,1647,16,1.203799296170473
evo21,1648,16,1.0389693537726998
evo21,1649,16,1.3705089066643268
evo21,1650,16,1.3045161424670368
evo21,1651,16,1.7039892894681543
evo21,1652,16,1.3806532290764153
evo21,1653,16,1.8311379379592836
evo21,1654,16,1.5515671973116696
evo21,1655,16,1.5739177619107068
evo21,1656,16,1.489528324920684
evo21,1657,16,1.5049899746663868
evo21,1658,16,1.2732172263786197
evo21,1659,16,1.3660224271006882
evo21,1660,16,1.437513546203263
evo21,1661,16,1.3869644519872963
evo21,1662,16,1.4783594142645597
evo21,1663,16,1.6134042849298567
evo21,1664,16,1.5290535565000027
evo21,1665,16,1.1835130958934315
evo21,1666,16,1.2060959339723922
evo21,1667,16,1.371572301024571
evo21,1668,16,1.6848360318690538
evo21,1669,16,1.4271095318254083
evo21,1670,16,1.5190480125602335
evo21,1671,16,1.4484162924345583
evo21,1672,16,1.293573814444244
evo21,1673,16,1.718643122119829
evo21,1674,16,1.503931971732527
evo21,1675,16,1.9825148051604629
evo21,1676,16,1.725603125989437
evo21,1677,16,1.48932221904397
evo21,1678,16,1.8920839680358768
evo21,1679,16,1.4885276737622917
evo21,1680,16,1.3844277370953932
evo21,1681,16,1.3717751438962296
evo21,1682,16,2.021240137750283
evo21,1683,16,1.5471859618555754
evo21,1684,16,1.3839086634106934
evo21,1685,16,1.5712735874112695
evo21,1686,16,2.0825895180460066
evo21,1687,16,1.6880633814726025
evo21,1688,16,1.5616983126383275
evo21,1689,16,1.594969098456204
evo21,1690,16,1.4063969657290727
evo21,1691,16,1.6321050071856007
evo21,1692,16,1.7218782699201256
evo21,1693,16,1.7591332455631346
evo21,1694,16,1.601275452063419
evo21,1695,16,1.6345226257108152
evo21,1696,16,1.5272640031762421
evo21,1697,16,1.6812203899025917
evo21,1698,16,1.1396242142654955
evo21,1699,16,1.7127929368289188
evo21,1700,16,1.5518382078735158
evo21,1701,16,1.3712079033721238
evo21,1702,16,1.3744702488183975
evo21,1703,16,1.6274171920958906
evo21,1704,16,1.4887160803191364
evo21,1705,16,1.286131473374553
evo21,1706,16,1.2445247676223516
evo21,1707,16,1.5735951163806021
evo21,1708,16,1.0202301770914346
evo21,1709,16,1.702134482562542
evo21,1710,16,1.9997086054645479
evo21,1711,16,1.2961422700900584
evo21,1712,16,1.4987840978428721
evo21,1713,16,1.5098570976406336
evo21,1714,16,1.6582217467948794
evo21,1715,16,1.7310043079778552
evo21,1716,16,1.4010279891081154
evo21,1717,16,1.509585004299879
evo21,1718,16,1.2896948184352368
evo21,1719,16,1.6447949893772602
evo21,1720,16,1.3904412587871775
evo21,1721,16,1.342193114105612
evo21,1722,16,1.0633219692390412
evo21,1723,16,1.0737015462946147
evo21,1724,16,1.4155680111143738
evo21,1725,16,1.3989508105441928
evo21,1726,16,1.3527886981610209
evo21,1727,16,1.4518538455013186
evo21,1728,16,1.0609443362336606
evo21,1729,16,1.3003130630822852
evo21,1730,16,1.0594907450140454
evo21,1731,16,1.5240953089669347
evo21,1732,16,1.3208137499168515
evo21,1733,16,1.1889989878982306
evo21,1734,16,1.4071789428708144
evo21,1735,16,1.5087952735484578
evo21,1736,16,1.4999685814836994
evo21,1737,16,1.103162451996468
evo21,1738,16,1.5064347403822467
evo21,1739,16,1.2240708308527246
evo21,1740,16,1.3245586496777833
evo21,1741,16,1.2712788693606853
evo21,1742,16,1.3646259282249957
evo21,1743,16,1.8302474804222584
evo21,1744,16,2.0369757539592683
evo21,1745,16,1.7714887424372137
evo21,1746,16,1.5005965095479041
evo21,1747,16,1.4130723999114707
evo21,1748,16,1.4266859297640622
evo21,1749,16,1.5773046495160088
evo21,1750,16,1.3983732241904363
evo21,1751,16,1.430555586121045
evo21,1752,16,1.3752144819591194
evo21,1753,16,1.3059204418677837
evo21,1754,16,1.4774612160399556
evo21,1755,16,1.3308283728547394
evo21,1756,16,1.4267937692347914
evo21,1757,16,1.3206883263774216
evo21,1758,16,1.6525552819948643
evo21,1759,16,1.2181443286826834
evo21,1760,16,1.5136025734245777
evo21,1761,16,1.9067691295640543
evo21,1762,16,1.5066187292104587
evo21,1763,16,1.9705120767466724
evo21,1764,16,1.2357772095128894
evo21,1765,16,1.8231551819480956
evo21,1766,16,1.3371921848738566
evo21,1767,16,1.9669180026394315
evo21,1768,16,1.3732131428550929
evo21,1769,16,1.7413506436860189
evo21,1770,16,1.4206252286676317
evo21,1771,16,1.6863524648360908
evo21,1772,16,1.4124377424595878
evo21,1773,16,1.6132176690734923
evo21,1774,16,1.5368568478152156
evo21,1775,16,1.8386151818558574
evo21,1776,16,1.5760726116131991
evo21,1777,16,1.6178689365042374
evo21,1778,16,1.4903022535145283
evo21,1779,16,1.5427016207249835
evo21,1780,16,1.5362140904180706
evo21,1781,16,1.4108447104226798
evo21,1782,16,1.6918778649996966
evo21,1783,16,1.4458637230563909
evo21,1784,16,1.473982957424596
evo21,1785,16,1.5084366493392736
evo21,1786,16,1.426125043304637
evo21,1787,16,1.7211090326309204
evo21,1788,16,1.5912486060988158
evo21,1789,16,1.6732198112877086
evo21,1790,16,1.4624417027807795
evo21,1791,16,1.744274370954372
evo21,1792,16,1.4385170575696975
evo21,1793,16,1.7655905146384612
evo21,1794,16,1.655025080544874
evo21,1795,16,1.7636730935191736
evo21,1796,16,1.7112538631772622
evo21,1797,16,1.6653020695084706
evo21,1798,16,1.3862537500681356
evo21,1799,16,1.5285433937096968
evo21,1800,16,1.4279565883334726
evo21,1801,16,1.382374098233413
evo21,1802,16,1.3982661130139604
evo21,1803,16,1.568394314032048
evo21,1804,16,1.1846752897836268
evo21,1805,16,1.3860790475737303
evo21,1806,16,1.6120480849640444
evo21,1807,16,1.2769721311051399
evo21,1808,16,1.7434430251596496
evo21,1809,16,1.8094466722104698
evo21,1810,16,1.5421298571163788
evo21,1811,16,1.2948321650037542
evo21,1812,16,1.8098535987082869
evo21,1813,16,1.3585387964267284
evo21,1814,16,1.8068077471107244
evo21,1815,16,1.4959076688392088
evo21,1816,16,1.3062443214002997
evo21,1817,16,1.4025174089474604
evo21,1818,16,1.3485576123930514
evo21,1819,16,1.6993029655423015
evo21,1820,16,1.4997980808839202
evo21,1821,16,1.5217846839223057
evo21,1822,16,1.8450329708866775
evo21,1823,16,1.6332441875711083
evo21,1824,16,1.5769109840039164
evo21,1825,16,1.6257860923651606
evo21,1826,16,1.6931357476860285
evo21,1827,16,1.490938426926732
evo21,1828,16,1.6140588759444654
evo21,1829,16,1.5941825069021434
evo21,1830,16,1.8780200047185645
evo21,1831,16,1.6373266915325075
evo21,1832,16,1.5246730670332909
evo21,1833,16,1.4932810280006379
evo21,1834,16,1.2378497661557049
evo21,1835,16,1.4416820940095931
evo21,1836,16,1.4426024092826992
evo21,1837,16,1.3701408091001213
evo21,1838,16,1.5439141022507101
evo21,1839,16,1.4790263292379677
evo21,1840,16,1.3706691216211766
evo21,1841,16,1.4576269320677966
evo21,1842,16,1.3297598182689399
evo21,1843,16,1.496704837307334
evo21,1844,16,1.4723081237170845
evo21,1845,16,1.2291989068035036
evo21,1846,16,1.5937691370490938
evo21,1847,16,1.9900002432987094
evo21,1848,16,1.3787204874679446
evo21,1849,16,1.2912617027759552
evo21,1850,16,1.3512578513473272
evo21,1851,16,1.5108528845012188
evo21,1852,16,1.2473332644440234
evo21,1853,16,1.2640229715034366
evo21,1854,16,1.5141526816878468
evo21,1855,16,1.5412755498546176
evo21,1856,16,1.4458680883981287
evo21,1857,16,1.2111556171439588
evo21,1858,16,1.5734140211716294
evo21,1859,16,1.4777419290039688
evo21,1860,16,1.761077395756729
evo21,1861,16,1.5004236614331603
evo21,1862,16,1.9334542916622013
evo21,1863,16,1.7855320896487683
evo21,1864,16,1.5594884543679655
evo21,1865,16,1.898363052168861
evo21,1866,16,1.7312369234859943
evo21,1867,16,1.4951925473287702
evo21,1868,16,1.5852419941220433
evo21,1869,16,1.5600621460471302
evo21,1870,16,1.8379555931314826
evo21,1871,16,1.6281798798590899
evo21,1872,16,1.5046422478044406
evo21,1873,16,1.6113412028644234
evo21,1874,16,1.7222235794179142
evo21,1875,16,1.449721506331116
evo21,1876,16,1.3198629922699183
evo21,1877,16,1.5790792885236442
evo21,1878,16,1.8161372403847054
evo21,1879,16,1.649707889650017
evo21,1880,16,1.573056580265984
evo21,1881,16,1.3000889817485586
evo21,1882,16,1.8460502007510513
evo21,1883,16,1.6480234344489872
evo21,1884,16,1.7747057013912126
evo21,1885,16,1.5351212283130735
evo21,1886,16,1.7333489584270865
evo21,1887,16,1.7096420479938388
evo21,1888,16,1.6035810178145766
evo21,1889,16,1.508418277837336
evo21,1890,16,1.3976683868095279
evo21,1891,16,1.8372394521720707
evo21,1892,16,1.8388190825935453
evo21,1893,16,1.503871229244396
evo21,1894,16,1.41871346172411
evo21,1895,16,1.4814415408764035
evo21,1896,16,1.5909125283360481
evo21,1897,16,1.5050835682777688
evo21,1898,16,1.8580473428592086
evo21,1899,16,1.4062599052558653
evo21,1900,16,1.6643241919809952
evo21,1901,16,1.4859563615173101
evo21,1902,16,1.528219299390912
evo21,1903,16,1.4359897933900356
evo21,1904,16,1.8879567519761622
evo21,1905,16,1.9776399349793792
evo21,1906,16,1.444752225652337
evo21,1907,16,1.474369817879051
evo21,1908,16,1.8387407809495926
evo21,1909,16,1.2687433597166091
evo21,1910,16,1.49586395570077
evo21,1911,16,1.9193565590539947
evo21,1912,16,1.3437501774169505
evo21,1913,16,1.8134198747575283
evo21,1914,16,1.4453314682468772
evo21,1915,16,1.257341007469222
evo21,1916,16,1.5765061066485941
evo21,1917,16,1.576526029035449
evo21,1918,16,1.5985119170509279
evo21,1919,16,1.5734063617419451
evo21,1920,16,1.5551823964342475
evo21,1921,16,1.5828708517365158
evo21,1922,16,1.3460970357991755
evo21,1923,16,1.440539094619453
evo21,1924,16,1.0968274181941524
evo21,1925,16,1.8173866611905396
evo21,1926,16,1.070137840230018
evo21,1927,16,1.2358002490364015
evo21,1928,16,1.821671798825264
evo21,1929,16,1.2915995866060257
evo21,1930,16,1.1925237006507814
evo21,1931,16,1.6452677166089416
evo21,1932,16,1.5594632038846612
evo21,1933,16,1.337106031307485
evo21,1934,16,1.4836896045599133
evo21,1935,16,1.4210871865507215
evo21,1936,16,1.3189057332929224
evo21,1937,16,1.4392727054655552
evo21,1938,16,1.2144214364234358
evo21,1939,16,1.504016956081614
evo21,1940,16,1.5088864441495389
evo21,1941,16,1.216403119964525
evo21,1942,16,1.3134369715116918
evo21,1943,16,1.3160836861934513
evo21,1944,16,1.9446279853582382
evo21,1945,16,1.7819074280560017
evo21,1946,16,1.6139236753806472
evo21,1947,16,1.7577911228872836
evo21,1948,16,1.2770612500607967
evo21,1949,16,1.5425513627706096
evo21,1950,16,1.4985488101374358
evo21,1951,16,1.3612980081234127
evo21,1952,16,2.0185366133227944
evo21,1953,16,1.9248799728229642
evo21,1954,16,1.624089312274009
evo21,1955,16,1.3611538466066122
evo21,1956,16,1.4355525691062212
evo21,1957,16,1.5767887751571834
evo21,1958,16,1.8132732165977359
evo21,1959,16,1.3915550149977207
evo21,1960,16,1.1839619241654873
evo21,1961,16,1.790947171393782
evo21,1962,16,1.9304731199517846
evo21,1963,16,1.4331385670229793
evo21,1964,16,1.3373174043372273
evo21,1965,16,1.5776985487900674
evo21,1966,16,2.0844698138535023
evo21,1967,16,1.6651025041937828
evo21,1968,16,1.7350770086050034
evo21,1969,16,1.592263812199235
evo21,1970,16,1.4910385515540838
evo21,1971,16,1.4735257513821125
evo21,1972,16,1.3749539582058787
evo21,1973,16,1.7192584914155304
evo21,1974,16,1.3742022821679711
evo21,1975,16,2.0431169224902987
evo21,1976,16,1.8217632384039462
evo21,1977,16,1.2624892143066972
evo21,1978,16,1.664908685022965
evo21,1979,16,1.5390952504239976
evo21,1980,16,1.9080886458978057
evo21,1981,16,1.4571468059439212
evo21,1982,16,1.5188767947256565
evo21,1983,16,1.6294766054488719
evo21,1984,16,1.5507832864532247
evo21,1985,16,1.5379051028285176
evo21,1986,16,1.9073060941882432
evo21,1987,16,1.6099874977953732
evo21,1988,16,1.9647159148007631
evo21,1989,16,1.77217404730618
evo21,1990,16,1.4587569506838918
evo21,1991,16,1.6026238766498864
evo21,1992,16,1.5407293394673616
evo21,1993,16,1.7145065665245056
evo21,1994,16,1.6590860071592033
evo21,1995,16,1.315694288816303
evo21,1996,16,1.7249869937077165
evo21,1997,16,1.2618191032670438
evo21,1998,16,1.8742166254669428
evo21,1999,16,1.4514469436835498
evo21,2000,16,1.5654326346702874
evo21,2001,16,1.5423625195398927
evo21,2002,16,1.2736231624148786
evo21,2003,16,1.4269824132788926
evo21,2004,16,1.6594353984110057
evo21,2005,16,1.2448451779782772
evo21,2006,16,1.5328949647955596
evo21,2007,16,2.053689639084041
evo21,2008,16,1.6729016059543937
evo21,2009,16,1.581569884903729
evo21,2010,16,1.3815667987801135
evo21,2011,16,1.528919488657266
evo21,2012,16,1.7935811378993094
evo21,2013,16,1.6664756126701832
evo21,2014,16,1.758033737540245
evo21,2015,16,1.3698366307653487
evo21,2016,16,1.5790930287912488
evo21,2017,16,1.5918078678660095
evo21,2018,16,2.02153736166656
evo21,2019,16,1.5158089133910835
evo21,2020,16,1.3797948593273759
evo21,2021,16,1.4407103625126183
evo21,2022,16,1.7150664222426713
evo21,2023,16,1.5410036407411098
evo21,2024,16,1.7268204954452813
evo21,2025,16,1.4863641001284122
evo21,2026,16,1.8538657301105559
evo21,2027,16,1.4720787532860413
evo21,2028,16,1.8771211761049926
evo21,2029,16,1.6283760434016585
evo21,2030,16,1.6867226799950004
evo21,2031,16,1.7338489349931479
evo21,2032,16,1.7610021703876555
evo21,2033,16,1.5763991065323353
evo21,2034,16,1.5107955955900252
evo21,2035,16,1.8763817616272718
evo21,2036,16,1.4424822202418
evo21,2037,16,1.7222523014061153
evo21,2038,16,1.3772015117574483
evo21,2039,16,2.424402877688408
evo21,2040,16,1.4903870378620923
evo21,2041,16,1.5194399621104822
evo21,2042,16,1.7608058601617813
evo21,2043,16,1.8253516838885844
evo21,2044,16,1.6438691820949316
evo21,2045,16,1.6143352766521275
evo21,2046,16,1.4856590768322349
evo21,2047,16,1.6497245654463768
evo21,2048,16,1.574859108775854
evo21,2049,16,1.7444126354530454
evo21,2050,16,1.6667369464412332
evo21,2051,16,1.6962990276515484
evo21,2052,16,1.7801284985616803
evo21,2053,16,1.4301981970202178
evo21,2054,16,1.7597949774935842
evo21,2055,16,1.9446173557080328
evo21,2056,16,1.5969113919418305
evo21,2057,16,1.767524222843349
evo21,2058,16,1.6073844451457262
evo21,2059,16,1.6001468785107136
evo21,2060,16,2.137447027489543
evo21,2061,16,1.7356941504403949
evo21,2062,16,1.3509354027919471
evo21,2063,16,1.6287309266626835
evo21,2064,16,1.6755744121037424
evo21,2065,16,1.3391158547019586
evo21,2066,16,1.5229746019467711
evo21,2067,16,1.650308356329333
evo21,2068,16,1.3521694825030863
evo21,2069,16,1.6133216498419642
evo21,2070,16,1.4790857932530344
evo21,2071,16,1.6004963554441929
evo21,2072,16,1.7542496416717768
evo21,2073,16,1.5890711368992925
evo21,2074,16,1.3741214713081717
evo21,2075,16,1.5866024158895016
evo21,2076,16,1.4541182771790773
evo21,2077,16,1.4636724356096238
evo21,2078,16,1.4050182322971523
evo21,2079,16,1.4495518542826176
evo21,2080,16,1.3844681716291234
evo21,2081,16,1.9477225304581225
evo21,2082,16,1.6092992713674903
evo21,2083,16,1.8456948357634246
evo21,2084,16,1.559565532952547
evo21,2085,16,1.7697577625513077
evo21,2086,16,1.5900713654700667
evo21,2087,16,1.4447582615539432
evo21,2088,16,1.5081095397472382
evo21,2089,16,1.6949292412027717
evo21,2090,16,1.636371161788702
evo21,2091,16,1.4870971073396504
evo21,2092,16,1.660235597519204
evo21,2093,16,2.1501550152897835
evo21,2094,16,1.9420109866186976
evo21,2095,16,1.6586740096099675
evo21,2096,16,1.639963023364544
evo21,2097,16,1.773032789118588
evo21,2098,16,1.6185091148363426
evo21,2099,16,1.633940378203988
evo21,2100,16,1.7735054343938828
evo21,2101,16,1.6604386745020747
evo21,2102,16,1.562014102935791
evo21,2103,16,1.9711091895587742
evo21,2104,16,1.8427873756736517
evo21,2105,16,1.707943213172257
evo21,2106,16,1.5023840707726777
evo21,2107,16,1.785292133456096
evo21,2108,16,1.855257984250784
evo21,2109,16,1.600866929627955
evo21,2110,16,1.8058127127587795
evo21,2111,16,1.5668648863211274
evo21,2112,16,1.6773173906840384
evo21,2113,16,1.5326197817921638
evo21,2114,16,1.9049021378159523
evo21,2115,16,1.487693496979773
evo21,2116,16,1.5002065689768642
evo21,2117,16,1.578451381996274
evo21,2118,16,1.749557411763817
evo21,2119,16,1.2954526003450155
evo21,2120,16,1.4672152623534203
evo21,2121,16,1.7148738601244986
evo21,2122,16,1.3192042702576146
evo21,2123,16,1.7214956134557724
evo21,2124,16,1.1946249143220484
evo21,2125,16,1.676878401543945
evo21,2126,16,1.4729488156735897
evo21,2127,16,1.7810725863091648
evo21,2128,16,1.5507878120988607
evo21,2129,16,1.8156525455415249
evo21,2130,16,1.7067131781950593
evo21,2131,16,1.2956604126375169
evo21,2132,16,1.8182844140101224
evo21,2133,16,1.572477432899177
evo21,2134,16,1.7116813072934747
evo21,2135,16,1.759421973489225
evo21,2136,16,1.5185378706082702
evo21,2137,16,1.3548593285959214
evo21,2138,16,1.5796288829296827
evo21,2139,16,1.5765798471402377
evo21,2140,16,1.5744187529198825
evo21,2141,16,1.4879424665123224
evo21,2142,16,1.3878201306797564
evo21,2143,16,1.611938285175711
evo21,2144,16,1.8123247458133847
evo21,2145,16,1.44193721935153
evo21,2146,16,1.5051242308691144
evo21,2147,16,1.773379510268569
evo21,2148,16,1.3933380944654346
evo21,2149,16,2.523145237704739
evo21,2150,16,1.7113364015240222
evo21,2151,16,1.9631999805569649
evo21,2152,16,1.7919125817716122
evo21,2153,16,1.5781329339370131
evo21,2154,16,1.7237398559227586
evo21,2155,16,1.7190751880407333
evo21,2156,16,1.8034640895202756
evo21,2157,16,1.409792056772858
evo21,2158,16,1.8960448023863137
evo21,2159,16,1.6105271936394274
evo21,2160,16,1.7040879298001528
evo21,2161,16,1.7593185678124428
evo21,2162,16,2.025501016061753
evo21,2163,16,1.62805546191521
evo21,2164,16,1.8851318350061774
evo21,2165,16,1.715808411128819
evo21,2166,16,1.7700452643912286
evo21,2167,16,1.4085121323587373
evo21,2168,16,1.3686244543641806
evo21,2169,16,1.8234727941453457
evo21,2170,16,1.3513034195639193
evo21,2171,16,1.5961502389982343
evo21,2172,16,1.6684784260578454
evo21,2173,16,1.8801697418093681
evo21,2174,16,1.4042051946744323
evo21,2175,16,1.6027733883820474
evo21,2176,16,1.7545317993499339
evo21,2177,16,1.5898569417186081
evo21,2178,16,1.9670279051642865
evo21,2179,16,1.318611192284152
evo21,2180,16,1.413372180890292
evo21,2181,16,2.016267042607069
evo21,2182,16,1.5063198872376233
evo21,2183,16,1.285568397725001
evo21,2184,16,1.6619319096207619
evo21,2185,16,1.6745391942095011
evo21,2186,16,1.823923874180764
evo21,2187,16,1.6111156237311661
evo21,2188,16,1.5463223145343363
evo21,2189,16,1.268677686166484
evo21,2190,16,1.917573849670589
evo21,2191,16,1.4077755510807037
evo21,2192,16,1.5170790817355737
evo21,2193,16,1.7760106548666954
evo21,2194,16,1.6159319709986448
evo21,2195,16,1.8695673886686563
evo21,2196,16,1.7373561412096024
evo21,2197,16,1.522157487925142
evo21,2198,16,1.612551278900355
evo21,2199,16,1.5752825634554029
evo21,2200,16,2.0404046876356006
evo21,2201,16,1.7533179835299961
evo21,2202,16,1.4317345209419727
evo21,2203,16,1.4172498462721705
evo21,2204,16,1.7672914159484208
evo21,2205,16,1.615852190181613
evo21,2206,16,1.6107094627805054
evo21,2207,16,1.5641808863729239
evo21,2208,16,1.6675833268091083
evo21,2209,16,2.259698737412691
evo21,2210,16,1.78194023296237
evo21,2211,16,1.4605865953490138
evo21,2212,16,1.671708413399756
evo21,2213,16,1.451155625283718
evo21,2214,16,1.5245485547930002
evo21,2215,16,1.6865518582053483
evo21,2216,16,1.7632401795126498
evo21,2217,16,1.4728808114305139
evo21,2218,16,1.6596957612782717
evo21,2219,16,1.4480615882202983
evo21,2220,16,1.5990393925458193
evo21,2221,16,1.9866620358079672
evo21,2222,16,1.8646138748154044
evo21,2223,16,1.4785797074437141
evo21,2224,16,1.5319602098315954
evo21,2225,16,1.5824929070658982
evo21,2226,16,1.488500226289034
evo21,2227,16,1.3807823010720313
evo21,2228,16,1.5078026605769992
evo21,2229,16,1.4814869328401983
evo21,2230,16,1.5206358707509935
evo21,2231,16,1.9197924751788378
evo21,2232,16,1.5378114096820354
evo21,2233,16,1.320671483874321
evo21,2234,16,1.5911935176700354
evo21,2235,16,1.6685628863051534
evo21,2236,16,2.090988453477621
evo21,2237,16,1.36093994602561
evo21,2238,16,1.6485891416668892
evo21,2239,16,1.5064081656746566
evo21,2240,16,1.778297140263021
evo21,2241,16,1.4182331189513206
evo21,2242,16,1.7403312483802438
evo21,2243,16,1.3399891172302887
evo21,2244,16,1.619413539301604
evo21,2245,16,1.0998707516118884
evo21,2246,16,1.5052525717765093
evo21,2247,16,1.4938539415597916
evo21,2248,16,1.3060514023527503
evo21,2249,16,1.8680029157549143
evo21,2250,16,1.5909355012699962
evo21,2251,16,1.442141011590138
evo21,2252,16,1.5376004786230624
evo21,2253,16,1.6679950975812972
evo21,2254,16,1.8616595566272736
evo21,2255,16,1.720684751868248
evo21,2256,16,1.424953333567828
evo21,2257,16,1.2262769788503647
evo21,2258,16,1.8387167733162642
evo21,2259,16,1.3166123968549073
evo21,2260,16,1.631963238120079
evo21,2261,16,2.120525421574712
evo21,2262,16,1.836903574410826
evo21,2263,16,1.5399305624887347
evo21,2264,16,1.5770771894603968
evo21,2265,16,1.3809692319482565
evo21,2266,16,1.6099669355899096
evo21,2267,16,1.7636910234577954
evo21,2268,16,1.3150865309871733
evo21,2269,16,1.7492900248616934
evo21,2270,16,1.6420336472801864
evo21,2271,16,2.0344156394712627
evo21,2272,16,1.8395503158681095
evo21,2273,16,2.0353497941978276
evo21,2274,16,1.549504751805216
evo21,2275,16,1.761891072615981
evo21,2276,16,1.5460001341998577
evo21,2277,16,1.6527319042943418
evo21,2278,16,1.78347591124475
evo21,2279,16,1.4791206745430827
evo21,2280,16,1.3077167139854282
evo21,2281,16,1.3030187734402716
evo21,2282,16,1.791060522198677
evo21,2283,16,1.5923464130610228
evo21,2284,16,1.6526051508262753
evo21,2285,16,2.4099717400968075
evo21,2286,16,1.4286683024838567
evo21,2287,16,1.605593079701066
evo21,2288,16,1.4769387245178223
evo21,2289,16,1.5048448154702783
evo21,2290,16,1.540592685341835
evo21,2291,16,1.5542576480656862
evo21,2292,16,1.5889887334778905
evo21,2293,16,1.814763443544507
evo21,2294,16,1.7607791125774384
evo21,2295,16,1.4450838365592062
evo21,2296,16,1.4874795540235937
evo21,2297,16,1.7367141279391944
evo21,2298,16,1.5974932545796037
evo21,2299,16,1.4228377779945731
evo21,2300,16,1.7562714917585254
evo21,2301,16,1.7714285664260387
evo21,2302,16,1.6224739644676447
evo21,2303,16,1.6302149193361402
evo21,2304,16,1.7258088765665889
evo21,2305,16,1.667777725495398
evo21,2306,16,1.6794180441647768
evo21,2307,16,2.0994155518710613
evo21,2308,16,1.5908297067508101
evo21,2309,16,1.801870898809284
evo21,2310,16,1.5569490785710514
evo21,2311,16,1.9814529027789831
evo21,2312,16,1.9175308598205447
evo21,2313,16,1.7248273231089115
evo21,2314,16,1.5193336606025696
evo21,2315,16,1.6037061382085085
evo21,2316,16,1.383048360235989
evo21,2317,16,1.477307069581002
evo21,2318,16,1.8409533500671387
evo21,2319,16,1.5870567229576409
evo21,2320,16,1.507780211046338
evo21,2321,16,1.3850405574776232
evo21,2322,16,1.507384495344013
evo21,2323,16,1.5761452727019787
evo21,2324,16,1.6268924865871668
evo21,2325,16,1.7856028638780117
evo21,2326,16,1.8951693940907717
evo21,2327,16,1.7275416306219995
evo21,2328,16,1.5474836339708418
evo21,2329,16,1.4736424628645182
evo21,2330,16,1.5554051077924669
evo21,2331,16,1.4894113731570542
evo21,2332,16,1.350208168849349
evo21,2333,16,1.9025840973481536
evo21,2334,16,1.4651639172807336
evo21,2335,16,1.6589270122349262
evo21,2336,16,2.0511660571210086
evo21,2337,16,1.7959243301302195
evo21,2338,16,1.7919307313859463
evo21,2339,16,1.7376627111807466
evo21,2340,16,1.4829625920392573
evo21,2341,16,1.7306156316772103
evo21,2342,16,1.7962312959134579
evo21,2343,16,1.5941715203225613
evo21,2344,16,1.569517947267741
evo21,2345,16,1.6848647859878838
evo21,2346,16,1.62855654489249
evo21,2347,16,1.323103774804622
evo21,2348,16,1.9615309913642704
evo21,2349,16,1.9177300776354969
evo21,2350,16,1.5775169348344207
evo21,2351,16,1.7981059374287724
evo21,2352,16,1.5804245295003057
evo21,2353,16,1.745687948539853
evo21,2354,16,1.780355084920302
evo21,2355,16,1.6277199620380998
evo21,2356,16,1.8744591472204775
evo21,2357,16,1.5140433616470546
evo21,2358,16,1.398981997743249
evo21,2359,16,1.6880069253966212
evo21,2360,16,1.5273173535242677
evo21,2361,16,1.6388655807822943
evo21,2362,16,1.7152008689008653
evo21,2363,16,1.7769949156790972
evo21,2364,16,1.6201866576448083
evo21,2365,16,1.3286272957921028
evo21,2366,16,1.511865721666254
evo21,2367,16,1.5167771242558956
evo21,2368,16,1.3796787280589342
evo21,2369,16,1.609888426028192
evo21,2370,16,1.7057836302556098
evo21,2371,16,1.6300080828368664
evo21,2372,16,1.6751621190924197
evo21,2373,16,1.6862698749173433
evo21,2374,16,1.6281426064670086
evo21,2375,16,1.9398682909086347
evo21,2376,16,1.618256838992238
evo21,2377,16,1.4773135571740568
evo21,2378,16,1.3246209011413157
evo21,2379,16,1.4390151811530814
evo21,2380,16,1.7213925939286128
evo21,2381,16,1.3650563997216523
evo21,2382,16,1.8857398265972733
evo21,2383,16,1.440865401411429
evo21,2384,16,1.806226832792163
evo21,2385,16,1.7032266929745674
evo21,2386,16,1.4954002054873854
evo21,2387,16,1.6989753012312576
evo21,2388,16,1.4555139485746622
evo21,2389,16,1.325835106894374
evo21,2390,16,1.3320590561488643
evo21,2391,16,1.4239168798085302
evo21,2392,16,1.6652334141544998
evo21,2393,16,1.6259127501398325
evo21,2394,16,1.330741268582642
evo21,2395,16,1.7516120355576277
evo21,2396,16,1.8096299972385168
evo21,2397,16,1.648863473907113
evo21,2398,16,1.5449674907140434
evo21,2399,16,1.5468958765268326
evo21,2400,16,1.571492800489068
evo21,2401,16,1.7663861392065883
evo21,2402,16,2.0553331300616264
evo21,2403,16,1.3747989260591567
evo21,2404,16,1.7530464716255665
evo21,2405,16,1.8649769085459411
evo21,2406,16,1.5908661945722997
evo21,2407,16,1.5916221998631954
evo21,2408,16,2.075214833021164
evo21,2409,16,1.651450491975993
evo21,2410,16,1.54759815428406
evo21,2411,16,1.8331904660444707
evo21,2412,16,1.5096578008960932
evo21,2413,16,1.5822660443373024
evo21,2414,16,1.8171169622801244
evo21,2415,16,1.4827399905771017
evo21,2416,16,1.2669365806505084
evo21,2417,16,1.6754191694781184
evo21,2418,16,1.379701018333435
evo21,2419,16,1.5446376157924533
evo21,2420,16,1.9212041506543756
evo21,2421,16,1.4401358854956925
evo21,2422,16,1.5323374290019274
evo21,2423,16,1.9426799900829792
evo21,2424,16,1.6025620980653912
evo21,2425,16,1.5653444495983422
evo21,2426,16,1.3110054675489664
evo21,2427,16,1.5719606098718941
evo21,2428,16,1.6794402385130525
evo21,2429,16,1.5050871861167252
evo21,2430,16,1.5927782570943236
evo21,2431,16,1.8899705717340112
evo21,2432,16,1.7143798246979713
evo21,2433,16,1.6136134751141071
evo21,2434,16,1.692852315492928
evo21,2435,16,1.6747894794680178
evo21,2436,16,1.4434996731579304
evo21,2437,16,1.8001953170169145
evo21,2438,16,1.6244496647268534
evo21,2439,16,1.8310929257422686
evo21,2440,16,1.9140743501484394
evo21,2441,16,1.5951695600524545
evo21,2442,16,1.6338526960462332
evo21,2443,16,2.2453945502638817
evo21,2444,16,1.5537776267156005
evo21,2445,16,1.5956651326268911
evo21,2446,16,1.4808334093540907
evo21,2447,16,1.5744724883697927
evo21,2448,16,2.0450664763338864
evo21,2449,16,1.6070538142230362
evo21,2450,16,1.5454277037642896
evo21,2451,16,1.3582792319357395
evo21,2452,16,1.9665367361158133
evo21,2453,16,2.0903719924390316
evo21,2454,16,1.6252606683410704
evo21,2455,16,1.5945880617946386
evo21,2456,16,1.7729999097064137
evo21,2457,16,1.745576597750187
evo21,2458,16,1.8887765854597092
evo21,2459,16,1.4404528804589063
evo21,2460,16,1.7672556336037815
evo21,2461,16,1.4516799794510007
evo21,2462,16,1.4909893271978945
evo21,2463,16,1.6171770966611803
evo21,2464,16,1.595284481300041
evo21,2465,16,2.2715713595971465
evo21,2466,16,1.8716795705258846
evo21,2467,16,1.6031756401062012
evo21,2468,16,1.5053190775215626
evo21,2469,16,1.791147402022034
evo21,2470,16,1.4977663848549128
evo21,2471,16,2.16864600032568
evo21,2472,16,1.5878705028444529
evo21,2473,16,1.6868403851985931
evo21,2474,16,1.7146637123078108
evo21,2475,16,1.819819857366383
evo21,2476,16,1.9697373770177364
evo21,2477,16,1.5244479747489095
evo21,2478,16,1.8642634572461247
evo21,2479,16,1.6908619636669755
evo21,2480,16,1.6937164077535272
evo21,2481,16,2.081692634150386
evo21,2482,16,1.7786085633561015
evo21,2483,16,1.945533319376409
evo21,2484,16,1.4948110543191433
evo21,2485,16,2.098249100148678
evo21,2486,16,1.6560885654762387
evo21,2487,16,1.561174456961453
evo21,2488,16,1.775562895461917
evo21,2489,16,1.6193768605589867
evo21,2490,16,1.7092805658467114
evo21,2491,16,1.6592239676974714
evo21,2492,16,1.5309545304626226
evo21,2493,16,1.6973749613389373
evo21,2494,16,1.70474923402071
evo21,2495,16,1.4881723234429955
evo21,2496,16,1.5143362279050052
evo21,2497,16,1.799251998309046
evo21,2498,16,1.540844693314284
evo21,2499,16,1.5770811419934034
evo21,2500,16,1.5555259007960558
evo21,2501,16,1.369972110260278
evo21,2502,16,1.6685821714345366
evo21,2503,16,1.939102629199624
evo21,2504,16,1.738143777474761
evo21,2505,16,1.7781946677714586
evo21,2506,16,1.589173212647438
evo21,2507,16,1.7872372400015593
evo21,2508,16,2.046685107750818
evo21,2509,16,1.8183626811951399
evo21,2510,16,1.8779259882867336
evo21,2511,16,1.7948422846384346
evo21,2512,16,1.5198006220161915
evo21,2513,16,1.606554239289835
evo21,2514,16,1.659173402003944
evo21,2515,16,1.7149735502898693
evo21,2516,16,1.363237124402076
evo21,2517,16,1.635000805836171
evo21,2518,16,1.6069633914157748
evo21,2519,16,1.878767728805542
evo21,2520,16,1.662762084044516
evo21,2521,16,1.7172102523036301
evo21,2522,16,1.7850325745530427
evo21,2523,16,1.6679804796585813
evo21,2524,16,1.854404043406248
evo21,2525,16,1.8892737505957484
evo21,2526,16,1.6156929745338857
evo21,2527,16,2.1518490090966225
evo21,2528,16,1.8884319420903921
evo21,2529,16,1.5632838010787964
evo21,2530,16,1.8130746856331825
evo21,2531,16,1.5935641899704933
evo21,2532,16,1.6744430139660835
evo21,2533,16,1.9468725696206093
evo21,2534,16,1.8721264898777008
evo21,2535,16,1.8045993042178452
evo21,2536,16,1.4607395976781845
evo21,2537,16,1.6943127661943436
evo21,2538,16,1.9831004394218326
evo21,2539,16,2.2027191780507565
evo21,2540,16,1.386197280138731
evo21,2541,16,1.7803898509591818
evo21,2542,16,1.8473410904407501
evo21,2543,16,1.6821125289425254
evo21,2544,16,2.1210977882146835
evo21,2545,16,1.8170405570417643
evo21,2546,16,1.7026002048514783
evo21,2547,16,1.5958224898204207
evo21,2548,16,1.5441651735454798
evo21,2549,16,1.4053315399214625
evo21,2550,16,1.2831176118925214
evo21,2551,16,1.641606324352324
evo21,2552,16,1.4652669802308083
evo21,2553,16,1.6031312118284404
evo21,2554,16,1.894140563905239
evo21,2555,16,1.7322394903749228
evo21,2556,16,1.480875109322369
evo21,2557,16,1.6074893400073051
evo21,2558,16,1.3935328098013997
evo21,2559,16,1.3945296946913004
evo21,2560,16,1.5050222417339683
evo21,2561,16,1.2759103188291192
evo21,2562,16,1.3531128955073655
evo21,2563,16,1.5121191469952464
evo21,2564,16,1.2434117845259607
evo21,2565,16,1.3947175489738584
evo21,2566,16,1.8140312870964408
evo21,2567,16,1.7353747293818742
evo21,2568,16,1.638132564490661
evo21,2569,16,1.9701544432900846
evo21,2570,16,1.5687174305785447
evo21,2571,16,1.3363088550977409
evo21,2572,16,1.6040519187226892
evo21,2573,16,1.7354532573372126
evo21,2574,16,1.767817224143073
evo21,2575,16,1.3927804725244641
evo21,2576,16,1.5644840588793159
evo21,2577,16,1.6226182291284204
evo21,2578,16,1.6270221401937306
evo21,2579,16,1.8453329149633646
evo21,2580,16,1.3326760870404541
evo21,2581,16,1.5034866775386035
evo21,2582,16,1.653628318104893
evo21,2583,16,1.7897792090661824
evo21,2584,16,1.7962170303799212
evo21,2585,16,1.5380224213004112
evo21,2586,16,1.6822746677789837
evo21,2587,16,1.5307102189399302
evo21,2588,16,1.6255776295438409
evo21,2589,16,1.942486370448023
evo21,2590,16,1.3652121359482408
evo21,2591,16,1.6074707424268126
evo21,2592,16,1.502587771974504
evo21,2593,16,1.349895378574729
evo21,2594,16,1.6653669723309577
evo21,2595,16,1.733788123819977
evo21,2596,16,1.288823853712529
evo21,2597,16,1.8337805061601102
evo21,2598,16,1.4998490656726062
evo21,2599,16,1.3063319707289338
evo21,2600,16,1.5067945644259453
evo21,2601,16,2.105685287155211
evo21,2602,16,1.6591721652075648
evo21,2603,16,1.6479898253455758
evo21,2604,16,1.6392709268257022
evo21,2605,16,1.4503578655421734
evo21,2606,16,1.2852685446850955
evo21,2607,16,1.2914162906818092
evo21,2608,16,1.3561392361298203
evo21,2609,16,1.554598155315034
evo21,2610,16,1.3644190868362784
evo21,2611,16,1.6775206876918674
evo21,2612,16,1.5444927162025124
evo21,2613,16,1.3202843125909567
evo21,2614,16,1.5511387753067538
evo21,2615,16,1.270954753505066
evo21,2616,16,2.0586852012202144
evo21,2617,16,1.8674715901724994
evo21,2618,16,1.719426758820191
evo21,2619,16,1.6215124994050711
evo21,2620,16,1.5979136684909463
evo21,2621,16,1.4925070102326572
evo21,2622,16,1.3284208087716252
evo21,2623,16,1.288796465843916
evo21,2624,16,1.6832580459304154
evo21,2625,16,1.7868957221508026
evo21,2626,16,1.6704074279405177
evo21,2627,16,1.3279706330504268
evo21,2628,16,1.760751046705991
evo21,2629,16,1.5938888052478433
evo21,2630,16,1.9900850048288703
evo21,2631,16,1.56839628983289
evo21,2632,16,1.6871182722970843
evo21,2633,16,1.7504964163526893
evo21,2634,16,1.7057276624254882
evo21,2635,16,1.493368310853839
evo21,2636,16,1.7314636728260666
evo21,2637,16,1.5121954400092363
evo21,2638,16,1.6110342713072896
evo21,2639,16,1.5460395072586834
evo21,2640,16,1.6012937501072884
evo21,2641,16,1.5857912788633257
evo21,2642,16,1.423819304909557
evo21,2643,16,1.394363329745829
evo21,2644,16,1.7684326763264835
evo21,2645,16,1.4106789615470916
evo21,2646,16,1.8527703890576959
evo21,2647,16,1.5647946081589907
evo21,2648,16,1.5427214433439076
evo21,2649,16,1.607334085740149
evo21,2650,16,1.6266657267697155
evo21,2651,16,1.8280154028907418
evo21,2652,16,1.6811076519079506
evo21,2653,16,1.5460388383362442
evo21,2654,16,1.6644735867157578
evo21,2655,16,1.6328670638613403
evo21,2656,16,1.6053290518466383
evo21,2657,16,1.4977649268694222
evo21,2658,16,1.8900800570845604
evo21,2659,16,1.6430164851481095
evo21,2660,16,1.5950556439347565
evo21,2661,16,1.7255579214543104
evo21,2662,16,1.6246843971312046
evo21,2663,16,1.6771910805255175
evo21,2664,16,1.4567253929562867
evo21,2665,16,1.643873461522162
evo21,2666,16,1.6084951378870755
evo21,2667,16,1.8444676818326116
evo21,2668,16,1.8578524207696319
evo21,2669,16,1.590644285082817
evo21,2670,16,1.6902449732879177
evo21,2671,16,1.9664301412412897
evo21,2672,16,1.9847007393836975
evo21,2673,16,1.375730105675757
evo21,2674,16,1.6615590248256922
evo21,2675,16,1.6856095371767879
evo21,2676,16,1.752337109297514
evo21,2677,16,1.9196867777500302
evo21,2678,16,2.0364046208560467
evo21,2679,16,1.5440985821187496
evo21,2680,16,1.5271491715684533
evo21,2681,16,1.7678263050038368
evo21,2682,16,1.6112069762311876
evo21,2683,16,1.6918914052657783
evo21,2684,16,1.6735977460630238
evo21,2685,16,1.8505938267335296
evo21,2686,16,1.6114890417084098
evo21,2687,16,1.7815818670205772
evo21,2688,16,1.6028789691627026
evo21,2689,16,2.067577169276774
evo21,2690,16,1.759903202066198
evo21,2691,16,1.4693997181020677
evo21,2692,16,1.7549564614892006
evo21,2693,16,2.0617768689990044
evo21,2694,16,1.6708458987995982
evo21,2695,16,1.6312889074906707
evo21,2696,16,1.8079955335706472
evo21,2697,16,1.6579418564215302
evo21,2698,16,1.6479276679456234
evo21,2699,16,1.5167559003457427
evo21,2700,16,1.8029558341950178
evo21,2701,16,1.4768713945522904
evo21,2702,16,1.524295948445797
evo21,2703,16,1.5090904575772583
evo21,2704,16,1.5330247320234776
evo21,2705,16,1.479438068345189
evo21,2706,16,1.5739973005838692
evo21,2707,16,1.6085404362529516
evo21,2708,16,1.1313928179442883
evo21,2709,16,1.667809664271772
evo21,2710,16,1.786784884519875
evo21,2711,16,1.2895243559032679
evo21,2712,16,1.7794478442519903
evo21,2713,16,1.4229067023843527
evo21,2714,16,1.4116849470883608
evo21,2715,16,1.4359929915517569
evo21,2716,16,1.6856376118957996
evo21,2717,16,1.7173200817778707
evo21,2718,16,1.890932809561491
evo21,2719,16,1.486225349130109
evo21,2720,16,1.524032509769313
evo21,2721,16,1.4463739953935146
evo21,2722,16,1.5039921635761857
evo21,2723,16,1.499193409923464
evo21,2724,16,1.521747913211584
evo21,2725,16,1.691040918463841
evo21,2726,16,1.7574758881237358
evo21,2727,16,1.4722379676532
evo21,2728,16,1.5478258347138762
evo21,2729,16,1.58419025875628
evo21,2730,16,1.9442451056092978
evo21,2731,16,1.5659639379009604
evo21,2732,16,1.5385924165602773
evo21,2733,16,1.5093782427720726
evo21,2734,16,1.6440086518414319
evo21,2735,16,1.557006053160876
evo21,2736,16,1.3558037648908794
evo21,2737,16,1.9116955734789371
evo21,2738,16,1.8764845989644527
evo21,2739,16,1.6994094247929752
evo21,2740,16,1.6945189721882343
evo21,2741,16,1.3956690644845366
evo21,2742,16,1.5645159748382866
evo21,2743,16,1.3798033278435469
evo21,2744,16,1.6173225203529
evo21,2745,16,1.4179236982017756
evo21,2746,16,1.5283541614189744
evo21,2747,16,1.5150994001887739
evo21,2748,16,1.565918643027544
evo21,2749,16,1.5956075014546514
evo21,2750,16,1.507498082704842
evo21,2751,16,1.5807447019033134
evo21,2752,16,1.5459594670683146
evo21,2753,16,1.376718221232295
evo21,2754,16,1.479364123661071
evo21,2755,16,1.2807914088480175
evo21,2756,16,1.255091150291264
evo21,2757,16,1.1294914167374372
evo21,2758,16,1.3798389488365501
evo21,2759,16,1.3459488600492477
evo21,2760,16,1.5103912123013288
evo21,2761,16,1.8491081853862852
evo21,2762,16,1.6032883333973587
evo21,2763,16,1.6609684354625642
evo21,2764,16,1.6344502763822675
evo21,2765,16,1.300967767369002
evo21,2766,16,1.3546105991117656
evo21,2767,16,1.6308569279499352
evo21,2768,16,1.4339400748722255
evo21,2769,16,1.3846455784514546
evo21,2770,16,1.240876578958705
evo21,2771,16,1.1562324679689482
evo21,2772,16,1.4665516298264265
evo21,2773,16,1.4028629250824451
evo21,2774,16,1.3784972906578332
evo21,2775,16,1.495449084090069
evo21,2776,16,1.2618318535387516
evo21,2777,16,1.6386570963077247
evo21,2778,16,1.3620422224048525
evo21,2779,16,1.4507772338110954
evo21,2780,16,1.4706425527110696
evo21,2781,16,1.421927293529734
evo21,2782,16,1.3334791681263596
evo21,2783,16,1.524898620788008
evo21,2784,16,1.4264802657999098
evo21,2785,16,2.0069106474984437
evo21,2786,16,1.3917109097819775
evo21,2787,16,1.8758611856028438
evo21,2788,16,1.4304858020041138
evo21,2789,16,1.5928543587215245
evo21,2790,16,2.104522367939353
evo21,2791,16,1.5883231663610786
evo21,2792,16,1.4583211711142212
evo21,2793,16,1.3594566695392132
evo21,2794,16,1.4838003275217488
evo21,2795,16,1.584099201951176
evo21,2796,16,1.7342089181765914
evo21,2797,16,1.5984297767281532
evo21,2798,16,1.2553052655421197
evo21,2799,16,1.526987190824002
evo21,2800,16,1.2130552905146033
evo21,2801,16,1.4084058529697359
evo21,2802,16,1.3624240858480334
evo21,2803,16,2.091340663842857
evo21,2804,16,1.7125670365057886
evo21,2805,16,1.5625236809719354
evo21,2806,16,1.8262242947239429
evo21,2807,16,1.4181757918559015
evo21,2808,16,1.4181757782353088
evo21,2809,16,1.1254866231465712
evo21,2810,16,1.6266665610019118
evo21,2811,16,1.7173695273231715
evo21,2812,16,1.4003199227154255
evo21,2813,16,1.33566888095811
evo21,2814,16,1.498746485915035
evo21,2815,16,1.462343705818057
evo21,2816,16,1.6758539339061826
evo21,2817,16,1.763692828360945
evo21,2818,16,1.5094374633627012
evo21,2819,16,1.544719526078552
evo21,2820,16,1.502007270930335
evo21,2821,16,1.3547772206366062
evo21,2822,16,1.6636698376387358
evo21,2823,16,1.678966406499967
evo21,2824,16,1.8629445903934538
evo21,2825,16,1.6625493224710226
evo21,2826,16,1.6929672798141837
evo21,2827,16,1.5977762441616505
evo21,2828,16,1.8353093592450023
evo21,2829,16,1.7745995817240328
evo21,2830,16,1.5855721062980592
evo21,2831,16,1.8376048132777214
evo21,2832,16,1.6057207775302231
evo21,2833,16,1.5284268369432539
evo21,2834,16,1.2714388861786574
evo21,2835,16,1.9491129904054105
evo21,2836,16,1.4781423090025783
evo21,2837,16,1.8052178339567035
evo21,2838,16,1.58766512083821
evo21,2839,16,1.3927914783125743
evo21,2840,16,1.3140745656564832
evo21,2841,16,1.4437436200678349
evo21,2842,16,2.1232519382610917
evo21,2843,16,1.4914506690111011
evo21,2844,16,1.7769685352686793
evo21,2845,16,2.001159360166639
evo21,2846,16,1.4674359236378223
evo21,2847,16,2.2610834226943552
evo21,2848,16,1.2234395190607756
evo21,2849,16,1.7082489650929347
evo21,2850,16,1.7831597859039903
evo21,2851,16,1.7267333795316517
evo21,2852,16,1.3714000382460654
evo21,2853,16,1.8320755776949227
evo21,2854,16,1.5378600815311074
evo21,2855,16,1.4431236108066514
evo21,2856,16,1.3618264393880963
evo21,2857,16,1.489389176480472
evo21,2858,16,1.3869330115849152
evo21,2859,16,1.7683825031854212
evo21,2860,16,1.4531292170286179
evo21,2861,16,1.329329539090395
evo21,2862,16,1.5084377089515328
evo21,2863,16,1.4658491124864668
evo21,2864,16,1.8552592328633182
evo21,2865,16,1.3908480916870758
evo21,2866,16,1.7625391341280192
evo21,2867,16,1.412210813490674
evo21,2868,16,1.7213682364672422
evo21,2869,16,1.5350283896550536
evo21,2870,16,1.5500613460317254
evo21,2871,16,1.7517587076872587
evo21,2872,16,1.8739441270008683
evo21,2873,16,1.8910200400277972
evo21,2874,16,1.6369534600526094
evo21,2875,16,1.6331383816432208
evo21,2876,16,1.6275876546278596
evo21,2877,16,1.6278687622398138
evo21,2878,16,1.4791575726121664
evo21,2879,16,1.7944892896339297
evo21,2880,16,1.8209273219108582
evo21,2881,16,1.8845937983132899
evo21,2882,16,1.7515444222372025
evo21,2883,16,1.699228395242244
evo21,2884,16,1.517796860076487
evo21,2885,16,1.8297015614807606
evo21,2886,16,1.5248661669902503
evo21,2887,16,1.4652008602861315
evo21,2888,16,1.7509841220453382
evo21,2889,16,1.3406554483808577
evo21,2890,16,1.6704360062722117
evo21,2891,16,1.664371510501951
evo21,2892,16,1.9121645321138203
evo21,2893,16,1.5714319381513633
evo21,2894,16,1.4705985584296286
evo21,2895,16,1.4002147796563804
evo21,2896,16,1.4711030411999673
evo21,2897,16,1.8513841883686837
evo21,2898,16,1.9520453826989979
evo21,2899,16,1.5935666486620903
evo21,2900,16,1.580416786368005
evo21,2901,16,1.5857056835666299
evo21,2902,16,1.5398545511998236
evo21,2903,16,1.972177892923355
evo21,2904,16,1.8233077675104141
evo21,2905,16,1.7779846135526896
evo21,2906,16,1.6769083961844444
evo21,2907,16,1.5471387272700667
evo21,2908,16,1.5424429513514042
evo21,2909,16,1.5678094867616892
evo21,2910,16,1.624132115393877
evo21,2911,16,1.5832194900140166
evo21,2912,16,1.6262190728448331
evo21,2913,16,1.6040201503783464
evo21,2914,16,1.8943139994516969
evo21,2915,16,1.5941763338632882
evo21,2916,16,1.6851469199173152
evo21,2917,16,1.534960051998496
evo21,2918,16,1.6948924446478486
evo21,2919,16,1.669054090976715
evo21,2920,16,1.4883046774193645
evo21,2921,16,1.7030595601536334
evo21,2922,16,1.6884636518079787
evo21,2923,16,1.742421010741964
evo21,2924,16,1.7535596042871475
evo21,2925,16,1.5285719821695238
evo21,2926,16,2.114345513866283
evo21,2927,16,1.5670803517568856
evo21,2928,16,1.3427791283465922
evo21,2929,16,1.5503868088126183
evo21,2930,16,1.5794585477560759
evo21,2931,16,1.9622168845962733
evo21,2932,16,1.7057405521627516
evo21,2933,16,1.7154300252441317
evo21,2934,16,1.6057346127927303
evo21,2935,16,1.8561100624501705
evo21,2936,16,1.8447238407097757
evo21,2937,16,2.153308976441622
evo21,2938,16,1.5816920406650752
evo21,2939,16,1.7550141465617344
evo21,2940,16,1.823355141095817
evo21,2941,16,1.5938365708570927
evo21,2942,16,1.6131179723888636
evo21,2943,16,1.747190985828638
evo21,2944,16,1.5523384872358292
evo21,2945,16,1.4141180514125153
evo21,2946,16,1.6341086579486728
evo21,2947,16,1.4275562406983227
evo21,2948,16,1.9907855151686817
evo21,2949,16,1.7727863735053688
evo21,2950,16,1.5318123535253108
evo21,2951,16,1.504444497753866
evo21,2952,16,1.5089262705296278
evo21,2953,16,1.8360985075123608
evo21,2954,16,1.9158481860067695
evo21,2955,16,1.9203944702167064
evo21,2956,16,1.8033524744678289
evo21,2957,16,1.727998667396605
evo21,2958,16,1.379399106837809
evo21,2959,16,1.7929891131352633
evo21,2960,16,1.6388485920615494
evo21,2961,16,1.5950381262227893
evo21,2962,16,1.7620137049816549
evo21,2963,16,1.633024420356378
evo21,2964,16,1.3660854112822562
evo21,2965,16,1.4618353641126305
evo21,2966,16,1.327391870552674
evo21,2967,16,1.585003565531224
evo21,2968,16,1.4868850957136601
evo21,2969,16,1.6325116337975487
evo21,2970,16,1.535704908776097
evo21,2971,16,1.8153711981140077
evo21,2972,16,1.555691221728921
evo21,2973,16,1.2858172846026719
evo21,2974,16,1.4917194268200547
evo21,2975,16,2.037453587865457
evo21,2976,16,1.8602478145621717
evo21,2977,16,1.5954052143497393
evo21,2978,16,1.736864332575351
evo21,2979,16,1.3797398784663528
evo21,2980,16,1.7767956232419237
evo21,2981,16,1.595290465746075
evo21,2982,16,2.1914432793855667
evo21,2983,16,1.5511184502393007
evo21,2984,16,1.5215394143015146
evo21,2985,16,1.5709202142897993
evo21,2986,16,1.4999608304351568
evo21,2987,16,1.6466018157079816
evo21,2988,16,1.1886523368302733
evo21,2989,16,1.5222915932536125
evo21,2990,16,1.3722439252305776
evo21,2991,16,1.8445259631844237
evo21,2992,16,1.4935874345246702
evo21,2993,16,1.6588796305004507
evo21,2994,16,1.566078428644687
evo21,2995,16,1.4223411105340347
evo21,2996,16,1.5015951083041728
evo21,2997,16,1.4551813694415614
evo21,2998,16,1.3507957705296576
evo21,2999,16,1.5751506628002971
evo21,3000,16,1.4557082848623395
evo21,3001,16,1.654772992245853
evo21,3002,16,1.5692584700882435
evo21,3003,16,1.6850944799371064
evo21,3004,16,1.600848188623786
evo21,3005,16,1.5428141541779041
evo21,3006,16,1.7686918885447085
evo21,3007,16,1.664589338004589
evo21,3008,16,1.4173298366367817
evo21,3009,16,1.5971635137684643
evo21,3010,16,1.646683933911845
evo21,3011,16,1.4198803915642202
evo21,3012,16,1.4902998600155115
evo21,3013,16,1.4999979506246746
evo21,3014,16,1.3844781056977808
evo21,3015,16,1.8236126489937305
evo21,3016,16,1.6056091897189617
evo21,3017,16,1.162890162318945
evo21,3018,16,1.393803695566021
evo21,3019,16,1.868782734964043
evo21,3020,16,1.3962694923393428
evo21,3021,16,1.3881768719293177
evo21,3022,16,1.8247261857613921
evo21,3023,16,1.499316732864827
evo21,3024,16,1.8884171722456813
evo21,3025,16,1.3243433386087418
evo21,3026,16,1.4816752092447132
evo21,3027,16,1.691355408867821
evo21,3028,16,1.6623287352267653
evo21,3029,16,1.7936365499626845
evo21,3030,16,1.769501157803461
evo21,3031,16,2.0319016815628856
evo21,3032,16,1.8383301182184368
evo21,3033,16,1.8055118438787758
evo21,3034,16,1.7701376697514206
evo21,3035,16,1.7999800681136549
evo21,3036,16,1.5354661014862359
evo21,3037,16,1.3818020456237718
evo21,3038,16,1.6522910851053894
evo21,3039,16,2.0695480208378285
evo21,3040,16,1.6720198905095458
evo21,3041,16,1.800029479432851
evo21,3042,16,1.880524423206225
evo21,3043,16,1.5477027748711407
evo21,3044,16,2.2268552780151367
evo21,3045,16,2.0572946667671204
evo21,3046,16,1.9776757070794702
evo21,3047,16,1.9328918037936091
evo21,3048,16,1.6044054301455617
evo21,3049,16,1.7611225773580372
evo21,3050,16,1.6584399556741118
evo21,3051,16,1.8295219261199236
evo21,3052,16,1.7811114168725908
evo21,3053,16,1.721443122252822
evo21,3054,16,2.04489978402853
evo21,3055,16,1.8820744827389717
evo21,3056,16,2.0302883610129356
evo21,3057,16,1.6609439887106419
evo21,3058,16,1.5118453800678253
evo21,3059,16,2.0024413596838713
evo21,3060,16,1.7296232981607318
evo21,3061,16,1.8602946447208524
evo21,3062,16,1.618358127772808
evo21,3063,16,1.7274392619729042
evo21,3064,16,1.809120073914528
evo21,3065,16,1.8076852527447045
evo21,3066,16,1.634341986849904
evo21,3067,16,2.080619029002264
evo21,3068,16,1.6479202879127115
evo21,3069,16,1.7981354317162186
evo21,3070,16,1.7803525959607214
evo21,3071,16,1.949959633173421
