species,source_name,mode,fusion_policy,decodable,sample_bytes,sample_bases,core_base_count,tail_base_count,tail_side_info_bits,sample_symbols_with_eos,uses_eos,unit_size,unit_vocab_size,context_units,theoretical_bits,core_model_theoretical_bits,theoretical_bits_per_base,arithmetic_coded_bytes,arithmetic_bits_per_base,arithmetic_coding_mode,arithmetic_merge_size,emitted_arithmetic_symbol_count,arithmetic_encode_seconds,compression_process_seconds,compression_bytes_per_second,compression_bases_per_second,compression_symbols_per_second,fusion_model_choice_counts,arithmetic_frequency_total,arithmetic_vocab_size,arithmetic_target_uniform_mass,arithmetic_effective_uniform_mass,ascii_bytes,two_bit_pack_bytes,gzip_bytes,bz2_bytes,lzma_bytes,model_megabyte1_theoretical_bits,model_megabyte1_theoretical_bits_per_core_base,model_megabyte1_model_forward_seconds,model_megabyte1_softmax_seconds,model_megabyte1_aggregate_seconds,model_megabyte1_data_transfer_seconds,model_dnagpt2_theoretical_bits,model_dnagpt2_theoretical_bits_per_core_base,model_dnagpt2_model_forward_seconds,model_dnagpt2_softmax_seconds,model_dnagpt2_aggregate_seconds,model_dnagpt2_data_transfer_seconds,split,geco2_level,geco2_binary,geco2_command,geco2_returncode,geco2_stdout_tail,geco2_stderr_tail
OrSa,OrSa,static_context,static_context,True,60000,60000,60000,0,0,20000,False,3,125,1,103612.28681142576,103612.28681142576,1.726871446857096,12957,1.7276,fusion_static_context,3,20000,0.3767860680818558,2.311676286160946,25955.19120008078,25955.19120008078,8651.730400026927,"{""dnagpt2"": 19732, ""megabyte1"": 268}",32768,125,0.01,0.003814697265625,60000,15000,17607,16481,16400,107905.8042981815,1.7984300716363582,0.02945607900619507,3.36766242980957e-05,0.16912032663822174,9.818375110626221e-05,103554.27528889981,1.7259045881483301,0.004557698965072632,3.0390918254852295e-05,1.6252137124538422,4.808604717254639e-05,val,,,,,,
HoSa,HoSa,static_context,static_context,True,60000,60000,60000,0,0,20000,False,3,125,1,85022.31688832107,85022.31688832107,1.4170386148053513,10632,1.4176,fusion_static_context,3,20000,0.3452281802892685,2.2289834916591644,26918.099763645376,26918.099763645376,8972.699921215126,"{""dnagpt2"": 19752, ""megabyte1"": 248}",32768,125,0.01,0.003814697265625,60000,15000,17118,16105,15924,88080.42845706586,1.4680071409510977,0.030708082020282745,3.1948089599609375e-05,0.162324421107769,0.00010719895362854004,84997.19566033638,1.416619927672273,0.00417926162481308,2.872943878173828e-05,1.5831913873553276,4.6662986278533936e-05,val,,,,,,
DaRe,DaRe,static_context,static_context,True,60000,60000,60000,0,0,20000,False,3,125,1,89801.038188963,89801.038188963,1.49668396981605,11231,1.4974666666666667,fusion_static_context,3,20000,0.3549887463450432,2.133902721107006,28117.49542588041,28117.49542588041,9372.498475293469,"{""dnagpt2"": 19632, ""megabyte1"": 368}",32768,125,0.01,0.003814697265625,60000,15000,10082,11576,8944,110097.64499067079,1.834960749844513,0.03016166388988495,3.0860304832458496e-05,0.1525295004248619,0.00010547786951065063,89400.190161537,1.49000316935895,0.004551880061626434,2.931058406829834e-05,1.4899871125817299,4.838407039642334e-05,val,,,,,,
ScPo,ScPo,static_context,static_context,True,60000,60000,60000,0,0,20000,False,3,125,1,115743.99962283007,115743.99962283007,1.9290666603805011,14475,1.93,fusion_static_context,3,20000,0.34942957758903503,2.300411231815815,26082.293100542454,26082.293100542454,8694.097700180819,"{""dnagpt2"": 19699, ""megabyte1"": 301}",32768,125,0.01,0.003814697265625,60000,15000,17884,16418,16756,116322.29266763487,1.9387048777939146,0.030713945627212524,3.627687692642212e-05,0.1770234927535057,0.00010831654071807861,115733.68488969433,1.9288947481615721,0.006536051630973816,4.3019652366638184e-05,1.6024865806102753,6.32256269454956e-05,val,,,,,,
EsCo,EsCo,static_context,static_context,True,60000,60000,60000,0,0,20000,False,3,125,1,111992.03949596641,111992.03949596641,1.8665339915994401,14006,1.8674666666666666,fusion_static_context,3,20000,0.373806469142437,1.9418279901146889,30898.72033230722,30898.72033230722,10299.573444102407,"{""dnagpt2"": 19662, ""megabyte1"": 338}",32768,125,0.01,0.003814697265625,60000,15000,17640,16281,16536,113101.66593782441,1.8850277656304069,0.029760204255580902,3.118067979812622e-05,0.15229340642690659,0.00010459870100021362,111978.7954395502,1.8663132573258367,0.0041677504777908325,2.8289854526519775e-05,1.2798008471727371,4.595518112182617e-05,val,,,,,,
YeMi,YeMi,static_context,static_context,True,14737,14737,14736,1,11,4912,False,3,125,1,26557.200255196756,26546.200255196756,1.8020764236409552,3322,1.8030128248625907,fusion_static_context,3,4912,0.09389840811491013,0.46481964737176895,31704.76997546782,31704.76997546782,10567.53953447092,"{""dnagpt2"": 4885, ""megabyte1"": 27}",32768,125,0.01,0.003814697265625,14737,3685,4301,3989,4140,27019.621206980675,1.8335790721349536,0.030622713267803192,3.403425216674805e-05,0.029515095055103302,9.363889694213867e-05,26553.291377541747,1.8019334539591305,0.004705749452114105,2.6308000087738037e-05,0.266277514398098,3.4518539905548096e-05,val,,,,,,
BuEb,BuEb,static_context,static_context,True,3788,3788,3786,2,14,1262,False,3,125,1,7442.450023128162,7428.450023128162,1.964743934299937,932,1.96779303062302,fusion_static_context,3,1262,0.02158469706773758,0.13652782142162323,27745.260713579788,27745.260713579788,9243.537228230647,"{""dnagpt2"": 1244, ""megabyte1"": 18}",32768,125,0.01,0.003814697265625,3788,947,1245,1104,1312,7484.910844058104,1.976997053369811,0.03051573783159256,3.936886787414551e-05,0.005504198372364044,8.31708312034607e-05,7429.097634299378,1.9622550539618009,0.004822306334972382,2.8431415557861328e-05,0.06464629620313644,3.252178430557251e-05,val,,,,,,
AgPh,AgPh,static_context,static_context,True,8794,8794,8790,4,20,2930,False,3,125,1,16971.11709598331,16951.11709598331,1.9298518417083592,2123,1.9308619513304526,fusion_static_context,3,2930,0.05213749408721924,0.2740068882703781,32094.08367618285,32094.08367618285,10693.161834343387,"{""dnagpt2"": 2904, ""megabyte1"": 26}",32768,125,0.01,0.003814697265625,8794,2199,2737,2486,2688,17059.37359659582,1.9407706025706277,0.02967071533203125,2.972036600112915e-05,0.01220613718032837,4.727393388748169e-05,16954.03375847565,1.9287865481769795,0.00432286411523819,2.8252601623535156e-05,0.15237610042095184,2.9981136322021484e-05,val,,,,,,
GaGa,GaGa,static_context,static_context,True,60000,60000,60000,0,0,20000,False,3,125,1,110471.35086218166,110471.35086218166,1.841189181036361,13816,1.8421333333333334,fusion_static_context,3,20000,0.3474445194005966,2.214091680943966,27099.148836700082,27099.148836700082,9033.04961223336,"{""dnagpt2"": 19661, ""megabyte1"": 339}",32768,125,0.01,0.003814697265625,60000,15000,17534,16325,16420,111051.6495351363,1.850860825585605,0.02932731807231903,3.372877836227417e-05,0.15806720405817032,9.284913539886475e-05,110466.82619538018,1.8411137699230031,0.00413241982460022,2.8893351554870605e-05,1.5672820135951042,4.669278860092163e-05,val,,,,,,
DrMe,DrMe,static_context,static_context,True,60000,60000,60000,0,0,20000,False,3,125,1,113328.7291117218,113328.7291117218,1.88881215186203,14173,1.8897333333333333,fusion_static_context,3,20000,0.38783949613571167,2.2101947516202927,27146.929000719974,27146.929000719974,9048.976333573324,"{""dnagpt2"": 19639, ""megabyte1"": 361}",32768,125,0.01,0.003814697265625,60000,15000,17705,16452,16524,113803.98833072095,1.8967331388453492,0.02719072997570038,3.115832805633545e-05,0.1595955714583397,0.00010460615158081055,113302.75262731386,1.888379210455231,0.00421404093503952,2.839416265487671e-05,1.5325709283351898,4.267692565917969e-05,val,,,,,,
EnIn,EnIn,static_context,static_context,True,60000,60000,60000,0,0,20000,False,3,125,1,112859.47259381905,112859.47259381905,1.8809912098969843,14114,1.8818666666666666,fusion_static_context,3,20000,0.3661733791232109,2.1338877379894257,28117.692853201694,28117.692853201694,9372.564284400563,"{""dnagpt2"": 19861, ""megabyte1"": 139}",32768,125,0.01,0.003814697265625,60000,15000,17543,16349,16496,112944.83151136572,1.8824138585227619,0.029047176241874695,3.441423177719116e-05,0.15418007224798203,0.00010006129741668701,112863.42110676797,1.8810570184461328,0.004031866788864136,2.6658177375793457e-05,1.479550264775753,4.077702760696411e-05,val,,,,,,
PlFa,PlFa,static_context,static_context,True,60000,60000,60000,0,0,20000,False,3,125,1,108351.10077392595,108351.10077392595,1.8058516795654325,13551,1.8068,fusion_static_context,3,20000,0.5803068950772285,2.5611399859189987,23427.067762744937,23427.067762744937,7809.022587581646,"{""dnagpt2"": 19880, ""megabyte1"": 120}",32768,125,0.01,0.003814697265625,60000,15000,16964,15950,15940,108776.73191625507,1.8129455319375845,0.03180595487356186,3.7729740142822266e-05,0.1770641952753067,0.0001047179102897644,108344.37139778023,1.8057395232963371,0.004791945219039917,3.215670585632324e-05,1.6514171808958054,4.9695372581481934e-05,val,,,,,,
HePy,HePy,static_context,static_context,True,60000,60000,60000,0,0,20000,False,3,125,1,108866.84553696474,108866.84553696474,1.814447425616079,13615,1.8153333333333332,fusion_static_context,3,20000,0.35958515852689743,2.384765423834324,25159.70728203931,25159.70728203931,8386.569094013103,"{""dnagpt2"": 19614, ""megabyte1"": 386}",32768,125,0.01,0.003814697265625,60000,15000,17069,16102,15984,108853.25247355227,1.8142208745592046,0.034336768090724945,3.6463141441345215e-05,0.16074635833501816,0.00011581927537918091,108861.63242241391,1.8143605403735652,0.004734113812446594,2.8714537620544434e-05,1.7147588655352592,4.8547983169555664e-05,val,,,,,,
AeCa,AeCa,static_context,static_context,True,60000,60000,60000,0,0,20000,False,3,125,1,113371.75371210936,113371.75371210936,1.8895292285351561,14178,1.8904,fusion_static_context,3,20000,0.38137946277856827,1.7219138070940971,34844.94970236404,34844.94970236404,11614.983234121348,"{""dnagpt2"": 19549, ""megabyte1"": 451}",32768,125,0.01,0.003814697265625,60000,15000,17702,16309,16648,113469.97453421743,1.891166242236957,0.030341945588588715,3.400444984436035e-05,0.15395570546388626,0.0001115649938583374,113383.16217843644,1.8897193696406074,0.005355328321456909,3.3795833587646484e-05,1.0442800894379616,4.727393388748169e-05,val,,,,,,
HaHi,HaHi,static_context,static_context,True,60000,60000,60000,0,0,20000,False,3,125,1,107091.39120974939,107091.39120974939,1.7848565201624897,13394,1.7858666666666667,fusion_static_context,3,20000,0.3893160820007324,2.279155306518078,26325.54255008777,26325.54255008777,8775.180850029257,"{""dnagpt2"": 19682, ""megabyte1"": 318}",32768,125,0.01,0.003814697265625,60000,15000,17253,15947,16216,107103.97327955175,1.7850662213258626,0.0288805291056633,3.6016106605529785e-05,0.15212013572454453,0.00016560405492782593,107114.84877066876,1.785247479511146,0.004182741045951843,2.9712915420532227e-05,1.5954525396227837,4.018843173980713e-05,val,,,,,,
AnCa,AnCa,static_context,static_context,True,60000,60000,60000,0,0,20000,False,3,125,1,101552.96976603645,101552.96976603645,1.6925494961006076,12700,1.6933333333333334,fusion_static_context,3,20000,0.3543481230735779,1.7285592034459114,34710.989291190606,34710.989291190606,11570.329763730202,"{""dnagpt2"": 19721, ""megabyte1"": 279}",32768,125,0.01,0.003814697265625,60000,15000,17523,16321,16352,104397.82582928988,1.739963763821498,0.03007625788450241,3.419816493988037e-05,0.16488273441791534,0.00010990351438522339,101503.13893696708,1.6917189822827847,0.004585832357406616,2.8215348720550537e-05,1.0689153894782066,4.248321056365967e-05,val,,,,,,
WaMe,WaMe,static_context,static_context,True,60000,60000,60000,0,0,20000,False,3,125,1,115449.20909642204,115449.20909642204,1.9241534849403674,14438,1.9250666666666667,fusion_static_context,3,20000,0.36513155698776245,2.0986866280436516,28589.308760179527,28589.308760179527,9529.769586726508,"{""dnagpt2"": 19715, ""megabyte1"": 285}",32768,125,0.01,0.003814697265625,60000,15000,17781,16358,16696,116112.96943246174,1.9352161572076958,0.02999012917280197,3.4362077713012695e-05,0.1553526073694229,0.00010403245687484741,115443.3674367409,1.9240561239456817,0.005322806537151337,3.6388635635375977e-05,1.4301000386476517,5.494803190231323e-05,val,,,,,,
OrSa,OrSa,oracle_max,oracle_max,False,60000,60000,60000,0,0,20000,False,3,125,1,96929.76940918171,96929.76940918171,1.6154961568196953,12125,1.6166666666666667,fusion_oracle_max,3,20000,0.4087304025888443,2.270039826631546,26431.2543313535,26431.2543313535,8810.418110451166,"{""dnagpt2"": 10860, ""megabyte1"": 9140}",32768,125,0.01,0.003814697265625,60000,15000,17607,16481,16400,107905.8042981815,1.7984300716363582,0.028992585837841034,3.372877836227417e-05,0.16752853244543076,0.00010502338409423828,103554.27528889981,1.7259045881483301,0.004926525056362152,3.708153963088989e-05,1.550571545958519,4.620850086212158e-05,val,,,,,,
HoSa,HoSa,oracle_max,oracle_max,False,60000,60000,60000,0,0,20000,False,3,125,1,79579.90605078376,79579.90605078376,1.3263317675130626,9955,1.3273333333333333,fusion_oracle_max,3,20000,0.4041801616549492,2.0930082723498344,28666.871886099903,28666.871886099903,9555.623962033302,"{""dnagpt2"": 10781, ""megabyte1"": 9219}",32768,125,0.01,0.003814697265625,60000,15000,17118,16105,15924,88080.42845706586,1.4680071409510977,0.03205049782991409,3.246217966079712e-05,0.15714184194803238,0.00010575354099273682,84997.19566033638,1.416619927672273,0.004540599882602692,2.8811395168304443e-05,1.3847616240382195,4.869699478149414e-05,val,,,,,,
DaRe,DaRe,oracle_max,oracle_max,False,60000,60000,60000,0,0,20000,False,3,125,1,83127.84286230881,83127.84286230881,1.3854640477051468,10400,1.3866666666666667,fusion_oracle_max,3,20000,0.4074251651763916,2.0438206270337105,29356.78366603077,29356.78366603077,9785.59455534359,"{""dnagpt2"": 12278, ""megabyte1"": 7722}",32768,125,0.01,0.003814697265625,60000,15000,10082,11576,8944,110097.64499067079,1.834960749844513,0.02886587381362915,3.672391176223755e-05,0.1563582867383957,0.00012339651584625244,89400.190161537,1.49000316935895,0.004725344479084015,3.3482909202575684e-05,1.3396821841597557,4.3682754039764404e-05,val,,,,,,
ScPo,ScPo,oracle_max,oracle_max,False,60000,60000,60000,0,0,20000,False,3,125,1,112568.633328668,112568.633328668,1.8761438888111335,14079,1.8772,fusion_oracle_max,3,20000,0.42480751127004623,1.8123716190457344,33105.793188039286,33105.793188039286,11035.264396013094,"{""dnagpt2"": 10480, ""megabyte1"": 9520}",32768,125,0.01,0.003814697265625,60000,15000,17884,16418,16756,116322.29266763487,1.9387048777939146,0.029040031135082245,3.430992364883423e-05,0.15895257890224457,0.0001028701663017273,115733.68488969433,1.9288947481615721,0.004571385681629181,3.1307339668273926e-05,1.086584933102131,4.030764102935791e-05,val,,,,,,
EsCo,EsCo,oracle_max,oracle_max,False,60000,60000,60000,0,0,20000,False,3,125,1,107426.8182094116,107426.8182094116,1.7904469701568602,13437,1.7916,fusion_oracle_max,3,20000,0.43579011410474777,2.288046821951866,26223.23958773525,26223.23958773525,8741.079862578415,"{""dnagpt2"": 10300, ""megabyte1"": 9700}",32768,125,0.01,0.003814697265625,60000,15000,17640,16281,16536,113101.66593782441,1.8850277656304069,0.02965427190065384,3.1381845474243164e-05,0.16724209487438202,0.00010916590690612793,111978.7954395502,1.8663132573258367,0.004712536931037903,3.221631050109863e-05,1.5421911254525185,4.572421312332153e-05,val,,,,,,
YeMi,YeMi,oracle_max,oracle_max,False,14737,14737,14736,1,11,4912,False,3,125,1,25594.333760532394,25583.333760532394,1.7367397543959011,3202,1.7378706656714393,fusion_oracle_max,3,4912,0.10702796280384064,0.45845596492290497,32144.853873759082,32144.853873759082,10714.224213062673,"{""dnagpt2"": 2730, ""megabyte1"": 2182}",32768,125,0.01,0.003814697265625,14737,3685,4301,3989,4140,27019.621206980675,1.8335790721349536,0.028088673949241638,3.4846365451812744e-05,0.029697120189666748,9.563565254211426e-05,26553.291377541747,1.8019334539591305,0.00435435026884079,2.3894011974334717e-05,0.26189590990543365,3.188103437423706e-05,val,,,,,,
BuEb,BuEb,oracle_max,oracle_max,False,3788,3788,3786,2,14,1262,False,3,125,1,7237.124249564209,7223.124249564209,1.9105396646156836,906,1.912882787750792,fusion_oracle_max,3,1262,0.024322301149368286,0.1345173865556717,28159.92859355983,28159.92859355983,9381.68687567912,"{""dnagpt2"": 660, ""megabyte1"": 602}",32768,125,0.01,0.003814697265625,3788,947,1245,1104,1312,7484.910844058104,1.976997053369811,0.027708381414413452,3.038346767425537e-05,0.00541088730096817,8.524209260940552e-05,7429.097634299378,1.9622550539618009,0.0042726099491119385,2.672523260116577e-05,0.06344863027334213,3.013014793395996e-05,val,,,,,,
AgPh,AgPh,oracle_max,oracle_max,False,8794,8794,8790,4,20,2930,False,3,125,1,16361.955459871446,16341.955459871446,1.8605816988709853,2047,1.8617239026609051,fusion_oracle_max,3,2930,0.06659499555826187,0.29295848309993744,30017.905291379077,30017.905291379077,10001.417159852252,"{""dnagpt2"": 1522, ""megabyte1"": 1408}",32768,125,0.01,0.003814697265625,8794,2199,2737,2486,2688,17059.37359659582,1.9407706025706277,0.02768496423959732,3.5434961318969727e-05,0.027032025158405304,4.1581690311431885e-05,16954.03375847565,1.9287865481769795,0.004204131662845612,2.7298927307128906e-05,0.14967937022447586,3.17990779876709e-05,val,,,,,,
GaGa,GaGa,oracle_max,oracle_max,False,60000,60000,60000,0,0,20000,False,3,125,1,107682.36665774029,107682.36665774029,1.7947061109623381,13468,1.7957333333333334,fusion_oracle_max,3,20000,0.3864872604608536,2.3047365993261337,26033.343687752862,26033.343687752862,8677.781229250953,"{""dnagpt2"": 10486, ""megabyte1"": 9514}",32768,125,0.01,0.003814697265625,60000,15000,17534,16325,16420,111051.6495351363,1.850860825585605,0.026778101921081543,3.300607204437256e-05,0.15833764523267746,9.323656558990479e-05,110466.82619538018,1.8411137699230031,0.004556506872177124,3.49581241607666e-05,1.6197023689746857,4.804879426956177e-05,val,,,,,,
DrMe,DrMe,oracle_max,oracle_max,False,60000,60000,60000,0,0,20000,False,3,125,1,109077.2784676541,109077.2784676541,1.8179546411275684,13643,1.8190666666666666,fusion_oracle_max,3,20000,0.40415744483470917,2.0657858923077583,29044.636340783603,29044.636340783603,9681.545446927868,"{""dnagpt2"": 10235, ""megabyte1"": 9765}",32768,125,0.01,0.003814697265625,60000,15000,17705,16452,16524,113803.98833072095,1.8967331388453492,0.030101090669631958,3.3408403396606445e-05,0.1552562192082405,0.00010646134614944458,113302.75262731386,1.888379210455231,0.0044807568192481995,3.0606985092163086e-05,1.3726998791098595,4.073977470397949e-05,val,,,,,,
EnIn,EnIn,oracle_max,oracle_max,False,60000,60000,60000,0,0,20000,False,3,125,1,108999.90299802623,108999.90299802623,1.8166650499671038,13633,1.8177333333333334,fusion_oracle_max,3,20000,0.4164256229996681,1.939570739865303,30934.679909724153,30934.679909724153,10311.55996990805,"{""dnagpt2"": 10002, ""megabyte1"": 9998}",32768,125,0.01,0.003814697265625,60000,15000,17543,16349,16496,112944.83151136572,1.8824138585227619,0.027958743274211884,3.366917371749878e-05,0.15156039595603943,0.00010170042514801025,112863.42110676797,1.8810570184461328,0.00445643812417984,2.5585293769836426e-05,1.2387679293751717,4.2438507080078125e-05,val,,,,,,
PlFa,PlFa,oracle_max,oracle_max,False,60000,60000,60000,0,0,20000,False,3,125,1,105032.3714667023,105032.3714667023,1.7505395244450384,13137,1.7516,fusion_oracle_max,3,20000,0.42815079540014267,2.0731949731707573,28940.838067070763,28940.838067070763,9646.94602235692,"{""dnagpt2"": 10193, ""megabyte1"": 9807}",32768,125,0.01,0.003814697265625,60000,15000,16964,15950,15940,108776.73191625507,1.8129455319375845,0.02790408581495285,2.9981136322021484e-05,0.1701371893286705,0.00011111050844192505,108344.37139778023,1.8057395232963371,0.004913434386253357,3.217160701751709e-05,1.3283335864543915,5.6549906730651855e-05,val,,,,,,
HePy,HePy,oracle_max,oracle_max,False,60000,60000,60000,0,0,20000,False,3,125,1,103309.31848542391,103309.31848542391,1.721821974757065,12922,1.7229333333333334,fusion_oracle_max,3,20000,0.4362863823771477,1.8101756870746613,33145.95396923221,33145.95396923221,11048.651323077402,"{""dnagpt2"": 9870, ""megabyte1"": 10130}",32768,125,0.01,0.003814697265625,60000,15000,17069,16102,15984,108853.25247355227,1.8142208745592046,0.02874114364385605,3.326684236526489e-05,0.15577101707458496,9.816139936447144e-05,108861.63242241391,1.8143605403735652,0.004220597445964813,2.8654932975769043e-05,1.0794984996318817,4.111975431442261e-05,val,,,,,,
AeCa,AeCa,oracle_max,oracle_max,False,60000,60000,60000,0,0,20000,False,3,125,1,108262.4276324582,108262.4276324582,1.8043737938743034,13541,1.8054666666666668,fusion_oracle_max,3,20000,0.4611310586333275,2.5605920180678368,23432.081165852655,23432.081165852655,7810.693721950885,"{""dnagpt2"": 9974, ""megabyte1"": 10026}",32768,125,0.01,0.003814697265625,60000,15000,17702,16309,16648,113469.97453421743,1.891166242236957,0.028636738657951355,3.299117088317871e-05,0.15717115253210068,0.00010894984006881714,113383.16217843644,1.8897193696406074,0.004168368875980377,2.9392540454864502e-05,1.7854772135615349,5.383789539337158e-05,val,,,,,,
HaHi,HaHi,oracle_max,oracle_max,False,60000,60000,60000,0,0,20000,False,3,125,1,102594.44910963517,102594.44910963517,1.7099074851605862,12833,1.7110666666666667,fusion_oracle_max,3,20000,0.40550220012664795,1.9749194085597992,30380.98655567658,30380.98655567658,10126.995518558859,"{""dnagpt2"": 9927, ""megabyte1"": 10073}",32768,125,0.01,0.003814697265625,60000,15000,17253,15947,16216,107103.97327955175,1.7850662213258626,0.03175505995750427,3.2082200050354004e-05,0.1554049849510193,0.00011145323514938354,107114.84877066876,1.785247479511146,0.004783406853675842,2.8781592845916748e-05,1.2708434239029884,4.947930574417114e-05,val,,,,,,
AnCa,AnCa,oracle_max,oracle_max,False,60000,60000,60000,0,0,20000,False,3,125,1,96429.73536350008,96429.73536350008,1.6071622560583345,12062,1.6082666666666667,fusion_oracle_max,3,20000,0.39003966748714447,1.8817193731665611,31885.73219556744,31885.73219556744,10628.57739852248,"{""dnagpt2"": 10742, ""megabyte1"": 9258}",32768,125,0.01,0.003814697265625,60000,15000,17523,16321,16352,104397.82582928988,1.739963763821498,0.03122798353433609,3.6150217056274414e-05,0.1569492071866989,0.00010225921869277954,101503.13893696708,1.6917189822827847,0.004792854189872742,3.170222043991089e-05,1.1934573501348495,4.450976848602295e-05,val,,,,,,
WaMe,WaMe,oracle_max,oracle_max,False,60000,60000,60000,0,0,20000,False,3,125,1,112033.69423848245,112033.69423848245,1.8672282373080409,14012,1.8682666666666667,fusion_oracle_max,3,20000,0.42558603733778,2.3975068405270576,25025.99741772159,25025.99741772159,8341.999139240532,"{""dnagpt2"": 10465, ""megabyte1"": 9535}",32768,125,0.01,0.003814697265625,60000,15000,17781,16358,16696,116112.96943246174,1.9352161572076958,0.029056571424007416,3.673136234283447e-05,0.16388782858848572,0.0001714080572128296,115443.3674367409,1.9240561239456817,0.004895202815532684,3.273040056228638e-05,1.655481606721878,5.4523348808288574e-05,val,,,,,,
OrSa,OrSa,geco2_paper_modes,,,60000,60000,,,,60000,False,,,,117888.0,,1.9648,14736,1.9648,geco2_paper_modes,1,60000,,3.696564696729183,16231.2863218895,16231.2863218895,16231.2863218895,,,,,,60000,15000,17607,16481,16400,,,,,,,,,,,,,val,10,/usr/local/bin/GeCo2,"[""/usr/local/bin/GeCo2"", ""-F"", ""-v"", ""-l"", ""10"", ""/tmp/geco2_baseline_ces4mljn/val_1_OrSa.seq""]",0,"Analyzing data and creating models ...
Done!
Compressing target sequence 1 [bases:60000] ...
Done!                          
Total bytes: 14736 (14.4 KB), 1.965 bpb, 1.951 bps w/ no header, Normalized Dissimilarity Rate: 0.9824
Spent 3.59778 sec.
","Force mode ......................... yes
Target model 1:
  [+] Context order ................ 1
  [+] Alpha denominator ............ 1
  [+] Inverted repeats ............. no (only regular)
  [+] Cache-hash size .............. 0
  [+] Gamma ........................ 0.900
  [+] Allowable substitutions ...... 0
Target model 2:
  [+] Context order ................ 3
  [+] Alpha denominator ............ 1
  [+] Inverted repeats ............. no (only regular)
  [+] Cache-hash size .............. 0
  [+] Gamma ........................ 0.900
  [+] Allowable substitutions ...... 0
Target model 3:
  [+] Context order ................ 6
  [+] Alpha denominator ............ 1
  [+] Inverted repeats ............. mix (regular and inverted)
  [+] Cache-hash size .............. 0
  [+] Gamma ........................ 0.820
  [+] Allowable substitutions ...... 0
Target model 4:
  [+] Context order ................ 9
  [+] Alpha denominator ............ 10
  [+] Inverted repeats ............. no (only regular)
  [+] Cache-hash size .............. 0
  [+] Gamma ........................ 0.900
  [+] Allowable substitutions ...... 0
Target model 5:
  [+] Context order ................ 11
  [+] Alpha denominator ............ 10
  [+] Inverted repeats ............. no (only regular)
  [+] Cache-hash size .............. 0
  [+] Gamma ........................ 0.900
  [+] Allowable substitutions ...... 0
Target model 6:
  [+] Context order ................ 13
  [+] Alpha denominator ............ 10
  [+] Inverted repeats ............. mix (regular and inverted)
  [+] Cache-hash size .............. 0
  [+] Gamma ........................ 0.900
  [+] Allowable substitutions ...... 0
Target model 7:
  [+] Context order ................ 17
  [+] Alpha denominator ............ 100
  [+] Inverted repeats ............. mix (regular and inverted)
  [+] Cache-hash size .............. 8
  [+] Gamma ........................ 0.890
  [+] Allowable substitutions ...... 5
  [+] Substitutions alpha den ...... 10
  [+] Substitutions gamma .......... 0.900
Target files (1):
  [+] Filename 1  .................. /tmp/geco2_baseline_ces4mljn/val_1_OrSa.seq
"
HoSa,HoSa,geco2_paper_modes,,,60000,60000,,,,60000,False,,,,113432.0,,1.8905333333333334,14179,1.8905333333333334,geco2_paper_modes,1,60000,,5.077629968523979,11816.536528249902,11816.536528249902,11816.536528249902,,,,,,60000,15000,17118,16105,15924,,,,,,,,,,,,,val,12,/usr/local/bin/GeCo2,"[""/usr/local/bin/GeCo2"", ""-F"", ""-v"", ""-l"", ""12"", ""/tmp/geco2_baseline_p4q3_uxl/val_2_HoSa.seq""]",0,"Analyzing data and creating models ...
Done!
Compressing target sequence 1 [bases:60000] ...
Done!                          
Total bytes: 14179 (13.8 KB), 1.891 bpb, 1.877 bps w/ no header, Normalized Dissimilarity Rate: 0.945267
Spent 4.88247 sec.
","Force mode ......................... yes
Target model 1:
  [+] Context order ................ 1
  [+] Alpha denominator ............ 1
  [+] Inverted repeats ............. no (only regular)
  [+] Cache-hash size .............. 0
  [+] Gamma ........................ 0.900
  [+] Allowable substitutions ...... 0
Target model 2:
  [+] Context order ................ 3
  [+] Alpha denominator ............ 1
  [+] Inverted repeats ............. no (only regular)
  [+] Cache-hash size .............. 0
  [+] Gamma ........................ 0.900
  [+] Allowable substitutions ...... 0
Target model 3:
  [+] Context order ................ 6
  [+] Alpha denominator ............ 1
  [+] Inverted repeats ............. mix (regular and inverted)
  [+] Cache-hash size .............. 0
  [+] Gamma ........................ 0.850
  [+] Allowable substitutions ...... 0
Target model 4:
  [+] Context order ................ 9
  [+] Alpha denominator ............ 10
  [+] Inverted repeats ............. no (only regular)
  [+] Cache-hash size .............. 0
  [+] Gamma ........................ 0.900
  [+] Allowable substitutions ...... 0
Target model 5:
  [+] Context order ................ 11
  [+] Alpha denominator ............ 10
  [+] Inverted repeats ............. no (only regular)
  [+] Cache-hash size .............. 0
  [+] Gamma ........................ 0.900
  [+] Allowable substitutions ...... 0
Target model 6:
  [+] Context order ................ 13
  [+] Alpha denominator ............ 50
  [+] Inverted repeats ............. mix (regular and inverted)
  [+] Cache-hash size .............. 0
  [+] Gamma ........................ 0.900
  [+] Allowable substitutions ...... 0
Target model 7:
  [+] Context order ................ 17
  [+] Alpha denominator ............ 100
  [+] Inverted repeats ............. mix (regular and inverted)
  [+] Cache-hash size .............. 20
  [+] Gamma ........................ 0.900
  [+] Allowable substitutions ...... 3
  [+] Substitutions alpha den ...... 10
  [+] Substitutions gamma .......... 0.900
Target files (1):
  [+] Filename 1  .................. /tmp/geco2_baseline_p4q3_uxl/val_2_HoSa.seq
"
DaRe,DaRe,geco2_paper_modes,,,60000,60000,,,,60000,False,,,,64144.0,,1.0690666666666666,8018,1.0690666666666666,geco2_paper_modes,1,60000,,3.631391651928425,16522.591268319247,16522.591268319247,16522.591268319247,,,,,,60000,15000,10082,11576,8944,,,,,,,,,,,,,val,10,/usr/local/bin/GeCo2,"[""/usr/local/bin/GeCo2"", ""-F"", ""-v"", ""-l"", ""10"", ""/tmp/geco2_baseline_9q8zbhe7/val_3_DaRe.seq""]",0,"Analyzing data and creating models ...
Done!
Compressing target sequence 1 [bases:60000] ...
Done!                          
Total bytes: 8018 (7.8 KB), 1.069 bpb, 1.056 bps w/ no header, Normalized Dissimilarity Rate: 0.534533
Spent 3.5329 sec.
","Force mode ......................... yes
Target model 1:
  [+] Context order ................ 1
  [+] Alpha denominator ............ 1
  [+] Inverted repeats ............. no (only regular)
  [+] Cache-hash size .............. 0
  [+] Gamma ........................ 0.900
  [+] Allowable substitutions ...... 0
Target model 2:
  [+] Context order ................ 3
  [+] Alpha denominator ............ 1
  [+] Inverted repeats ............. no (only regular)
  [+] Cache-hash size .............. 0
  [+] Gamma ........................ 0.900
  [+] Allowable substitutions ...... 0
Target model 3:
  [+] Context order ................ 6
  [+] Alpha denominator ............ 1
  [+] Inverted repeats ............. mix (regular and inverted)
  [+] Cache-hash size .............. 0
  [+] Gamma ........................ 0.820
  [+] Allowable substitutions ...... 0
Target model 4:
  [+] Context order ................ 9
  [+] Alpha denominator ............ 10
  [+] Inverted repeats ............. no (only regular)
  [+] Cache-hash size .............. 0
  [+] Gamma ........................ 0.900
  [+] Allowable substitutions ...... 0
Target model 5:
  [+] Context order ................ 11
  [+] Alpha denominator ............ 10
  [+] Inverted repeats ............. no (only regular)
  [+] Cache-hash size .............. 0
  [+] Gamma ........................ 0.900
  [+] Allowable substitutions ...... 0
Target model 6:
  [+] Context order ................ 13
  [+] Alpha denominator ............ 10
  [+] Inverted repeats ............. mix (regular and inverted)
  [+] Cache-hash size .............. 0
  [+] Gamma ........................ 0.900
  [+] Allowable substitutions ...... 0
Target model 7:
  [+] Context order ................ 17
  [+] Alpha denominator ............ 100
  [+] Inverted repeats ............. mix (regular and inverted)
  [+] Cache-hash size .............. 8
  [+] Gamma ........................ 0.890
  [+] Allowable substitutions ...... 5
  [+] Substitutions alpha den ...... 10
  [+] Substitutions gamma .......... 0.900
Target files (1):
  [+] Filename 1  .................. /tmp/geco2_baseline_9q8zbhe7/val_3_DaRe.seq
"
ScPo,ScPo,geco2_paper_modes,,,60000,60000,,,,60000,False,,,,119448.0,,1.9908,14931,1.9908,geco2_paper_modes,1,60000,,2.954261116683483,20309.646855914107,20309.646855914107,20309.646855914107,,,,,,60000,15000,17884,16418,16756,,,,,,,,,,,,,val,8,/usr/local/bin/GeCo2,"[""/usr/local/bin/GeCo2"", ""-F"", ""-v"", ""-l"", ""8"", ""/tmp/geco2_baseline_to8i9n05/val_4_ScPo.seq""]",0,"Analyzing data and creating models ...
Done!
Compressing target sequence 1 [bases:60000] ...
Done!                          
Total bytes: 14931 (14.6 KB), 1.991 bpb, 1.981 bps w/ no header, Normalized Dissimilarity Rate: 0.9954
Spent 2.88415 sec.
","Force mode ......................... yes
Target model 1:
  [+] Context order ................ 4
  [+] Alpha denominator ............ 1
  [+] Inverted repeats ............. mix (regular and inverted)
  [+] Cache-hash size .............. 0
  [+] Gamma ........................ 0.900
  [+] Allowable substitutions ...... 0
Target model 2:
  [+] Context order ................ 6
  [+] Alpha denominator ............ 1
  [+] Inverted repeats ............. mix (regular and inverted)
  [+] Cache-hash size .............. 0
  [+] Gamma ........................ 0.800
  [+] Allowable substitutions ...... 0
Target model 3:
  [+] Context order ................ 13
  [+] Alpha denominator ............ 10
  [+] Inverted repeats ............. mix (regular and inverted)
  [+] Cache-hash size .............. 0
  [+] Gamma ........................ 0.950
  [+] Allowable substitutions ...... 1
  [+] Substitutions alpha den ...... 20
  [+] Substitutions gamma .......... 0.940
Target model 4:
  [+] Context order ................ 16
  [+] Alpha denominator ............ 100
  [+] Inverted repeats ............. mix (regular and inverted)
  [+] Cache-hash size .............. 5
  [+] Gamma ........................ 0.950
  [+] Allowable substitutions ...... 3
  [+] Substitutions alpha den ...... 15
  [+] Substitutions gamma .......... 0.950
Target files (1):
  [+] Filename 1  .................. /tmp/geco2_baseline_to8i9n05/val_4_ScPo.seq
"
EsCo,EsCo,geco2_paper_modes,,,60000,60000,,,,60000,False,,,,117360.0,,1.956,14670,1.956,geco2_paper_modes,1,60000,,0.2069288268685341,289954.7680619635,289954.7680619635,289954.7680619635,,,,,,60000,15000,17640,16281,16536,,,,,,,,,,,,,val,6,/usr/local/bin/GeCo2,"[""/usr/local/bin/GeCo2"", ""-F"", ""-v"", ""-l"", ""6"", ""/tmp/geco2_baseline_wrtv_nvc/val_5_EsCo.seq""]",0,"Analyzing data and creating models ...
Done!
Compressing target sequence 1 [bases:60000] ...
Done!                          
Total bytes: 14670 (14.3 KB), 1.956 bpb, 1.949 bps w/ no header, Normalized Dissimilarity Rate: 0.978
Spent 0.205075 sec.
","Force mode ......................... yes
Target model 1:
  [+] Context order ................ 4
  [+] Alpha denominator ............ 1
  [+] Inverted repeats ............. no (only regular)
  [+] Cache-hash size .............. 0
  [+] Gamma ........................ 0.880
  [+] Allowable substitutions ...... 0
Target model 2:
  [+] Context order ................ 6
  [+] Alpha denominator ............ 1
  [+] Inverted repeats ............. mix (regular and inverted)
  [+] Cache-hash size .............. 0
  [+] Gamma ........................ 0.760
  [+] Allowable substitutions ...... 0
Target model 3:
  [+] Context order ................ 13
  [+] Alpha denominator ............ 50
  [+] Inverted repeats ............. mix (regular and inverted)
  [+] Cache-hash size .............. 1
  [+] Gamma ........................ 0.950
  [+] Allowable substitutions ...... 2
  [+] Substitutions alpha den ...... 15
  [+] Substitutions gamma .......... 0.950
Target files (1):
  [+] Filename 1  .................. /tmp/geco2_baseline_wrtv_nvc/val_5_EsCo.seq
"
YeMi,YeMi,geco2_paper_modes,,,14737,14737,,,,14737,False,,,,27528.0,,1.86795141480627,3441,1.86795141480627,geco2_paper_modes,1,14737,,0.06433094292879105,229081.05072099785,229081.05072099785,229081.05072099785,,,,,,14737,3685,4301,3989,4140,,,,,,,,,,,,,val,3,/usr/local/bin/GeCo2,"[""/usr/local/bin/GeCo2"", ""-F"", ""-v"", ""-l"", ""3"", ""/tmp/geco2_baseline_e0hrj2fr/val_6_YeMi.seq""]",0,"Analyzing data and creating models ...
Done!
Compressing target sequence 1 [bases:14737] ...
Done!                          
Total bytes: 3441 (3.4 KB), 1.868 bpb, 1.838 bps w/ no header, Normalized Dissimilarity Rate: 0.933976
Spent 0.062263 sec.
","Force mode ......................... yes
Target model 1:
  [+] Context order ................ 3
  [+] Alpha denominator ............ 1
  [+] Inverted repeats ............. no (only regular)
  [+] Cache-hash size .............. 0
  [+] Gamma ........................ 0.800
  [+] Allowable substitutions ...... 0
Target model 2:
  [+] Context order ................ 4
  [+] Alpha denominator ............ 1
  [+] Inverted repeats ............. mix (regular and inverted)
  [+] Cache-hash size .............. 0
  [+] Gamma ........................ 0.840
  [+] Allowable substitutions ...... 0
Target model 3:
  [+] Context order ................ 12
  [+] Alpha denominator ............ 50
  [+] Inverted repeats ............. mix (regular and inverted)
  [+] Cache-hash size .............. 1
  [+] Gamma ........................ 0.940
  [+] Allowable substitutions ...... 2
  [+] Substitutions alpha den ...... 15
  [+] Substitutions gamma .......... 0.950
Target files (1):
  [+] Filename 1  .................. /tmp/geco2_baseline_e0hrj2fr/val_6_YeMi.seq
"
BuEb,BuEb,geco2_paper_modes,,,3788,3788,,,,3788,False,,,,7808.0,,2.061246040126716,976,2.061246040126716,geco2_paper_modes,1,3788,,0.03270908445119858,115808.80552164749,115808.80552164749,115808.80552164749,,,,,,3788,947,1245,1104,1312,,,,,,,,,,,,,val,1,/usr/local/bin/GeCo2,"[""/usr/local/bin/GeCo2"", ""-F"", ""-v"", ""-l"", ""1"", ""/tmp/geco2_baseline_baay_lrc/val_7_BuEb.seq""]",0,"Analyzing data and creating models ...
Done!
Compressing target sequence 1 [bases:3788] ...
Done!                          
Total bytes: 976 (976 B), 2.061 bpb, 1.979 bps w/ no header, Normalized Dissimilarity Rate: 1.03062
Spent 0.030665 sec.
","Force mode ......................... yes
Target model 1:
  [+] Context order ................ 1
  [+] Alpha denominator ............ 1
  [+] Inverted repeats ............. no (only regular)
  [+] Cache-hash size .............. 0
  [+] Gamma ........................ 0.700
  [+] Allowable substitutions ...... 0
Target model 2:
  [+] Context order ................ 12
  [+] Alpha denominator ............ 20
  [+] Inverted repeats ............. mix (regular and inverted)
  [+] Cache-hash size .............. 1
  [+] Gamma ........................ 0.970
  [+] Allowable substitutions ...... 0
Target files (1):
  [+] Filename 1  .................. /tmp/geco2_baseline_baay_lrc/val_7_BuEb.seq
"
AgPh,AgPh,geco2_paper_modes,,,8794,8794,,,,8794,False,,,,17560.0,,1.996816010916534,2195,1.996816010916534,geco2_paper_modes,1,8794,,0.027571730315685272,318949.87725877995,318949.87725877995,318949.87725877995,,,,,,8794,2199,2737,2486,2688,,,,,,,,,,,,,val,2,/usr/local/bin/GeCo2,"[""/usr/local/bin/GeCo2"", ""-F"", ""-v"", ""-l"", ""2"", ""/tmp/geco2_baseline_ml0k2w8c/val_8_AgPh.seq""]",0,"Analyzing data and creating models ...
Done!
Compressing target sequence 1 [bases:8794] ...
Done!                          
Total bytes: 2195 (2.1 KB), 1.997 bpb, 1.951 bps w/ no header, Normalized Dissimilarity Rate: 0.998408
Spent 0.025773 sec.
","Force mode ......................... yes
Target model 1:
  [+] Context order ................ 2
  [+] Alpha denominator ............ 1
  [+] Inverted repeats ............. no (only regular)
  [+] Cache-hash size .............. 0
  [+] Gamma ........................ 0.780
  [+] Allowable substitutions ...... 0
Target model 2:
  [+] Context order ................ 4
  [+] Alpha denominator ............ 1
  [+] Inverted repeats ............. mix (regular and inverted)
  [+] Cache-hash size .............. 0
  [+] Gamma ........................ 0.780
  [+] Allowable substitutions ...... 0
Target model 3:
  [+] Context order ................ 11
  [+] Alpha denominator ............ 80
  [+] Inverted repeats ............. mix (regular and inverted)
  [+] Cache-hash size .............. 1
  [+] Gamma ........................ 0.960
  [+] Allowable substitutions ...... 0
Target files (1):
  [+] Filename 1  .................. /tmp/geco2_baseline_ml0k2w8c/val_8_AgPh.seq
"
GaGa,GaGa,geco2_paper_modes,,,60000,60000,,,,60000,False,,,,117184.0,,1.9530666666666667,14648,1.9530666666666667,geco2_paper_modes,1,60000,,4.691655091941357,12788.663877500134,12788.663877500134,12788.663877500134,,,,,,60000,15000,17534,16325,16420,,,,,,,,,,,,,val,11,/usr/local/bin/GeCo2,"[""/usr/local/bin/GeCo2"", ""-F"", ""-v"", ""-l"", ""11"", ""/tmp/geco2_baseline_0ct5_pc9/val_9_GaGa.seq""]",0,"Analyzing data and creating models ...
Done!
Compressing target sequence 1 [bases:60000] ...
Done!                          
Total bytes: 14648 (14.3 KB), 1.953 bpb, 1.943 bps w/ no header, Normalized Dissimilarity Rate: 0.976533
Spent 4.53061 sec.
","Force mode ......................... yes
Target model 1:
  [+] Context order ................ 4
  [+] Alpha denominator ............ 1
  [+] Inverted repeats ............. mix (regular and inverted)
  [+] Cache-hash size .............. 0
  [+] Gamma ........................ 0.910
  [+] Allowable substitutions ...... 0
Target model 2:
  [+] Context order ................ 6
  [+] Alpha denominator ............ 1
  [+] Inverted repeats ............. mix (regular and inverted)
  [+] Cache-hash size .............. 0
  [+] Gamma ........................ 0.820
  [+] Allowable substitutions ...... 0
Target model 3:
  [+] Context order ................ 13
  [+] Alpha denominator ............ 10
  [+] Inverted repeats ............. mix (regular and inverted)
  [+] Cache-hash size .............. 0
  [+] Gamma ........................ 0.950
  [+] Allowable substitutions ...... 1
  [+] Substitutions alpha den ...... 20
  [+] Substitutions gamma .......... 0.940
Target model 4:
  [+] Context order ................ 17
  [+] Alpha denominator ............ 100
  [+] Inverted repeats ............. mix (regular and inverted)
  [+] Cache-hash size .............. 15
  [+] Gamma ........................ 0.950
  [+] Allowable substitutions ...... 3
  [+] Substitutions alpha den ...... 15
  [+] Substitutions gamma .......... 0.950
Target files (1):
  [+] Filename 1  .................. /tmp/geco2_baseline_0ct5_pc9/val_9_GaGa.seq
"
DrMe,DrMe,geco2_paper_modes,,,60000,60000,,,,60000,False,,,,118560.0,,1.976,14820,1.976,geco2_paper_modes,1,60000,,4.673527218401432,12838.269083735613,12838.269083735613,12838.269083735613,,,,,,60000,15000,17705,16452,16524,,,,,,,,,,,,,val,10,/usr/local/bin/GeCo2,"[""/usr/local/bin/GeCo2"", ""-F"", ""-v"", ""-l"", ""10"", ""/tmp/geco2_baseline_wdfpp6tu/val_10_DrMe.seq""]",0,"Analyzing data and creating models ...
Done!
Compressing target sequence 1 [bases:60000] ...
Done!                          
Total bytes: 14820 (14.5 KB), 1.976 bpb, 1.963 bps w/ no header, Normalized Dissimilarity Rate: 0.988
Spent 4.57195 sec.
","Force mode ......................... yes
Target model 1:
  [+] Context order ................ 1
  [+] Alpha denominator ............ 1
  [+] Inverted repeats ............. no (only regular)
  [+] Cache-hash size .............. 0
  [+] Gamma ........................ 0.900
  [+] Allowable substitutions ...... 0
Target model 2:
  [+] Context order ................ 3
  [+] Alpha denominator ............ 1
  [+] Inverted repeats ............. no (only regular)
  [+] Cache-hash size .............. 0
  [+] Gamma ........................ 0.900
  [+] Allowable substitutions ...... 0
Target model 3:
  [+] Context order ................ 6
  [+] Alpha denominator ............ 1
  [+] Inverted repeats ............. mix (regular and inverted)
  [+] Cache-hash size .............. 0
  [+] Gamma ........................ 0.820
  [+] Allowable substitutions ...... 0
Target model 4:
  [+] Context order ................ 9
  [+] Alpha denominator ............ 10
  [+] Inverted repeats ............. no (only regular)
  [+] Cache-hash size .............. 0
  [+] Gamma ........................ 0.900
  [+] Allowable substitutions ...... 0
Target model 5:
  [+] Context order ................ 11
  [+] Alpha denominator ............ 10
  [+] Inverted repeats ............. no (only regular)
  [+] Cache-hash size .............. 0
  [+] Gamma ........................ 0.900
  [+] Allowable substitutions ...... 0
Target model 6:
  [+] Context order ................ 13
  [+] Alpha denominator ............ 10
  [+] Inverted repeats ............. mix (regular and inverted)
  [+] Cache-hash size .............. 0
  [+] Gamma ........................ 0.900
  [+] Allowable substitutions ...... 0
Target model 7:
  [+] Context order ................ 17
  [+] Alpha denominator ............ 100
  [+] Inverted repeats ............. mix (regular and inverted)
  [+] Cache-hash size .............. 8
  [+] Gamma ........................ 0.890
  [+] Allowable substitutions ...... 5
  [+] Substitutions alpha den ...... 10
  [+] Substitutions gamma .......... 0.900
Target files (1):
  [+] Filename 1  .................. /tmp/geco2_baseline_wdfpp6tu/val_10_DrMe.seq
"
EnIn,EnIn,geco2_paper_modes,,,60000,60000,,,,60000,False,,,,117536.0,,1.9589333333333334,14692,1.9589333333333334,geco2_paper_modes,1,60000,,3.9763661548495293,15089.153680383459,15089.153680383459,15089.153680383459,,,,,,60000,15000,17543,16349,16496,,,,,,,,,,,,,val,9,/usr/local/bin/GeCo2,"[""/usr/local/bin/GeCo2"", ""-F"", ""-v"", ""-l"", ""9"", ""/tmp/geco2_baseline_d4k6cssy/val_11_EnIn.seq""]",0,"Analyzing data and creating models ...
Done!
Compressing target sequence 1 [bases:60000] ...
Done!                          
Total bytes: 14692 (14.3 KB), 1.959 bpb, 1.949 bps w/ no header, Normalized Dissimilarity Rate: 0.979467
Spent 3.87554 sec.
","Force mode ......................... yes
Target model 1:
  [+] Context order ................ 4
  [+] Alpha denominator ............ 1
  [+] Inverted repeats ............. mix (regular and inverted)
  [+] Cache-hash size .............. 0
  [+] Gamma ........................ 0.910
  [+] Allowable substitutions ...... 0
Target model 2:
  [+] Context order ................ 6
  [+] Alpha denominator ............ 1
  [+] Inverted repeats ............. mix (regular and inverted)
  [+] Cache-hash size .............. 0
  [+] Gamma ........................ 0.820
  [+] Allowable substitutions ...... 0
Target model 3:
  [+] Context order ................ 13
  [+] Alpha denominator ............ 10
  [+] Inverted repeats ............. mix (regular and inverted)
  [+] Cache-hash size .............. 0
  [+] Gamma ........................ 0.950
  [+] Allowable substitutions ...... 1
  [+] Substitutions alpha den ...... 20
  [+] Substitutions gamma .......... 0.940
Target model 4:
  [+] Context order ................ 17
  [+] Alpha denominator ............ 100
  [+] Inverted repeats ............. mix (regular and inverted)
  [+] Cache-hash size .............. 8
  [+] Gamma ........................ 0.950
  [+] Allowable substitutions ...... 3
  [+] Substitutions alpha den ...... 15
  [+] Substitutions gamma .......... 0.950
Target files (1):
  [+] Filename 1  .................. /tmp/geco2_baseline_d4k6cssy/val_11_EnIn.seq
"
PlFa,PlFa,geco2_paper_modes,,,60000,60000,,,,60000,False,,,,112632.0,,1.8772,14079,1.8772,geco2_paper_modes,1,60000,,2.9165604040026665,20572.17807581027,20572.17807581027,20572.17807581027,,,,,,60000,15000,16964,15950,15940,,,,,,,,,,,,,val,7,/usr/local/bin/GeCo2,"[""/usr/local/bin/GeCo2"", ""-F"", ""-v"", ""-l"", ""7"", ""/tmp/geco2_baseline_kplkzns0/val_12_PlFa.seq""]",0,"Analyzing data and creating models ...
Done!
Compressing target sequence 1 [bases:60000] ...
Done!                          
Total bytes: 14079 (13.7 KB), 1.877 bpb, 1.866 bps w/ no header, Normalized Dissimilarity Rate: 0.9386
Spent 2.84956 sec.
","Force mode ......................... yes
Target model 1:
  [+] Context order ................ 4
  [+] Alpha denominator ............ 1
  [+] Inverted repeats ............. mix (regular and inverted)
  [+] Cache-hash size .............. 0
  [+] Gamma ........................ 0.900
  [+] Allowable substitutions ...... 0
Target model 2:
  [+] Context order ................ 6
  [+] Alpha denominator ............ 1
  [+] Inverted repeats ............. mix (regular and inverted)
  [+] Cache-hash size .............. 0
  [+] Gamma ........................ 0.790
  [+] Allowable substitutions ...... 0
Target model 3:
  [+] Context order ................ 8
  [+] Alpha denominator ............ 1
  [+] Inverted repeats ............. mix (regular and inverted)
  [+] Cache-hash size .............. 0
  [+] Gamma ........................ 0.910
  [+] Allowable substitutions ...... 0
Target model 4:
  [+] Context order ................ 13
  [+] Alpha denominator ............ 10
  [+] Inverted repeats ............. mix (regular and inverted)
  [+] Cache-hash size .............. 0
  [+] Gamma ........................ 0.940
  [+] Allowable substitutions ...... 1
  [+] Substitutions alpha den ...... 20
  [+] Substitutions gamma .......... 0.940
Target model 5:
  [+] Context order ................ 16
  [+] Alpha denominator ............ 200
  [+] Inverted repeats ............. mix (regular and inverted)
  [+] Cache-hash size .............. 5
  [+] Gamma ........................ 0.950
  [+] Allowable substitutions ...... 4
  [+] Substitutions alpha den ...... 15
  [+] Substitutions gamma .......... 0.950
Target files (1):
  [+] Filename 1  .................. /tmp/geco2_baseline_kplkzns0/val_12_PlFa.seq
"
HePy,HePy,geco2_paper_modes,,,60000,60000,,,,60000,False,,,,112072.0,,1.8678666666666666,14009,1.8678666666666666,geco2_paper_modes,1,60000,,0.2943548336625099,203835.6199334321,203835.6199334321,203835.6199334321,,,,,,60000,15000,17069,16102,15984,,,,,,,,,,,,,val,4,/usr/local/bin/GeCo2,"[""/usr/local/bin/GeCo2"", ""-F"", ""-v"", ""-l"", ""4"", ""/tmp/geco2_baseline_4cofeyv_/val_13_HePy.seq""]",0,"Analyzing data and creating models ...
Done!
Compressing target sequence 1 [bases:60000] ...
Done!                          
Total bytes: 14009 (13.7 KB), 1.868 bpb, 1.86 bps w/ no header, Normalized Dissimilarity Rate: 0.933933
Spent 0.291986 sec.
","Force mode ......................... yes
Target model 1:
  [+] Context order ................ 4
  [+] Alpha denominator ............ 1
  [+] Inverted repeats ............. no (only regular)
  [+] Cache-hash size .............. 0
  [+] Gamma ........................ 0.800
  [+] Allowable substitutions ...... 0
Target model 2:
  [+] Context order ................ 6
  [+] Alpha denominator ............ 1
  [+] Inverted repeats ............. mix (regular and inverted)
  [+] Cache-hash size .............. 0
  [+] Gamma ........................ 0.840
  [+] Allowable substitutions ...... 0
Target model 3:
  [+] Context order ................ 13
  [+] Alpha denominator ............ 50
  [+] Inverted repeats ............. mix (regular and inverted)
  [+] Cache-hash size .............. 1
  [+] Gamma ........................ 0.940
  [+] Allowable substitutions ...... 2
  [+] Substitutions alpha den ...... 15
  [+] Substitutions gamma .......... 0.950
Target files (1):
  [+] Filename 1  .................. /tmp/geco2_baseline_4cofeyv_/val_13_HePy.seq
"
AeCa,AeCa,geco2_paper_modes,,,60000,60000,,,,60000,False,,,,118016.0,,1.9669333333333334,14752,1.9669333333333334,geco2_paper_modes,1,60000,,0.20859680324792862,287636.2392221646,287636.2392221646,287636.2392221646,,,,,,60000,15000,17702,16309,16648,,,,,,,,,,,,,val,5,/usr/local/bin/GeCo2,"[""/usr/local/bin/GeCo2"", ""-F"", ""-v"", ""-l"", ""5"", ""/tmp/geco2_baseline_ytwdbjqg/val_14_AeCa.seq""]",0,"Analyzing data and creating models ...
Done!
Compressing target sequence 1 [bases:60000] ...
Done!                          
Total bytes: 14752 (14.4 KB), 1.967 bpb, 1.959 bps w/ no header, Normalized Dissimilarity Rate: 0.983467
Spent 0.206567 sec.
","Force mode ......................... yes
Target model 1:
  [+] Context order ................ 4
  [+] Alpha denominator ............ 1
  [+] Inverted repeats ............. no (only regular)
  [+] Cache-hash size .............. 0
  [+] Gamma ........................ 0.820
  [+] Allowable substitutions ...... 0
Target model 2:
  [+] Context order ................ 6
  [+] Alpha denominator ............ 1
  [+] Inverted repeats ............. mix (regular and inverted)
  [+] Cache-hash size .............. 0
  [+] Gamma ........................ 0.720
  [+] Allowable substitutions ...... 0
Target model 3:
  [+] Context order ................ 13
  [+] Alpha denominator ............ 50
  [+] Inverted repeats ............. mix (regular and inverted)
  [+] Cache-hash size .............. 1
  [+] Gamma ........................ 0.950
  [+] Allowable substitutions ...... 2
  [+] Substitutions alpha den ...... 15
  [+] Substitutions gamma .......... 0.950
Target files (1):
  [+] Filename 1  .................. /tmp/geco2_baseline_ytwdbjqg/val_14_AeCa.seq
"
HaHi,HaHi,geco2_paper_modes,,,60000,60000,,,,60000,False,,,,113664.0,,1.8944,14208,1.8944,geco2_paper_modes,1,60000,,0.2982133775949478,201198.2174773386,201198.2174773386,201198.2174773386,,,,,,60000,15000,17253,15947,16216,,,,,,,,,,,,,val,5,/usr/local/bin/GeCo2,"[""/usr/local/bin/GeCo2"", ""-F"", ""-v"", ""-l"", ""5"", ""/tmp/geco2_baseline_9yabct7h/val_15_HaHi.seq""]",0,"Analyzing data and creating models ...
Done!
Compressing target sequence 1 [bases:60000] ...
Done!                          
Total bytes: 14208 (13.9 KB), 1.894 bpb, 1.887 bps w/ no header, Normalized Dissimilarity Rate: 0.9472
Spent 0.296203 sec.
","Force mode ......................... yes
Target model 1:
  [+] Context order ................ 4
  [+] Alpha denominator ............ 1
  [+] Inverted repeats ............. no (only regular)
  [+] Cache-hash size .............. 0
  [+] Gamma ........................ 0.820
  [+] Allowable substitutions ...... 0
Target model 2:
  [+] Context order ................ 6
  [+] Alpha denominator ............ 1
  [+] Inverted repeats ............. mix (regular and inverted)
  [+] Cache-hash size .............. 0
  [+] Gamma ........................ 0.720
  [+] Allowable substitutions ...... 0
Target model 3:
  [+] Context order ................ 13
  [+] Alpha denominator ............ 50
  [+] Inverted repeats ............. mix (regular and inverted)
  [+] Cache-hash size .............. 1
  [+] Gamma ........................ 0.950
  [+] Allowable substitutions ...... 2
  [+] Substitutions alpha den ...... 15
  [+] Substitutions gamma .......... 0.950
Target files (1):
  [+] Filename 1  .................. /tmp/geco2_baseline_9yabct7h/val_15_HaHi.seq
"
AnCa,AnCa,geco2_paper_modes,,,60000,60000,,,,60000,False,,,,115552.0,,1.9258666666666666,14444,1.9258666666666666,geco2_paper_modes,1,60000,,0.3379039093852043,177565.27324340923,177565.27324340923,177565.27324340923,,,,,,60000,15000,17523,16321,16352,,,,,,,,,,,,,val,5,/usr/local/bin/GeCo2,"[""/usr/local/bin/GeCo2"", ""-F"", ""-v"", ""-l"", ""5"", ""/tmp/geco2_baseline_gulh2p0r/val_16_AnCa.seq""]",0,"Analyzing data and creating models ...
Done!
Compressing target sequence 1 [bases:60000] ...
Done!                          
Total bytes: 14444 (14.1 KB), 1.926 bpb, 1.918 bps w/ no header, Normalized Dissimilarity Rate: 0.962933
Spent 0.336405 sec.
","Force mode ......................... yes
Target model 1:
  [+] Context order ................ 4
  [+] Alpha denominator ............ 1
  [+] Inverted repeats ............. no (only regular)
  [+] Cache-hash size .............. 0
  [+] Gamma ........................ 0.820
  [+] Allowable substitutions ...... 0
Target model 2:
  [+] Context order ................ 6
  [+] Alpha denominator ............ 1
  [+] Inverted repeats ............. mix (regular and inverted)
  [+] Cache-hash size .............. 0
  [+] Gamma ........................ 0.720
  [+] Allowable substitutions ...... 0
Target model 3:
  [+] Context order ................ 13
  [+] Alpha denominator ............ 50
  [+] Inverted repeats ............. mix (regular and inverted)
  [+] Cache-hash size .............. 1
  [+] Gamma ........................ 0.950
  [+] Allowable substitutions ...... 2
  [+] Substitutions alpha den ...... 15
  [+] Substitutions gamma .......... 0.950
Target files (1):
  [+] Filename 1  .................. /tmp/geco2_baseline_gulh2p0r/val_16_AnCa.seq
"
WaMe,WaMe,geco2_paper_modes,,,60000,60000,,,,60000,False,,,,119296.0,,1.9882666666666666,14912,1.9882666666666666,geco2_paper_modes,1,60000,,0.35764697194099426,167763.19864913882,167763.19864913882,167763.19864913882,,,,,,60000,15000,17781,16358,16696,,,,,,,,,,,,,val,5,/usr/local/bin/GeCo2,"[""/usr/local/bin/GeCo2"", ""-F"", ""-v"", ""-l"", ""5"", ""/tmp/geco2_baseline_d0xr79a_/val_17_WaMe.seq""]",0,"Analyzing data and creating models ...
Done!
Compressing target sequence 1 [bases:60000] ...
Done!                          
Total bytes: 14912 (14.6 KB), 1.988 bpb, 1.981 bps w/ no header, Normalized Dissimilarity Rate: 0.994133
Spent 0.355276 sec.
","Force mode ......................... yes
Target model 1:
  [+] Context order ................ 4
  [+] Alpha denominator ............ 1
  [+] Inverted repeats ............. no (only regular)
  [+] Cache-hash size .............. 0
  [+] Gamma ........................ 0.820
  [+] Allowable substitutions ...... 0
Target model 2:
  [+] Context order ................ 6
  [+] Alpha denominator ............ 1
  [+] Inverted repeats ............. mix (regular and inverted)
  [+] Cache-hash size .............. 0
  [+] Gamma ........................ 0.720
  [+] Allowable substitutions ...... 0
Target model 3:
  [+] Context order ................ 13
  [+] Alpha denominator ............ 50
  [+] Inverted repeats ............. mix (regular and inverted)
  [+] Cache-hash size .............. 1
  [+] Gamma ........................ 0.950
  [+] Allowable substitutions ...... 2
  [+] Substitutions alpha den ...... 15
  [+] Substitutions gamma .......... 0.950
Target files (1):
  [+] Filename 1  .................. /tmp/geco2_baseline_d0xr79a_/val_17_WaMe.seq
"
OrSa,OrSa,static_context,static_context,True,60000,60000,60000,0,0,20000,False,3,125,1,110580.68395865214,110580.68395865214,1.843011399310869,13829,1.8438666666666668,fusion_static_context,3,20000,0.3583107069134712,2.101068787276745,28556.894644923887,28556.894644923887,9518.964881641296,"{""dnagpt2"": 19715, ""megabyte1"": 285}",32768,125,0.01,0.003814697265625,60000,15000,17750,16480,16556,112334.79491715413,1.8722465819525687,0.028631508350372314,3.4362077713012695e-05,0.15446016192436218,0.00010655075311660767,110559.26627048421,1.8426544378414034,0.0050263553857803345,3.324449062347412e-05,1.4491568952798843,5.892664194107056e-05,test,,,,,,
HoSa,HoSa,static_context,static_context,True,60000,60000,60000,0,0,20000,False,3,125,1,98952.22626013905,98952.22626013905,1.6492037710023175,12375,1.65,fusion_static_context,3,20000,0.35610510408878326,1.9290795847773552,31102.91585348196,31102.91585348196,10367.63861782732,"{""dnagpt2"": 19694, ""megabyte1"": 306}",32768,125,0.01,0.003814697265625,60000,15000,17321,16193,16188,101975.10186283654,1.6995850310472758,0.026220127940177917,2.9921531677246094e-05,0.1557556390762329,0.00010495632886886597,98907.41025674154,1.648456837612359,0.004448451101779938,3.1247735023498535e-05,1.286160558462143,4.78401780128479e-05,test,,,,,,
DaRe,DaRe,static_context,static_context,True,60000,60000,60000,0,0,20000,False,3,125,1,101828.80451528929,101828.80451528929,1.697146741921488,12734,1.6978666666666666,fusion_static_context,3,20000,0.3658142387866974,1.7448364347219467,34387.17739153669,34387.17739153669,11462.392463845561,"{""dnagpt2"": 19762, ""megabyte1"": 238}",32768,125,0.01,0.003814697265625,60000,15000,17295,16196,16160,98594.68648060125,1.6432447746766874,0.02704264223575592,3.359466791152954e-05,0.1698991134762764,0.0001069679856300354,101867.10233924598,1.697785038987433,0.0048799067735672,3.068894147872925e-05,1.0651363655924797,4.5746564865112305e-05,test,,,,,,
ScPo,ScPo,static_context,static_context,True,60000,60000,60000,0,0,20000,False,3,125,1,114614.98862508684,114614.98862508684,1.910249810418114,14334,1.9112,fusion_static_context,3,20000,0.38039449602365494,1.9495523497462273,30776.2959059859,30776.2959059859,10258.7653019953,"{""dnagpt2"": 19777, ""megabyte1"": 223}",32768,125,0.01,0.003814697265625,60000,15000,15615,16025,14540,116120.00652160733,1.9353334420267887,0.028788797557353973,3.4905970096588135e-05,0.15798283368349075,0.00011193007230758667,114603.02574373808,1.9100504290623013,0.004734978079795837,3.0137598514556885e-05,1.269622080028057,4.232674837112427e-05,test,,,,,,
EsCo,EsCo,static_context,static_context,True,60000,60000,60000,0,0,20000,False,3,125,1,112999.34590110864,112999.34590110864,1.883322431685144,14132,1.8842666666666668,fusion_static_context,3,20000,0.3724187910556793,2.256016470491886,26595.550513386996,26595.550513386996,8865.183504462331,"{""dnagpt2"": 19629, ""megabyte1"": 371}",32768,125,0.01,0.003814697265625,60000,15000,17676,16357,16472,113761.88369752627,1.896031394958771,0.02721228450536728,3.377348184585571e-05,0.1633681282401085,0.00011229515075683594,112981.73977977561,1.8830289963295936,0.005039431154727936,3.4086406230926514e-05,1.5570799335837364,5.2928924560546875e-05,test,,,,,,
YeMi,YeMi,static_context,static_context,True,14739,14739,14736,3,17,4912,False,3,125,1,26467.632137557823,26450.632137557823,1.7957549452173025,3311,1.7966619173621006,fusion_static_context,3,4912,0.09127320349216461,0.4510486051440239,32677.187850506052,32677.187850506052,10890.17889420488,"{""dnagpt2"": 4894, ""megabyte1"": 18}",32768,125,0.01,0.003814697265625,14739,3685,4285,3974,4104,26994.480027116617,1.8318729660095423,0.027968168258666992,3.318488597869873e-05,0.030611008405685425,8.986145257949829e-05,26446.9907470774,1.794719784682234,0.004978656768798828,3.0279159545898438e-05,0.2651599496603012,3.436952829360962e-05,test,,,,,,
BuEb,BuEb,static_context,static_context,True,3788,3788,3786,2,14,1262,False,3,125,1,7368.563798014595,7354.563798014595,1.9452385950408118,922,1.946673706441394,fusion_static_context,3,1262,0.0251813605427742,0.14647073298692703,25861.821831246594,25861.821831246594,8616.055742089018,"{""dnagpt2"": 1251, ""megabyte1"": 11}",32768,125,0.01,0.003814697265625,3788,947,1244,1114,1300,7416.8428689788125,1.9590181904328612,0.028831206262111664,3.411620855331421e-05,0.0056939274072647095,8.963793516159058e-05,7351.228557002945,1.9416874160071171,0.0053343698382377625,3.235042095184326e-05,0.07049771398305893,3.5703182220458984e-05,test,,,,,,
AgPh,AgPh,static_context,static_context,True,8794,8794,8790,4,20,2930,False,3,125,1,16978.331334055576,16958.331334055576,1.9306722008250599,2124,1.9317716624971573,fusion_static_context,3,2930,0.053633175790309906,0.2915029153227806,30167.794343539997,30167.794343539997,10051.357451281805,"{""dnagpt2"": 2880, ""megabyte1"": 50}",32768,125,0.01,0.003814697265625,8794,2199,2758,2486,2684,17171.09810178662,1.9534810127174769,0.030439138412475586,3.0294060707092285e-05,0.013067714869976044,5.3688883781433105e-05,16959.30422451834,1.9293861461340545,0.005181454122066498,3.108382225036621e-05,0.15752004832029343,3.0234456062316895e-05,test,,,,,,
GaGa,GaGa,static_context,static_context,True,60000,60000,60000,0,0,20000,False,3,125,1,108624.98247284468,108624.98247284468,1.8104163745474113,13585,1.8113333333333332,fusion_static_context,3,20000,0.34242793172597885,2.388599179685116,25119.325381293012,25119.325381293012,8373.108460431004,"{""dnagpt2"": 19735, ""megabyte1"": 265}",32768,125,0.01,0.003814697265625,60000,15000,17322,16132,16200,109030.21815336248,1.8171703025560413,0.02848854660987854,3.343075513839722e-05,0.15667693316936493,0.00011097639799118042,108617.20656888522,1.810286776148087,0.004525497555732727,2.8721988201141357e-05,1.753062292933464,4.69014048576355e-05,test,,,,,,
DrMe,DrMe,static_context,static_context,True,60000,60000,60000,0,0,20000,False,3,125,1,112716.1432386837,112716.1432386837,1.8786023873113948,14096,1.8794666666666666,fusion_static_context,3,20000,0.3764216899871826,2.103200413286686,28527.951792400792,28527.951792400792,9509.317264133597,"{""dnagpt2"": 19656, ""megabyte1"": 344}",32768,125,0.01,0.003814697265625,60000,15000,17743,16415,16532,113380.49218899292,1.8896748698165486,0.02819295972585678,3.4593045711517334e-05,0.15174934267997742,0.0001021847128868103,112706.71172290035,1.8784451953816725,0.005121290683746338,3.178417682647705e-05,1.4365666136145592,6.579607725143433e-05,test,,,,,,
EnIn,EnIn,static_context,static_context,True,60000,60000,60000,0,0,20000,False,3,125,1,111803.17052498001,111803.17052498001,1.8633861754163337,13983,1.8644,fusion_static_context,3,20000,0.3649953678250313,2.0061452835798264,29908.10311251944,29908.10311251944,9969.367704173146,"{""dnagpt2"": 19860, ""megabyte1"": 140}",32768,125,0.01,0.003814697265625,60000,15000,17412,16335,16240,112215.68621979428,1.8702614369965713,0.030242279171943665,3.6835670471191406e-05,0.14832349121570587,0.0001061856746673584,111806.61529897453,1.8634435883162421,0.004301667213439941,3.147125244140625e-05,1.3493400439620018,4.900246858596802e-05,test,,,,,,
PlFa,PlFa,static_context,static_context,True,60000,60000,60000,0,0,20000,False,3,125,1,106199.98086179452,106199.98086179452,1.7699996810299088,13282,1.7709333333333332,fusion_static_context,3,20000,0.3830644339323044,1.8694630488753319,32094.777180054974,32094.777180054974,10698.259060018325,"{""dnagpt2"": 19875, ""megabyte1"": 125}",32768,125,0.01,0.003814697265625,60000,15000,16617,15857,15620,107106.21521958715,1.785103586993119,0.02847371995449066,3.0465424060821533e-05,0.15284431725740433,0.00010873377323150635,106188.54204066229,1.7698090340110382,0.004665061831474304,3.1791627407073975e-05,1.18944501131773,6.125122308731079e-05,test,,,,,,
HePy,HePy,static_context,static_context,True,60000,60000,60000,0,0,20000,False,3,125,1,109394.87473419064,109394.87473419064,1.8232479122365106,13681,1.8241333333333334,fusion_static_context,3,20000,0.38905341923236847,2.1602900326251984,27774.048435101842,27774.048435101842,9258.016145033947,"{""dnagpt2"": 19560, ""megabyte1"": 440}",32768,125,0.01,0.003814697265625,60000,15000,17213,16144,16172,109783.46243363361,1.8297243738938935,0.031547121703624725,3.7901103496551514e-05,0.16217507421970367,0.00011187046766281128,109398.75754176237,1.8233126256960395,0.0046110600233078,2.928823232650757e-05,1.4631773084402084,5.3472816944122314e-05,test,,,,,,
AeCa,AeCa,static_context,static_context,True,60000,60000,60000,0,0,20000,False,3,125,1,112988.21341607449,112988.21341607449,1.8831368902679082,14130,1.884,fusion_static_context,3,20000,0.3846380487084389,2.440774627029896,24582.359770353796,24582.359770353796,8194.119923451266,"{""dnagpt2"": 19555, ""megabyte1"": 445}",32768,125,0.01,0.003814697265625,60000,15000,17656,16336,16592,112810.8926510457,1.880181544184095,0.03016813099384308,3.3549964427948e-05,0.1616521030664444,0.00010674446821212769,112995.24119590814,1.8832540199318022,0.005519144237041473,3.549456596374512e-05,1.7409257367253304,5.224347114562988e-05,test,,,,,,
HaHi,HaHi,static_context,static_context,True,60000,60000,60000,0,0,20000,False,3,125,1,115020.32994055713,115020.32994055713,1.9170054990092855,14384,1.9178666666666666,fusion_static_context,3,20000,0.3932633176445961,2.071054734289646,28970.745681706707,28970.745681706707,9656.91522723557,"{""dnagpt2"": 19649, ""megabyte1"": 351}",32768,125,0.01,0.003814697265625,60000,15000,17702,16204,16604,115796.54849380933,1.9299424748968221,0.02761739492416382,3.0137598514556885e-05,0.15522095561027527,0.00010263919830322266,115017.02731242086,1.9169504552070145,0.004065215587615967,2.8118491172790527e-05,1.395253337919712,4.0918588638305664e-05,test,,,,,,
AnCa,AnCa,static_context,static_context,True,60000,60000,60000,0,0,20000,False,3,125,1,94704.52666666174,94704.52666666174,1.5784087777776956,11844,1.5792,fusion_static_context,3,20000,0.399446964263916,2.307403415441513,26003.25526020738,26003.25526020738,8667.751753402461,"{""dnagpt2"": 19720, ""megabyte1"": 280}",32768,125,0.01,0.003814697265625,60000,15000,16737,16107,15548,96621.32304232781,1.610355384038797,0.030165664851665497,3.466010093688965e-05,0.151997871696949,0.00011862814426422119,94675.64194976837,1.5779273658294728,0.004071660339832306,2.697855234146118e-05,1.602157711982727,5.3651630878448486e-05,test,,,,,,
WaMe,WaMe,static_context,static_context,True,60000,60000,60000,0,0,20000,False,3,125,1,115274.9921469122,115274.9921469122,1.9212498691152033,14416,1.9221333333333332,fusion_static_context,3,20000,0.4023560509085655,2.4790494069457054,24202.825418442368,24202.825418442368,8067.608472814123,"{""dnagpt2"": 19728, ""megabyte1"": 272}",32768,125,0.01,0.003814697265625,60000,15000,17791,16379,16700,116018.07813390087,1.9336346355650145,0.036079876124858856,3.778189420700073e-05,0.14696324616670609,0.00013105571269989014,115266.17257225301,1.9211028762042168,0.004185527563095093,2.8684735298156738e-05,1.7660705149173737,6.984174251556396e-05,test,,,,,,
OrSa,OrSa,oracle_max,oracle_max,False,60000,60000,60000,0,0,20000,False,3,125,1,106180.51528524442,106180.51528524442,1.7696752547540735,13281,1.7708,fusion_oracle_max,3,20000,0.4246763736009598,2.0484582409262657,29290.321277366817,29290.321277366817,9763.440425788938,"{""dnagpt2"": 10591, ""megabyte1"": 9409}",32768,125,0.01,0.003814697265625,60000,15000,17750,16480,16556,112334.79491715413,1.8722465819525687,0.027797803282737732,3.187358379364014e-05,0.15731748193502426,0.000102214515209198,110559.26627048421,1.8426544378414034,0.005362413823604584,3.4689903259277344e-05,1.3299468457698822,5.177408456802368e-05,test,,,,,,
HoSa,HoSa,oracle_max,oracle_max,False,60000,60000,60000,0,0,20000,False,3,125,1,93836.73868314148,93836.73868314148,1.5639456447190245,11738,1.5650666666666666,fusion_oracle_max,3,20000,0.41297419369220734,2.1523117125034332,27877.00296915254,27877.00296915254,9292.334323050847,"{""dnagpt2"": 10825, ""megabyte1"": 9175}",32768,125,0.01,0.003814697265625,60000,15000,17321,16193,16188,101975.10186283654,1.6995850310472758,0.03258058428764343,3.2924115657806396e-05,0.15203918516635895,0.00011373311281204224,98907.41025674154,1.648456837612359,0.004288703203201294,3.0159950256347656e-05,1.4277369976043701,5.7563185691833496e-05,test,,,,,,
DaRe,DaRe,oracle_max,oracle_max,False,60000,60000,60000,0,0,20000,False,3,125,1,92367.72186489063,92367.72186489063,1.5394620310815104,11554,1.5405333333333333,fusion_oracle_max,3,20000,0.43189311027526855,2.258592464029789,26565.217477502683,26565.217477502683,8855.072492500894,"{""dnagpt2"": 9745, ""megabyte1"": 10255}",32768,125,0.01,0.003814697265625,60000,15000,17295,16196,16160,98594.68648060125,1.6432447746766874,0.031490862369537354,3.3915042877197266e-05,0.15476708859205246,0.00011157244443893433,101867.10233924598,1.697785038987433,0.004796914756298065,3.062933683395386e-05,1.5210045501589775,4.980713129043579e-05,test,,,,,,
ScPo,ScPo,oracle_max,oracle_max,False,60000,60000,60000,0,0,20000,False,3,125,1,111117.61327288125,111117.61327288125,1.8519602212146875,13898,1.8530666666666666,fusion_oracle_max,3,20000,0.4773971289396286,2.4950339794158936,24047.76868571804,24047.76868571804,8015.922895239348,"{""dnagpt2"": 10410, ""megabyte1"": 9590}",32768,125,0.01,0.003814697265625,60000,15000,15615,16025,14540,116120.00652160733,1.9353334420267887,0.03648754954338074,3.393739461898804e-05,0.16102667152881622,0.00013542920351028442,114603.02574373808,1.9100504290623013,0.004202604293823242,3.0368566513061523e-05,1.707221932709217,5.603581666946411e-05,test,,,,,,
EsCo,EsCo,oracle_max,oracle_max,False,60000,60000,60000,0,0,20000,False,3,125,1,108618.32125435275,108618.32125435275,1.8103053542392125,13586,1.8114666666666666,fusion_oracle_max,3,20000,0.4685893952846527,2.299022078514099,26098.05297684619,26098.05297684619,8699.350992282063,"{""dnagpt2"": 10289, ""megabyte1"": 9711}",32768,125,0.01,0.003814697265625,60000,15000,17676,16357,16472,113761.88369752627,1.896031394958771,0.02796262502670288,3.281980752944946e-05,0.1633521392941475,0.000105343759059906,112981.73977977561,1.8830289963295936,0.004606127738952637,3.331899642944336e-05,1.5244847163558006,6.478279829025269e-05,test,,,,,,
YeMi,YeMi,oracle_max,oracle_max,False,14739,14739,14736,3,17,4912,False,3,125,1,25511.8471420215,25494.8471420215,1.7309076017383471,3192,1.732071375262908,fusion_oracle_max,3,4912,0.1105072945356369,0.4753061458468437,31009.48752459283,31009.48752459283,10334.391934378178,"{""dnagpt2"": 2683, ""megabyte1"": 2229}",32768,125,0.01,0.003814697265625,14739,3685,4285,3974,4104,26994.480027116617,1.8318729660095423,0.028759479522705078,3.859400749206543e-05,0.029724612832069397,0.00014343112707138062,26446.9907470774,1.794719784682234,0.007358051836490631,4.007667303085327e-05,0.2670547217130661,3.086775541305542e-05,test,,,,,,
BuEb,BuEb,oracle_max,oracle_max,False,3788,3788,3786,2,14,1262,False,3,125,1,7139.873019867103,7125.873019867103,1.8848661615277462,894,1.8875395987328405,fusion_oracle_max,3,1262,0.025644928216934204,0.15268953889608383,24808.510310441146,24808.510310441146,8265.137278716136,"{""dnagpt2"": 671, ""megabyte1"": 591}",32768,125,0.01,0.003814697265625,3788,947,1244,1114,1300,7416.8428689788125,1.9590181904328612,0.03269519656896591,3.089010715484619e-05,0.005548290908336639,0.00011490285396575928,7351.228557002945,1.9416874160071171,0.004064597189426422,2.5875866413116455e-05,0.07257873564958572,3.135204315185547e-05,test,,,,,,
AgPh,AgPh,oracle_max,oracle_max,False,8794,8794,8790,4,20,2930,False,3,125,1,16363.482639367443,16343.482639367443,1.8607553604011193,2048,1.8626336138276098,fusion_oracle_max,3,2930,0.06409089267253876,0.30495093762874603,28837.425680277818,28837.425680277818,9608.102938732545,"{""dnagpt2"": 1583, ""megabyte1"": 1347}",32768,125,0.01,0.003814697265625,8794,2199,2758,2486,2684,17171.09810178662,1.9534810127174769,0.027818940579891205,2.888590097427368e-05,0.0310819149017334,5.052238702774048e-05,16959.30422451834,1.9293861461340545,0.0049440935254096985,2.9198825359344482e-05,0.1582169234752655,4.1112303733825684e-05,test,,,,,,
GaGa,GaGa,oracle_max,oracle_max,False,60000,60000,60000,0,0,20000,False,3,125,1,106173.41123238753,106173.41123238753,1.7695568538731254,13279,1.7705333333333333,fusion_oracle_max,3,20000,0.4516536369919777,2.5096435099840164,23907.77804150444,23907.77804150444,7969.2593471681475,"{""dnagpt2"": 10386, ""megabyte1"": 9614}",32768,125,0.01,0.003814697265625,60000,15000,17322,16132,16200,109030.21815336248,1.8171703025560413,0.03874842822551727,3.187358379364014e-05,0.15708506107330322,8.315593004226685e-05,108617.20656888522,1.810286776148087,0.004769898951053619,3.166496753692627e-05,1.7482606321573257,5.739927291870117e-05,test,,,,,,
DrMe,DrMe,oracle_max,oracle_max,False,60000,60000,60000,0,0,20000,False,3,125,1,108421.00425017624,108421.00425017624,1.8070167375029373,13561,1.8081333333333334,fusion_oracle_max,3,20000,0.43029002845287323,2.358197271823883,25443.16402910374,25443.16402910374,8481.054676367914,"{""dnagpt2"": 10440, ""megabyte1"": 9560}",32768,125,0.01,0.003814697265625,60000,15000,17743,16415,16532,113380.49218899292,1.8896748698165486,0.03399958461523056,3.137439489364624e-05,0.1626773104071617,0.00012385845184326172,112706.71172290035,1.8784451953816725,0.004344813525676727,2.9124319553375244e-05,1.6135351732373238,6.285309791564941e-05,test,,,,,,
EnIn,EnIn,oracle_max,oracle_max,False,60000,60000,60000,0,0,20000,False,3,125,1,107811.25982258847,107811.25982258847,1.7968543303764746,13485,1.798,fusion_oracle_max,3,20000,0.4052014797925949,1.8415786400437355,32580.742790639157,32580.742790639157,10860.247596879719,"{""dnagpt2"": 10103, ""megabyte1"": 9897}",32768,125,0.01,0.003814697265625,60000,15000,17412,16335,16240,112215.68621979428,1.8702614369965713,0.02721145749092102,2.9742717742919922e-05,0.15057582408189774,0.00010427087545394897,111806.61529897453,1.8634435883162421,0.004450380802154541,3.106147050857544e-05,1.14352598041296,6.505846977233887e-05,test,,,,,,
PlFa,PlFa,oracle_max,oracle_max,False,60000,60000,60000,0,0,20000,False,3,125,1,102584.2187324308,102584.2187324308,1.7097369788738468,12831,1.7108,fusion_oracle_max,3,20000,0.41888945549726486,2.417159453034401,24822.5246061771,24822.5246061771,8274.1748687257,"{""dnagpt2"": 10178, ""megabyte1"": 9822}",32768,125,0.01,0.003814697265625,60000,15000,16617,15857,15620,107106.21521958715,1.785103586993119,0.026308640837669373,2.9824674129486084e-05,0.16411171853542328,0.000101529061794281,106188.54204066229,1.7698090340110382,0.00455135852098465,3.600120544433594e-05,1.7044610902667046,4.053860902786255e-05,test,,,,,,
HePy,HePy,oracle_max,oracle_max,False,60000,60000,60000,0,0,20000,False,3,125,1,103732.07586480016,103732.07586480016,1.7288679310800028,12975,1.73,fusion_oracle_max,3,20000,0.4238987863063812,2.3893756419420242,25111.16249232101,25111.16249232101,8370.387497440337,"{""dnagpt2"": 10104, ""megabyte1"": 9896}",32768,125,0.01,0.003814697265625,60000,15000,17213,16144,16172,109783.46243363361,1.8297243738938935,0.026222839951515198,3.071129322052002e-05,0.15508709102869034,0.00010164082050323486,109398.75754176237,1.8233126256960395,0.005618050694465637,3.673136234283447e-05,1.6784853041172028,5.008280277252197e-05,test,,,,,,
AeCa,AeCa,oracle_max,oracle_max,False,60000,60000,60000,0,0,20000,False,3,125,1,107721.3274117814,107721.3274117814,1.7953554568630232,13473,1.7964,fusion_oracle_max,3,20000,0.425046369433403,2.0223842188715935,29667.953023030168,29667.953023030168,9889.31767434339,"{""dnagpt2"": 9879, ""megabyte1"": 10121}",32768,125,0.01,0.003814697265625,60000,15000,17656,16336,16592,112810.8926510457,1.880181544184095,0.02656673640012741,3.0875205993652344e-05,0.15332438796758652,0.00010234862565994263,112995.24119590814,1.8832540199318022,0.004077121615409851,2.8289854526519775e-05,1.313801795244217,4.1000545024871826e-05,test,,,,,,
HaHi,HaHi,oracle_max,oracle_max,False,60000,60000,60000,0,0,20000,False,3,125,1,110511.04983439375,110511.04983439375,1.841850830573229,13822,1.8429333333333333,fusion_oracle_max,3,20000,0.43313587456941605,1.8245480954647064,32884.85524121972,32884.85524121972,10961.618413739905,"{""dnagpt2"": 10303, ""megabyte1"": 9697}",32768,125,0.01,0.003814697265625,60000,15000,17702,16204,16604,115796.54849380933,1.9299424748968221,0.028629101812839508,3.2551586627960205e-05,0.15953093767166138,0.00011269748210906982,115017.02731242086,1.9169504552070145,0.004745207726955414,3.4324824810028076e-05,1.0946037024259567,4.349648952484131e-05,test,,,,,,
AnCa,AnCa,oracle_max,oracle_max,False,60000,60000,60000,0,0,20000,False,3,125,1,89831.61477470984,89831.61477470984,1.4971935795784974,11237,1.4982666666666666,fusion_oracle_max,3,20000,0.41077087819576263,2.014664076268673,29781.63988069169,29781.63988069169,9927.213293563898,"{""dnagpt2"": 10607, ""megabyte1"": 9393}",32768,125,0.01,0.003814697265625,60000,15000,16737,16107,15548,96621.32304232781,1.610355384038797,0.027648016810417175,2.921372652053833e-05,0.15802239626646042,0.00010211020708084106,94675.64194976837,1.5779273658294728,0.0047086551785469055,3.688037395477295e-05,1.3019197136163712,3.933906555175781e-05,test,,,,,,
WaMe,WaMe,oracle_max,oracle_max,False,60000,60000,60000,0,0,20000,False,3,125,1,111878.84757335098,111878.84757335098,1.8646474595558498,13993,1.8657333333333332,fusion_oracle_max,3,20000,0.4777754843235016,2.125907078385353,28223.246730788713,28223.246730788713,9407.748910262904,"{""dnagpt2"": 10548, ""megabyte1"": 9452}",32768,125,0.01,0.003814697265625,60000,15000,17791,16379,16700,116018.07813390087,1.9336346355650145,0.027710609138011932,2.8677284717559814e-05,0.16269493103027344,0.00010196119546890259,115266.17257225301,1.9211028762042168,0.005599580705165863,3.53008508682251e-05,1.3407949805259705,5.204975605010986e-05,test,,,,,,
OrSa,OrSa,geco2_paper_modes,,,60000,60000,,,,60000,False,,,,118000.0,,1.9666666666666666,14750,1.9666666666666666,geco2_paper_modes,1,60000,,4.347099103033543,13802.307832855733,13802.307832855733,13802.307832855733,,,,,,60000,15000,17750,16480,16556,,,,,,,,,,,,,test,10,/usr/local/bin/GeCo2,"[""/usr/local/bin/GeCo2"", ""-F"", ""-v"", ""-l"", ""10"", ""/tmp/geco2_baseline_5gu7775d/test_1_OrSa.seq""]",0,"Analyzing data and creating models ...
Done!
Compressing target sequence 1 [bases:60000] ...
Done!                          
Total bytes: 14750 (14.4 KB), 1.967 bpb, 1.953 bps w/ no header, Normalized Dissimilarity Rate: 0.983333
Spent 4.24683 sec.
","Force mode ......................... yes
Target model 1:
  [+] Context order ................ 1
  [+] Alpha denominator ............ 1
  [+] Inverted repeats ............. no (only regular)
  [+] Cache-hash size .............. 0
  [+] Gamma ........................ 0.900
  [+] Allowable substitutions ...... 0
Target model 2:
  [+] Context order ................ 3
  [+] Alpha denominator ............ 1
  [+] Inverted repeats ............. no (only regular)
  [+] Cache-hash size .............. 0
  [+] Gamma ........................ 0.900
  [+] Allowable substitutions ...... 0
Target model 3:
  [+] Context order ................ 6
  [+] Alpha denominator ............ 1
  [+] Inverted repeats ............. mix (regular and inverted)
  [+] Cache-hash size .............. 0
  [+] Gamma ........................ 0.820
  [+] Allowable substitutions ...... 0
Target model 4:
  [+] Context order ................ 9
  [+] Alpha denominator ............ 10
  [+] Inverted repeats ............. no (only regular)
  [+] Cache-hash size .............. 0
  [+] Gamma ........................ 0.900
  [+] Allowable substitutions ...... 0
Target model 5:
  [+] Context order ................ 11
  [+] Alpha denominator ............ 10
  [+] Inverted repeats ............. no (only regular)
  [+] Cache-hash size .............. 0
  [+] Gamma ........................ 0.900
  [+] Allowable substitutions ...... 0
Target model 6:
  [+] Context order ................ 13
  [+] Alpha denominator ............ 10
  [+] Inverted repeats ............. mix (regular and inverted)
  [+] Cache-hash size .............. 0
  [+] Gamma ........................ 0.900
  [+] Allowable substitutions ...... 0
Target model 7:
  [+] Context order ................ 17
  [+] Alpha denominator ............ 100
  [+] Inverted repeats ............. mix (regular and inverted)
  [+] Cache-hash size .............. 8
  [+] Gamma ........................ 0.890
  [+] Allowable substitutions ...... 5
  [+] Substitutions alpha den ...... 10
  [+] Substitutions gamma .......... 0.900
Target files (1):
  [+] Filename 1  .................. /tmp/geco2_baseline_5gu7775d/test_1_OrSa.seq
"
HoSa,HoSa,geco2_paper_modes,,,60000,60000,,,,60000,False,,,,114960.0,,1.916,14370,1.916,geco2_paper_modes,1,60000,,5.071727730333805,11830.28805768542,11830.28805768542,11830.28805768542,,,,,,60000,15000,17321,16193,16188,,,,,,,,,,,,,test,12,/usr/local/bin/GeCo2,"[""/usr/local/bin/GeCo2"", ""-F"", ""-v"", ""-l"", ""12"", ""/tmp/geco2_baseline_2e0y734n/test_2_HoSa.seq""]",0,"Analyzing data and creating models ...
Done!
Compressing target sequence 1 [bases:60000] ...
Done!                          
Total bytes: 14370 (14.0 KB), 1.916 bpb, 1.903 bps w/ no header, Normalized Dissimilarity Rate: 0.958
Spent 4.87675 sec.
","Force mode ......................... yes
Target model 1:
  [+] Context order ................ 1
  [+] Alpha denominator ............ 1
  [+] Inverted repeats ............. no (only regular)
  [+] Cache-hash size .............. 0
  [+] Gamma ........................ 0.900
  [+] Allowable substitutions ...... 0
Target model 2:
  [+] Context order ................ 3
  [+] Alpha denominator ............ 1
  [+] Inverted repeats ............. no (only regular)
  [+] Cache-hash size .............. 0
  [+] Gamma ........................ 0.900
  [+] Allowable substitutions ...... 0
Target model 3:
  [+] Context order ................ 6
  [+] Alpha denominator ............ 1
  [+] Inverted repeats ............. mix (regular and inverted)
  [+] Cache-hash size .............. 0
  [+] Gamma ........................ 0.850
  [+] Allowable substitutions ...... 0
Target model 4:
  [+] Context order ................ 9
  [+] Alpha denominator ............ 10
  [+] Inverted repeats ............. no (only regular)
  [+] Cache-hash size .............. 0
  [+] Gamma ........................ 0.900
  [+] Allowable substitutions ...... 0
Target model 5:
  [+] Context order ................ 11
  [+] Alpha denominator ............ 10
  [+] Inverted repeats ............. no (only regular)
  [+] Cache-hash size .............. 0
  [+] Gamma ........................ 0.900
  [+] Allowable substitutions ...... 0
Target model 6:
  [+] Context order ................ 13
  [+] Alpha denominator ............ 50
  [+] Inverted repeats ............. mix (regular and inverted)
  [+] Cache-hash size .............. 0
  [+] Gamma ........................ 0.900
  [+] Allowable substitutions ...... 0
Target model 7:
  [+] Context order ................ 17
  [+] Alpha denominator ............ 100
  [+] Inverted repeats ............. mix (regular and inverted)
  [+] Cache-hash size .............. 20
  [+] Gamma ........................ 0.900
  [+] Allowable substitutions ...... 3
  [+] Substitutions alpha den ...... 10
  [+] Substitutions gamma .......... 0.900
Target files (1):
  [+] Filename 1  .................. /tmp/geco2_baseline_2e0y734n/test_2_HoSa.seq
"
DaRe,DaRe,geco2_paper_modes,,,60000,60000,,,,60000,False,,,,113512.0,,1.8918666666666666,14189,1.8918666666666666,geco2_paper_modes,1,60000,,3.9683125764131546,15119.776692145633,15119.776692145633,15119.776692145633,,,,,,60000,15000,17295,16196,16160,,,,,,,,,,,,,test,10,/usr/local/bin/GeCo2,"[""/usr/local/bin/GeCo2"", ""-F"", ""-v"", ""-l"", ""10"", ""/tmp/geco2_baseline_9zm7_nyo/test_3_DaRe.seq""]",0,"Analyzing data and creating models ...
Done!
Compressing target sequence 1 [bases:60000] ...
Done!                          
Total bytes: 14189 (13.9 KB), 1.892 bpb, 1.879 bps w/ no header, Normalized Dissimilarity Rate: 0.945933
Spent 3.86871 sec.
","Force mode ......................... yes
Target model 1:
  [+] Context order ................ 1
  [+] Alpha denominator ............ 1
  [+] Inverted repeats ............. no (only regular)
  [+] Cache-hash size .............. 0
  [+] Gamma ........................ 0.900
  [+] Allowable substitutions ...... 0
Target model 2:
  [+] Context order ................ 3
  [+] Alpha denominator ............ 1
  [+] Inverted repeats ............. no (only regular)
  [+] Cache-hash size .............. 0
  [+] Gamma ........................ 0.900
  [+] Allowable substitutions ...... 0
Target model 3:
  [+] Context order ................ 6
  [+] Alpha denominator ............ 1
  [+] Inverted repeats ............. mix (regular and inverted)
  [+] Cache-hash size .............. 0
  [+] Gamma ........................ 0.820
  [+] Allowable substitutions ...... 0
Target model 4:
  [+] Context order ................ 9
  [+] Alpha denominator ............ 10
  [+] Inverted repeats ............. no (only regular)
  [+] Cache-hash size .............. 0
  [+] Gamma ........................ 0.900
  [+] Allowable substitutions ...... 0
Target model 5:
  [+] Context order ................ 11
  [+] Alpha denominator ............ 10
  [+] Inverted repeats ............. no (only regular)
  [+] Cache-hash size .............. 0
  [+] Gamma ........................ 0.900
  [+] Allowable substitutions ...... 0
Target model 6:
  [+] Context order ................ 13
  [+] Alpha denominator ............ 10
  [+] Inverted repeats ............. mix (regular and inverted)
  [+] Cache-hash size .............. 0
  [+] Gamma ........................ 0.900
  [+] Allowable substitutions ...... 0
Target model 7:
  [+] Context order ................ 17
  [+] Alpha denominator ............ 100
  [+] Inverted repeats ............. mix (regular and inverted)
  [+] Cache-hash size .............. 8
  [+] Gamma ........................ 0.890
  [+] Allowable substitutions ...... 5
  [+] Substitutions alpha den ...... 10
  [+] Substitutions gamma .......... 0.900
Target files (1):
  [+] Filename 1  .................. /tmp/geco2_baseline_9zm7_nyo/test_3_DaRe.seq
"
ScPo,ScPo,geco2_paper_modes,,,60000,60000,,,,60000,False,,,,101944.0,,1.6990666666666667,12743,1.6990666666666667,geco2_paper_modes,1,60000,,3.1392175182700157,19113.04318697395,19113.04318697395,19113.04318697395,,,,,,60000,15000,15615,16025,14540,,,,,,,,,,,,,test,8,/usr/local/bin/GeCo2,"[""/usr/local/bin/GeCo2"", ""-F"", ""-v"", ""-l"", ""8"", ""/tmp/geco2_baseline_19cp6y4c/test_4_ScPo.seq""]",0,"Analyzing data and creating models ...
Done!
Compressing target sequence 1 [bases:60000] ...
Done!                          
Total bytes: 12743 (12.4 KB), 1.699 bpb, 1.689 bps w/ no header, Normalized Dissimilarity Rate: 0.849533
Spent 3.06895 sec.
","Force mode ......................... yes
Target model 1:
  [+] Context order ................ 4
  [+] Alpha denominator ............ 1
  [+] Inverted repeats ............. mix (regular and inverted)
  [+] Cache-hash size .............. 0
  [+] Gamma ........................ 0.900
  [+] Allowable substitutions ...... 0
Target model 2:
  [+] Context order ................ 6
  [+] Alpha denominator ............ 1
  [+] Inverted repeats ............. mix (regular and inverted)
  [+] Cache-hash size .............. 0
  [+] Gamma ........................ 0.800
  [+] Allowable substitutions ...... 0
Target model 3:
  [+] Context order ................ 13
  [+] Alpha denominator ............ 10
  [+] Inverted repeats ............. mix (regular and inverted)
  [+] Cache-hash size .............. 0
  [+] Gamma ........................ 0.950
  [+] Allowable substitutions ...... 1
  [+] Substitutions alpha den ...... 20
  [+] Substitutions gamma .......... 0.940
Target model 4:
  [+] Context order ................ 16
  [+] Alpha denominator ............ 100
  [+] Inverted repeats ............. mix (regular and inverted)
  [+] Cache-hash size .............. 5
  [+] Gamma ........................ 0.950
  [+] Allowable substitutions ...... 3
  [+] Substitutions alpha den ...... 15
  [+] Substitutions gamma .......... 0.950
Target files (1):
  [+] Filename 1  .................. /tmp/geco2_baseline_19cp6y4c/test_4_ScPo.seq
"
EsCo,EsCo,geco2_paper_modes,,,60000,60000,,,,60000,False,,,,117896.0,,1.9649333333333334,14737,1.9649333333333334,geco2_paper_modes,1,60000,,0.20159640908241272,297624.34893109614,297624.34893109614,297624.34893109614,,,,,,60000,15000,17676,16357,16472,,,,,,,,,,,,,test,6,/usr/local/bin/GeCo2,"[""/usr/local/bin/GeCo2"", ""-F"", ""-v"", ""-l"", ""6"", ""/tmp/geco2_baseline_uncgwlji/test_5_EsCo.seq""]",0,"Analyzing data and creating models ...
Done!
Compressing target sequence 1 [bases:60000] ...
Done!                          
Total bytes: 14737 (14.4 KB), 1.965 bpb, 1.957 bps w/ no header, Normalized Dissimilarity Rate: 0.982467
Spent 0.200604 sec.
","Force mode ......................... yes
Target model 1:
  [+] Context order ................ 4
  [+] Alpha denominator ............ 1
  [+] Inverted repeats ............. no (only regular)
  [+] Cache-hash size .............. 0
  [+] Gamma ........................ 0.880
  [+] Allowable substitutions ...... 0
Target model 2:
  [+] Context order ................ 6
  [+] Alpha denominator ............ 1
  [+] Inverted repeats ............. mix (regular and inverted)
  [+] Cache-hash size .............. 0
  [+] Gamma ........................ 0.760
  [+] Allowable substitutions ...... 0
Target model 3:
  [+] Context order ................ 13
  [+] Alpha denominator ............ 50
  [+] Inverted repeats ............. mix (regular and inverted)
  [+] Cache-hash size .............. 1
  [+] Gamma ........................ 0.950
  [+] Allowable substitutions ...... 2
  [+] Substitutions alpha den ...... 15
  [+] Substitutions gamma .......... 0.950
Target files (1):
  [+] Filename 1  .................. /tmp/geco2_baseline_uncgwlji/test_5_EsCo.seq
"
YeMi,YeMi,geco2_paper_modes,,,14739,14739,,,,14739,False,,,,27384.0,,1.8579279462650111,3423,1.8579279462650111,geco2_paper_modes,1,14739,,0.037924304604530334,388642.5909109305,388642.5909109305,388642.5909109305,,,,,,14739,3685,4285,3974,4104,,,,,,,,,,,,,test,3,/usr/local/bin/GeCo2,"[""/usr/local/bin/GeCo2"", ""-F"", ""-v"", ""-l"", ""3"", ""/tmp/geco2_baseline_apijjemh/test_6_YeMi.seq""]",0,"Analyzing data and creating models ...
Done!
Compressing target sequence 1 [bases:14739] ...
Done!                          
Total bytes: 3423 (3.3 KB), 1.858 bpb, 1.828 bps w/ no header, Normalized Dissimilarity Rate: 0.928964
Spent 0.037064 sec.
","Force mode ......................... yes
Target model 1:
  [+] Context order ................ 3
  [+] Alpha denominator ............ 1
  [+] Inverted repeats ............. no (only regular)
  [+] Cache-hash size .............. 0
  [+] Gamma ........................ 0.800
  [+] Allowable substitutions ...... 0
Target model 2:
  [+] Context order ................ 4
  [+] Alpha denominator ............ 1
  [+] Inverted repeats ............. mix (regular and inverted)
  [+] Cache-hash size .............. 0
  [+] Gamma ........................ 0.840
  [+] Allowable substitutions ...... 0
Target model 3:
  [+] Context order ................ 12
  [+] Alpha denominator ............ 50
  [+] Inverted repeats ............. mix (regular and inverted)
  [+] Cache-hash size .............. 1
  [+] Gamma ........................ 0.940
  [+] Allowable substitutions ...... 2
  [+] Substitutions alpha den ...... 15
  [+] Substitutions gamma .......... 0.950
Target files (1):
  [+] Filename 1  .................. /tmp/geco2_baseline_apijjemh/test_6_YeMi.seq
"
BuEb,BuEb,geco2_paper_modes,,,3788,3788,,,,3788,False,,,,7776.0,,2.0527983104540657,972,2.0527983104540657,geco2_paper_modes,1,3788,,0.017007246613502502,222728.586589237,222728.586589237,222728.586589237,,,,,,3788,947,1244,1114,1300,,,,,,,,,,,,,test,1,/usr/local/bin/GeCo2,"[""/usr/local/bin/GeCo2"", ""-F"", ""-v"", ""-l"", ""1"", ""/tmp/geco2_baseline_2iblz2_u/test_7_BuEb.seq""]",0,"Analyzing data and creating models ...
Done!
Compressing target sequence 1 [bases:3788] ...
Done!                          
Total bytes: 972 (972 B), 2.053 bpb, 1.97 bps w/ no header, Normalized Dissimilarity Rate: 1.0264
Spent 0.016289 sec.
","Force mode ......................... yes
Target model 1:
  [+] Context order ................ 1
  [+] Alpha denominator ............ 1
  [+] Inverted repeats ............. no (only regular)
  [+] Cache-hash size .............. 0
  [+] Gamma ........................ 0.700
  [+] Allowable substitutions ...... 0
Target model 2:
  [+] Context order ................ 12
  [+] Alpha denominator ............ 20
  [+] Inverted repeats ............. mix (regular and inverted)
  [+] Cache-hash size .............. 1
  [+] Gamma ........................ 0.970
  [+] Allowable substitutions ...... 0
Target files (1):
  [+] Filename 1  .................. /tmp/geco2_baseline_2iblz2_u/test_7_BuEb.seq
"
AgPh,AgPh,geco2_paper_modes,,,8794,8794,,,,8794,False,,,,17632.0,,2.005003411416875,2204,2.005003411416875,geco2_paper_modes,1,8794,,0.017116889357566833,513761.57292928064,513761.57292928064,513761.57292928064,,,,,,8794,2199,2758,2486,2684,,,,,,,,,,,,,test,2,/usr/local/bin/GeCo2,"[""/usr/local/bin/GeCo2"", ""-F"", ""-v"", ""-l"", ""2"", ""/tmp/geco2_baseline_zx1bz4dr/test_8_AgPh.seq""]",0,"Analyzing data and creating models ...
Done!
Compressing target sequence 1 [bases:8794] ...
Done!                          
Total bytes: 2204 (2.2 KB), 2.005 bpb, 1.96 bps w/ no header, Normalized Dissimilarity Rate: 1.0025
Spent 0.016508 sec.
","Force mode ......................... yes
Target model 1:
  [+] Context order ................ 2
  [+] Alpha denominator ............ 1
  [+] Inverted repeats ............. no (only regular)
  [+] Cache-hash size .............. 0
  [+] Gamma ........................ 0.780
  [+] Allowable substitutions ...... 0
Target model 2:
  [+] Context order ................ 4
  [+] Alpha denominator ............ 1
  [+] Inverted repeats ............. mix (regular and inverted)
  [+] Cache-hash size .............. 0
  [+] Gamma ........................ 0.780
  [+] Allowable substitutions ...... 0
Target model 3:
  [+] Context order ................ 11
  [+] Alpha denominator ............ 80
  [+] Inverted repeats ............. mix (regular and inverted)
  [+] Cache-hash size .............. 1
  [+] Gamma ........................ 0.960
  [+] Allowable substitutions ...... 0
Target files (1):
  [+] Filename 1  .................. /tmp/geco2_baseline_zx1bz4dr/test_8_AgPh.seq
"
GaGa,GaGa,geco2_paper_modes,,,60000,60000,,,,60000,False,,,,114944.0,,1.9157333333333333,14368,1.9157333333333333,geco2_paper_modes,1,60000,,4.633689820766449,12948.64402254606,12948.64402254606,12948.64402254606,,,,,,60000,15000,17322,16132,16200,,,,,,,,,,,,,test,11,/usr/local/bin/GeCo2,"[""/usr/local/bin/GeCo2"", ""-F"", ""-v"", ""-l"", ""11"", ""/tmp/geco2_baseline_uy55t4tv/test_9_GaGa.seq""]",0,"Analyzing data and creating models ...
Done!
Compressing target sequence 1 [bases:60000] ...
Done!                          
Total bytes: 14368 (14.0 KB), 1.916 bpb, 1.906 bps w/ no header, Normalized Dissimilarity Rate: 0.957867
Spent 4.47298 sec.
","Force mode ......................... yes
Target model 1:
  [+] Context order ................ 4
  [+] Alpha denominator ............ 1
  [+] Inverted repeats ............. mix (regular and inverted)
  [+] Cache-hash size .............. 0
  [+] Gamma ........................ 0.910
  [+] Allowable substitutions ...... 0
Target model 2:
  [+] Context order ................ 6
  [+] Alpha denominator ............ 1
  [+] Inverted repeats ............. mix (regular and inverted)
  [+] Cache-hash size .............. 0
  [+] Gamma ........................ 0.820
  [+] Allowable substitutions ...... 0
Target model 3:
  [+] Context order ................ 13
  [+] Alpha denominator ............ 10
  [+] Inverted repeats ............. mix (regular and inverted)
  [+] Cache-hash size .............. 0
  [+] Gamma ........................ 0.950
  [+] Allowable substitutions ...... 1
  [+] Substitutions alpha den ...... 20
  [+] Substitutions gamma .......... 0.940
Target model 4:
  [+] Context order ................ 17
  [+] Alpha denominator ............ 100
  [+] Inverted repeats ............. mix (regular and inverted)
  [+] Cache-hash size .............. 15
  [+] Gamma ........................ 0.950
  [+] Allowable substitutions ...... 3
  [+] Substitutions alpha den ...... 15
  [+] Substitutions gamma .......... 0.950
Target files (1):
  [+] Filename 1  .................. /tmp/geco2_baseline_uy55t4tv/test_9_GaGa.seq
"
DrMe,DrMe,geco2_paper_modes,,,60000,60000,,,,60000,False,,,,119040.0,,1.984,14880,1.984,geco2_paper_modes,1,60000,,4.313677445054054,13909.24582661932,13909.24582661932,13909.24582661932,,,,,,60000,15000,17743,16415,16532,,,,,,,,,,,,,test,10,/usr/local/bin/GeCo2,"[""/usr/local/bin/GeCo2"", ""-F"", ""-v"", ""-l"", ""10"", ""/tmp/geco2_baseline_p05fxgfr/test_10_DrMe.seq""]",0,"Analyzing data and creating models ...
Done!
Compressing target sequence 1 [bases:60000] ...
Done!                          
Total bytes: 14880 (14.5 KB), 1.984 bpb, 1.971 bps w/ no header, Normalized Dissimilarity Rate: 0.992
Spent 4.15602 sec.
","Force mode ......................... yes
Target model 1:
  [+] Context order ................ 1
  [+] Alpha denominator ............ 1
  [+] Inverted repeats ............. no (only regular)
  [+] Cache-hash size .............. 0
  [+] Gamma ........................ 0.900
  [+] Allowable substitutions ...... 0
Target model 2:
  [+] Context order ................ 3
  [+] Alpha denominator ............ 1
  [+] Inverted repeats ............. no (only regular)
  [+] Cache-hash size .............. 0
  [+] Gamma ........................ 0.900
  [+] Allowable substitutions ...... 0
Target model 3:
  [+] Context order ................ 6
  [+] Alpha denominator ............ 1
  [+] Inverted repeats ............. mix (regular and inverted)
  [+] Cache-hash size .............. 0
  [+] Gamma ........................ 0.820
  [+] Allowable substitutions ...... 0
Target model 4:
  [+] Context order ................ 9
  [+] Alpha denominator ............ 10
  [+] Inverted repeats ............. no (only regular)
  [+] Cache-hash size .............. 0
  [+] Gamma ........................ 0.900
  [+] Allowable substitutions ...... 0
Target model 5:
  [+] Context order ................ 11
  [+] Alpha denominator ............ 10
  [+] Inverted repeats ............. no (only regular)
  [+] Cache-hash size .............. 0
  [+] Gamma ........................ 0.900
  [+] Allowable substitutions ...... 0
Target model 6:
  [+] Context order ................ 13
  [+] Alpha denominator ............ 10
  [+] Inverted repeats ............. mix (regular and inverted)
  [+] Cache-hash size .............. 0
  [+] Gamma ........................ 0.900
  [+] Allowable substitutions ...... 0
Target model 7:
  [+] Context order ................ 17
  [+] Alpha denominator ............ 100
  [+] Inverted repeats ............. mix (regular and inverted)
  [+] Cache-hash size .............. 8
  [+] Gamma ........................ 0.890
  [+] Allowable substitutions ...... 5
  [+] Substitutions alpha den ...... 10
  [+] Substitutions gamma .......... 0.900
Target files (1):
  [+] Filename 1  .................. /tmp/geco2_baseline_p05fxgfr/test_10_DrMe.seq
"
EnIn,EnIn,geco2_paper_modes,,,60000,60000,,,,60000,False,,,,115896.0,,1.9316,14487,1.9316,geco2_paper_modes,1,60000,,3.6337815448641777,16511.724565501547,16511.724565501547,16511.724565501547,,,,,,60000,15000,17412,16335,16240,,,,,,,,,,,,,test,9,/usr/local/bin/GeCo2,"[""/usr/local/bin/GeCo2"", ""-F"", ""-v"", ""-l"", ""9"", ""/tmp/geco2_baseline_8jyqemb7/test_11_EnIn.seq""]",0,"Analyzing data and creating models ...
Done!
Compressing target sequence 1 [bases:60000] ...
Done!                          
Total bytes: 14487 (14.1 KB), 1.932 bpb, 1.922 bps w/ no header, Normalized Dissimilarity Rate: 0.9658
Spent 3.54139 sec.
","Force mode ......................... yes
Target model 1:
  [+] Context order ................ 4
  [+] Alpha denominator ............ 1
  [+] Inverted repeats ............. mix (regular and inverted)
  [+] Cache-hash size .............. 0
  [+] Gamma ........................ 0.910
  [+] Allowable substitutions ...... 0
Target model 2:
  [+] Context order ................ 6
  [+] Alpha denominator ............ 1
  [+] Inverted repeats ............. mix (regular and inverted)
  [+] Cache-hash size .............. 0
  [+] Gamma ........................ 0.820
  [+] Allowable substitutions ...... 0
Target model 3:
  [+] Context order ................ 13
  [+] Alpha denominator ............ 10
  [+] Inverted repeats ............. mix (regular and inverted)
  [+] Cache-hash size .............. 0
  [+] Gamma ........................ 0.950
  [+] Allowable substitutions ...... 1
  [+] Substitutions alpha den ...... 20
  [+] Substitutions gamma .......... 0.940
Target model 4:
  [+] Context order ................ 17
  [+] Alpha denominator ............ 100
  [+] Inverted repeats ............. mix (regular and inverted)
  [+] Cache-hash size .............. 8
  [+] Gamma ........................ 0.950
  [+] Allowable substitutions ...... 3
  [+] Substitutions alpha den ...... 15
  [+] Substitutions gamma .......... 0.950
Target files (1):
  [+] Filename 1  .................. /tmp/geco2_baseline_8jyqemb7/test_11_EnIn.seq
"
PlFa,PlFa,geco2_paper_modes,,,60000,60000,,,,60000,False,,,,103208.0,,1.7201333333333333,12901,1.7201333333333333,geco2_paper_modes,1,60000,,2.8742581754922867,20874.951495866768,20874.951495866768,20874.951495866768,,,,,,60000,15000,16617,15857,15620,,,,,,,,,,,,,test,7,/usr/local/bin/GeCo2,"[""/usr/local/bin/GeCo2"", ""-F"", ""-v"", ""-l"", ""7"", ""/tmp/geco2_baseline_lo1fpvxp/test_12_PlFa.seq""]",0,"Analyzing data and creating models ...
Done!
Compressing target sequence 1 [bases:60000] ...
Done!                          
Total bytes: 12901 (12.6 KB), 1.72 bpb, 1.709 bps w/ no header, Normalized Dissimilarity Rate: 0.860067
Spent 2.80817 sec.
","Force mode ......................... yes
Target model 1:
  [+] Context order ................ 4
  [+] Alpha denominator ............ 1
  [+] Inverted repeats ............. mix (regular and inverted)
  [+] Cache-hash size .............. 0
  [+] Gamma ........................ 0.900
  [+] Allowable substitutions ...... 0
Target model 2:
  [+] Context order ................ 6
  [+] Alpha denominator ............ 1
  [+] Inverted repeats ............. mix (regular and inverted)
  [+] Cache-hash size .............. 0
  [+] Gamma ........................ 0.790
  [+] Allowable substitutions ...... 0
Target model 3:
  [+] Context order ................ 8
  [+] Alpha denominator ............ 1
  [+] Inverted repeats ............. mix (regular and inverted)
  [+] Cache-hash size .............. 0
  [+] Gamma ........................ 0.910
  [+] Allowable substitutions ...... 0
Target model 4:
  [+] Context order ................ 13
  [+] Alpha denominator ............ 10
  [+] Inverted repeats ............. mix (regular and inverted)
  [+] Cache-hash size .............. 0
  [+] Gamma ........................ 0.940
  [+] Allowable substitutions ...... 1
  [+] Substitutions alpha den ...... 20
  [+] Substitutions gamma .......... 0.940
Target model 5:
  [+] Context order ................ 16
  [+] Alpha denominator ............ 200
  [+] Inverted repeats ............. mix (regular and inverted)
  [+] Cache-hash size .............. 5
  [+] Gamma ........................ 0.950
  [+] Allowable substitutions ...... 4
  [+] Substitutions alpha den ...... 15
  [+] Substitutions gamma .......... 0.950
Target files (1):
  [+] Filename 1  .................. /tmp/geco2_baseline_lo1fpvxp/test_12_PlFa.seq
"
HePy,HePy,geco2_paper_modes,,,60000,60000,,,,60000,False,,,,113544.0,,1.8924,14193,1.8924,geco2_paper_modes,1,60000,,0.18750034272670746,319999.4150808218,319999.4150808218,319999.4150808218,,,,,,60000,15000,17213,16144,16172,,,,,,,,,,,,,test,4,/usr/local/bin/GeCo2,"[""/usr/local/bin/GeCo2"", ""-F"", ""-v"", ""-l"", ""4"", ""/tmp/geco2_baseline_cnc25968/test_13_HePy.seq""]",0,"Analyzing data and creating models ...
Done!
Compressing target sequence 1 [bases:60000] ...
Done!                          
Total bytes: 14193 (13.9 KB), 1.892 bpb, 1.885 bps w/ no header, Normalized Dissimilarity Rate: 0.9462
Spent 0.185478 sec.
","Force mode ......................... yes
Target model 1:
  [+] Context order ................ 4
  [+] Alpha denominator ............ 1
  [+] Inverted repeats ............. no (only regular)
  [+] Cache-hash size .............. 0
  [+] Gamma ........................ 0.800
  [+] Allowable substitutions ...... 0
Target model 2:
  [+] Context order ................ 6
  [+] Alpha denominator ............ 1
  [+] Inverted repeats ............. mix (regular and inverted)
  [+] Cache-hash size .............. 0
  [+] Gamma ........................ 0.840
  [+] Allowable substitutions ...... 0
Target model 3:
  [+] Context order ................ 13
  [+] Alpha denominator ............ 50
  [+] Inverted repeats ............. mix (regular and inverted)
  [+] Cache-hash size .............. 1
  [+] Gamma ........................ 0.940
  [+] Allowable substitutions ...... 2
  [+] Substitutions alpha den ...... 15
  [+] Substitutions gamma .......... 0.950
Target files (1):
  [+] Filename 1  .................. /tmp/geco2_baseline_cnc25968/test_13_HePy.seq
"
AeCa,AeCa,geco2_paper_modes,,,60000,60000,,,,60000,False,,,,117440.0,,1.9573333333333334,14680,1.9573333333333334,geco2_paper_modes,1,60000,,0.200138159096241,299792.9044163319,299792.9044163319,299792.9044163319,,,,,,60000,15000,17656,16336,16592,,,,,,,,,,,,,test,5,/usr/local/bin/GeCo2,"[""/usr/local/bin/GeCo2"", ""-F"", ""-v"", ""-l"", ""5"", ""/tmp/geco2_baseline_vr6vpnil/test_14_AeCa.seq""]",0,"Analyzing data and creating models ...
Done!
Compressing target sequence 1 [bases:60000] ...
Done!                          
Total bytes: 14680 (14.3 KB), 1.957 bpb, 1.95 bps w/ no header, Normalized Dissimilarity Rate: 0.978667
Spent 0.198916 sec.
","Force mode ......................... yes
Target model 1:
  [+] Context order ................ 4
  [+] Alpha denominator ............ 1
  [+] Inverted repeats ............. no (only regular)
  [+] Cache-hash size .............. 0
  [+] Gamma ........................ 0.820
  [+] Allowable substitutions ...... 0
Target model 2:
  [+] Context order ................ 6
  [+] Alpha denominator ............ 1
  [+] Inverted repeats ............. mix (regular and inverted)
  [+] Cache-hash size .............. 0
  [+] Gamma ........................ 0.720
  [+] Allowable substitutions ...... 0
Target model 3:
  [+] Context order ................ 13
  [+] Alpha denominator ............ 50
  [+] Inverted repeats ............. mix (regular and inverted)
  [+] Cache-hash size .............. 1
  [+] Gamma ........................ 0.950
  [+] Allowable substitutions ...... 2
  [+] Substitutions alpha den ...... 15
  [+] Substitutions gamma .......... 0.950
Target files (1):
  [+] Filename 1  .................. /tmp/geco2_baseline_vr6vpnil/test_14_AeCa.seq
"
HaHi,HaHi,geco2_paper_modes,,,60000,60000,,,,60000,False,,,,118496.0,,1.9749333333333334,14812,1.9749333333333334,geco2_paper_modes,1,60000,,0.20638345927000046,290720.972563529,290720.972563529,290720.972563529,,,,,,60000,15000,17702,16204,16604,,,,,,,,,,,,,test,5,/usr/local/bin/GeCo2,"[""/usr/local/bin/GeCo2"", ""-F"", ""-v"", ""-l"", ""5"", ""/tmp/geco2_baseline_34m4mclh/test_15_HaHi.seq""]",0,"Analyzing data and creating models ...
Done!
Compressing target sequence 1 [bases:60000] ...
Done!                          
Total bytes: 14812 (14.5 KB), 1.975 bpb, 1.967 bps w/ no header, Normalized Dissimilarity Rate: 0.987467
Spent 0.205031 sec.
","Force mode ......................... yes
Target model 1:
  [+] Context order ................ 4
  [+] Alpha denominator ............ 1
  [+] Inverted repeats ............. no (only regular)
  [+] Cache-hash size .............. 0
  [+] Gamma ........................ 0.820
  [+] Allowable substitutions ...... 0
Target model 2:
  [+] Context order ................ 6
  [+] Alpha denominator ............ 1
  [+] Inverted repeats ............. mix (regular and inverted)
  [+] Cache-hash size .............. 0
  [+] Gamma ........................ 0.720
  [+] Allowable substitutions ...... 0
Target model 3:
  [+] Context order ................ 13
  [+] Alpha denominator ............ 50
  [+] Inverted repeats ............. mix (regular and inverted)
  [+] Cache-hash size .............. 1
  [+] Gamma ........................ 0.950
  [+] Allowable substitutions ...... 2
  [+] Substitutions alpha den ...... 15
  [+] Substitutions gamma .......... 0.950
Target files (1):
  [+] Filename 1  .................. /tmp/geco2_baseline_34m4mclh/test_15_HaHi.seq
"
AnCa,AnCa,geco2_paper_modes,,,60000,60000,,,,60000,False,,,,109696.0,,1.8282666666666667,13712,1.8282666666666667,geco2_paper_modes,1,60000,,0.1740368977189064,344754.4790008167,344754.4790008167,344754.4790008167,,,,,,60000,15000,16737,16107,15548,,,,,,,,,,,,,test,5,/usr/local/bin/GeCo2,"[""/usr/local/bin/GeCo2"", ""-F"", ""-v"", ""-l"", ""5"", ""/tmp/geco2_baseline_u_ayxyuc/test_16_AnCa.seq""]",0,"Analyzing data and creating models ...
Done!
Compressing target sequence 1 [bases:60000] ...
Done!                          
Total bytes: 13712 (13.4 KB), 1.828 bpb, 1.821 bps w/ no header, Normalized Dissimilarity Rate: 0.914133
Spent 0.172807 sec.
","Force mode ......................... yes
Target model 1:
  [+] Context order ................ 4
  [+] Alpha denominator ............ 1
  [+] Inverted repeats ............. no (only regular)
  [+] Cache-hash size .............. 0
  [+] Gamma ........................ 0.820
  [+] Allowable substitutions ...... 0
Target model 2:
  [+] Context order ................ 6
  [+] Alpha denominator ............ 1
  [+] Inverted repeats ............. mix (regular and inverted)
  [+] Cache-hash size .............. 0
  [+] Gamma ........................ 0.720
  [+] Allowable substitutions ...... 0
Target model 3:
  [+] Context order ................ 13
  [+] Alpha denominator ............ 50
  [+] Inverted repeats ............. mix (regular and inverted)
  [+] Cache-hash size .............. 1
  [+] Gamma ........................ 0.950
  [+] Allowable substitutions ...... 2
  [+] Substitutions alpha den ...... 15
  [+] Substitutions gamma .......... 0.950
Target files (1):
  [+] Filename 1  .................. /tmp/geco2_baseline_u_ayxyuc/test_16_AnCa.seq
"
WaMe,WaMe,geco2_paper_modes,,,60000,60000,,,,60000,False,,,,119376.0,,1.9896,14922,1.9896,geco2_paper_modes,1,60000,,0.20411678403615952,293949.3696381721,293949.3696381721,293949.3696381721,,,,,,60000,15000,17791,16379,16700,,,,,,,,,,,,,test,5,/usr/local/bin/GeCo2,"[""/usr/local/bin/GeCo2"", ""-F"", ""-v"", ""-l"", ""5"", ""/tmp/geco2_baseline_b4wl42km/test_17_WaMe.seq""]",0,"Analyzing data and creating models ...
Done!
Compressing target sequence 1 [bases:60000] ...
Done!                          
Total bytes: 14922 (14.6 KB), 1.99 bpb, 1.982 bps w/ no header, Normalized Dissimilarity Rate: 0.9948
Spent 0.202175 sec.
","Force mode ......................... yes
Target model 1:
  [+] Context order ................ 4
  [+] Alpha denominator ............ 1
  [+] Inverted repeats ............. no (only regular)
  [+] Cache-hash size .............. 0
  [+] Gamma ........................ 0.820
  [+] Allowable substitutions ...... 0
Target model 2:
  [+] Context order ................ 6
  [+] Alpha denominator ............ 1
  [+] Inverted repeats ............. mix (regular and inverted)
  [+] Cache-hash size .............. 0
  [+] Gamma ........................ 0.720
  [+] Allowable substitutions ...... 0
Target model 3:
  [+] Context order ................ 13
  [+] Alpha denominator ............ 50
  [+] Inverted repeats ............. mix (regular and inverted)
  [+] Cache-hash size .............. 1
  [+] Gamma ........................ 0.950
  [+] Allowable substitutions ...... 2
  [+] Substitutions alpha den ...... 15
  [+] Substitutions gamma .......... 0.950
Target files (1):
  [+] Filename 1  .................. /tmp/geco2_baseline_b4wl42km/test_17_WaMe.seq
"
OrSa,OrSa,geco2_paper_modes,,,60000,60000,,,,60000,False,,,,118184.0,,1.9697333333333333,14773,1.9697333333333333,geco2_paper_modes,1,60000,,3.658340699970722,16400.878135948406,16400.878135948406,16400.878135948406,,,,,,60000,15000,17639,16438,16512,,,,,,,,,,,,,train,10,/usr/local/bin/GeCo2,"[""/usr/local/bin/GeCo2"", ""-F"", ""-v"", ""-l"", ""10"", ""/tmp/geco2_baseline_p3ly93or/train_1_OrSa.seq""]",0,"Analyzing data and creating models ...
Done!
Compressing target sequence 1 [bases:60000] ...
Done!                          
Total bytes: 14773 (14.4 KB), 1.97 bpb, 1.956 bps w/ no header, Normalized Dissimilarity Rate: 0.984867
Spent 3.56178 sec.
","Force mode ......................... yes
Target model 1:
  [+] Context order ................ 1
  [+] Alpha denominator ............ 1
  [+] Inverted repeats ............. no (only regular)
  [+] Cache-hash size .............. 0
  [+] Gamma ........................ 0.900
  [+] Allowable substitutions ...... 0
Target model 2:
  [+] Context order ................ 3
  [+] Alpha denominator ............ 1
  [+] Inverted repeats ............. no (only regular)
  [+] Cache-hash size .............. 0
  [+] Gamma ........................ 0.900
  [+] Allowable substitutions ...... 0
Target model 3:
  [+] Context order ................ 6
  [+] Alpha denominator ............ 1
  [+] Inverted repeats ............. mix (regular and inverted)
  [+] Cache-hash size .............. 0
  [+] Gamma ........................ 0.820
  [+] Allowable substitutions ...... 0
Target model 4:
  [+] Context order ................ 9
  [+] Alpha denominator ............ 10
  [+] Inverted repeats ............. no (only regular)
  [+] Cache-hash size .............. 0
  [+] Gamma ........................ 0.900
  [+] Allowable substitutions ...... 0
Target model 5:
  [+] Context order ................ 11
  [+] Alpha denominator ............ 10
  [+] Inverted repeats ............. no (only regular)
  [+] Cache-hash size .............. 0
  [+] Gamma ........................ 0.900
  [+] Allowable substitutions ...... 0
Target model 6:
  [+] Context order ................ 13
  [+] Alpha denominator ............ 10
  [+] Inverted repeats ............. mix (regular and inverted)
  [+] Cache-hash size .............. 0
  [+] Gamma ........................ 0.900
  [+] Allowable substitutions ...... 0
Target model 7:
  [+] Context order ................ 17
  [+] Alpha denominator ............ 100
  [+] Inverted repeats ............. mix (regular and inverted)
  [+] Cache-hash size .............. 8
  [+] Gamma ........................ 0.890
  [+] Allowable substitutions ...... 5
  [+] Substitutions alpha den ...... 10
  [+] Substitutions gamma .......... 0.900
Target files (1):
  [+] Filename 1  .................. /tmp/geco2_baseline_p3ly93or/train_1_OrSa.seq
"
HoSa,HoSa,geco2_paper_modes,,,60000,60000,,,,60000,False,,,,112488.0,,1.8748,14061,1.8748,geco2_paper_modes,1,60000,,5.639708958566189,10638.846869724657,10638.846869724657,10638.846869724657,,,,,,60000,15000,16995,16137,15716,,,,,,,,,,,,,train,12,/usr/local/bin/GeCo2,"[""/usr/local/bin/GeCo2"", ""-F"", ""-v"", ""-l"", ""12"", ""/tmp/geco2_baseline_43wqxaor/train_2_HoSa.seq""]",0,"Analyzing data and creating models ...
Done!
Compressing target sequence 1 [bases:60000] ...
Done!                          
Total bytes: 14061 (13.7 KB), 1.875 bpb, 1.861 bps w/ no header, Normalized Dissimilarity Rate: 0.9374
Spent 5.45242 sec.
","Force mode ......................... yes
Target model 1:
  [+] Context order ................ 1
  [+] Alpha denominator ............ 1
  [+] Inverted repeats ............. no (only regular)
  [+] Cache-hash size .............. 0
  [+] Gamma ........................ 0.900
  [+] Allowable substitutions ...... 0
Target model 2:
  [+] Context order ................ 3
  [+] Alpha denominator ............ 1
  [+] Inverted repeats ............. no (only regular)
  [+] Cache-hash size .............. 0
  [+] Gamma ........................ 0.900
  [+] Allowable substitutions ...... 0
Target model 3:
  [+] Context order ................ 6
  [+] Alpha denominator ............ 1
  [+] Inverted repeats ............. mix (regular and inverted)
  [+] Cache-hash size .............. 0
  [+] Gamma ........................ 0.850
  [+] Allowable substitutions ...... 0
Target model 4:
  [+] Context order ................ 9
  [+] Alpha denominator ............ 10
  [+] Inverted repeats ............. no (only regular)
  [+] Cache-hash size .............. 0
  [+] Gamma ........................ 0.900
  [+] Allowable substitutions ...... 0
Target model 5:
  [+] Context order ................ 11
  [+] Alpha denominator ............ 10
  [+] Inverted repeats ............. no (only regular)
  [+] Cache-hash size .............. 0
  [+] Gamma ........................ 0.900
  [+] Allowable substitutions ...... 0
Target model 6:
  [+] Context order ................ 13
  [+] Alpha denominator ............ 50
  [+] Inverted repeats ............. mix (regular and inverted)
  [+] Cache-hash size .............. 0
  [+] Gamma ........................ 0.900
  [+] Allowable substitutions ...... 0
Target model 7:
  [+] Context order ................ 17
  [+] Alpha denominator ............ 100
  [+] Inverted repeats ............. mix (regular and inverted)
  [+] Cache-hash size .............. 20
  [+] Gamma ........................ 0.900
  [+] Allowable substitutions ...... 3
  [+] Substitutions alpha den ...... 10
  [+] Substitutions gamma .......... 0.900
Target files (1):
  [+] Filename 1  .................. /tmp/geco2_baseline_43wqxaor/train_2_HoSa.seq
"
DaRe,DaRe,geco2_paper_modes,,,60000,60000,,,,60000,False,,,,92312.0,,1.5385333333333333,11539,1.5385333333333333,geco2_paper_modes,1,60000,,4.109257012605667,14601.179681860343,14601.179681860343,14601.179681860343,,,,,,60000,15000,14457,15181,12852,,,,,,,,,,,,,train,10,/usr/local/bin/GeCo2,"[""/usr/local/bin/GeCo2"", ""-F"", ""-v"", ""-l"", ""10"", ""/tmp/geco2_baseline_jrt5vj0y/train_3_DaRe.seq""]",0,"Analyzing data and creating models ...
Done!
Compressing target sequence 1 [bases:60000] ...
Done!                          
Total bytes: 11539 (11.3 KB), 1.539 bpb, 1.525 bps w/ no header, Normalized Dissimilarity Rate: 0.769267
Spent 4.01603 sec.
","Force mode ......................... yes
Target model 1:
  [+] Context order ................ 1
  [+] Alpha denominator ............ 1
  [+] Inverted repeats ............. no (only regular)
  [+] Cache-hash size .............. 0
  [+] Gamma ........................ 0.900
  [+] Allowable substitutions ...... 0
Target model 2:
  [+] Context order ................ 3
  [+] Alpha denominator ............ 1
  [+] Inverted repeats ............. no (only regular)
  [+] Cache-hash size .............. 0
  [+] Gamma ........................ 0.900
  [+] Allowable substitutions ...... 0
Target model 3:
  [+] Context order ................ 6
  [+] Alpha denominator ............ 1
  [+] Inverted repeats ............. mix (regular and inverted)
  [+] Cache-hash size .............. 0
  [+] Gamma ........................ 0.820
  [+] Allowable substitutions ...... 0
Target model 4:
  [+] Context order ................ 9
  [+] Alpha denominator ............ 10
  [+] Inverted repeats ............. no (only regular)
  [+] Cache-hash size .............. 0
  [+] Gamma ........................ 0.900
  [+] Allowable substitutions ...... 0
Target model 5:
  [+] Context order ................ 11
  [+] Alpha denominator ............ 10
  [+] Inverted repeats ............. no (only regular)
  [+] Cache-hash size .............. 0
  [+] Gamma ........................ 0.900
  [+] Allowable substitutions ...... 0
Target model 6:
  [+] Context order ................ 13
  [+] Alpha denominator ............ 10
  [+] Inverted repeats ............. mix (regular and inverted)
  [+] Cache-hash size .............. 0
  [+] Gamma ........................ 0.900
  [+] Allowable substitutions ...... 0
Target model 7:
  [+] Context order ................ 17
  [+] Alpha denominator ............ 100
  [+] Inverted repeats ............. mix (regular and inverted)
  [+] Cache-hash size .............. 8
  [+] Gamma ........................ 0.890
  [+] Allowable substitutions ...... 5
  [+] Substitutions alpha den ...... 10
  [+] Substitutions gamma .......... 0.900
Target files (1):
  [+] Filename 1  .................. /tmp/geco2_baseline_jrt5vj0y/train_3_DaRe.seq
"
ScPo,ScPo,geco2_paper_modes,,,60000,60000,,,,60000,False,,,,115112.0,,1.9185333333333334,14389,1.9185333333333334,geco2_paper_modes,1,60000,,2.8777366653084755,20849.71871238551,20849.71871238551,20849.71871238551,,,,,,60000,15000,17448,16398,16336,,,,,,,,,,,,,train,8,/usr/local/bin/GeCo2,"[""/usr/local/bin/GeCo2"", ""-F"", ""-v"", ""-l"", ""8"", ""/tmp/geco2_baseline_wh1qsscr/train_4_ScPo.seq""]",0,"Analyzing data and creating models ...
Done!
Compressing target sequence 1 [bases:60000] ...
Done!                          
Total bytes: 14389 (14.1 KB), 1.919 bpb, 1.909 bps w/ no header, Normalized Dissimilarity Rate: 0.959267
Spent 2.81485 sec.
","Force mode ......................... yes
Target model 1:
  [+] Context order ................ 4
  [+] Alpha denominator ............ 1
  [+] Inverted repeats ............. mix (regular and inverted)
  [+] Cache-hash size .............. 0
  [+] Gamma ........................ 0.900
  [+] Allowable substitutions ...... 0
Target model 2:
  [+] Context order ................ 6
  [+] Alpha denominator ............ 1
  [+] Inverted repeats ............. mix (regular and inverted)
  [+] Cache-hash size .............. 0
  [+] Gamma ........................ 0.800
  [+] Allowable substitutions ...... 0
Target model 3:
  [+] Context order ................ 13
  [+] Alpha denominator ............ 10
  [+] Inverted repeats ............. mix (regular and inverted)
  [+] Cache-hash size .............. 0
  [+] Gamma ........................ 0.950
  [+] Allowable substitutions ...... 1
  [+] Substitutions alpha den ...... 20
  [+] Substitutions gamma .......... 0.940
Target model 4:
  [+] Context order ................ 16
  [+] Alpha denominator ............ 100
  [+] Inverted repeats ............. mix (regular and inverted)
  [+] Cache-hash size .............. 5
  [+] Gamma ........................ 0.950
  [+] Allowable substitutions ...... 3
  [+] Substitutions alpha den ...... 15
  [+] Substitutions gamma .......... 0.950
Target files (1):
  [+] Filename 1  .................. /tmp/geco2_baseline_wh1qsscr/train_4_ScPo.seq
"
EsCo,EsCo,geco2_paper_modes,,,60000,60000,,,,60000,False,,,,118208.0,,1.9701333333333333,14776,1.9701333333333333,geco2_paper_modes,1,60000,,0.19445466250181198,308555.21399205795,308555.21399205795,308555.21399205795,,,,,,60000,15000,17715,16300,16612,,,,,,,,,,,,,train,6,/usr/local/bin/GeCo2,"[""/usr/local/bin/GeCo2"", ""-F"", ""-v"", ""-l"", ""6"", ""/tmp/geco2_baseline_cpf__qtf/train_5_EsCo.seq""]",0,"Analyzing data and creating models ...
Done!
Compressing target sequence 1 [bases:60000] ...
Done!                          
Total bytes: 14776 (14.4 KB), 1.97 bpb, 1.963 bps w/ no header, Normalized Dissimilarity Rate: 0.985067
Spent 0.192492 sec.
","Force mode ......................... yes
Target model 1:
  [+] Context order ................ 4
  [+] Alpha denominator ............ 1
  [+] Inverted repeats ............. no (only regular)
  [+] Cache-hash size .............. 0
  [+] Gamma ........................ 0.880
  [+] Allowable substitutions ...... 0
Target model 2:
  [+] Context order ................ 6
  [+] Alpha denominator ............ 1
  [+] Inverted repeats ............. mix (regular and inverted)
  [+] Cache-hash size .............. 0
  [+] Gamma ........................ 0.760
  [+] Allowable substitutions ...... 0
Target model 3:
  [+] Context order ................ 13
  [+] Alpha denominator ............ 50
  [+] Inverted repeats ............. mix (regular and inverted)
  [+] Cache-hash size .............. 1
  [+] Gamma ........................ 0.950
  [+] Allowable substitutions ...... 2
  [+] Substitutions alpha den ...... 15
  [+] Substitutions gamma .......... 0.950
Target files (1):
  [+] Filename 1  .................. /tmp/geco2_baseline_cpf__qtf/train_5_EsCo.seq
"
YeMi,YeMi,geco2_paper_modes,,,44213,44213,,,,44213,False,,,,80992.0,,1.8318594078664645,10124,1.8318594078664645,geco2_paper_modes,1,44213,,0.07733038812875748,571741.6021032248,571741.6021032248,571741.6021032248,,,,,,44213,11054,12547,11797,11772,,,,,,,,,,,,,train,3,/usr/local/bin/GeCo2,"[""/usr/local/bin/GeCo2"", ""-F"", ""-v"", ""-l"", ""3"", ""/tmp/geco2_baseline_nodbwpn0/train_6_YeMi.seq""]",0,"Analyzing data and creating models ...
Done!
Compressing target sequence 1 [bases:44213] ...
Done!                          
Total bytes: 10124 (9.9 KB), 1.832 bpb, 1.822 bps w/ no header, Normalized Dissimilarity Rate: 0.91593
Spent 0.075454 sec.
","Force mode ......................... yes
Target model 1:
  [+] Context order ................ 3
  [+] Alpha denominator ............ 1
  [+] Inverted repeats ............. no (only regular)
  [+] Cache-hash size .............. 0
  [+] Gamma ........................ 0.800
  [+] Allowable substitutions ...... 0
Target model 2:
  [+] Context order ................ 4
  [+] Alpha denominator ............ 1
  [+] Inverted repeats ............. mix (regular and inverted)
  [+] Cache-hash size .............. 0
  [+] Gamma ........................ 0.840
  [+] Allowable substitutions ...... 0
Target model 3:
  [+] Context order ................ 12
  [+] Alpha denominator ............ 50
  [+] Inverted repeats ............. mix (regular and inverted)
  [+] Cache-hash size .............. 1
  [+] Gamma ........................ 0.940
  [+] Allowable substitutions ...... 2
  [+] Substitutions alpha den ...... 15
  [+] Substitutions gamma .......... 0.950
Target files (1):
  [+] Filename 1  .................. /tmp/geco2_baseline_nodbwpn0/train_6_YeMi.seq
"
BuEb,BuEb,geco2_paper_modes,,,11364,11364,,,,11364,False,,,,22600.0,,1.988736360436466,2825,1.988736360436466,geco2_paper_modes,1,11364,,0.04165659844875336,272801.919100048,272801.919100048,272801.919100048,,,,,,11364,2841,3535,3178,3392,,,,,,,,,,,,,train,1,/usr/local/bin/GeCo2,"[""/usr/local/bin/GeCo2"", ""-F"", ""-v"", ""-l"", ""1"", ""/tmp/geco2_baseline_54oaa_te/train_7_BuEb.seq""]",0,"Analyzing data and creating models ...
Done!
Compressing target sequence 1 [bases:11364] ...
Done!                          
Total bytes: 2825 (2.8 KB), 1.989 bpb, 1.961 bps w/ no header, Normalized Dissimilarity Rate: 0.994368
Spent 0.040769 sec.
","Force mode ......................... yes
Target model 1:
  [+] Context order ................ 1
  [+] Alpha denominator ............ 1
  [+] Inverted repeats ............. no (only regular)
  [+] Cache-hash size .............. 0
  [+] Gamma ........................ 0.700
  [+] Allowable substitutions ...... 0
Target model 2:
  [+] Context order ................ 12
  [+] Alpha denominator ............ 20
  [+] Inverted repeats ............. mix (regular and inverted)
  [+] Cache-hash size .............. 1
  [+] Gamma ........................ 0.970
  [+] Allowable substitutions ...... 0
Target files (1):
  [+] Filename 1  .................. /tmp/geco2_baseline_54oaa_te/train_7_BuEb.seq
"
AgPh,AgPh,geco2_paper_modes,,,26382,26382,,,,26382,False,,,,51560.0,,1.9543628231369874,6445,1.9543628231369874,geco2_paper_modes,1,26382,,0.02658814936876297,992246.5694808693,992246.5694808693,992246.5694808693,,,,,,26382,6596,7933,7240,7472,,,,,,,,,,,,,train,2,/usr/local/bin/GeCo2,"[""/usr/local/bin/GeCo2"", ""-F"", ""-v"", ""-l"", ""2"", ""/tmp/geco2_baseline_c0wro488/train_8_AgPh.seq""]",0,"Analyzing data and creating models ...
Done!
Compressing target sequence 1 [bases:26382] ...
Done!                          
Total bytes: 6445 (6.3 KB), 1.954 bpb, 1.939 bps w/ no header, Normalized Dissimilarity Rate: 0.977181
Spent 0.025781 sec.
","Force mode ......................... yes
Target model 1:
  [+] Context order ................ 2
  [+] Alpha denominator ............ 1
  [+] Inverted repeats ............. no (only regular)
  [+] Cache-hash size .............. 0
  [+] Gamma ........................ 0.780
  [+] Allowable substitutions ...... 0
Target model 2:
  [+] Context order ................ 4
  [+] Alpha denominator ............ 1
  [+] Inverted repeats ............. mix (regular and inverted)
  [+] Cache-hash size .............. 0
  [+] Gamma ........................ 0.780
  [+] Allowable substitutions ...... 0
Target model 3:
  [+] Context order ................ 11
  [+] Alpha denominator ............ 80
  [+] Inverted repeats ............. mix (regular and inverted)
  [+] Cache-hash size .............. 1
  [+] Gamma ........................ 0.960
  [+] Allowable substitutions ...... 0
Target files (1):
  [+] Filename 1  .................. /tmp/geco2_baseline_c0wro488/train_8_AgPh.seq
"
GaGa,GaGa,geco2_paper_modes,,,60000,60000,,,,60000,False,,,,114544.0,,1.9090666666666667,14318,1.9090666666666667,geco2_paper_modes,1,60000,,4.567412003874779,13136.542083153174,13136.542083153174,13136.542083153174,,,,,,60000,15000,17079,16298,15948,,,,,,,,,,,,,train,11,/usr/local/bin/GeCo2,"[""/usr/local/bin/GeCo2"", ""-F"", ""-v"", ""-l"", ""11"", ""/tmp/geco2_baseline_lvy44sdq/train_9_GaGa.seq""]",0,"Analyzing data and creating models ...
Done!
Compressing target sequence 1 [bases:60000] ...
Done!                          
Total bytes: 14318 (14.0 KB), 1.909 bpb, 1.899 bps w/ no header, Normalized Dissimilarity Rate: 0.954533
Spent 4.3921 sec.
","Force mode ......................... yes
Target model 1:
  [+] Context order ................ 4
  [+] Alpha denominator ............ 1
  [+] Inverted repeats ............. mix (regular and inverted)
  [+] Cache-hash size .............. 0
  [+] Gamma ........................ 0.910
  [+] Allowable substitutions ...... 0
Target model 2:
  [+] Context order ................ 6
  [+] Alpha denominator ............ 1
  [+] Inverted repeats ............. mix (regular and inverted)
  [+] Cache-hash size .............. 0
  [+] Gamma ........................ 0.820
  [+] Allowable substitutions ...... 0
Target model 3:
  [+] Context order ................ 13
  [+] Alpha denominator ............ 10
  [+] Inverted repeats ............. mix (regular and inverted)
  [+] Cache-hash size .............. 0
  [+] Gamma ........................ 0.950
  [+] Allowable substitutions ...... 1
  [+] Substitutions alpha den ...... 20
  [+] Substitutions gamma .......... 0.940
Target model 4:
  [+] Context order ................ 17
  [+] Alpha denominator ............ 100
  [+] Inverted repeats ............. mix (regular and inverted)
  [+] Cache-hash size .............. 15
  [+] Gamma ........................ 0.950
  [+] Allowable substitutions ...... 3
  [+] Substitutions alpha den ...... 15
  [+] Substitutions gamma .......... 0.950
Target files (1):
  [+] Filename 1  .................. /tmp/geco2_baseline_lvy44sdq/train_9_GaGa.seq
"
DrMe,DrMe,geco2_paper_modes,,,60000,60000,,,,60000,False,,,,111504.0,,1.8584,13938,1.8584,geco2_paper_modes,1,60000,,3.9690613076090813,15116.92446901087,15116.92446901087,15116.92446901087,,,,,,60000,15000,17111,16264,15740,,,,,,,,,,,,,train,10,/usr/local/bin/GeCo2,"[""/usr/local/bin/GeCo2"", ""-F"", ""-v"", ""-l"", ""10"", ""/tmp/geco2_baseline_culy1z__/train_10_DrMe.seq""]",0,"Analyzing data and creating models ...
Done!
Compressing target sequence 1 [bases:60000] ...
Done!                          
Total bytes: 13938 (13.6 KB), 1.858 bpb, 1.845 bps w/ no header, Normalized Dissimilarity Rate: 0.9292
Spent 3.87017 sec.
","Force mode ......................... yes
Target model 1:
  [+] Context order ................ 1
  [+] Alpha denominator ............ 1
  [+] Inverted repeats ............. no (only regular)
  [+] Cache-hash size .............. 0
  [+] Gamma ........................ 0.900
  [+] Allowable substitutions ...... 0
Target model 2:
  [+] Context order ................ 3
  [+] Alpha denominator ............ 1
  [+] Inverted repeats ............. no (only regular)
  [+] Cache-hash size .............. 0
  [+] Gamma ........................ 0.900
  [+] Allowable substitutions ...... 0
Target model 3:
  [+] Context order ................ 6
  [+] Alpha denominator ............ 1
  [+] Inverted repeats ............. mix (regular and inverted)
  [+] Cache-hash size .............. 0
  [+] Gamma ........................ 0.820
  [+] Allowable substitutions ...... 0
Target model 4:
  [+] Context order ................ 9
  [+] Alpha denominator ............ 10
  [+] Inverted repeats ............. no (only regular)
  [+] Cache-hash size .............. 0
  [+] Gamma ........................ 0.900
  [+] Allowable substitutions ...... 0
Target model 5:
  [+] Context order ................ 11
  [+] Alpha denominator ............ 10
  [+] Inverted repeats ............. no (only regular)
  [+] Cache-hash size .............. 0
  [+] Gamma ........................ 0.900
  [+] Allowable substitutions ...... 0
Target model 6:
  [+] Context order ................ 13
  [+] Alpha denominator ............ 10
  [+] Inverted repeats ............. mix (regular and inverted)
  [+] Cache-hash size .............. 0
  [+] Gamma ........................ 0.900
  [+] Allowable substitutions ...... 0
Target model 7:
  [+] Context order ................ 17
  [+] Alpha denominator ............ 100
  [+] Inverted repeats ............. mix (regular and inverted)
  [+] Cache-hash size .............. 8
  [+] Gamma ........................ 0.890
  [+] Allowable substitutions ...... 5
  [+] Substitutions alpha den ...... 10
  [+] Substitutions gamma .......... 0.900
Target files (1):
  [+] Filename 1  .................. /tmp/geco2_baseline_culy1z__/train_10_DrMe.seq
"
EnIn,EnIn,geco2_paper_modes,,,60000,60000,,,,60000,False,,,,115312.0,,1.9218666666666666,14414,1.9218666666666666,geco2_paper_modes,1,60000,,3.642528787255287,16472.07297576668,16472.07297576668,16472.07297576668,,,,,,60000,15000,17354,16196,16260,,,,,,,,,,,,,train,9,/usr/local/bin/GeCo2,"[""/usr/local/bin/GeCo2"", ""-F"", ""-v"", ""-l"", ""9"", ""/tmp/geco2_baseline_ama4ab5f/train_11_EnIn.seq""]",0,"Analyzing data and creating models ...
Done!
Compressing target sequence 1 [bases:60000] ...
Done!                          
Total bytes: 14414 (14.1 KB), 1.922 bpb, 1.912 bps w/ no header, Normalized Dissimilarity Rate: 0.960933
Spent 3.54248 sec.
","Force mode ......................... yes
Target model 1:
  [+] Context order ................ 4
  [+] Alpha denominator ............ 1
  [+] Inverted repeats ............. mix (regular and inverted)
  [+] Cache-hash size .............. 0
  [+] Gamma ........................ 0.910
  [+] Allowable substitutions ...... 0
Target model 2:
  [+] Context order ................ 6
  [+] Alpha denominator ............ 1
  [+] Inverted repeats ............. mix (regular and inverted)
  [+] Cache-hash size .............. 0
  [+] Gamma ........................ 0.820
  [+] Allowable substitutions ...... 0
Target model 3:
  [+] Context order ................ 13
  [+] Alpha denominator ............ 10
  [+] Inverted repeats ............. mix (regular and inverted)
  [+] Cache-hash size .............. 0
  [+] Gamma ........................ 0.950
  [+] Allowable substitutions ...... 1
  [+] Substitutions alpha den ...... 20
  [+] Substitutions gamma .......... 0.940
Target model 4:
  [+] Context order ................ 17
  [+] Alpha denominator ............ 100
  [+] Inverted repeats ............. mix (regular and inverted)
  [+] Cache-hash size .............. 8
  [+] Gamma ........................ 0.950
  [+] Allowable substitutions ...... 3
  [+] Substitutions alpha den ...... 15
  [+] Substitutions gamma .......... 0.950
Target files (1):
  [+] Filename 1  .................. /tmp/geco2_baseline_ama4ab5f/train_11_EnIn.seq
"
PlFa,PlFa,geco2_paper_modes,,,60000,60000,,,,60000,False,,,,110264.0,,1.8377333333333334,13783,1.8377333333333334,geco2_paper_modes,1,60000,,4.676452323794365,12830.238789073635,12830.238789073635,12830.238789073635,,,,,,60000,15000,16387,15862,15196,,,,,,,,,,,,,train,7,/usr/local/bin/GeCo2,"[""/usr/local/bin/GeCo2"", ""-F"", ""-v"", ""-l"", ""7"", ""/tmp/geco2_baseline__darbcod/train_12_PlFa.seq""]",0,"Analyzing data and creating models ...
Done!
Compressing target sequence 1 [bases:60000] ...
Done!                          
Total bytes: 13783 (13.5 KB), 1.838 bpb, 1.827 bps w/ no header, Normalized Dissimilarity Rate: 0.918867
Spent 4.60488 sec.
","Force mode ......................... yes
Target model 1:
  [+] Context order ................ 4
  [+] Alpha denominator ............ 1
  [+] Inverted repeats ............. mix (regular and inverted)
  [+] Cache-hash size .............. 0
  [+] Gamma ........................ 0.900
  [+] Allowable substitutions ...... 0
Target model 2:
  [+] Context order ................ 6
  [+] Alpha denominator ............ 1
  [+] Inverted repeats ............. mix (regular and inverted)
  [+] Cache-hash size .............. 0
  [+] Gamma ........................ 0.790
  [+] Allowable substitutions ...... 0
Target model 3:
  [+] Context order ................ 8
  [+] Alpha denominator ............ 1
  [+] Inverted repeats ............. mix (regular and inverted)
  [+] Cache-hash size .............. 0
  [+] Gamma ........................ 0.910
  [+] Allowable substitutions ...... 0
Target model 4:
  [+] Context order ................ 13
  [+] Alpha denominator ............ 10
  [+] Inverted repeats ............. mix (regular and inverted)
  [+] Cache-hash size .............. 0
  [+] Gamma ........................ 0.940
  [+] Allowable substitutions ...... 1
  [+] Substitutions alpha den ...... 20
  [+] Substitutions gamma .......... 0.940
Target model 5:
  [+] Context order ................ 16
  [+] Alpha denominator ............ 200
  [+] Inverted repeats ............. mix (regular and inverted)
  [+] Cache-hash size .............. 5
  [+] Gamma ........................ 0.950
  [+] Allowable substitutions ...... 4
  [+] Substitutions alpha den ...... 15
  [+] Substitutions gamma .......... 0.950
Target files (1):
  [+] Filename 1  .................. /tmp/geco2_baseline__darbcod/train_12_PlFa.seq
"
HePy,HePy,geco2_paper_modes,,,60000,60000,,,,60000,False,,,,112880.0,,1.8813333333333333,14110,1.8813333333333333,geco2_paper_modes,1,60000,,0.17646986991167068,340001.3839758146,340001.3839758146,340001.3839758146,,,,,,60000,15000,17149,16132,16072,,,,,,,,,,,,,train,4,/usr/local/bin/GeCo2,"[""/usr/local/bin/GeCo2"", ""-F"", ""-v"", ""-l"", ""4"", ""/tmp/geco2_baseline_2udf8msw/train_13_HePy.seq""]",0,"Analyzing data and creating models ...
Done!
Compressing target sequence 1 [bases:60000] ...
Done!                          
Total bytes: 14110 (13.8 KB), 1.881 bpb, 1.874 bps w/ no header, Normalized Dissimilarity Rate: 0.940667
Spent 0.174583 sec.
","Force mode ......................... yes
Target model 1:
  [+] Context order ................ 4
  [+] Alpha denominator ............ 1
  [+] Inverted repeats ............. no (only regular)
  [+] Cache-hash size .............. 0
  [+] Gamma ........................ 0.800
  [+] Allowable substitutions ...... 0
Target model 2:
  [+] Context order ................ 6
  [+] Alpha denominator ............ 1
  [+] Inverted repeats ............. mix (regular and inverted)
  [+] Cache-hash size .............. 0
  [+] Gamma ........................ 0.840
  [+] Allowable substitutions ...... 0
Target model 3:
  [+] Context order ................ 13
  [+] Alpha denominator ............ 50
  [+] Inverted repeats ............. mix (regular and inverted)
  [+] Cache-hash size .............. 1
  [+] Gamma ........................ 0.940
  [+] Allowable substitutions ...... 2
  [+] Substitutions alpha den ...... 15
  [+] Substitutions gamma .......... 0.950
Target files (1):
  [+] Filename 1  .................. /tmp/geco2_baseline_2udf8msw/train_13_HePy.seq
"
AeCa,AeCa,geco2_paper_modes,,,60000,60000,,,,60000,False,,,,118984.0,,1.9830666666666668,14873,1.9830666666666668,geco2_paper_modes,1,60000,,0.20136947184801102,297959.7624673049,297959.7624673049,297959.7624673049,,,,,,60000,15000,17801,16386,16700,,,,,,,,,,,,,train,5,/usr/local/bin/GeCo2,"[""/usr/local/bin/GeCo2"", ""-F"", ""-v"", ""-l"", ""5"", ""/tmp/geco2_baseline_zdxwus5t/train_14_AeCa.seq""]",0,"Analyzing data and creating models ...
Done!
Compressing target sequence 1 [bases:60000] ...
Done!                          
Total bytes: 14873 (14.5 KB), 1.983 bpb, 1.976 bps w/ no header, Normalized Dissimilarity Rate: 0.991533
Spent 0.200507 sec.
","Force mode ......................... yes
Target model 1:
  [+] Context order ................ 4
  [+] Alpha denominator ............ 1
  [+] Inverted repeats ............. no (only regular)
  [+] Cache-hash size .............. 0
  [+] Gamma ........................ 0.820
  [+] Allowable substitutions ...... 0
Target model 2:
  [+] Context order ................ 6
  [+] Alpha denominator ............ 1
  [+] Inverted repeats ............. mix (regular and inverted)
  [+] Cache-hash size .............. 0
  [+] Gamma ........................ 0.720
  [+] Allowable substitutions ...... 0
Target model 3:
  [+] Context order ................ 13
  [+] Alpha denominator ............ 50
  [+] Inverted repeats ............. mix (regular and inverted)
  [+] Cache-hash size .............. 1
  [+] Gamma ........................ 0.950
  [+] Allowable substitutions ...... 2
  [+] Substitutions alpha den ...... 15
  [+] Substitutions gamma .......... 0.950
Target files (1):
  [+] Filename 1  .................. /tmp/geco2_baseline_zdxwus5t/train_14_AeCa.seq
"
HaHi,HaHi,geco2_paper_modes,,,60000,60000,,,,60000,False,,,,113512.0,,1.8918666666666666,14189,1.8918666666666666,geco2_paper_modes,1,60000,,0.1575760543346405,380768.5136764463,380768.5136764463,380768.5136764463,,,,,,60000,15000,17222,15955,16148,,,,,,,,,,,,,train,5,/usr/local/bin/GeCo2,"[""/usr/local/bin/GeCo2"", ""-F"", ""-v"", ""-l"", ""5"", ""/tmp/geco2_baseline_u_88fsjf/train_15_HaHi.seq""]",0,"Analyzing data and creating models ...
Done!
Compressing target sequence 1 [bases:60000] ...
Done!                          
Total bytes: 14189 (13.9 KB), 1.892 bpb, 1.884 bps w/ no header, Normalized Dissimilarity Rate: 0.945933
Spent 0.156727 sec.
","Force mode ......................... yes
Target model 1:
  [+] Context order ................ 4
  [+] Alpha denominator ............ 1
  [+] Inverted repeats ............. no (only regular)
  [+] Cache-hash size .............. 0
  [+] Gamma ........................ 0.820
  [+] Allowable substitutions ...... 0
Target model 2:
  [+] Context order ................ 6
  [+] Alpha denominator ............ 1
  [+] Inverted repeats ............. mix (regular and inverted)
  [+] Cache-hash size .............. 0
  [+] Gamma ........................ 0.720
  [+] Allowable substitutions ...... 0
Target model 3:
  [+] Context order ................ 13
  [+] Alpha denominator ............ 50
  [+] Inverted repeats ............. mix (regular and inverted)
  [+] Cache-hash size .............. 1
  [+] Gamma ........................ 0.950
  [+] Allowable substitutions ...... 2
  [+] Substitutions alpha den ...... 15
  [+] Substitutions gamma .......... 0.950
Target files (1):
  [+] Filename 1  .................. /tmp/geco2_baseline_u_88fsjf/train_15_HaHi.seq
"
AnCa,AnCa,geco2_paper_modes,,,60000,60000,,,,60000,False,,,,114456.0,,1.9076,14307,1.9076,geco2_paper_modes,1,60000,,0.17774175852537155,337568.3941567134,337568.3941567134,337568.3941567134,,,,,,60000,15000,17422,16298,16268,,,,,,,,,,,,,train,5,/usr/local/bin/GeCo2,"[""/usr/local/bin/GeCo2"", ""-F"", ""-v"", ""-l"", ""5"", ""/tmp/geco2_baseline_ag897ryo/train_16_AnCa.seq""]",0,"Analyzing data and creating models ...
Done!
Compressing target sequence 1 [bases:60000] ...
Done!                          
Total bytes: 14307 (14.0 KB), 1.908 bpb, 1.9 bps w/ no header, Normalized Dissimilarity Rate: 0.9538
Spent 0.176927 sec.
","Force mode ......................... yes
Target model 1:
  [+] Context order ................ 4
  [+] Alpha denominator ............ 1
  [+] Inverted repeats ............. no (only regular)
  [+] Cache-hash size .............. 0
  [+] Gamma ........................ 0.820
  [+] Allowable substitutions ...... 0
Target model 2:
  [+] Context order ................ 6
  [+] Alpha denominator ............ 1
  [+] Inverted repeats ............. mix (regular and inverted)
  [+] Cache-hash size .............. 0
  [+] Gamma ........................ 0.720
  [+] Allowable substitutions ...... 0
Target model 3:
  [+] Context order ................ 13
  [+] Alpha denominator ............ 50
  [+] Inverted repeats ............. mix (regular and inverted)
  [+] Cache-hash size .............. 1
  [+] Gamma ........................ 0.950
  [+] Allowable substitutions ...... 2
  [+] Substitutions alpha den ...... 15
  [+] Substitutions gamma .......... 0.950
Target files (1):
  [+] Filename 1  .................. /tmp/geco2_baseline_ag897ryo/train_16_AnCa.seq
"
WaMe,WaMe,geco2_paper_modes,,,60000,60000,,,,60000,False,,,,119416.0,,1.9902666666666666,14927,1.9902666666666666,geco2_paper_modes,1,60000,,0.1908552646636963,314374.3511908108,314374.3511908108,314374.3511908108,,,,,,60000,15000,17805,16375,16700,,,,,,,,,,,,,train,5,/usr/local/bin/GeCo2,"[""/usr/local/bin/GeCo2"", ""-F"", ""-v"", ""-l"", ""5"", ""/tmp/geco2_baseline_sry_7bo8/train_17_WaMe.seq""]",0,"Analyzing data and creating models ...
Done!
Compressing target sequence 1 [bases:60000] ...
Done!                          
Total bytes: 14927 (14.6 KB), 1.99 bpb, 1.983 bps w/ no header, Normalized Dissimilarity Rate: 0.995133
Spent 0.189984 sec.
","Force mode ......................... yes
Target model 1:
  [+] Context order ................ 4
  [+] Alpha denominator ............ 1
  [+] Inverted repeats ............. no (only regular)
  [+] Cache-hash size .............. 0
  [+] Gamma ........................ 0.820
  [+] Allowable substitutions ...... 0
Target model 2:
  [+] Context order ................ 6
  [+] Alpha denominator ............ 1
  [+] Inverted repeats ............. mix (regular and inverted)
  [+] Cache-hash size .............. 0
  [+] Gamma ........................ 0.720
  [+] Allowable substitutions ...... 0
Target model 3:
  [+] Context order ................ 13
  [+] Alpha denominator ............ 50
  [+] Inverted repeats ............. mix (regular and inverted)
  [+] Cache-hash size .............. 1
  [+] Gamma ........................ 0.950
  [+] Allowable substitutions ...... 2
  [+] Substitutions alpha den ...... 15
  [+] Substitutions gamma .......... 0.950
Target files (1):
  [+] Filename 1  .................. /tmp/geco2_baseline_sry_7bo8/train_17_WaMe.seq
"
